09:50:01.854577 - INFO: Preparing to launch.
09:50:01.855642 - ORCA: Attempt to load orca-customizations from /var/tmp/reactive-tui-api011/rtui-orca-d8valhp4/data/orca/orca-customizations.py succeeded.
09:50:01.925676 - INFO: About to launch Orca.
09:50:01.927692 - ORCA: Accessibility enabled: false
09:50:01.927732 - ORCA: Enabling accessibility.
09:50:01.931462 - GSETTINGS REGISTRY: No dconf settings found; proceeding with migration.
09:50:01.931568 - GSETTINGS REGISTRY: Migrating 'live-regions' settings to GSettings.
09:50:01.931624 - GSETTINGS REGISTRY: Schema org.gnome.Orca.LiveRegions loaded
09:50:01.931703 - GSETTINGS REGISTRY: Migrating 'sound' settings to GSettings.
09:50:01.931718 - GSETTINGS REGISTRY: Schema org.gnome.Orca.Sound loaded
09:50:01.931748 - GSETTINGS REGISTRY: Migrating 'structural-navigation' settings to GSettings.
09:50:01.931759 - GSETTINGS REGISTRY: Schema org.gnome.Orca.StructuralNavigation loaded
09:50:01.931788 - GSETTINGS REGISTRY: Migrating 'say-all' settings to GSettings.
09:50:01.931803 - GSETTINGS REGISTRY: Schema org.gnome.Orca.SayAll loaded
09:50:01.931826 - GSETTINGS REGISTRY: Migrating 'caret-navigation' settings to GSettings.
09:50:01.931834 - GSETTINGS REGISTRY: Schema org.gnome.Orca.CaretNavigation loaded
09:50:01.931852 - GSETTINGS REGISTRY: Migrating 'table-navigation' settings to GSettings.
09:50:01.931861 - GSETTINGS REGISTRY: Schema org.gnome.Orca.TableNavigation loaded
09:50:01.931882 - GSETTINGS REGISTRY: Migrating 'document' settings to GSettings.
09:50:01.931894 - GSETTINGS REGISTRY: Schema org.gnome.Orca.Document loaded
09:50:01.931933 - GSETTINGS REGISTRY: Migrating 'speech' settings to GSettings.
09:50:01.931943 - GSETTINGS REGISTRY: Schema org.gnome.Orca.Speech loaded
09:50:01.931964 - GSETTINGS REGISTRY: Migrating 'voice' settings to GSettings.
09:50:01.931972 - GSETTINGS REGISTRY: Schema org.gnome.Orca.Voice loaded
09:50:01.932001 - GSETTINGS REGISTRY: Migrating 'typing-echo' settings to GSettings.
09:50:01.932013 - GSETTINGS REGISTRY: Schema org.gnome.Orca.TypingEcho loaded
09:50:01.932040 - GSETTINGS REGISTRY: Migrating 'chat' settings to GSettings.
09:50:01.932048 - GSETTINGS REGISTRY: Schema org.gnome.Orca.Chat loaded
09:50:01.932067 - GSETTINGS REGISTRY: Migrating 'flat-review' settings to GSettings.
09:50:01.932074 - GSETTINGS REGISTRY: Schema org.gnome.Orca.FlatReview loaded
09:50:01.932088 - GSETTINGS REGISTRY: Migrating 'mouse-review' settings to GSettings.
09:50:01.932095 - GSETTINGS REGISTRY: Schema org.gnome.Orca.MouseReview loaded
09:50:01.932124 - GSETTINGS REGISTRY: Migrating 'spellcheck' settings to GSettings.
09:50:01.932134 - GSETTINGS REGISTRY: Schema org.gnome.Orca.Spellcheck loaded
09:50:01.932162 - GSETTINGS REGISTRY: Migrating 'system-information' settings to GSettings.
09:50:01.932170 - GSETTINGS REGISTRY: Schema org.gnome.Orca.SystemInformation loaded
09:50:01.932194 - GSETTINGS REGISTRY: Migrating 'text-attributes' settings to GSettings.
09:50:01.932201 - GSETTINGS REGISTRY: Schema org.gnome.Orca.TextAttributes loaded
09:50:01.932231 - GSETTINGS REGISTRY: Migrating 'braille' settings to GSettings.
09:50:01.932238 - GSETTINGS REGISTRY: Schema org.gnome.Orca.Braille loaded
09:50:01.932259 - GSETTINGS REGISTRY: Migrating 'keybindings' settings to GSettings.
09:50:01.932267 - GSETTINGS REGISTRY: Schema org.gnome.Orca.Keybindings loaded
09:50:01.932285 - GSETTINGS REGISTRY: Schema org.gnome.Orca.ProfileMetadata loaded
09:50:01.941121 - ORCA: Loading User Settings
09:50:01.941205 - EVENT MANAGER: Pause queueing: True. Clear queue: True. Loading user settings.
09:50:01.941250 - INPUT EVENT MANAGER: Pause queueing: True. Loading user settings.
09:50:01.941838 - DEFAULT: Setting up commands for None
09:50:01.942723 - BRAILLE PRESENTER: Commands set up.
09:50:01.942774 - NOTIFICATION PRESENTER: Commands set up.
09:50:01.942796 - CLIPBOARD PRESENTER: Commands set up.
09:50:01.942811 - COMMAND MANAGER: Setting up commands.
09:50:01.942869 - SAY ALL PRESENTER: Commands set up.
09:50:01.942890 - TYPING ECHO PRESENTER: Commands set up.
09:50:01.942962 - SPEECH MANAGER: Commands set up.
09:50:01.943109 - SPEECH PRESENTER: Commands set up.
09:50:01.943194 - SLEEP MODE MANAGER: Commands set up.
09:50:01.943248 - SYSTEM INFORMATION PRESENTER: Commands set up.
09:50:01.943396 - OBJECT NAVIGATOR: Commands set up.
09:50:01.943488 - GSETTINGS REGISTRY: Schema org.gnome.Orca.CaretNavigation loaded
09:50:01.943659 - GSETTINGS SCHEMA HANDLE: caret-navigation/enabled not set [profile:default]
09:50:01.943680 - GSETTINGS REGISTRY: caret-navigation/enabled using default value = True
09:50:01.943772 - CARET NAVIGATOR: Commands set up. Suspended: False
09:50:01.944545 - STRUCTURAL NAVIGATOR: Commands set up. Suspended: False
09:50:01.944604 - TABLE NAVIGATOR: Commands set up.
09:50:01.944630 - DOCUMENT PRESENTER: Commands set up.
09:50:01.944681 - LIVE REGION PRESENTER: Commands set up.
09:50:01.944700 - LEARN MODE PRESENTER: Commands set up.
09:50:01.944716 - MOUSE REVIEW: Commands set up.
09:50:01.944731 - ACTION PRESENTER: Commands set up.
09:50:01.945051 - FLAT REVIEW PRESENTER: Commands set up.
09:50:01.945108 - FLAT REVIEW FINDER: Commands set up.
09:50:01.945197 - WHERE AM I PRESENTER: Commands set up.
09:50:01.945219 - DEBUGGING TOOLS MANAGER: Commands set up.
09:50:01.945243 - CHAT PRESENTER: Commands set up.
09:50:01.945260 - PROFILE MANAGER: Commands set up.
09:50:01.945282 - BRAILLE: Setting up key ranges.
09:50:01.945326 - BRAILLE: Initializing. Callback: None
09:50:01.945365 - BRAILLE: WINDOWPATH= None
09:50:01.945397 - BRAILLE: XDG_VTNR= 1
09:50:01.945444 - BRAILLE: Attempting connection with BrlAPI.
09:50:01.945698 - BRAILLE: Not setting up key ranges: BrlAPI not running.
09:50:01.945724 - DEFAULT: Commands set up: 219 keyboard commands
09:50:01.945741 - SCRIPT: default (module=orca.scripts.default) initialized
09:50:01.945772 - GSETTINGS REGISTRY: Schema org.gnome.Orca.Keybindings loaded
09:50:01.945827 - GSETTINGS SCHEMA HANDLE: keybindings/keyboard-layout not set [profile:default]
09:50:01.945843 - GSETTINGS REGISTRY: keybindings/keyboard-layout using default value = 'desktop'
09:50:01.945856 - COMMAND MANAGER: Setting keyboard layout is_desktop to True.
09:50:01.945968 - BRAILLE: BrlAPI Connection is unavailable (ConnectionError): couldn't connect to b':0' with key b'keyfile:/etc/brlapi.key+polkit': connect: No such file or directory
                  (brlerrno 11, libcerrno 2, gaierrno 0)
                  Is BRLTTY really running?
09:50:01.946023 - GSETTINGS SCHEMA HANDLE: keybindings/entries no dict values set
09:50:01.946120 - GSETTINGS REGISTRY: keybindings/entries using default value = {}
09:50:01.946135 - COMMAND MANAGER: No user overrides to apply
09:50:01.946147 - COMMAND MANAGER: Device not ready, skipping grab updates.
09:50:01.946157 - COMMAND MANAGER: Keyboard layout set to desktop.
09:50:01.946170 - PRESENTATION MANAGER: Starting presenters
09:50:01.946231 - SPEECH MANAGER: start_speech. Script: None Event: None notify_user: False
09:50:01.946243 - SPEECH MANAGER: Initializing server
09:50:01.946271 - GSETTINGS REGISTRY: Schema org.gnome.Orca.Speech loaded
09:50:01.946327 - GSETTINGS SCHEMA HANDLE: speech/speech-server-factory not set [profile:default]
09:50:01.946341 - GSETTINGS REGISTRY: speech/speech-server-factory using default value = 'speechdispatcherfactory'
09:50:02.132350 - SPEECH MANAGER: Using speech server factory: speechdispatcherfactory
09:50:02.132485 - GSETTINGS SCHEMA HANDLE: speech/synthesizer not set [profile:default]
09:50:02.132539 - GSETTINGS REGISTRY: Schema org.gnome.Orca.Voice loaded
09:50:02.132617 - GSETTINGS SCHEMA HANDLE: voice/established not set [profile:default]
09:50:02.132653 - GSETTINGS SCHEMA HANDLE: voice/rate not set [profile:default]
09:50:02.132685 - GSETTINGS SCHEMA HANDLE: voice/pitch not set [profile:default]
09:50:02.132714 - GSETTINGS SCHEMA HANDLE: voice/volume not set [profile:default]
09:50:02.132749 - GSETTINGS SCHEMA HANDLE: voice/family-name not set [profile:default]
09:50:02.132776 - GSETTINGS SCHEMA HANDLE: voice/family-lang not set [profile:default]
09:50:02.132802 - GSETTINGS SCHEMA HANDLE: voice/family-dialect not set [profile:default]
09:50:02.132834 - GSETTINGS SCHEMA HANDLE: voice/family-gender not set [profile:default]
09:50:02.132858 - GSETTINGS SCHEMA HANDLE: voice/family-variant not set [profile:default]
09:50:02.132894 - GSETTINGS SCHEMA HANDLE: speech/punctuation-level not set [profile:default]
09:50:02.132907 - GSETTINGS REGISTRY: speech/punctuation-level using default value = 'most'
09:50:02.132980 - GSETTINGS SCHEMA HANDLE: speech/capitalization-style not set [profile:default]
09:50:02.132999 - GSETTINGS REGISTRY: speech/capitalization-style using default value = 'none'
09:50:02.133055 - SPEECH MANAGER: Server initialized
09:50:02.133095 - GSETTINGS REGISTRY: Schema org.gnome.Orca.Braille loaded
09:50:02.133141 - GSETTINGS SCHEMA HANDLE: braille/enabled not set [profile:default]
09:50:02.133156 - GSETTINGS REGISTRY: braille/enabled using default value = True
09:50:02.133199 - BRAILLE: Initializing. Callback: input_event_manager.InputEventManager.process_braille_event
09:50:02.133214 - BRAILLE: BrlAPI connection already in progress.
09:50:02.133245 - GSETTINGS SCHEMA HANDLE: braille/contracted-braille not set [profile:default]
09:50:02.133262 - GSETTINGS REGISTRY: braille/contracted-braille using default value = False
09:50:02.133288 - GSETTINGS SCHEMA HANDLE: braille/contraction-table not set [profile:default]
09:50:02.133299 - GSETTINGS REGISTRY: braille/contraction-table using default value = ''
09:50:02.133325 - GSETTINGS SCHEMA HANDLE: braille/computer-braille-at-cursor not set [profile:default]
09:50:02.133337 - GSETTINGS REGISTRY: braille/computer-braille-at-cursor using default value = True
09:50:02.133361 - GSETTINGS SCHEMA HANDLE: braille/end-of-line-indicator not set [profile:default]
09:50:02.133372 - GSETTINGS REGISTRY: braille/end-of-line-indicator using default value = True
09:50:02.133394 - GSETTINGS SCHEMA HANDLE: braille/word-wrap not set [profile:default]
09:50:02.133405 - GSETTINGS REGISTRY: braille/word-wrap using default value = False
09:50:02.133430 - GSETTINGS SCHEMA HANDLE: braille/selector-indicator not set [profile:default]
09:50:02.133441 - GSETTINGS REGISTRY: braille/selector-indicator using default value = 'dots78'
09:50:02.133455 - BRAILLE PRESENTER: Getting selector indicator: 192.
09:50:02.133480 - GSETTINGS SCHEMA HANDLE: braille/link-indicator not set [profile:default]
09:50:02.133491 - GSETTINGS REGISTRY: braille/link-indicator using default value = 'dots78'
09:50:02.133504 - BRAILLE PRESENTER: Getting link indicator: 192.
09:50:02.133527 - GSETTINGS SCHEMA HANDLE: braille/text-attributes-indicator not set [profile:default]
09:50:02.133538 - GSETTINGS REGISTRY: braille/text-attributes-indicator using default value = 'none'
09:50:02.133550 - BRAILLE PRESENTER: Getting text attributes indicator: 0.
09:50:02.133579 - GSETTINGS REGISTRY: Schema org.gnome.Orca.Sound loaded
09:50:02.133622 - GSETTINGS SCHEMA HANDLE: sound/enabled not set [profile:default]
09:50:02.133635 - GSETTINGS REGISTRY: sound/enabled using default value = True
09:50:02.133674 - GSETTINGS REGISTRY: Schema org.gnome.Orca.MouseReview loaded
09:50:02.133727 - GSETTINGS SCHEMA HANDLE: mouse-review/enabled not set [profile:default]
09:50:02.133741 - GSETTINGS REGISTRY: mouse-review/enabled using default value = False
09:50:02.133756 - ORCA MODIFIER MANAGER: Refreshing Orca modifiers: Loading user settings.
09:50:02.133789 - GSETTINGS SCHEMA HANDLE: keybindings/keyboard-layout not set [profile:default]
09:50:02.133801 - GSETTINGS REGISTRY: keybindings/keyboard-layout using default value = 'desktop'
09:50:02.133828 - GSETTINGS SCHEMA HANDLE: keybindings/desktop-modifier-keys not set [profile:default]
09:50:02.133842 - GSETTINGS REGISTRY: keybindings/desktop-modifier-keys using default value = ['Insert', 'KP_Insert']
09:50:02.133868 - GSETTINGS SCHEMA HANDLE: keybindings/keyboard-layout not set [profile:default]
09:50:02.133880 - GSETTINGS REGISTRY: keybindings/keyboard-layout using default value = 'desktop'
09:50:02.133901 - GSETTINGS SCHEMA HANDLE: keybindings/desktop-modifier-keys not set [profile:default]
09:50:02.133917 - GSETTINGS REGISTRY: keybindings/desktop-modifier-keys using default value = ['Insert', 'KP_Insert']
09:50:02.134004 - INPUT EVENT MANAGER: No device to add grab for Insert
09:50:02.134051 - INPUT EVENT MANAGER: No device to add grab for KP_Insert
09:50:02.134072 - ORCA MODIFIER MANAGER: No stored xmodmap found
09:50:02.138799 - ORCA MODIFIER MANAGER: Creating Orca xmodmap
09:50:02.138938 - GSETTINGS SCHEMA HANDLE: keybindings/keyboard-layout not set [profile:default]
09:50:02.138959 - GSETTINGS REGISTRY: keybindings/keyboard-layout using default value = 'desktop'
09:50:02.138992 - GSETTINGS SCHEMA HANDLE: keybindings/desktop-modifier-keys not set [profile:default]
09:50:02.139010 - GSETTINGS REGISTRY: keybindings/desktop-modifier-keys using default value = ['Insert', 'KP_Insert']
09:50:02.139036 - EVENT MANAGER: Pause queueing: False. Clear queue: False. User settings loaded.
09:50:02.139051 - INPUT EVENT MANAGER: Pause queueing: False. User settings loaded.
09:50:02.139062 - ORCA: User Settings Loaded
09:50:02.139105 - DEBUGGING TOOLS MANAGER: Orca version 50.1.2, AT-SPI2 version: 2.60.0, Session: x11 gnome
09:50:02.139994 - DEBUGGING TOOLS MANAGER: Desktop has 0 app(s):
09:50:02.140027 - ORCA: Running under systemd: False
09:50:02.140114 - ORCA: Connected to a11y applications gsetting: True
09:50:02.140132 - REMOTE CONTROLLER: Attempting to start D-Bus service.
09:50:02.140203 - REMOTE CONTROLLER: SessionMessageBus acquired: :1.6
09:50:02.141470 - REMOTE CONTROLLER: Service started name=org.gnome.Orca.Service path=/org/gnome/Orca/Service.
09:50:02.141500 - REMOTE CONTROLLER: Processing 25 pending module registrations.
09:50:02.141514 - REMOTE CONTROLLER: Processing pending registration for LiveRegionPresenter.
09:50:02.141608 - REMOTE CONTROLLER: Processing pending registration for SoundPresenter.
09:50:02.141741 - DBUS SERVICE: OrcaModuleDBusInterface for SoundPresenter initialized with 0 command(s), 0 parameterized command(s), 5 getter(s), 5 setter(s).
09:50:02.141964 - DBUS SERVICE: Successfully published SoundPresenter at /org/gnome/Orca/Service/SoundPresenter.
09:50:02.141994 - REMOTE CONTROLLER: Successfully registered 10 commands/getters/setters for module SoundPresenter.
09:50:02.142008 - REMOTE CONTROLLER: Processing pending registration for StructuralNavigator.
09:50:02.142362 - DBUS SERVICE: OrcaModuleDBusInterface for StructuralNavigator initialized with 85 command(s), 0 parameterized command(s), 4 getter(s), 4 setter(s).
09:50:02.142542 - DBUS SERVICE: Successfully published StructuralNavigator at /org/gnome/Orca/Service/StructuralNavigator.
09:50:02.142553 - REMOTE CONTROLLER: Successfully registered 93 commands/getters/setters for module StructuralNavigator.
09:50:02.142558 - REMOTE CONTROLLER: Processing pending registration for SayAllPresenter.
09:50:02.142651 - DBUS SERVICE: OrcaModuleDBusInterface for SayAllPresenter initialized with 3 command(s), 0 parameterized command(s), 10 getter(s), 10 setter(s).
09:50:02.142762 - DBUS SERVICE: Successfully published SayAllPresenter at /org/gnome/Orca/Service/SayAllPresenter.
09:50:02.142768 - REMOTE CONTROLLER: Successfully registered 23 commands/getters/setters for module SayAllPresenter.
09:50:02.142773 - REMOTE CONTROLLER: Processing pending registration for CaretNavigator.
09:50:02.142841 - DBUS SERVICE: OrcaModuleDBusInterface for CaretNavigator initialized with 12 command(s), 0 parameterized command(s), 3 getter(s), 3 setter(s).
09:50:02.142952 - DBUS SERVICE: Successfully published CaretNavigator at /org/gnome/Orca/Service/CaretNavigator.
09:50:02.142958 - REMOTE CONTROLLER: Successfully registered 18 commands/getters/setters for module CaretNavigator.
09:50:02.142963 - REMOTE CONTROLLER: Processing pending registration for TableNavigator.
09:50:02.143036 - DBUS SERVICE: OrcaModuleDBusInterface for TableNavigator initialized with 15 command(s), 0 parameterized command(s), 2 getter(s), 2 setter(s).
09:50:02.143150 - DBUS SERVICE: Successfully published TableNavigator at /org/gnome/Orca/Service/TableNavigator.
09:50:02.143156 - REMOTE CONTROLLER: Successfully registered 19 commands/getters/setters for module TableNavigator.
09:50:02.143165 - REMOTE CONTROLLER: Processing pending registration for DocumentPresenter.
09:50:02.143253 - DBUS SERVICE: OrcaModuleDBusInterface for DocumentPresenter initialized with 3 command(s), 0 parameterized command(s), 10 getter(s), 7 setter(s).
09:50:02.143358 - DBUS SERVICE: Successfully published DocumentPresenter at /org/gnome/Orca/Service/DocumentPresenter.
09:50:02.143364 - REMOTE CONTROLLER: Successfully registered 20 commands/getters/setters for module DocumentPresenter.
09:50:02.143369 - REMOTE CONTROLLER: Processing pending registration for SpeechPresenter.
09:50:02.143576 - DBUS SERVICE: OrcaModuleDBusInterface for SpeechPresenter initialized with 5 command(s), 0 parameterized command(s), 33 getter(s), 33 setter(s).
09:50:02.143687 - DBUS SERVICE: Successfully published SpeechPresenter at /org/gnome/Orca/Service/SpeechPresenter.
09:50:02.143693 - REMOTE CONTROLLER: Successfully registered 71 commands/getters/setters for module SpeechPresenter.
09:50:02.143698 - REMOTE CONTROLLER: Processing pending registration for SpeechManager.
09:50:02.143892 - DBUS SERVICE: OrcaModuleDBusInterface for SpeechManager initialized with 14 command(s), 1 parameterized command(s), 18 getter(s), 15 setter(s).
09:50:02.144040 - DBUS SERVICE: Successfully published SpeechManager at /org/gnome/Orca/Service/SpeechManager.
09:50:02.144049 - REMOTE CONTROLLER: Successfully registered 48 commands/getters/setters for module SpeechManager.
09:50:02.144055 - REMOTE CONTROLLER: Processing pending registration for TypingEchoPresenter.
09:50:02.144174 - DBUS SERVICE: OrcaModuleDBusInterface for TypingEchoPresenter initialized with 1 command(s), 0 parameterized command(s), 14 getter(s), 14 setter(s).
09:50:02.144290 - DBUS SERVICE: Successfully published TypingEchoPresenter at /org/gnome/Orca/Service/TypingEchoPresenter.
09:50:02.144296 - REMOTE CONTROLLER: Successfully registered 29 commands/getters/setters for module TypingEchoPresenter.
09:50:02.144301 - REMOTE CONTROLLER: Processing pending registration for SleepModeManager.
09:50:02.144326 - DBUS SERVICE: OrcaModuleDBusInterface for SleepModeManager initialized with 1 command(s), 0 parameterized command(s), 0 getter(s), 0 setter(s).
09:50:02.144433 - DBUS SERVICE: Successfully published SleepModeManager at /org/gnome/Orca/Service/SleepModeManager.
09:50:02.144440 - REMOTE CONTROLLER: Successfully registered 1 commands/getters/setters for module SleepModeManager.
09:50:02.144445 - REMOTE CONTROLLER: Processing pending registration for ActionPresenter.
09:50:02.144473 - DBUS SERVICE: OrcaModuleDBusInterface for ActionPresenter initialized with 1 command(s), 0 parameterized command(s), 0 getter(s), 0 setter(s).
09:50:02.144573 - DBUS SERVICE: Successfully published ActionPresenter at /org/gnome/Orca/Service/ActionPresenter.
09:50:02.144579 - REMOTE CONTROLLER: Successfully registered 1 commands/getters/setters for module ActionPresenter.
09:50:02.144583 - REMOTE CONTROLLER: Processing pending registration for ChatPresenter.
09:50:02.144639 - DBUS SERVICE: OrcaModuleDBusInterface for ChatPresenter initialized with 5 command(s), 0 parameterized command(s), 5 getter(s), 5 setter(s).
09:50:02.144741 - DBUS SERVICE: Successfully published ChatPresenter at /org/gnome/Orca/Service/ChatPresenter.
09:50:02.144747 - REMOTE CONTROLLER: Successfully registered 15 commands/getters/setters for module ChatPresenter.
09:50:02.144750 - REMOTE CONTROLLER: Processing pending registration for ClipboardPresenter.
09:50:02.144783 - DBUS SERVICE: OrcaModuleDBusInterface for ClipboardPresenter initialized with 1 command(s), 0 parameterized command(s), 0 getter(s), 0 setter(s).
09:50:02.144879 - DBUS SERVICE: Successfully published ClipboardPresenter at /org/gnome/Orca/Service/ClipboardPresenter.
09:50:02.144885 - REMOTE CONTROLLER: Successfully registered 1 commands/getters/setters for module ClipboardPresenter.
09:50:02.144889 - REMOTE CONTROLLER: Processing pending registration for FlatReviewPresenter.
09:50:02.144982 - DBUS SERVICE: OrcaModuleDBusInterface for FlatReviewPresenter initialized with 33 command(s), 0 parameterized command(s), 1 getter(s), 1 setter(s).
09:50:02.145092 - DBUS SERVICE: Successfully published FlatReviewPresenter at /org/gnome/Orca/Service/FlatReviewPresenter.
09:50:02.145099 - REMOTE CONTROLLER: Successfully registered 35 commands/getters/setters for module FlatReviewPresenter.
09:50:02.145103 - REMOTE CONTROLLER: Processing pending registration for MouseReviewer.
09:50:02.145154 - DBUS SERVICE: OrcaModuleDBusInterface for MouseReviewer initialized with 1 command(s), 0 parameterized command(s), 2 getter(s), 2 setter(s).
09:50:02.145258 - DBUS SERVICE: Successfully published MouseReviewer at /org/gnome/Orca/Service/MouseReviewer.
09:50:02.145264 - REMOTE CONTROLLER: Successfully registered 5 commands/getters/setters for module MouseReviewer.
09:50:02.145268 - REMOTE CONTROLLER: Processing pending registration for NotificationPresenter.
09:50:02.145300 - DBUS SERVICE: OrcaModuleDBusInterface for NotificationPresenter initialized with 4 command(s), 0 parameterized command(s), 0 getter(s), 0 setter(s).
09:50:02.145402 - DBUS SERVICE: Successfully published NotificationPresenter at /org/gnome/Orca/Service/NotificationPresenter.
09:50:02.145408 - REMOTE CONTROLLER: Successfully registered 4 commands/getters/setters for module NotificationPresenter.
09:50:02.145412 - REMOTE CONTROLLER: Processing pending registration for ObjectNavigator.
09:50:02.145450 - DBUS SERVICE: OrcaModuleDBusInterface for ObjectNavigator initialized with 6 command(s), 0 parameterized command(s), 0 getter(s), 0 setter(s).
09:50:02.145547 - DBUS SERVICE: Successfully published ObjectNavigator at /org/gnome/Orca/Service/ObjectNavigator.
09:50:02.145553 - REMOTE CONTROLLER: Successfully registered 6 commands/getters/setters for module ObjectNavigator.
09:50:02.145557 - REMOTE CONTROLLER: Processing pending registration for ProfileManager.
09:50:02.145598 - DBUS SERVICE: OrcaModuleDBusInterface for ProfileManager initialized with 2 command(s), 0 parameterized command(s), 3 getter(s), 2 setter(s).
09:50:02.145693 - DBUS SERVICE: Successfully published ProfileManager at /org/gnome/Orca/Service/ProfileManager.
09:50:02.145698 - REMOTE CONTROLLER: Successfully registered 7 commands/getters/setters for module ProfileManager.
09:50:02.145703 - REMOTE CONTROLLER: Processing pending registration for SpellCheckPresenter.
09:50:02.145764 - DBUS SERVICE: OrcaModuleDBusInterface for SpellCheckPresenter initialized with 0 command(s), 0 parameterized command(s), 3 getter(s), 3 setter(s).
09:50:02.145861 - DBUS SERVICE: Successfully published SpellCheckPresenter at /org/gnome/Orca/Service/SpellCheckPresenter.
09:50:02.145867 - REMOTE CONTROLLER: Successfully registered 6 commands/getters/setters for module SpellCheckPresenter.
09:50:02.145872 - REMOTE CONTROLLER: Processing pending registration for SystemInformationPresenter.
09:50:02.145915 - DBUS SERVICE: OrcaModuleDBusInterface for SystemInformationPresenter initialized with 4 command(s), 0 parameterized command(s), 4 getter(s), 2 setter(s).
09:50:02.146011 - DBUS SERVICE: Successfully published SystemInformationPresenter at /org/gnome/Orca/Service/SystemInformationPresenter.
09:50:02.146019 - REMOTE CONTROLLER: Successfully registered 10 commands/getters/setters for module SystemInformationPresenter.
09:50:02.146023 - REMOTE CONTROLLER: Processing pending registration for TextAttributeManager.
09:50:02.146052 - DBUS SERVICE: OrcaModuleDBusInterface for TextAttributeManager initialized with 0 command(s), 0 parameterized command(s), 2 getter(s), 2 setter(s).
09:50:02.146147 - DBUS SERVICE: Successfully published TextAttributeManager at /org/gnome/Orca/Service/TextAttributeManager.
09:50:02.146152 - REMOTE CONTROLLER: Successfully registered 4 commands/getters/setters for module TextAttributeManager.
09:50:02.146156 - REMOTE CONTROLLER: Processing pending registration for WhereAmIPresenter.
09:50:02.146197 - DBUS SERVICE: OrcaModuleDBusInterface for WhereAmIPresenter initialized with 11 command(s), 0 parameterized command(s), 0 getter(s), 0 setter(s).
09:50:02.146311 - DBUS SERVICE: Successfully published WhereAmIPresenter at /org/gnome/Orca/Service/WhereAmIPresenter.
09:50:02.146318 - REMOTE CONTROLLER: Successfully registered 11 commands/getters/setters for module WhereAmIPresenter.
09:50:02.146322 - REMOTE CONTROLLER: Processing pending registration for BraillePresenter.
09:50:02.146491 - DBUS SERVICE: OrcaModuleDBusInterface for BraillePresenter initialized with 1 command(s), 0 parameterized command(s), 26 getter(s), 25 setter(s).
09:50:02.146600 - DBUS SERVICE: Successfully published BraillePresenter at /org/gnome/Orca/Service/BraillePresenter.
09:50:02.146607 - REMOTE CONTROLLER: Successfully registered 52 commands/getters/setters for module BraillePresenter.
09:50:02.146611 - REMOTE CONTROLLER: Processing pending registration for CommandManager.
09:50:02.146706 - DBUS SERVICE: OrcaModuleDBusInterface for CommandManager initialized with 1 command(s), 0 parameterized command(s), 3 getter(s), 3 setter(s).
09:50:02.146841 - DBUS SERVICE: Successfully published CommandManager at /org/gnome/Orca/Service/CommandManager.
09:50:02.146849 - REMOTE CONTROLLER: Successfully registered 7 commands/getters/setters for module CommandManager.
09:50:02.146878 - REMOTE CONTROLLER: Registration complete. Summary: 24 modules, 210 module commands, 148 module getters, 138 module setters, 6 system commands. Total handlers: 502.
09:50:02.146922 - GSETTINGS SCHEMA HANDLE: speech/enable not set [profile:default]
09:50:02.146929 - GSETTINGS REGISTRY: speech/enable using default value = True
09:50:02.146945 - GSETTINGS SCHEMA HANDLE: speech/messages-are-detailed not set [profile:default]
09:50:02.146949 - GSETTINGS REGISTRY: speech/messages-are-detailed using default value = True
09:50:02.146961 - GSETTINGS SCHEMA HANDLE: speech/only-speak-displayed-text not set [profile:default]
09:50:02.146965 - GSETTINGS REGISTRY: speech/only-speak-displayed-text using default value = False
09:50:02.147003 - GSETTINGS SCHEMA HANDLE: voice/established not set [profile:default]
09:50:02.147019 - GSETTINGS SCHEMA HANDLE: voice/rate not set [profile:default]
09:50:02.147029 - GSETTINGS SCHEMA HANDLE: voice/pitch not set [profile:default]
09:50:02.147037 - GSETTINGS SCHEMA HANDLE: voice/volume not set [profile:default]
09:50:02.147050 - GSETTINGS SCHEMA HANDLE: voice/family-name not set [profile:default]
09:50:02.147062 - GSETTINGS SCHEMA HANDLE: voice/family-lang not set [profile:default]
09:50:02.147073 - GSETTINGS SCHEMA HANDLE: voice/family-dialect not set [profile:default]
09:50:02.147084 - GSETTINGS SCHEMA HANDLE: voice/family-gender not set [profile:default]
09:50:02.147095 - GSETTINGS SCHEMA HANDLE: voice/family-variant not set [profile:default]
09:50:02.147208 - GSETTINGS SCHEMA HANDLE: speech/punctuation-level not set [profile:default]
09:50:02.147216 - GSETTINGS REGISTRY: speech/punctuation-level using default value = 'most'
09:50:02.147294 - SPEECH PRESENTER: Adjusting 'Screen reader on.' from None start_offset: None
09:50:02.147307 - GSETTINGS SCHEMA HANDLE: speech/repeated-character-limit not set [profile:default]
09:50:02.147312 - GSETTINGS REGISTRY: speech/repeated-character-limit using default value = 4
09:50:02.147416 - GSETTINGS SCHEMA HANDLE: speech/use-pronunciation-dictionary not set [profile:default]
09:50:02.147423 - GSETTINGS REGISTRY: speech/use-pronunciation-dictionary using default value = True
09:50:02.147469 - GSETTINGS REGISTRY: Schema org.gnome.Orca.Pronunciations loaded
09:50:02.147498 - GSETTINGS SCHEMA HANDLE: pronunciations/entries no dict values set
09:50:02.147504 - GSETTINGS REGISTRY: pronunciations/entries using default value = {}
09:50:02.147513 - SPEECH PRESENTER: Adjusted text: 'Screen reader on.'
09:50:02.147521 - SPEECH: Speak 'Screen reader on.' acss: {'established': False}
09:50:02.147530 - SPEECH OUTPUT: 'Screen reader on.' {'established': False}
09:50:02.147537 - SPEECH DISPATCHER: Speaking 'Screen reader on.' as string
09:50:02.147866 - SPEECH DISPATCHER: Speaking '<speak><mark name="0:6"/>Screen <mark name="7:13"/>reader <mark name="14:17"/>on.</speak>' 
                  ORCA rate 50.0, pitch 5.0, volume 10.0, language C, punctuation: SOME
                  SD rate 2, pitch 10, volume 100, language c
09:50:02.148252 - SPEECH MANAGER: Speech server is <orca.speechdispatcherfactory.SpeechServer object at 0x7132c76d96a0>
09:50:02.148300 - GSETTINGS SCHEMA HANDLE: speech/capitalization-style not set [profile:default]
09:50:02.148306 - GSETTINGS REGISTRY: speech/capitalization-style using default value = 'none'
09:50:02.148489 - SPEECH MANAGER: Speech server is <orca.speechdispatcherfactory.SpeechServer object at 0x7132c76d96a0>
09:50:02.148510 - GSETTINGS SCHEMA HANDLE: speech/punctuation-level not set [profile:default]
09:50:02.148515 - GSETTINGS REGISTRY: speech/punctuation-level using default value = 'most'
09:50:02.148570 - GSETTINGS SCHEMA HANDLE: braille/enabled not set [profile:default]
09:50:02.148576 - GSETTINGS REGISTRY: braille/enabled using default value = True
09:50:02.148585 - GSETTINGS SCHEMA HANDLE: braille/flash-messages not set [profile:default]
09:50:02.148589 - GSETTINGS REGISTRY: braille/flash-messages using default value = True
09:50:02.148597 - GSETTINGS SCHEMA HANDLE: braille/flash-messages-detailed not set [profile:default]
09:50:02.148600 - GSETTINGS REGISTRY: braille/flash-messages-detailed using default value = True
09:50:02.148609 - GSETTINGS SCHEMA HANDLE: braille/enabled not set [profile:default]
09:50:02.148612 - GSETTINGS REGISTRY: braille/enabled using default value = True
09:50:02.148620 - GSETTINGS SCHEMA HANDLE: braille/flash-messages-persistent not set [profile:default]
09:50:02.148624 - GSETTINGS REGISTRY: braille/flash-messages-persistent using default value = False
09:50:02.148631 - GSETTINGS SCHEMA HANDLE: braille/flash-message-duration not set [profile:default]
09:50:02.148635 - GSETTINGS REGISTRY: braille/flash-message-duration using default value = 5000
09:50:02.148641 - BRAILLE: Display message: 'Screen reader on.' (flash_time: 5000)
09:50:02.148646 - BRAILLE: Initializing flash: Source ID: 0
09:50:02.148669 - BRAILLE: Not contracting 'Screen reader on.' because contracted braille is not enabled.
09:50:02.148754 - BRAILLE: Refresh. Pan: True target: 0
09:50:02.148773 - GSETTINGS SCHEMA HANDLE: braille/enabled not set [profile:default]
09:50:02.148778 - GSETTINGS REGISTRY: braille/enabled using default value = True
09:50:02.148799 - BRAILLE: Last text object: None (Caret: 0, Line: 0, Cell: 0)
09:50:02.148825 - BRAILLE: Current text object: None (Caret: 0, Line: 0). On same line: False
09:50:02.148832 - BRAILLE: Line 0: 'Screen reader on.' focusOffset: 0 [[0, 17]]
09:50:02.148838 - BRAILLE: Current range: (0, 32). Target cell: 0
09:50:02.148844 - BRAILLE LINE:  'Screen reader on.'
09:50:02.148848 -      VISIBLE:  'Screen reader on.', cursor=0
09:50:02.148863 - BRAILLE: Enabling braille. BrlAPI running: False
09:50:02.148867 - BRAILLE: Need to initialize first.
09:50:02.148883 - BRAILLE: Initializing. Callback: input_event_manager.InputEventManager.process_braille_event
09:50:02.148887 - BRAILLE: BrlAPI connection already in progress.
09:50:02.148902 - EVENT MANAGER: Activating <unknown>.<module>:373 > orca._activate_services:248 > event_manager.activate:85
09:50:02.156081 - INPUT EVENT MANAGER: Starting key watcher.
09:50:02.156228 - GSETTINGS SCHEMA HANDLE: keybindings/keyboard-layout not set [profile:default]
09:50:02.156249 - GSETTINGS REGISTRY: keybindings/keyboard-layout using default value = 'desktop'
09:50:02.156282 - GSETTINGS SCHEMA HANDLE: keybindings/desktop-modifier-keys not set [profile:default]
09:50:02.156299 - GSETTINGS REGISTRY: keybindings/desktop-modifier-keys using default value = ['Insert', 'KP_Insert']
09:50:02.156589 - INPUT EVENT MANAGER: Grab id for Insert: 0
09:50:02.156659 - INPUT EVENT MANAGER: Grab id for KP_Insert: 0
09:50:02.156677 - EVENT MANAGER: Activated
09:50:02.156692 - SCRIPT MANAGER: Activating <unknown>.<module>:373 > orca._activate_services:249 > script_manager.activate:56
09:50:02.157286 - EVENT MANAGER: Registering listeners for: default (module=orca.scripts.default)
09:50:02.157313 - EVENT MANAGER: registering listener for: document:attributes-changed
09:50:02.157608 - EVENT MANAGER: registering listener for: document:load-complete
09:50:02.157768 - EVENT MANAGER: registering listener for: document:load-stopped
09:50:02.157919 - EVENT MANAGER: registering listener for: document:page-changed
09:50:02.158083 - EVENT MANAGER: registering listener for: document:reload
09:50:02.158231 - EVENT MANAGER: registering listener for: mouse:button
09:50:02.158374 - EVENT MANAGER: registering listener for: object:active-descendant-changed
09:50:02.158520 - EVENT MANAGER: registering listener for: object:announcement
09:50:02.158659 - EVENT MANAGER: registering listener for: object:attributes-changed
09:50:02.158802 - EVENT MANAGER: registering listener for: object:children-changed:add
09:50:02.158992 - EVENT MANAGER: registering listener for: object:children-changed:remove
09:50:02.159181 - EVENT MANAGER: registering listener for: object:column-reordered
09:50:02.159321 - EVENT MANAGER: registering listener for: object:property-change:accessible-description
09:50:02.159494 - EVENT MANAGER: registering listener for: object:property-change:accessible-name
09:50:02.159673 - EVENT MANAGER: registering listener for: object:property-change:accessible-value
09:50:02.159852 - EVENT MANAGER: registering listener for: object:row-reordered
09:50:02.160007 - EVENT MANAGER: registering listener for: object:selection-changed
09:50:02.160176 - EVENT MANAGER: registering listener for: object:state-changed:active
09:50:02.160358 - EVENT MANAGER: registering listener for: object:state-changed:busy
09:50:02.160535 - EVENT MANAGER: registering listener for: object:state-changed:checked
09:50:02.160705 - EVENT MANAGER: registering listener for: object:state-changed:expanded
09:50:02.160875 - EVENT MANAGER: registering listener for: object:state-changed:focused
09:50:02.161049 - EVENT MANAGER: registering listener for: object:state-changed:indeterminate
09:50:02.161225 - EVENT MANAGER: registering listener for: object:state-changed:invalid-entry
09:50:02.161389 - EVENT MANAGER: registering listener for: object:state-changed:pressed
09:50:02.161550 - EVENT MANAGER: registering listener for: object:state-changed:selected
09:50:02.161711 - EVENT MANAGER: registering listener for: object:state-changed:sensitive
09:50:02.161874 - EVENT MANAGER: registering listener for: object:state-changed:showing
09:50:02.162050 - EVENT MANAGER: registering listener for: object:text-attributes-changed
09:50:02.162186 - EVENT MANAGER: registering listener for: object:text-caret-moved
09:50:02.162314 - EVENT MANAGER: registering listener for: object:text-changed:delete
09:50:02.162475 - EVENT MANAGER: registering listener for: object:text-changed:insert
09:50:02.162638 - EVENT MANAGER: registering listener for: object:text-selection-changed
09:50:02.162765 - EVENT MANAGER: registering listener for: object:value-changed
09:50:02.162891 - EVENT MANAGER: registering listener for: window:activate
09:50:02.163027 - EVENT MANAGER: registering listener for: window:create
09:50:02.163159 - EVENT MANAGER: registering listener for: window:deactivate
09:50:02.163286 - EVENT MANAGER: registering listener for: window:destroy
09:50:02.163473 - SCRIPT MANAGER: Setting active script to default (module=orca.scripts.default) reason: activate
09:50:02.163511 - DEFAULT: Activating script for None
09:50:02.163818 - SPEECH MANAGER: Speech server is <orca.speechdispatcherfactory.SpeechServer object at 0x7132c76d96a0>
09:50:02.163893 - GSETTINGS SCHEMA HANDLE: speech/punctuation-level not set [profile:default]
09:50:02.163912 - GSETTINGS REGISTRY: speech/punctuation-level using default value = 'most'
09:50:02.164161 - SPEECH MANAGER: Speech server is <orca.speechdispatcherfactory.SpeechServer object at 0x7132c76d96a0>
09:50:02.164211 - GSETTINGS SCHEMA HANDLE: speech/capitalization-style not set [profile:default]
09:50:02.164226 - GSETTINGS REGISTRY: speech/capitalization-style using default value = 'none'
09:50:02.164702 - SPEECH MANAGER: Speech server is <orca.speechdispatcherfactory.SpeechServer object at 0x7132c76d96a0>
09:50:02.164828 - GSETTINGS SCHEMA HANDLE: speech/synthesizer not set [profile:default]
09:50:02.164875 - SCRIPT MANAGER: Active script is: default (module=orca.scripts.default)
09:50:02.164890 - CARET NAVIGATOR: Commands suspended: False: script activation, no prior state
09:50:02.164924 - GSETTINGS SCHEMA HANDLE: keybindings/keyboard-layout not set [profile:default]
09:50:02.164941 - GSETTINGS REGISTRY: keybindings/keyboard-layout using default value = 'desktop'
09:50:02.164968 - GSETTINGS SCHEMA HANDLE: keybindings/desktop-modifier-keys not set [profile:default]
09:50:02.164988 - GSETTINGS REGISTRY: keybindings/desktop-modifier-keys using default value = ['Insert', 'KP_Insert']
09:50:02.165056 - SCRIPT MANAGER: Active script is: default (module=orca.scripts.default)
09:50:02.165070 - STRUCTURAL NAVIGATOR: Suspended: False: script activation, no prior state
09:50:02.165099 - GSETTINGS SCHEMA HANDLE: keybindings/keyboard-layout not set [profile:default]
09:50:02.165111 - GSETTINGS REGISTRY: keybindings/keyboard-layout using default value = 'desktop'
09:50:02.165135 - GSETTINGS SCHEMA HANDLE: keybindings/desktop-modifier-keys not set [profile:default]
09:50:02.165148 - GSETTINGS REGISTRY: keybindings/desktop-modifier-keys using default value = ['Insert', 'KP_Insert']
09:50:02.165219 - STRUCTURAL NAVIGATOR: Setting mode for default (module=orca.scripts.default) to NavigationMode.OFF
09:50:02.165248 - SCRIPT MANAGER: Active script is: default (module=orca.scripts.default)
09:50:02.165278 - GSETTINGS SCHEMA HANDLE: keybindings/keyboard-layout not set [profile:default]
09:50:02.165291 - GSETTINGS REGISTRY: keybindings/keyboard-layout using default value = 'desktop'
09:50:02.165314 - GSETTINGS SCHEMA HANDLE: keybindings/desktop-modifier-keys not set [profile:default]
09:50:02.165326 - GSETTINGS REGISTRY: keybindings/desktop-modifier-keys using default value = ['Insert', 'KP_Insert']
09:50:02.165398 - CARET NAVIGATOR: Setting enabled state for default (module=orca.scripts.default) to False
09:50:02.165427 - SCRIPT MANAGER: Active script is: default (module=orca.scripts.default)
09:50:02.165453 - GSETTINGS SCHEMA HANDLE: keybindings/keyboard-layout not set [profile:default]
09:50:02.165466 - GSETTINGS REGISTRY: keybindings/keyboard-layout using default value = 'desktop'
09:50:02.165488 - GSETTINGS SCHEMA HANDLE: keybindings/desktop-modifier-keys not set [profile:default]
09:50:02.165500 - GSETTINGS REGISTRY: keybindings/desktop-modifier-keys using default value = ['Insert', 'KP_Insert']
09:50:02.165524 - COMMAND MANAGER: Activating commands: activated default (module=orca.scripts.default)
09:50:02.165654 - GSETTINGS SCHEMA HANDLE: keybindings/entries no dict values set
09:50:02.165668 - GSETTINGS REGISTRY: keybindings/entries using default value = {}
09:50:02.165679 - COMMAND MANAGER: No user overrides to apply
09:50:02.165768 - GSETTINGS SCHEMA HANDLE: keybindings/keyboard-layout not set [profile:default]
09:50:02.165784 - GSETTINGS REGISTRY: keybindings/keyboard-layout using default value = 'desktop'
09:50:02.165807 - GSETTINGS SCHEMA HANDLE: keybindings/desktop-modifier-keys not set [profile:default]
09:50:02.165819 - GSETTINGS REGISTRY: keybindings/desktop-modifier-keys using default value = ['Insert', 'KP_Insert']

vvvvv COMMAND MANAGER: Grab diff: activated default (module=orca.scripts.default) (old: 77, new: 77) vvvvv
09:50:02.171156 -   Added (46):
09:50:02.171203 -     Orca+KP_Divide: routePointerToItemHandler
09:50:02.171224 -     Orca+space: preferencesSettingsHandler
09:50:02.171241 -     Orca+Control+space: appPreferencesSettingsHandler
09:50:02.171255 -     Orca+s: toggleSilenceSpeechHandler
09:50:02.171268 -     Orca+v: toggleSpeechVerbosityHandler
09:50:02.171280 -     Orca+F11: toggleTableCellReadModeHandler
09:50:02.171293 -     Orca+Shift+d: toggle_speech_monitor
09:50:02.171305 -     Orca+t: presentTimeHandler
09:50:02.171319 -     Orca+t x2: presentDateHandler
09:50:02.171333 -     Orca+Control+Up: object_navigator_up
09:50:02.171345 -     Orca+Control+Down: object_navigator_down
09:50:02.171363 -     Orca+Control+Right: object_navigator_next
09:50:02.171375 -     Orca+Control+Left: object_navigator_previous
09:50:02.171387 -     Orca+Control+Return: object_navigator_perform_action
09:50:02.171399 -     Orca+Control+s: object_navigator_toggle_simplify
09:50:02.171411 -     Orca+F12: toggle_enabled
09:50:02.171422 -     Orca+z: structural_navigator_mode_cycle
09:50:02.171435 -     Orca+Shift+t: table_navigator_toggle_enabled
09:50:02.171451 -     Orca+Alt+Shift+Left: table_cell_beginning_of_row
09:50:02.171463 -     Orca+Alt+Shift+Right: table_cell_end_of_row
09:50:02.171476 -     Orca+Alt+Shift+Up: table_cell_top_of_column
09:50:02.171488 -     Orca+Alt+Shift+Down: table_cell_bottom_of_column
09:50:02.171500 -     Orca+Shift+r: set_dynamic_column_headers_row
09:50:02.171512 -     Orca+Shift+r x2: clear_dynamic_column_headers_row
09:50:02.171523 -     Orca+Shift+c: set_dynamic_row_headers_column
09:50:02.171535 -     Orca+Shift+c x2: clear_dynamic_row_headers_column
09:50:02.171547 -     Orca+a: toggle_presentation_mode
09:50:02.171559 -     Orca+a x2: enable_sticky_focus_mode
09:50:02.171570 -     Orca+a x3: enable_sticky_browse_mode
09:50:02.171582 -     Orca+backslash: toggle_live_region_support
09:50:02.171594 -     Orca+h: enterLearnModeHandler
09:50:02.171606 -     Orca+Shift+a: show_actions_list
09:50:02.171617 -     Orca+KP_Home: reviewHomeHandler
09:50:02.171629 -     Orca+KP_Page_Up: reviewEndHandler
09:50:02.171640 -     Orca+KP_End: reviewEndOfLineHandler
09:50:02.171652 -     Orca+KP_Begin: reviewCurrentAccessibleHandler
09:50:02.171664 -     Orca+KP_Left: reviewAboveHandler
09:50:02.171676 -     Orca+KP_Right: reviewBelowHandler
09:50:02.171688 -     Orca+KP_Delete: findNextHandler
09:50:02.171700 -     Orca+Shift+KP_Delete: findPreviousHandler
09:50:02.171711 -     Orca+f: readCharAttributesHandler
09:50:02.171723 -     Orca+KP_Enter: getTitleHandler
09:50:02.171735 -     Orca+KP_Enter x2: getStatusBarHandler
09:50:02.171747 -     Orca+e: present_default_button
09:50:02.171758 -     Orca+equal: present_cell_formula
09:50:02.171770 -     Orca+Shift+Up: whereAmISelectionHandler
^^^^^ COMMAND MANAGER: Diff completed in 0.0059s. Removed 0, added 46, transferred 0 ^^^^^

09:50:02.171840 - GSETTINGS SCHEMA HANDLE: speech/enable not set [profile:default]
09:50:02.171855 - GSETTINGS REGISTRY: speech/enable using default value = True
09:50:02.171866 - SPEECH MANAGER: Speech is enabled.
09:50:02.171927 - SPEECH MANAGER: start_speech. Script: None Event: None notify_user: False
09:50:02.171939 - SPEECH MANAGER: Initializing server
09:50:02.171949 - SPEECH MANAGER: Already initialized
09:50:02.171994 - GSETTINGS SCHEMA HANDLE: keybindings/keyboard-layout not set [profile:default]
09:50:02.172010 - GSETTINGS REGISTRY: keybindings/keyboard-layout using default value = 'desktop'
09:50:02.172024 - COMMAND MANAGER: Setting keyboard layout is_desktop to True.
09:50:02.172126 - GSETTINGS SCHEMA HANDLE: keybindings/entries no dict values set
09:50:02.172140 - GSETTINGS REGISTRY: keybindings/entries using default value = {}
09:50:02.172150 - COMMAND MANAGER: No user overrides to apply
09:50:02.172230 - GSETTINGS SCHEMA HANDLE: keybindings/keyboard-layout not set [profile:default]
09:50:02.172245 - GSETTINGS REGISTRY: keybindings/keyboard-layout using default value = 'desktop'
09:50:02.172269 - GSETTINGS SCHEMA HANDLE: keybindings/desktop-modifier-keys not set [profile:default]
09:50:02.172282 - GSETTINGS REGISTRY: keybindings/desktop-modifier-keys using default value = ['Insert', 'KP_Insert']

vvvvv COMMAND MANAGER: Grab diff: keyboard layout change (old: 77, new: 77) vvvvv
09:50:02.173694 -   No grab changes
^^^^^ COMMAND MANAGER: Diff completed in 0.0014s. Removed 0, added 0, transferred 0 ^^^^^

09:50:02.173729 - COMMAND MANAGER: Keyboard layout set to desktop.
09:50:02.173772 - GSETTINGS SCHEMA HANDLE: keybindings/keyboard-layout not set [profile:default]
09:50:02.173789 - GSETTINGS REGISTRY: keybindings/keyboard-layout using default value = 'desktop'
09:50:02.173822 - GSETTINGS SCHEMA HANDLE: keybindings/desktop-modifier-keys not set [profile:default]
09:50:02.173837 - GSETTINGS REGISTRY: keybindings/desktop-modifier-keys using default value = ['Insert', 'KP_Insert']
09:50:02.173850 - SCRIPT MANAGER: Activated
09:50:02.174085 - AXUtilities: Unable to find active window from []
09:50:02.174109 - CLIPBOARD PRESENTER: Activating
09:50:02.175767 - CLIPBOARD PRESENTER: Could not access klipper interface: The name org.kde.klipper was not provided by any .service files
09:50:02.176246 - CLIPBOARD PRESENTER: Could not access GPaste interface: The name org.gnome.GPaste was not provided by any .service files
09:50:02.176599 - CLIPBOARD PRESENTER: Using Gtk.Clipboard as fallback.
09:50:02.176624 - CLIPBOARD PRESENTER: Activated
09:50:02.176657 - ORCA: Starting Atspi main event loop
09:50:02.176898 - WARNING: Braille initialization failed: BrlAPI connection unavailable.
09:50:02.176935 - BRAILLE: Scheduling BrlAPI retry in 2000 ms.

09:50:02.177729 - EVENT MANAGER: object:children-changed:add for [desktop frame: 'main' (0x7132f2c8de00)]  in  (0, 0, [application: 'orca' (0x7132e204e540)])
09:50:02.177787 - FOCUS MANAGER: Locus of focus is None
09:50:02.178284 - SCRIPT MANAGER: Active script is: default (module=orca.scripts.default)
09:50:02.178408 - EVENT MANAGER: Queueing object:children-changed:add for [desktop frame: 'main' (0x7132c776ea00)]  in  (0, 0, [application: 'orca' (0x7132e015e840)])
09:50:02.178453 - EVENT MANAGER: App for event source is None
09:50:02.178505 - SCRIPT MANAGER: Getting script for None [desktop frame: 'main' (0x7132c65ff7c0)] 
09:50:02.178645 - SCRIPT MANAGER: Script is app script default (module=orca.scripts.default)
09:50:02.178747 - EVENT MANAGER: object:children-changed:add for [desktop frame: 'main' (0x7132c65ff840)]  in  (0, 0, [application: 'orca' (0x7132c65ff8c0)]) has priority level: 6
09:50:02.178842 - EVENT MANAGER: Queued object:children-changed:add for [desktop frame: 'main' (0x7132c65ff940)]  in  (0, 0, [application: 'orca' (0x7132c65ff900)]) priority: 6, counter: 0
09:50:02.178963 - EVENT MANAGER: Dequeueing object:children-changed:add for [desktop frame: 'main' (0x7132c65ff800)]  in  (0, 0, [application: 'orca' (0x7132c65ffa00)])
09:50:02.179058 - EVENT MANAGER: Dequeued object:children-changed:add for [desktop frame: 'main' (0x7132c65ff9c0)]  in  (0, 0, [application: 'orca' (0x7132c7706640)]) priority: 6, counter: 0

vvvvv START PRIORITY-6 OBJECT EVENT OBJECT:CHILDREN-CHANGED:ADD (queue size: 0) vvvvv
09:50:02.180700 - EVENT SOURCE:
                  app='' name='main' role='desktop frame' axid='None' id=0x7132c77a7300
                  description=''
                  help=''
                  locale=''
                  states=''
                  relations=''
                  actions=''
                  interfaces='Component'
                  attributes=''
                  text=''
                  path=[-1]
                  
                  EVENT ANY DATA:
                  name='orca' role='application' axid='' id=0x7132c77a7300
                  description=''
                  help=''
                  locale='C.UTF-8'
                  states=''
                  relations=''
                  actions=''
                  interfaces='Collection'
                  attributes=''
                  text=''
                  path=[-1]
                  
09:50:02.180759 - SCRIPT MANAGER: Active script is: default (module=orca.scripts.default)
09:50:02.180804 - FOCUS MANAGER: Locus of focus is None
09:50:02.180869 - EVENT MANAGER: Getting script for event for None [desktop frame: 'main' (0x7132c66181c0)] 
09:50:02.180915 - SCRIPT MANAGER: Getting script for None [desktop frame: 'main' (0x7132c66181c0)] 
09:50:02.181042 - SCRIPT MANAGER: Script is app script default (module=orca.scripts.default)
09:50:02.181078 - EVENT MANAGER: Script for event is default (module=orca.scripts.default)
09:50:02.181096 - EVENT MANAGER: Processing object:children-changed:add: script for event is active
09:50:02.181122 - AXUtilitiesRelation: Clearing local cache. Reason: children-changed event.
09:50:02.181145 - AXObject: Clearing local cache. Reason: children-changed event.
09:50:02.181160 - AXUtilitiesRelation: Clearing local cache. Reason: children-changed event.
09:50:02.181176 - AXUtilitiesEvent: Clearing local cache. Reason: children-changed event.
09:50:02.181193 - AXUtilitiesSelection: Clearing cache. Reason: children-changed event.
TOTAL PROCESSING TIME: 0.0022
^^^^^ FINISHED PRIORITY-6 OBJECT EVENT OBJECT:CHILDREN-CHANGED:ADD ^^^^^


09:50:02.447588 - EVENT MANAGER: object:children-changed:add for [desktop frame: 'main' (0x7132e04804c0)]  in  (1, 0, [application: 'xdg-desktop-portal-gtk' (0x7132e015f140)])
09:50:02.447701 - FOCUS MANAGER: Locus of focus is None
09:50:02.448016 - SCRIPT MANAGER: Active script is: default (module=orca.scripts.default)
09:50:02.448135 - EVENT MANAGER: Queueing object:children-changed:add for [desktop frame: 'main' (0x7132c6618800)]  in  (1, 0, [application: 'xdg-desktop-portal-gtk' (0x7132c7768e40)])
09:50:02.448184 - EVENT MANAGER: App for event source is None
09:50:02.448234 - SCRIPT MANAGER: Getting script for None [desktop frame: 'main' (0x7132c7790800)] 
09:50:02.448390 - SCRIPT MANAGER: Script is app script default (module=orca.scripts.default)
09:50:02.448498 - EVENT MANAGER: object:children-changed:add for [desktop frame: 'main' (0x7132c66189c0)]  in  (1, 0, [application: 'xdg-desktop-portal-gtk' (0x7132c6618940)]) has priority level: 6
09:50:02.448597 - EVENT MANAGER: Queued object:children-changed:add for [desktop frame: 'main' (0x7132c6618980)]  in  (1, 0, [application: 'xdg-desktop-portal-gtk' (0x7132c6618980)]) priority: 6, counter: 1
09:50:02.448807 - EVENT MANAGER: Dequeueing object:children-changed:add for [desktop frame: 'main' (0x7132c6618a40)]  in  (1, 0, [application: 'xdg-desktop-portal-gtk' (0x7132c6618600)])
09:50:02.448895 - EVENT MANAGER: Dequeued object:children-changed:add for [desktop frame: 'main' (0x7132c6618b80)]  in  (1, 0, [application: 'xdg-desktop-portal-gtk' (0x7132c6618ac0)]) priority: 6, counter: 1

vvvvv START PRIORITY-6 OBJECT EVENT OBJECT:CHILDREN-CHANGED:ADD (queue size: 0) vvvvv
09:50:02.450468 - EVENT SOURCE:
                  app='' name='main' role='desktop frame' axid='None' id=0x7132e017f4c0
                  description=''
                  help=''
                  locale=''
                  states=''
                  relations=''
                  actions=''
                  interfaces='Component'
                  attributes=''
                  text=''
                  path=[-1]
                  
                  EVENT ANY DATA:
                  name='xdg-desktop-portal-gtk' role='application' axid='' id=0x7132e017f4c0
                  description=''
                  help=''
                  locale='C.UTF-8'
                  states=''
                  relations=''
                  actions=''
                  interfaces='Collection'
                  attributes=''
                  text=''
                  path=[-1]
                  
09:50:02.450547 - SCRIPT MANAGER: Active script is: default (module=orca.scripts.default)
09:50:02.450597 - FOCUS MANAGER: Locus of focus is None
09:50:02.450672 - EVENT MANAGER: Getting script for event for None [desktop frame: 'main' (0x7132c77074c0)] 
09:50:02.450722 - SCRIPT MANAGER: Getting script for None [desktop frame: 'main' (0x7132c77074c0)] 
09:50:02.450872 - SCRIPT MANAGER: Script is app script default (module=orca.scripts.default)
09:50:02.450910 - EVENT MANAGER: Script for event is default (module=orca.scripts.default)
09:50:02.450929 - EVENT MANAGER: Processing object:children-changed:add: script for event is active
09:50:02.450962 - AXUtilitiesRelation: Clearing local cache. Reason: children-changed event.
09:50:02.450987 - AXObject: Clearing local cache. Reason: children-changed event.
09:50:02.451006 - AXUtilitiesRelation: Clearing local cache. Reason: children-changed event.
09:50:02.451022 - AXUtilitiesEvent: Clearing local cache. Reason: children-changed event.
09:50:02.451039 - AXUtilitiesSelection: Clearing cache. Reason: children-changed event.
TOTAL PROCESSING TIME: 0.0022
^^^^^ FINISHED PRIORITY-6 OBJECT EVENT OBJECT:CHILDREN-CHANGED:ADD ^^^^^


09:50:02.526690 - EVENT MANAGER: object:children-changed:add for [desktop frame: 'main' (0x7132c6618700)]  in  (2, 0, [application: 'org.gnome.Terminal' (0x7132c6618b40)])
09:50:02.526798 - FOCUS MANAGER: Locus of focus is None
09:50:02.526893 - EVENT_MANAGER: Ignoring object:children-changed:add due to multiple instances in short time

09:50:02.730587 - EVENT MANAGER: object:property-change:accessible-name for [button: 'New Tab' (0x7132c6618dc0)]  in org.gnome.Terminal (gtk 3.24.52) (0, 0, New Tab)
09:50:02.730711 - FOCUS MANAGER: Locus of focus is None
09:50:02.731105 - EVENT MANAGER: Queueing object:property-change:accessible-name for [button: 'New Tab' (0x7132c6618d80)]  in org.gnome.Terminal (gtk 3.24.52) (0, 0, New Tab)
09:50:02.731162 - EVENT MANAGER: App for event source is [application: 'org.gnome.Terminal' (0x7132c7790700)] 
09:50:02.731216 - SCRIPT MANAGER: Getting script for [application: 'org.gnome.Terminal' (0x7132c7790700)]  [button: 'New Tab' (0x7132c77a7940)] 
09:50:02.731355 - SCRIPT MANAGER: Creating toolkit script for [application: 'org.gnome.Terminal' (0x7132c7790700)]  [button: 'New Tab' (0x7132c77a7940)]  gtk
09:50:02.731430 - SCRIPT MANAGER: Mapped [application: 'org.gnome.Terminal' (0x7132c7790700)]  to Terminal
09:50:02.732426 - SCRIPT MANAGER: Found orca.scripts.toolkits.gtk
09:50:02.732912 - DEFAULT: Setting up commands for [application: 'org.gnome.Terminal' (0x7132c7790700)] 
09:50:02.732942 - DEFAULT: Commands already initialized.
09:50:02.732952 - SCRIPT: org.gnome.Terminal (module=orca.scripts.toolkits.gtk.script) initialized
09:50:02.732971 - SCRIPT MANAGER: Creating app script for [application: 'org.gnome.Terminal' (0x7132c7790700)] 
09:50:02.733012 - SCRIPT MANAGER: Mapped [application: 'org.gnome.Terminal' (0x7132c7790700)]  to Terminal
09:50:02.733123 - SCRIPT MANAGER: Found orca.scripts.toolkits.gtk
09:50:02.733334 - DEFAULT: Setting up commands for [application: 'org.gnome.Terminal' (0x7132c7790700)] 
09:50:02.733342 - DEFAULT: Commands already initialized.
09:50:02.733347 - SCRIPT: org.gnome.Terminal (module=orca.scripts.toolkits.gtk.script) initialized
09:50:02.733376 - SCRIPT MANAGER: Script is app script org.gnome.Terminal (module=orca.scripts.toolkits.gtk.script)
09:50:02.733433 - EVENT MANAGER: object:property-change:accessible-name for [button: 'New Tab' (0x7132c770c3c0)]  in org.gnome.Terminal (gtk 3.24.52) (0, 0, New Tab) has priority level: 4
09:50:02.733478 - EVENT MANAGER: Queued object:property-change:accessible-name for [button: 'New Tab' (0x7132c6624380)]  in org.gnome.Terminal (gtk 3.24.52) (0, 0, New Tab) priority: 4, counter: 2
09:50:02.737002 - EVENT MANAGER: Dequeueing object:property-change:accessible-name for [button: 'New Tab' (0x7132c66242c0)]  in org.gnome.Terminal (gtk 3.24.52) (0, 0, New Tab)
09:50:02.737080 - EVENT MANAGER: Dequeued object:property-change:accessible-name for [button: 'New Tab' (0x7132c66244c0)]  in org.gnome.Terminal (gtk 3.24.52) (0, 0, New Tab) priority: 4, counter: 2

vvvvv START PRIORITY-4 OBJECT EVENT OBJECT:PROPERTY-CHANGE:ACCESSIBLE-NAME (queue size: 0) vvvvv

09:50:02.737372 - EVENT MANAGER: object:property-change:accessible-name for [toggle button: 'Profiles' (0x7132c6624740)]  in org.gnome.Terminal (gtk 3.24.52) (0, 0, Profiles)
09:50:02.737398 - FOCUS MANAGER: Locus of focus is None
09:50:02.737500 - EVENT_MANAGER: Ignoring object:property-change:accessible-name due to multiple instances in short time

09:50:02.737624 - EVENT MANAGER: object:property-change:accessible-name for [button: 'Find' (0x7132e01549c0)]  in org.gnome.Terminal (gtk 3.24.52) (0, 0, Find)
09:50:02.737644 - FOCUS MANAGER: Locus of focus is None
09:50:02.737722 - EVENT_MANAGER: Ignoring object:property-change:accessible-name due to multiple instances in short time

09:50:02.737863 - EVENT MANAGER: object:state-changed:sensitive for [toggle button: 'Profiles' (0x7132c6624b80)]  in org.gnome.Terminal (gtk 3.24.52) (1, 0, 0)
09:50:02.737887 - FOCUS MANAGER: Locus of focus is None
09:50:02.737988 - EVENT MANAGER: Ignoring object:state-changed:sensitive due to role of unfocused source

09:50:02.739574 - EVENT MANAGER: object:children-changed:add for [frame: 'Terminal' (0x7132c76ecd00)]  in org.gnome.Terminal (gtk 3.24.52) (-1, 0, [panel (0x7132c6624cc0)])
09:50:02.739623 - FOCUS MANAGER: Locus of focus is None
09:50:02.739654 - EVENT MANAGER: Not ignoring object:children-changed:add based on role
09:50:02.739693 - EVENT MANAGER: Queueing object:children-changed:add for [frame: 'Terminal' (0x7132c6624e80)]  in org.gnome.Terminal (gtk 3.24.52) (-1, 0, [panel (0x7132c6618640)])
09:50:02.739710 - EVENT MANAGER: App for event source is [application: 'org.gnome.Terminal' (0x7132c7790700)] 
09:50:02.739732 - SCRIPT MANAGER: Getting script for [application: 'org.gnome.Terminal' (0x7132c7790700)]  [frame: 'Terminal' (0x7132c6624e80)] 
09:50:02.740045 - SCRIPT MANAGER: Script is app script org.gnome.Terminal (module=orca.scripts.toolkits.gtk.script)
09:50:02.740122 - EVENT MANAGER: object:children-changed:add for [frame: 'Terminal' (0x7132c6625040)]  in org.gnome.Terminal (gtk 3.24.52) (-1, 0, [panel (0x7132c6625000)]) has priority level: 6
09:50:02.740168 - EVENT MANAGER: Queued object:children-changed:add for [frame: 'Terminal' (0x7132c6625140)]  in org.gnome.Terminal (gtk 3.24.52) (-1, 0, [panel (0x7132c6625080)]) priority: 6, counter: 3

09:50:02.740348 - EVENT MANAGER: object:state-changed:sensitive for [button: 'Find' (0x7132c6624e80)]  in org.gnome.Terminal (gtk 3.24.52) (1, 0, 0)
09:50:02.740367 - FOCUS MANAGER: Locus of focus is None
09:50:02.740446 - EVENT_MANAGER: Ignoring object:state-changed:sensitive due to multiple instances in short time

09:50:02.740498 - EVENT MANAGER: object:state-changed:sensitive for [button: 'New Tab' (0x7132c66245c0)]  in org.gnome.Terminal (gtk 3.24.52) (1, 0, 0)
09:50:02.740514 - FOCUS MANAGER: Locus of focus is None
09:50:02.740555 - EVENT_MANAGER: Ignoring object:state-changed:sensitive due to multiple instances in short time

09:50:02.740820 - EVENT MANAGER: object:state-changed:sensitive for [panel (0x7132c6625280)]  in org.gnome.Terminal (gtk 3.24.52) (1, 0, 0)
09:50:02.740881 - FOCUS MANAGER: Locus of focus is None
09:50:02.741114 - EVENT_MANAGER: Ignoring object:state-changed:sensitive due to multiple instances in short time

09:50:02.741330 - EVENT MANAGER: object:state-changed:sensitive for [toggle button: 'Menu' (0x7132c66254c0)]  in org.gnome.Terminal (gtk 3.24.52) (1, 0, 0)
09:50:02.741372 - FOCUS MANAGER: Locus of focus is None
09:50:02.741569 - EVENT_MANAGER: Ignoring object:state-changed:sensitive due to multiple instances in short time

09:50:02.742263 - EVENT MANAGER: object:state-changed:sensitive for [check box: 'Read-Only' (0x7132c65c5940)]  in org.gnome.Terminal (gtk 3.24.52) (1, 0, 0)
09:50:02.742309 - FOCUS MANAGER: Locus of focus is None
09:50:02.742505 - EVENT_MANAGER: Ignoring object:state-changed:sensitive due to multiple instances in short time

09:50:02.743125 - EVENT MANAGER: object:state-changed:checked for [check menu item: 'Show Menubar' (0x7132c66258c0)]  in org.gnome.Terminal (gtk 3.24.52) (1, 0, 0)
09:50:02.743164 - FOCUS MANAGER: Locus of focus is None
09:50:02.743298 - EVENT MANAGER: Ignoring object:state-changed:checked due to unfocused, non-showing source

09:50:02.743555 - EVENT MANAGER: object:state-changed:sensitive for [check menu item: 'Read-Only' (0x7132f2c8de00)]  in org.gnome.Terminal (gtk 3.24.52) (1, 0, 0)
09:50:02.743575 - FOCUS MANAGER: Locus of focus is None
09:50:02.743641 - EVENT_MANAGER: Ignoring object:state-changed:sensitive due to multiple instances in short time

09:50:02.744359 - EVENT MANAGER: object:state-changed:sensitive for [check menu item: 'Full Screen' (0x7132c6625f80)]  in org.gnome.Terminal (gtk 3.24.52) (1, 0, 0)
09:50:02.744391 - FOCUS MANAGER: Locus of focus is None
09:50:02.744465 - EVENT_MANAGER: Ignoring object:state-changed:sensitive due to multiple instances in short time

09:50:02.744723 - EVENT MANAGER: object:state-changed:checked for [check menu item: 'Show Menubar' (0x7132c77ae2c0)]  in org.gnome.Terminal (gtk 3.24.52) (0, 0, 0)
09:50:02.744745 - FOCUS MANAGER: Locus of focus is None
09:50:02.744809 - EVENT_MANAGER: Ignoring object:state-changed:checked due to multiple instances in short time

09:50:02.744876 - EVENT MANAGER: object:property-change:accessible-name for [frame: 'Terminal' (0x7132c6626600)]  in org.gnome.Terminal (gtk 3.24.52) (0, 0, Terminal)
09:50:02.744891 - FOCUS MANAGER: Locus of focus is None
09:50:02.744910 - EVENT MANAGER: Not ignoring object:property-change:accessible-name based on role
09:50:02.744941 - EVENT MANAGER: Queueing object:property-change:accessible-name for [frame: 'Terminal' (0x7132e204e540)]  in org.gnome.Terminal (gtk 3.24.52) (0, 0, Terminal)
09:50:02.744956 - EVENT MANAGER: App for event source is [application: 'org.gnome.Terminal' (0x7132c7790700)] 
09:50:02.744972 - SCRIPT MANAGER: Getting script for [application: 'org.gnome.Terminal' (0x7132c7790700)]  [frame: 'Terminal' (0x7132e015e640)] 
09:50:02.745004 - SCRIPT MANAGER: Script is app script org.gnome.Terminal (module=orca.scripts.toolkits.gtk.script)
09:50:02.745045 - EVENT MANAGER: object:property-change:accessible-name for [frame: 'Terminal' (0x7132e204e540)]  in org.gnome.Terminal (gtk 3.24.52) (0, 0, Terminal) has priority level: 4
09:50:02.745085 - EVENT MANAGER: Queued object:property-change:accessible-name for [frame: 'Terminal' (0x7132c6626800)]  in org.gnome.Terminal (gtk 3.24.52) (0, 0, Terminal) priority: 4, counter: 4

09:50:02.745146 - EVENT MANAGER: object:state-changed:showing for [button: 'New Tab' (0x7132c66245c0)]  in org.gnome.Terminal (gtk 3.24.52) (1, 0, 0)
09:50:02.745161 - FOCUS MANAGER: Locus of focus is None
09:50:02.745219 - EVENT MANAGER: Ignoring object:state-changed:showing due to role

09:50:02.745263 - EVENT MANAGER: object:state-changed:showing for [toggle button: 'Menu' (0x7132c66268c0)]  in org.gnome.Terminal (gtk 3.24.52) (1, 0, 0)
09:50:02.745277 - FOCUS MANAGER: Locus of focus is None
09:50:02.745320 - EVENT_MANAGER: Ignoring object:state-changed:showing due to multiple instances in short time

09:50:02.745536 - EVENT MANAGER: object:state-changed:showing for [button: 'Find' (0x7132c6626980)]  in org.gnome.Terminal (gtk 3.24.52) (1, 0, 0)
09:50:02.745553 - FOCUS MANAGER: Locus of focus is None
09:50:02.745622 - EVENT_MANAGER: Ignoring object:state-changed:showing due to multiple instances in short time

09:50:02.745766 - EVENT MANAGER: object:state-changed:showing for [button: 'Minimize' (0x7132c6626a80)]  in org.gnome.Terminal (gtk 3.24.52) (1, 0, 0)
09:50:02.745782 - FOCUS MANAGER: Locus of focus is None
09:50:02.745845 - EVENT_MANAGER: Ignoring object:state-changed:showing due to multiple instances in short time

09:50:02.745990 - EVENT MANAGER: object:state-changed:showing for [button: 'Maximize' (0x7132c65c6a00)]  in org.gnome.Terminal (gtk 3.24.52) (1, 0, 0)
09:50:02.746009 - FOCUS MANAGER: Locus of focus is None
09:50:02.746072 - EVENT_MANAGER: Ignoring object:state-changed:showing due to multiple instances in short time

09:50:02.746214 - EVENT MANAGER: object:state-changed:showing for [button: 'Close' (0x7132c6626d80)]  in org.gnome.Terminal (gtk 3.24.52) (1, 0, 0)
09:50:02.746230 - FOCUS MANAGER: Locus of focus is None
09:50:02.746291 - EVENT_MANAGER: Ignoring object:state-changed:showing due to multiple instances in short time

09:50:02.746333 - EVENT MANAGER: object:state-changed:showing for [frame: 'Terminal' (0x7132c6626f00)]  in org.gnome.Terminal (gtk 3.24.52) (1, 0, 0)
09:50:02.746348 - FOCUS MANAGER: Locus of focus is None
09:50:02.746365 - EVENT MANAGER: Not ignoring object:state-changed:showing based on role
09:50:02.746395 - EVENT MANAGER: Queueing object:state-changed:showing for [frame: 'Terminal' (0x7132c6626f40)]  in org.gnome.Terminal (gtk 3.24.52) (1, 0, 0)
09:50:02.746410 - EVENT MANAGER: App for event source is [application: 'org.gnome.Terminal' (0x7132c7790700)] 
09:50:02.746426 - SCRIPT MANAGER: Getting script for [application: 'org.gnome.Terminal' (0x7132c7790700)]  [frame: 'Terminal' (0x7132c6626940)] 
09:50:02.746455 - SCRIPT MANAGER: Script is app script org.gnome.Terminal (module=orca.scripts.toolkits.gtk.script)
09:50:02.746490 - EVENT MANAGER: object:state-changed:showing for [frame: 'Terminal' (0x7132c6627040)]  in org.gnome.Terminal (gtk 3.24.52) (1, 0, 0) has priority level: 4
09:50:02.746527 - EVENT MANAGER: Queued object:state-changed:showing for [frame: 'Terminal' (0x7132c7706ec0)]  in org.gnome.Terminal (gtk 3.24.52) (1, 0, 0) priority: 4, counter: 5

09:50:02.746564 - EVENT MANAGER: object:children-changed:add for [application: 'org.gnome.Terminal' (0x7132c7790700)]  in org.gnome.Terminal (gtk 3.24.52) (0, 0, [frame: 'Terminal' (0x7132c6618580)])
09:50:02.746578 - FOCUS MANAGER: Locus of focus is None
09:50:02.746648 - SCRIPT MANAGER: Active script is: default (module=orca.scripts.default)
09:50:02.746658 - EVENT MANAGER: Ignoring object:children-changed:add because event is not from active app

09:50:02.746694 - EVENT MANAGER: window:create for [frame: 'Terminal' (0x7132c6627240)]  in org.gnome.Terminal (gtk 3.24.52) (0, 0, Terminal)
09:50:02.746724 - EVENT MANAGER: Queueing window:create for [frame: 'Terminal' (0x7132c7707200)]  in org.gnome.Terminal (gtk 3.24.52) (0, 0, Terminal)
09:50:02.746738 - EVENT MANAGER: App for event source is [application: 'org.gnome.Terminal' (0x7132c7790700)] 
09:50:02.746753 - SCRIPT MANAGER: Getting script for [application: 'org.gnome.Terminal' (0x7132c7790700)]  [frame: 'Terminal' (0x7132c7707200)] 
09:50:02.746775 - SCRIPT MANAGER: Script is app script org.gnome.Terminal (module=orca.scripts.toolkits.gtk.script)
09:50:02.746810 - EVENT MANAGER: window:create for [frame: 'Terminal' (0x7132c66272c0)]  in org.gnome.Terminal (gtk 3.24.52) (0, 0, Terminal) has priority level: 2
09:50:02.746844 - EVENT MANAGER: Queued window:create for [frame: 'Terminal' (0x7132c6627340)]  in org.gnome.Terminal (gtk 3.24.52) (0, 0, Terminal) priority: 2, counter: 6

09:50:02.746880 - EVENT MANAGER: window:activate for [frame: 'Terminal' (0x7132c6627440)]  in org.gnome.Terminal (gtk 3.24.52) (0, 0, Terminal)
09:50:02.746908 - EVENT MANAGER: Queueing window:activate for [frame: 'Terminal' (0x7132c65ff480)]  in org.gnome.Terminal (gtk 3.24.52) (0, 0, Terminal)
09:50:02.746921 - EVENT MANAGER: App for event source is [application: 'org.gnome.Terminal' (0x7132c7790700)] 
09:50:02.746936 - SCRIPT MANAGER: Getting script for [application: 'org.gnome.Terminal' (0x7132c7790700)]  [frame: 'Terminal' (0x7132c6627480)] 
09:50:02.746957 - SCRIPT MANAGER: Script is app script org.gnome.Terminal (module=orca.scripts.toolkits.gtk.script)
09:50:02.746998 - EVENT MANAGER: window:activate for [frame: 'Terminal' (0x7132c6627540)]  in org.gnome.Terminal (gtk 3.24.52) (0, 0, Terminal) has priority level: 2
09:50:02.747033 - EVENT MANAGER: Queued window:activate for [frame: 'Terminal' (0x7132c7707580)]  in org.gnome.Terminal (gtk 3.24.52) (0, 0, Terminal) priority: 2, counter: 7

09:50:02.747107 - EVENT MANAGER: object:state-changed:active for [frame: 'Terminal' (0x7132c779f380)]  in org.gnome.Terminal (gtk 3.24.52) (1, 0, 0)
09:50:02.747123 - FOCUS MANAGER: Locus of focus is None
09:50:02.747141 - EVENT MANAGER: Not ignoring object:state-changed:active based on role
09:50:02.747170 - EVENT MANAGER: Queueing object:state-changed:active for [frame: 'Terminal' (0x7132c6627780)]  in org.gnome.Terminal (gtk 3.24.52) (1, 0, 0)
09:50:02.747184 - EVENT MANAGER: App for event source is [application: 'org.gnome.Terminal' (0x7132c7790700)] 
09:50:02.747199 - SCRIPT MANAGER: Getting script for [application: 'org.gnome.Terminal' (0x7132c7790700)]  [frame: 'Terminal' (0x7132c66277c0)] 
09:50:02.747220 - SCRIPT MANAGER: Script is app script org.gnome.Terminal (module=orca.scripts.toolkits.gtk.script)
09:50:02.747259 - EVENT MANAGER: object:state-changed:active for [frame: 'Terminal' (0x7132c77a7700)]  in org.gnome.Terminal (gtk 3.24.52) (1, 0, 0) has priority level: 2
09:50:02.747291 - EVENT MANAGER: Queued object:state-changed:active for [frame: 'Terminal' (0x7132c6627700)]  in org.gnome.Terminal (gtk 3.24.52) (1, 0, 0) priority: 2, counter: 8

09:50:02.747514 - EVENT MANAGER: object:children-changed:add for [page tab list (0x7132c66278c0)]  in org.gnome.Terminal (gtk 3.24.52) (0, 0, [page tab (0x7132c6627900)])
09:50:02.747531 - FOCUS MANAGER: Locus of focus is None
09:50:02.747595 - EVENT_MANAGER: Ignoring object:children-changed:add due to multiple instances in short time

09:50:02.748298 - EVENT MANAGER: object:state-changed:focused for [terminal: 'Terminal' (0x7132c65ffa80)]  in org.gnome.Terminal (gtk 3.24.52) (1, 0, 0)
09:50:02.748320 - FOCUS MANAGER: Locus of focus is None
09:50:02.748376 - EVENT_MANAGER: Not ignoring object:state-changed:focused due to source being focused
09:50:02.748412 - EVENT MANAGER: Queueing object:state-changed:focused for [terminal: 'Terminal' (0x7132c6627ac0)]  in org.gnome.Terminal (gtk 3.24.52) (1, 0, 0)
09:50:02.748428 - EVENT MANAGER: App for event source is [application: 'org.gnome.Terminal' (0x7132c7790700)] 
09:50:02.748445 - SCRIPT MANAGER: Getting script for [application: 'org.gnome.Terminal' (0x7132c7790700)]  [terminal: 'Terminal' (0x7132c6627bc0)] 
09:50:02.748716 - SCRIPT MANAGER: Found orca.scripts.terminal
09:50:02.749403 - DEFAULT: Setting up commands for [application: 'org.gnome.Terminal' (0x7132c7790700)] 
09:50:02.749424 - DEFAULT: Commands already initialized.
09:50:02.749432 - SCRIPT: org.gnome.Terminal (module=orca.scripts.terminal.script) initialized
09:50:02.749507 - SCRIPT MANAGER: Script is custom script org.gnome.Terminal (module=orca.scripts.terminal.script)
09:50:02.749572 - EVENT MANAGER: object:state-changed:focused for [terminal: 'Terminal' (0x7132c6631840)]  in org.gnome.Terminal (gtk 3.24.52) (1, 0, 0) has priority level: 3
09:50:02.749614 - EVENT MANAGER: Queued object:state-changed:focused for [terminal: 'Terminal' (0x7132c66319c0)]  in org.gnome.Terminal (gtk 3.24.52) (1, 0, 0) priority: 3, counter: 9
09:50:02.749659 - CLIPBOARD PRESENTER: Possible change event object:text-changed:insert for [terminal: 'Terminal' (0x7132c6631a00)]  in org.gnome.Terminal (gtk 3.24.52) (0, 32, \n\n\n\n\n\n\n\n\n\n\n\n\n\n\n\n\n\n\n\n\n\n\n\n\n\n\n\n\n\n\n\n)

09:50:02.749723 - EVENT MANAGER: object:text-changed:insert for [terminal: 'Terminal' (0x7132c6631b00)]  in org.gnome.Terminal (gtk 3.24.52) (0, 32, \n\n\n\n\n\n\n\n\n\n\n\n\n\n\n\n\n\n\n\n\n\n\n\n\n\n\n\n\n\n\n\n)
09:50:02.749740 - FOCUS MANAGER: Locus of focus is None
09:50:02.749792 - EVENT_MANAGER: Not ignoring object:text-changed:insert due to source being focused
09:50:02.749829 - EVENT MANAGER: Queueing object:text-changed:insert for [terminal: 'Terminal' (0x7132c76f9c80)]  in org.gnome.Terminal (gtk 3.24.52) (0, 32, \n\n\n\n\n\n\n\n\n\n\n\n\n\n\n\n\n\n\n\n\n\n\n\n\n\n\n\n\n\n\n\n)
09:50:02.749848 - EVENT MANAGER: App for event source is [application: 'org.gnome.Terminal' (0x7132c7790700)] 
09:50:02.749864 - SCRIPT MANAGER: Getting script for [application: 'org.gnome.Terminal' (0x7132c7790700)]  [terminal: 'Terminal' (0x7132c65c6a00)] 
09:50:02.749888 - SCRIPT MANAGER: Script is custom script org.gnome.Terminal (module=orca.scripts.terminal.script)
09:50:02.749927 - EVENT MANAGER: object:text-changed:insert for [terminal: 'Terminal' (0x7132c6631e00)]  in org.gnome.Terminal (gtk 3.24.52) (0, 32, \n\n\n\n\n\n\n\n\n\n\n\n\n\n\n\n\n\n\n\n\n\n\n\n\n\n\n\n\n\n\n\n) has priority level: 4
09:50:02.749964 - EVENT MANAGER: Queued object:text-changed:insert for [terminal: 'Terminal' (0x7132c6631e80)]  in org.gnome.Terminal (gtk 3.24.52) (0, 32, \n\n\n\n\n\n\n\n\n\n\n\n\n\n\n\n\n\n\n\n\n\n\n\n\n\n\n\n\n\n\n\n) priority: 4, counter: 10

09:50:02.750014 - EVENT MANAGER: object:text-caret-moved for [terminal: 'Terminal' (0x7132c6631fc0)]  in org.gnome.Terminal (gtk 3.24.52) (0, 0, 0)
09:50:02.750030 - FOCUS MANAGER: Locus of focus is None
09:50:02.750077 - EVENT_MANAGER: Not ignoring object:text-caret-moved due to source being focused
09:50:02.750110 - EVENT MANAGER: Queueing object:text-caret-moved for [terminal: 'Terminal' (0x7132c66323c0)]  in org.gnome.Terminal (gtk 3.24.52) (0, 0, 0)
09:50:02.750126 - EVENT MANAGER: App for event source is [application: 'org.gnome.Terminal' (0x7132c7790700)] 
09:50:02.750146 - SCRIPT MANAGER: Getting script for [application: 'org.gnome.Terminal' (0x7132c7790700)]  [terminal: 'Terminal' (0x7132c66324c0)] 
09:50:02.750167 - SCRIPT MANAGER: Script is custom script org.gnome.Terminal (module=orca.scripts.terminal.script)
09:50:02.750206 - EVENT MANAGER: object:text-caret-moved for [terminal: 'Terminal' (0x7132c6632640)]  in org.gnome.Terminal (gtk 3.24.52) (0, 0, 0) has priority level: 4
09:50:02.750242 - EVENT MANAGER: Queued object:text-caret-moved for [terminal: 'Terminal' (0x7132c6632540)]  in org.gnome.Terminal (gtk 3.24.52) (0, 0, 0) priority: 4, counter: 11

09:50:02.750510 - EVENT MANAGER: object:children-changed:add for [desktop frame: 'main' (0x7132c6632840)]  in  (3, 0, [application: 'gnome-terminal' (0x7132c6632680)])
09:50:02.750534 - FOCUS MANAGER: Locus of focus is None
09:50:02.750625 - SCRIPT MANAGER: Active script is: default (module=orca.scripts.default)
09:50:02.750663 - EVENT MANAGER: Queueing object:children-changed:add for [desktop frame: 'main' (0x7132c66329c0)]  in  (3, 0, [application: 'gnome-terminal' (0x7132c6632940)])
09:50:02.750680 - EVENT MANAGER: App for event source is None
09:50:02.750698 - SCRIPT MANAGER: Getting script for None [desktop frame: 'main' (0x7132c6632980)] 
09:50:02.750859 - SCRIPT MANAGER: Script is app script default (module=orca.scripts.default)
09:50:02.751010 - EVENT MANAGER: object:children-changed:add for [desktop frame: 'main' (0x7132c6632d80)]  in  (3, 0, [application: 'gnome-terminal' (0x7132c6632d00)]) has priority level: 6
09:50:02.751112 - EVENT MANAGER: Queued object:children-changed:add for [desktop frame: 'main' (0x7132c6632e40)]  in  (3, 0, [application: 'gnome-terminal' (0x7132c6632a80)]) priority: 6, counter: 12
09:50:02.752271 - EVENT SOURCE:
                  app='org.gnome.Terminal (gtk 3.24.52)' name='New Tab' role='button' axid='' id=0x7132c66245c0
                  description=''
                  help=''
                  locale='C.UTF-8'
                  states='enabled, focusable, sensitive, showing, visible'
                  relations=''
                  actions='click'
                  interfaces='Action, Collection, Component, Image'
                  attributes='toolkit:gtk'
                  text=''
                  path=[-1, 0, 1, 0, 0]
                  
09:50:02.752319 - SCRIPT MANAGER: Active script is: default (module=orca.scripts.default)
09:50:02.752363 - FOCUS MANAGER: Locus of focus is None
09:50:02.752441 - EVENT MANAGER: Getting script for event for [application: 'org.gnome.Terminal' (0x7132c7790700)]  [button: 'New Tab' (0x7132e015dac0)] 
09:50:02.752492 - SCRIPT MANAGER: Getting script for [application: 'org.gnome.Terminal' (0x7132c7790700)]  [button: 'New Tab' (0x7132e015dac0)] 
09:50:02.752557 - SCRIPT MANAGER: Script is app script org.gnome.Terminal (module=orca.scripts.toolkits.gtk.script)
09:50:02.752590 - EVENT MANAGER: Script for event is org.gnome.Terminal (module=orca.scripts.toolkits.gtk.script)
09:50:02.755760 - EVENT MANAGER: Change active script: False (No reason found to activate a different script.)
09:50:02.755822 - EVENT MANAGER: Processing object:property-change:accessible-name: script handles events when inactive
09:50:02.755994 - FOCUS MANAGER: Locus of focus is None
09:50:02.756017 - AXUtilitiesEvent: The event is not from the locus of focus.
TOTAL PROCESSING TIME: 0.0189
^^^^^ FINISHED PRIORITY-4 OBJECT EVENT OBJECT:PROPERTY-CHANGE:ACCESSIBLE-NAME ^^^^^

09:50:02.756469 - EVENT MANAGER: Dequeueing window:create for [frame: 'Terminal' (0x7132c6631f80)]  in org.gnome.Terminal (gtk 3.24.52) (0, 0, Terminal)
09:50:02.756524 - EVENT MANAGER: Dequeued window:create for [frame: 'Terminal' (0x7132f2c83b40)]  in org.gnome.Terminal (gtk 3.24.52) (0, 0, Terminal) priority: 2, counter: 6

vvvvv START PRIORITY-2 OBJECT EVENT WINDOW:CREATE (queue size: 9) vvvvv
09:50:02.757468 - CLIPBOARD PRESENTER: Possible change event object:text-changed:delete for [terminal: 'Terminal' (0x7132c6633e80)]  in org.gnome.Terminal (gtk 3.24.52) (0, 2, \n\n)

09:50:02.757658 - EVENT MANAGER: object:text-changed:delete for [terminal: 'Terminal' (0x7132c6633ac0)]  in org.gnome.Terminal (gtk 3.24.52) (0, 2, \n\n)
09:50:02.757700 - FOCUS MANAGER: Locus of focus is None
09:50:02.757868 - EVENT_MANAGER: Not ignoring object:text-changed:delete due to source being focused
09:50:02.757960 - EVENT MANAGER: Queueing object:text-changed:delete for [terminal: 'Terminal' (0x7132c6634140)]  in org.gnome.Terminal (gtk 3.24.52) (0, 2, \n\n)
09:50:02.758015 - EVENT MANAGER: App for event source is [application: 'org.gnome.Terminal' (0x7132c7790700)] 
09:50:02.758069 - SCRIPT MANAGER: Getting script for [application: 'org.gnome.Terminal' (0x7132c7790700)]  [terminal: 'Terminal' (0x7132c6634200)] 
09:50:02.758126 - SCRIPT MANAGER: Script is custom script org.gnome.Terminal (module=orca.scripts.terminal.script)
09:50:02.758227 - EVENT MANAGER: object:text-changed:delete for [terminal: 'Terminal' (0x7132c6634300)]  in org.gnome.Terminal (gtk 3.24.52) (0, 2, \n\n) has priority level: 4
09:50:02.758328 - EVENT MANAGER: Queued object:text-changed:delete for [terminal: 'Terminal' (0x7132e0154200)]  in org.gnome.Terminal (gtk 3.24.52) (0, 2, \n\n) priority: 4, counter: 13
09:50:02.758379 - CLIPBOARD PRESENTER: Possible change event object:text-changed:insert for [terminal: 'Terminal' (0x7132c6633ac0)]  in org.gnome.Terminal (gtk 3.24.52) (29, 2, \n\n)

09:50:02.758434 - EVENT MANAGER: object:text-changed:insert for [terminal: 'Terminal' (0x7132c65c4440)]  in org.gnome.Terminal (gtk 3.24.52) (29, 2, \n\n)
09:50:02.758450 - FOCUS MANAGER: Locus of focus is None
09:50:02.758498 - EVENT_MANAGER: Not ignoring object:text-changed:insert due to source being focused
09:50:02.758535 - EVENT MANAGER: Queueing object:text-changed:insert for [terminal: 'Terminal' (0x7132c6634200)]  in org.gnome.Terminal (gtk 3.24.52) (29, 2, \n\n)
09:50:02.758551 - EVENT MANAGER: App for event source is [application: 'org.gnome.Terminal' (0x7132c7790700)] 
09:50:02.758567 - SCRIPT MANAGER: Getting script for [application: 'org.gnome.Terminal' (0x7132c7790700)]  [terminal: 'Terminal' (0x7132c6634200)] 
09:50:02.758589 - SCRIPT MANAGER: Script is custom script org.gnome.Terminal (module=orca.scripts.terminal.script)
09:50:02.758627 - EVENT MANAGER: object:text-changed:insert for [terminal: 'Terminal' (0x7132c6624540)]  in org.gnome.Terminal (gtk 3.24.52) (29, 2, \n\n) has priority level: 4
09:50:02.758663 - EVENT MANAGER: Queued object:text-changed:insert for [terminal: 'Terminal' (0x7132c65c4440)]  in org.gnome.Terminal (gtk 3.24.52) (29, 2, \n\n) priority: 4, counter: 14

09:50:02.759380 - EVENT MANAGER: object:children-changed:add for [desktop frame: 'main' (0x7132c6634440)]  in  (4, 0, [application: 'accessibility_probe' (0x7132c7769040)])
09:50:02.759439 - FOCUS MANAGER: Locus of focus is None
09:50:02.759584 - EVENT_MANAGER: Ignoring object:children-changed:add due to multiple instances in short time

09:50:02.760360 - EVENT MANAGER: object:children-changed:add for [desktop frame: 'main' (0x7132c6634480)]  in  (5, 0, [application: 'accessibility_probe' (0x7132c77890c0)])
09:50:02.760411 - FOCUS MANAGER: Locus of focus is None
09:50:02.760552 - EVENT_MANAGER: Ignoring object:children-changed:add due to multiple instances in short time

09:50:02.766382 - EVENT MANAGER: object:children-changed:add for [application: 'accessibility_probe' (0x7132c6634540)]  in accessibility_probe (AccessKit) (0, 0, [frame: 'Reactive TUI App accessibility round 1' (0x7132c77890c0)])
09:50:02.766496 - FOCUS MANAGER: Locus of focus is None
09:50:02.767187 - SCRIPT MANAGER: Active script is: default (module=orca.scripts.default)
09:50:02.767241 - EVENT MANAGER: Ignoring object:children-changed:add because event is not from active app

09:50:02.769256 - EVENT MANAGER: object:children-changed:add for [application: 'accessibility_probe' (0x7132c6634680)]  in accessibility_probe (AccessKit) (0, 0, [frame: 'Independent background App' (0x7132c6633ac0)])
09:50:02.769331 - FOCUS MANAGER: Locus of focus is None
09:50:02.769843 - SCRIPT MANAGER: Active script is: default (module=orca.scripts.default)
09:50:02.769875 - EVENT MANAGER: Ignoring object:children-changed:add because event is not from active app

09:50:02.770001 - EVENT MANAGER: window:deactivate for [frame: 'Terminal' (0x7132f2c83b40)]  in org.gnome.Terminal (gtk 3.24.52) (0, 0, Terminal)
09:50:02.770096 - EVENT MANAGER: Queueing window:deactivate for [frame: 'Terminal' (0x7132f2c83b40)]  in org.gnome.Terminal (gtk 3.24.52) (0, 0, Terminal)
09:50:02.770141 - EVENT MANAGER: App for event source is [application: 'org.gnome.Terminal' (0x7132c7790700)] 
09:50:02.770190 - SCRIPT MANAGER: Getting script for [application: 'org.gnome.Terminal' (0x7132c7790700)]  [frame: 'Terminal' (0x7132f2c83b40)] 
09:50:02.770252 - SCRIPT MANAGER: Script is app script org.gnome.Terminal (module=orca.scripts.toolkits.gtk.script)
09:50:02.770346 - EVENT MANAGER: window:deactivate for [frame: 'Terminal' (0x7132f2c83b40)]  in org.gnome.Terminal (gtk 3.24.52) (0, 0, Terminal) has priority level: 2
09:50:02.770442 - EVENT MANAGER: Queued window:deactivate for [frame: 'Terminal' (0x7132f2c83b40)]  in org.gnome.Terminal (gtk 3.24.52) (0, 0, Terminal) priority: 2, counter: 15

09:50:02.770671 - EVENT MANAGER: object:state-changed:focused for [terminal: 'Terminal' (0x7132c6634640)]  in org.gnome.Terminal (gtk 3.24.52) (0, 0, 0)
09:50:02.770699 - FOCUS MANAGER: Locus of focus is None
09:50:02.770805 - EVENT MANAGER: Queueing object:state-changed:focused for [terminal: 'Terminal' (0x7132c6624400)]  in org.gnome.Terminal (gtk 3.24.52) (0, 0, 0)
09:50:02.770825 - EVENT MANAGER: App for event source is [application: 'org.gnome.Terminal' (0x7132c7790700)] 
09:50:02.770842 - SCRIPT MANAGER: Getting script for [application: 'org.gnome.Terminal' (0x7132c7790700)]  [terminal: 'Terminal' (0x7132c65fc980)] 
09:50:02.770867 - SCRIPT MANAGER: Script is custom script org.gnome.Terminal (module=orca.scripts.terminal.script)
09:50:02.770906 - EVENT MANAGER: object:state-changed:focused for [terminal: 'Terminal' (0x7132c65fc940)]  in org.gnome.Terminal (gtk 3.24.52) (0, 0, 0) has priority level: 3
09:50:02.770943 - EVENT MANAGER: Queued object:state-changed:focused for [terminal: 'Terminal' (0x7132c6634400)]  in org.gnome.Terminal (gtk 3.24.52) (0, 0, 0) priority: 3, counter: 16

09:50:02.770984 - EVENT MANAGER: object:state-changed:active for [frame: 'Terminal' (0x7132f2c83b40)]  in org.gnome.Terminal (gtk 3.24.52) (0, 0, 0)
09:50:02.771000 - FOCUS MANAGER: Locus of focus is None
09:50:02.771017 - EVENT MANAGER: Not ignoring object:state-changed:active based on role
09:50:02.771045 - EVENT MANAGER: Queueing object:state-changed:active for [frame: 'Terminal' (0x7132f2c83b40)]  in org.gnome.Terminal (gtk 3.24.52) (0, 0, 0)
09:50:02.771059 - EVENT MANAGER: App for event source is [application: 'org.gnome.Terminal' (0x7132c7790700)] 
09:50:02.771074 - SCRIPT MANAGER: Getting script for [application: 'org.gnome.Terminal' (0x7132c7790700)]  [frame: 'Terminal' (0x7132f2c83b40)] 
09:50:02.771096 - SCRIPT MANAGER: Script is app script org.gnome.Terminal (module=orca.scripts.toolkits.gtk.script)
09:50:02.771134 - EVENT MANAGER: object:state-changed:active for [frame: 'Terminal' (0x7132f2c83b40)]  in org.gnome.Terminal (gtk 3.24.52) (0, 0, 0) has priority level: 2
09:50:02.771166 - EVENT MANAGER: Queued object:state-changed:active for [frame: 'Terminal' (0x7132f2c83b40)]  in org.gnome.Terminal (gtk 3.24.52) (0, 0, 0) priority: 2, counter: 17

09:50:02.771200 - EVENT MANAGER: window:activate for [frame: 'Terminal' (0x7132f2c83b40)]  in org.gnome.Terminal (gtk 3.24.52) (0, 0, Terminal)
09:50:02.771228 - EVENT MANAGER: Queueing window:activate for [frame: 'Terminal' (0x7132f2c83b40)]  in org.gnome.Terminal (gtk 3.24.52) (0, 0, Terminal)
09:50:02.771242 - EVENT MANAGER: App for event source is [application: 'org.gnome.Terminal' (0x7132c7790700)] 
09:50:02.771258 - SCRIPT MANAGER: Getting script for [application: 'org.gnome.Terminal' (0x7132c7790700)]  [frame: 'Terminal' (0x7132f2c83b40)] 
09:50:02.771278 - SCRIPT MANAGER: Script is app script org.gnome.Terminal (module=orca.scripts.toolkits.gtk.script)
09:50:02.771314 - EVENT MANAGER: window:activate for [frame: 'Terminal' (0x7132f2c83b40)]  in org.gnome.Terminal (gtk 3.24.52) (0, 0, Terminal) has priority level: 2
09:50:02.771347 - EVENT MANAGER: Queued window:activate for [frame: 'Terminal' (0x7132f2c83b40)]  in org.gnome.Terminal (gtk 3.24.52) (0, 0, Terminal) priority: 2, counter: 18

09:50:02.771403 - EVENT MANAGER: object:state-changed:focused for [terminal: 'Terminal' (0x7132c6624400)]  in org.gnome.Terminal (gtk 3.24.52) (1, 0, 0)
09:50:02.771416 - FOCUS MANAGER: Locus of focus is None
09:50:02.771463 - EVENT_MANAGER: Not ignoring object:state-changed:focused due to source being focused
09:50:02.771493 - EVENT MANAGER: Queueing object:state-changed:focused for [terminal: 'Terminal' (0x7132c6624400)]  in org.gnome.Terminal (gtk 3.24.52) (1, 0, 0)
09:50:02.771508 - EVENT MANAGER: App for event source is [application: 'org.gnome.Terminal' (0x7132c7790700)] 
09:50:02.771523 - SCRIPT MANAGER: Getting script for [application: 'org.gnome.Terminal' (0x7132c7790700)]  [terminal: 'Terminal' (0x7132c6634980)] 
09:50:02.771542 - SCRIPT MANAGER: Script is custom script org.gnome.Terminal (module=orca.scripts.terminal.script)
09:50:02.771577 - EVENT MANAGER: object:state-changed:focused for [terminal: 'Terminal' (0x7132c6624bc0)]  in org.gnome.Terminal (gtk 3.24.52) (1, 0, 0) has priority level: 3
09:50:02.771610 - EVENT MANAGER: Queued object:state-changed:focused for [terminal: 'Terminal' (0x7132c6624400)]  in org.gnome.Terminal (gtk 3.24.52) (1, 0, 0) priority: 3, counter: 19

09:50:02.771647 - EVENT MANAGER: object:state-changed:active for [frame: 'Terminal' (0x7132f2c83b40)]  in org.gnome.Terminal (gtk 3.24.52) (1, 0, 0)
09:50:02.771661 - FOCUS MANAGER: Locus of focus is None
09:50:02.771677 - EVENT MANAGER: Not ignoring object:state-changed:active based on role
09:50:02.771703 - EVENT MANAGER: Queueing object:state-changed:active for [frame: 'Terminal' (0x7132f2c83b40)]  in org.gnome.Terminal (gtk 3.24.52) (1, 0, 0)
09:50:02.771716 - EVENT MANAGER: App for event source is [application: 'org.gnome.Terminal' (0x7132c7790700)] 
09:50:02.771731 - SCRIPT MANAGER: Getting script for [application: 'org.gnome.Terminal' (0x7132c7790700)]  [frame: 'Terminal' (0x7132f2c83b40)] 
09:50:02.771751 - SCRIPT MANAGER: Script is app script org.gnome.Terminal (module=orca.scripts.toolkits.gtk.script)
09:50:02.771787 - EVENT MANAGER: object:state-changed:active for [frame: 'Terminal' (0x7132f2c83b40)]  in org.gnome.Terminal (gtk 3.24.52) (1, 0, 0) has priority level: 2
09:50:02.771818 - EVENT MANAGER: Queued object:state-changed:active for [frame: 'Terminal' (0x7132f2c83b40)]  in org.gnome.Terminal (gtk 3.24.52) (1, 0, 0) priority: 2, counter: 20

09:50:02.771855 - EVENT MANAGER: object:state-changed:focused for [terminal: 'Terminal' (0x7132c6624940)]  in org.gnome.Terminal (gtk 3.24.52) (1, 0, 0)
09:50:02.771869 - FOCUS MANAGER: Locus of focus is None
09:50:02.771913 - EVENT_MANAGER: Not ignoring object:state-changed:focused due to source being focused
09:50:02.771943 - EVENT MANAGER: Queueing object:state-changed:focused for [terminal: 'Terminal' (0x7132c6634ac0)]  in org.gnome.Terminal (gtk 3.24.52) (1, 0, 0)
09:50:02.771957 - EVENT MANAGER: App for event source is [application: 'org.gnome.Terminal' (0x7132c7790700)] 
09:50:02.771972 - SCRIPT MANAGER: Getting script for [application: 'org.gnome.Terminal' (0x7132c7790700)]  [terminal: 'Terminal' (0x7132c6634ac0)] 
09:50:02.771994 - SCRIPT MANAGER: Script is custom script org.gnome.Terminal (module=orca.scripts.terminal.script)
09:50:02.772030 - EVENT MANAGER: object:state-changed:focused for [terminal: 'Terminal' (0x7132c65fc980)]  in org.gnome.Terminal (gtk 3.24.52) (1, 0, 0) has priority level: 3
09:50:02.772062 - EVENT MANAGER: Queued object:state-changed:focused for [terminal: 'Terminal' (0x7132c6624bc0)]  in org.gnome.Terminal (gtk 3.24.52) (1, 0, 0) priority: 3, counter: 21

09:50:02.774172 - EVENT MANAGER: object:announcement for [label: 'Background calls 0' (0x7132c65fc980)]  in accessibility_probe (AccessKit) (1, 0, Background calls 0)
09:50:02.774251 - FOCUS MANAGER: Locus of focus is None
09:50:02.774868 - EVENT MANAGER: Queueing object:announcement for [label: 'Background calls 0' (0x7132c6634d80)]  in accessibility_probe (AccessKit) (1, 0, Background calls 0)
09:50:02.774920 - EVENT MANAGER: App for event source is [application: 'accessibility_probe' (0x7132c6634980)] 
09:50:02.774970 - SCRIPT MANAGER: Getting script for [application: 'accessibility_probe' (0x7132c6634980)]  [label: 'Background calls 0' (0x7132c6624b00)] 
09:50:02.775343 - SCRIPT MANAGER: Creating app script for [application: 'accessibility_probe' (0x7132c6634980)] 
09:50:02.775412 - SCRIPT MANAGER: Mapped [application: 'accessibility_probe' (0x7132c6634980)]  to accessibility_probe
09:50:02.776165 - DEFAULT: Setting up commands for [application: 'accessibility_probe' (0x7132c6634980)] 
09:50:02.776189 - DEFAULT: Commands already initialized.
09:50:02.776205 - SCRIPT: accessibility_probe (module=orca.scripts.default) initialized
09:50:02.776262 - SCRIPT MANAGER: Default script created for [application: 'accessibility_probe' (0x7132c6634980)]  (obj:  None)
09:50:02.776298 - SCRIPT MANAGER: Script is app script accessibility_probe (module=orca.scripts.default)
09:50:02.776643 - EVENT MANAGER: object:announcement for [label: 'Background calls 0' (0x7132c663a040)]  in accessibility_probe (AccessKit) (1, 0, Background calls 0) has priority level: 3
09:50:02.776759 - EVENT MANAGER: Queued object:announcement for [label: 'Background calls 0' (0x7132c66268c0)]  in accessibility_probe (AccessKit) (1, 0, Background calls 0) priority: 3, counter: 22

09:50:02.778357 - EVENT MANAGER: object:children-changed:add for [frame: 'Independent background App' (0x7132c66276c0)]  in accessibility_probe (AccessKit) (0, 0, [toggle button: 'Independent App action' (0x7132c65ff6c0)])
09:50:02.778441 - FOCUS MANAGER: Locus of focus is None
09:50:02.778517 - EVENT MANAGER: Not ignoring object:children-changed:add based on role
09:50:02.778620 - EVENT MANAGER: Queueing object:children-changed:add for [frame: 'Independent background App' (0x7132c6632180)]  in accessibility_probe (AccessKit) (0, 0, [toggle button: 'Independent App action' (0x7132c663a180)])
09:50:02.778669 - EVENT MANAGER: App for event source is [application: 'accessibility_probe' (0x7132c6634980)] 
09:50:02.778722 - SCRIPT MANAGER: Getting script for [application: 'accessibility_probe' (0x7132c6634980)]  [frame: 'Independent background App' (0x7132c774a700)] 
09:50:02.779191 - SCRIPT MANAGER: Script is app script accessibility_probe (module=orca.scripts.default)
09:50:02.779296 - EVENT MANAGER: object:children-changed:add for [frame: 'Independent background App' (0x7132c663a3c0)]  in accessibility_probe (AccessKit) (0, 0, [toggle button: 'Independent App action' (0x7132c663a300)]) has priority level: 6
09:50:02.779341 - EVENT MANAGER: Queued object:children-changed:add for [frame: 'Independent background App' (0x7132c663a3c0)]  in accessibility_probe (AccessKit) (0, 0, [toggle button: 'Independent App action' (0x7132c66323c0)]) priority: 6, counter: 23

09:50:02.779386 - EVENT MANAGER: object:children-changed:add for [frame: 'Independent background App' (0x7132c663a180)]  in accessibility_probe (AccessKit) (1, 0, [label: 'Background calls 0' (0x7132c663a340)])
09:50:02.779402 - FOCUS MANAGER: Locus of focus is None
09:50:02.779423 - EVENT MANAGER: Not ignoring object:children-changed:add based on role
09:50:02.779453 - EVENT MANAGER: Queueing object:children-changed:add for [frame: 'Independent background App' (0x7132c663a400)]  in accessibility_probe (AccessKit) (1, 0, [label: 'Background calls 0' (0x7132c663a140)])
09:50:02.779468 - EVENT MANAGER: App for event source is [application: 'accessibility_probe' (0x7132c6634980)] 
09:50:02.779485 - SCRIPT MANAGER: Getting script for [application: 'accessibility_probe' (0x7132c6634980)]  [frame: 'Independent background App' (0x7132c76fa440)] 
09:50:02.779796 - SCRIPT MANAGER: Script is app script accessibility_probe (module=orca.scripts.default)
09:50:02.779870 - EVENT MANAGER: object:children-changed:add for [frame: 'Independent background App' (0x7132c663a540)]  in accessibility_probe (AccessKit) (1, 0, [label: 'Background calls 0' (0x7132c663a500)]) has priority level: 6
09:50:02.779913 - EVENT MANAGER: Queued object:children-changed:add for [frame: 'Independent background App' (0x7132c663a140)]  in accessibility_probe (AccessKit) (1, 0, [label: 'Background calls 0' (0x7132c663a500)]) priority: 6, counter: 24

09:50:02.780559 - EVENT MANAGER: object:children-changed:add for [frame: 'Independent background App' (0x7132c663a440)]  in accessibility_probe (AccessKit) (2, 0, [button: 'CSS expanded control' (0x7132c663a140)])
09:50:02.780606 - FOCUS MANAGER: Locus of focus is None
09:50:02.780667 - EVENT MANAGER: Not ignoring object:children-changed:add based on role
09:50:02.780758 - EVENT MANAGER: Queueing object:children-changed:add for [frame: 'Independent background App' (0x7132c663a400)]  in accessibility_probe (AccessKit) (2, 0, [button: 'CSS expanded control' (0x7132c663a500)])
09:50:02.780803 - EVENT MANAGER: App for event source is [application: 'accessibility_probe' (0x7132c6634980)] 
09:50:02.780851 - SCRIPT MANAGER: Getting script for [application: 'accessibility_probe' (0x7132c6634980)]  [frame: 'Independent background App' (0x7132c663a600)] 
09:50:02.781058 - SCRIPT MANAGER: Script is app script accessibility_probe (module=orca.scripts.default)
09:50:02.781166 - EVENT MANAGER: object:children-changed:add for [frame: 'Independent background App' (0x7132c663a3c0)]  in accessibility_probe (AccessKit) (2, 0, [button: 'CSS expanded control' (0x7132c663a680)]) has priority level: 6
09:50:02.781263 - EVENT MANAGER: Queued object:children-changed:add for [frame: 'Independent background App' (0x7132c663a5c0)]  in accessibility_probe (AccessKit) (2, 0, [button: 'CSS expanded control' (0x7132c663a5c0)]) priority: 6, counter: 25

09:50:02.781709 - EVENT MANAGER: object:children-changed:add for [frame: 'Independent background App' (0x7132c663a380)]  in accessibility_probe (AccessKit) (3, 0, [heading: 'CSS direct label' (0x7132c663a600)])
09:50:02.781749 - FOCUS MANAGER: Locus of focus is None
09:50:02.781806 - EVENT MANAGER: Not ignoring object:children-changed:add based on role
09:50:02.781891 - EVENT MANAGER: Queueing object:children-changed:add for [frame: 'Independent background App' (0x7132c663a6c0)]  in accessibility_probe (AccessKit) (3, 0, [heading: 'CSS direct label' (0x7132c663a400)])
09:50:02.781934 - EVENT MANAGER: App for event source is [application: 'accessibility_probe' (0x7132c6634980)] 
09:50:02.781986 - SCRIPT MANAGER: Getting script for [application: 'accessibility_probe' (0x7132c6634980)]  [frame: 'Independent background App' (0x7132c774a700)] 
09:50:02.782205 - SCRIPT MANAGER: Script is app script accessibility_probe (module=orca.scripts.default)
09:50:02.782316 - EVENT MANAGER: object:children-changed:add for [frame: 'Independent background App' (0x7132c663a640)]  in accessibility_probe (AccessKit) (3, 0, [heading: 'CSS direct label' (0x7132c663a780)]) has priority level: 6
09:50:02.782373 - EVENT MANAGER: Queued object:children-changed:add for [frame: 'Independent background App' (0x7132c663a0c0)]  in accessibility_probe (AccessKit) (3, 0, [heading: 'CSS direct label' (0x7132c663a580)]) priority: 6, counter: 26

09:50:02.782706 - EVENT MANAGER: object:children-changed:add for [frame: 'Independent background App' (0x7132c663a7c0)]  in accessibility_probe (AccessKit) (4, 0, [list item: 'CSS selected option' (0x7132c663a7c0)])
09:50:02.782725 - FOCUS MANAGER: Locus of focus is None
09:50:02.782747 - EVENT MANAGER: Not ignoring object:children-changed:add based on role
09:50:02.782778 - EVENT MANAGER: Queueing object:children-changed:add for [frame: 'Independent background App' (0x7132c663a940)]  in accessibility_probe (AccessKit) (4, 0, [list item: 'CSS selected option' (0x7132c663a0c0)])
09:50:02.782794 - EVENT MANAGER: App for event source is [application: 'accessibility_probe' (0x7132c6634980)] 
09:50:02.782811 - SCRIPT MANAGER: Getting script for [application: 'accessibility_probe' (0x7132c6634980)]  [frame: 'Independent background App' (0x7132c663a700)] 
09:50:02.783010 - SCRIPT MANAGER: Script is app script accessibility_probe (module=orca.scripts.default)
09:50:02.783131 - EVENT MANAGER: object:children-changed:add for [frame: 'Independent background App' (0x7132c663aa80)]  in accessibility_probe (AccessKit) (4, 0, [list item: 'CSS selected option' (0x7132c663aa80)]) has priority level: 6
09:50:02.783227 - EVENT MANAGER: Queued object:children-changed:add for [frame: 'Independent background App' (0x7132c663ab40)]  in accessibility_probe (AccessKit) (4, 0, [list item: 'CSS selected option' (0x7132c663aa80)]) priority: 6, counter: 27

09:50:02.784015 - EVENT MANAGER: object:children-changed:add for [frame: 'Independent background App' (0x7132c663a700)]  in accessibility_probe (AccessKit) (5, 0, [label: 'CSS restored reader text' (0x7132c663aa80)])
09:50:02.784063 - FOCUS MANAGER: Locus of focus is None
09:50:02.784126 - EVENT MANAGER: Not ignoring object:children-changed:add based on role
09:50:02.784212 - EVENT MANAGER: Queueing object:children-changed:add for [frame: 'Independent background App' (0x7132c663acc0)]  in accessibility_probe (AccessKit) (5, 0, [label: 'CSS restored reader text' (0x7132c663acc0)])
09:50:02.784255 - EVENT MANAGER: App for event source is [application: 'accessibility_probe' (0x7132c6634980)] 
09:50:02.784300 - SCRIPT MANAGER: Getting script for [application: 'accessibility_probe' (0x7132c6634980)]  [frame: 'Independent background App' (0x7132c77badc0)] 
09:50:02.784640 - SCRIPT MANAGER: Script is app script accessibility_probe (module=orca.scripts.default)
09:50:02.784749 - EVENT MANAGER: object:children-changed:add for [frame: 'Independent background App' (0x7132c6632d80)]  in accessibility_probe (AccessKit) (5, 0, [label: 'CSS restored reader text' (0x7132c663ad80)]) has priority level: 6
09:50:02.784845 - EVENT MANAGER: Queued object:children-changed:add for [frame: 'Independent background App' (0x7132c663ad80)]  in accessibility_probe (AccessKit) (5, 0, [label: 'CSS restored reader text' (0x7132c663ab40)]) priority: 6, counter: 28

09:50:02.785595 - EVENT MANAGER: object:children-changed:add for [frame: 'Independent background App' (0x7132c663aec0)]  in accessibility_probe (AccessKit) (6, 0, [label: 'Reader-only nested detail' (0x7132c663ac40)])
09:50:02.785645 - FOCUS MANAGER: Locus of focus is None
09:50:02.785704 - EVENT MANAGER: Not ignoring object:children-changed:add based on role
09:50:02.785798 - EVENT MANAGER: Queueing object:children-changed:add for [frame: 'Independent background App' (0x7132c663afc0)]  in accessibility_probe (AccessKit) (6, 0, [label: 'Reader-only nested detail' (0x7132c663af00)])
09:50:02.785841 - EVENT MANAGER: App for event source is [application: 'accessibility_probe' (0x7132c6634980)] 
09:50:02.785888 - SCRIPT MANAGER: Getting script for [application: 'accessibility_probe' (0x7132c6634980)]  [frame: 'Independent background App' (0x7132c663b0c0)] 
09:50:02.786259 - SCRIPT MANAGER: Script is app script accessibility_probe (module=orca.scripts.default)
09:50:02.786406 - EVENT MANAGER: object:children-changed:add for [frame: 'Independent background App' (0x7132c776b080)]  in accessibility_probe (AccessKit) (6, 0, [label: 'Reader-only nested detail' (0x7132c663b080)]) has priority level: 6
09:50:02.786519 - EVENT MANAGER: Queued object:children-changed:add for [frame: 'Independent background App' (0x7132c76fb100)]  in accessibility_probe (AccessKit) (6, 0, [label: 'Reader-only nested detail' (0x7132c663b100)]) priority: 6, counter: 29

09:50:02.786640 - EVENT MANAGER: object:text-caret-moved for [terminal: 'Terminal' (0x7132c663b240)]  in org.gnome.Terminal (gtk 3.24.52) (3, 0, 0)
09:50:02.786681 - FOCUS MANAGER: Locus of focus is None
09:50:02.786853 - EVENT_MANAGER: Not ignoring object:text-caret-moved due to source being focused
09:50:02.786946 - EVENT MANAGER: Queueing object:text-caret-moved for [terminal: 'Terminal' (0x7132c663b4c0)]  in org.gnome.Terminal (gtk 3.24.52) (3, 0, 0)
09:50:02.787009 - EVENT MANAGER: App for event source is [application: 'org.gnome.Terminal' (0x7132c7790700)] 
09:50:02.787064 - SCRIPT MANAGER: Getting script for [application: 'org.gnome.Terminal' (0x7132c7790700)]  [terminal: 'Terminal' (0x7132c663b540)] 
09:50:02.787116 - SCRIPT MANAGER: Script is custom script org.gnome.Terminal (module=orca.scripts.terminal.script)
09:50:02.787218 - EVENT MANAGER: object:text-caret-moved for [terminal: 'Terminal' (0x7132c663b7c0)]  in org.gnome.Terminal (gtk 3.24.52) (3, 0, 0) has priority level: 4
09:50:02.787324 - EVENT MANAGER: Queued object:text-caret-moved for [terminal: 'Terminal' (0x7132c663b700)]  in org.gnome.Terminal (gtk 3.24.52) (3, 0, 0) priority: 4, counter: 30
09:50:02.787382 - CLIPBOARD PRESENTER: Possible change event object:text-changed:delete for [terminal: 'Terminal' (0x7132c663b6c0)]  in org.gnome.Terminal (gtk 3.24.52) (0, 3, \n\n\n)

09:50:02.787442 - EVENT MANAGER: object:text-changed:delete for [terminal: 'Terminal' (0x7132c663b880)]  in org.gnome.Terminal (gtk 3.24.52) (0, 3, \n\n\n)
09:50:02.787458 - FOCUS MANAGER: Locus of focus is None
09:50:02.787506 - EVENT_MANAGER: Not ignoring object:text-changed:delete due to source being focused
09:50:02.787538 - EVENT MANAGER: Queueing object:text-changed:delete for [terminal: 'Terminal' (0x7132c663b9c0)]  in org.gnome.Terminal (gtk 3.24.52) (0, 3, \n\n\n)
09:50:02.787554 - EVENT MANAGER: App for event source is [application: 'org.gnome.Terminal' (0x7132c7790700)] 
09:50:02.787569 - SCRIPT MANAGER: Getting script for [application: 'org.gnome.Terminal' (0x7132c7790700)]  [terminal: 'Terminal' (0x7132c663b940)] 
09:50:02.787592 - SCRIPT MANAGER: Script is custom script org.gnome.Terminal (module=orca.scripts.terminal.script)
09:50:02.787630 - EVENT MANAGER: object:text-changed:delete for [terminal: 'Terminal' (0x7132c663bac0)]  in org.gnome.Terminal (gtk 3.24.52) (0, 3, \n\n\n) has priority level: 4
09:50:02.787667 - EVENT MANAGER: Queued object:text-changed:delete for [terminal: 'Terminal' (0x7132c6633b40)]  in org.gnome.Terminal (gtk 3.24.52) (0, 3, \n\n\n) priority: 4, counter: 31
09:50:02.787712 - CLIPBOARD PRESENTER: Possible change event object:text-changed:insert for [terminal: 'Terminal' (0x7132c6633940)]  in org.gnome.Terminal (gtk 3.24.52) (0, 372, Overview ✕ ~ Unavailable~ Settings... ✕ \nProject overview \n \n (375 chars.))

09:50:02.787765 - EVENT MANAGER: object:text-changed:insert for [terminal: 'Terminal' (0x7132c663b940)]  in org.gnome.Terminal (gtk 3.24.52) (0, 372, Overview ✕ ~ Unavailable~ Settings... ✕ \nProject overview \n \n (375 chars.))
09:50:02.787780 - FOCUS MANAGER: Locus of focus is None
09:50:02.787825 - EVENT_MANAGER: Not ignoring object:text-changed:insert due to source being focused
09:50:02.787859 - EVENT MANAGER: Queueing object:text-changed:insert for [terminal: 'Terminal' (0x7132c663bac0)]  in org.gnome.Terminal (gtk 3.24.52) (0, 372, Overview ✕ ~ Unavailable~ Settings... ✕ \nProject overview \n \n (375 chars.))
09:50:02.787874 - EVENT MANAGER: App for event source is [application: 'org.gnome.Terminal' (0x7132c7790700)] 
09:50:02.787890 - SCRIPT MANAGER: Getting script for [application: 'org.gnome.Terminal' (0x7132c7790700)]  [terminal: 'Terminal' (0x7132c6633ac0)] 
09:50:02.787910 - SCRIPT MANAGER: Script is custom script org.gnome.Terminal (module=orca.scripts.terminal.script)
09:50:02.787948 - EVENT MANAGER: object:text-changed:insert for [terminal: 'Terminal' (0x7132c663bc00)]  in org.gnome.Terminal (gtk 3.24.52) (0, 372, Overview ✕ ~ Unavailable~ Settings... ✕ \nProject overview \n \n (375 chars.)) has priority level: 4
09:50:02.787991 - EVENT MANAGER: Queued object:text-changed:insert for [terminal: 'Terminal' (0x7132c663b640)]  in org.gnome.Terminal (gtk 3.24.52) (0, 372, Overview ✕ ~ Unavailable~ Settings... ✕ \nProject overview \n \n (375 chars.)) priority: 4, counter: 32

09:50:02.788029 - EVENT MANAGER: object:text-caret-moved for [terminal: 'Terminal' (0x7132c663bd00)]  in org.gnome.Terminal (gtk 3.24.52) (372, 0, 0)
09:50:02.788047 - FOCUS MANAGER: Locus of focus is None
09:50:02.788091 - EVENT_MANAGER: Not ignoring object:text-caret-moved due to source being focused
09:50:02.788122 - EVENT MANAGER: Queueing object:text-caret-moved for [terminal: 'Terminal' (0x7132c6633e40)]  in org.gnome.Terminal (gtk 3.24.52) (372, 0, 0)
09:50:02.788136 - EVENT MANAGER: App for event source is [application: 'org.gnome.Terminal' (0x7132c7790700)] 
09:50:02.788151 - SCRIPT MANAGER: Getting script for [application: 'org.gnome.Terminal' (0x7132c7790700)]  [terminal: 'Terminal' (0x7132c663bd40)] 
09:50:02.788171 - SCRIPT MANAGER: Script is custom script org.gnome.Terminal (module=orca.scripts.terminal.script)
09:50:02.788206 - EVENT MANAGER: object:text-caret-moved for [terminal: 'Terminal' (0x7132c6633ec0)]  in org.gnome.Terminal (gtk 3.24.52) (372, 0, 0) has priority level: 4
09:50:02.788239 - EVENT MANAGER: Queued object:text-caret-moved for [terminal: 'Terminal' (0x7132c6633ec0)]  in org.gnome.Terminal (gtk 3.24.52) (372, 0, 0) priority: 4, counter: 33
09:50:02.791200 - EVENT SOURCE:
                  app='org.gnome.Terminal (gtk 3.24.52)' name='Terminal' role='frame' axid='' id=0x7132f2c83b40
                  description=''
                  help=''
                  locale='C.UTF-8'
                  states='active, enabled, resizable, sensitive, showing, visible'
                  relations=''
                  actions=''
                  interfaces='Collection, Component'
                  attributes='toolkit:gtk, window-type:normal'
                  text=''
                  path=[-1, 0]
                  
09:50:02.791276 - SCRIPT MANAGER: Active script is: default (module=orca.scripts.default)
09:50:02.791325 - FOCUS MANAGER: Locus of focus is None
09:50:02.791407 - EVENT MANAGER: Getting script for event for [application: 'org.gnome.Terminal' (0x7132c7790700)]  [frame: 'Terminal' (0x7132f2c83b40)] 
09:50:02.791455 - SCRIPT MANAGER: Getting script for [application: 'org.gnome.Terminal' (0x7132c7790700)]  [frame: 'Terminal' (0x7132f2c83b40)] 
09:50:02.791512 - SCRIPT MANAGER: Script is app script org.gnome.Terminal (module=orca.scripts.toolkits.gtk.script)
09:50:02.791544 - EVENT MANAGER: Script for event is org.gnome.Terminal (module=orca.scripts.toolkits.gtk.script)
09:50:02.792686 - EVENT MANAGER: Change active script: False (No reason found to activate a different script.)
09:50:02.792721 - EVENT MANAGER: Processing window:create: script handles events when inactive
TOTAL PROCESSING TIME: 0.0362
^^^^^ FINISHED PRIORITY-2 OBJECT EVENT WINDOW:CREATE ^^^^^

09:50:02.793250 - EVENT MANAGER: Dequeueing window:activate for [frame: 'Terminal' (0x7132c77bbac0)]  in org.gnome.Terminal (gtk 3.24.52) (0, 0, Terminal)
09:50:02.793352 - EVENT MANAGER: Dequeued window:activate for [frame: 'Terminal' (0x7132c77bbac0)]  in org.gnome.Terminal (gtk 3.24.52) (0, 0, Terminal) priority: 2, counter: 7

vvvvv START PRIORITY-2 OBJECT EVENT WINDOW:ACTIVATE (queue size: 29) vvvvv
09:50:02.793908 - EVENT MANAGER: window:activate for [frame: 'Terminal' (0x7132c663a800)]  in org.gnome.Terminal (gtk 3.24.52) (0, 0, Terminal) obsoleted by window:activate for [frame: 'Terminal' (0x7132c77bbac0)]  in org.gnome.Terminal (gtk 3.24.52) (0, 0, Terminal) more recent duplicate
TOTAL PROCESSING TIME: 0.0006
^^^^^ FINISHED PRIORITY-2 OBJECT EVENT WINDOW:ACTIVATE ^^^^^


09:50:02.794618 - EVENT MANAGER: object:children-changed:add for [frame: 'Reactive TUI App accessibility round 1' (0x7132e017dd40)]  in accessibility_probe (AccessKit) (0, 0, [panel: 'Project sections' (0x7132c6625d40)])
09:50:02.794665 - FOCUS MANAGER: Locus of focus is None
09:50:02.794727 - EVENT MANAGER: Not ignoring object:children-changed:add based on role
09:50:02.794816 - EVENT MANAGER: Queueing object:children-changed:add for [frame: 'Reactive TUI App accessibility round 1' (0x7132c663bac0)]  in accessibility_probe (AccessKit) (0, 0, [panel: 'Project sections' (0x7132c6631c00)])
09:50:02.794860 - EVENT MANAGER: App for event source is [application: 'accessibility_probe' (0x7132c77adac0)] 
09:50:02.794907 - SCRIPT MANAGER: Getting script for [application: 'accessibility_probe' (0x7132c77adac0)]  [frame: 'Reactive TUI App accessibility round 1' (0x7132c663bac0)] 
09:50:02.795149 - SCRIPT MANAGER: Creating app script for [application: 'accessibility_probe' (0x7132c77adac0)] 
09:50:02.795215 - SCRIPT MANAGER: Mapped [application: 'accessibility_probe' (0x7132c77adac0)]  to accessibility_probe
09:50:02.799491 - DEFAULT: Setting up commands for [application: 'accessibility_probe' (0x7132c77adac0)] 
09:50:02.799532 - DEFAULT: Commands already initialized.
09:50:02.799539 - SCRIPT: accessibility_probe (module=orca.scripts.default) initialized
09:50:02.799570 - SCRIPT MANAGER: Default script created for [application: 'accessibility_probe' (0x7132c77adac0)]  (obj:  None)
09:50:02.799587 - SCRIPT MANAGER: Script is app script accessibility_probe (module=orca.scripts.default)
09:50:02.799657 - EVENT MANAGER: object:children-changed:add for [frame: 'Reactive TUI App accessibility round 1' (0x7132c6640a40)]  in accessibility_probe (AccessKit) (0, 0, [panel: 'Project sections' (0x7132c6640b80)]) has priority level: 6
09:50:02.799699 - EVENT MANAGER: Queued object:children-changed:add for [frame: 'Reactive TUI App accessibility round 1' (0x7132c6640a40)]  in accessibility_probe (AccessKit) (0, 0, [panel: 'Project sections' (0x7132c6618a40)]) priority: 6, counter: 34

09:50:02.800613 - EVENT MANAGER: object:selection-changed for [page tab list: 'Tabs' (0x7132c6626740)]  in accessibility_probe (AccessKit) (0, 0, 0)
09:50:02.800673 - FOCUS MANAGER: Locus of focus is None
09:50:02.801073 - EVENT MANAGER: Queueing object:selection-changed for [page tab list: 'Tabs' (0x7132c6640b40)]  in accessibility_probe (AccessKit) (0, 0, 0)
09:50:02.801105 - EVENT MANAGER: App for event source is [application: 'accessibility_probe' (0x7132c77adac0)] 
09:50:02.801124 - SCRIPT MANAGER: Getting script for [application: 'accessibility_probe' (0x7132c77adac0)]  [page tab list: 'Tabs' (0x7132c77bbac0)] 
09:50:02.801377 - SCRIPT MANAGER: Script is app script accessibility_probe (module=orca.scripts.default)
09:50:02.801492 - EVENT MANAGER: object:selection-changed for [page tab list: 'Tabs' (0x7132c6640c40)]  in accessibility_probe (AccessKit) (0, 0, 0) has priority level: 4
09:50:02.801592 - EVENT MANAGER: Queued object:selection-changed for [page tab list: 'Tabs' (0x7132c6626740)]  in accessibility_probe (AccessKit) (0, 0, 0) priority: 4, counter: 35

09:50:02.801699 - EVENT MANAGER: window:activate for [frame: 'Reactive TUI App accessibility round 1' (0x7132c663b4c0)]  in accessibility_probe (AccessKit) (0, 0, Reactive TUI App accessibility round 1)
09:50:02.801782 - EVENT MANAGER: Queueing window:activate for [frame: 'Reactive TUI App accessibility round 1' (0x7132c663bac0)]  in accessibility_probe (AccessKit) (0, 0, Reactive TUI App accessibility round 1)
09:50:02.801824 - EVENT MANAGER: App for event source is [application: 'accessibility_probe' (0x7132c77adac0)] 
09:50:02.801873 - SCRIPT MANAGER: Getting script for [application: 'accessibility_probe' (0x7132c77adac0)]  [frame: 'Reactive TUI App accessibility round 1' (0x7132c663bac0)] 
09:50:02.802181 - SCRIPT MANAGER: Script is app script accessibility_probe (module=orca.scripts.default)
09:50:02.802250 - EVENT MANAGER: window:activate for [frame: 'Reactive TUI App accessibility round 1' (0x7132c6640d00)]  in accessibility_probe (AccessKit) (0, 0, Reactive TUI App accessibility round 1) has priority level: 2
09:50:02.802294 - EVENT MANAGER: Queued window:activate for [frame: 'Reactive TUI App accessibility round 1' (0x7132c6640d40)]  in accessibility_probe (AccessKit) (0, 0, Reactive TUI App accessibility round 1) priority: 2, counter: 36

09:50:02.802470 - EVENT MANAGER: object:state-changed:active for [frame: 'Reactive TUI App accessibility round 1' (0x7132c6633ac0)]  in accessibility_probe (AccessKit) (1, 0, 0)
09:50:02.802514 - FOCUS MANAGER: Locus of focus is None
09:50:02.802580 - EVENT MANAGER: Not ignoring object:state-changed:active based on role
09:50:02.802668 - EVENT MANAGER: Queueing object:state-changed:active for [frame: 'Reactive TUI App accessibility round 1' (0x7132c6640d00)]  in accessibility_probe (AccessKit) (1, 0, 0)
09:50:02.802721 - EVENT MANAGER: App for event source is [application: 'accessibility_probe' (0x7132c77adac0)] 
09:50:02.802771 - SCRIPT MANAGER: Getting script for [application: 'accessibility_probe' (0x7132c77adac0)]  [frame: 'Reactive TUI App accessibility round 1' (0x7132c77bbac0)] 
09:50:02.802995 - SCRIPT MANAGER: Script is app script accessibility_probe (module=orca.scripts.default)
09:50:02.803046 - EVENT MANAGER: object:state-changed:active for [frame: 'Reactive TUI App accessibility round 1' (0x7132c6640c80)]  in accessibility_probe (AccessKit) (1, 0, 0) has priority level: 2
09:50:02.803082 - EVENT MANAGER: Queued object:state-changed:active for [frame: 'Reactive TUI App accessibility round 1' (0x7132c6640d00)]  in accessibility_probe (AccessKit) (1, 0, 0) priority: 2, counter: 37

09:50:02.803123 - EVENT MANAGER: object:active-descendant-changed for [application: 'accessibility_probe' (0x7132c77adac0)]  in accessibility_probe (AccessKit) (0, 0, [frame: 'Reactive TUI App accessibility round 1' (0x7132c663b340)])
09:50:02.803138 - FOCUS MANAGER: Locus of focus is None
09:50:02.803219 - EVENT MANAGER: Queueing object:active-descendant-changed for [application: 'accessibility_probe' (0x7132c77adac0)]  in accessibility_probe (AccessKit) (0, 0, [frame: 'Reactive TUI App accessibility round 1' (0x7132c6640d80)])
09:50:02.803235 - EVENT MANAGER: App for event source is [application: 'accessibility_probe' (0x7132c77adac0)] 
09:50:02.803251 - SCRIPT MANAGER: Getting script for [application: 'accessibility_probe' (0x7132c77adac0)]  [application: 'accessibility_probe' (0x7132c77adac0)] 
09:50:02.803455 - SCRIPT MANAGER: Script is app script accessibility_probe (module=orca.scripts.default)
09:50:02.803495 - EVENT MANAGER: object:active-descendant-changed for [application: 'accessibility_probe' (0x7132c77adac0)]  in accessibility_probe (AccessKit) (0, 0, [frame: 'Reactive TUI App accessibility round 1' (0x7132c6640d00)]) has priority level: 3
09:50:02.803531 - EVENT MANAGER: Queued object:active-descendant-changed for [application: 'accessibility_probe' (0x7132c77adac0)]  in accessibility_probe (AccessKit) (0, 0, [frame: 'Reactive TUI App accessibility round 1' (0x7132c6640a80)]) priority: 3, counter: 38

09:50:02.803569 - EVENT MANAGER: object:state-changed:focused for [panel: 'Project sections' (0x7132c6640d40)]  in accessibility_probe (AccessKit) (1, 0, 0)
09:50:02.803584 - FOCUS MANAGER: Locus of focus is None
09:50:02.803831 - EVENT MANAGER: Queueing object:state-changed:focused for [panel: 'Project sections' (0x7132e05f0dc0)]  in accessibility_probe (AccessKit) (1, 0, 0)
09:50:02.803849 - EVENT MANAGER: App for event source is [application: 'accessibility_probe' (0x7132c77adac0)] 
09:50:02.803865 - SCRIPT MANAGER: Getting script for [application: 'accessibility_probe' (0x7132c77adac0)]  [panel: 'Project sections' (0x7132e05f0dc0)] 
09:50:02.804014 - SCRIPT MANAGER: Script is app script accessibility_probe (module=orca.scripts.default)
09:50:02.804056 - EVENT MANAGER: object:state-changed:focused for [panel: 'Project sections' (0x7132c6640e80)]  in accessibility_probe (AccessKit) (1, 0, 0) has priority level: 3
09:50:02.804092 - EVENT MANAGER: Queued object:state-changed:focused for [panel: 'Project sections' (0x7132c6640dc0)]  in accessibility_probe (AccessKit) (1, 0, 0) priority: 3, counter: 39

09:50:02.804130 - EVENT MANAGER: window:deactivate for [frame: 'Reactive TUI App accessibility round 1' (0x7132c6640b00)]  in accessibility_probe (AccessKit) (0, 0, Reactive TUI App accessibility round 1)
09:50:02.804158 - EVENT MANAGER: Queueing window:deactivate for [frame: 'Reactive TUI App accessibility round 1' (0x7132c6640b80)]  in accessibility_probe (AccessKit) (0, 0, Reactive TUI App accessibility round 1)
09:50:02.804172 - EVENT MANAGER: App for event source is [application: 'accessibility_probe' (0x7132c77adac0)] 
09:50:02.804188 - SCRIPT MANAGER: Getting script for [application: 'accessibility_probe' (0x7132c77adac0)]  [frame: 'Reactive TUI App accessibility round 1' (0x7132c6640dc0)] 
09:50:02.804342 - SCRIPT MANAGER: Script is app script accessibility_probe (module=orca.scripts.default)
09:50:02.804385 - EVENT MANAGER: window:deactivate for [frame: 'Reactive TUI App accessibility round 1' (0x7132c6640fc0)]  in accessibility_probe (AccessKit) (0, 0, Reactive TUI App accessibility round 1) has priority level: 2
09:50:02.804419 - EVENT MANAGER: Queued window:deactivate for [frame: 'Reactive TUI App accessibility round 1' (0x7132c6641000)]  in accessibility_probe (AccessKit) (0, 0, Reactive TUI App accessibility round 1) priority: 2, counter: 40

09:50:02.804558 - EVENT MANAGER: object:state-changed:active for [frame: 'Reactive TUI App accessibility round 1' (0x7132c6618dc0)]  in accessibility_probe (AccessKit) (0, 0, 0)
09:50:02.804599 - FOCUS MANAGER: Locus of focus is None
09:50:02.804662 - EVENT MANAGER: Not ignoring object:state-changed:active based on role
09:50:02.804750 - EVENT MANAGER: Queueing object:state-changed:active for [frame: 'Reactive TUI App accessibility round 1' (0x7132c6640ec0)]  in accessibility_probe (AccessKit) (0, 0, 0)
09:50:02.804795 - EVENT MANAGER: App for event source is [application: 'accessibility_probe' (0x7132c77adac0)] 
09:50:02.804843 - SCRIPT MANAGER: Getting script for [application: 'accessibility_probe' (0x7132c77adac0)]  [frame: 'Reactive TUI App accessibility round 1' (0x7132c6641100)] 
09:50:02.805115 - SCRIPT MANAGER: Script is app script accessibility_probe (module=orca.scripts.default)
09:50:02.805254 - EVENT MANAGER: object:state-changed:active for [frame: 'Reactive TUI App accessibility round 1' (0x7132c6640dc0)]  in accessibility_probe (AccessKit) (0, 0, 0) has priority level: 2
09:50:02.805357 - EVENT MANAGER: Queued object:state-changed:active for [frame: 'Reactive TUI App accessibility round 1' (0x7132c6640d40)]  in accessibility_probe (AccessKit) (0, 0, 0) priority: 2, counter: 41

09:50:02.805463 - EVENT MANAGER: object:state-changed:focused for [panel: 'Project sections' (0x7132c6641140)]  in accessibility_probe (AccessKit) (0, 0, 0)
09:50:02.805514 - FOCUS MANAGER: Locus of focus is None
09:50:02.805605 - EVENT_MANAGER: Ignoring object:state-changed:focused due to multiple instances in short time

09:50:02.805664 - EVENT MANAGER: window:activate for [frame: 'Reactive TUI App accessibility round 1' (0x7132c6641200)]  in accessibility_probe (AccessKit) (0, 0, Reactive TUI App accessibility round 1)
09:50:02.805698 - EVENT MANAGER: Queueing window:activate for [frame: 'Reactive TUI App accessibility round 1' (0x7132c6641240)]  in accessibility_probe (AccessKit) (0, 0, Reactive TUI App accessibility round 1)
09:50:02.805713 - EVENT MANAGER: App for event source is [application: 'accessibility_probe' (0x7132c77adac0)] 
09:50:02.805731 - SCRIPT MANAGER: Getting script for [application: 'accessibility_probe' (0x7132c77adac0)]  [frame: 'Reactive TUI App accessibility round 1' (0x7132c6640b80)] 
09:50:02.805936 - SCRIPT MANAGER: Script is app script accessibility_probe (module=orca.scripts.default)
09:50:02.805974 - EVENT MANAGER: window:activate for [frame: 'Reactive TUI App accessibility round 1' (0x7132c66413c0)]  in accessibility_probe (AccessKit) (0, 0, Reactive TUI App accessibility round 1) has priority level: 2
09:50:02.806021 - EVENT MANAGER: Queued window:activate for [frame: 'Reactive TUI App accessibility round 1' (0x7132c6641380)]  in accessibility_probe (AccessKit) (0, 0, Reactive TUI App accessibility round 1) priority: 2, counter: 42

09:50:02.806076 - EVENT MANAGER: object:state-changed:active for [frame: 'Reactive TUI App accessibility round 1' (0x7132c6641180)]  in accessibility_probe (AccessKit) (1, 0, 0)
09:50:02.806090 - FOCUS MANAGER: Locus of focus is None
09:50:02.806108 - EVENT MANAGER: Not ignoring object:state-changed:active based on role
09:50:02.806139 - EVENT MANAGER: Queueing object:state-changed:active for [frame: 'Reactive TUI App accessibility round 1' (0x7132c66412c0)]  in accessibility_probe (AccessKit) (1, 0, 0)
09:50:02.806157 - EVENT MANAGER: App for event source is [application: 'accessibility_probe' (0x7132c77adac0)] 
09:50:02.806173 - SCRIPT MANAGER: Getting script for [application: 'accessibility_probe' (0x7132c77adac0)]  [frame: 'Reactive TUI App accessibility round 1' (0x7132c6634340)] 
09:50:02.807093 - SCRIPT MANAGER: Script is app script accessibility_probe (module=orca.scripts.default)
09:50:02.807161 - EVENT MANAGER: object:state-changed:active for [frame: 'Reactive TUI App accessibility round 1' (0x7132c6641400)]  in accessibility_probe (AccessKit) (1, 0, 0) has priority level: 2
09:50:02.807199 - EVENT MANAGER: Queued object:state-changed:active for [frame: 'Reactive TUI App accessibility round 1' (0x7132c6641680)]  in accessibility_probe (AccessKit) (1, 0, 0) priority: 2, counter: 43

09:50:02.807239 - EVENT MANAGER: object:active-descendant-changed for [application: 'accessibility_probe' (0x7132c77adac0)]  in accessibility_probe (AccessKit) (0, 0, [frame: 'Reactive TUI App accessibility round 1' (0x7132c6641480)])
09:50:02.807254 - FOCUS MANAGER: Locus of focus is None
09:50:02.807299 - EVENT_MANAGER: Ignoring object:active-descendant-changed due to multiple instances in short time

09:50:02.807339 - EVENT MANAGER: object:state-changed:focused for [panel: 'Project sections' (0x7132c66413c0)]  in accessibility_probe (AccessKit) (1, 0, 0)
09:50:02.807352 - FOCUS MANAGER: Locus of focus is None
09:50:02.807398 - EVENT_MANAGER: Not ignoring object:state-changed:focused due to source being focused
09:50:02.807429 - EVENT MANAGER: Queueing object:state-changed:focused for [panel: 'Project sections' (0x7132c65ff940)]  in accessibility_probe (AccessKit) (1, 0, 0)
09:50:02.807445 - EVENT MANAGER: App for event source is [application: 'accessibility_probe' (0x7132c77adac0)] 
09:50:02.807461 - SCRIPT MANAGER: Getting script for [application: 'accessibility_probe' (0x7132c77adac0)]  [panel: 'Project sections' (0x7132c6641840)] 
09:50:02.807753 - SCRIPT MANAGER: Script is app script accessibility_probe (module=orca.scripts.default)
09:50:02.807863 - EVENT MANAGER: object:state-changed:focused for [panel: 'Project sections' (0x7132c66419c0)]  in accessibility_probe (AccessKit) (1, 0, 0) has priority level: 3
09:50:02.807956 - EVENT MANAGER: Queued object:state-changed:focused for [panel: 'Project sections' (0x7132c66341c0)]  in accessibility_probe (AccessKit) (1, 0, 0) priority: 3, counter: 44

09:50:02.808070 - EVENT MANAGER: object:text-caret-moved for [terminal: 'Terminal' (0x7132c66419c0)]  in org.gnome.Terminal (gtk 3.24.52) (400, 0, 0)
09:50:02.808104 - FOCUS MANAGER: Locus of focus is None
09:50:02.808252 - EVENT_MANAGER: Not ignoring object:text-caret-moved due to source being focused
09:50:02.808336 - EVENT MANAGER: Queueing object:text-caret-moved for [terminal: 'Terminal' (0x7132c6640d40)]  in org.gnome.Terminal (gtk 3.24.52) (400, 0, 0)
09:50:02.808378 - EVENT MANAGER: App for event source is [application: 'org.gnome.Terminal' (0x7132c7790700)] 
09:50:02.808424 - SCRIPT MANAGER: Getting script for [application: 'org.gnome.Terminal' (0x7132c7790700)]  [terminal: 'Terminal' (0x7132c66419c0)] 
09:50:02.808474 - SCRIPT MANAGER: Script is custom script org.gnome.Terminal (module=orca.scripts.terminal.script)
09:50:02.808569 - EVENT MANAGER: object:text-caret-moved for [terminal: 'Terminal' (0x7132c6641a00)]  in org.gnome.Terminal (gtk 3.24.52) (400, 0, 0) has priority level: 4
09:50:02.808660 - EVENT MANAGER: Queued object:text-caret-moved for [terminal: 'Terminal' (0x7132c6641980)]  in org.gnome.Terminal (gtk 3.24.52) (400, 0, 0) priority: 4, counter: 45
09:50:02.808753 - CLIPBOARD PRESENTER: Possible change event object:text-changed:delete for [terminal: 'Terminal' (0x7132c6631e80)]  in org.gnome.Terminal (gtk 3.24.52) (372, 28, \n\n\n\n\n\n\n\n\n\n\n\n\n\n\n\n\n\n\n\n\n\n\n\n\n\n\n\n)

09:50:02.808882 - EVENT MANAGER: object:text-changed:delete for [terminal: 'Terminal' (0x7132c66419c0)]  in org.gnome.Terminal (gtk 3.24.52) (372, 28, \n\n\n\n\n\n\n\n\n\n\n\n\n\n\n\n\n\n\n\n\n\n\n\n\n\n\n\n)
09:50:02.808914 - FOCUS MANAGER: Locus of focus is None
09:50:02.809071 - EVENT_MANAGER: Not ignoring object:text-changed:delete due to source being focused
09:50:02.809159 - EVENT MANAGER: Queueing object:text-changed:delete for [terminal: 'Terminal' (0x7132c6640d40)]  in org.gnome.Terminal (gtk 3.24.52) (372, 28, \n\n\n\n\n\n\n\n\n\n\n\n\n\n\n\n\n\n\n\n\n\n\n\n\n\n\n\n)
09:50:02.809201 - EVENT MANAGER: App for event source is [application: 'org.gnome.Terminal' (0x7132c7790700)] 
09:50:02.809245 - SCRIPT MANAGER: Getting script for [application: 'org.gnome.Terminal' (0x7132c7790700)]  [terminal: 'Terminal' (0x7132c6641a40)] 
09:50:02.809289 - SCRIPT MANAGER: Script is custom script org.gnome.Terminal (module=orca.scripts.terminal.script)
09:50:02.809384 - EVENT MANAGER: object:text-changed:delete for [terminal: 'Terminal' (0x7132c6641b80)]  in org.gnome.Terminal (gtk 3.24.52) (372, 28, \n\n\n\n\n\n\n\n\n\n\n\n\n\n\n\n\n\n\n\n\n\n\n\n\n\n\n\n) has priority level: 4
09:50:02.809474 - EVENT MANAGER: Queued object:text-changed:delete for [terminal: 'Terminal' (0x7132c6641ac0)]  in org.gnome.Terminal (gtk 3.24.52) (372, 28, \n\n\n\n\n\n\n\n\n\n\n\n\n\n\n\n\n\n\n\n\n\n\n\n\n\n\n\n) priority: 4, counter: 46
09:50:02.809587 - CLIPBOARD PRESENTER: Possible change event object:text-changed:insert for [terminal: 'Terminal' (0x7132c6641a40)]  in org.gnome.Terminal (gtk 3.24.52) (372, 2859, \n \n \n \n \n... \n \n \n \n \n (2887 chars.))

09:50:02.809726 - EVENT MANAGER: object:text-changed:insert for [terminal: 'Terminal' (0x7132c6640d40)]  in org.gnome.Terminal (gtk 3.24.52) (372, 2859, \n \n \n \n \n... \n \n \n \n \n (2887 chars.))
09:50:02.809759 - FOCUS MANAGER: Locus of focus is None
09:50:02.809902 - EVENT_MANAGER: Not ignoring object:text-changed:insert due to source being focused
09:50:02.810002 - EVENT MANAGER: Queueing object:text-changed:insert for [terminal: 'Terminal' (0x7132c6641b40)]  in org.gnome.Terminal (gtk 3.24.52) (372, 2859, \n \n \n \n \n... \n \n \n \n \n (2887 chars.))
09:50:02.810048 - EVENT MANAGER: App for event source is [application: 'org.gnome.Terminal' (0x7132c7790700)] 
09:50:02.810093 - SCRIPT MANAGER: Getting script for [application: 'org.gnome.Terminal' (0x7132c7790700)]  [terminal: 'Terminal' (0x7132c6631ac0)] 
09:50:02.810138 - SCRIPT MANAGER: Script is custom script org.gnome.Terminal (module=orca.scripts.terminal.script)
09:50:02.810242 - EVENT MANAGER: object:text-changed:insert for [terminal: 'Terminal' (0x7132c6641c40)]  in org.gnome.Terminal (gtk 3.24.52) (372, 2859, \n \n \n \n \n... \n \n \n \n \n (2887 chars.)) has priority level: 4
09:50:02.810346 - EVENT MANAGER: Queued object:text-changed:insert for [terminal: 'Terminal' (0x7132c76f9c80)]  in org.gnome.Terminal (gtk 3.24.52) (372, 2859, \n \n \n \n \n... \n \n \n \n \n (2887 chars.)) priority: 4, counter: 47

09:50:02.810444 - EVENT MANAGER: object:text-caret-moved for [terminal: 'Terminal' (0x7132c6640b80)]  in org.gnome.Terminal (gtk 3.24.52) (3231, 0, 0)
09:50:02.810477 - FOCUS MANAGER: Locus of focus is None
09:50:02.810619 - EVENT_MANAGER: Not ignoring object:text-caret-moved due to source being focused
09:50:02.810704 - EVENT MANAGER: Queueing object:text-caret-moved for [terminal: 'Terminal' (0x7132c6641d00)]  in org.gnome.Terminal (gtk 3.24.52) (3231, 0, 0)
09:50:02.810746 - EVENT MANAGER: App for event source is [application: 'org.gnome.Terminal' (0x7132c7790700)] 
09:50:02.810791 - SCRIPT MANAGER: Getting script for [application: 'org.gnome.Terminal' (0x7132c7790700)]  [terminal: 'Terminal' (0x7132c6641d00)] 
09:50:02.810836 - SCRIPT MANAGER: Script is custom script org.gnome.Terminal (module=orca.scripts.terminal.script)
09:50:02.810931 - EVENT MANAGER: object:text-caret-moved for [terminal: 'Terminal' (0x7132c6641e40)]  in org.gnome.Terminal (gtk 3.24.52) (3231, 0, 0) has priority level: 4
09:50:02.811047 - EVENT MANAGER: Queued object:text-caret-moved for [terminal: 'Terminal' (0x7132c6640d40)]  in org.gnome.Terminal (gtk 3.24.52) (3231, 0, 0) priority: 4, counter: 48

09:50:02.812250 - EVENT MANAGER: object:property-change:accessible-name for [label: '▶Overview' (0x7132c6639d00)]  in accessibility_probe (AccessKit) (0, 0, ▶Overview)
09:50:02.812334 - FOCUS MANAGER: Locus of focus is None
09:50:02.812838 - EVENT MANAGER: Queueing object:property-change:accessible-name for [label: '▶Overview' (0x7132c6641b40)]  in accessibility_probe (AccessKit) (0, 0, ▶Overview)
09:50:02.812902 - EVENT MANAGER: App for event source is [application: 'accessibility_probe' (0x7132c77adac0)] 
09:50:02.812958 - SCRIPT MANAGER: Getting script for [application: 'accessibility_probe' (0x7132c77adac0)]  [label: '▶Overview' (0x7132c7749d00)] 
09:50:02.813211 - SCRIPT MANAGER: Script is app script accessibility_probe (module=orca.scripts.default)
09:50:02.813343 - EVENT MANAGER: object:property-change:accessible-name for [label: '▶Overview' (0x7132c6641e80)]  in accessibility_probe (AccessKit) (0, 0, ▶Overview) has priority level: 4
09:50:02.813454 - EVENT MANAGER: Queued object:property-change:accessible-name for [label: '▶Overview' (0x7132c6641440)]  in accessibility_probe (AccessKit) (0, 0, ▶Overview) priority: 4, counter: 49

09:50:02.813808 - EVENT MANAGER: object:state-changed:focused for [page tab: 'Overview' (0x7132c6641e00)]  in accessibility_probe (AccessKit) (1, 0, 0)
09:50:02.813853 - FOCUS MANAGER: Locus of focus is None
09:50:02.814194 - EVENT_MANAGER: Ignoring object:state-changed:focused due to multiple instances in short time

09:50:02.814331 - EVENT MANAGER: object:state-changed:focused for [panel: 'Project sections' (0x7132c6641e40)]  in accessibility_probe (AccessKit) (0, 0, 0)
09:50:02.814371 - FOCUS MANAGER: Locus of focus is None
09:50:02.814517 - EVENT_MANAGER: Ignoring object:state-changed:focused due to multiple instances in short time

09:50:02.814630 - EVENT MANAGER: object:text-caret-moved for [terminal: 'Terminal' (0x7132c6642140)]  in org.gnome.Terminal (gtk 3.24.52) (3, 0, 0)
09:50:02.814666 - FOCUS MANAGER: Locus of focus is None
09:50:02.814816 - EVENT_MANAGER: Not ignoring object:text-caret-moved due to source being focused
09:50:02.814909 - EVENT MANAGER: Queueing object:text-caret-moved for [terminal: 'Terminal' (0x7132c663a240)]  in org.gnome.Terminal (gtk 3.24.52) (3, 0, 0)
09:50:02.814954 - EVENT MANAGER: App for event source is [application: 'org.gnome.Terminal' (0x7132c7790700)] 
09:50:02.815022 - SCRIPT MANAGER: Getting script for [application: 'org.gnome.Terminal' (0x7132c7790700)]  [terminal: 'Terminal' (0x7132c6642140)] 
09:50:02.815077 - SCRIPT MANAGER: Script is custom script org.gnome.Terminal (module=orca.scripts.terminal.script)
09:50:02.815183 - EVENT MANAGER: object:text-caret-moved for [terminal: 'Terminal' (0x7132c6632200)]  in org.gnome.Terminal (gtk 3.24.52) (3, 0, 0) has priority level: 4
09:50:02.815281 - EVENT MANAGER: Queued object:text-caret-moved for [terminal: 'Terminal' (0x7132c6642300)]  in org.gnome.Terminal (gtk 3.24.52) (3, 0, 0) priority: 4, counter: 50
09:50:02.815379 - CLIPBOARD PRESENTER: Possible change event object:text-changed:delete for [terminal: 'Terminal' (0x7132c6642140)]  in org.gnome.Terminal (gtk 3.24.52) (2, 1, )

09:50:02.815516 - EVENT MANAGER: object:text-changed:delete for [terminal: 'Terminal' (0x7132c6642340)]  in org.gnome.Terminal (gtk 3.24.52) (2, 1, )
09:50:02.815553 - FOCUS MANAGER: Locus of focus is None
09:50:02.815704 - EVENT_MANAGER: Not ignoring object:text-changed:delete due to source being focused
09:50:02.815794 - EVENT MANAGER: Queueing object:text-changed:delete for [terminal: 'Terminal' (0x7132c6642380)]  in org.gnome.Terminal (gtk 3.24.52) (2, 1, )
09:50:02.815839 - EVENT MANAGER: App for event source is [application: 'org.gnome.Terminal' (0x7132c7790700)] 
09:50:02.815887 - SCRIPT MANAGER: Getting script for [application: 'org.gnome.Terminal' (0x7132c7790700)]  [terminal: 'Terminal' (0x7132c6642440)] 
09:50:02.815936 - SCRIPT MANAGER: Script is custom script org.gnome.Terminal (module=orca.scripts.terminal.script)
09:50:02.816044 - EVENT MANAGER: object:text-changed:delete for [terminal: 'Terminal' (0x7132c663a4c0)]  in org.gnome.Terminal (gtk 3.24.52) (2, 1, ) has priority level: 4
09:50:02.816152 - EVENT MANAGER: Queued object:text-changed:delete for [terminal: 'Terminal' (0x7132c663a4c0)]  in org.gnome.Terminal (gtk 3.24.52) (2, 1, ) priority: 4, counter: 51
09:50:02.816255 - CLIPBOARD PRESENTER: Possible change event object:text-changed:insert for [terminal: 'Terminal' (0x7132c663a4c0)]  in org.gnome.Terminal (gtk 3.24.52) (2, 1, ▶)

09:50:02.816416 - EVENT MANAGER: object:text-changed:insert for [terminal: 'Terminal' (0x7132c663a3c0)]  in org.gnome.Terminal (gtk 3.24.52) (2, 1, ▶)
09:50:02.816461 - FOCUS MANAGER: Locus of focus is None
09:50:02.816629 - EVENT_MANAGER: Not ignoring object:text-changed:insert due to source being focused
09:50:02.816731 - EVENT MANAGER: Queueing object:text-changed:insert for [terminal: 'Terminal' (0x7132c76fa440)]  in org.gnome.Terminal (gtk 3.24.52) (2, 1, ▶)
09:50:02.816780 - EVENT MANAGER: App for event source is [application: 'org.gnome.Terminal' (0x7132c7790700)] 
09:50:02.816831 - SCRIPT MANAGER: Getting script for [application: 'org.gnome.Terminal' (0x7132c7790700)]  [terminal: 'Terminal' (0x7132c6642380)] 
09:50:02.816884 - SCRIPT MANAGER: Script is custom script org.gnome.Terminal (module=orca.scripts.terminal.script)
09:50:02.817001 - EVENT MANAGER: object:text-changed:insert for [terminal: 'Terminal' (0x7132c663a580)]  in org.gnome.Terminal (gtk 3.24.52) (2, 1, ▶) has priority level: 4
09:50:02.817116 - EVENT MANAGER: Queued object:text-changed:insert for [terminal: 'Terminal' (0x7132c663a5c0)]  in org.gnome.Terminal (gtk 3.24.52) (2, 1, ▶) priority: 4, counter: 52
09:50:02.819110 - GSETTINGS SCHEMA HANDLE: keybindings/keyboard-layout not set [profile:default]
09:50:02.819153 - GSETTINGS REGISTRY: keybindings/keyboard-layout using default value = 'desktop'
09:50:02.819187 - GSETTINGS SCHEMA HANDLE: keybindings/desktop-modifier-keys not set [profile:default]
09:50:02.819205 - GSETTINGS REGISTRY: keybindings/desktop-modifier-keys using default value = ['Insert', 'KP_Insert']
09:50:02.819251 - FOCUS MANAGER: Active window is None <unknown>.<module>:373 > input_event_manager._on_key_pressed:261 > input_event_manager.process_keyboard_event:297 > focus_manager.get_active_window:342
09:50:02.821591 - AXObject: Clearing AT-SPI cache on [frame: 'Terminal' (0x7132c6658d00)]  Recursive: False.  Reason: Checking if window can be the active window
09:50:02.827443 - AXUtilities: [frame: 'Terminal' (0x7132c6658d00)]  from [application: 'org.gnome.Terminal' (0x7132c7790700)]  can be active window
09:50:02.827559 - AXObject: Clearing AT-SPI cache on [frame: 'Reactive TUI App accessibility round 1' (0x7132c6618d80)]  Recursive: False.  Reason: Checking if window can be the active window
09:50:02.830151 - AXUtilities: [frame: 'Reactive TUI App accessibility round 1' (0x7132c6618d80)]  from [application: 'accessibility_probe' (0x7132c77adac0)]  can be active window
09:50:02.830242 - AXObject: Clearing AT-SPI cache on [frame: 'Independent background App' (0x7132c6658f80)]  Recursive: False.  Reason: Checking if window can be the active window
09:50:02.831675 - AXUtilities: [frame: 'Independent background App' (0x7132c6658f80)]  from [application: 'accessibility_probe' (0x7132c6634980)]  lacks active state
09:50:02.831750 - AXUtilities: These windows all claim to be active: [[frame: 'Terminal' (0x7132c6658d00)], [frame: 'Reactive TUI App accessibility round 1' (0x7132c6618d80)] ]
09:50:02.831817 - AXUtilities: Still have multiple active windows: [[frame: 'Terminal' (0x7132c6658d00)], [frame: 'Reactive TUI App accessibility round 1' (0x7132c6618d80)] ]
09:50:02.831859 - AXUtilities: Returning [frame: 'Terminal' (0x7132c6658d00)]  as active window
09:50:02.831895 - INPUT EVENT MANAGER: Updating window and active window to [frame: 'Terminal' (0x7132c6658d00)] 
09:50:02.831929 - FOCUS MANAGER: Request to set active window to [frame: 'Terminal' (0x7132c6658d00)] 
09:50:02.832001 - FOCUS MANAGER: Focus None is not in [frame: 'Terminal' (0x7132c6658d00)] 
09:50:02.832078 - FOCUS MANAGER: Request to set locus of focus to [frame: 'Terminal' (0x7132c6658d00)]  input_event_manager._on_key_pressed:261 > input_event_manager.process_keyboard_event:304 > focus_manager.set_active_window:391 > focus_manager.set_locus_of_focus:271
09:50:02.832403 - AXObject: Clearing AT-SPI cache on [frame: 'Terminal' (0x7132c6658d00)]  Recursive: False.  Reason: Setting locus of focus.
09:50:02.832429 - SCRIPT MANAGER: Active script is: default (module=orca.scripts.default)
09:50:02.833342 - FOCUS MANAGER: Changing locus of focus from None to [frame: 'Terminal' (0x7132c6658d00)] . Notify: True
09:50:02.833439 - FOCUS MANAGER: Switching mode from None to focus-tracking
09:50:02.833588 - FOCUS MANAGER: Region of interest: [frame: 'Terminal' (0x7132c6658d00)]  (0, 0)
09:50:02.833762 - FOCUS MANAGER: Switching object of interest from None to [frame: 'Terminal' (0x7132c6658d00)] 
09:50:02.834179 - DOCUMENT PRESENTER: Updating mode for focus change. Old focus: None old doc: None New focus: [frame: 'Terminal' (0x7132c6658d00)]  new doc: None
09:50:02.834230 - SCRIPT MANAGER: Active script is: default (module=orca.scripts.default)
09:50:02.834248 - CARET NAVIGATOR: Commands suspended: False: locus of focus no longer in document
09:50:02.834313 - GSETTINGS SCHEMA HANDLE: keybindings/keyboard-layout not set [profile:default]
09:50:02.834329 - GSETTINGS REGISTRY: keybindings/keyboard-layout using default value = 'desktop'
09:50:02.834359 - GSETTINGS SCHEMA HANDLE: keybindings/desktop-modifier-keys not set [profile:default]
09:50:02.834376 - GSETTINGS REGISTRY: keybindings/desktop-modifier-keys using default value = ['Insert', 'KP_Insert']
09:50:02.834436 - SCRIPT MANAGER: Active script is: default (module=orca.scripts.default)
09:50:02.834450 - STRUCTURAL NAVIGATOR: Suspended: False: locus of focus no longer in document
09:50:02.834479 - GSETTINGS SCHEMA HANDLE: keybindings/keyboard-layout not set [profile:default]
09:50:02.834492 - GSETTINGS REGISTRY: keybindings/keyboard-layout using default value = 'desktop'
09:50:02.834515 - GSETTINGS SCHEMA HANDLE: keybindings/desktop-modifier-keys not set [profile:default]
09:50:02.834528 - GSETTINGS REGISTRY: keybindings/desktop-modifier-keys using default value = ['Insert', 'KP_Insert']
09:50:02.834597 - STRUCTURAL NAVIGATOR: Setting mode for default (module=orca.scripts.default) to NavigationMode.OFF
09:50:02.834628 - SCRIPT MANAGER: Active script is: default (module=orca.scripts.default)
09:50:02.834658 - GSETTINGS SCHEMA HANDLE: keybindings/keyboard-layout not set [profile:default]
09:50:02.834671 - GSETTINGS REGISTRY: keybindings/keyboard-layout using default value = 'desktop'
09:50:02.834693 - GSETTINGS SCHEMA HANDLE: keybindings/desktop-modifier-keys not set [profile:default]
09:50:02.834706 - GSETTINGS REGISTRY: keybindings/desktop-modifier-keys using default value = ['Insert', 'KP_Insert']
09:50:02.834764 - CARET NAVIGATOR: Setting enabled state for default (module=orca.scripts.default) to False
09:50:02.834794 - SCRIPT MANAGER: Active script is: default (module=orca.scripts.default)
09:50:02.834821 - GSETTINGS SCHEMA HANDLE: keybindings/keyboard-layout not set [profile:default]
09:50:02.834833 - GSETTINGS REGISTRY: keybindings/keyboard-layout using default value = 'desktop'
09:50:02.834856 - GSETTINGS SCHEMA HANDLE: keybindings/desktop-modifier-keys not set [profile:default]
09:50:02.834868 - GSETTINGS REGISTRY: keybindings/desktop-modifier-keys using default value = ['Insert', 'KP_Insert']
09:50:02.834962 - SCRIPT UTILITIES: [frame: 'Terminal' (0x7132c6658d00)]  is top-level object for: [frame: 'Terminal' (0x7132c6658d00)] 
09:50:02.835003 - FOCUS MANAGER: Request to set active window to [frame: 'Terminal' (0x7132c6658d00)] 
09:50:02.835017 - FOCUS MANAGER: Setting active window to existing active window
09:50:02.835063 - SCRIPT MANAGER: Getting script for [application: 'org.gnome.Terminal' (0x7132c7790700)]  [frame: 'Terminal' (0x7132c6658d00)] 
09:50:02.835124 - SCRIPT MANAGER: Script is app script org.gnome.Terminal (module=orca.scripts.toolkits.gtk.script)
09:50:02.835167 - SCRIPT MANAGER: Deactivating default (module=orca.scripts.default) reason: Setting active window
09:50:02.835223 - SCRIPT MANAGER: Setting active script to org.gnome.Terminal (module=orca.scripts.toolkits.gtk.script) reason: Setting active window
09:50:02.835257 - DEFAULT: Activating script for [application: 'org.gnome.Terminal' (0x7132c7790700)] 
09:50:02.835611 - SPEECH MANAGER: Speech server is <orca.speechdispatcherfactory.SpeechServer object at 0x7132c76d96a0>
09:50:02.835721 - GSETTINGS SCHEMA HANDLE: speech/punctuation-level not set [app:org.gnome.Terminal, profile:default]
09:50:02.835737 - GSETTINGS REGISTRY: speech/punctuation-level using default value = 'most'
09:50:02.836265 - SPEECH MANAGER: Speech server is <orca.speechdispatcherfactory.SpeechServer object at 0x7132c76d96a0>
09:50:02.836354 - GSETTINGS SCHEMA HANDLE: speech/capitalization-style not set [app:org.gnome.Terminal, profile:default]
09:50:02.836372 - GSETTINGS REGISTRY: speech/capitalization-style using default value = 'none'
09:50:02.837077 - SPEECH MANAGER: Speech server is <orca.speechdispatcherfactory.SpeechServer object at 0x7132c76d96a0>
09:50:02.837436 - GSETTINGS SCHEMA HANDLE: speech/synthesizer not set [app:org.gnome.Terminal, profile:default]
09:50:02.837493 - SCRIPT MANAGER: Active script is: org.gnome.Terminal (module=orca.scripts.toolkits.gtk.script)
09:50:02.837510 - CARET NAVIGATOR: Commands suspended: False: script activation, no prior state
09:50:02.837582 - GSETTINGS SCHEMA HANDLE: keybindings/keyboard-layout not set [app:org.gnome.Terminal, profile:default]
09:50:02.837599 - GSETTINGS REGISTRY: keybindings/keyboard-layout using default value = 'desktop'
09:50:02.837634 - GSETTINGS SCHEMA HANDLE: keybindings/desktop-modifier-keys not set [app:org.gnome.Terminal, profile:default]
09:50:02.837648 - GSETTINGS REGISTRY: keybindings/desktop-modifier-keys using default value = ['Insert', 'KP_Insert']
09:50:02.837696 - SCRIPT MANAGER: Active script is: org.gnome.Terminal (module=orca.scripts.toolkits.gtk.script)
09:50:02.837708 - STRUCTURAL NAVIGATOR: Suspended: False: script activation, no prior state
09:50:02.837742 - GSETTINGS SCHEMA HANDLE: keybindings/keyboard-layout not set [app:org.gnome.Terminal, profile:default]
09:50:02.837755 - GSETTINGS REGISTRY: keybindings/keyboard-layout using default value = 'desktop'
09:50:02.837785 - GSETTINGS SCHEMA HANDLE: keybindings/desktop-modifier-keys not set [app:org.gnome.Terminal, profile:default]
09:50:02.837796 - GSETTINGS REGISTRY: keybindings/desktop-modifier-keys using default value = ['Insert', 'KP_Insert']
09:50:02.837856 - STRUCTURAL NAVIGATOR: Setting mode for org.gnome.Terminal (module=orca.scripts.toolkits.gtk.script) to NavigationMode.OFF
09:50:02.837885 - SCRIPT MANAGER: Active script is: org.gnome.Terminal (module=orca.scripts.toolkits.gtk.script)
09:50:02.837920 - GSETTINGS SCHEMA HANDLE: keybindings/keyboard-layout not set [app:org.gnome.Terminal, profile:default]
09:50:02.837932 - GSETTINGS REGISTRY: keybindings/keyboard-layout using default value = 'desktop'
09:50:02.837962 - GSETTINGS SCHEMA HANDLE: keybindings/desktop-modifier-keys not set [app:org.gnome.Terminal, profile:default]
09:50:02.837973 - GSETTINGS REGISTRY: keybindings/desktop-modifier-keys using default value = ['Insert', 'KP_Insert']
09:50:02.838040 - CARET NAVIGATOR: Setting enabled state for org.gnome.Terminal (module=orca.scripts.toolkits.gtk.script) to False
09:50:02.838069 - SCRIPT MANAGER: Active script is: org.gnome.Terminal (module=orca.scripts.toolkits.gtk.script)
09:50:02.838103 - GSETTINGS SCHEMA HANDLE: keybindings/keyboard-layout not set [app:org.gnome.Terminal, profile:default]
09:50:02.838115 - GSETTINGS REGISTRY: keybindings/keyboard-layout using default value = 'desktop'
09:50:02.838145 - GSETTINGS SCHEMA HANDLE: keybindings/desktop-modifier-keys not set [app:org.gnome.Terminal, profile:default]
09:50:02.838157 - GSETTINGS REGISTRY: keybindings/desktop-modifier-keys using default value = ['Insert', 'KP_Insert']
09:50:02.838180 - COMMAND MANAGER: Activating commands: activated org.gnome.Terminal (module=orca.scripts.toolkits.gtk.script)
09:50:02.838298 - GSETTINGS SCHEMA HANDLE: keybindings/entries no dict values set
09:50:02.838318 - GSETTINGS REGISTRY: keybindings/entries using default value = {}
09:50:02.838329 - COMMAND MANAGER: No user overrides to apply
09:50:02.838414 - GSETTINGS SCHEMA HANDLE: keybindings/keyboard-layout not set [app:org.gnome.Terminal, profile:default]
09:50:02.838427 - GSETTINGS REGISTRY: keybindings/keyboard-layout using default value = 'desktop'
09:50:02.838456 - GSETTINGS SCHEMA HANDLE: keybindings/desktop-modifier-keys not set [app:org.gnome.Terminal, profile:default]
09:50:02.838468 - GSETTINGS REGISTRY: keybindings/desktop-modifier-keys using default value = ['Insert', 'KP_Insert']

vvvvv COMMAND MANAGER: Grab diff: activated org.gnome.Terminal (module=orca.scripts.toolkits.gtk.script) (old: 77, new: 77) vvvvv
09:50:02.840333 -   Added (31):
09:50:02.840361 -     KP_Divide: leftClickReviewItemHandler
09:50:02.840373 -     KP_Multiply: rightClickReviewItemHandler
09:50:02.840384 -     KP_Add: sayAllHandler
09:50:02.840404 -     Alt+BackSpace: bypass_mode_toggle
09:50:02.840419 -     Alt+Control+Shift+q: toggle_sleep_mode
09:50:02.840432 -     Alt+Shift+Left: table_cell_left
09:50:02.840444 -     Alt+Shift+Right: table_cell_right
09:50:02.840457 -     Alt+Shift+Up: table_cell_up
09:50:02.840469 -     Alt+Shift+Down: table_cell_down
09:50:02.840481 -     Alt+Shift+Home: table_cell_first
09:50:02.840493 -     Alt+Shift+End: table_cell_last
09:50:02.840503 -     KP_Subtract: toggleFlatReviewModeHandler
09:50:02.840512 -     KP_Home: reviewPreviousLineHandler
09:50:02.840522 -     KP_Up: reviewCurrentLineHandler
09:50:02.840531 -     KP_Page_Up: reviewNextLineHandler
09:50:02.840540 -     KP_Up x2: reviewSpellCurrentLineHandler
09:50:02.840550 -     KP_Up x3: reviewPhoneticCurrentLineHandler
09:50:02.840559 -     KP_Left: reviewPreviousItemHandler
09:50:02.840568 -     KP_Begin: reviewCurrentItemHandler
09:50:02.840577 -     KP_Right: reviewNextItemHandler
09:50:02.840586 -     KP_Begin x2: reviewSpellCurrentItemHandler
09:50:02.840596 -     KP_Begin x3: reviewPhoneticCurrentItemHandler
09:50:02.840605 -     KP_End: reviewPreviousCharacterHandler
09:50:02.840614 -     KP_Down: reviewCurrentCharacterHandler
09:50:02.840623 -     KP_Down x2: reviewSpellCurrentCharacterHandler
09:50:02.840632 -     KP_Down x3: reviewUnicodeCurrentCharacterHandler
09:50:02.840641 -     KP_Page_Down: reviewNextCharacterHandler
09:50:02.840651 -     KP_Add x2: flatReviewSayAllHandler
09:50:02.840660 -     KP_Delete: findHandler
09:50:02.840669 -     KP_Enter: whereAmIBasicHandler
09:50:02.840678 -     KP_Enter x2: whereAmIDetailedHandler
^^^^^ COMMAND MANAGER: Diff completed in 0.0022s. Removed 0, added 31, transferred 0 ^^^^^

09:50:02.840762 - GSETTINGS SCHEMA HANDLE: speech/enable not set [app:org.gnome.Terminal, profile:default]
09:50:02.840778 - GSETTINGS REGISTRY: speech/enable using default value = True
09:50:02.840789 - SPEECH MANAGER: Speech is enabled.
09:50:02.840849 - SPEECH MANAGER: start_speech. Script: None Event: None notify_user: False
09:50:02.840860 - SPEECH MANAGER: Initializing server
09:50:02.840870 - SPEECH MANAGER: Already initialized
09:50:02.840913 - GSETTINGS SCHEMA HANDLE: keybindings/keyboard-layout not set [app:org.gnome.Terminal, profile:default]
09:50:02.840926 - GSETTINGS REGISTRY: keybindings/keyboard-layout using default value = 'desktop'
09:50:02.840938 - COMMAND MANAGER: Setting keyboard layout is_desktop to True.
09:50:02.841062 - GSETTINGS SCHEMA HANDLE: keybindings/entries no dict values set
09:50:02.841080 - GSETTINGS REGISTRY: keybindings/entries using default value = {}
09:50:02.841091 - COMMAND MANAGER: No user overrides to apply
09:50:02.841178 - GSETTINGS SCHEMA HANDLE: keybindings/keyboard-layout not set [app:org.gnome.Terminal, profile:default]
09:50:02.841193 - GSETTINGS REGISTRY: keybindings/keyboard-layout using default value = 'desktop'
09:50:02.841226 - GSETTINGS SCHEMA HANDLE: keybindings/desktop-modifier-keys not set [app:org.gnome.Terminal, profile:default]
09:50:02.841240 - GSETTINGS REGISTRY: keybindings/desktop-modifier-keys using default value = ['Insert', 'KP_Insert']

vvvvv COMMAND MANAGER: Grab diff: keyboard layout change (old: 77, new: 77) vvvvv
09:50:02.841275 -   No grab changes
^^^^^ COMMAND MANAGER: Diff completed in 0.0000s. Removed 0, added 0, transferred 0 ^^^^^

09:50:02.841298 - COMMAND MANAGER: Keyboard layout set to desktop.
09:50:02.841338 - GSETTINGS SCHEMA HANDLE: keybindings/keyboard-layout not set [app:org.gnome.Terminal, profile:default]
09:50:02.841351 - GSETTINGS REGISTRY: keybindings/keyboard-layout using default value = 'desktop'
09:50:02.841382 - GSETTINGS SCHEMA HANDLE: keybindings/desktop-modifier-keys not set [app:org.gnome.Terminal, profile:default]
09:50:02.841395 - GSETTINGS REGISTRY: keybindings/desktop-modifier-keys using default value = ['Insert', 'KP_Insert']
09:50:02.841412 - PRESENTATION MANAGER: Not interrupting for locusOfFocus change: event is None
09:50:02.841501 - FOCUS MANAGER: Active mode: focus-tracking Object of interest: [frame: 'Terminal' (0x7132c6658d00)] 
09:50:02.841543 - GSETTINGS SCHEMA HANDLE: speech/enable not set [app:org.gnome.Terminal, profile:default]
09:50:02.841555 - GSETTINGS REGISTRY: speech/enable using default value = True
09:50:02.841594 - GSETTINGS SCHEMA HANDLE: speech/verbosity-level not set [app:org.gnome.Terminal, profile:default]
09:50:02.841606 - GSETTINGS REGISTRY: speech/verbosity-level using default value = 'verbose'
09:50:02.841641 - FOCUS MANAGER: Locus of focus is [frame: 'Terminal' (0x7132c6658d00)] 
09:50:02.841675 - SCRIPT MANAGER: Active script is: org.gnome.Terminal (module=orca.scripts.toolkits.gtk.script)
09:50:02.841717 - GSETTINGS SCHEMA HANDLE: speech/only-speak-displayed-text not set [app:org.gnome.Terminal, profile:default]
09:50:02.841730 - GSETTINGS REGISTRY: speech/only-speak-displayed-text using default value = False
09:50:02.841763 - GSETTINGS SCHEMA HANDLE: speech/speak-description not set [app:org.gnome.Terminal, profile:default]
09:50:02.841775 - GSETTINGS REGISTRY: speech/speak-description using default value = True
09:50:02.841807 - GSETTINGS SCHEMA HANDLE: speech/speak-tutorial-messages not set [app:org.gnome.Terminal, profile:default]
09:50:02.841819 - GSETTINGS REGISTRY: speech/speak-tutorial-messages using default value = True
09:50:02.841851 - GSETTINGS SCHEMA HANDLE: speech/speak-position-in-set not set [app:org.gnome.Terminal, profile:default]
09:50:02.841863 - GSETTINGS REGISTRY: speech/speak-position-in-set using default value = False
09:50:02.841893 - GSETTINGS SCHEMA HANDLE: speech/speak-widget-mnemonic not set [app:org.gnome.Terminal, profile:default]
09:50:02.841904 - GSETTINGS REGISTRY: speech/speak-widget-mnemonic using default value = True
09:50:02.841935 - GSETTINGS SCHEMA HANDLE: speech/speak-blank-lines not set [app:org.gnome.Terminal, profile:default]
09:50:02.841947 - GSETTINGS REGISTRY: speech/speak-blank-lines using default value = True
09:50:02.841990 - GSETTINGS SCHEMA HANDLE: speech/speak-indentation-and-justification not set [app:org.gnome.Terminal, profile:default]
09:50:02.842007 - GSETTINGS REGISTRY: speech/speak-indentation-and-justification using default value = False
09:50:02.842040 - GSETTINGS SCHEMA HANDLE: speech/announce-cell-headers not set [app:org.gnome.Terminal, profile:default]
09:50:02.842051 - GSETTINGS REGISTRY: speech/announce-cell-headers using default value = True
09:50:02.842082 - GSETTINGS SCHEMA HANDLE: speech/announce-cell-coordinates not set [app:org.gnome.Terminal, profile:default]
09:50:02.842093 - GSETTINGS REGISTRY: speech/announce-cell-coordinates using default value = True
09:50:02.842124 - GSETTINGS SCHEMA HANDLE: speech/announce-spreadsheet-cell-coordinates not set [app:org.gnome.Terminal, profile:default]
09:50:02.842135 - GSETTINGS REGISTRY: speech/announce-spreadsheet-cell-coordinates using default value = True
09:50:02.842165 - GSETTINGS SCHEMA HANDLE: speech/announce-blockquote not set [app:org.gnome.Terminal, profile:default]
09:50:02.842176 - GSETTINGS REGISTRY: speech/announce-blockquote using default value = True
09:50:02.842206 - GSETTINGS SCHEMA HANDLE: speech/announce-form not set [app:org.gnome.Terminal, profile:default]
09:50:02.842222 - GSETTINGS REGISTRY: speech/announce-form using default value = True
09:50:02.842254 - GSETTINGS SCHEMA HANDLE: speech/announce-landmark not set [app:org.gnome.Terminal, profile:default]
09:50:02.842265 - GSETTINGS REGISTRY: speech/announce-landmark using default value = True
09:50:02.842295 - GSETTINGS SCHEMA HANDLE: speech/announce-list not set [app:org.gnome.Terminal, profile:default]
09:50:02.842306 - GSETTINGS REGISTRY: speech/announce-list using default value = True
09:50:02.842336 - GSETTINGS SCHEMA HANDLE: speech/announce-grouping not set [app:org.gnome.Terminal, profile:default]
09:50:02.842348 - GSETTINGS REGISTRY: speech/announce-grouping using default value = True
09:50:02.842378 - GSETTINGS SCHEMA HANDLE: speech/announce-table not set [app:org.gnome.Terminal, profile:default]
09:50:02.842389 - GSETTINGS REGISTRY: speech/announce-table using default value = True
09:50:02.842574 - GENERATOR: _get_functional_role: frame
09:50:02.842727 - SPEECH GENERATOR: speech_generator.SpeechGenerator._generate_frame for [frame: 'Terminal' (0x7132c6658d00)]  args: {'formatType': 'unfocused', 'priorObj': "[frame: 'Terminal' (0x7132c6658d00)] ", 'role': 'frame'}
09:50:02.842789 - SPEECH GENERATOR: _generate_old_ancestors: []
09:50:02.842845 - SPEECH GENERATOR: _generate_new_ancestors: []
09:50:02.843351 - AXUtilitiesRelation: [frame: 'Terminal' (0x7132c6658d00)]  is labelled by: []
09:50:02.843395 - GENERATOR: _generate_accessible_label: []
09:50:02.843426 - SPEECH GENERATOR: _generate_accessible_label: []
09:50:02.843478 - GENERATOR: _generate_accessible_name: [Terminal]
09:50:02.843574 - GSETTINGS SCHEMA HANDLE: voice/established not set [app:org.gnome.Terminal, profile:default]
09:50:02.843618 - GSETTINGS SCHEMA HANDLE: voice/rate not set [app:org.gnome.Terminal, profile:default]
09:50:02.843657 - GSETTINGS SCHEMA HANDLE: voice/pitch not set [app:org.gnome.Terminal, profile:default]
09:50:02.843693 - GSETTINGS SCHEMA HANDLE: voice/volume not set [app:org.gnome.Terminal, profile:default]
09:50:02.843730 - GSETTINGS SCHEMA HANDLE: voice/family-name not set [app:org.gnome.Terminal, profile:default]
09:50:02.843765 - GSETTINGS SCHEMA HANDLE: voice/family-lang not set [app:org.gnome.Terminal, profile:default]
09:50:02.843799 - GSETTINGS SCHEMA HANDLE: voice/family-dialect not set [app:org.gnome.Terminal, profile:default]
09:50:02.843833 - GSETTINGS SCHEMA HANDLE: voice/family-gender not set [app:org.gnome.Terminal, profile:default]
09:50:02.843866 - GSETTINGS SCHEMA HANDLE: voice/family-variant not set [app:org.gnome.Terminal, profile:default]
09:50:02.843929 - SPEECH GENERATOR: default voice requested for [frame: 'Terminal' (0x7132c6658d00)]  language='', dialect='' Unmodified voice={'established': False}
09:50:02.843994 - SPEECH GENERATOR: Reported locale of [frame: 'Terminal' (0x7132c6658d00)]  is C
09:50:02.844032 - SPEECH GENERATOR: Updated to: 'C', ''
09:50:02.844089 - GSETTINGS SCHEMA HANDLE: speech/auto-language-switching not set [app:org.gnome.Terminal, profile:default]
09:50:02.844103 - GSETTINGS REGISTRY: speech/auto-language-switching using default value = True
09:50:02.844129 - SPEECH DISPATCHER: Searching for language='C' dialect='' variant='None'.
09:50:02.852485 - SPEECH DISPATCHER: Unfiltered voice list has 0 entries.
09:50:02.852884 - SPEECH DISPATCHER: Unfiltered voice list (try 2) has 0 entries.
09:50:02.852913 - SPEECH DISPATCHER: Found 0 match(es) for language='C' dialect='' variant='None' in 0.0088s.
09:50:02.853047 - SPEECH GENERATOR: Family updated to {'dialect': '', 'lang': 'C', 'name': ''}
09:50:02.853142 - SPEECH GENERATOR: Final voice is {'established': 'False', 'family': "{'dialect': '', 'lang': 'C', 'name': ''}"}
09:50:02.853240 - SPEECH GENERATOR: _generate_accessible_name: [Terminal, {'established': 'False', 'family': "{'dialect': '', 'lang': 'C', 'name': ''}"}]
09:50:02.853370 - GENERATOR: _generate_accessible_label_and_name: [Terminal, {'established': 'False', 'family': "{'dialect': '', 'lang': 'C', 'name': ''}"}]
09:50:02.853436 - SPEECH PRESENTER: Adjusting 'Terminal' from [frame: 'Terminal' (0x7132c6658d00)]  start_offset: None
09:50:02.853535 - GSETTINGS SCHEMA HANDLE: speech/speak-numbers-as-digits not set [app:org.gnome.Terminal, profile:default]
09:50:02.853551 - GSETTINGS REGISTRY: speech/speak-numbers-as-digits using default value = False
09:50:02.853622 - GSETTINGS SCHEMA HANDLE: speech/repeated-character-limit not set [app:org.gnome.Terminal, profile:default]
09:50:02.853635 - GSETTINGS REGISTRY: speech/repeated-character-limit using default value = 4
09:50:02.854162 - GSETTINGS SCHEMA HANDLE: speech/use-pronunciation-dictionary not set [app:org.gnome.Terminal, profile:default]
09:50:02.854197 - GSETTINGS REGISTRY: speech/use-pronunciation-dictionary using default value = True
09:50:02.854299 - GSETTINGS SCHEMA HANDLE: pronunciations/entries no dict values set
09:50:02.854318 - GSETTINGS REGISTRY: pronunciations/entries using default value = {}
09:50:02.854330 - SPEECH PRESENTER: Adjusted text: 'Terminal'
09:50:02.854437 - SPEECH GENERATOR: _generate_accessible_label_and_name: [Terminal, {'established': 'False', 'family': "{'dialect': '', 'lang': 'C', 'name': ''}"}]
09:50:02.854602 - SPEECH GENERATOR: _generate_accessible_role: []
09:50:02.854762 - AXUtilities: Unfocused alerts and dialogs for [frame: 'Terminal' (0x7132c6658d00)] : []
09:50:02.854795 - SPEECH GENERATOR: _generate_unfocused_dialog_count: []
09:50:02.854902 - SPEECH GENERATOR: Results: [Terminal, {'established': 'False', 'family': "{'dialect': '', 'lang': 'C', 'name': ''}"}]
09:50:02.855039 - SPEECH: Speak [Terminal, {'established': 'False', 'family': "{'dialect': '', 'lang': 'C', 'name': ''}"}], acss: None
09:50:02.855086 - SPEECH OUTPUT: 'Terminal' {'established': False, 'family': {'name': '', 'gender': None, 'lang': 'C', 'dialect': '', 'variant': None}}
09:50:02.855102 - SPEECH DISPATCHER: Speaking 'Terminal' as string
09:50:02.855448 - SPEECH DISPATCHER: Speaking '<speak><mark name="0:8"/>Terminal</speak>' 
                  ORCA rate 50.0, pitch 5.0, volume 10.0, language C, punctuation: MOST
                  SD rate 2, pitch 10, volume 100, language c
09:50:02.855609 - GSETTINGS SCHEMA HANDLE: braille/enabled not set [app:org.gnome.Terminal, profile:default]
09:50:02.855624 - GSETTINGS REGISTRY: braille/enabled using default value = True
09:50:02.855675 - FOCUS MANAGER: Active mode: focus-tracking Object of interest: [frame: 'Terminal' (0x7132c6658d00)] 
09:50:02.855699 - GSETTINGS SCHEMA HANDLE: braille/enabled not set [app:org.gnome.Terminal, profile:default]
09:50:02.855705 - GSETTINGS REGISTRY: braille/enabled using default value = True
09:50:02.855728 - GSETTINGS SCHEMA HANDLE: braille/verbosity-level not set [app:org.gnome.Terminal, profile:default]
09:50:02.855735 - GSETTINGS REGISTRY: braille/verbosity-level using default value = 'verbose'
09:50:02.855755 - FOCUS MANAGER: Locus of focus is [frame: 'Terminal' (0x7132c6658d00)] 
09:50:02.855806 - SCRIPT MANAGER: Active script is: org.gnome.Terminal (module=orca.scripts.toolkits.gtk.script)
09:50:02.855889 - GSETTINGS SCHEMA HANDLE: braille/rolename-style not set [app:org.gnome.Terminal, profile:default]
09:50:02.855907 - GSETTINGS REGISTRY: braille/rolename-style using default value = 'verbose'
09:50:02.855945 - GSETTINGS SCHEMA HANDLE: braille/display-ancestors not set [app:org.gnome.Terminal, profile:default]
09:50:02.855958 - GSETTINGS REGISTRY: braille/display-ancestors using default value = True
09:50:02.855998 - GSETTINGS SCHEMA HANDLE: braille/end-of-line-indicator not set [app:org.gnome.Terminal, profile:default]
09:50:02.856017 - GSETTINGS REGISTRY: braille/end-of-line-indicator using default value = True
09:50:02.856049 - GSETTINGS SCHEMA HANDLE: braille/present-mnemonics not set [app:org.gnome.Terminal, profile:default]
09:50:02.856060 - GSETTINGS REGISTRY: braille/present-mnemonics using default value = True
09:50:02.856230 - GENERATOR: _get_functional_role: frame
09:50:02.856350 - BRAILLE GENERATOR: braille_generator.BrailleGenerator._generate_frame for [frame: 'Terminal' (0x7132c6658d00)]  args: {'formatType': 'focused', 'priorObj': "[frame: 'Terminal' (0x7132c6658d00)] ", 'role': 'frame'}
09:50:02.857952 - GENERATOR: _get_functional_role: application
09:50:02.857992 - BRAILLE GENERATOR: [application: 'org.gnome.Terminal' (0x7132c7790700)]  lacks dedicated generator
09:50:02.858059 - BRAILLE GENERATOR: braille_generator.BrailleGenerator._generate_default_presentation for [application: 'org.gnome.Terminal' (0x7132c7790700)]  args: {'formatType': 'ancestor', 'includeContext': 'False', 'priorObj': "[frame: 'Terminal' (0x7132c6658d00)] ", 'role': 'application'}
09:50:02.859036 - AXUtilitiesRelation: [application: 'org.gnome.Terminal' (0x7132c7790700)]  is labelled by: []
09:50:02.859089 - GENERATOR: _generate_accessible_label: []
09:50:02.859147 - GENERATOR: _generate_accessible_name: [org.gnome.Terminal]
09:50:02.859194 - GENERATOR: _generate_accessible_label_and_name: [org.gnome.Terminal]
09:50:02.860296 - BRAILLE GENERATOR: _generate_accessible_role: [application]
09:50:02.860335 - BRAILLE: Not contracting 'org.gnome.Terminal application' because contracted braille is not enabled.
09:50:02.860383 - BRAILLE GENERATOR: Results: [COMPONENT: 'org.gnome.Terminal application', cursor offset:0]
09:50:02.860436 - BRAILLE GENERATOR: _generate_ancestors: [COMPONENT: 'org.gnome.Terminal application', cursor offset:0]
09:50:02.860501 - AXUtilitiesRelation: [frame: 'Terminal' (0x7132c6658d00)]  is labelled by: []
09:50:02.860531 - GENERATOR: _generate_accessible_label: []
09:50:02.860573 - GENERATOR: _generate_accessible_name: [Terminal]
09:50:02.860613 - GENERATOR: _generate_accessible_label_and_name: [Terminal]
09:50:02.860776 - BRAILLE GENERATOR: _generate_accessible_role: [frame]
09:50:02.860924 - AXUtilities: Unfocused alerts and dialogs for [frame: 'Terminal' (0x7132c6658d00)] : []
09:50:02.860956 - BRAILLE GENERATOR: _generate_alert_and_dialog_count: []
09:50:02.860971 - BRAILLE: Not contracting 'Terminal frame' because contracted braille is not enabled.
09:50:02.861062 - AXUtilitiesRelation: [frame: 'Terminal' (0x7132c6658d00)]  is described by: []
09:50:02.861116 - GENERATOR: _generate_accessible_description: []
09:50:02.861160 - GENERATOR: _generate_state_current: []
09:50:02.861192 - BRAILLE GENERATOR: Results: [COMPONENT: 'org.gnome.Terminal application', cursor offset:0, REGION: ' ', cursor offset:0, COMPONENT: 'Terminal frame', cursor offset:0]
09:50:02.861247 - BRAILLE: Refresh. Pan: True target: 0
09:50:02.861253 - BRAILLE: Kill flash message braille.display_line:1618 > braille.refresh:2097 > braille._prepare_refresh:1856 > braille.kill_flash:2182
09:50:02.862793 - GSETTINGS SCHEMA HANDLE: braille/enabled not set [app:org.gnome.Terminal, profile:default]
09:50:02.862806 - GSETTINGS REGISTRY: braille/enabled using default value = True
09:50:02.862829 - BRAILLE: Last text object: None (Caret: 0, Line: 0, Cell: 0)
09:50:02.862854 - BRAILLE: Current text object: None (Caret: 0, Line: 0). On same line: False
09:50:02.862864 - BRAILLE: Line 0: 'org.gnome.Terminal application Terminal frame' focusOffset: 31 [[0, 31], [31, 45]]
09:50:02.862870 - BRAILLE: Cursor offset in line string is: 31
09:50:02.862877 - BRAILLE: Adjusting offset to 31 (unhandled condition)
09:50:02.862882 - BRAILLE: Current range: (31, 63). Target cell: 0
09:50:02.862888 - BRAILLE LINE:  'org.gnome.Terminal application Terminal frame'
09:50:02.862892 -      VISIBLE:  'Terminal frame', cursor=1
09:50:02.862907 - BRAILLE: Enabling braille. BrlAPI running: False
09:50:02.862910 - BRAILLE: Need to initialize first.
09:50:02.862925 - BRAILLE: Initializing. Callback: input_event_manager.InputEventManager.process_braille_event
09:50:02.862942 - BRAILLE: WINDOWPATH= None
09:50:02.862955 - BRAILLE: XDG_VTNR= 1
09:50:02.862972 - BRAILLE: Attempting connection with BrlAPI.
09:50:02.863152 - AXTable: Setting last cell coordinates to row=-1, column=-1
09:50:02.863183 - FOCUS MANAGER: Setting last cursor position to [frame: 'Terminal' (0x7132c6658d00)]  -1
09:50:02.863241 - FOCUS MANAGER: Active window is [frame: 'Terminal' (0x7132c6658d00)]  focus_manager.set_locus_of_focus:327 > focus_manager._save_object_details:254 > ax_utilities_event.save_object_info_for_events:195 > focus_manager.get_active_window:342
09:50:02.863874 - BRAILLE: BrlAPI Connection is unavailable (ConnectionError): couldn't connect to b':0' with key b'keyfile:/etc/brlapi.key+polkit': connect: No such file or directory
                  (brlerrno 11, libcerrno 2, gaierrno 0)
                  Is BRLTTY really running?09:50:02.863934 - SCRIPT MANAGER: Getting script for [application: 'org.gnome.Terminal' (0x7132c7790700)]  [frame: 'Terminal' (0x7132c6658d00)] 

09:50:02.863987 - SCRIPT MANAGER: Script is app script org.gnome.Terminal (module=orca.scripts.toolkits.gtk.script)
09:50:02.864391 - FOCUS MANAGER: Locus of focus is [frame: 'Terminal' (0x7132c6658d00)] 
09:50:02.864530 - SCRIPT MANAGER: Active script is: org.gnome.Terminal (module=orca.scripts.toolkits.gtk.script)

KEYBOARD_EVENT:  type=ATSPI_KEY_PRESSED_EVENT
                 id=65363
                 hw_code=114
                 modifiers=0
                 text=''
                 keyval_name='Right'
                 timestamp=1789048202.8190207
                 clickCount=1

vvvvv PROCESS ATSPI_KEY_PRESSED_EVENT: 'Right' (114) vvvvv
09:50:02.864698 - SCRIPT: org.gnome.Terminal (module=orca.scripts.toolkits.gtk.script)
09:50:02.864712 - WINDOW: [frame: 'Terminal' (0x7132c6658d00)] 
09:50:02.864724 - LOCATION: [frame: 'Terminal' (0x7132c6658d00)] 
09:50:02.864782 - GSETTINGS SCHEMA HANDLE: keybindings/keyboard-layout not set [app:org.gnome.Terminal, profile:default]
09:50:02.864790 - GSETTINGS REGISTRY: keybindings/keyboard-layout using default value = 'desktop'
09:50:02.864804 - GSETTINGS SCHEMA HANDLE: keybindings/desktop-modifier-keys not set [app:org.gnome.Terminal, profile:default]
09:50:02.864809 - GSETTINGS REGISTRY: keybindings/desktop-modifier-keys using default value = ['Insert', 'KP_Insert']
09:50:02.864819 - PRESENTATION MANAGER: Interrupting presentation
09:50:02.864850 - SPEECH MANAGER: interrupt_speech. Script: None Event: None notify_user: False
09:50:02.865241 - SPEECH MANAGER: Speech server is <orca.speechdispatcherfactory.SpeechServer object at 0x7132c76d96a0>
09:50:02.865341 - BRAILLE: Kill flash message input_event._present:603 > presentation_manager.interrupt_presentation:88 > braille_presenter.kill_flash:1829 > braille.kill_flash:2182
09:50:02.865989 - TYPING ECHO PRESENTER: should_echo_keyboard_event: 'right'?
09:50:02.866068 - GSETTINGS SCHEMA HANDLE: keybindings/keyboard-layout not set [app:org.gnome.Terminal, profile:default]
09:50:02.866086 - GSETTINGS REGISTRY: keybindings/keyboard-layout using default value = 'desktop'
09:50:02.866126 - GSETTINGS SCHEMA HANDLE: keybindings/desktop-modifier-keys not set [app:org.gnome.Terminal, profile:default]
09:50:02.866142 - GSETTINGS REGISTRY: keybindings/desktop-modifier-keys using default value = ['Insert', 'KP_Insert']
09:50:02.866185 - GSETTINGS REGISTRY: Schema org.gnome.Orca.TypingEcho loaded
09:50:02.866273 - GSETTINGS SCHEMA HANDLE: typing-echo/character-echo not set [app:org.gnome.Terminal, profile:default]
09:50:02.866290 - GSETTINGS REGISTRY: typing-echo/character-echo using default value = False
09:50:02.866334 - GSETTINGS SCHEMA HANDLE: keybindings/keyboard-layout not set [app:org.gnome.Terminal, profile:default]
09:50:02.866348 - GSETTINGS REGISTRY: keybindings/keyboard-layout using default value = 'desktop'
09:50:02.866381 - GSETTINGS SCHEMA HANDLE: keybindings/desktop-modifier-keys not set [app:org.gnome.Terminal, profile:default]
09:50:02.866394 - GSETTINGS REGISTRY: keybindings/desktop-modifier-keys using default value = ['Insert', 'KP_Insert']
09:50:02.866595 - GSETTINGS SCHEMA HANDLE: typing-echo/key-echo not set [app:org.gnome.Terminal, profile:default]
09:50:02.866613 - GSETTINGS REGISTRY: typing-echo/key-echo using default value = True
09:50:02.866685 - GSETTINGS SCHEMA HANDLE: typing-echo/navigation-keys not set [app:org.gnome.Terminal, profile:default]
09:50:02.866700 - GSETTINGS REGISTRY: typing-echo/navigation-keys using default value = False
09:50:02.866719 - TYPING ECHO PRESENTER: Echoing navigation keyboard event: False.
09:50:02.866738 - TOTAL PROCESSING TIME: 0.0021
^^^^^ PROCESS ATSPI_KEY_PRESSED_EVENT: 'Right' (114) ^^^^^

09:50:02.866835 - GSETTINGS SCHEMA HANDLE: keybindings/keyboard-layout not set [app:org.gnome.Terminal, profile:default]
09:50:02.866850 - GSETTINGS REGISTRY: keybindings/keyboard-layout using default value = 'desktop'
09:50:02.866881 - GSETTINGS SCHEMA HANDLE: keybindings/desktop-modifier-keys not set [app:org.gnome.Terminal, profile:default]
09:50:02.866894 - GSETTINGS REGISTRY: keybindings/desktop-modifier-keys using default value = ['Insert', 'KP_Insert']
09:50:02.867070 - GSETTINGS SCHEMA HANDLE: keybindings/keyboard-layout not set [app:org.gnome.Terminal, profile:default]
09:50:02.867089 - GSETTINGS REGISTRY: keybindings/keyboard-layout using default value = 'desktop'
09:50:02.867123 - GSETTINGS SCHEMA HANDLE: keybindings/desktop-modifier-keys not set [app:org.gnome.Terminal, profile:default]
09:50:02.867136 - GSETTINGS REGISTRY: keybindings/desktop-modifier-keys using default value = ['Insert', 'KP_Insert']
09:50:02.867951 - GSETTINGS SCHEMA HANDLE: keybindings/keyboard-layout not set [app:org.gnome.Terminal, profile:default]
09:50:02.867974 - GSETTINGS REGISTRY: keybindings/keyboard-layout using default value = 'desktop'
09:50:02.868016 - GSETTINGS SCHEMA HANDLE: keybindings/desktop-modifier-keys not set [app:org.gnome.Terminal, profile:default]
09:50:02.868030 - GSETTINGS REGISTRY: keybindings/desktop-modifier-keys using default value = ['Insert', 'KP_Insert']

KEYBOARD_EVENT:  type=ATSPI_KEY_RELEASED_EVENT
                 id=65363
                 hw_code=114
                 modifiers=0
                 text=''
                 keyval_name='Right'
                 timestamp=1789048202.8670356
                 clickCount=1

vvvvv PROCESS ATSPI_KEY_RELEASED_EVENT: 'Right' (114) vvvvv
09:50:02.868119 - SCRIPT: org.gnome.Terminal (module=orca.scripts.toolkits.gtk.script)
09:50:02.868159 - WINDOW: [frame: 'Terminal' (0x7132c6658d00)] 
09:50:02.868191 - LOCATION: [frame: 'Terminal' (0x7132c6658d00)] 
09:50:02.868248 - GSETTINGS SCHEMA HANDLE: keybindings/keyboard-layout not set [app:org.gnome.Terminal, profile:default]
09:50:02.868262 - GSETTINGS REGISTRY: keybindings/keyboard-layout using default value = 'desktop'
09:50:02.868295 - GSETTINGS SCHEMA HANDLE: keybindings/desktop-modifier-keys not set [app:org.gnome.Terminal, profile:default]
09:50:02.868309 - GSETTINGS REGISTRY: keybindings/desktop-modifier-keys using default value = ['Insert', 'KP_Insert']
09:50:02.868339 - TOTAL PROCESSING TIME: 0.0003
^^^^^ PROCESS ATSPI_KEY_RELEASED_EVENT: 'Right' (114) ^^^^^

09:50:02.868393 - GSETTINGS SCHEMA HANDLE: keybindings/keyboard-layout not set [app:org.gnome.Terminal, profile:default]
09:50:02.868406 - GSETTINGS REGISTRY: keybindings/keyboard-layout using default value = 'desktop'
09:50:02.868439 - GSETTINGS SCHEMA HANDLE: keybindings/desktop-modifier-keys not set [app:org.gnome.Terminal, profile:default]
09:50:02.868451 - GSETTINGS REGISTRY: keybindings/desktop-modifier-keys using default value = ['Insert', 'KP_Insert']
09:50:02.868753 - EVENT MANAGER: Dequeueing object:state-changed:active for [frame: 'Terminal' (0x7132c6658d00)]  in org.gnome.Terminal (gtk 3.24.52) (1, 0, 0)
09:50:02.868852 - EVENT MANAGER: Dequeued object:state-changed:active for [frame: 'Terminal' (0x7132c6658d00)]  in org.gnome.Terminal (gtk 3.24.52) (1, 0, 0) priority: 2, counter: 8

vvvvv START PRIORITY-2 OBJECT EVENT OBJECT:STATE-CHANGED:ACTIVE (queue size: 47) vvvvv
09:50:02.869734 - EVENT MANAGER: object:state-changed:active for [frame: 'Terminal' (0x7132c6658d00)]  in org.gnome.Terminal (gtk 3.24.52) (1, 0, 0) obsoleted by object:state-changed:active for [frame: 'Terminal' (0x7132c6658d00)]  in org.gnome.Terminal (gtk 3.24.52) (0, 0, 0) more recent event of same type for same object
TOTAL PROCESSING TIME: 0.0009
^^^^^ FINISHED PRIORITY-2 OBJECT EVENT OBJECT:STATE-CHANGED:ACTIVE ^^^^^


09:50:02.871973 - EVENT MANAGER: object:state-changed:selected for [page tab: 'Settings' (0x7132c663a240)]  in accessibility_probe (AccessKit) (1, 0, 0)
09:50:02.872042 - FOCUS MANAGER: Locus of focus is [frame: 'Terminal' (0x7132c6658d00)] 
09:50:02.872518 - EVENT_MANAGER: Not ignoring object:state-changed:selected due to source being selected
09:50:02.872664 - EVENT MANAGER: Queueing object:state-changed:selected for [page tab: 'Settings' (0x7132c5d02980)]  in accessibility_probe (AccessKit) (1, 0, 0)
09:50:02.872717 - EVENT MANAGER: App for event source is [application: 'accessibility_probe' (0x7132c77adac0)] 
09:50:02.872773 - SCRIPT MANAGER: Getting script for [application: 'accessibility_probe' (0x7132c77adac0)]  [page tab: 'Settings' (0x7132c663a240)] 
09:50:02.873246 - SCRIPT MANAGER: Script is app script accessibility_probe (module=orca.scripts.default)
09:50:02.873365 - EVENT MANAGER: object:state-changed:selected for [page tab: 'Settings' (0x7132c5d02b40)]  in accessibility_probe (AccessKit) (1, 0, 0) has priority level: 4
09:50:02.873466 - EVENT MANAGER: Queued object:state-changed:selected for [page tab: 'Settings' (0x7132c5d02ac0)]  in accessibility_probe (AccessKit) (1, 0, 0) priority: 4, counter: 53

09:50:02.873584 - EVENT MANAGER: object:state-changed:selected for [page tab: 'Overview' (0x7132c5d02240)]  in accessibility_probe (AccessKit) (0, 0, 0)
09:50:02.873622 - FOCUS MANAGER: Locus of focus is [frame: 'Terminal' (0x7132c6658d00)] 
09:50:02.873880 - EVENT MANAGER: Queueing object:state-changed:selected for [page tab: 'Overview' (0x7132c5d02b40)]  in accessibility_probe (AccessKit) (0, 0, 0)
09:50:02.873923 - EVENT MANAGER: App for event source is [application: 'accessibility_probe' (0x7132c77adac0)] 
09:50:02.873969 - SCRIPT MANAGER: Getting script for [application: 'accessibility_probe' (0x7132c77adac0)]  [page tab: 'Overview' (0x7132c663ab40)] 
09:50:02.874266 - SCRIPT MANAGER: Script is app script accessibility_probe (module=orca.scripts.default)
09:50:02.874367 - EVENT MANAGER: object:state-changed:selected for [page tab: 'Overview' (0x7132c5d02540)]  in accessibility_probe (AccessKit) (0, 0, 0) has priority level: 4
09:50:02.874457 - EVENT MANAGER: Queued object:state-changed:selected for [page tab: 'Overview' (0x7132c5d02240)]  in accessibility_probe (AccessKit) (0, 0, 0) priority: 4, counter: 54

09:50:02.875053 - EVENT MANAGER: object:property-change:accessible-name for [label: '▶Settings' (0x7132c5d02a40)]  in accessibility_probe (AccessKit) (0, 0, ▶Settings)
09:50:02.875112 - FOCUS MANAGER: Locus of focus is [frame: 'Terminal' (0x7132c6658d00)] 
09:50:02.875449 - EVENT_MANAGER: Ignoring object:property-change:accessible-name due to multiple instances in short time

09:50:02.875573 - EVENT MANAGER: object:property-change:accessible-name for [label: ' Overview' (0x7132c5d02cc0)]  in accessibility_probe (AccessKit) (0, 0,  Overview)
09:50:02.875614 - FOCUS MANAGER: Locus of focus is [frame: 'Terminal' (0x7132c6658d00)] 
09:50:02.875751 - EVENT_MANAGER: Ignoring object:property-change:accessible-name due to multiple instances in short time

09:50:02.875856 - EVENT MANAGER: object:state-changed:focused for [page tab: 'Settings' (0x7132c663ac40)]  in accessibility_probe (AccessKit) (1, 0, 0)
09:50:02.875896 - FOCUS MANAGER: Locus of focus is [frame: 'Terminal' (0x7132c6658d00)] 
09:50:02.876017 - EVENT_MANAGER: Not ignoring object:state-changed:focused due to source being selected
09:50:02.876112 - EVENT MANAGER: Queueing object:state-changed:focused for [page tab: 'Settings' (0x7132c5d02240)]  in accessibility_probe (AccessKit) (1, 0, 0)
09:50:02.876158 - EVENT MANAGER: App for event source is [application: 'accessibility_probe' (0x7132c77adac0)] 
09:50:02.876206 - SCRIPT MANAGER: Getting script for [application: 'accessibility_probe' (0x7132c77adac0)]  [page tab: 'Settings' (0x7132c5d02240)] 
09:50:02.876552 - SCRIPT MANAGER: Script is app script accessibility_probe (module=orca.scripts.default)
09:50:02.876675 - EVENT MANAGER: object:state-changed:focused for [page tab: 'Settings' (0x7132c5d02dc0)]  in accessibility_probe (AccessKit) (1, 0, 0) has priority level: 3
09:50:02.876787 - EVENT MANAGER: Queued object:state-changed:focused for [page tab: 'Settings' (0x7132c5d02240)]  in accessibility_probe (AccessKit) (1, 0, 0) priority: 3, counter: 55

09:50:02.876899 - EVENT MANAGER: object:state-changed:focused for [page tab: 'Overview' (0x7132c5d02500)]  in accessibility_probe (AccessKit) (0, 0, 0)
09:50:02.876941 - FOCUS MANAGER: Locus of focus is [frame: 'Terminal' (0x7132c6658d00)] 
09:50:02.877097 - EVENT_MANAGER: Ignoring object:state-changed:focused due to multiple instances in short time

09:50:02.877264 - EVENT MANAGER: object:selection-changed for [page tab list: 'Tabs' (0x7132c5d02e80)]  in accessibility_probe (AccessKit) (0, 0, 0)
09:50:02.877305 - FOCUS MANAGER: Locus of focus is [frame: 'Terminal' (0x7132c6658d00)] 
09:50:02.877445 - EVENT_MANAGER: Ignoring object:selection-changed due to multiple instances in short time
09:50:02.877570 - CLIPBOARD PRESENTER: Possible change event object:text-changed:delete for [terminal: 'Terminal' (0x7132c5d02e80)]  in org.gnome.Terminal (gtk 3.24.52) (2, 133, ▶Overview ✕ ~ Unavailable~ Settings... Unavailable~ Settings ✕ \nProject overview (134 chars.))

09:50:02.877734 - EVENT MANAGER: object:text-changed:delete for [terminal: 'Terminal' (0x7132c5d02f40)]  in org.gnome.Terminal (gtk 3.24.52) (2, 133, ▶Overview ✕ ~ Unavailable~ Settings... Unavailable~ Settings ✕ \nProject overview (134 chars.))
09:50:02.877779 - FOCUS MANAGER: Locus of focus is [frame: 'Terminal' (0x7132c6658d00)] 
09:50:02.877934 - EVENT_MANAGER: Not ignoring object:text-changed:delete due to source being focused
09:50:02.878038 - EVENT MANAGER: Queueing object:text-changed:delete for [terminal: 'Terminal' (0x7132c663a240)]  in org.gnome.Terminal (gtk 3.24.52) (2, 133, ▶Overview ✕ ~ Unavailable~ Settings... Unavailable~ Settings ✕ \nProject overview (134 chars.))
09:50:02.878090 - EVENT MANAGER: App for event source is [application: 'org.gnome.Terminal' (0x7132c7790700)] 
09:50:02.878138 - SCRIPT MANAGER: Getting script for [application: 'org.gnome.Terminal' (0x7132c7790700)]  [terminal: 'Terminal' (0x7132c76faf40)] 
09:50:02.878189 - SCRIPT MANAGER: Script is custom script org.gnome.Terminal (module=orca.scripts.terminal.script)
09:50:02.878296 - EVENT MANAGER: object:text-changed:delete for [terminal: 'Terminal' (0x7132c5d02240)]  in org.gnome.Terminal (gtk 3.24.52) (2, 133, ▶Overview ✕ ~ Unavailable~ Settings... Unavailable~ Settings ✕ \nProject overview (134 chars.)) has priority level: 4
09:50:02.878400 - EVENT MANAGER: Queued object:text-changed:delete for [terminal: 'Terminal' (0x7132c5d030c0)]  in org.gnome.Terminal (gtk 3.24.52) (2, 133, ▶Overview ✕ ~ Unavailable~ Settings... Unavailable~ Settings ✕ \nProject overview (134 chars.)) priority: 4, counter: 56
09:50:02.878513 - CLIPBOARD PRESENTER: Possible change event object:text-changed:insert for [terminal: 'Terminal' (0x7132c5d03100)]  in org.gnome.Terminal (gtk 3.24.52) (2, 133, Overview ✕ ~ Unavailable~ ▶Settings... ▶Settings ✕ \n [seed ] (134 chars.))

09:50:02.878661 - EVENT MANAGER: object:text-changed:insert for [terminal: 'Terminal' (0x7132c5d03140)]  in org.gnome.Terminal (gtk 3.24.52) (2, 133, Overview ✕ ~ Unavailable~ ▶Settings... ▶Settings ✕ \n [seed ] (134 chars.))
09:50:02.878702 - FOCUS MANAGER: Locus of focus is [frame: 'Terminal' (0x7132c6658d00)] 
09:50:02.878855 - EVENT_MANAGER: Not ignoring object:text-changed:insert due to source being focused
09:50:02.879009 - EVENT MANAGER: Queueing object:text-changed:insert for [terminal: 'Terminal' (0x7132c5d03200)]  in org.gnome.Terminal (gtk 3.24.52) (2, 133, Overview ✕ ~ Unavailable~ ▶Settings... ▶Settings ✕ \n [seed ] (134 chars.))
09:50:02.879065 - EVENT MANAGER: App for event source is [application: 'org.gnome.Terminal' (0x7132c7790700)] 
09:50:02.879090 - SCRIPT MANAGER: Getting script for [application: 'org.gnome.Terminal' (0x7132c7790700)]  [terminal: 'Terminal' (0x7132c5d03440)] 
09:50:02.879119 - SCRIPT MANAGER: Script is custom script org.gnome.Terminal (module=orca.scripts.terminal.script)
09:50:02.879181 - EVENT MANAGER: object:text-changed:insert for [terminal: 'Terminal' (0x7132c5d03540)]  in org.gnome.Terminal (gtk 3.24.52) (2, 133, Overview ✕ ~ Unavailable~ ▶Settings... ▶Settings ✕ \n [seed ] (134 chars.)) has priority level: 4
09:50:02.879224 - EVENT MANAGER: Queued object:text-changed:insert for [terminal: 'Terminal' (0x7132c5d03580)]  in org.gnome.Terminal (gtk 3.24.52) (2, 133, Overview ✕ ~ Unavailable~ ▶Settings... ▶Settings ✕ \n [seed ] (134 chars.)) priority: 4, counter: 57

09:50:02.879271 - EVENT MANAGER: object:text-caret-moved for [terminal: 'Terminal' (0x7132c5d035c0)]  in org.gnome.Terminal (gtk 3.24.52) (135, 0, 0)
09:50:02.879286 - FOCUS MANAGER: Locus of focus is [frame: 'Terminal' (0x7132c6658d00)] 
09:50:02.879337 - EVENT_MANAGER: Not ignoring object:text-caret-moved due to source being focused
09:50:02.879373 - EVENT MANAGER: Queueing object:text-caret-moved for [terminal: 'Terminal' (0x7132c5d036c0)]  in org.gnome.Terminal (gtk 3.24.52) (135, 0, 0)
09:50:02.879388 - EVENT MANAGER: App for event source is [application: 'org.gnome.Terminal' (0x7132c7790700)] 
09:50:02.879404 - SCRIPT MANAGER: Getting script for [application: 'org.gnome.Terminal' (0x7132c7790700)]  [terminal: 'Terminal' (0x7132c5d02c40)] 
09:50:02.879424 - SCRIPT MANAGER: Script is custom script org.gnome.Terminal (module=orca.scripts.terminal.script)
09:50:02.879460 - EVENT MANAGER: object:text-caret-moved for [terminal: 'Terminal' (0x7132c5d03680)]  in org.gnome.Terminal (gtk 3.24.52) (135, 0, 0) has priority level: 4
09:50:02.879494 - EVENT MANAGER: Queued object:text-caret-moved for [terminal: 'Terminal' (0x7132c5d036c0)]  in org.gnome.Terminal (gtk 3.24.52) (135, 0, 0) priority: 4, counter: 58
09:50:02.879516 - WARNING: Braille initialization failed: BrlAPI connection unavailable.
09:50:02.879532 - BRAILLE: Scheduling BrlAPI retry in 2000 ms.
09:50:02.879604 - EVENT MANAGER: Dequeueing window:deactivate for [frame: 'Terminal' (0x7132c6658d00)]  in org.gnome.Terminal (gtk 3.24.52) (0, 0, Terminal)
09:50:02.879636 - EVENT MANAGER: Dequeued window:deactivate for [frame: 'Terminal' (0x7132c6658d00)]  in org.gnome.Terminal (gtk 3.24.52) (0, 0, Terminal) priority: 2, counter: 15

vvvvv START PRIORITY-2 OBJECT EVENT WINDOW:DEACTIVATE (queue size: 52) vvvvv
09:50:02.880133 - EVENT MANAGER: window:deactivate for [frame: 'Terminal' (0x7132c6658d00)]  in org.gnome.Terminal (gtk 3.24.52) (0, 0, Terminal) obsoleted by window:activate for [frame: 'Terminal' (0x7132c6658d00)]  in org.gnome.Terminal (gtk 3.24.52) (0, 0, Terminal) more recent window (de)activation event
TOTAL PROCESSING TIME: 0.0005
^^^^^ FINISHED PRIORITY-2 OBJECT EVENT WINDOW:DEACTIVATE ^^^^^

09:50:02.880184 - EVENT MANAGER: Dequeueing object:state-changed:active for [frame: 'Terminal' (0x7132c6658d00)]  in org.gnome.Terminal (gtk 3.24.52) (0, 0, 0)
09:50:02.880215 - EVENT MANAGER: Dequeued object:state-changed:active for [frame: 'Terminal' (0x7132c6658d00)]  in org.gnome.Terminal (gtk 3.24.52) (0, 0, 0) priority: 2, counter: 17

vvvvv START PRIORITY-2 OBJECT EVENT OBJECT:STATE-CHANGED:ACTIVE (queue size: 51) vvvvv
09:50:02.880694 - EVENT MANAGER: object:state-changed:active for [frame: 'Terminal' (0x7132c6658d00)]  in org.gnome.Terminal (gtk 3.24.52) (0, 0, 0) obsoleted by object:state-changed:active for [frame: 'Terminal' (0x7132c6658d00)]  in org.gnome.Terminal (gtk 3.24.52) (1, 0, 0) more recent event of same type for same object
TOTAL PROCESSING TIME: 0.0005
^^^^^ FINISHED PRIORITY-2 OBJECT EVENT OBJECT:STATE-CHANGED:ACTIVE ^^^^^

09:50:02.880737 - EVENT MANAGER: Dequeueing window:activate for [frame: 'Terminal' (0x7132c6658d00)]  in org.gnome.Terminal (gtk 3.24.52) (0, 0, Terminal)
09:50:02.880768 - EVENT MANAGER: Dequeued window:activate for [frame: 'Terminal' (0x7132c6658d00)]  in org.gnome.Terminal (gtk 3.24.52) (0, 0, Terminal) priority: 2, counter: 18

vvvvv START PRIORITY-2 OBJECT EVENT WINDOW:ACTIVATE (queue size: 50) vvvvv
09:50:02.881885 - EVENT SOURCE:
                  app='org.gnome.Terminal (gtk 3.24.52)' name='Terminal' role='frame' axid='' id=0x7132c6658d00
                  description=''
                  help=''
                  locale='C.UTF-8'
                  states='active, enabled, resizable, sensitive, showing, visible'
                  relations=''
                  actions=''
                  interfaces='Collection, Component'
                  attributes='toolkit:gtk, window-type:normal'
                  text=''
                  path=[-1, 0]
                  
09:50:02.881960 - SCRIPT MANAGER: Active script is: org.gnome.Terminal (module=orca.scripts.toolkits.gtk.script)
09:50:02.882019 - FOCUS MANAGER: Locus of focus is [frame: 'Terminal' (0x7132c6658d00)] 
09:50:02.882060 - EVENT MANAGER: Script for event from locus of focus is org.gnome.Terminal (module=orca.scripts.toolkits.gtk.script)
09:50:02.882079 - EVENT MANAGER: Processing window:activate: script for event is active
09:50:02.882147 - AXObject: Clearing AT-SPI cache on [frame: 'Terminal' (0x7132c6658d00)]  Recursive: False.  Reason: Checking if window can be the active window
09:50:02.884132 - AXUtilities: [frame: 'Terminal' (0x7132c6658d00)]  from [application: 'org.gnome.Terminal' (0x7132c7790700)]  can be active window
09:50:02.884191 - FOCUS MANAGER: Active window is [frame: 'Terminal' (0x7132c6658d00)]  event_manager._dequeue_object_event:666 > event_manager._process_object_event:982 > default._on_window_activated:1384 > focus_manager.get_active_window:342
09:50:02.884732 - DEFAULT: Event is for active window.
09:50:02.884799 - SPELL CHECK PRESENTER: Handling window:activate for [frame: 'Terminal' (0x7132c6658d00)] 
09:50:02.884852 - SPELL CHECK PRESENTER: Attempting activation for [frame: 'Terminal' (0x7132c6658d00)] 
09:50:02.884990 - SPELL CHECK PRESENTER: [frame: 'Terminal' (0x7132c6658d00)]  is not spellcheck window
09:50:02.885011 - SPELL CHECK PRESENTER: Not a spellcheck window. Deactivating.
TOTAL PROCESSING TIME: 0.0043
^^^^^ FINISHED PRIORITY-2 OBJECT EVENT WINDOW:ACTIVATE ^^^^^

09:50:02.885171 - EVENT MANAGER: Dequeueing object:state-changed:active for [frame: 'Terminal' (0x7132c6658d00)]  in org.gnome.Terminal (gtk 3.24.52) (1, 0, 0)
09:50:02.885267 - EVENT MANAGER: Dequeued object:state-changed:active for [frame: 'Terminal' (0x7132c6658d00)]  in org.gnome.Terminal (gtk 3.24.52) (1, 0, 0) priority: 2, counter: 20

vvvvv START PRIORITY-2 OBJECT EVENT OBJECT:STATE-CHANGED:ACTIVE (queue size: 49) vvvvv
09:50:02.889570 - EVENT SOURCE:
                  app='org.gnome.Terminal (gtk 3.24.52)' name='Terminal' role='frame' axid='' id=0x7132c6658d00
                  description=''
                  help=''
                  locale='C.UTF-8'
                  states='active, enabled, resizable, sensitive, showing, visible'
                  relations=''
                  actions=''
                  interfaces='Collection, Component'
                  attributes='toolkit:gtk, window-type:normal'
                  text=''
                  path=[-1, 0]
                  
09:50:02.889653 - SCRIPT MANAGER: Active script is: org.gnome.Terminal (module=orca.scripts.toolkits.gtk.script)
09:50:02.889705 - FOCUS MANAGER: Locus of focus is [frame: 'Terminal' (0x7132c6658d00)] 
09:50:02.889741 - EVENT MANAGER: Script for event from locus of focus is org.gnome.Terminal (module=orca.scripts.toolkits.gtk.script)
09:50:02.889759 - EVENT MANAGER: Processing object:state-changed:active: script for event is active
09:50:02.889847 - AXObject: Clearing AT-SPI cache on [frame: 'Terminal' (0x7132c6658d00)]  Recursive: False.  Reason: Checking if window can be the active window
09:50:02.891286 - AXUtilities: [frame: 'Terminal' (0x7132c6658d00)]  from [application: 'org.gnome.Terminal' (0x7132c7790700)]  can be active window
09:50:02.891338 - FOCUS MANAGER: Active window is [frame: 'Terminal' (0x7132c6658d00)]  event_manager._dequeue_object_event:666 > event_manager._process_object_event:982 > default._on_active_changed:799 > focus_manager.get_active_window:342
TOTAL PROCESSING TIME: 0.0066
^^^^^ FINISHED PRIORITY-2 OBJECT EVENT OBJECT:STATE-CHANGED:ACTIVE ^^^^^

09:50:02.891970 - EVENT MANAGER: Dequeueing window:activate for [frame: 'Reactive TUI App accessibility round 1' (0x7132c5d28480)]  in accessibility_probe (AccessKit) (0, 0, Reactive TUI App accessibility round 1)
09:50:02.892082 - EVENT MANAGER: Dequeued window:activate for [frame: 'Reactive TUI App accessibility round 1' (0x7132c5d28380)]  in accessibility_probe (AccessKit) (0, 0, Reactive TUI App accessibility round 1) priority: 2, counter: 36

vvvvv START PRIORITY-2 OBJECT EVENT WINDOW:ACTIVATE (queue size: 48) vvvvv
09:50:02.893242 - EVENT MANAGER: window:activate for [frame: 'Reactive TUI App accessibility round 1' (0x7132c5d286c0)]  in accessibility_probe (AccessKit) (0, 0, Reactive TUI App accessibility round 1) obsoleted by window:activate for [frame: 'Reactive TUI App accessibility round 1' (0x7132c5d286c0)]  in accessibility_probe (AccessKit) (0, 0, Reactive TUI App accessibility round 1) more recent duplicate
TOTAL PROCESSING TIME: 0.0012
^^^^^ FINISHED PRIORITY-2 OBJECT EVENT WINDOW:ACTIVATE ^^^^^

09:50:02.893337 - EVENT MANAGER: Dequeueing object:state-changed:active for [frame: 'Reactive TUI App accessibility round 1' (0x7132c5d28440)]  in accessibility_probe (AccessKit) (1, 0, 0)
09:50:02.893376 - EVENT MANAGER: Dequeued object:state-changed:active for [frame: 'Reactive TUI App accessibility round 1' (0x7132c5d28600)]  in accessibility_probe (AccessKit) (1, 0, 0) priority: 2, counter: 37

vvvvv START PRIORITY-2 OBJECT EVENT OBJECT:STATE-CHANGED:ACTIVE (queue size: 47) vvvvv
09:50:02.893752 - EVENT MANAGER: object:state-changed:active for [frame: 'Reactive TUI App accessibility round 1' (0x7132c5d28340)]  in accessibility_probe (AccessKit) (1, 0, 0) obsoleted by object:state-changed:active for [frame: 'Reactive TUI App accessibility round 1' (0x7132c5d28340)]  in accessibility_probe (AccessKit) (1, 0, 0) more recent duplicate
TOTAL PROCESSING TIME: 0.0004
^^^^^ FINISHED PRIORITY-2 OBJECT EVENT OBJECT:STATE-CHANGED:ACTIVE ^^^^^

09:50:02.893799 - EVENT MANAGER: Dequeueing window:deactivate for [frame: 'Reactive TUI App accessibility round 1' (0x7132c5d28740)]  in accessibility_probe (AccessKit) (0, 0, Reactive TUI App accessibility round 1)
09:50:02.893832 - EVENT MANAGER: Dequeued window:deactivate for [frame: 'Reactive TUI App accessibility round 1' (0x7132e0480640)]  in accessibility_probe (AccessKit) (0, 0, Reactive TUI App accessibility round 1) priority: 2, counter: 40

vvvvv START PRIORITY-2 OBJECT EVENT WINDOW:DEACTIVATE (queue size: 46) vvvvv
09:50:02.894262 - EVENT MANAGER: window:deactivate for [frame: 'Reactive TUI App accessibility round 1' (0x7132c6618880)]  in accessibility_probe (AccessKit) (0, 0, Reactive TUI App accessibility round 1) obsoleted by window:activate for [frame: 'Reactive TUI App accessibility round 1' (0x7132c5d28880)]  in accessibility_probe (AccessKit) (0, 0, Reactive TUI App accessibility round 1) more recent window (de)activation event
TOTAL PROCESSING TIME: 0.0004
^^^^^ FINISHED PRIORITY-2 OBJECT EVENT WINDOW:DEACTIVATE ^^^^^

09:50:02.894306 - EVENT MANAGER: Dequeueing object:state-changed:active for [frame: 'Reactive TUI App accessibility round 1' (0x7132c5d287c0)]  in accessibility_probe (AccessKit) (0, 0, 0)
09:50:02.894338 - EVENT MANAGER: Dequeued object:state-changed:active for [frame: 'Reactive TUI App accessibility round 1' (0x7132c5d28840)]  in accessibility_probe (AccessKit) (0, 0, 0) priority: 2, counter: 41

vvvvv START PRIORITY-2 OBJECT EVENT OBJECT:STATE-CHANGED:ACTIVE (queue size: 45) vvvvv
09:50:02.894737 - EVENT MANAGER: object:state-changed:active for [frame: 'Reactive TUI App accessibility round 1' (0x7132c5d28900)]  in accessibility_probe (AccessKit) (0, 0, 0) obsoleted by object:state-changed:active for [frame: 'Reactive TUI App accessibility round 1' (0x7132c6618980)]  in accessibility_probe (AccessKit) (1, 0, 0) more recent event of same type for same object
TOTAL PROCESSING TIME: 0.0004
^^^^^ FINISHED PRIORITY-2 OBJECT EVENT OBJECT:STATE-CHANGED:ACTIVE ^^^^^

09:50:02.894777 - EVENT MANAGER: Dequeueing window:activate for [frame: 'Reactive TUI App accessibility round 1' (0x7132c6618980)]  in accessibility_probe (AccessKit) (0, 0, Reactive TUI App accessibility round 1)
09:50:02.894813 - EVENT MANAGER: Dequeued window:activate for [frame: 'Reactive TUI App accessibility round 1' (0x7132c5d289c0)]  in accessibility_probe (AccessKit) (0, 0, Reactive TUI App accessibility round 1) priority: 2, counter: 42

vvvvv START PRIORITY-2 OBJECT EVENT WINDOW:ACTIVATE (queue size: 44) vvvvv
09:50:02.898189 - EVENT SOURCE:
                  app='accessibility_probe (AccessKit )' name='Reactive TUI App accessibility round 1' role='frame' axid='' id=0x7132e0480640
                  description=''
                  help=''
                  locale=''
                  states='active, enabled, sensitive, showing, visible'
                  relations=''
                  actions=''
                  interfaces='Component'
                  attributes=''
                  text=''
                  path=[-1, 0]
                  
09:50:02.898256 - SCRIPT MANAGER: Active script is: org.gnome.Terminal (module=orca.scripts.toolkits.gtk.script)
09:50:02.898303 - FOCUS MANAGER: Locus of focus is [frame: 'Terminal' (0x7132c6658d00)] 
09:50:02.898377 - EVENT MANAGER: Getting script for event for [application: 'accessibility_probe' (0x7132c77adac0)]  [frame: 'Reactive TUI App accessibility round 1' (0x7132c6618880)] 
09:50:02.898425 - SCRIPT MANAGER: Getting script for [application: 'accessibility_probe' (0x7132c77adac0)]  [frame: 'Reactive TUI App accessibility round 1' (0x7132c6618880)] 
09:50:02.898632 - SCRIPT MANAGER: Script is app script accessibility_probe (module=orca.scripts.default)
09:50:02.898666 - EVENT MANAGER: Script for event is accessibility_probe (module=orca.scripts.default)
09:50:02.900145 - FOCUS MANAGER: Active window is [frame: 'Terminal' (0x7132c6658d00)]  event_manager._process_object_event:958 > event_manager._is_activatable_event:814 > event_manager._is_activatable_by_event_type:828 > focus_manager.get_active_window:342
09:50:02.900645 - EVENT MANAGER: Change active script: True (Window activation)
09:50:02.900696 - SCRIPT MANAGER: Deactivating org.gnome.Terminal (module=orca.scripts.toolkits.gtk.script) reason: Window activation
09:50:02.900746 - SCRIPT MANAGER: Setting active script to accessibility_probe (module=orca.scripts.default) reason: Window activation
09:50:02.900784 - DEFAULT: Activating script for [application: 'accessibility_probe' (0x7132c77adac0)] 
09:50:02.901148 - SPEECH MANAGER: Speech server is <orca.speechdispatcherfactory.SpeechServer object at 0x7132c76d96a0>
09:50:02.901289 - GSETTINGS SCHEMA HANDLE: speech/punctuation-level not set [app:accessibility_probe, profile:default]
09:50:02.901307 - GSETTINGS REGISTRY: speech/punctuation-level using default value = 'most'
09:50:02.901645 - SPEECH MANAGER: Speech server is <orca.speechdispatcherfactory.SpeechServer object at 0x7132c76d96a0>
09:50:02.901702 - GSETTINGS SCHEMA HANDLE: speech/capitalization-style not set [app:accessibility_probe, profile:default]
09:50:02.901717 - GSETTINGS REGISTRY: speech/capitalization-style using default value = 'none'
09:50:02.901960 - SPEECH MANAGER: Speech server is <orca.speechdispatcherfactory.SpeechServer object at 0x7132c76d96a0>
09:50:02.902060 - GSETTINGS SCHEMA HANDLE: speech/synthesizer not set [app:accessibility_probe, profile:default]
09:50:02.902112 - SCRIPT MANAGER: Active script is: accessibility_probe (module=orca.scripts.default)
09:50:02.902125 - CARET NAVIGATOR: Commands suspended: False: script activation, no prior state
09:50:02.902191 - GSETTINGS SCHEMA HANDLE: keybindings/keyboard-layout not set [app:accessibility_probe, profile:default]
09:50:02.902206 - GSETTINGS REGISTRY: keybindings/keyboard-layout using default value = 'desktop'
09:50:02.902240 - GSETTINGS SCHEMA HANDLE: keybindings/desktop-modifier-keys not set [app:accessibility_probe, profile:default]
09:50:02.902254 - GSETTINGS REGISTRY: keybindings/desktop-modifier-keys using default value = ['Insert', 'KP_Insert']
09:50:02.902311 - SCRIPT MANAGER: Active script is: accessibility_probe (module=orca.scripts.default)
09:50:02.902330 - STRUCTURAL NAVIGATOR: Suspended: False: script activation, no prior state
09:50:02.902367 - GSETTINGS SCHEMA HANDLE: keybindings/keyboard-layout not set [app:accessibility_probe, profile:default]
09:50:02.902380 - GSETTINGS REGISTRY: keybindings/keyboard-layout using default value = 'desktop'
09:50:02.902411 - GSETTINGS SCHEMA HANDLE: keybindings/desktop-modifier-keys not set [app:accessibility_probe, profile:default]
09:50:02.902424 - GSETTINGS REGISTRY: keybindings/desktop-modifier-keys using default value = ['Insert', 'KP_Insert']
09:50:02.902488 - STRUCTURAL NAVIGATOR: Setting mode for accessibility_probe (module=orca.scripts.default) to NavigationMode.OFF
09:50:02.902519 - SCRIPT MANAGER: Active script is: accessibility_probe (module=orca.scripts.default)
09:50:02.902554 - GSETTINGS SCHEMA HANDLE: keybindings/keyboard-layout not set [app:accessibility_probe, profile:default]
09:50:02.902566 - GSETTINGS REGISTRY: keybindings/keyboard-layout using default value = 'desktop'
09:50:02.902596 - GSETTINGS SCHEMA HANDLE: keybindings/desktop-modifier-keys not set [app:accessibility_probe, profile:default]
09:50:02.902609 - GSETTINGS REGISTRY: keybindings/desktop-modifier-keys using default value = ['Insert', 'KP_Insert']
09:50:02.902667 - CARET NAVIGATOR: Setting enabled state for accessibility_probe (module=orca.scripts.default) to False
09:50:02.902696 - SCRIPT MANAGER: Active script is: accessibility_probe (module=orca.scripts.default)
09:50:02.902729 - GSETTINGS SCHEMA HANDLE: keybindings/keyboard-layout not set [app:accessibility_probe, profile:default]
09:50:02.902741 - GSETTINGS REGISTRY: keybindings/keyboard-layout using default value = 'desktop'
09:50:02.902770 - GSETTINGS SCHEMA HANDLE: keybindings/desktop-modifier-keys not set [app:accessibility_probe, profile:default]
09:50:02.902782 - GSETTINGS REGISTRY: keybindings/desktop-modifier-keys using default value = ['Insert', 'KP_Insert']
09:50:02.902803 - COMMAND MANAGER: Activating commands: activated accessibility_probe (module=orca.scripts.default)
09:50:02.902924 - GSETTINGS SCHEMA HANDLE: keybindings/entries no dict values set
09:50:02.902937 - GSETTINGS REGISTRY: keybindings/entries using default value = {}
09:50:02.902947 - COMMAND MANAGER: No user overrides to apply
09:50:02.903047 - GSETTINGS SCHEMA HANDLE: keybindings/keyboard-layout not set [app:accessibility_probe, profile:default]
09:50:02.903063 - GSETTINGS REGISTRY: keybindings/keyboard-layout using default value = 'desktop'
09:50:02.903094 - GSETTINGS SCHEMA HANDLE: keybindings/desktop-modifier-keys not set [app:accessibility_probe, profile:default]
09:50:02.903106 - GSETTINGS REGISTRY: keybindings/desktop-modifier-keys using default value = ['Insert', 'KP_Insert']

vvvvv COMMAND MANAGER: Grab diff: activated accessibility_probe (module=orca.scripts.default) (old: 77, new: 77) vvvvv
09:50:02.903144 -   No grab changes
^^^^^ COMMAND MANAGER: Diff completed in 0.0000s. Removed 0, added 0, transferred 0 ^^^^^

09:50:02.903195 - GSETTINGS SCHEMA HANDLE: speech/enable not set [app:accessibility_probe, profile:default]
09:50:02.903208 - GSETTINGS REGISTRY: speech/enable using default value = True
09:50:02.903218 - SPEECH MANAGER: Speech is enabled.
09:50:02.903274 - SPEECH MANAGER: start_speech. Script: None Event: None notify_user: False
09:50:02.903285 - SPEECH MANAGER: Initializing server
09:50:02.903294 - SPEECH MANAGER: Already initialized
09:50:02.903328 - GSETTINGS SCHEMA HANDLE: keybindings/keyboard-layout not set [app:accessibility_probe, profile:default]
09:50:02.903339 - GSETTINGS REGISTRY: keybindings/keyboard-layout using default value = 'desktop'
09:50:02.903350 - COMMAND MANAGER: Setting keyboard layout is_desktop to True.
09:50:02.903445 - GSETTINGS SCHEMA HANDLE: keybindings/entries no dict values set
09:50:02.903458 - GSETTINGS REGISTRY: keybindings/entries using default value = {}
09:50:02.903468 - COMMAND MANAGER: No user overrides to apply
09:50:02.903546 - GSETTINGS SCHEMA HANDLE: keybindings/keyboard-layout not set [app:accessibility_probe, profile:default]
09:50:02.903564 - GSETTINGS REGISTRY: keybindings/keyboard-layout using default value = 'desktop'
09:50:02.903594 - GSETTINGS SCHEMA HANDLE: keybindings/desktop-modifier-keys not set [app:accessibility_probe, profile:default]
09:50:02.903606 - GSETTINGS REGISTRY: keybindings/desktop-modifier-keys using default value = ['Insert', 'KP_Insert']

vvvvv COMMAND MANAGER: Grab diff: keyboard layout change (old: 77, new: 77) vvvvv
09:50:02.903633 -   No grab changes
^^^^^ COMMAND MANAGER: Diff completed in 0.0000s. Removed 0, added 0, transferred 0 ^^^^^

09:50:02.903653 - COMMAND MANAGER: Keyboard layout set to desktop.
09:50:02.903688 - GSETTINGS SCHEMA HANDLE: keybindings/keyboard-layout not set [app:accessibility_probe, profile:default]
09:50:02.903699 - GSETTINGS REGISTRY: keybindings/keyboard-layout using default value = 'desktop'
09:50:02.903728 - GSETTINGS SCHEMA HANDLE: keybindings/desktop-modifier-keys not set [app:accessibility_probe, profile:default]
09:50:02.903740 - GSETTINGS REGISTRY: keybindings/desktop-modifier-keys using default value = ['Insert', 'KP_Insert']
09:50:02.903761 - EVENT MANAGER: Processing window:activate: script for event is active
09:50:02.903837 - AXObject: Clearing AT-SPI cache on [frame: 'Reactive TUI App accessibility round 1' (0x7132c5d29340)]  Recursive: False.  Reason: Checking if window can be the active window
09:50:02.906334 - AXUtilities: [frame: 'Reactive TUI App accessibility round 1' (0x7132c5d29340)]  from [application: 'accessibility_probe' (0x7132c77adac0)]  can be active window
09:50:02.906395 - FOCUS MANAGER: Active window is [frame: 'Terminal' (0x7132c6658d00)]  event_manager._dequeue_object_event:666 > event_manager._process_object_event:982 > default._on_window_activated:1384 > focus_manager.get_active_window:342
09:50:02.906907 - FOCUS MANAGER: Request to set active window to [frame: 'Reactive TUI App accessibility round 1' (0x7132c5d03000)] 
09:50:02.907037 - FOCUS MANAGER: Focus [frame: 'Terminal' (0x7132c6658d00)]  is not in [frame: 'Reactive TUI App accessibility round 1' (0x7132c5d03000)] 
09:50:02.907099 - FOCUS MANAGER: Request to set locus of focus to [frame: 'Reactive TUI App accessibility round 1' (0x7132c5d03000)]  event_manager._process_object_event:982 > default._on_window_activated:1391 > focus_manager.set_active_window:391 > focus_manager.set_locus_of_focus:271
09:50:02.907643 - AXObject: Clearing AT-SPI cache on [frame: 'Reactive TUI App accessibility round 1' (0x7132c5d03000)]  Recursive: False.  Reason: Setting locus of focus.
09:50:02.907687 - SCRIPT MANAGER: Active script is: accessibility_probe (module=orca.scripts.default)
09:50:02.908550 - FOCUS MANAGER: Changing locus of focus from [frame: 'Terminal' (0x7132c6658d00)]  to [frame: 'Reactive TUI App accessibility round 1' (0x7132c5d03000)] . Notify: True
09:50:02.908943 - FOCUS MANAGER: Region of interest: [frame: 'Reactive TUI App accessibility round 1' (0x7132c5d03000)]  (0, 0)
09:50:02.909330 - FOCUS MANAGER: Switching object of interest from [frame: 'Terminal' (0x7132c6658d00)]  to [frame: 'Reactive TUI App accessibility round 1' (0x7132c5d03000)] 
09:50:02.910056 - DOCUMENT PRESENTER: Updating mode for focus change. Old focus: [frame: 'Terminal' (0x7132c6658d00)]  old doc: None New focus: [frame: 'Reactive TUI App accessibility round 1' (0x7132c5d03000)]  new doc: None
09:50:02.910097 - SCRIPT MANAGER: Active script is: accessibility_probe (module=orca.scripts.default)
09:50:02.910110 - CARET NAVIGATOR: Commands suspended: False: locus of focus no longer in document
09:50:02.910163 - GSETTINGS SCHEMA HANDLE: keybindings/keyboard-layout not set [app:accessibility_probe, profile:default]
09:50:02.910177 - GSETTINGS REGISTRY: keybindings/keyboard-layout using default value = 'desktop'
09:50:02.910210 - GSETTINGS SCHEMA HANDLE: keybindings/desktop-modifier-keys not set [app:accessibility_probe, profile:default]
09:50:02.910224 - GSETTINGS REGISTRY: keybindings/desktop-modifier-keys using default value = ['Insert', 'KP_Insert']
09:50:02.910268 - SCRIPT MANAGER: Active script is: accessibility_probe (module=orca.scripts.default)
09:50:02.910284 - STRUCTURAL NAVIGATOR: Suspended: False: locus of focus no longer in document
09:50:02.910320 - GSETTINGS SCHEMA HANDLE: keybindings/keyboard-layout not set [app:accessibility_probe, profile:default]
09:50:02.910331 - GSETTINGS REGISTRY: keybindings/keyboard-layout using default value = 'desktop'
09:50:02.910361 - GSETTINGS SCHEMA HANDLE: keybindings/desktop-modifier-keys not set [app:accessibility_probe, profile:default]
09:50:02.910374 - GSETTINGS REGISTRY: keybindings/desktop-modifier-keys using default value = ['Insert', 'KP_Insert']
09:50:02.910432 - STRUCTURAL NAVIGATOR: Setting mode for accessibility_probe (module=orca.scripts.default) to NavigationMode.OFF
09:50:02.910460 - SCRIPT MANAGER: Active script is: accessibility_probe (module=orca.scripts.default)
09:50:02.910495 - GSETTINGS SCHEMA HANDLE: keybindings/keyboard-layout not set [app:accessibility_probe, profile:default]
09:50:02.910507 - GSETTINGS REGISTRY: keybindings/keyboard-layout using default value = 'desktop'
09:50:02.910537 - GSETTINGS SCHEMA HANDLE: keybindings/desktop-modifier-keys not set [app:accessibility_probe, profile:default]
09:50:02.910549 - GSETTINGS REGISTRY: keybindings/desktop-modifier-keys using default value = ['Insert', 'KP_Insert']
09:50:02.910605 - CARET NAVIGATOR: Setting enabled state for accessibility_probe (module=orca.scripts.default) to False
09:50:02.910632 - SCRIPT MANAGER: Active script is: accessibility_probe (module=orca.scripts.default)
09:50:02.910665 - GSETTINGS SCHEMA HANDLE: keybindings/keyboard-layout not set [app:accessibility_probe, profile:default]
09:50:02.910676 - GSETTINGS REGISTRY: keybindings/keyboard-layout using default value = 'desktop'
09:50:02.910705 - GSETTINGS SCHEMA HANDLE: keybindings/desktop-modifier-keys not set [app:accessibility_probe, profile:default]
09:50:02.910717 - GSETTINGS REGISTRY: keybindings/desktop-modifier-keys using default value = ['Insert', 'KP_Insert']
09:50:02.910805 - SCRIPT UTILITIES: [frame: 'Reactive TUI App accessibility round 1' (0x7132c5d03000)]  is top-level object for: [frame: 'Reactive TUI App accessibility round 1' (0x7132c5d03000)] 
09:50:02.910837 - FOCUS MANAGER: Request to set active window to [frame: 'Reactive TUI App accessibility round 1' (0x7132c5d03000)] 
09:50:02.910850 - FOCUS MANAGER: Setting active window to existing active window
09:50:02.910892 - SCRIPT MANAGER: Getting script for [application: 'accessibility_probe' (0x7132c77adac0)]  [frame: 'Reactive TUI App accessibility round 1' (0x7132c5d03000)] 
09:50:02.911237 - SCRIPT MANAGER: Script is app script accessibility_probe (module=orca.scripts.default)
09:50:02.911256 - PRESENTATION MANAGER: Not interrupting for locusOfFocus change: event is None
09:50:02.911294 - FOCUS MANAGER: Active mode: focus-tracking Object of interest: [frame: 'Reactive TUI App accessibility round 1' (0x7132c5d03000)] 
09:50:02.911327 - GSETTINGS SCHEMA HANDLE: speech/enable not set [app:accessibility_probe, profile:default]
09:50:02.911333 - GSETTINGS REGISTRY: speech/enable using default value = True
09:50:02.911350 - GSETTINGS SCHEMA HANDLE: speech/verbosity-level not set [app:accessibility_probe, profile:default]
09:50:02.911355 - GSETTINGS REGISTRY: speech/verbosity-level using default value = 'verbose'
09:50:02.911369 - FOCUS MANAGER: Locus of focus is [frame: 'Reactive TUI App accessibility round 1' (0x7132c5d03000)] 
09:50:02.911383 - SCRIPT MANAGER: Active script is: accessibility_probe (module=orca.scripts.default)
09:50:02.911399 - GSETTINGS SCHEMA HANDLE: speech/only-speak-displayed-text not set [app:accessibility_probe, profile:default]
09:50:02.911403 - GSETTINGS REGISTRY: speech/only-speak-displayed-text using default value = False
09:50:02.911415 - GSETTINGS SCHEMA HANDLE: speech/speak-description not set [app:accessibility_probe, profile:default]
09:50:02.911418 - GSETTINGS REGISTRY: speech/speak-description using default value = True
09:50:02.911428 - GSETTINGS SCHEMA HANDLE: speech/speak-tutorial-messages not set [app:accessibility_probe, profile:default]
09:50:02.911435 - GSETTINGS REGISTRY: speech/speak-tutorial-messages using default value = True
09:50:02.911445 - GSETTINGS SCHEMA HANDLE: speech/speak-position-in-set not set [app:accessibility_probe, profile:default]
09:50:02.911449 - GSETTINGS REGISTRY: speech/speak-position-in-set using default value = False
09:50:02.911459 - GSETTINGS SCHEMA HANDLE: speech/speak-widget-mnemonic not set [app:accessibility_probe, profile:default]
09:50:02.911462 - GSETTINGS REGISTRY: speech/speak-widget-mnemonic using default value = True
09:50:02.911471 - GSETTINGS SCHEMA HANDLE: speech/speak-blank-lines not set [app:accessibility_probe, profile:default]
09:50:02.911474 - GSETTINGS REGISTRY: speech/speak-blank-lines using default value = True
09:50:02.911485 - GSETTINGS SCHEMA HANDLE: speech/speak-indentation-and-justification not set [app:accessibility_probe, profile:default]
09:50:02.911488 - GSETTINGS REGISTRY: speech/speak-indentation-and-justification using default value = False
09:50:02.911498 - GSETTINGS SCHEMA HANDLE: speech/announce-cell-headers not set [app:accessibility_probe, profile:default]
09:50:02.911501 - GSETTINGS REGISTRY: speech/announce-cell-headers using default value = True
09:50:02.911511 - GSETTINGS SCHEMA HANDLE: speech/announce-cell-coordinates not set [app:accessibility_probe, profile:default]
09:50:02.911514 - GSETTINGS REGISTRY: speech/announce-cell-coordinates using default value = True
09:50:02.911523 - GSETTINGS SCHEMA HANDLE: speech/announce-spreadsheet-cell-coordinates not set [app:accessibility_probe, profile:default]
09:50:02.911527 - GSETTINGS REGISTRY: speech/announce-spreadsheet-cell-coordinates using default value = True
09:50:02.911536 - GSETTINGS SCHEMA HANDLE: speech/announce-blockquote not set [app:accessibility_probe, profile:default]
09:50:02.911540 - GSETTINGS REGISTRY: speech/announce-blockquote using default value = True
09:50:02.911549 - GSETTINGS SCHEMA HANDLE: speech/announce-form not set [app:accessibility_probe, profile:default]
09:50:02.911552 - GSETTINGS REGISTRY: speech/announce-form using default value = True
09:50:02.911561 - GSETTINGS SCHEMA HANDLE: speech/announce-landmark not set [app:accessibility_probe, profile:default]
09:50:02.911564 - GSETTINGS REGISTRY: speech/announce-landmark using default value = True
09:50:02.911574 - GSETTINGS SCHEMA HANDLE: speech/announce-list not set [app:accessibility_probe, profile:default]
09:50:02.911577 - GSETTINGS REGISTRY: speech/announce-list using default value = True
09:50:02.911587 - GSETTINGS SCHEMA HANDLE: speech/announce-grouping not set [app:accessibility_probe, profile:default]
09:50:02.911590 - GSETTINGS REGISTRY: speech/announce-grouping using default value = True
09:50:02.911599 - GSETTINGS SCHEMA HANDLE: speech/announce-table not set [app:accessibility_probe, profile:default]
09:50:02.911602 - GSETTINGS REGISTRY: speech/announce-table using default value = True
09:50:02.913104 - GENERATOR: _get_functional_role: frame
09:50:02.913237 - SPEECH GENERATOR: speech_generator.SpeechGenerator._generate_frame for [frame: 'Reactive TUI App accessibility round 1' (0x7132c5d03000)]  args: {'formatType': 'unfocused', 'priorObj': "[frame: 'Terminal' (0x7132c6658d00)] ", 'role': 'frame'}
09:50:02.913317 - SPEECH GENERATOR: _generate_old_ancestors: []
09:50:02.913367 - SPEECH GENERATOR: _generate_new_ancestors: []
09:50:02.913438 - AXUtilitiesRelation: [frame: 'Reactive TUI App accessibility round 1' (0x7132c5d03000)]  is labelled by: []
09:50:02.913468 - GENERATOR: _generate_accessible_label: []
09:50:02.913496 - SPEECH GENERATOR: _generate_accessible_label: []
09:50:02.913544 - GENERATOR: _generate_accessible_name: [Reactive TUI App accessibility round 1]
09:50:02.913626 - GSETTINGS SCHEMA HANDLE: voice/established not set [app:accessibility_probe, profile:default]
09:50:02.913666 - GSETTINGS SCHEMA HANDLE: voice/rate not set [app:accessibility_probe, profile:default]
09:50:02.913702 - GSETTINGS SCHEMA HANDLE: voice/pitch not set [app:accessibility_probe, profile:default]
09:50:02.913737 - GSETTINGS SCHEMA HANDLE: voice/volume not set [app:accessibility_probe, profile:default]
09:50:02.913778 - GSETTINGS SCHEMA HANDLE: voice/family-name not set [app:accessibility_probe, profile:default]
09:50:02.913812 - GSETTINGS SCHEMA HANDLE: voice/family-lang not set [app:accessibility_probe, profile:default]
09:50:02.913845 - GSETTINGS SCHEMA HANDLE: voice/family-dialect not set [app:accessibility_probe, profile:default]
09:50:02.913877 - GSETTINGS SCHEMA HANDLE: voice/family-gender not set [app:accessibility_probe, profile:default]
09:50:02.913911 - GSETTINGS SCHEMA HANDLE: voice/family-variant not set [app:accessibility_probe, profile:default]
09:50:02.913969 - SPEECH GENERATOR: default voice requested for [frame: 'Reactive TUI App accessibility round 1' (0x7132c5d03000)]  language='', dialect='' Unmodified voice={'established': False}
09:50:02.914033 - SPEECH GENERATOR: Reported locale of [frame: 'Reactive TUI App accessibility round 1' (0x7132c5d03000)]  is 
09:50:02.914066 - SPEECH GENERATOR: Updated to: 'C', ''
09:50:02.914116 - GSETTINGS SCHEMA HANDLE: speech/auto-language-switching not set [app:accessibility_probe, profile:default]
09:50:02.914129 - GSETTINGS REGISTRY: speech/auto-language-switching using default value = True
09:50:02.914152 - SPEECH DISPATCHER: Returning cached result for language='C' dialect='' variant='None'
09:50:02.914215 - SPEECH GENERATOR: Family updated to {'dialect': '', 'lang': 'C', 'name': ''}
09:50:02.914298 - SPEECH GENERATOR: Final voice is {'established': 'False', 'family': "{'dialect': '', 'lang': 'C', 'name': ''}"}
09:50:02.914391 - SPEECH GENERATOR: _generate_accessible_name: [Reactive TUI App accessibility round 1, {'established': 'False', 'family': "{'dialect': '', 'lang': 'C', 'name': ''}"}]
09:50:02.914491 - GENERATOR: _generate_accessible_label_and_name: [Reactive TUI App accessibility round 1, {'established': 'False', 'family': "{'dialect': '', 'lang': 'C', 'name': ''}"}]
09:50:02.914535 - SPEECH PRESENTER: Adjusting 'Reactive TUI App accessibility round 1' from [frame: 'Reactive TUI App accessibility round 1' (0x7132c5d03000)]  start_offset: None
09:50:02.914767 - GSETTINGS SCHEMA HANDLE: speech/speak-numbers-as-digits not set [app:accessibility_probe, profile:default]
09:50:02.914779 - GSETTINGS REGISTRY: speech/speak-numbers-as-digits using default value = False
09:50:02.914811 - GSETTINGS SCHEMA HANDLE: speech/repeated-character-limit not set [app:accessibility_probe, profile:default]
09:50:02.914816 - GSETTINGS REGISTRY: speech/repeated-character-limit using default value = 4
09:50:02.915835 - GSETTINGS SCHEMA HANDLE: speech/use-pronunciation-dictionary not set [app:accessibility_probe, profile:default]
09:50:02.915870 - GSETTINGS REGISTRY: speech/use-pronunciation-dictionary using default value = True
09:50:02.915945 - GSETTINGS SCHEMA HANDLE: pronunciations/entries no dict values set
09:50:02.915963 - GSETTINGS REGISTRY: pronunciations/entries using default value = {}
09:50:02.915986 - SPEECH PRESENTER: Adjusted text: 'Reactive TUI App accessibility round 1'
09:50:02.916099 - SPEECH GENERATOR: _generate_accessible_label_and_name: [Reactive TUI App accessibility round 1, {'established': 'False', 'family': "{'dialect': '', 'lang': 'C', 'name': ''}"}]
09:50:02.919142 - GSETTINGS SCHEMA HANDLE: voice/established not set [app:accessibility_probe, profile:default]
09:50:02.919232 - GSETTINGS SCHEMA HANDLE: voice/rate not set [app:accessibility_probe, profile:default]
09:50:02.919273 - GSETTINGS SCHEMA HANDLE: voice/pitch not set [app:accessibility_probe, profile:default]
09:50:02.919308 - GSETTINGS SCHEMA HANDLE: voice/volume not set [app:accessibility_probe, profile:default]
09:50:02.919345 - GSETTINGS SCHEMA HANDLE: voice/family-name not set [app:accessibility_probe, profile:default]
09:50:02.919377 - GSETTINGS SCHEMA HANDLE: voice/family-lang not set [app:accessibility_probe, profile:default]
09:50:02.919409 - GSETTINGS SCHEMA HANDLE: voice/family-dialect not set [app:accessibility_probe, profile:default]
09:50:02.919440 - GSETTINGS SCHEMA HANDLE: voice/family-gender not set [app:accessibility_probe, profile:default]
09:50:02.919479 - GSETTINGS SCHEMA HANDLE: voice/family-variant not set [app:accessibility_probe, profile:default]
09:50:02.919556 - SPEECH GENERATOR: system voice requested for [frame: 'Reactive TUI App accessibility round 1' (0x7132c5d03000)]  language='', dialect='' Unmodified voice={'established': False}
09:50:02.919612 - SPEECH GENERATOR: Reported locale of [frame: 'Reactive TUI App accessibility round 1' (0x7132c5d03000)]  is 
09:50:02.919640 - SPEECH GENERATOR: Updated to: 'C', ''
09:50:02.919712 - GSETTINGS SCHEMA HANDLE: voice/established not set [app:accessibility_probe, profile:default]
09:50:02.919748 - GSETTINGS SCHEMA HANDLE: voice/rate not set [app:accessibility_probe, profile:default]
09:50:02.919780 - GSETTINGS SCHEMA HANDLE: voice/pitch not set [app:accessibility_probe, profile:default]
09:50:02.919811 - GSETTINGS SCHEMA HANDLE: voice/volume not set [app:accessibility_probe, profile:default]
09:50:02.919843 - GSETTINGS SCHEMA HANDLE: voice/family-name not set [app:accessibility_probe, profile:default]
09:50:02.919875 - GSETTINGS SCHEMA HANDLE: voice/family-lang not set [app:accessibility_probe, profile:default]
09:50:02.919906 - GSETTINGS SCHEMA HANDLE: voice/family-dialect not set [app:accessibility_probe, profile:default]
09:50:02.919937 - GSETTINGS SCHEMA HANDLE: voice/family-gender not set [app:accessibility_probe, profile:default]
09:50:02.919968 - GSETTINGS SCHEMA HANDLE: voice/family-variant not set [app:accessibility_probe, profile:default]
09:50:02.920056 - SPEECH GENERATOR: Final voice is {'established': 'False', 'family': '{}'}
09:50:02.920129 - SPEECH GENERATOR: _generate_accessible_role: [frame, {'established': 'False', 'family': '{}'}]
09:50:02.920286 - AXUtilities: Unfocused alerts and dialogs for [frame: 'Reactive TUI App accessibility round 1' (0x7132c5d03000)] : []
09:50:02.920317 - SPEECH GENERATOR: _generate_unfocused_dialog_count: []
09:50:02.920579 - GENERATOR: _generate_state_current: []
09:50:02.920616 - SPEECH GENERATOR: _generate_state_current: []
09:50:02.920635 - SPEECH GENERATOR: _generate_has_click_action: []
09:50:02.920650 - SPEECH GENERATOR: _generate_has_details: []
09:50:02.920664 - SPEECH GENERATOR: _generate_details_for: []
09:50:02.920915 - AXUtilitiesRelation: [frame: 'Reactive TUI App accessibility round 1' (0x7132c5d03000)]  is described by: []
09:50:02.920933 - GENERATOR: _generate_accessible_description: []
09:50:02.920947 - SPEECH GENERATOR: _generate_accessible_description: []
09:50:02.920982 - SPEECH GENERATOR: _generate_state_has_popup: []
09:50:02.921191 - SPEECH GENERATOR: _generate_tutorial: []
09:50:02.921281 - SPEECH GENERATOR: Results: [Reactive TUI App accessibility round 1, {'established': 'False', 'family': "{'dialect': '', 'lang': 'C', 'name': ''}"}, frame, {'established': 'False', 'family': '{}'}]
09:50:02.921366 - SPEECH: Speak [Reactive TUI App accessibility round 1, {'established': 'False', 'family': "{'dialect': '', 'lang': 'C', 'name': ''}"}, frame, {'established': 'False', 'family': '{}'}], acss: None
09:50:02.921434 - SPEECH: New voice {'established': 'False'}  != active voice {'established': 'False', 'family': "{'dialect': '', 'lang': 'C', 'name': ''}"}
09:50:02.921448 - SPEECH OUTPUT: 'Reactive TUI App accessibility round 1' {'established': False, 'family': {'name': '', 'gender': None, 'lang': 'C', 'dialect': '', 'variant': None}}
09:50:02.921453 - SPEECH DISPATCHER: Speaking 'Reactive TUI App accessibility round 1' as string
09:50:02.922078 - SPEECH DISPATCHER: Speaking '<speak><mark name="0:8"/>Reactive <mark name="9:12"/>TUI <mark name="13:16"/>App <mark name="17:30"/>accessibility <mark name="31:36"/>round <mark name="37:38"/>1</speak>' 
                  ORCA rate 50.0, pitch 5.0, volume 10.0, language C, punctuation: MOST
                  SD rate 2, pitch 10, volume 100, language c
09:50:02.922200 - SPEECH OUTPUT: 'frame' {'established': False}
09:50:02.922207 - SPEECH DISPATCHER: Speaking 'frame' as string
09:50:02.923083 - SPEECH DISPATCHER: Speaking '<speak><mark name="0:5"/>frame</speak>' 
                  ORCA rate 50.0, pitch 5.0, volume 10.0, language C, punctuation: MOST
                  SD rate 2, pitch 10, volume 100, language c
09:50:02.926027 - GSETTINGS SCHEMA HANDLE: braille/enabled not set [app:accessibility_probe, profile:default]
09:50:02.926057 - GSETTINGS REGISTRY: braille/enabled using default value = True
09:50:02.926132 - FOCUS MANAGER: Active mode: focus-tracking Object of interest: [frame: 'Reactive TUI App accessibility round 1' (0x7132c5d03000)] 
09:50:02.926173 - GSETTINGS SCHEMA HANDLE: braille/enabled not set [app:accessibility_probe, profile:default]
09:50:02.926186 - GSETTINGS REGISTRY: braille/enabled using default value = True
09:50:02.926229 - GSETTINGS SCHEMA HANDLE: braille/verbosity-level not set [app:accessibility_probe, profile:default]
09:50:02.926244 - GSETTINGS REGISTRY: braille/verbosity-level using default value = 'verbose'
09:50:02.926285 - FOCUS MANAGER: Locus of focus is [frame: 'Reactive TUI App accessibility round 1' (0x7132c5d03000)] 
09:50:02.926323 - SCRIPT MANAGER: Active script is: accessibility_probe (module=orca.scripts.default)
09:50:02.926408 - GSETTINGS SCHEMA HANDLE: braille/rolename-style not set [app:accessibility_probe, profile:default]
09:50:02.926424 - GSETTINGS REGISTRY: braille/rolename-style using default value = 'verbose'
09:50:02.926460 - GSETTINGS SCHEMA HANDLE: braille/display-ancestors not set [app:accessibility_probe, profile:default]
09:50:02.926472 - GSETTINGS REGISTRY: braille/display-ancestors using default value = True
09:50:02.926508 - GSETTINGS SCHEMA HANDLE: braille/end-of-line-indicator not set [app:accessibility_probe, profile:default]
09:50:02.926521 - GSETTINGS REGISTRY: braille/end-of-line-indicator using default value = True
09:50:02.926553 - GSETTINGS SCHEMA HANDLE: braille/present-mnemonics not set [app:accessibility_probe, profile:default]
09:50:02.926565 - GSETTINGS REGISTRY: braille/present-mnemonics using default value = True
09:50:02.928577 - GENERATOR: _get_functional_role: frame
09:50:02.928707 - BRAILLE GENERATOR: braille_generator.BrailleGenerator._generate_frame for [frame: 'Reactive TUI App accessibility round 1' (0x7132c5d03000)]  args: {'formatType': 'focused', 'priorObj': "[frame: 'Terminal' (0x7132c6658d00)] ", 'role': 'frame'}
09:50:02.930491 - GENERATOR: _get_functional_role: application
09:50:02.930537 - BRAILLE GENERATOR: [application: 'accessibility_probe' (0x7132c77adac0)]  lacks dedicated generator
09:50:02.930611 - BRAILLE GENERATOR: braille_generator.BrailleGenerator._generate_default_presentation for [application: 'accessibility_probe' (0x7132c77adac0)]  args: {'formatType': 'ancestor', 'includeContext': 'False', 'priorObj': "[frame: 'Terminal' (0x7132c6658d00)] ", 'role': 'application'}
09:50:02.930896 - AXUtilitiesRelation: [application: 'accessibility_probe' (0x7132c77adac0)]  is labelled by: []
09:50:02.930942 - GENERATOR: _generate_accessible_label: []
09:50:02.931005 - GENERATOR: _generate_accessible_name: [accessibility_probe]
09:50:02.931056 - GENERATOR: _generate_accessible_label_and_name: [accessibility_probe]
09:50:02.932183 - BRAILLE GENERATOR: _generate_accessible_role: [application]
09:50:02.932214 - BRAILLE: Not contracting 'accessibility_probe application' because contracted braille is not enabled.
09:50:02.932240 - BRAILLE GENERATOR: Results: [COMPONENT: 'accessibility_probe application', cursor offset:0]
09:50:02.932273 - BRAILLE GENERATOR: _generate_ancestors: [COMPONENT: 'accessibility_probe application', cursor offset:0]
09:50:02.932309 - AXUtilitiesRelation: [frame: 'Reactive TUI App accessibility round 1' (0x7132c5d03000)]  is labelled by: []
09:50:02.932323 - GENERATOR: _generate_accessible_label: []
09:50:02.932343 - GENERATOR: _generate_accessible_name: [Reactive TUI App accessibility round 1]
09:50:02.932362 - GENERATOR: _generate_accessible_label_and_name: [Reactive TUI App accessibility round 1]
09:50:02.933488 - BRAILLE GENERATOR: _generate_accessible_role: [frame]
09:50:02.933648 - AXUtilities: Unfocused alerts and dialogs for [frame: 'Reactive TUI App accessibility round 1' (0x7132c5d03000)] : []
09:50:02.933687 - BRAILLE GENERATOR: _generate_alert_and_dialog_count: []
09:50:02.933706 - BRAILLE: Not contracting 'Reactive TUI App accessibility round 1 frame' because contracted braille is not enabled.
09:50:02.933751 - GENERATOR: _generate_accessible_description: []
09:50:02.933961 - GENERATOR: _generate_state_current: []
09:50:02.934033 - BRAILLE GENERATOR: Results: [COMPONENT: 'accessibility_probe application', cursor offset:0, REGION: ' ', cursor offset:0, COMPONENT: 'Reactive TUI App accessibility round 1 frame', cursor offset:0]
09:50:02.934108 - BRAILLE: Refresh. Pan: True target: 0
09:50:02.934124 - BRAILLE: Kill flash message braille.display_line:1618 > braille.refresh:2097 > braille._prepare_refresh:1856 > braille.kill_flash:2182
09:50:02.935020 - GSETTINGS SCHEMA HANDLE: braille/enabled not set [app:accessibility_probe, profile:default]
09:50:02.935043 - GSETTINGS REGISTRY: braille/enabled using default value = True
09:50:02.935082 - BRAILLE: Last text object: None (Caret: 0, Line: 0, Cell: 0)
09:50:02.935127 - BRAILLE: Current text object: None (Caret: 0, Line: 0). On same line: False
09:50:02.935143 - BRAILLE: Line 0: 'accessibility_probe application Reactive TUI App accessibility round 1 frame' focusOffset: 32 [[0, 32], [32, 63], [63, 76]]
09:50:02.935155 - BRAILLE: Cursor offset in line string is: 32
09:50:02.935171 - BRAILLE: Adjusting offset to 32 (unhandled condition)
09:50:02.935182 - BRAILLE: Current range: (32, 64). Target cell: 0
09:50:02.935195 - BRAILLE LINE:  'accessibility_probe application Reactive TUI App accessibility round 1 frame'
09:50:02.935206 -      VISIBLE:  'Reactive TUI App accessibility r', cursor=1
09:50:02.935235 - BRAILLE: Enabling braille. BrlAPI running: False
09:50:02.935244 - BRAILLE: Need to initialize first.
09:50:02.935273 - BRAILLE: Initializing. Callback: input_event_manager.InputEventManager.process_braille_event
09:50:02.935307 - BRAILLE: WINDOWPATH= None
09:50:02.935336 - BRAILLE: XDG_VTNR= 1
09:50:02.935374 - BRAILLE: Attempting connection with BrlAPI.
09:50:02.935708 - AXTable: Setting last cell coordinates to row=-1, column=-1
09:50:02.935770 - FOCUS MANAGER: Setting last cursor position to [frame: 'Reactive TUI App accessibility round 1' (0x7132c5d03000)]  -1
09:50:02.935989 - BRAILLE: BrlAPI Connection is unavailable (ConnectionError): couldn't connect to b':0' with key b'keyfile:/etc/brlapi.key+polkit': connect: No such file or directory
                  (brlerrno 11, libcerrno 2, gaierrno 0)
                  Is BRLTTY really running?
09:50:02.935910 - FOCUS MANAGER: Active window is [frame: 'Reactive TUI App accessibility round 1' (0x7132c5d03000)]  focus_manager.set_locus_of_focus:327 > focus_manager._save_object_details:254 > ax_utilities_event.save_object_info_for_events:195 > focus_manager.get_active_window:342
09:50:02.936757 - SCRIPT MANAGER: Getting script for [application: 'accessibility_probe' (0x7132c77adac0)]  [frame: 'Reactive TUI App accessibility round 1' (0x7132c5d03000)] 
09:50:02.937431 - SCRIPT MANAGER: Script is app script accessibility_probe (module=orca.scripts.default)
09:50:02.938466 - SPELL CHECK PRESENTER: Handling window:activate for [frame: 'Reactive TUI App accessibility round 1' (0x7132c5d03000)] 
09:50:02.938500 - SPELL CHECK PRESENTER: Attempting activation for [frame: 'Reactive TUI App accessibility round 1' (0x7132c5d03000)] 
09:50:02.939151 - SPELL CHECK PRESENTER: [frame: 'Reactive TUI App accessibility round 1' (0x7132c5d03000)]  is not spellcheck window
09:50:02.939171 - SPELL CHECK PRESENTER: Not a spellcheck window. Deactivating.
09:50:02.939197 - FOCUS MANAGER: Request to set locus of focus to [frame: 'Reactive TUI App accessibility round 1' (0x7132c5d03000)]  event_manager._dequeue_object_event:666 > event_manager._process_object_event:982 > default._on_window_activated:1408 > focus_manager.set_locus_of_focus:271
09:50:02.939501 - AXObject: Clearing AT-SPI cache on [frame: 'Reactive TUI App accessibility round 1' (0x7132c5d03000)]  Recursive: False.  Reason: Setting locus of focus.
09:50:02.939516 - FOCUS MANAGER: Setting locus of focus to existing locus of focus
TOTAL PROCESSING TIME: 0.0447
^^^^^ FINISHED PRIORITY-2 OBJECT EVENT WINDOW:ACTIVATE ^^^^^

09:50:02.941440 - EVENT MANAGER: Dequeueing object:state-changed:active for [frame: 'Reactive TUI App accessibility round 1' (0x7132c5d03000)]  in accessibility_probe (AccessKit) (1, 0, 0)
09:50:02.942729 - EVENT MANAGER: Dequeued object:state-changed:active for [frame: 'Reactive TUI App accessibility round 1' (0x7132c5d03000)]  in accessibility_probe (AccessKit) (1, 0, 0) priority: 2, counter: 43

vvvvv START PRIORITY-2 OBJECT EVENT OBJECT:STATE-CHANGED:ACTIVE (queue size: 43) vvvvv
09:50:02.946914 - EVENT SOURCE:
                  app='accessibility_probe (AccessKit )' name='Reactive TUI App accessibility round 1' role='frame' axid='' id=0x7132c5d03000
                  description=''
                  help=''
                  locale=''
                  states='active, enabled, sensitive, showing, visible'
                  relations=''
                  actions=''
                  interfaces='Component'
                  attributes=''
                  text=''
                  path=[-1, 0]
                  
09:50:02.946997 - SCRIPT MANAGER: Active script is: accessibility_probe (module=orca.scripts.default)
09:50:02.947055 - FOCUS MANAGER: Locus of focus is [frame: 'Reactive TUI App accessibility round 1' (0x7132c5d03000)] 
09:50:02.947091 - EVENT MANAGER: Script for event from locus of focus is accessibility_probe (module=orca.scripts.default)
09:50:02.947109 - EVENT MANAGER: Processing object:state-changed:active: script for event is active
09:50:02.947199 - AXObject: Clearing AT-SPI cache on [frame: 'Reactive TUI App accessibility round 1' (0x7132c5d03000)]  Recursive: False.  Reason: Checking if window can be the active window
09:50:02.950385 - AXUtilities: [frame: 'Reactive TUI App accessibility round 1' (0x7132c5d03000)]  from [application: 'accessibility_probe' (0x7132c77adac0)]  can be active window
09:50:02.950456 - FOCUS MANAGER: Active window is [frame: 'Reactive TUI App accessibility round 1' (0x7132c5d03000)]  event_manager._dequeue_object_event:666 > event_manager._process_object_event:982 > default._on_active_changed:799 > focus_manager.get_active_window:342
TOTAL PROCESSING TIME: 0.0083
^^^^^ FINISHED PRIORITY-2 OBJECT EVENT OBJECT:STATE-CHANGED:ACTIVE ^^^^^

09:50:02.951062 - WARNING: Braille initialization failed: BrlAPI connection unavailable.
09:50:02.951095 - BRAILLE: Scheduling BrlAPI retry in 2000 ms.
09:50:02.951264 - EVENT MANAGER: Dequeueing object:state-changed:focused for [terminal: 'Terminal' (0x7132c6634040)]  in org.gnome.Terminal (gtk 3.24.52) (1, 0, 0)
09:50:02.951359 - EVENT MANAGER: Dequeued object:state-changed:focused for [terminal: 'Terminal' (0x7132c5d3c6c0)]  in org.gnome.Terminal (gtk 3.24.52) (1, 0, 0) priority: 3, counter: 9

vvvvv START PRIORITY-3 OBJECT EVENT OBJECT:STATE-CHANGED:FOCUSED (queue size: 42) vvvvv
09:50:02.952681 - EVENT MANAGER: object:state-changed:focused for [terminal: 'Terminal' (0x7132c5d03280)]  in org.gnome.Terminal (gtk 3.24.52) (1, 0, 0) obsoleted by object:state-changed:focused for [terminal: 'Terminal' (0x7132c5d03280)]  in org.gnome.Terminal (gtk 3.24.52) (1, 0, 0) more recent duplicate
TOTAL PROCESSING TIME: 0.0013
^^^^^ FINISHED PRIORITY-3 OBJECT EVENT OBJECT:STATE-CHANGED:FOCUSED ^^^^^

09:50:02.952810 - EVENT MANAGER: Dequeueing object:state-changed:focused for [terminal: 'Terminal' (0x7132c5d03500)]  in org.gnome.Terminal (gtk 3.24.52) (0, 0, 0)
09:50:02.952903 - EVENT MANAGER: Dequeued object:state-changed:focused for [terminal: 'Terminal' (0x7132c5d02900)]  in org.gnome.Terminal (gtk 3.24.52) (0, 0, 0) priority: 3, counter: 16

vvvvv START PRIORITY-3 OBJECT EVENT OBJECT:STATE-CHANGED:FOCUSED (queue size: 41) vvvvv
09:50:02.954203 - EVENT MANAGER: object:state-changed:focused for [terminal: 'Terminal' (0x7132c5d03280)]  in org.gnome.Terminal (gtk 3.24.52) (0, 0, 0) obsoleted by object:state-changed:focused for [terminal: 'Terminal' (0x7132c5d02900)]  in org.gnome.Terminal (gtk 3.24.52) (1, 0, 0) more recent event of same type for same object
TOTAL PROCESSING TIME: 0.0013
^^^^^ FINISHED PRIORITY-3 OBJECT EVENT OBJECT:STATE-CHANGED:FOCUSED ^^^^^

09:50:02.954376 - EVENT MANAGER: Dequeueing object:state-changed:focused for [terminal: 'Terminal' (0x7132c5d2b500)]  in org.gnome.Terminal (gtk 3.24.52) (1, 0, 0)
09:50:02.954471 - EVENT MANAGER: Dequeued object:state-changed:focused for [terminal: 'Terminal' (0x7132c5d03500)]  in org.gnome.Terminal (gtk 3.24.52) (1, 0, 0) priority: 3, counter: 19

vvvvv START PRIORITY-3 OBJECT EVENT OBJECT:STATE-CHANGED:FOCUSED (queue size: 40) vvvvv
09:50:02.955814 - EVENT MANAGER: object:state-changed:focused for [terminal: 'Terminal' (0x7132c5d02900)]  in org.gnome.Terminal (gtk 3.24.52) (1, 0, 0) obsoleted by object:state-changed:focused for [terminal: 'Terminal' (0x7132c5d02b40)]  in org.gnome.Terminal (gtk 3.24.52) (1, 0, 0) more recent duplicate
TOTAL PROCESSING TIME: 0.0014
^^^^^ FINISHED PRIORITY-3 OBJECT EVENT OBJECT:STATE-CHANGED:FOCUSED ^^^^^

09:50:02.955937 - EVENT MANAGER: Dequeueing object:state-changed:focused for [terminal: 'Terminal' (0x7132c5d03340)]  in org.gnome.Terminal (gtk 3.24.52) (1, 0, 0)
09:50:02.956174 - EVENT MANAGER: Dequeued object:state-changed:focused for [terminal: 'Terminal' (0x7132c5d02b40)]  in org.gnome.Terminal (gtk 3.24.52) (1, 0, 0) priority: 3, counter: 21

vvvvv START PRIORITY-3 OBJECT EVENT OBJECT:STATE-CHANGED:FOCUSED (queue size: 39) vvvvv
09:50:02.958070 - EVENT SOURCE:
                  app='org.gnome.Terminal (gtk 3.24.52)' name='Terminal' role='terminal' axid='' id=0x7132c5d3c680
                  description=''
                  help=''
                  locale='C.UTF-8'
                  states='enabled, focusable, focused, sensitive, showing, visible'
                  relations=''
                  actions='menu'
                  interfaces='Action, Collection, Component, Text'
                  attributes='toolkit:gtk'
                  text='Overview ✕ ~ Unavailable~ ▶Settings ... \n \n \n \n \n (3264 chars.)'
                  path=[-1, 0, 0, 1, 0, 0, 0, 0]
                  
09:50:02.958124 - SCRIPT MANAGER: Active script is: accessibility_probe (module=orca.scripts.default)
09:50:02.958170 - FOCUS MANAGER: Locus of focus is [frame: 'Reactive TUI App accessibility round 1' (0x7132c5d03000)] 
09:50:02.958244 - EVENT MANAGER: Getting script for event for [application: 'org.gnome.Terminal' (0x7132c7790700)]  [terminal: 'Terminal' (0x7132c665a940)] 
09:50:02.958292 - SCRIPT MANAGER: Getting script for [application: 'org.gnome.Terminal' (0x7132c7790700)]  [terminal: 'Terminal' (0x7132c665a940)] 
09:50:02.958347 - SCRIPT MANAGER: Script is custom script org.gnome.Terminal (module=orca.scripts.terminal.script)
09:50:02.958377 - EVENT MANAGER: Script for event is org.gnome.Terminal (module=orca.scripts.terminal.script)
09:50:02.959470 - EVENT MANAGER: Change active script: True (Event source claimed focus.)
09:50:02.959532 - SCRIPT MANAGER: Deactivating accessibility_probe (module=orca.scripts.default) reason: Event source claimed focus.
09:50:02.959580 - SCRIPT MANAGER: Setting active script to org.gnome.Terminal (module=orca.scripts.terminal.script) reason: Event source claimed focus.
09:50:02.959615 - DEFAULT: Activating script for [application: 'org.gnome.Terminal' (0x7132c7790700)] 
09:50:02.960109 - SPEECH MANAGER: Speech server is <orca.speechdispatcherfactory.SpeechServer object at 0x7132c76d96a0>
09:50:02.960211 - GSETTINGS SCHEMA HANDLE: speech/punctuation-level not set [app:org.gnome.Terminal, profile:default]
09:50:02.960229 - GSETTINGS REGISTRY: speech/punctuation-level using default value = 'most'
09:50:02.960562 - SPEECH MANAGER: Speech server is <orca.speechdispatcherfactory.SpeechServer object at 0x7132c76d96a0>
09:50:02.960630 - GSETTINGS SCHEMA HANDLE: speech/capitalization-style not set [app:org.gnome.Terminal, profile:default]
09:50:02.960649 - GSETTINGS REGISTRY: speech/capitalization-style using default value = 'none'
09:50:02.960960 - SPEECH MANAGER: Speech server is <orca.speechdispatcherfactory.SpeechServer object at 0x7132c76d96a0>
09:50:02.961241 - GSETTINGS SCHEMA HANDLE: speech/synthesizer not set [app:org.gnome.Terminal, profile:default]
09:50:02.961292 - SCRIPT MANAGER: Active script is: org.gnome.Terminal (module=orca.scripts.terminal.script)
09:50:02.961301 - CARET NAVIGATOR: Commands suspended: False: script activation, no prior state
09:50:02.961326 - GSETTINGS SCHEMA HANDLE: keybindings/keyboard-layout not set [app:org.gnome.Terminal, profile:default]
09:50:02.961331 - GSETTINGS REGISTRY: keybindings/keyboard-layout using default value = 'desktop'
09:50:02.961345 - GSETTINGS SCHEMA HANDLE: keybindings/desktop-modifier-keys not set [app:org.gnome.Terminal, profile:default]
09:50:02.961351 - GSETTINGS REGISTRY: keybindings/desktop-modifier-keys using default value = ['Insert', 'KP_Insert']
09:50:02.961382 - SCRIPT MANAGER: Active script is: org.gnome.Terminal (module=orca.scripts.terminal.script)
09:50:02.961387 - STRUCTURAL NAVIGATOR: Suspended: False: script activation, no prior state
09:50:02.961400 - GSETTINGS SCHEMA HANDLE: keybindings/keyboard-layout not set [app:org.gnome.Terminal, profile:default]
09:50:02.961404 - GSETTINGS REGISTRY: keybindings/keyboard-layout using default value = 'desktop'
09:50:02.961415 - GSETTINGS SCHEMA HANDLE: keybindings/desktop-modifier-keys not set [app:org.gnome.Terminal, profile:default]
09:50:02.961419 - GSETTINGS REGISTRY: keybindings/desktop-modifier-keys using default value = ['Insert', 'KP_Insert']
09:50:02.961456 - STRUCTURAL NAVIGATOR: Setting mode for org.gnome.Terminal (module=orca.scripts.terminal.script) to NavigationMode.OFF
09:50:02.961470 - SCRIPT MANAGER: Active script is: org.gnome.Terminal (module=orca.scripts.terminal.script)
09:50:02.961485 - GSETTINGS SCHEMA HANDLE: keybindings/keyboard-layout not set [app:org.gnome.Terminal, profile:default]
09:50:02.961489 - GSETTINGS REGISTRY: keybindings/keyboard-layout using default value = 'desktop'
09:50:02.961500 - GSETTINGS SCHEMA HANDLE: keybindings/desktop-modifier-keys not set [app:org.gnome.Terminal, profile:default]
09:50:02.961504 - GSETTINGS REGISTRY: keybindings/desktop-modifier-keys using default value = ['Insert', 'KP_Insert']
09:50:02.961537 - CARET NAVIGATOR: Setting enabled state for org.gnome.Terminal (module=orca.scripts.terminal.script) to False
09:50:02.961550 - SCRIPT MANAGER: Active script is: org.gnome.Terminal (module=orca.scripts.terminal.script)
09:50:02.961563 - GSETTINGS SCHEMA HANDLE: keybindings/keyboard-layout not set [app:org.gnome.Terminal, profile:default]
09:50:02.961567 - GSETTINGS REGISTRY: keybindings/keyboard-layout using default value = 'desktop'
09:50:02.961578 - GSETTINGS SCHEMA HANDLE: keybindings/desktop-modifier-keys not set [app:org.gnome.Terminal, profile:default]
09:50:02.961582 - GSETTINGS REGISTRY: keybindings/desktop-modifier-keys using default value = ['Insert', 'KP_Insert']
09:50:02.961593 - COMMAND MANAGER: Activating commands: activated org.gnome.Terminal (module=orca.scripts.terminal.script)
09:50:02.961663 - GSETTINGS SCHEMA HANDLE: keybindings/entries no dict values set
09:50:02.961668 - GSETTINGS REGISTRY: keybindings/entries using default value = {}
09:50:02.961671 - COMMAND MANAGER: No user overrides to apply
09:50:02.961724 - GSETTINGS SCHEMA HANDLE: keybindings/keyboard-layout not set [app:org.gnome.Terminal, profile:default]
09:50:02.961730 - GSETTINGS REGISTRY: keybindings/keyboard-layout using default value = 'desktop'
09:50:02.961741 - GSETTINGS SCHEMA HANDLE: keybindings/desktop-modifier-keys not set [app:org.gnome.Terminal, profile:default]
09:50:02.961745 - GSETTINGS REGISTRY: keybindings/desktop-modifier-keys using default value = ['Insert', 'KP_Insert']

vvvvv COMMAND MANAGER: Grab diff: activated org.gnome.Terminal (module=orca.scripts.terminal.script) (old: 77, new: 77) vvvvv
09:50:02.961764 -   No grab changes
^^^^^ COMMAND MANAGER: Diff completed in 0.0000s. Removed 0, added 0, transferred 0 ^^^^^

09:50:02.961787 - GSETTINGS SCHEMA HANDLE: speech/enable not set [app:org.gnome.Terminal, profile:default]
09:50:02.961796 - GSETTINGS REGISTRY: speech/enable using default value = True
09:50:02.961799 - SPEECH MANAGER: Speech is enabled.
09:50:02.961831 - SPEECH MANAGER: start_speech. Script: None Event: None notify_user: False
09:50:02.961835 - SPEECH MANAGER: Initializing server
09:50:02.961839 - SPEECH MANAGER: Already initialized
09:50:02.961853 - GSETTINGS SCHEMA HANDLE: keybindings/keyboard-layout not set [app:org.gnome.Terminal, profile:default]
09:50:02.961857 - GSETTINGS REGISTRY: keybindings/keyboard-layout using default value = 'desktop'
09:50:02.961861 - COMMAND MANAGER: Setting keyboard layout is_desktop to True.
09:50:02.961912 - GSETTINGS SCHEMA HANDLE: keybindings/entries no dict values set
09:50:02.961916 - GSETTINGS REGISTRY: keybindings/entries using default value = {}
09:50:02.961919 - COMMAND MANAGER: No user overrides to apply
09:50:02.961960 - GSETTINGS SCHEMA HANDLE: keybindings/keyboard-layout not set [app:org.gnome.Terminal, profile:default]
09:50:02.961964 - GSETTINGS REGISTRY: keybindings/keyboard-layout using default value = 'desktop'
09:50:02.961974 - GSETTINGS SCHEMA HANDLE: keybindings/desktop-modifier-keys not set [app:org.gnome.Terminal, profile:default]
09:50:02.961988 - GSETTINGS REGISTRY: keybindings/desktop-modifier-keys using default value = ['Insert', 'KP_Insert']

vvvvv COMMAND MANAGER: Grab diff: keyboard layout change (old: 77, new: 77) vvvvv
09:50:02.962001 -   No grab changes
^^^^^ COMMAND MANAGER: Diff completed in 0.0000s. Removed 0, added 0, transferred 0 ^^^^^

09:50:02.962008 - COMMAND MANAGER: Keyboard layout set to desktop.
09:50:02.962021 - GSETTINGS SCHEMA HANDLE: keybindings/keyboard-layout not set [app:org.gnome.Terminal, profile:default]
09:50:02.962025 - GSETTINGS REGISTRY: keybindings/keyboard-layout using default value = 'desktop'
09:50:02.962034 - GSETTINGS SCHEMA HANDLE: keybindings/desktop-modifier-keys not set [app:org.gnome.Terminal, profile:default]
09:50:02.962038 - GSETTINGS REGISTRY: keybindings/desktop-modifier-keys using default value = ['Insert', 'KP_Insert']
09:50:02.962051 - EVENT MANAGER: Processing object:state-changed:focused: script for event is active
09:50:02.962424 - SCRIPT UTILITIES: [frame: 'Terminal' (0x7132c6658d00)]  is top-level object for: [terminal: 'Terminal' (0x7132c5d3c840)] 
09:50:02.962868 - SCRIPT UTILITIES: [terminal: 'Terminal' (0x7132c5d3c840)]  is in frame [frame: 'Terminal' (0x7132c6658d00)]  and dialog None
09:50:02.962923 - AXObject: Clearing AT-SPI cache on [frame: 'Terminal' (0x7132c6658d00)]  Recursive: False.  Reason: Checking if window can be the active window
09:50:02.964259 - AXUtilities: [frame: 'Terminal' (0x7132c6658d00)]  from [application: 'org.gnome.Terminal' (0x7132c7790700)]  can be active window
09:50:02.964308 - FOCUS MANAGER: Request to set locus of focus to [terminal: 'Terminal' (0x7132c5d3c840)]  event_manager._dequeue_object_event:666 > event_manager._process_object_event:982 > default._on_focused_changed:1114 > focus_manager.set_locus_of_focus:271
09:50:02.964893 - AXObject: Clearing AT-SPI cache on [terminal: 'Terminal' (0x7132c5d3c840)]  Recursive: False.  Reason: Setting locus of focus.
09:50:02.964932 - SCRIPT MANAGER: Active script is: org.gnome.Terminal (module=orca.scripts.terminal.script)
09:50:02.965229 - FOCUS MANAGER: Changing locus of focus from [frame: 'Reactive TUI App accessibility round 1' (0x7132c5d03000)]  to [terminal: 'Terminal' (0x7132c5d3c840)] . Notify: True
09:50:02.965397 - FOCUS MANAGER: Region of interest: [terminal: 'Terminal' (0x7132c5d3c840)]  (0, 0)
09:50:02.965559 - FOCUS MANAGER: Switching object of interest from [frame: 'Reactive TUI App accessibility round 1' (0x7132c5d03000)]  to [terminal: 'Terminal' (0x7132c5d3c840)] 
09:50:02.966318 - DOCUMENT PRESENTER: Updating mode for focus change. Old focus: [frame: 'Reactive TUI App accessibility round 1' (0x7132c5d03000)]  old doc: None New focus: [terminal: 'Terminal' (0x7132c5d3c840)]  new doc: None
09:50:02.966365 - SCRIPT MANAGER: Active script is: org.gnome.Terminal (module=orca.scripts.terminal.script)
09:50:02.966381 - CARET NAVIGATOR: Commands suspended: False: locus of focus no longer in document
09:50:02.966447 - GSETTINGS SCHEMA HANDLE: keybindings/keyboard-layout not set [app:org.gnome.Terminal, profile:default]
09:50:02.966465 - GSETTINGS REGISTRY: keybindings/keyboard-layout using default value = 'desktop'
09:50:02.966501 - GSETTINGS SCHEMA HANDLE: keybindings/desktop-modifier-keys not set [app:org.gnome.Terminal, profile:default]
09:50:02.966517 - GSETTINGS REGISTRY: keybindings/desktop-modifier-keys using default value = ['Insert', 'KP_Insert']
09:50:02.966573 - SCRIPT MANAGER: Active script is: org.gnome.Terminal (module=orca.scripts.terminal.script)
09:50:02.966586 - STRUCTURAL NAVIGATOR: Suspended: False: locus of focus no longer in document
09:50:02.966625 - GSETTINGS SCHEMA HANDLE: keybindings/keyboard-layout not set [app:org.gnome.Terminal, profile:default]
09:50:02.966638 - GSETTINGS REGISTRY: keybindings/keyboard-layout using default value = 'desktop'
09:50:02.966670 - GSETTINGS SCHEMA HANDLE: keybindings/desktop-modifier-keys not set [app:org.gnome.Terminal, profile:default]
09:50:02.966683 - GSETTINGS REGISTRY: keybindings/desktop-modifier-keys using default value = ['Insert', 'KP_Insert']
09:50:02.966745 - STRUCTURAL NAVIGATOR: Setting mode for org.gnome.Terminal (module=orca.scripts.terminal.script) to NavigationMode.OFF
09:50:02.966775 - SCRIPT MANAGER: Active script is: org.gnome.Terminal (module=orca.scripts.terminal.script)
09:50:02.966814 - GSETTINGS SCHEMA HANDLE: keybindings/keyboard-layout not set [app:org.gnome.Terminal, profile:default]
09:50:02.966827 - GSETTINGS REGISTRY: keybindings/keyboard-layout using default value = 'desktop'
09:50:02.966860 - GSETTINGS SCHEMA HANDLE: keybindings/desktop-modifier-keys not set [app:org.gnome.Terminal, profile:default]
09:50:02.966874 - GSETTINGS REGISTRY: keybindings/desktop-modifier-keys using default value = ['Insert', 'KP_Insert']
09:50:02.966934 - CARET NAVIGATOR: Setting enabled state for org.gnome.Terminal (module=orca.scripts.terminal.script) to False
09:50:02.966963 - SCRIPT MANAGER: Active script is: org.gnome.Terminal (module=orca.scripts.terminal.script)
09:50:02.967007 - GSETTINGS SCHEMA HANDLE: keybindings/keyboard-layout not set [app:org.gnome.Terminal, profile:default]
09:50:02.967024 - GSETTINGS REGISTRY: keybindings/keyboard-layout using default value = 'desktop'
09:50:02.967057 - GSETTINGS SCHEMA HANDLE: keybindings/desktop-modifier-keys not set [app:org.gnome.Terminal, profile:default]
09:50:02.967069 - GSETTINGS REGISTRY: keybindings/desktop-modifier-keys using default value = ['Insert', 'KP_Insert']
09:50:02.967540 - SCRIPT UTILITIES: [frame: 'Terminal' (0x7132c6658d00)]  is top-level object for: [terminal: 'Terminal' (0x7132c5d3c840)] 
09:50:02.967583 - FOCUS MANAGER: Request to set active window to [frame: 'Terminal' (0x7132c6658d00)] 
09:50:02.967939 - SCRIPT MANAGER: Getting script for [application: 'org.gnome.Terminal' (0x7132c7790700)]  [terminal: 'Terminal' (0x7132c5d3c840)] 
09:50:02.968004 - SCRIPT MANAGER: Script is custom script org.gnome.Terminal (module=orca.scripts.terminal.script)
09:50:02.968487 - AXUtilitiesRelation: [frame: 'Reactive TUI App accessibility round 1' (0x7132c5d03000)]  is controlled by [terminal: 'Terminal' (0x7132c5d3c840)] : False
09:50:02.968565 - AXUtilitiesRelation: [terminal: 'Terminal' (0x7132c5d3c840)]  is controlled by [frame: 'Reactive TUI App accessibility round 1' (0x7132c5d03000)] : False
09:50:02.968580 - PRESENTATION MANAGER: Interrupting presentation
09:50:02.968637 - SPEECH MANAGER: interrupt_speech. Script: None Event: None notify_user: False
09:50:02.969195 - SPEECH MANAGER: Speech server is <orca.speechdispatcherfactory.SpeechServer object at 0x7132c76d96a0>
09:50:02.969295 - BRAILLE: Kill flash message presentation_manager.interrupt_if_needed_for_focus_change:100 > presentation_manager.interrupt_presentation:88 > braille_presenter.kill_flash:1829 > braille.kill_flash:2182
09:50:02.970102 - FOCUS MANAGER: Active mode: focus-tracking Object of interest: [terminal: 'Terminal' (0x7132c5d3c840)] 
09:50:02.970171 - GSETTINGS SCHEMA HANDLE: speech/enable not set [app:org.gnome.Terminal, profile:default]
09:50:02.970180 - GSETTINGS REGISTRY: speech/enable using default value = True
09:50:02.970200 - GSETTINGS SCHEMA HANDLE: speech/verbosity-level not set [app:org.gnome.Terminal, profile:default]
09:50:02.970206 - GSETTINGS REGISTRY: speech/verbosity-level using default value = 'verbose'
09:50:02.970225 - FOCUS MANAGER: Locus of focus is [terminal: 'Terminal' (0x7132c5d3c840)] 
09:50:02.970242 - SCRIPT MANAGER: Active script is: org.gnome.Terminal (module=orca.scripts.terminal.script)
09:50:02.970260 - GSETTINGS SCHEMA HANDLE: speech/only-speak-displayed-text not set [app:org.gnome.Terminal, profile:default]
09:50:02.970264 - GSETTINGS REGISTRY: speech/only-speak-displayed-text using default value = False
09:50:02.970276 - GSETTINGS SCHEMA HANDLE: speech/speak-description not set [app:org.gnome.Terminal, profile:default]
09:50:02.970280 - GSETTINGS REGISTRY: speech/speak-description using default value = True
09:50:02.970290 - GSETTINGS SCHEMA HANDLE: speech/speak-tutorial-messages not set [app:org.gnome.Terminal, profile:default]
09:50:02.970294 - GSETTINGS REGISTRY: speech/speak-tutorial-messages using default value = True
09:50:02.970303 - GSETTINGS SCHEMA HANDLE: speech/speak-position-in-set not set [app:org.gnome.Terminal, profile:default]
09:50:02.970307 - GSETTINGS REGISTRY: speech/speak-position-in-set using default value = False
09:50:02.970316 - GSETTINGS SCHEMA HANDLE: speech/speak-widget-mnemonic not set [app:org.gnome.Terminal, profile:default]
09:50:02.970319 - GSETTINGS REGISTRY: speech/speak-widget-mnemonic using default value = True
09:50:02.970327 - GSETTINGS SCHEMA HANDLE: speech/speak-blank-lines not set [app:org.gnome.Terminal, profile:default]
09:50:02.970331 - GSETTINGS REGISTRY: speech/speak-blank-lines using default value = True
09:50:02.970340 - GSETTINGS SCHEMA HANDLE: speech/speak-indentation-and-justification not set [app:org.gnome.Terminal, profile:default]
09:50:02.970344 - GSETTINGS REGISTRY: speech/speak-indentation-and-justification using default value = False
09:50:02.970353 - GSETTINGS SCHEMA HANDLE: speech/announce-cell-headers not set [app:org.gnome.Terminal, profile:default]
09:50:02.970357 - GSETTINGS REGISTRY: speech/announce-cell-headers using default value = True
09:50:02.970367 - GSETTINGS SCHEMA HANDLE: speech/announce-cell-coordinates not set [app:org.gnome.Terminal, profile:default]
09:50:02.970370 - GSETTINGS REGISTRY: speech/announce-cell-coordinates using default value = True
09:50:02.970380 - GSETTINGS SCHEMA HANDLE: speech/announce-spreadsheet-cell-coordinates not set [app:org.gnome.Terminal, profile:default]
09:50:02.970383 - GSETTINGS REGISTRY: speech/announce-spreadsheet-cell-coordinates using default value = True
09:50:02.970393 - GSETTINGS SCHEMA HANDLE: speech/announce-blockquote not set [app:org.gnome.Terminal, profile:default]
09:50:02.970396 - GSETTINGS REGISTRY: speech/announce-blockquote using default value = True
09:50:02.970405 - GSETTINGS SCHEMA HANDLE: speech/announce-form not set [app:org.gnome.Terminal, profile:default]
09:50:02.970409 - GSETTINGS REGISTRY: speech/announce-form using default value = True
09:50:02.970417 - GSETTINGS SCHEMA HANDLE: speech/announce-landmark not set [app:org.gnome.Terminal, profile:default]
09:50:02.970421 - GSETTINGS REGISTRY: speech/announce-landmark using default value = True
09:50:02.970430 - GSETTINGS SCHEMA HANDLE: speech/announce-list not set [app:org.gnome.Terminal, profile:default]
09:50:02.970433 - GSETTINGS REGISTRY: speech/announce-list using default value = True
09:50:02.970442 - GSETTINGS SCHEMA HANDLE: speech/announce-grouping not set [app:org.gnome.Terminal, profile:default]
09:50:02.970445 - GSETTINGS REGISTRY: speech/announce-grouping using default value = True
09:50:02.970454 - GSETTINGS SCHEMA HANDLE: speech/announce-table not set [app:org.gnome.Terminal, profile:default]
09:50:02.970457 - GSETTINGS REGISTRY: speech/announce-table using default value = True
09:50:02.970540 - GENERATOR: _get_functional_role: terminal
09:50:02.970613 - SPEECH GENERATOR: speech_generator.SpeechGenerator._generate_terminal for [terminal: 'Terminal' (0x7132c5d3c840)]  args: {'formatType': 'unfocused', 'priorObj': "[frame: 'Reactive TUI App accessibility round 1' (0x7132c5d03000)] ", 'role': 'terminal'}
09:50:02.970652 - SPEECH GENERATOR: _generate_old_ancestors: []
09:50:02.970705 - AXUtilitiesObject: Looking for common ancestor of [frame: 'Reactive TUI App accessibility round 1' (0x7132c5d03000)]  and [terminal: 'Terminal' (0x7132c5d3c840)] 
09:50:02.971014 - AXUtilitiesObject: Common ancestor of [frame: 'Reactive TUI App accessibility round 1' (0x7132c5d03000)]  and [terminal: 'Terminal' (0x7132c5d3c840)]  is None
09:50:02.971137 - GENERATOR: _get_functional_role: filler
09:50:02.971167 - AXUtilities: [filler (0x7132c5d3db40)]  believed to be layout only: True, has layout-only role
09:50:02.971253 - GENERATOR: _get_functional_role: panel
09:50:02.971360 - AXUtilitiesRelation: [panel (0x7132c5d3e400)]  is labelled by: []
09:50:02.971406 - AXUtilitiesRelation: [panel (0x7132c5d3e400)]  is described by: []
09:50:02.971438 - AXUtilities: [panel (0x7132c5d3e400)]  believed to be layout only: True, lacks name, description, and relations
09:50:02.971732 - GENERATOR: _get_functional_role: page-tab
09:50:02.971945 - GENERATOR: _get_functional_role: page-tab-list
09:50:02.972062 - GENERATOR: _get_functional_role: filler
09:50:02.972091 - AXUtilities: [filler (0x7132e015c280)]  believed to be layout only: True, has layout-only role
09:50:02.972185 - GENERATOR: _get_functional_role: frame
09:50:02.973948 - GENERATOR: _get_functional_role: application
09:50:02.974206 - SPEECH GENERATOR: speech_generator.SpeechGenerator._generate_page_tab for [page tab (0x7132c5d3e700)]  args: {'ancestorOf': "[terminal: 'Terminal' (0x7132c5d3c840)] ",
                   'count': '1',
                   'formatType': 'ancestor',
                   'leaving': 'None',
                   'priorObj': "[frame: 'Reactive TUI App accessibility round 1' (0x7132c5d03000)] ",
                   'role': 'page-tab'}
09:50:02.974549 - AXUtilitiesRelation: [page tab (0x7132c5d3e700)]  is labelled by: []
09:50:02.974593 - GENERATOR: _generate_accessible_label: []
09:50:02.974626 - SPEECH GENERATOR: _generate_accessible_label: []
09:50:02.974706 - GENERATOR: _generate_accessible_name: []
09:50:02.974736 - SPEECH GENERATOR: _generate_accessible_name: []
09:50:02.974773 - GENERATOR: _generate_accessible_label_and_name: []
09:50:02.974800 - SPEECH GENERATOR: _generate_accessible_label_and_name: []
09:50:02.976148 - GSETTINGS SCHEMA HANDLE: voice/established not set [app:org.gnome.Terminal, profile:default]
09:50:02.976209 - GSETTINGS SCHEMA HANDLE: voice/rate not set [app:org.gnome.Terminal, profile:default]
09:50:02.976252 - GSETTINGS SCHEMA HANDLE: voice/pitch not set [app:org.gnome.Terminal, profile:default]
09:50:02.976291 - GSETTINGS SCHEMA HANDLE: voice/volume not set [app:org.gnome.Terminal, profile:default]
09:50:02.976330 - GSETTINGS SCHEMA HANDLE: voice/family-name not set [app:org.gnome.Terminal, profile:default]
09:50:02.976364 - GSETTINGS SCHEMA HANDLE: voice/family-lang not set [app:org.gnome.Terminal, profile:default]
09:50:02.976398 - GSETTINGS SCHEMA HANDLE: voice/family-dialect not set [app:org.gnome.Terminal, profile:default]
09:50:02.976431 - GSETTINGS SCHEMA HANDLE: voice/family-gender not set [app:org.gnome.Terminal, profile:default]
09:50:02.976463 - GSETTINGS SCHEMA HANDLE: voice/family-variant not set [app:org.gnome.Terminal, profile:default]
09:50:02.976533 - SPEECH GENERATOR: system voice requested for [page tab (0x7132c5d3e700)]  language='', dialect='' Unmodified voice={'established': False}
09:50:02.976655 - SPEECH GENERATOR: Reported locale of [page tab (0x7132c5d3e700)]  is C
09:50:02.976690 - SPEECH GENERATOR: Updated to: 'C', ''
09:50:02.976780 - GSETTINGS SCHEMA HANDLE: voice/established not set [app:org.gnome.Terminal, profile:default]
09:50:02.976820 - GSETTINGS SCHEMA HANDLE: voice/rate not set [app:org.gnome.Terminal, profile:default]
09:50:02.976854 - GSETTINGS SCHEMA HANDLE: voice/pitch not set [app:org.gnome.Terminal, profile:default]
09:50:02.976896 - GSETTINGS SCHEMA HANDLE: voice/volume not set [app:org.gnome.Terminal, profile:default]
09:50:02.976931 - GSETTINGS SCHEMA HANDLE: voice/family-name not set [app:org.gnome.Terminal, profile:default]
09:50:02.976965 - GSETTINGS SCHEMA HANDLE: voice/family-lang not set [app:org.gnome.Terminal, profile:default]
09:50:02.977014 - GSETTINGS SCHEMA HANDLE: voice/family-dialect not set [app:org.gnome.Terminal, profile:default]
09:50:02.977051 - GSETTINGS SCHEMA HANDLE: voice/family-gender not set [app:org.gnome.Terminal, profile:default]
09:50:02.977084 - GSETTINGS SCHEMA HANDLE: voice/family-variant not set [app:org.gnome.Terminal, profile:default]
09:50:02.977165 - SPEECH GENERATOR: Final voice is {'established': 'False', 'family': '{}'}
09:50:02.977244 - SPEECH GENERATOR: _generate_accessible_role: [page tab, {'established': 'False', 'family': '{}'}]
09:50:02.977321 - SPEECH GENERATOR: Results: [page tab, {'established': 'False', 'family': '{}'}]
09:50:02.977374 - SPEECH GENERATOR: [page tab list (0x7132c6626080)]  lacks dedicated generator
09:50:02.977525 - SPEECH GENERATOR: speech_generator.SpeechGenerator._generate_default_presentation for [page tab list (0x7132c6626080)]  args: {'ancestorOf': "[terminal: 'Terminal' (0x7132c5d3c840)] ",
                   'count': '1',
                   'formatType': 'ancestor',
                   'leaving': 'None',
                   'priorObj': "[frame: 'Reactive TUI App accessibility round 1' (0x7132c5d03000)] ",
                   'role': 'page-tab-list'}
09:50:02.977570 - SPEECH GENERATOR: _generate_details_for: []
09:50:02.977601 - SPEECH GENERATOR: Results: []
09:50:02.977749 - SPEECH GENERATOR: speech_generator.SpeechGenerator._generate_frame for [frame: 'Terminal' (0x7132c6658d00)]  args: {'ancestorOf': "[terminal: 'Terminal' (0x7132c5d3c840)] ",
                   'count': '1',
                   'formatType': 'ancestor',
                   'leaving': 'None',
                   'priorObj': "[frame: 'Reactive TUI App accessibility round 1' (0x7132c5d03000)] ",
                   'role': 'frame'}
09:50:02.977838 - AXUtilitiesRelation: [frame: 'Terminal' (0x7132c6658d00)]  is labelled by: []
09:50:02.977870 - GENERATOR: _generate_accessible_label: []
09:50:02.977898 - SPEECH GENERATOR: _generate_accessible_label: []
09:50:02.977945 - GENERATOR: _generate_accessible_name: [Terminal]
09:50:02.977995 - GSETTINGS SCHEMA HANDLE: voice/established not set [app:org.gnome.Terminal, profile:default]
09:50:02.978035 - GSETTINGS SCHEMA HANDLE: voice/rate not set [app:org.gnome.Terminal, profile:default]
09:50:02.978070 - GSETTINGS SCHEMA HANDLE: voice/pitch not set [app:org.gnome.Terminal, profile:default]
09:50:02.978106 - GSETTINGS SCHEMA HANDLE: voice/volume not set [app:org.gnome.Terminal, profile:default]
09:50:02.978141 - GSETTINGS SCHEMA HANDLE: voice/family-name not set [app:org.gnome.Terminal, profile:default]
09:50:02.978173 - GSETTINGS SCHEMA HANDLE: voice/family-lang not set [app:org.gnome.Terminal, profile:default]
09:50:02.978206 - GSETTINGS SCHEMA HANDLE: voice/family-dialect not set [app:org.gnome.Terminal, profile:default]
09:50:02.978239 - GSETTINGS SCHEMA HANDLE: voice/family-gender not set [app:org.gnome.Terminal, profile:default]
09:50:02.978272 - GSETTINGS SCHEMA HANDLE: voice/family-variant not set [app:org.gnome.Terminal, profile:default]
09:50:02.978334 - SPEECH GENERATOR: default voice requested for [frame: 'Terminal' (0x7132c6658d00)]  language='', dialect='' Unmodified voice={'established': False}
09:50:02.978387 - SPEECH GENERATOR: Reported locale of [frame: 'Terminal' (0x7132c6658d00)]  is C
09:50:02.978409 - SPEECH GENERATOR: Updated to: 'C', ''
09:50:02.978461 - GSETTINGS SCHEMA HANDLE: speech/auto-language-switching not set [app:org.gnome.Terminal, profile:default]
09:50:02.978475 - GSETTINGS REGISTRY: speech/auto-language-switching using default value = True
09:50:02.978496 - SPEECH DISPATCHER: Returning cached result for language='C' dialect='' variant='None'
09:50:02.978567 - SPEECH GENERATOR: Family updated to {'dialect': '', 'lang': 'C', 'name': ''}
09:50:02.978648 - SPEECH GENERATOR: Final voice is {'established': 'False', 'family': "{'dialect': '', 'lang': 'C', 'name': ''}"}
09:50:02.978741 - SPEECH GENERATOR: _generate_accessible_name: [Terminal, {'established': 'False', 'family': "{'dialect': '', 'lang': 'C', 'name': ''}"}]
09:50:02.978845 - GENERATOR: _generate_accessible_label_and_name: [Terminal, {'established': 'False', 'family': "{'dialect': '', 'lang': 'C', 'name': ''}"}]
09:50:02.978894 - SPEECH PRESENTER: Adjusting 'Terminal' from [frame: 'Terminal' (0x7132c6658d00)]  start_offset: None
09:50:02.978948 - GSETTINGS SCHEMA HANDLE: speech/speak-numbers-as-digits not set [app:org.gnome.Terminal, profile:default]
09:50:02.978961 - GSETTINGS REGISTRY: speech/speak-numbers-as-digits using default value = False
09:50:02.979036 - GSETTINGS SCHEMA HANDLE: speech/repeated-character-limit not set [app:org.gnome.Terminal, profile:default]
09:50:02.979053 - GSETTINGS REGISTRY: speech/repeated-character-limit using default value = 4
09:50:02.979312 - GSETTINGS SCHEMA HANDLE: speech/use-pronunciation-dictionary not set [app:org.gnome.Terminal, profile:default]
09:50:02.979332 - GSETTINGS REGISTRY: speech/use-pronunciation-dictionary using default value = True
09:50:02.979376 - GSETTINGS SCHEMA HANDLE: pronunciations/entries no dict values set
09:50:02.979390 - GSETTINGS REGISTRY: pronunciations/entries using default value = {}
09:50:02.979401 - SPEECH PRESENTER: Adjusted text: 'Terminal'
09:50:02.979499 - SPEECH GENERATOR: _generate_accessible_label_and_name: [Terminal, {'established': 'False', 'family': "{'dialect': '', 'lang': 'C', 'name': ''}"}]
09:50:02.979592 - SPEECH GENERATOR: Results: [Terminal, {'established': 'False', 'family': "{'dialect': '', 'lang': 'C', 'name': ''}"}]
09:50:02.979747 - SPEECH GENERATOR: _generate_new_ancestors: [[Terminal, {'established': 'False', 'family': "{'dialect': '', 'lang': 'C', 'name': ''}"}], [], [page tab, {'established': 'False', 'family': '{}'}]]
09:50:02.979817 - GENERATOR: _generate_text_substring: []
09:50:02.979849 - SPEECH GENERATOR: _generate_text_substring: []
09:50:02.980061 - AXText: [terminal: 'Terminal' (0x7132c5d3c840)]  reports 3238 characters.
09:50:02.980211 - AXText: [terminal: 'Terminal' (0x7132c5d3c840)]  reports caret offset of 135.
09:50:02.980503 - AXText: Line at offset 135 in [terminal: 'Terminal' (0x7132c5d3c840)]  '  [seed                          ]                                                                  \n' (101-202)
09:50:02.980581 - AXText: Getting attributes for [terminal: 'Terminal' (0x7132c5d3c840)]  chars: 101-202
09:50:02.980771 - AXText: Attributes for [terminal: 'Terminal' (0x7132c5d3c840)]  at offset 101: ({'bg-color': '0,0,0', 'fg-color': '65535,65535,65535'}, start_offset=48, end_offset=3237)
09:50:02.980851 - AXText: 1 attribute ranges found.
09:50:02.980969 - AXText: Text of [terminal: 'Terminal' (0x7132c5d3c840)]  (101-202): '  [seed                          ]                                                                  \n'
09:50:02.981040 - GSETTINGS SCHEMA HANDLE: voice/established not set [app:org.gnome.Terminal, profile:default]
09:50:02.981085 - GSETTINGS SCHEMA HANDLE: voice/rate not set [app:org.gnome.Terminal, profile:default]
09:50:02.981125 - GSETTINGS SCHEMA HANDLE: voice/pitch not set [app:org.gnome.Terminal, profile:default]
09:50:02.981162 - GSETTINGS SCHEMA HANDLE: voice/volume not set [app:org.gnome.Terminal, profile:default]
09:50:02.981201 - GSETTINGS SCHEMA HANDLE: voice/family-name not set [app:org.gnome.Terminal, profile:default]
09:50:02.981236 - GSETTINGS SCHEMA HANDLE: voice/family-lang not set [app:org.gnome.Terminal, profile:default]
09:50:02.981271 - GSETTINGS SCHEMA HANDLE: voice/family-dialect not set [app:org.gnome.Terminal, profile:default]
09:50:02.981306 - GSETTINGS SCHEMA HANDLE: voice/family-gender not set [app:org.gnome.Terminal, profile:default]
09:50:02.981339 - GSETTINGS SCHEMA HANDLE: voice/family-variant not set [app:org.gnome.Terminal, profile:default]
09:50:02.981406 - SPEECH GENERATOR: None voice requested for [terminal: 'Terminal' (0x7132c5d3c840)]  language='', dialect='' Unmodified voice={'established': False}
09:50:02.981461 - SPEECH GENERATOR: Reported locale of [terminal: 'Terminal' (0x7132c5d3c840)]  is C
09:50:02.981484 - SPEECH GENERATOR: Updated to: 'C', ''
09:50:02.981535 - GSETTINGS SCHEMA HANDLE: speech/auto-language-switching not set [app:org.gnome.Terminal, profile:default]
09:50:02.981550 - GSETTINGS REGISTRY: speech/auto-language-switching using default value = True
09:50:02.981570 - SPEECH DISPATCHER: Returning cached result for language='C' dialect='' variant='None'
09:50:02.981639 - SPEECH GENERATOR: Family updated to {'dialect': '', 'lang': 'C', 'name': ''}
09:50:02.981725 - SPEECH GENERATOR: Final voice is {'established': 'False', 'family': "{'dialect': '', 'lang': 'C', 'name': ''}"}
09:50:02.981773 - SPEECH PRESENTER: Adjusting '  [seed                          ]                                                                  
                  ' from [terminal: 'Terminal' (0x7132c5d3c840)]  start_offset: 101
09:50:02.981847 - AXHypertext: 0 hyperlinks found in [terminal: 'Terminal' (0x7132c5d3c840)]  between start: 101 and end: 202
09:50:02.981895 - GSETTINGS SCHEMA HANDLE: speech/speak-numbers-as-digits not set [app:org.gnome.Terminal, profile:default]
09:50:02.981909 - GSETTINGS REGISTRY: speech/speak-numbers-as-digits using default value = False
09:50:02.981966 - GSETTINGS SCHEMA HANDLE: speech/repeated-character-limit not set [app:org.gnome.Terminal, profile:default]
09:50:02.981989 - GSETTINGS REGISTRY: speech/repeated-character-limit using default value = 4
09:50:02.985560 - GSETTINGS SCHEMA HANDLE: speech/use-pronunciation-dictionary not set [app:org.gnome.Terminal, profile:default]
09:50:02.985607 - GSETTINGS REGISTRY: speech/use-pronunciation-dictionary using default value = True
09:50:02.985634 - SPEECH PRESENTER: Adjusted text: '  [seed                          ]                                                                  
                  '
09:50:02.985759 - SPEECH GENERATOR: _generate_text_line: [  [seed                          ]                                                                  
                  , {'established': 'False', 'family': "{'dialect': '', 'lang': 'C', 'name': ''}"}]
09:50:02.985992 - SPEECH GENERATOR: Results: [[Terminal, {'established': 'False', 'family': "{'dialect': '', 'lang': 'C', 'name': ''}"}], [], [page tab, {'established': 'False', 'family': '{}'}],   [seed                          ]                                                                  
                  , {'established': 'False', 'family': "{'dialect': '', 'lang': 'C', 'name': ''}"}]
09:50:02.986222 - SPEECH: Speak [[Terminal, {'established': 'False', 'family': "{'dialect': '', 'lang': 'C', 'name': ''}"}], [], [page tab, {'established': 'False', 'family': '{}'}],   [seed                          ]                                                                  
                  , {'established': 'False', 'family': "{'dialect': '', 'lang': 'C', 'name': ''}"}], acss: None
09:50:02.986258 - SPEECH OUTPUT: 'Terminal' {'established': False, 'family': {'name': '', 'gender': None, 'lang': 'C', 'dialect': '', 'variant': None}}
09:50:02.986272 - SPEECH DISPATCHER: Speaking 'Terminal' as string
09:50:02.987506 - SPEECH DISPATCHER: Speaking '<speak><mark name="0:8"/>Terminal</speak>' 
                  ORCA rate 50.0, pitch 5.0, volume 10.0, language C, punctuation: MOST
                  SD rate 2, pitch 10, volume 100, language c
09:50:02.987637 - SPEECH OUTPUT: 'page tab' {'established': False}
09:50:02.987655 - SPEECH DISPATCHER: Speaking 'page tab' as string
09:50:02.988771 - SPEECH DISPATCHER: Speaking '<speak><mark name="0:4"/>page <mark name="5:8"/>tab</speak>' 
                  ORCA rate 50.0, pitch 5.0, volume 10.0, language C, punctuation: MOST
                  SD rate 2, pitch 10, volume 100, language c
09:50:03.004498 - SPEECH OUTPUT: '  [seed                          ]                                                                  
                  ' {'established': False, 'family': {'name': '', 'gender': None, 'lang': 'C', 'dialect': '', 'variant': None}}
09:50:03.004548 - SPEECH DISPATCHER: Speaking '  [seed                          ]                                                                  
                  ' as string
09:50:03.004853 - SPEECH DISPATCHER: Speaking '<speak>  <mark name="2:7"/>[seed                          <mark name="33:34"/>]                                                                  
                  </speak>' 
                  ORCA rate 50.0, pitch 5.0, volume 10.0, language C, punctuation: MOST
                  SD rate 2, pitch 10, volume 100, language c
09:50:03.005079 - GSETTINGS SCHEMA HANDLE: braille/enabled not set [app:org.gnome.Terminal, profile:default]
09:50:03.005092 - GSETTINGS REGISTRY: braille/enabled using default value = True
09:50:03.005153 - FOCUS MANAGER: Active mode: focus-tracking Object of interest: [terminal: 'Terminal' (0x7132c5d3c840)] 
09:50:03.005171 - GSETTINGS SCHEMA HANDLE: braille/enabled not set [app:org.gnome.Terminal, profile:default]
09:50:03.005175 - GSETTINGS REGISTRY: braille/enabled using default value = True
09:50:03.005193 - GSETTINGS SCHEMA HANDLE: braille/verbosity-level not set [app:org.gnome.Terminal, profile:default]
09:50:03.005197 - GSETTINGS REGISTRY: braille/verbosity-level using default value = 'verbose'
09:50:03.005213 - FOCUS MANAGER: Locus of focus is [terminal: 'Terminal' (0x7132c5d3c840)] 
09:50:03.005231 - SCRIPT MANAGER: Active script is: org.gnome.Terminal (module=orca.scripts.terminal.script)
09:50:03.005248 - GSETTINGS SCHEMA HANDLE: braille/rolename-style not set [app:org.gnome.Terminal, profile:default]
09:50:03.005253 - GSETTINGS REGISTRY: braille/rolename-style using default value = 'verbose'
09:50:03.005265 - GSETTINGS SCHEMA HANDLE: braille/display-ancestors not set [app:org.gnome.Terminal, profile:default]
09:50:03.005269 - GSETTINGS REGISTRY: braille/display-ancestors using default value = True
09:50:03.005280 - GSETTINGS SCHEMA HANDLE: braille/end-of-line-indicator not set [app:org.gnome.Terminal, profile:default]
09:50:03.005284 - GSETTINGS REGISTRY: braille/end-of-line-indicator using default value = True
09:50:03.005295 - GSETTINGS SCHEMA HANDLE: braille/present-mnemonics not set [app:org.gnome.Terminal, profile:default]
09:50:03.005298 - GSETTINGS REGISTRY: braille/present-mnemonics using default value = True
09:50:03.005390 - GENERATOR: _get_functional_role: terminal
09:50:03.005464 - BRAILLE GENERATOR: braille_generator.BrailleGenerator._generate_terminal for [terminal: 'Terminal' (0x7132c5d3c840)]  args: {'formatType': 'focused', 'priorObj': "[frame: 'Reactive TUI App accessibility round 1' (0x7132c5d03000)] ", 'role': 'terminal'}
09:50:03.005492 - BRAILLE: Creating text region for [terminal: 'Terminal' (0x7132c5d3c840)]  label:'', offsets: None-None, caret: None
09:50:03.005705 - AXText: [terminal: 'Terminal' (0x7132c5d3c840)]  reports caret offset of 135.
09:50:03.005833 - AXText: [terminal: 'Terminal' (0x7132c5d3c840)]  reports 3238 characters.
09:50:03.006052 - AXText: Line at offset 135 in [terminal: 'Terminal' (0x7132c5d3c840)]  '  [seed                          ]                                                                  \n' (101-202)
09:50:03.006099 - BRAILLE: Not contracting '  [seed                          ]                                                                  
                  ' because contracted braille is not enabled.
09:50:03.006153 - BRAILLE GENERATOR: Results: [TEXT: '  [seed                          ]                                                                  ', cursor offset:34 start offset:0, line offset:101]
09:50:03.006291 - AXText: [terminal: 'Terminal' (0x7132c5d3c840)]  reports 3238 characters.
09:50:03.006457 - AXText: Text of [terminal: 'Terminal' (0x7132c5d3c840)]  '   Overview ✕    ~ Unavailable~    ▶Settings ✕                                                      \n  [seed                          ]                                                                  \n                                                                                                    \n                                                                                                    \n                                                                                                    \n                                                                                                    \n                                                                                                    \n                                                                                                    \n                                                                                                    \n                                                                                                    \n                                                                                                    \n                                                                                                    \n                                                                                                    \n                                                                                                    \n                                                                                                    \n                                                                                                    \n                                                                                                    \n                                                                                                    \n                                                                                                    \n                                                                                                    \n                                                                                                    \n                                                                                                    \n                                                                                                    \n                                                                                                    \n                                                                                                    \n                                                                                                    \n                                                                                                    \n                                                                                                    \n                                                                                                    \n                                                                                                    \n                                                                                                    \n                                                                                                    \n'
09:50:03.006511 - SCRIPT MANAGER: Active script is: org.gnome.Terminal (module=orca.scripts.terminal.script)
09:50:03.006564 - AXHypertext: 0 hyperlinks found in [terminal: 'Terminal' (0x7132c5d3c840)] 
09:50:03.006683 - AXText: [terminal: 'Terminal' (0x7132c5d3c840)]  reports 0 selection(s).
09:50:03.006736 - BRAILLE: Refresh. Pan: True target: 0
09:50:03.006752 - BRAILLE: Kill flash message braille.display_line:1618 > braille.refresh:2097 > braille._prepare_refresh:1856 > braille.kill_flash:2182
09:50:03.007606 - GSETTINGS SCHEMA HANDLE: braille/enabled not set [app:org.gnome.Terminal, profile:default]
09:50:03.007625 - GSETTINGS REGISTRY: braille/enabled using default value = True
09:50:03.007666 - BRAILLE: Last text object: None (Caret: 0, Line: 0, Cell: 0)
09:50:03.007724 - BRAILLE: Current text object: [terminal: 'Terminal' (0x7132c5d3c840)]  (Caret: 135, Line: 101). On same line: False
09:50:03.007743 - BRAILLE: Line 0: '  [seed                          ]                                                                  ' focusOffset: 0 [[0, 2], [2, 33], [33, 65], [65, 97], [97, 100]]
09:50:03.007759 - BRAILLE: Cursor offset in line string is: 34
09:50:03.007772 - BRAILLE: Adjusting offset to 33 (unhandled condition)
09:50:03.007784 - BRAILLE: Current range: (33, 65). Target cell: 0
09:50:03.007796 - BRAILLE LINE:  '  [seed                          ]                                                                  '
09:50:03.007807 -      VISIBLE:  ']                               ', cursor=2
09:50:03.007837 - BRAILLE: Enabling braille. BrlAPI running: False
09:50:03.007848 - BRAILLE: Need to initialize first.
09:50:03.007877 - BRAILLE: Initializing. Callback: input_event_manager.InputEventManager.process_braille_event
09:50:03.007911 - BRAILLE: WINDOWPATH= None
09:50:03.007940 - BRAILLE: XDG_VTNR= 1
09:50:03.007997 - BRAILLE: Attempting connection with BrlAPI.
09:50:03.008669 - BRAILLE: BrlAPI Connection is unavailable (ConnectionError): couldn't connect to b':0' with key b'keyfile:/etc/brlapi.key+polkit': connect: No such file or directory
                  (brlerrno 11, libcerrno 2, gaierrno 0)
                  Is BRLTTY really running?
09:50:03.008854 - AXTable: Setting last cell coordinates to row=-1, column=-1
09:50:03.009001 - AXText: [terminal: 'Terminal' (0x7132c5d3c840)]  reports caret offset of 135.
09:50:03.009053 - FOCUS MANAGER: Setting last cursor position to [terminal: 'Terminal' (0x7132c5d3c840)]  135
09:50:03.009190 - AXText: [terminal: 'Terminal' (0x7132c5d3c840)]  reports 0 selection(s).
09:50:03.009305 - FOCUS MANAGER: Active window is [frame: 'Terminal' (0x7132c6658d00)]  focus_manager.set_locus_of_focus:327 > focus_manager._save_object_details:254 > ax_utilities_event.save_object_info_for_events:195 > focus_manager.get_active_window:342
TOTAL PROCESSING TIME: 0.0535
^^^^^ FINISHED PRIORITY-3 OBJECT EVENT OBJECT:STATE-CHANGED:FOCUSED ^^^^^

09:50:03.009958 - EVENT MANAGER: Dequeueing object:announcement for [label: 'Background calls 0' (0x7132c5d3fbc0)]  in accessibility_probe (AccessKit) (1, 0, Background calls 0)
09:50:03.010068 - EVENT MANAGER: Dequeued object:announcement for [label: 'Background calls 0' (0x7132c5d3fcc0)]  in accessibility_probe (AccessKit) (1, 0, Background calls 0) priority: 3, counter: 22

vvvvv START PRIORITY-3 OBJECT EVENT OBJECT:ANNOUNCEMENT (queue size: 38) vvvvv
09:50:03.015700 - EVENT SOURCE:
                  app='accessibility_probe (AccessKit )' name='Background calls 0' role='label' axid='' id=0x7132c5d3fd40
                  description=''
                  help=''
                  locale=''
                  states='enabled, sensitive, showing, visible'
                  relations=''
                  actions=''
                  interfaces=''
                  attributes=''
                  text=''
                  path=[-1, 0, 1]
                  
09:50:03.015807 - SCRIPT MANAGER: Active script is: org.gnome.Terminal (module=orca.scripts.terminal.script)
09:50:03.015874 - FOCUS MANAGER: Locus of focus is [terminal: 'Terminal' (0x7132c5d3c840)] 
09:50:03.015963 - EVENT MANAGER: Getting script for event for [application: 'accessibility_probe' (0x7132c6634980)]  [label: 'Background calls 0' (0x7132c5d3fe00)] 
09:50:03.016037 - SCRIPT MANAGER: Getting script for [application: 'accessibility_probe' (0x7132c6634980)]  [label: 'Background calls 0' (0x7132c5d3fe00)] 
09:50:03.016672 - SCRIPT MANAGER: Script is app script accessibility_probe (module=orca.scripts.default)
09:50:03.016726 - EVENT MANAGER: Script for event is accessibility_probe (module=orca.scripts.default)
09:50:03.017429 - EVENT MANAGER: Change active script: False (No reason found to activate a different script.)
09:50:03.017464 - EVENT MANAGER: Processing object:announcement: script handles events when inactive
09:50:03.017542 - GSETTINGS SCHEMA HANDLE: speech/enable not set [app:org.gnome.Terminal, profile:default]
09:50:03.017551 - GSETTINGS REGISTRY: speech/enable using default value = True
09:50:03.017572 - GSETTINGS SCHEMA HANDLE: speech/messages-are-detailed not set [app:org.gnome.Terminal, profile:default]
09:50:03.017583 - GSETTINGS REGISTRY: speech/messages-are-detailed using default value = True
09:50:03.017597 - GSETTINGS SCHEMA HANDLE: speech/only-speak-displayed-text not set [app:org.gnome.Terminal, profile:default]
09:50:03.017600 - GSETTINGS REGISTRY: speech/only-speak-displayed-text using default value = False
09:50:03.017620 - GSETTINGS SCHEMA HANDLE: voice/established not set [app:org.gnome.Terminal, profile:default]
09:50:03.017634 - GSETTINGS SCHEMA HANDLE: voice/rate not set [app:org.gnome.Terminal, profile:default]
09:50:03.017647 - GSETTINGS SCHEMA HANDLE: voice/pitch not set [app:org.gnome.Terminal, profile:default]
09:50:03.017659 - GSETTINGS SCHEMA HANDLE: voice/volume not set [app:org.gnome.Terminal, profile:default]
09:50:03.017673 - GSETTINGS SCHEMA HANDLE: voice/family-name not set [app:org.gnome.Terminal, profile:default]
09:50:03.017684 - GSETTINGS SCHEMA HANDLE: voice/family-lang not set [app:org.gnome.Terminal, profile:default]
09:50:03.017695 - GSETTINGS SCHEMA HANDLE: voice/family-dialect not set [app:org.gnome.Terminal, profile:default]
09:50:03.017705 - GSETTINGS SCHEMA HANDLE: voice/family-gender not set [app:org.gnome.Terminal, profile:default]
09:50:03.017715 - GSETTINGS SCHEMA HANDLE: voice/family-variant not set [app:org.gnome.Terminal, profile:default]
09:50:03.017805 - GSETTINGS SCHEMA HANDLE: speech/punctuation-level not set [app:org.gnome.Terminal, profile:default]
09:50:03.017811 - GSETTINGS REGISTRY: speech/punctuation-level using default value = 'most'
09:50:03.017865 - SPEECH PRESENTER: Adjusting 'Background calls 0' from None start_offset: None
09:50:03.017883 - GSETTINGS SCHEMA HANDLE: speech/repeated-character-limit not set [app:org.gnome.Terminal, profile:default]
09:50:03.017888 - GSETTINGS REGISTRY: speech/repeated-character-limit using default value = 4
09:50:03.017908 - GSETTINGS SCHEMA HANDLE: speech/use-pronunciation-dictionary not set [app:org.gnome.Terminal, profile:default]
09:50:03.017912 - GSETTINGS REGISTRY: speech/use-pronunciation-dictionary using default value = True
09:50:03.017922 - SPEECH PRESENTER: Adjusted text: 'Background calls 0'
09:50:03.017928 - SPEECH: Speak 'Background calls 0' acss: {'established': False}
09:50:03.017933 - SPEECH OUTPUT: 'Background calls 0' {'established': False}
09:50:03.017937 - SPEECH DISPATCHER: Speaking 'Background calls 0' as string
09:50:03.018115 - SPEECH DISPATCHER: Speaking '<speak><mark name="0:10"/>Background <mark name="11:16"/>calls <mark name="17:18"/>0</speak>' 
                  ORCA rate 50.0, pitch 5.0, volume 10.0, language C, punctuation: SOME
                  SD rate 2, pitch 10, volume 100, language c
09:50:03.020340 - SPEECH MANAGER: Speech server is <orca.speechdispatcherfactory.SpeechServer object at 0x7132c76d96a0>
09:50:03.020441 - GSETTINGS SCHEMA HANDLE: speech/capitalization-style not set [app:org.gnome.Terminal, profile:default]
09:50:03.020462 - GSETTINGS REGISTRY: speech/capitalization-style using default value = 'none'
09:50:03.020679 - SPEECH MANAGER: Speech server is <orca.speechdispatcherfactory.SpeechServer object at 0x7132c76d96a0>
09:50:03.020734 - GSETTINGS SCHEMA HANDLE: speech/punctuation-level not set [app:org.gnome.Terminal, profile:default]
09:50:03.020750 - GSETTINGS REGISTRY: speech/punctuation-level using default value = 'most'
09:50:03.020842 - GSETTINGS SCHEMA HANDLE: braille/enabled not set [app:org.gnome.Terminal, profile:default]
09:50:03.020859 - GSETTINGS REGISTRY: braille/enabled using default value = True
09:50:03.020896 - GSETTINGS SCHEMA HANDLE: braille/flash-messages not set [app:org.gnome.Terminal, profile:default]
09:50:03.020910 - GSETTINGS REGISTRY: braille/flash-messages using default value = True
09:50:03.020945 - GSETTINGS SCHEMA HANDLE: braille/flash-messages-detailed not set [app:org.gnome.Terminal, profile:default]
09:50:03.020958 - GSETTINGS REGISTRY: braille/flash-messages-detailed using default value = True
09:50:03.020998 - GSETTINGS SCHEMA HANDLE: braille/enabled not set [app:org.gnome.Terminal, profile:default]
09:50:03.021028 - GSETTINGS REGISTRY: braille/enabled using default value = True
09:50:03.021065 - GSETTINGS SCHEMA HANDLE: braille/flash-messages-persistent not set [app:org.gnome.Terminal, profile:default]
09:50:03.021078 - GSETTINGS REGISTRY: braille/flash-messages-persistent using default value = False
09:50:03.021112 - GSETTINGS SCHEMA HANDLE: braille/flash-message-duration not set [app:org.gnome.Terminal, profile:default]
09:50:03.021124 - GSETTINGS REGISTRY: braille/flash-message-duration using default value = 5000
09:50:03.021138 - BRAILLE: Display message: 'Background calls 0' (flash_time: 5000)
09:50:03.021151 - BRAILLE: Initializing flash: Source ID: 0
09:50:03.021193 - BRAILLE: Not contracting 'Background calls 0' because contracted braille is not enabled.
09:50:03.021243 - BRAILLE: Refresh. Pan: True target: 0
09:50:03.021289 - GSETTINGS SCHEMA HANDLE: braille/enabled not set [app:org.gnome.Terminal, profile:default]
09:50:03.021302 - GSETTINGS REGISTRY: braille/enabled using default value = True
09:50:03.021363 - BRAILLE: Last text object: [terminal: 'Terminal' (0x7132c5d3c840)]  (Caret: 135, Line: 101, Cell: 2)
09:50:03.021413 - BRAILLE: Current text object: None (Caret: 0, Line: 0). On same line: False
09:50:03.021428 - BRAILLE: Line 0: 'Background calls 0' focusOffset: 0 [[0, 18]]
09:50:03.021441 - BRAILLE: Current range: (0, 32). Target cell: 0
09:50:03.021453 - BRAILLE LINE:  'Background calls 0'
09:50:03.021464 -      VISIBLE:  'Background calls 0', cursor=0
09:50:03.021493 - BRAILLE: Enabling braille. BrlAPI running: False
09:50:03.021503 - BRAILLE: Need to initialize first.
09:50:03.021533 - BRAILLE: Initializing. Callback: input_event_manager.InputEventManager.process_braille_event
09:50:03.021545 - BRAILLE: BrlAPI connection already in progress.
TOTAL PROCESSING TIME: 0.0115
^^^^^ FINISHED PRIORITY-3 OBJECT EVENT OBJECT:ANNOUNCEMENT ^^^^^

09:50:03.021607 - WARNING: Braille initialization failed: BrlAPI connection unavailable.
09:50:03.021628 - BRAILLE: Scheduling BrlAPI retry in 2000 ms.
09:50:03.021790 - EVENT MANAGER: Dequeueing object:active-descendant-changed for [application: 'accessibility_probe' (0x7132c77adac0)]  in accessibility_probe (AccessKit) (0, 0, [frame: 'Reactive TUI App accessibility round 1' (0x7132c5d03000)])
09:50:03.021886 - EVENT MANAGER: Dequeued object:active-descendant-changed for [application: 'accessibility_probe' (0x7132c77adac0)]  in accessibility_probe (AccessKit) (0, 0, [frame: 'Reactive TUI App accessibility round 1' (0x7132c5d03000)]) priority: 3, counter: 38

vvvvv START PRIORITY-3 OBJECT EVENT OBJECT:ACTIVE-DESCENDANT-CHANGED (queue size: 37) vvvvv
09:50:03.026846 - EVENT SOURCE:
                  app='accessibility_probe (AccessKit )' name='accessibility_probe' role='application' axid='' id=0x7132c77adac0
                  description=''
                  help=''
                  locale=''
                  states=''
                  relations=''
                  actions=''
                  interfaces=''
                  attributes=''
                  text=''
                  path=[-1]
                  
                  EVENT ANY DATA:
                  name='Reactive TUI App accessibility round 1' role='frame' axid='' id=0x7132c5d03000
                  description=''
                  help=''
                  locale=''
                  states='active, enabled, sensitive, showing, visible'
                  relations=''
                  actions=''
                  interfaces='Component'
                  attributes=''
                  text=''
                  path=[-1, 0]
                  
09:50:03.026937 - SCRIPT MANAGER: Active script is: org.gnome.Terminal (module=orca.scripts.terminal.script)
09:50:03.027003 - FOCUS MANAGER: Locus of focus is [terminal: 'Terminal' (0x7132c5d3c840)] 
09:50:03.027089 - EVENT MANAGER: Getting script for event for [application: 'accessibility_probe' (0x7132c77adac0)]  [application: 'accessibility_probe' (0x7132c77adac0)] 
09:50:03.027142 - SCRIPT MANAGER: Getting script for [application: 'accessibility_probe' (0x7132c77adac0)]  [application: 'accessibility_probe' (0x7132c77adac0)] 
09:50:03.027507 - SCRIPT MANAGER: Script is app script accessibility_probe (module=orca.scripts.default)
09:50:03.027544 - EVENT MANAGER: Script for event is accessibility_probe (module=orca.scripts.default)
09:50:03.028544 - EVENT MANAGER: Change active script: False (No reason found to activate a different script.)
09:50:03.028575 - EVENT MANAGER: Processing object:active-descendant-changed: script handles events when inactive
09:50:03.028651 - AXUtilitiesEvent: Neither source nor child have focused state.
TOTAL PROCESSING TIME: 0.0068
^^^^^ FINISHED PRIORITY-3 OBJECT EVENT OBJECT:ACTIVE-DESCENDANT-CHANGED ^^^^^

09:50:03.028818 - EVENT MANAGER: Dequeueing object:state-changed:focused for [panel: 'Project sections' (0x7132c5d2ba40)]  in accessibility_probe (AccessKit) (1, 0, 0)
09:50:03.028913 - EVENT MANAGER: Dequeued object:state-changed:focused for [panel: 'Project sections' (0x7132c5d2ba40)]  in accessibility_probe (AccessKit) (1, 0, 0) priority: 3, counter: 39

vvvvv START PRIORITY-3 OBJECT EVENT OBJECT:STATE-CHANGED:FOCUSED (queue size: 36) vvvvv
09:50:03.030056 - EVENT MANAGER: object:state-changed:focused for [panel: 'Project sections' (0x7132c5d2ba40)]  in accessibility_probe (AccessKit) (1, 0, 0) obsoleted by object:state-changed:focused for [panel: 'Project sections' (0x7132c5d2ba40)]  in accessibility_probe (AccessKit) (1, 0, 0) more recent duplicate
TOTAL PROCESSING TIME: 0.0012
^^^^^ FINISHED PRIORITY-3 OBJECT EVENT OBJECT:STATE-CHANGED:FOCUSED ^^^^^

09:50:03.030181 - EVENT MANAGER: Dequeueing object:state-changed:focused for [panel: 'Project sections' (0x7132c5d2ba40)]  in accessibility_probe (AccessKit) (1, 0, 0)
09:50:03.030270 - EVENT MANAGER: Dequeued object:state-changed:focused for [panel: 'Project sections' (0x7132c5d2ba40)]  in accessibility_probe (AccessKit) (1, 0, 0) priority: 3, counter: 44

vvvvv START PRIORITY-3 OBJECT EVENT OBJECT:STATE-CHANGED:FOCUSED (queue size: 35) vvvvv
09:50:03.034924 - EVENT SOURCE:
                  app='accessibility_probe (AccessKit )' name='Project sections' role='panel' axid='' id=0x7132c5d2ba40
                  description=''
                  help=''
                  locale=''
                  states='enabled, focusable, sensitive, showing, visible'
                  relations=''
                  actions=''
                  interfaces='Component'
                  attributes=''
                  text=''
                  path=[-1, 0, 0]
                  
09:50:03.035002 - SCRIPT MANAGER: Active script is: org.gnome.Terminal (module=orca.scripts.terminal.script)
09:50:03.035053 - FOCUS MANAGER: Locus of focus is [terminal: 'Terminal' (0x7132c5d3c840)] 
09:50:03.035126 - EVENT MANAGER: Getting script for event for [application: 'accessibility_probe' (0x7132c77adac0)]  [panel: 'Project sections' (0x7132c5d2ba40)] 
09:50:03.035174 - SCRIPT MANAGER: Getting script for [application: 'accessibility_probe' (0x7132c77adac0)]  [panel: 'Project sections' (0x7132c5d2ba40)] 
09:50:03.035519 - SCRIPT MANAGER: Script is app script accessibility_probe (module=orca.scripts.default)
09:50:03.035552 - EVENT MANAGER: Script for event is accessibility_probe (module=orca.scripts.default)
09:50:03.036485 - EVENT MANAGER: Change active script: True (Event source claimed focus.)
09:50:03.036547 - SCRIPT MANAGER: Deactivating org.gnome.Terminal (module=orca.scripts.terminal.script) reason: Event source claimed focus.
09:50:03.036596 - SCRIPT MANAGER: Setting active script to accessibility_probe (module=orca.scripts.default) reason: Event source claimed focus.
09:50:03.036633 - DEFAULT: Activating script for [application: 'accessibility_probe' (0x7132c77adac0)] 
09:50:03.036974 - SPEECH MANAGER: Speech server is <orca.speechdispatcherfactory.SpeechServer object at 0x7132c76d96a0>
09:50:03.037077 - GSETTINGS SCHEMA HANDLE: speech/punctuation-level not set [app:accessibility_probe, profile:default]
09:50:03.037094 - GSETTINGS REGISTRY: speech/punctuation-level using default value = 'most'
09:50:03.037481 - SPEECH MANAGER: Speech server is <orca.speechdispatcherfactory.SpeechServer object at 0x7132c76d96a0>
09:50:03.037541 - GSETTINGS SCHEMA HANDLE: speech/capitalization-style not set [app:accessibility_probe, profile:default]
09:50:03.037556 - GSETTINGS REGISTRY: speech/capitalization-style using default value = 'none'
09:50:03.037890 - SPEECH MANAGER: Speech server is <orca.speechdispatcherfactory.SpeechServer object at 0x7132c76d96a0>
09:50:03.037992 - GSETTINGS SCHEMA HANDLE: speech/synthesizer not set [app:accessibility_probe, profile:default]
09:50:03.038040 - SCRIPT MANAGER: Active script is: accessibility_probe (module=orca.scripts.default)
09:50:03.038053 - CARET NAVIGATOR: Commands suspended: False: script activation, no prior state
09:50:03.038097 - GSETTINGS SCHEMA HANDLE: keybindings/keyboard-layout not set [app:accessibility_probe, profile:default]
09:50:03.038111 - GSETTINGS REGISTRY: keybindings/keyboard-layout using default value = 'desktop'
09:50:03.038145 - GSETTINGS SCHEMA HANDLE: keybindings/desktop-modifier-keys not set [app:accessibility_probe, profile:default]
09:50:03.038159 - GSETTINGS REGISTRY: keybindings/desktop-modifier-keys using default value = ['Insert', 'KP_Insert']
09:50:03.038214 - SCRIPT MANAGER: Active script is: accessibility_probe (module=orca.scripts.default)
09:50:03.038226 - STRUCTURAL NAVIGATOR: Suspended: False: script activation, no prior state
09:50:03.038262 - GSETTINGS SCHEMA HANDLE: keybindings/keyboard-layout not set [app:accessibility_probe, profile:default]
09:50:03.038274 - GSETTINGS REGISTRY: keybindings/keyboard-layout using default value = 'desktop'
09:50:03.038306 - GSETTINGS SCHEMA HANDLE: keybindings/desktop-modifier-keys not set [app:accessibility_probe, profile:default]
09:50:03.038318 - GSETTINGS REGISTRY: keybindings/desktop-modifier-keys using default value = ['Insert', 'KP_Insert']
09:50:03.038380 - STRUCTURAL NAVIGATOR: Setting mode for accessibility_probe (module=orca.scripts.default) to NavigationMode.OFF
09:50:03.038410 - SCRIPT MANAGER: Active script is: accessibility_probe (module=orca.scripts.default)
09:50:03.038447 - GSETTINGS SCHEMA HANDLE: keybindings/keyboard-layout not set [app:accessibility_probe, profile:default]
09:50:03.038459 - GSETTINGS REGISTRY: keybindings/keyboard-layout using default value = 'desktop'
09:50:03.038489 - GSETTINGS SCHEMA HANDLE: keybindings/desktop-modifier-keys not set [app:accessibility_probe, profile:default]
09:50:03.038501 - GSETTINGS REGISTRY: keybindings/desktop-modifier-keys using default value = ['Insert', 'KP_Insert']
09:50:03.038559 - CARET NAVIGATOR: Setting enabled state for accessibility_probe (module=orca.scripts.default) to False
09:50:03.038587 - SCRIPT MANAGER: Active script is: accessibility_probe (module=orca.scripts.default)
09:50:03.038621 - GSETTINGS SCHEMA HANDLE: keybindings/keyboard-layout not set [app:accessibility_probe, profile:default]
09:50:03.038633 - GSETTINGS REGISTRY: keybindings/keyboard-layout using default value = 'desktop'
09:50:03.038662 - GSETTINGS SCHEMA HANDLE: keybindings/desktop-modifier-keys not set [app:accessibility_probe, profile:default]
09:50:03.038674 - GSETTINGS REGISTRY: keybindings/desktop-modifier-keys using default value = ['Insert', 'KP_Insert']
09:50:03.038696 - COMMAND MANAGER: Activating commands: activated accessibility_probe (module=orca.scripts.default)
09:50:03.038818 - GSETTINGS SCHEMA HANDLE: keybindings/entries no dict values set
09:50:03.038833 - GSETTINGS REGISTRY: keybindings/entries using default value = {}
09:50:03.038842 - COMMAND MANAGER: No user overrides to apply
09:50:03.038925 - GSETTINGS SCHEMA HANDLE: keybindings/keyboard-layout not set [app:accessibility_probe, profile:default]
09:50:03.038938 - GSETTINGS REGISTRY: keybindings/keyboard-layout using default value = 'desktop'
09:50:03.038969 - GSETTINGS SCHEMA HANDLE: keybindings/desktop-modifier-keys not set [app:accessibility_probe, profile:default]
09:50:03.038998 - GSETTINGS REGISTRY: keybindings/desktop-modifier-keys using default value = ['Insert', 'KP_Insert']

vvvvv COMMAND MANAGER: Grab diff: activated accessibility_probe (module=orca.scripts.default) (old: 77, new: 77) vvvvv
09:50:03.039043 -   No grab changes
^^^^^ COMMAND MANAGER: Diff completed in 0.0000s. Removed 0, added 0, transferred 0 ^^^^^

09:50:03.039098 - GSETTINGS SCHEMA HANDLE: speech/enable not set [app:accessibility_probe, profile:default]
09:50:03.039111 - GSETTINGS REGISTRY: speech/enable using default value = True
09:50:03.039121 - SPEECH MANAGER: Speech is enabled.
09:50:03.039176 - SPEECH MANAGER: start_speech. Script: None Event: None notify_user: False
09:50:03.039187 - SPEECH MANAGER: Initializing server
09:50:03.039197 - SPEECH MANAGER: Already initialized
09:50:03.039232 - GSETTINGS SCHEMA HANDLE: keybindings/keyboard-layout not set [app:accessibility_probe, profile:default]
09:50:03.039244 - GSETTINGS REGISTRY: keybindings/keyboard-layout using default value = 'desktop'
09:50:03.039255 - COMMAND MANAGER: Setting keyboard layout is_desktop to True.
09:50:03.039351 - GSETTINGS SCHEMA HANDLE: keybindings/entries no dict values set
09:50:03.039364 - GSETTINGS REGISTRY: keybindings/entries using default value = {}
09:50:03.039374 - COMMAND MANAGER: No user overrides to apply
09:50:03.039453 - GSETTINGS SCHEMA HANDLE: keybindings/keyboard-layout not set [app:accessibility_probe, profile:default]
09:50:03.039466 - GSETTINGS REGISTRY: keybindings/keyboard-layout using default value = 'desktop'
09:50:03.039496 - GSETTINGS SCHEMA HANDLE: keybindings/desktop-modifier-keys not set [app:accessibility_probe, profile:default]
09:50:03.039509 - GSETTINGS REGISTRY: keybindings/desktop-modifier-keys using default value = ['Insert', 'KP_Insert']

vvvvv COMMAND MANAGER: Grab diff: keyboard layout change (old: 77, new: 77) vvvvv
09:50:03.039536 -   No grab changes
^^^^^ COMMAND MANAGER: Diff completed in 0.0000s. Removed 0, added 0, transferred 0 ^^^^^

09:50:03.039555 - COMMAND MANAGER: Keyboard layout set to desktop.
09:50:03.039591 - GSETTINGS SCHEMA HANDLE: keybindings/keyboard-layout not set [app:accessibility_probe, profile:default]
09:50:03.039603 - GSETTINGS REGISTRY: keybindings/keyboard-layout using default value = 'desktop'
09:50:03.039632 - GSETTINGS SCHEMA HANDLE: keybindings/desktop-modifier-keys not set [app:accessibility_probe, profile:default]
09:50:03.039644 - GSETTINGS REGISTRY: keybindings/desktop-modifier-keys using default value = ['Insert', 'KP_Insert']
09:50:03.039663 - EVENT MANAGER: Processing object:state-changed:focused: script for event is active
09:50:03.039749 - DEFAULT: [panel: 'Project sections' (0x7132c5d2ba40)]  lacks focused state. Clearing cache.
09:50:03.039805 - AXObject: Clearing AT-SPI cache on [panel: 'Project sections' (0x7132c5d2ba40)]  Recursive: False.  Reason: Event detail1 does not match state.
09:50:03.040563 - DEFAULT: Clearing cache did not update state.
TOTAL PROCESSING TIME: 0.0103
^^^^^ FINISHED PRIORITY-3 OBJECT EVENT OBJECT:STATE-CHANGED:FOCUSED ^^^^^

09:50:03.041370 - EVENT MANAGER: Dequeueing object:state-changed:focused for [page tab: 'Settings' (0x7132c7737d40)]  in accessibility_probe (AccessKit) (1, 0, 0)
09:50:03.041524 - EVENT MANAGER: Dequeued object:state-changed:focused for [page tab: 'Settings' (0x7132c7737d40)]  in accessibility_probe (AccessKit) (1, 0, 0) priority: 3, counter: 55

vvvvv START PRIORITY-3 OBJECT EVENT OBJECT:STATE-CHANGED:FOCUSED (queue size: 34) vvvvv
09:50:03.048974 - EVENT SOURCE:
                  app='accessibility_probe (AccessKit )' name='Settings' role='page tab' axid='' id=0x7132c65ffd40
                  description=''
                  help=''
                  locale=''
                  states='enabled, focusable, focused, selectable, selected, sensitive, showing, visible'
                  relations=''
                  actions='click'
                  interfaces='Action, Component'
                  attributes=''
                  text=''
                  path=[-1, 0, 0, 0, 2]
                  
09:50:03.049261 - SCRIPT MANAGER: Active script is: accessibility_probe (module=orca.scripts.default)
09:50:03.049315 - FOCUS MANAGER: Locus of focus is [terminal: 'Terminal' (0x7132c5d3c840)] 
09:50:03.049358 - EVENT MANAGER: Getting script for event for [application: 'accessibility_probe' (0x7132c77adac0)]  [page tab: 'Settings' (0x7132c66345c0)] 
09:50:03.049376 - SCRIPT MANAGER: Getting script for [application: 'accessibility_probe' (0x7132c77adac0)]  [page tab: 'Settings' (0x7132c66345c0)] 
09:50:03.049706 - SCRIPT MANAGER: Script is app script accessibility_probe (module=orca.scripts.default)
09:50:03.049736 - EVENT MANAGER: Script for event is accessibility_probe (module=orca.scripts.default)
09:50:03.049747 - EVENT MANAGER: Processing object:state-changed:focused: script for event is active
09:50:03.051908 - SCRIPT UTILITIES: [frame: 'Reactive TUI App accessibility round 1' (0x7132c5d03000)]  is top-level object for: [page tab: 'Settings' (0x7132c65ffd40)] 
09:50:03.054516 - SCRIPT UTILITIES: [page tab: 'Settings' (0x7132c65ffd40)]  is in frame [frame: 'Reactive TUI App accessibility round 1' (0x7132c5d03000)]  and dialog None
09:50:03.054612 - AXObject: Clearing AT-SPI cache on [frame: 'Reactive TUI App accessibility round 1' (0x7132c5d03000)]  Recursive: False.  Reason: Checking if window can be the active window
09:50:03.057630 - AXUtilities: [frame: 'Reactive TUI App accessibility round 1' (0x7132c5d03000)]  from [application: 'accessibility_probe' (0x7132c77adac0)]  can be active window
09:50:03.058128 - FOCUS MANAGER: Request to set locus of focus to [page tab: 'Settings' (0x7132c65ffd40)]  event_manager._dequeue_object_event:666 > event_manager._process_object_event:982 > default._on_focused_changed:1114 > focus_manager.set_locus_of_focus:271
09:50:03.058752 - AXObject: Clearing AT-SPI cache on [page tab: 'Settings' (0x7132c65ffd40)]  Recursive: False.  Reason: Setting locus of focus.
09:50:03.058800 - SCRIPT MANAGER: Active script is: accessibility_probe (module=orca.scripts.default)
09:50:03.060440 - FOCUS MANAGER: Changing locus of focus from [terminal: 'Terminal' (0x7132c5d3c840)]  to [page tab: 'Settings' (0x7132c65ffd40)] . Notify: True
09:50:03.061113 - FOCUS MANAGER: Region of interest: [page tab: 'Settings' (0x7132c65ffd40)]  (0, 0)
09:50:03.061773 - FOCUS MANAGER: Switching object of interest from [terminal: 'Terminal' (0x7132c5d3c840)]  to [page tab: 'Settings' (0x7132c65ffd40)] 
09:50:03.065429 - DOCUMENT PRESENTER: Updating mode for focus change. Old focus: [terminal: 'Terminal' (0x7132c5d3c840)]  old doc: None New focus: [page tab: 'Settings' (0x7132c65ffd40)]  new doc: None
09:50:03.065489 - SCRIPT MANAGER: Active script is: accessibility_probe (module=orca.scripts.default)
09:50:03.065507 - CARET NAVIGATOR: Commands suspended: False: locus of focus no longer in document
09:50:03.065598 - GSETTINGS SCHEMA HANDLE: keybindings/keyboard-layout not set [app:accessibility_probe, profile:default]
09:50:03.065615 - GSETTINGS REGISTRY: keybindings/keyboard-layout using default value = 'desktop'
09:50:03.065652 - GSETTINGS SCHEMA HANDLE: keybindings/desktop-modifier-keys not set [app:accessibility_probe, profile:default]
09:50:03.065668 - GSETTINGS REGISTRY: keybindings/desktop-modifier-keys using default value = ['Insert', 'KP_Insert']
09:50:03.065728 - SCRIPT MANAGER: Active script is: accessibility_probe (module=orca.scripts.default)
09:50:03.065741 - STRUCTURAL NAVIGATOR: Suspended: False: locus of focus no longer in document
09:50:03.065778 - GSETTINGS SCHEMA HANDLE: keybindings/keyboard-layout not set [app:accessibility_probe, profile:default]
09:50:03.065791 - GSETTINGS REGISTRY: keybindings/keyboard-layout using default value = 'desktop'
09:50:03.065823 - GSETTINGS SCHEMA HANDLE: keybindings/desktop-modifier-keys not set [app:accessibility_probe, profile:default]
09:50:03.065836 - GSETTINGS REGISTRY: keybindings/desktop-modifier-keys using default value = ['Insert', 'KP_Insert']
09:50:03.065901 - STRUCTURAL NAVIGATOR: Setting mode for accessibility_probe (module=orca.scripts.default) to NavigationMode.OFF
09:50:03.065931 - SCRIPT MANAGER: Active script is: accessibility_probe (module=orca.scripts.default)
09:50:03.065968 - GSETTINGS SCHEMA HANDLE: keybindings/keyboard-layout not set [app:accessibility_probe, profile:default]
09:50:03.065994 - GSETTINGS REGISTRY: keybindings/keyboard-layout using default value = 'desktop'
09:50:03.066028 - GSETTINGS SCHEMA HANDLE: keybindings/desktop-modifier-keys not set [app:accessibility_probe, profile:default]
09:50:03.066042 - GSETTINGS REGISTRY: keybindings/desktop-modifier-keys using default value = ['Insert', 'KP_Insert']
09:50:03.066100 - CARET NAVIGATOR: Setting enabled state for accessibility_probe (module=orca.scripts.default) to False
09:50:03.066131 - SCRIPT MANAGER: Active script is: accessibility_probe (module=orca.scripts.default)
09:50:03.066165 - GSETTINGS SCHEMA HANDLE: keybindings/keyboard-layout not set [app:accessibility_probe, profile:default]
09:50:03.066177 - GSETTINGS REGISTRY: keybindings/keyboard-layout using default value = 'desktop'
09:50:03.066208 - GSETTINGS SCHEMA HANDLE: keybindings/desktop-modifier-keys not set [app:accessibility_probe, profile:default]
09:50:03.066221 - GSETTINGS REGISTRY: keybindings/desktop-modifier-keys using default value = ['Insert', 'KP_Insert']
09:50:03.068283 - SCRIPT UTILITIES: [frame: 'Reactive TUI App accessibility round 1' (0x7132c5d03000)]  is top-level object for: [page tab: 'Settings' (0x7132c65ffd40)] 
09:50:03.068329 - FOCUS MANAGER: Request to set active window to [frame: 'Reactive TUI App accessibility round 1' (0x7132c5d03000)] 
09:50:03.070277 - SCRIPT MANAGER: Getting script for [application: 'accessibility_probe' (0x7132c77adac0)]  [page tab: 'Settings' (0x7132c65ffd40)] 
09:50:03.070633 - SCRIPT MANAGER: Script is app script accessibility_probe (module=orca.scripts.default)
09:50:03.072744 - AXUtilitiesRelation: [terminal: 'Terminal' (0x7132c5d3c840)]  is controlled by [page tab: 'Settings' (0x7132c65ffd40)] : False
09:50:03.072821 - AXUtilitiesRelation: [page tab: 'Settings' (0x7132c65ffd40)]  is controlled by [terminal: 'Terminal' (0x7132c5d3c840)] : False
09:50:03.072836 - PRESENTATION MANAGER: Interrupting presentation
09:50:03.072891 - SPEECH MANAGER: interrupt_speech. Script: None Event: None notify_user: False
09:50:03.073273 - SPEECH MANAGER: Speech server is <orca.speechdispatcherfactory.SpeechServer object at 0x7132c76d96a0>
09:50:03.073366 - BRAILLE: Kill flash message presentation_manager.interrupt_if_needed_for_focus_change:100 > presentation_manager.interrupt_presentation:88 > braille_presenter.kill_flash:1829 > braille.kill_flash:2182
09:50:03.074113 - BRAILLE: Refresh. Pan: False target: 0
09:50:03.074193 - GSETTINGS SCHEMA HANDLE: braille/enabled not set [app:accessibility_probe, profile:default]
09:50:03.074209 - GSETTINGS REGISTRY: braille/enabled using default value = True
09:50:03.074247 - BRAILLE: Last text object: None (Caret: 0, Line: 0, Cell: 0)
09:50:03.074308 - BRAILLE: Current text object: [terminal: 'Terminal' (0x7132c5d3c840)]  (Caret: 135, Line: 101). On same line: False
09:50:03.074496 - AXText: [terminal: 'Terminal' (0x7132c5d3c840)]  reports 3238 characters.
09:50:03.074669 - AXText: Text of [terminal: 'Terminal' (0x7132c5d3c840)]  '   Overview ✕    ~ Unavailable~    ▶Settings ✕                                                      \n  [seed                          ]                                                                  \n                                                                                                    \n                                                                                                    \n                                                                                                    \n                                                                                                    \n                                                                                                    \n                                                                                                    \n                                                                                                    \n                                                                                                    \n                                                                                                    \n                                                                                                    \n                                                                                                    \n                                                                                                    \n                                                                                                    \n                                                                                                    \n                                                                                                    \n                                                                                                    \n                                                                                                    \n                                                                                                    \n                                                                                                    \n                                                                                                    \n                                                                                                    \n                                                                                                    \n                                                                                                    \n                                                                                                    \n                                                                                                    \n                                                                                                    \n                                                                                                    \n                                                                                                    \n                                                                                                    \n                                                                                                    \n'
09:50:03.074721 - SCRIPT MANAGER: Active script is: accessibility_probe (module=orca.scripts.default)
09:50:03.074770 - AXHypertext: 0 hyperlinks found in [terminal: 'Terminal' (0x7132c5d3c840)] 
09:50:03.074873 - AXText: [terminal: 'Terminal' (0x7132c5d3c840)]  reports 0 selection(s).
09:50:03.074919 - BRAILLE: Line 0: '  [seed                          ]                                                                  ' focusOffset: 0 [[0, 2], [2, 33], [33, 65], [65, 97], [97, 100]]
09:50:03.074934 - BRAILLE: Cursor offset in line string is: 34
09:50:03.074947 - BRAILLE: Current range: (33, 65). Target cell: 0
09:50:03.074960 - BRAILLE LINE:  '  [seed                          ]                                                                  '
09:50:03.074970 -      VISIBLE:  ']                               ', cursor=2
09:50:03.075007 - BRAILLE: Enabling braille. BrlAPI running: False
09:50:03.075018 - BRAILLE: Need to initialize first.
09:50:03.075049 - BRAILLE: Initializing. Callback: input_event_manager.InputEventManager.process_braille_event
09:50:03.075084 - BRAILLE: WINDOWPATH= None
09:50:03.075114 - BRAILLE: XDG_VTNR= 1
09:50:03.075146 - BRAILLE: Attempting connection with BrlAPI.
09:50:03.075424 - FOCUS MANAGER: Active mode: focus-tracking Object of interest: [page tab: 'Settings' (0x7132c65ffd40)] 
09:50:03.075475 - GSETTINGS SCHEMA HANDLE: speech/enable not set [app:accessibility_probe, profile:default]
09:50:03.075489 - GSETTINGS REGISTRY: speech/enable using default value = True
09:50:03.075528 - GSETTINGS SCHEMA HANDLE: speech/verbosity-level not set [app:accessibility_probe, profile:default]
09:50:03.075541 - GSETTINGS REGISTRY: speech/verbosity-level using default value = 'verbose'
09:50:03.075578 - FOCUS MANAGER: Locus of focus is [page tab: 'Settings' (0x7132c65ffd40)] 
09:50:03.075613 - SCRIPT MANAGER: Active script is: accessibility_probe (module=orca.scripts.default)
09:50:03.075652 - GSETTINGS SCHEMA HANDLE: speech/only-speak-displayed-text not set [app:accessibility_probe, profile:default]
09:50:03.075665 - GSETTINGS REGISTRY: speech/only-speak-displayed-text using default value = False
09:50:03.075697 - GSETTINGS SCHEMA HANDLE: speech/speak-description not set [app:accessibility_probe, profile:default]
09:50:03.075710 - GSETTINGS REGISTRY: speech/speak-description using default value = True
09:50:03.075785 - BRAILLE: BrlAPI Connection is unavailable (ConnectionError): couldn't connect to b':0' with key b'keyfile:/etc/brlapi.key+polkit': connect: No such file or directory
                  (brlerrno 11, libcerrno 2, gaierrno 0)
                  Is BRLTTY really running?
09:50:03.075859 - GSETTINGS SCHEMA HANDLE: speech/speak-tutorial-messages not set [app:accessibility_probe, profile:default]
09:50:03.075879 - GSETTINGS REGISTRY: speech/speak-tutorial-messages using default value = True
09:50:03.075940 - GSETTINGS SCHEMA HANDLE: speech/speak-position-in-set not set [app:accessibility_probe, profile:default]
09:50:03.075955 - GSETTINGS REGISTRY: speech/speak-position-in-set using default value = False
09:50:03.075992 - GSETTINGS SCHEMA HANDLE: speech/speak-widget-mnemonic not set [app:accessibility_probe, profile:default]
09:50:03.076007 - GSETTINGS REGISTRY: speech/speak-widget-mnemonic using default value = True
09:50:03.076038 - GSETTINGS SCHEMA HANDLE: speech/speak-blank-lines not set [app:accessibility_probe, profile:default]
09:50:03.076049 - GSETTINGS REGISTRY: speech/speak-blank-lines using default value = True
09:50:03.076080 - GSETTINGS SCHEMA HANDLE: speech/speak-indentation-and-justification not set [app:accessibility_probe, profile:default]
09:50:03.076091 - GSETTINGS REGISTRY: speech/speak-indentation-and-justification using default value = False
09:50:03.076122 - GSETTINGS SCHEMA HANDLE: speech/announce-cell-headers not set [app:accessibility_probe, profile:default]
09:50:03.076132 - GSETTINGS REGISTRY: speech/announce-cell-headers using default value = True
09:50:03.076162 - GSETTINGS SCHEMA HANDLE: speech/announce-cell-coordinates not set [app:accessibility_probe, profile:default]
09:50:03.076173 - GSETTINGS REGISTRY: speech/announce-cell-coordinates using default value = True
09:50:03.076202 - GSETTINGS SCHEMA HANDLE: speech/announce-spreadsheet-cell-coordinates not set [app:accessibility_probe, profile:default]
09:50:03.076213 - GSETTINGS REGISTRY: speech/announce-spreadsheet-cell-coordinates using default value = True
09:50:03.076243 - GSETTINGS SCHEMA HANDLE: speech/announce-blockquote not set [app:accessibility_probe, profile:default]
09:50:03.076254 - GSETTINGS REGISTRY: speech/announce-blockquote using default value = True
09:50:03.076282 - GSETTINGS SCHEMA HANDLE: speech/announce-form not set [app:accessibility_probe, profile:default]
09:50:03.076293 - GSETTINGS REGISTRY: speech/announce-form using default value = True
09:50:03.076322 - GSETTINGS SCHEMA HANDLE: speech/announce-landmark not set [app:accessibility_probe, profile:default]
09:50:03.076333 - GSETTINGS REGISTRY: speech/announce-landmark using default value = True
09:50:03.076361 - GSETTINGS SCHEMA HANDLE: speech/announce-list not set [app:accessibility_probe, profile:default]
09:50:03.076372 - GSETTINGS REGISTRY: speech/announce-list using default value = True
09:50:03.076401 - GSETTINGS SCHEMA HANDLE: speech/announce-grouping not set [app:accessibility_probe, profile:default]
09:50:03.076412 - GSETTINGS REGISTRY: speech/announce-grouping using default value = True
09:50:03.076441 - GSETTINGS SCHEMA HANDLE: speech/announce-table not set [app:accessibility_probe, profile:default]
09:50:03.076452 - GSETTINGS REGISTRY: speech/announce-table using default value = True
09:50:03.079750 - GENERATOR: _get_functional_role: page-tab
09:50:03.079922 - SPEECH GENERATOR: speech_generator.SpeechGenerator._generate_page_tab for [page tab: 'Settings' (0x7132c65ffd40)]  args: {'formatType': 'unfocused', 'priorObj': "[terminal: 'Terminal' (0x7132c5d3c840)] ", 'role': 'page-tab'}
09:50:03.079999 - SPEECH GENERATOR: _generate_old_ancestors: []
09:50:03.080107 - SPEECH GENERATOR: _generate_new_ancestors: []
09:50:03.080181 - AXUtilitiesRelation: [page tab: 'Settings' (0x7132c65ffd40)]  is labelled by: []
09:50:03.080213 - GENERATOR: _generate_accessible_label: []
09:50:03.080241 - SPEECH GENERATOR: _generate_accessible_label: []
09:50:03.080289 - GENERATOR: _generate_accessible_name: [Settings]
09:50:03.080362 - GSETTINGS SCHEMA HANDLE: voice/established not set [app:accessibility_probe, profile:default]
09:50:03.080401 - GSETTINGS SCHEMA HANDLE: voice/rate not set [app:accessibility_probe, profile:default]
09:50:03.080436 - GSETTINGS SCHEMA HANDLE: voice/pitch not set [app:accessibility_probe, profile:default]
09:50:03.080471 - GSETTINGS SCHEMA HANDLE: voice/volume not set [app:accessibility_probe, profile:default]
09:50:03.080508 - GSETTINGS SCHEMA HANDLE: voice/family-name not set [app:accessibility_probe, profile:default]
09:50:03.080541 - GSETTINGS SCHEMA HANDLE: voice/family-lang not set [app:accessibility_probe, profile:default]
09:50:03.080573 - GSETTINGS SCHEMA HANDLE: voice/family-dialect not set [app:accessibility_probe, profile:default]
09:50:03.080605 - GSETTINGS SCHEMA HANDLE: voice/family-gender not set [app:accessibility_probe, profile:default]
09:50:03.080636 - GSETTINGS SCHEMA HANDLE: voice/family-variant not set [app:accessibility_probe, profile:default]
09:50:03.080696 - SPEECH GENERATOR: default voice requested for [page tab: 'Settings' (0x7132c65ffd40)]  language='', dialect='' Unmodified voice={'established': False}
09:50:03.080752 - SPEECH GENERATOR: Reported locale of [page tab: 'Settings' (0x7132c65ffd40)]  is 
09:50:03.080784 - SPEECH GENERATOR: Updated to: 'C', ''
09:50:03.080833 - GSETTINGS SCHEMA HANDLE: speech/auto-language-switching not set [app:accessibility_probe, profile:default]
09:50:03.080846 - GSETTINGS REGISTRY: speech/auto-language-switching using default value = True
09:50:03.080866 - SPEECH DISPATCHER: Returning cached result for language='C' dialect='' variant='None'
09:50:03.080930 - SPEECH GENERATOR: Family updated to {'dialect': '', 'lang': 'C', 'name': ''}
09:50:03.081019 - SPEECH GENERATOR: Final voice is {'established': 'False', 'family': "{'dialect': '', 'lang': 'C', 'name': ''}"}
09:50:03.081114 - SPEECH GENERATOR: _generate_accessible_name: [Settings, {'established': 'False', 'family': "{'dialect': '', 'lang': 'C', 'name': ''}"}]
09:50:03.081216 - GENERATOR: _generate_accessible_label_and_name: [Settings, {'established': 'False', 'family': "{'dialect': '', 'lang': 'C', 'name': ''}"}]
09:50:03.081260 - SPEECH PRESENTER: Adjusting 'Settings' from [page tab: 'Settings' (0x7132c65ffd40)]  start_offset: None
09:50:03.083528 - GSETTINGS SCHEMA HANDLE: speech/speak-numbers-as-digits not set [app:accessibility_probe, profile:default]
09:50:03.083571 - GSETTINGS REGISTRY: speech/speak-numbers-as-digits using default value = False
09:50:03.083654 - GSETTINGS SCHEMA HANDLE: speech/repeated-character-limit not set [app:accessibility_probe, profile:default]
09:50:03.083671 - GSETTINGS REGISTRY: speech/repeated-character-limit using default value = 4
09:50:03.088614 - GSETTINGS SCHEMA HANDLE: speech/use-pronunciation-dictionary not set [app:accessibility_probe, profile:default]
09:50:03.088661 - GSETTINGS REGISTRY: speech/use-pronunciation-dictionary using default value = True
09:50:03.088714 - GSETTINGS SCHEMA HANDLE: pronunciations/entries no dict values set
09:50:03.088731 - GSETTINGS REGISTRY: pronunciations/entries using default value = {}
09:50:03.088744 - SPEECH PRESENTER: Adjusted text: 'Settings'
09:50:03.088884 - SPEECH GENERATOR: _generate_accessible_label_and_name: [Settings, {'established': 'False', 'family': "{'dialect': '', 'lang': 'C', 'name': ''}"}]
09:50:03.089008 - GENERATOR: _generate_state_expanded: []
09:50:03.089044 - SPEECH GENERATOR: _generate_state_expanded: []
09:50:03.093567 - GSETTINGS SCHEMA HANDLE: voice/established not set [app:accessibility_probe, profile:default]
09:50:03.093637 - GSETTINGS SCHEMA HANDLE: voice/rate not set [app:accessibility_probe, profile:default]
09:50:03.093677 - GSETTINGS SCHEMA HANDLE: voice/pitch not set [app:accessibility_probe, profile:default]
09:50:03.093714 - GSETTINGS SCHEMA HANDLE: voice/volume not set [app:accessibility_probe, profile:default]
09:50:03.093754 - GSETTINGS SCHEMA HANDLE: voice/family-name not set [app:accessibility_probe, profile:default]
09:50:03.093788 - GSETTINGS SCHEMA HANDLE: voice/family-lang not set [app:accessibility_probe, profile:default]
09:50:03.093822 - GSETTINGS SCHEMA HANDLE: voice/family-dialect not set [app:accessibility_probe, profile:default]
09:50:03.093855 - GSETTINGS SCHEMA HANDLE: voice/family-gender not set [app:accessibility_probe, profile:default]
09:50:03.093889 - GSETTINGS SCHEMA HANDLE: voice/family-variant not set [app:accessibility_probe, profile:default]
09:50:03.093959 - SPEECH GENERATOR: system voice requested for [page tab: 'Settings' (0x7132c65ffd40)]  language='', dialect='' Unmodified voice={'established': False}
09:50:03.094023 - SPEECH GENERATOR: Reported locale of [page tab: 'Settings' (0x7132c65ffd40)]  is 
09:50:03.094058 - SPEECH GENERATOR: Updated to: 'C', ''
09:50:03.094098 - GSETTINGS SCHEMA HANDLE: voice/established not set [app:accessibility_probe, profile:default]
09:50:03.094132 - GSETTINGS SCHEMA HANDLE: voice/rate not set [app:accessibility_probe, profile:default]
09:50:03.094166 - GSETTINGS SCHEMA HANDLE: voice/pitch not set [app:accessibility_probe, profile:default]
09:50:03.094199 - GSETTINGS SCHEMA HANDLE: voice/volume not set [app:accessibility_probe, profile:default]
09:50:03.094232 - GSETTINGS SCHEMA HANDLE: voice/family-name not set [app:accessibility_probe, profile:default]
09:50:03.094264 - GSETTINGS SCHEMA HANDLE: voice/family-lang not set [app:accessibility_probe, profile:default]
09:50:03.094296 - GSETTINGS SCHEMA HANDLE: voice/family-dialect not set [app:accessibility_probe, profile:default]
09:50:03.094328 - GSETTINGS SCHEMA HANDLE: voice/family-gender not set [app:accessibility_probe, profile:default]
09:50:03.094360 - GSETTINGS SCHEMA HANDLE: voice/family-variant not set [app:accessibility_probe, profile:default]
09:50:03.094437 - SPEECH GENERATOR: Final voice is {'established': 'False', 'family': '{}'}
09:50:03.094513 - SPEECH GENERATOR: _generate_accessible_role: [page tab, {'established': 'False', 'family': '{}'}]
09:50:03.094573 - GENERATOR: _generate_state_sensitive: []
09:50:03.094603 - SPEECH GENERATOR: _generate_state_sensitive: []
09:50:03.094646 - GSETTINGS SCHEMA HANDLE: speech/insert-pauses-between-utterances not set [app:accessibility_probe, profile:default]
09:50:03.094660 - GSETTINGS REGISTRY: speech/insert-pauses-between-utterances using default value = True
09:50:03.094699 - GSETTINGS SCHEMA HANDLE: speech/punctuation-level not set [app:accessibility_probe, profile:default]
09:50:03.094712 - GSETTINGS REGISTRY: speech/punctuation-level using default value = 'most'
09:50:03.096053 - GENERATOR: _generate_keyboard_mnemonic: []
09:50:03.096098 - SPEECH GENERATOR: _generate_keyboard_mnemonic: []
09:50:03.096147 - GSETTINGS SCHEMA HANDLE: speech/insert-pauses-between-utterances not set [app:accessibility_probe, profile:default]
09:50:03.096161 - GSETTINGS REGISTRY: speech/insert-pauses-between-utterances using default value = True
09:50:03.096197 - GSETTINGS SCHEMA HANDLE: speech/punctuation-level not set [app:accessibility_probe, profile:default]
09:50:03.096209 - GSETTINGS REGISTRY: speech/punctuation-level using default value = 'most'
09:50:03.096243 - SPEECH GENERATOR: _generate_position_in_list: []
09:50:03.096304 - GENERATOR: _generate_state_current: []
09:50:03.096333 - SPEECH GENERATOR: _generate_state_current: []
09:50:03.096364 - SPEECH GENERATOR: _generate_has_click_action: []
09:50:03.096393 - SPEECH GENERATOR: _generate_has_details: []
09:50:03.096421 - SPEECH GENERATOR: _generate_details_for: []
09:50:03.096863 - AXUtilitiesRelation: [page tab: 'Settings' (0x7132c65ffd40)]  is described by: []
09:50:03.096899 - GENERATOR: _generate_accessible_description: []
09:50:03.096933 - SPEECH GENERATOR: _generate_accessible_description: []
09:50:03.096997 - SPEECH GENERATOR: _generate_state_has_popup: []
09:50:03.099382 - SPEECH GENERATOR: _generate_tutorial: []
09:50:03.099564 - SPEECH GENERATOR: Results: [Settings, {'established': 'False', 'family': "{'dialect': '', 'lang': 'C', 'name': ''}"}, page tab, {'established': 'False', 'family': '{}'}, PAUSE, PAUSE]
09:50:03.099730 - SPEECH: Speak [Settings, {'established': 'False', 'family': "{'dialect': '', 'lang': 'C', 'name': ''}"}, page tab, {'established': 'False', 'family': '{}'}, PAUSE, PAUSE], acss: None
09:50:03.099851 - SPEECH: New voice {'established': 'False'}  != active voice {'established': 'False', 'family': "{'dialect': '', 'lang': 'C', 'name': ''}"}
09:50:03.099881 - SPEECH OUTPUT: 'Settings' {'established': False, 'family': {'name': '', 'gender': None, 'lang': 'C', 'dialect': '', 'variant': None}}
09:50:03.099895 - SPEECH DISPATCHER: Speaking 'Settings' as string
09:50:03.100239 - SPEECH DISPATCHER: Speaking '<speak><mark name="0:8"/>Settings</speak>' 
                  ORCA rate 50.0, pitch 5.0, volume 10.0, language C, punctuation: MOST
                  SD rate 2, pitch 10, volume 100, language c
09:50:03.100359 - SPEECH OUTPUT: 'page tab.' {'established': False}
09:50:03.100384 - SPEECH DISPATCHER: Speaking 'page tab.' as string
09:50:03.100720 - SPEECH DISPATCHER: Speaking '<speak><mark name="0:4"/>page <mark name="5:9"/>tab.</speak>' 
                  ORCA rate 50.0, pitch 5.0, volume 10.0, language C, punctuation: MOST
                  SD rate 2, pitch 10, volume 100, language c
09:50:03.115285 - GSETTINGS SCHEMA HANDLE: braille/enabled not set [app:accessibility_probe, profile:default]
09:50:03.115333 - GSETTINGS REGISTRY: braille/enabled using default value = True
09:50:03.115397 - FOCUS MANAGER: Active mode: focus-tracking Object of interest: [page tab: 'Settings' (0x7132c65ffd40)] 
09:50:03.115416 - GSETTINGS SCHEMA HANDLE: braille/enabled not set [app:accessibility_probe, profile:default]
09:50:03.115421 - GSETTINGS REGISTRY: braille/enabled using default value = True
09:50:03.115441 - GSETTINGS SCHEMA HANDLE: braille/verbosity-level not set [app:accessibility_probe, profile:default]
09:50:03.115446 - GSETTINGS REGISTRY: braille/verbosity-level using default value = 'verbose'
09:50:03.115461 - FOCUS MANAGER: Locus of focus is [page tab: 'Settings' (0x7132c65ffd40)] 
09:50:03.115479 - SCRIPT MANAGER: Active script is: accessibility_probe (module=orca.scripts.default)
09:50:03.115495 - GSETTINGS SCHEMA HANDLE: braille/rolename-style not set [app:accessibility_probe, profile:default]
09:50:03.115499 - GSETTINGS REGISTRY: braille/rolename-style using default value = 'verbose'
09:50:03.115511 - GSETTINGS SCHEMA HANDLE: braille/display-ancestors not set [app:accessibility_probe, profile:default]
09:50:03.115514 - GSETTINGS REGISTRY: braille/display-ancestors using default value = True
09:50:03.115526 - GSETTINGS SCHEMA HANDLE: braille/end-of-line-indicator not set [app:accessibility_probe, profile:default]
09:50:03.115529 - GSETTINGS REGISTRY: braille/end-of-line-indicator using default value = True
09:50:03.115539 - GSETTINGS SCHEMA HANDLE: braille/present-mnemonics not set [app:accessibility_probe, profile:default]
09:50:03.115542 - GSETTINGS REGISTRY: braille/present-mnemonics using default value = True
09:50:03.118789 - GENERATOR: _get_functional_role: page-tab
09:50:03.118951 - BRAILLE GENERATOR: braille_generator.BrailleGenerator._generate_page_tab for [page tab: 'Settings' (0x7132c65ffd40)]  args: {'formatType': 'focused', 'priorObj': "[terminal: 'Terminal' (0x7132c5d3c840)] ", 'role': 'page-tab'}
09:50:03.120335 - AXUtilitiesRelation: [panel: 'Project sections' (0x7132c5d2ba40)]  is labelled by: []
09:50:03.120383 - AXUtilitiesRelation: [panel: 'Project sections' (0x7132c5d2ba40)]  is described by: []
09:50:03.123262 - GENERATOR: _get_functional_role: panel
09:50:03.123398 - BRAILLE GENERATOR: braille_generator.BrailleGenerator._generate_panel for [panel: 'Project sections' (0x7132c5d2ba40)]  args: {'formatType': 'ancestor', 'includeContext': 'False', 'priorObj': "[terminal: 'Terminal' (0x7132c5d3c840)] ", 'role': 'panel'}
09:50:03.123469 - GENERATOR: _generate_text_substring: []
09:50:03.123574 - AXUtilitiesRelation: [panel: 'Project sections' (0x7132c5d2ba40)]  is labelled by: []
09:50:03.123608 - GENERATOR: _generate_accessible_label: []
09:50:03.123651 - GENERATOR: _generate_accessible_name: [Project sections]
09:50:03.123693 - GENERATOR: _generate_accessible_label_and_name: [Project sections]
09:50:03.125330 - BRAILLE GENERATOR: _generate_accessible_role: [panel]
09:50:03.125373 - BRAILLE: Not contracting 'Project sections panel' because contracted braille is not enabled.
09:50:03.125456 - AXUtilitiesRelation: [panel: 'Project sections' (0x7132c5d2ba40)]  is described by: []
09:50:03.125492 - GENERATOR: _generate_accessible_description: []
09:50:03.125546 - GENERATOR: _generate_state_current: []
09:50:03.125590 - BRAILLE GENERATOR: Results: [COMPONENT: 'Project sections panel', cursor offset:0]
09:50:03.127855 - GENERATOR: _get_functional_role: frame
09:50:03.128000 - BRAILLE GENERATOR: braille_generator.BrailleGenerator._generate_frame for [frame: 'Reactive TUI App accessibility round 1' (0x7132c5d03000)]  args: {'formatType': 'ancestor', 'includeContext': 'False', 'priorObj': "[terminal: 'Terminal' (0x7132c5d3c840)] ", 'role': 'frame'}
09:50:03.128081 - AXUtilitiesRelation: [frame: 'Reactive TUI App accessibility round 1' (0x7132c5d03000)]  is labelled by: []
09:50:03.128114 - GENERATOR: _generate_accessible_label: []
09:50:03.128157 - GENERATOR: _generate_accessible_name: [Reactive TUI App accessibility round 1]
09:50:03.128197 - GENERATOR: _generate_accessible_label_and_name: [Reactive TUI App accessibility round 1]
09:50:03.129647 - BRAILLE GENERATOR: _generate_accessible_role: [frame]
09:50:03.129833 - AXUtilities: Unfocused alerts and dialogs for [frame: 'Reactive TUI App accessibility round 1' (0x7132c5d03000)] : []
09:50:03.129869 - BRAILLE GENERATOR: _generate_alert_and_dialog_count: []
09:50:03.129885 - BRAILLE: Not contracting 'Reactive TUI App accessibility round 1 frame' because contracted braille is not enabled.
09:50:03.129930 - GENERATOR: _generate_accessible_description: []
09:50:03.130181 - GENERATOR: _generate_state_current: []
09:50:03.130228 - BRAILLE GENERATOR: Results: [COMPONENT: 'Reactive TUI App accessibility round 1 frame', cursor offset:0]
09:50:03.131913 - GENERATOR: _get_functional_role: application
09:50:03.131972 - BRAILLE GENERATOR: [application: 'accessibility_probe' (0x7132c77adac0)]  lacks dedicated generator
09:50:03.132098 - BRAILLE GENERATOR: braille_generator.BrailleGenerator._generate_default_presentation for [application: 'accessibility_probe' (0x7132c77adac0)]  args: {'formatType': 'ancestor', 'includeContext': 'False', 'priorObj': "[terminal: 'Terminal' (0x7132c5d3c840)] ", 'role': 'application'}
09:50:03.132197 - AXUtilitiesRelation: [application: 'accessibility_probe' (0x7132c77adac0)]  is labelled by: []
09:50:03.132228 - GENERATOR: _generate_accessible_label: []
09:50:03.132272 - GENERATOR: _generate_accessible_name: [accessibility_probe]
09:50:03.132314 - GENERATOR: _generate_accessible_label_and_name: [accessibility_probe]
09:50:03.133506 - BRAILLE GENERATOR: _generate_accessible_role: [application]
09:50:03.133539 - BRAILLE: Not contracting 'accessibility_probe application' because contracted braille is not enabled.
09:50:03.133580 - BRAILLE GENERATOR: Results: [COMPONENT: 'accessibility_probe application', cursor offset:0]
09:50:03.133666 - BRAILLE GENERATOR: _generate_ancestors: [COMPONENT: 'accessibility_probe application', cursor offset:0, REGION: ' ', cursor offset:0, COMPONENT: 'Reactive TUI App accessibility round 1 frame', cursor offset:0, REGION: ' ', cursor offset:0, COMPONENT: 'Project sections panel', cursor offset:0]
09:50:03.133735 - AXUtilitiesRelation: [page tab: 'Settings' (0x7132c65ffd40)]  is labelled by: []
09:50:03.133767 - GENERATOR: _generate_accessible_label: []
09:50:03.133810 - GENERATOR: _generate_accessible_name: [Settings]
09:50:03.133860 - GENERATOR: _generate_accessible_label_and_name: [Settings]
09:50:03.135156 - BRAILLE GENERATOR: _generate_accessible_role: [page tab]
09:50:03.135920 - GENERATOR: _generate_keyboard_mnemonic: []
09:50:03.136632 - BRAILLE: Not contracting 'Settings page tab' because contracted braille is not enabled.
09:50:03.136700 - GENERATOR: _generate_accessible_description: []
09:50:03.136759 - GENERATOR: _generate_state_current: []
09:50:03.136845 - BRAILLE GENERATOR: Results: [COMPONENT: 'accessibility_probe application', cursor offset:0, REGION: ' ', cursor offset:0, COMPONENT: 'Reactive TUI App accessibility round 1 frame', cursor offset:0, REGION: ' ', cursor offset:0, COMPONENT: 'Project sections panel', cursor offset:0, REGION: ' ', cursor offset:0, COMPONENT: 'Settings page tab', cursor offset:0]
09:50:03.136939 - BRAILLE: Refresh. Pan: True target: 0
09:50:03.136955 - BRAILLE: Kill flash message braille.display_line:1618 > braille.refresh:2097 > braille._prepare_refresh:1856 > braille.kill_flash:2182
09:50:03.137846 - GSETTINGS SCHEMA HANDLE: braille/enabled not set [app:accessibility_probe, profile:default]
09:50:03.137876 - GSETTINGS REGISTRY: braille/enabled using default value = True
09:50:03.137915 - BRAILLE: Last text object: [terminal: 'Terminal' (0x7132c5d3c840)]  (Caret: 135, Line: 101, Cell: 2)
09:50:03.137942 - BRAILLE: Current text object: None (Caret: 0, Line: 0). On same line: False
09:50:03.137952 - BRAILLE: Line 0: 'accessibility_probe application Reactive TUI App accessibility round 1 frame Project sections panel Settings page tab' focusOffset: 100 [[0, 32], [32, 63], [63, 94], [94, 100], [100, 117]]
09:50:03.137957 - BRAILLE: Cursor offset in line string is: 100
09:50:03.137963 - BRAILLE: Adjusting offset to 100 (unhandled condition)
09:50:03.137967 - BRAILLE: Current range: (100, 132). Target cell: 0
09:50:03.137974 - BRAILLE LINE:  'accessibility_probe application Reactive TUI App accessibility round 1 frame Project sections panel Settings page tab'
09:50:03.137987 -      VISIBLE:  'Settings page tab', cursor=1
09:50:03.138001 - BRAILLE: Enabling braille. BrlAPI running: False
09:50:03.138005 - BRAILLE: Need to initialize first.
09:50:03.138031 - BRAILLE: Initializing. Callback: input_event_manager.InputEventManager.process_braille_event
09:50:03.138038 - BRAILLE: BrlAPI connection already in progress.
09:50:03.139504 - AXTable: Setting last cell coordinates to row=-1, column=-1
09:50:03.139569 - FOCUS MANAGER: Setting last cursor position to [page tab: 'Settings' (0x7132c65ffd40)]  -1
09:50:03.139646 - FOCUS MANAGER: Active window is [frame: 'Reactive TUI App accessibility round 1' (0x7132c5d03000)]  focus_manager.set_locus_of_focus:327 > focus_manager._save_object_details:254 > ax_utilities_event.save_object_info_for_events:195 > focus_manager.get_active_window:342
TOTAL PROCESSING TIME: 0.0989
^^^^^ FINISHED PRIORITY-3 OBJECT EVENT OBJECT:STATE-CHANGED:FOCUSED ^^^^^

09:50:03.140712 - EVENT MANAGER: Dequeueing object:property-change:accessible-name for [frame: 'Terminal' (0x7132c6658d00)]  in org.gnome.Terminal (gtk 3.24.52) (0, 0, Terminal)
09:50:03.140813 - EVENT MANAGER: Dequeued object:property-change:accessible-name for [frame: 'Terminal' (0x7132c6658d00)]  in org.gnome.Terminal (gtk 3.24.52) (0, 0, Terminal) priority: 4, counter: 4

vvvvv START PRIORITY-4 OBJECT EVENT OBJECT:PROPERTY-CHANGE:ACCESSIBLE-NAME (queue size: 33) vvvvv
09:50:03.142086 - CLIPBOARD PRESENTER: Possible change event object:text-changed:delete for [terminal: 'Terminal' (0x7132c5d3c840)]  in org.gnome.Terminal (gtk 3.24.52) (35, 67, ▶Settings ✕                                                      \n)

09:50:03.142257 - EVENT MANAGER: object:text-changed:delete for [terminal: 'Terminal' (0x7132c5d3c840)]  in org.gnome.Terminal (gtk 3.24.52) (35, 67, ▶Settings ✕                                                      \n)
09:50:03.142302 - FOCUS MANAGER: Locus of focus is [page tab: 'Settings' (0x7132c65ffd40)] 
09:50:03.142451 - EVENT_MANAGER: Not ignoring object:text-changed:delete due to source being focused
09:50:03.142544 - EVENT MANAGER: Queueing object:text-changed:delete for [terminal: 'Terminal' (0x7132c5d3c840)]  in org.gnome.Terminal (gtk 3.24.52) (35, 67, ▶Settings ✕                                                      \n)
09:50:03.142588 - EVENT MANAGER: App for event source is [application: 'org.gnome.Terminal' (0x7132c7790700)] 
09:50:03.142635 - SCRIPT MANAGER: Getting script for [application: 'org.gnome.Terminal' (0x7132c7790700)]  [terminal: 'Terminal' (0x7132c5d3c840)] 
09:50:03.142691 - SCRIPT MANAGER: Script is custom script org.gnome.Terminal (module=orca.scripts.terminal.script)
09:50:03.142788 - EVENT MANAGER: object:text-changed:delete for [terminal: 'Terminal' (0x7132c5d3c840)]  in org.gnome.Terminal (gtk 3.24.52) (35, 67, ▶Settings ✕                                                      \n) has priority level: 4
09:50:03.142883 - EVENT MANAGER: Queued object:text-changed:delete for [terminal: 'Terminal' (0x7132c5d3c840)]  in org.gnome.Terminal (gtk 3.24.52) (35, 67, ▶Settings ✕                                                      \n) priority: 4, counter: 59
09:50:03.142983 - CLIPBOARD PRESENTER: Possible change event object:text-changed:insert for [terminal: 'Terminal' (0x7132c5d3c840)]  in org.gnome.Terminal (gtk 3.24.52) (35, 67,  Settings ✕                                                      \n▶)

09:50:03.143109 - EVENT MANAGER: object:text-changed:insert for [terminal: 'Terminal' (0x7132c5d3c840)]  in org.gnome.Terminal (gtk 3.24.52) (35, 67,  Settings ✕                                                      \n▶)
09:50:03.143146 - FOCUS MANAGER: Locus of focus is [page tab: 'Settings' (0x7132c65ffd40)] 
09:50:03.143280 - EVENT_MANAGER: Not ignoring object:text-changed:insert due to source being focused
09:50:03.143360 - EVENT MANAGER: Queueing object:text-changed:insert for [terminal: 'Terminal' (0x7132c5d3c840)]  in org.gnome.Terminal (gtk 3.24.52) (35, 67,  Settings ✕                                                      \n▶)
09:50:03.143402 - EVENT MANAGER: App for event source is [application: 'org.gnome.Terminal' (0x7132c7790700)] 
09:50:03.143445 - SCRIPT MANAGER: Getting script for [application: 'org.gnome.Terminal' (0x7132c7790700)]  [terminal: 'Terminal' (0x7132c5d3c840)] 
09:50:03.143489 - SCRIPT MANAGER: Script is custom script org.gnome.Terminal (module=orca.scripts.terminal.script)
09:50:03.143581 - EVENT MANAGER: object:text-changed:insert for [terminal: 'Terminal' (0x7132c5d3c840)]  in org.gnome.Terminal (gtk 3.24.52) (35, 67,  Settings ✕                                                      \n▶) has priority level: 4
09:50:03.143670 - EVENT MANAGER: Queued object:text-changed:insert for [terminal: 'Terminal' (0x7132c5d3c840)]  in org.gnome.Terminal (gtk 3.24.52) (35, 67,  Settings ✕                                                      \n▶) priority: 4, counter: 60

09:50:03.143763 - EVENT MANAGER: object:text-caret-moved for [terminal: 'Terminal' (0x7132c5d3c840)]  in org.gnome.Terminal (gtk 3.24.52) (105, 0, 0)
09:50:03.143798 - FOCUS MANAGER: Locus of focus is [page tab: 'Settings' (0x7132c65ffd40)] 
09:50:03.143933 - EVENT_MANAGER: Not ignoring object:text-caret-moved due to source being focused
09:50:03.144017 - EVENT MANAGER: Queueing object:text-caret-moved for [terminal: 'Terminal' (0x7132c5d3c840)]  in org.gnome.Terminal (gtk 3.24.52) (105, 0, 0)
09:50:03.144060 - EVENT MANAGER: App for event source is [application: 'org.gnome.Terminal' (0x7132c7790700)] 
09:50:03.144104 - SCRIPT MANAGER: Getting script for [application: 'org.gnome.Terminal' (0x7132c7790700)]  [terminal: 'Terminal' (0x7132c5d3c840)] 
09:50:03.144147 - SCRIPT MANAGER: Script is custom script org.gnome.Terminal (module=orca.scripts.terminal.script)
09:50:03.144237 - EVENT MANAGER: object:text-caret-moved for [terminal: 'Terminal' (0x7132c5d3c840)]  in org.gnome.Terminal (gtk 3.24.52) (105, 0, 0) has priority level: 4
09:50:03.144323 - EVENT MANAGER: Queued object:text-caret-moved for [terminal: 'Terminal' (0x7132c5d3c840)]  in org.gnome.Terminal (gtk 3.24.52) (105, 0, 0) priority: 4, counter: 61

09:50:03.144892 - EVENT MANAGER: object:property-change:accessible-name for [label: ' Settings' (0x7132c66274c0)]  in accessibility_probe (AccessKit) (0, 0,  Settings)
09:50:03.144941 - FOCUS MANAGER: Locus of focus is [page tab: 'Settings' (0x7132c65ffd40)] 
09:50:03.145467 - EVENT MANAGER: Queueing object:property-change:accessible-name for [label: ' Settings' (0x7132c66274c0)]  in accessibility_probe (AccessKit) (0, 0,  Settings)
09:50:03.145516 - EVENT MANAGER: App for event source is [application: 'accessibility_probe' (0x7132c77adac0)] 
09:50:03.145563 - SCRIPT MANAGER: Getting script for [application: 'accessibility_probe' (0x7132c77adac0)]  [label: ' Settings' (0x7132c5d47200)] 
09:50:03.145769 - SCRIPT MANAGER: Script is app script accessibility_probe (module=orca.scripts.default)
09:50:03.145870 - EVENT MANAGER: object:property-change:accessible-name for [label: ' Settings' (0x7132c5d47680)]  in accessibility_probe (AccessKit) (0, 0,  Settings) has priority level: 4
09:50:03.145962 - EVENT MANAGER: Queued object:property-change:accessible-name for [label: ' Settings' (0x7132c6627200)]  in accessibility_probe (AccessKit) (0, 0,  Settings) priority: 4, counter: 62

09:50:03.146958 - EVENT MANAGER: object:state-changed:focused for [entry: 'Project setting' (0x7132c5d47740)]  in accessibility_probe (AccessKit) (1, 0, 0)
09:50:03.147019 - FOCUS MANAGER: Locus of focus is [page tab: 'Settings' (0x7132c65ffd40)] 
09:50:03.147794 - EVENT_MANAGER: Not ignoring object:state-changed:focused due to source being focused
09:50:03.147921 - EVENT MANAGER: Queueing object:state-changed:focused for [entry: 'Project setting' (0x7132c5d47240)]  in accessibility_probe (AccessKit) (1, 0, 0)
09:50:03.147970 - EVENT MANAGER: App for event source is [application: 'accessibility_probe' (0x7132c77adac0)] 
09:50:03.148128 - SCRIPT MANAGER: Getting script for [application: 'accessibility_probe' (0x7132c77adac0)]  [entry: 'Project setting' (0x7132c6627740)] 
09:50:03.148501 - SCRIPT MANAGER: Script is app script accessibility_probe (module=orca.scripts.default)
09:50:03.148618 - EVENT MANAGER: object:state-changed:focused for [entry: 'Project setting' (0x7132c5d47780)]  in accessibility_probe (AccessKit) (1, 0, 0) has priority level: 3
09:50:03.148715 - EVENT MANAGER: Queued object:state-changed:focused for [entry: 'Project setting' (0x7132c5d47840)]  in accessibility_probe (AccessKit) (1, 0, 0) priority: 3, counter: 63

09:50:03.148818 - EVENT MANAGER: object:text-caret-moved for [entry: 'Project setting' (0x7132c5d47700)]  in accessibility_probe (AccessKit) (0, 0, 0)
09:50:03.148856 - FOCUS MANAGER: Locus of focus is [page tab: 'Settings' (0x7132c65ffd40)] 
09:50:03.149018 - EVENT_MANAGER: Not ignoring object:text-caret-moved due to source being focused
09:50:03.149107 - EVENT MANAGER: Queueing object:text-caret-moved for [entry: 'Project setting' (0x7132c65ff940)]  in accessibility_probe (AccessKit) (0, 0, 0)
09:50:03.149149 - EVENT MANAGER: App for event source is [application: 'accessibility_probe' (0x7132c77adac0)] 
09:50:03.149194 - SCRIPT MANAGER: Getting script for [application: 'accessibility_probe' (0x7132c77adac0)]  [entry: 'Project setting' (0x7132c77a7900)] 
09:50:03.149601 - SCRIPT MANAGER: Script is app script accessibility_probe (module=orca.scripts.default)
09:50:03.149705 - EVENT MANAGER: object:text-caret-moved for [entry: 'Project setting' (0x7132c5d47a00)]  in accessibility_probe (AccessKit) (0, 0, 0) has priority level: 4
09:50:03.149797 - EVENT MANAGER: Queued object:text-caret-moved for [entry: 'Project setting' (0x7132c5d47940)]  in accessibility_probe (AccessKit) (0, 0, 0) priority: 4, counter: 64

09:50:03.149894 - EVENT MANAGER: object:state-changed:focused for [page tab: 'Settings' (0x7132c65ffd40)]  in accessibility_probe (AccessKit) (0, 0, 0)
09:50:03.149931 - FOCUS MANAGER: Locus of focus is [page tab: 'Settings' (0x7132c65ffd40)] 
09:50:03.150035 - EVENT_MANAGER: Not ignoring object:state-changed:focused due to source being locus of focus
09:50:03.150119 - EVENT MANAGER: Queueing object:state-changed:focused for [page tab: 'Settings' (0x7132c65ffd40)]  in accessibility_probe (AccessKit) (0, 0, 0)
09:50:03.150166 - EVENT MANAGER: App for event source is [application: 'accessibility_probe' (0x7132c77adac0)] 
09:50:03.150210 - SCRIPT MANAGER: Getting script for [application: 'accessibility_probe' (0x7132c77adac0)]  [page tab: 'Settings' (0x7132c65ffd40)] 
09:50:03.150652 - SCRIPT MANAGER: Script is app script accessibility_probe (module=orca.scripts.default)
09:50:03.150751 - EVENT MANAGER: object:state-changed:focused for [page tab: 'Settings' (0x7132c65ffd40)]  in accessibility_probe (AccessKit) (0, 0, 0) has priority level: 3
09:50:03.150840 - EVENT MANAGER: Queued object:state-changed:focused for [page tab: 'Settings' (0x7132c65ffd40)]  in accessibility_probe (AccessKit) (0, 0, 0) priority: 3, counter: 65
09:50:03.151239 - EVENT SOURCE:
                  app='org.gnome.Terminal (gtk 3.24.52)' name='Terminal' role='frame' axid='' id=0x7132c6658d00
                  description=''
                  help=''
                  locale='C.UTF-8'
                  states='active, enabled, resizable, sensitive, showing, visible'
                  relations=''
                  actions=''
                  interfaces='Collection, Component'
                  attributes='toolkit:gtk, window-type:normal'
                  text=''
                  path=[-1, 0]
                  
09:50:03.151281 - SCRIPT MANAGER: Active script is: accessibility_probe (module=orca.scripts.default)
09:50:03.151323 - FOCUS MANAGER: Locus of focus is [page tab: 'Settings' (0x7132c65ffd40)] 
09:50:03.151392 - EVENT MANAGER: Getting script for event for [application: 'org.gnome.Terminal' (0x7132c7790700)]  [frame: 'Terminal' (0x7132c6658d00)] 
09:50:03.151438 - SCRIPT MANAGER: Getting script for [application: 'org.gnome.Terminal' (0x7132c7790700)]  [frame: 'Terminal' (0x7132c6658d00)] 
09:50:03.151492 - SCRIPT MANAGER: Script is app script org.gnome.Terminal (module=orca.scripts.toolkits.gtk.script)
09:50:03.151523 - EVENT MANAGER: Script for event is org.gnome.Terminal (module=orca.scripts.toolkits.gtk.script)
09:50:03.153107 - EVENT MANAGER: Change active script: False (No reason found to activate a different script.)
09:50:03.153162 - EVENT MANAGER: Processing object:property-change:accessible-name: script handles events when inactive
09:50:03.153225 - AXUtilitiesEvent: The new name matches the old name.
TOTAL PROCESSING TIME: 0.0124
^^^^^ FINISHED PRIORITY-4 OBJECT EVENT OBJECT:PROPERTY-CHANGE:ACCESSIBLE-NAME ^^^^^

09:50:03.153286 - WARNING: Braille initialization failed: BrlAPI connection unavailable.
09:50:03.153314 - BRAILLE: Scheduling BrlAPI retry in 2000 ms.
09:50:03.153480 - EVENT MANAGER: Dequeueing object:state-changed:focused for [entry: 'Project setting' (0x7132c5d45340)]  in accessibility_probe (AccessKit) (1, 0, 0)
09:50:03.153577 - EVENT MANAGER: Dequeued object:state-changed:focused for [entry: 'Project setting' (0x7132e0155340)]  in accessibility_probe (AccessKit) (1, 0, 0) priority: 3, counter: 63

vvvvv START PRIORITY-3 OBJECT EVENT OBJECT:STATE-CHANGED:FOCUSED (queue size: 39) vvvvv
09:50:03.159880 - EVENT SOURCE:
                  app='accessibility_probe (AccessKit )' name='Project setting' role='entry' axid='' id=0x7132c6642100
                  description=''
                  help=''
                  locale=''
                  states='editable, enabled, focusable, focused, sensitive, showing, single-line, visible, selectable-text'
                  relations=''
                  actions=''
                  interfaces='Component, EditableText, Text'
                  attributes=''
                  text='seed'
                  path=[-1, 0, 0, 1, 0]
                  
09:50:03.159955 - SCRIPT MANAGER: Active script is: accessibility_probe (module=orca.scripts.default)
09:50:03.160016 - FOCUS MANAGER: Locus of focus is [page tab: 'Settings' (0x7132c65ffd40)] 
09:50:03.160102 - EVENT MANAGER: Getting script for event for [application: 'accessibility_probe' (0x7132c77adac0)]  [entry: 'Project setting' (0x7132c6642100)] 
09:50:03.160161 - SCRIPT MANAGER: Getting script for [application: 'accessibility_probe' (0x7132c77adac0)]  [entry: 'Project setting' (0x7132c6642100)] 
09:50:03.160538 - SCRIPT MANAGER: Script is app script accessibility_probe (module=orca.scripts.default)
09:50:03.160578 - EVENT MANAGER: Script for event is accessibility_probe (module=orca.scripts.default)
09:50:03.160597 - EVENT MANAGER: Processing object:state-changed:focused: script for event is active
09:50:03.162726 - SCRIPT UTILITIES: [frame: 'Reactive TUI App accessibility round 1' (0x7132c5d03000)]  is top-level object for: [entry: 'Project setting' (0x7132c6642100)] 
09:50:03.164819 - SCRIPT UTILITIES: [entry: 'Project setting' (0x7132c6642100)]  is in frame [frame: 'Reactive TUI App accessibility round 1' (0x7132c5d03000)]  and dialog None
09:50:03.164882 - AXObject: Clearing AT-SPI cache on [frame: 'Reactive TUI App accessibility round 1' (0x7132c5d03000)]  Recursive: False.  Reason: Checking if window can be the active window
09:50:03.167795 - AXUtilities: [frame: 'Reactive TUI App accessibility round 1' (0x7132c5d03000)]  from [application: 'accessibility_probe' (0x7132c77adac0)]  can be active window
09:50:03.168383 - FOCUS MANAGER: Request to set locus of focus to [entry: 'Project setting' (0x7132c6642100)]  event_manager._dequeue_object_event:666 > event_manager._process_object_event:982 > default._on_focused_changed:1114 > focus_manager.set_locus_of_focus:271
09:50:03.169006 - AXObject: Clearing AT-SPI cache on [entry: 'Project setting' (0x7132c6642100)]  Recursive: False.  Reason: Setting locus of focus.
09:50:03.169054 - SCRIPT MANAGER: Active script is: accessibility_probe (module=orca.scripts.default)
09:50:03.170606 - FOCUS MANAGER: Changing locus of focus from [page tab: 'Settings' (0x7132c65ffd40)]  to [entry: 'Project setting' (0x7132c6642100)] . Notify: True
09:50:03.171445 - FOCUS MANAGER: Region of interest: [entry: 'Project setting' (0x7132c6642100)]  (0, 0)
09:50:03.172147 - FOCUS MANAGER: Switching object of interest from [page tab: 'Settings' (0x7132c65ffd40)]  to [entry: 'Project setting' (0x7132c6642100)] 
09:50:03.178225 - DOCUMENT PRESENTER: Updating mode for focus change. Old focus: [page tab: 'Settings' (0x7132c65ffd40)]  old doc: None New focus: [entry: 'Project setting' (0x7132c6642100)]  new doc: None
09:50:03.178285 - SCRIPT MANAGER: Active script is: accessibility_probe (module=orca.scripts.default)
09:50:03.178302 - CARET NAVIGATOR: Commands suspended: False: locus of focus no longer in document
09:50:03.178387 - GSETTINGS SCHEMA HANDLE: keybindings/keyboard-layout not set [app:accessibility_probe, profile:default]
09:50:03.178404 - GSETTINGS REGISTRY: keybindings/keyboard-layout using default value = 'desktop'
09:50:03.178441 - GSETTINGS SCHEMA HANDLE: keybindings/desktop-modifier-keys not set [app:accessibility_probe, profile:default]
09:50:03.178457 - GSETTINGS REGISTRY: keybindings/desktop-modifier-keys using default value = ['Insert', 'KP_Insert']
09:50:03.178516 - SCRIPT MANAGER: Active script is: accessibility_probe (module=orca.scripts.default)
09:50:03.178529 - STRUCTURAL NAVIGATOR: Suspended: False: locus of focus no longer in document
09:50:03.178567 - GSETTINGS SCHEMA HANDLE: keybindings/keyboard-layout not set [app:accessibility_probe, profile:default]
09:50:03.178580 - GSETTINGS REGISTRY: keybindings/keyboard-layout using default value = 'desktop'
09:50:03.178611 - GSETTINGS SCHEMA HANDLE: keybindings/desktop-modifier-keys not set [app:accessibility_probe, profile:default]
09:50:03.178624 - GSETTINGS REGISTRY: keybindings/desktop-modifier-keys using default value = ['Insert', 'KP_Insert']
09:50:03.178690 - STRUCTURAL NAVIGATOR: Setting mode for accessibility_probe (module=orca.scripts.default) to NavigationMode.OFF
09:50:03.178721 - SCRIPT MANAGER: Active script is: accessibility_probe (module=orca.scripts.default)
09:50:03.178757 - GSETTINGS SCHEMA HANDLE: keybindings/keyboard-layout not set [app:accessibility_probe, profile:default]
09:50:03.178770 - GSETTINGS REGISTRY: keybindings/keyboard-layout using default value = 'desktop'
09:50:03.178809 - GSETTINGS SCHEMA HANDLE: keybindings/desktop-modifier-keys not set [app:accessibility_probe, profile:default]
09:50:03.178822 - GSETTINGS REGISTRY: keybindings/desktop-modifier-keys using default value = ['Insert', 'KP_Insert']
09:50:03.178881 - CARET NAVIGATOR: Setting enabled state for accessibility_probe (module=orca.scripts.default) to False
09:50:03.178910 - SCRIPT MANAGER: Active script is: accessibility_probe (module=orca.scripts.default)
09:50:03.178945 - GSETTINGS SCHEMA HANDLE: keybindings/keyboard-layout not set [app:accessibility_probe, profile:default]
09:50:03.178957 - GSETTINGS REGISTRY: keybindings/keyboard-layout using default value = 'desktop'
09:50:03.179073 - GSETTINGS SCHEMA HANDLE: keybindings/desktop-modifier-keys not set [app:accessibility_probe, profile:default]
09:50:03.179100 - GSETTINGS REGISTRY: keybindings/desktop-modifier-keys using default value = ['Insert', 'KP_Insert']
09:50:03.181472 - SCRIPT UTILITIES: [frame: 'Reactive TUI App accessibility round 1' (0x7132c5d03000)]  is top-level object for: [entry: 'Project setting' (0x7132c6642100)] 
09:50:03.181523 - FOCUS MANAGER: Request to set active window to [frame: 'Reactive TUI App accessibility round 1' (0x7132c5d03000)] 
09:50:03.181539 - FOCUS MANAGER: Setting active window to existing active window
09:50:03.183620 - SCRIPT MANAGER: Getting script for [application: 'accessibility_probe' (0x7132c77adac0)]  [entry: 'Project setting' (0x7132c6642100)] 
09:50:03.184155 - SCRIPT MANAGER: Script is app script accessibility_probe (module=orca.scripts.default)
09:50:03.187183 - AXUtilitiesRelation: [page tab: 'Settings' (0x7132c65ffd40)]  is controlled by [entry: 'Project setting' (0x7132c6642100)] : False
09:50:03.187290 - AXUtilitiesRelation: [entry: 'Project setting' (0x7132c6642100)]  is controlled by [page tab: 'Settings' (0x7132c65ffd40)] : False
09:50:03.187307 - PRESENTATION MANAGER: Interrupting presentation
09:50:03.187365 - SPEECH MANAGER: interrupt_speech. Script: None Event: None notify_user: False
09:50:03.187685 - SPEECH MANAGER: Speech server is <orca.speechdispatcherfactory.SpeechServer object at 0x7132c76d96a0>
09:50:03.187842 - BRAILLE: Kill flash message presentation_manager.interrupt_if_needed_for_focus_change:100 > presentation_manager.interrupt_presentation:88 > braille_presenter.kill_flash:1829 > braille.kill_flash:2182
09:50:03.188633 - FOCUS MANAGER: Active mode: focus-tracking Object of interest: [entry: 'Project setting' (0x7132c6642100)] 
09:50:03.188728 - GSETTINGS SCHEMA HANDLE: speech/enable not set [app:accessibility_probe, profile:default]
09:50:03.188746 - GSETTINGS REGISTRY: speech/enable using default value = True
09:50:03.188788 - GSETTINGS SCHEMA HANDLE: speech/verbosity-level not set [app:accessibility_probe, profile:default]
09:50:03.188803 - GSETTINGS REGISTRY: speech/verbosity-level using default value = 'verbose'
09:50:03.188839 - FOCUS MANAGER: Locus of focus is [entry: 'Project setting' (0x7132c6642100)] 
09:50:03.188873 - SCRIPT MANAGER: Active script is: accessibility_probe (module=orca.scripts.default)
09:50:03.188912 - GSETTINGS SCHEMA HANDLE: speech/only-speak-displayed-text not set [app:accessibility_probe, profile:default]
09:50:03.188925 - GSETTINGS REGISTRY: speech/only-speak-displayed-text using default value = False
09:50:03.188958 - GSETTINGS SCHEMA HANDLE: speech/speak-description not set [app:accessibility_probe, profile:default]
09:50:03.188970 - GSETTINGS REGISTRY: speech/speak-description using default value = True
09:50:03.189011 - GSETTINGS SCHEMA HANDLE: speech/speak-tutorial-messages not set [app:accessibility_probe, profile:default]
09:50:03.189024 - GSETTINGS REGISTRY: speech/speak-tutorial-messages using default value = True
09:50:03.189056 - GSETTINGS SCHEMA HANDLE: speech/speak-position-in-set not set [app:accessibility_probe, profile:default]
09:50:03.189068 - GSETTINGS REGISTRY: speech/speak-position-in-set using default value = False
09:50:03.189098 - GSETTINGS SCHEMA HANDLE: speech/speak-widget-mnemonic not set [app:accessibility_probe, profile:default]
09:50:03.189115 - GSETTINGS REGISTRY: speech/speak-widget-mnemonic using default value = True
09:50:03.189147 - GSETTINGS SCHEMA HANDLE: speech/speak-blank-lines not set [app:accessibility_probe, profile:default]
09:50:03.189159 - GSETTINGS REGISTRY: speech/speak-blank-lines using default value = True
09:50:03.189188 - GSETTINGS SCHEMA HANDLE: speech/speak-indentation-and-justification not set [app:accessibility_probe, profile:default]
09:50:03.189200 - GSETTINGS REGISTRY: speech/speak-indentation-and-justification using default value = False
09:50:03.189231 - GSETTINGS SCHEMA HANDLE: speech/announce-cell-headers not set [app:accessibility_probe, profile:default]
09:50:03.189242 - GSETTINGS REGISTRY: speech/announce-cell-headers using default value = True
09:50:03.189272 - GSETTINGS SCHEMA HANDLE: speech/announce-cell-coordinates not set [app:accessibility_probe, profile:default]
09:50:03.189283 - GSETTINGS REGISTRY: speech/announce-cell-coordinates using default value = True
09:50:03.189313 - GSETTINGS SCHEMA HANDLE: speech/announce-spreadsheet-cell-coordinates not set [app:accessibility_probe, profile:default]
09:50:03.189325 - GSETTINGS REGISTRY: speech/announce-spreadsheet-cell-coordinates using default value = True
09:50:03.189356 - GSETTINGS SCHEMA HANDLE: speech/announce-blockquote not set [app:accessibility_probe, profile:default]
09:50:03.189367 - GSETTINGS REGISTRY: speech/announce-blockquote using default value = True
09:50:03.189396 - GSETTINGS SCHEMA HANDLE: speech/announce-form not set [app:accessibility_probe, profile:default]
09:50:03.189407 - GSETTINGS REGISTRY: speech/announce-form using default value = True
09:50:03.189435 - GSETTINGS SCHEMA HANDLE: speech/announce-landmark not set [app:accessibility_probe, profile:default]
09:50:03.189446 - GSETTINGS REGISTRY: speech/announce-landmark using default value = True
09:50:03.189474 - GSETTINGS SCHEMA HANDLE: speech/announce-list not set [app:accessibility_probe, profile:default]
09:50:03.189485 - GSETTINGS REGISTRY: speech/announce-list using default value = True
09:50:03.189515 - GSETTINGS SCHEMA HANDLE: speech/announce-grouping not set [app:accessibility_probe, profile:default]
09:50:03.189527 - GSETTINGS REGISTRY: speech/announce-grouping using default value = True
09:50:03.189556 - GSETTINGS SCHEMA HANDLE: speech/announce-table not set [app:accessibility_probe, profile:default]
09:50:03.189567 - GSETTINGS REGISTRY: speech/announce-table using default value = True
09:50:03.192790 - GENERATOR: _get_functional_role: entry
09:50:03.192963 - SPEECH GENERATOR: speech_generator.SpeechGenerator._generate_entry for [entry: 'Project setting' (0x7132c6642100)]  args: {'formatType': 'unfocused', 'priorObj': "[page tab: 'Settings' (0x7132c65ffd40)] ", 'role': 'entry'}
09:50:03.199630 - SCRIPT UTILITIES: [frame: 'Reactive TUI App accessibility round 1' (0x7132c5d03000)]  is top-level object for: [entry: 'Project setting' (0x7132c6642100)] 
09:50:03.202220 - SCRIPT UTILITIES: [entry: 'Project setting' (0x7132c6642100)]  is in frame [frame: 'Reactive TUI App accessibility round 1' (0x7132c5d03000)]  and dialog None
09:50:03.202632 - SPEECH GENERATOR: _generate_old_ancestors: []
09:50:03.204347 - AXUtilitiesObject: Looking for common ancestor of [page tab: 'Settings' (0x7132c65ffd40)]  and [entry: 'Project setting' (0x7132c6642100)] 
09:50:03.207259 - AXUtilitiesObject: Common ancestor of [page tab: 'Settings' (0x7132c65ffd40)]  and [entry: 'Project setting' (0x7132c6642100)]  is [panel: 'Project sections' (0x7132c5d2ba40)] 
09:50:03.209012 - GENERATOR: _get_functional_role: panel
09:50:03.210859 - GENERATOR: _get_functional_role: scroll-pane
09:50:03.210946 - AXUtilities: [scroll pane: 'Settings panel' (0x7132c5d5d440)]  believed to be layout only: True, has layout-only role
09:50:03.213607 - GENERATOR: _get_functional_role: panel
09:50:03.213702 - SPEECH GENERATOR: _generate_new_ancestors: []
09:50:03.213790 - AXUtilitiesRelation: [entry: 'Project setting' (0x7132c6642100)]  is labelled by: []
09:50:03.213825 - GENERATOR: _generate_accessible_label: []
09:50:03.213862 - SPEECH GENERATOR: _generate_accessible_label: []
09:50:03.213910 - GENERATOR: _generate_accessible_name: [Project setting]
09:50:03.214027 - GSETTINGS SCHEMA HANDLE: voice/established not set [app:accessibility_probe, profile:default]
09:50:03.214075 - GSETTINGS SCHEMA HANDLE: voice/rate not set [app:accessibility_probe, profile:default]
09:50:03.214093 - GSETTINGS SCHEMA HANDLE: voice/pitch not set [app:accessibility_probe, profile:default]
09:50:03.214106 - GSETTINGS SCHEMA HANDLE: voice/volume not set [app:accessibility_probe, profile:default]
09:50:03.214121 - GSETTINGS SCHEMA HANDLE: voice/family-name not set [app:accessibility_probe, profile:default]
09:50:03.214132 - GSETTINGS SCHEMA HANDLE: voice/family-lang not set [app:accessibility_probe, profile:default]
09:50:03.214143 - GSETTINGS SCHEMA HANDLE: voice/family-dialect not set [app:accessibility_probe, profile:default]
09:50:03.214153 - GSETTINGS SCHEMA HANDLE: voice/family-gender not set [app:accessibility_probe, profile:default]
09:50:03.214163 - GSETTINGS SCHEMA HANDLE: voice/family-variant not set [app:accessibility_probe, profile:default]
09:50:03.214203 - SPEECH GENERATOR: default voice requested for [entry: 'Project setting' (0x7132c6642100)]  language='', dialect='' Unmodified voice={'established': False}
09:50:03.214231 - SPEECH GENERATOR: Reported locale of [entry: 'Project setting' (0x7132c6642100)]  is 
09:50:03.214250 - SPEECH GENERATOR: Updated to: 'C', ''
09:50:03.214276 - GSETTINGS SCHEMA HANDLE: speech/auto-language-switching not set [app:accessibility_probe, profile:default]
09:50:03.214281 - GSETTINGS REGISTRY: speech/auto-language-switching using default value = True
09:50:03.214290 - SPEECH DISPATCHER: Returning cached result for language='C' dialect='' variant='None'
09:50:03.214336 - SPEECH GENERATOR: Family updated to {'dialect': '', 'lang': 'C', 'name': ''}
09:50:03.214379 - SPEECH GENERATOR: Final voice is {'established': 'False', 'family': "{'dialect': '', 'lang': 'C', 'name': ''}"}
09:50:03.214428 - SPEECH GENERATOR: _generate_accessible_name: [Project setting, {'established': 'False', 'family': "{'dialect': '', 'lang': 'C', 'name': ''}"}]
09:50:03.214479 - GENERATOR: _generate_accessible_label_and_name: [Project setting, {'established': 'False', 'family': "{'dialect': '', 'lang': 'C', 'name': ''}"}]
09:50:03.214499 - SPEECH PRESENTER: Adjusting 'Project setting' from [entry: 'Project setting' (0x7132c6642100)]  start_offset: None
09:50:03.214955 - GSETTINGS SCHEMA HANDLE: speech/speak-numbers-as-digits not set [app:accessibility_probe, profile:default]
09:50:03.214982 - GSETTINGS REGISTRY: speech/speak-numbers-as-digits using default value = False
09:50:03.215363 - GSETTINGS SCHEMA HANDLE: speech/repeated-character-limit not set [app:accessibility_probe, profile:default]
09:50:03.215376 - GSETTINGS REGISTRY: speech/repeated-character-limit using default value = 4
09:50:03.219965 - GSETTINGS SCHEMA HANDLE: speech/use-pronunciation-dictionary not set [app:accessibility_probe, profile:default]
09:50:03.220018 - GSETTINGS REGISTRY: speech/use-pronunciation-dictionary using default value = True
09:50:03.220034 - SPEECH PRESENTER: Adjusted text: 'Project setting'
09:50:03.220113 - SPEECH GENERATOR: _generate_accessible_label_and_name: [Project setting, {'established': 'False', 'family': "{'dialect': '', 'lang': 'C', 'name': ''}"}]
09:50:03.220153 - GENERATOR: _generate_state_read_only: []
09:50:03.220167 - SPEECH GENERATOR: _generate_state_read_only: []
09:50:03.222922 - GSETTINGS SCHEMA HANDLE: voice/established not set [app:accessibility_probe, profile:default]
09:50:03.222960 - GSETTINGS SCHEMA HANDLE: voice/rate not set [app:accessibility_probe, profile:default]
09:50:03.222980 - GSETTINGS SCHEMA HANDLE: voice/pitch not set [app:accessibility_probe, profile:default]
09:50:03.222993 - GSETTINGS SCHEMA HANDLE: voice/volume not set [app:accessibility_probe, profile:default]
09:50:03.223009 - GSETTINGS SCHEMA HANDLE: voice/family-name not set [app:accessibility_probe, profile:default]
09:50:03.223025 - GSETTINGS SCHEMA HANDLE: voice/family-lang not set [app:accessibility_probe, profile:default]
09:50:03.223036 - GSETTINGS SCHEMA HANDLE: voice/family-dialect not set [app:accessibility_probe, profile:default]
09:50:03.223046 - GSETTINGS SCHEMA HANDLE: voice/family-gender not set [app:accessibility_probe, profile:default]
09:50:03.223056 - GSETTINGS SCHEMA HANDLE: voice/family-variant not set [app:accessibility_probe, profile:default]
09:50:03.223094 - SPEECH GENERATOR: system voice requested for [entry: 'Project setting' (0x7132c6642100)]  language='', dialect='' Unmodified voice={'established': False}
09:50:03.223120 - SPEECH GENERATOR: Reported locale of [entry: 'Project setting' (0x7132c6642100)]  is 
09:50:03.223140 - SPEECH GENERATOR: Updated to: 'C', ''
09:50:03.223157 - GSETTINGS SCHEMA HANDLE: voice/established not set [app:accessibility_probe, profile:default]
09:50:03.223169 - GSETTINGS SCHEMA HANDLE: voice/rate not set [app:accessibility_probe, profile:default]
09:50:03.223180 - GSETTINGS SCHEMA HANDLE: voice/pitch not set [app:accessibility_probe, profile:default]
09:50:03.223190 - GSETTINGS SCHEMA HANDLE: voice/volume not set [app:accessibility_probe, profile:default]
09:50:03.223201 - GSETTINGS SCHEMA HANDLE: voice/family-name not set [app:accessibility_probe, profile:default]
09:50:03.223211 - GSETTINGS SCHEMA HANDLE: voice/family-lang not set [app:accessibility_probe, profile:default]
09:50:03.223221 - GSETTINGS SCHEMA HANDLE: voice/family-dialect not set [app:accessibility_probe, profile:default]
09:50:03.223231 - GSETTINGS SCHEMA HANDLE: voice/family-gender not set [app:accessibility_probe, profile:default]
09:50:03.223240 - GSETTINGS SCHEMA HANDLE: voice/family-variant not set [app:accessibility_probe, profile:default]
09:50:03.223284 - SPEECH GENERATOR: Final voice is {'established': 'False', 'family': '{}'}
09:50:03.223323 - SPEECH GENERATOR: _generate_accessible_role: [entry, {'established': 'False', 'family': '{}'}]
09:50:03.223341 - SPEECH GENERATOR: _generate_text_indentation: []
09:50:03.223368 - GENERATOR: _generate_text_substring: []
09:50:03.223381 - SPEECH GENERATOR: _generate_text_substring: []
09:50:03.223602 - AXText: [entry: 'Project setting' (0x7132c6642100)]  reports 4 characters.
09:50:03.223783 - AXText: [entry: 'Project setting' (0x7132c6642100)]  reports caret offset of 0.
09:50:03.224003 - AXText: Line at offset 0 in [entry: 'Project setting' (0x7132c6642100)]  'seed' (0-4)
09:50:03.224036 - AXText: Getting attributes for [entry: 'Project setting' (0x7132c6642100)]  chars: 0-4
09:50:03.224249 - AXText: Attributes for [entry: 'Project setting' (0x7132c6642100)]  at offset 0: ({}, start_offset=0, end_offset=4)
09:50:03.224998 - AXText: 1 attribute ranges found.
09:50:03.225232 - AXText: Text of [entry: 'Project setting' (0x7132c6642100)]  (0-4): 'seed'
09:50:03.225279 - GSETTINGS SCHEMA HANDLE: voice/established not set [app:accessibility_probe, profile:default]
09:50:03.225302 - GSETTINGS SCHEMA HANDLE: voice/rate not set [app:accessibility_probe, profile:default]
09:50:03.225322 - GSETTINGS SCHEMA HANDLE: voice/pitch not set [app:accessibility_probe, profile:default]
09:50:03.225341 - GSETTINGS SCHEMA HANDLE: voice/volume not set [app:accessibility_probe, profile:default]
09:50:03.225361 - GSETTINGS SCHEMA HANDLE: voice/family-name not set [app:accessibility_probe, profile:default]
09:50:03.225379 - GSETTINGS SCHEMA HANDLE: voice/family-lang not set [app:accessibility_probe, profile:default]
09:50:03.225395 - GSETTINGS SCHEMA HANDLE: voice/family-dialect not set [app:accessibility_probe, profile:default]
09:50:03.225412 - GSETTINGS SCHEMA HANDLE: voice/family-gender not set [app:accessibility_probe, profile:default]
09:50:03.225429 - GSETTINGS SCHEMA HANDLE: voice/family-variant not set [app:accessibility_probe, profile:default]
09:50:03.225475 - SPEECH GENERATOR: None voice requested for [entry: 'Project setting' (0x7132c6642100)]  language='', dialect='' Unmodified voice={'established': False}
09:50:03.225516 - SPEECH GENERATOR: Reported locale of [entry: 'Project setting' (0x7132c6642100)]  is 
09:50:03.225541 - SPEECH GENERATOR: Updated to: 'C', ''
09:50:03.225574 - GSETTINGS SCHEMA HANDLE: speech/auto-language-switching not set [app:accessibility_probe, profile:default]
09:50:03.225581 - GSETTINGS REGISTRY: speech/auto-language-switching using default value = True
09:50:03.225594 - SPEECH DISPATCHER: Returning cached result for language='C' dialect='' variant='None'
09:50:03.225660 - SPEECH GENERATOR: Family updated to {'dialect': '', 'lang': 'C', 'name': ''}
09:50:03.225740 - SPEECH GENERATOR: Final voice is {'established': 'False', 'family': "{'dialect': '', 'lang': 'C', 'name': ''}"}
09:50:03.225778 - SPEECH PRESENTER: Adjusting 'seed' from [entry: 'Project setting' (0x7132c6642100)]  start_offset: 0
09:50:03.226015 - AXHypertext: 0 hyperlinks found in [entry: 'Project setting' (0x7132c6642100)]  between start: 0 and end: 4
09:50:03.226047 - GSETTINGS SCHEMA HANDLE: speech/speak-numbers-as-digits not set [app:accessibility_probe, profile:default]
09:50:03.226054 - GSETTINGS REGISTRY: speech/speak-numbers-as-digits using default value = False
09:50:03.226242 - GSETTINGS SCHEMA HANDLE: speech/repeated-character-limit not set [app:accessibility_probe, profile:default]
09:50:03.226251 - GSETTINGS REGISTRY: speech/repeated-character-limit using default value = 4
09:50:03.229284 - GSETTINGS SCHEMA HANDLE: speech/use-pronunciation-dictionary not set [app:accessibility_probe, profile:default]
09:50:03.229314 - GSETTINGS REGISTRY: speech/use-pronunciation-dictionary using default value = True
09:50:03.229326 - SPEECH PRESENTER: Adjusted text: 'seed'
09:50:03.229396 - SPEECH GENERATOR: _generate_text_line: [seed, {'established': 'False', 'family': "{'dialect': '', 'lang': 'C', 'name': ''}"}]
09:50:03.229596 - AXText: [entry: 'Project setting' (0x7132c6642100)]  reports 4 characters.
09:50:03.229755 - AXText: [entry: 'Project setting' (0x7132c6642100)]  reports 0 selection(s).
09:50:03.229770 - SPEECH GENERATOR: _generate_text_selection: []
09:50:03.229801 - GENERATOR: _generate_state_required: []
09:50:03.229814 - SPEECH GENERATOR: _generate_state_required: []
09:50:03.229835 - GSETTINGS SCHEMA HANDLE: speech/insert-pauses-between-utterances not set [app:accessibility_probe, profile:default]
09:50:03.229840 - GSETTINGS REGISTRY: speech/insert-pauses-between-utterances using default value = True
09:50:03.229857 - GSETTINGS SCHEMA HANDLE: speech/punctuation-level not set [app:accessibility_probe, profile:default]
09:50:03.229861 - GSETTINGS REGISTRY: speech/punctuation-level using default value = 'most'
09:50:03.229885 - GENERATOR: _generate_state_invalid: []
09:50:03.229898 - SPEECH GENERATOR: _generate_state_invalid: []
09:50:03.229910 - GSETTINGS SCHEMA HANDLE: speech/insert-pauses-between-utterances not set [app:accessibility_probe, profile:default]
09:50:03.229914 - GSETTINGS REGISTRY: speech/insert-pauses-between-utterances using default value = True
09:50:03.229924 - GSETTINGS SCHEMA HANDLE: speech/punctuation-level not set [app:accessibility_probe, profile:default]
09:50:03.229928 - GSETTINGS REGISTRY: speech/punctuation-level using default value = 'most'
09:50:03.230103 - GENERATOR: _generate_keyboard_mnemonic: []
09:50:03.230119 - SPEECH GENERATOR: _generate_keyboard_mnemonic: []
09:50:03.230143 - GENERATOR: _generate_state_current: []
09:50:03.230155 - SPEECH GENERATOR: _generate_state_current: []
09:50:03.230168 - SPEECH GENERATOR: _generate_has_click_action: []
09:50:03.230181 - SPEECH GENERATOR: _generate_has_details: []
09:50:03.230194 - SPEECH GENERATOR: _generate_details_for: []
09:50:03.230398 - AXUtilitiesRelation: [entry: 'Project setting' (0x7132c6642100)]  is described by: []
09:50:03.230413 - GENERATOR: _generate_accessible_description: []
09:50:03.230426 - SPEECH GENERATOR: _generate_accessible_description: []
09:50:03.230447 - SPEECH GENERATOR: _generate_state_has_popup: []
09:50:03.231579 - SPEECH GENERATOR: _generate_tutorial: []
09:50:03.231713 - SPEECH GENERATOR: Results: [Project setting, {'established': 'False', 'family': "{'dialect': '', 'lang': 'C', 'name': ''}"}, entry, {'established': 'False', 'family': '{}'}, seed, {'established': 'False', 'family': "{'dialect': '', 'lang': 'C', 'name': ''}"}, PAUSE, PAUSE]
09:50:03.231844 - SPEECH: Speak [Project setting, {'established': 'False', 'family': "{'dialect': '', 'lang': 'C', 'name': ''}"}, entry, {'established': 'False', 'family': '{}'}, seed, {'established': 'False', 'family': "{'dialect': '', 'lang': 'C', 'name': ''}"}, PAUSE, PAUSE], acss: None
09:50:03.231911 - SPEECH: New voice {'established': 'False'}  != active voice {'established': 'False', 'family': "{'dialect': '', 'lang': 'C', 'name': ''}"}
09:50:03.231925 - SPEECH OUTPUT: 'Project setting' {'established': False, 'family': {'name': '', 'gender': None, 'lang': 'C', 'dialect': '', 'variant': None}}
09:50:03.231930 - SPEECH DISPATCHER: Speaking 'Project setting' as string
09:50:03.232166 - SPEECH DISPATCHER: Speaking '<speak><mark name="0:7"/>Project <mark name="8:15"/>setting</speak>' 
                  ORCA rate 50.0, pitch 5.0, volume 10.0, language C, punctuation: MOST
                  SD rate 2, pitch 10, volume 100, language c
09:50:03.232379 - SPEECH: New voice {'established': 'False', 'family': "{'dialect': '', 'lang': 'C', 'name': ''}"}  != active voice {'established': 'False'}
09:50:03.232411 - SPEECH OUTPUT: 'entry' {'established': False}
09:50:03.232424 - SPEECH DISPATCHER: Speaking 'entry' as string
09:50:03.232721 - SPEECH DISPATCHER: Speaking '<speak><mark name="0:5"/>entry</speak>' 
                  ORCA rate 50.0, pitch 5.0, volume 10.0, language C, punctuation: MOST
                  SD rate 2, pitch 10, volume 100, language c
09:50:03.236938 - SPEECH OUTPUT: 'seed.' {'established': False, 'family': {'name': '', 'gender': None, 'lang': 'C', 'dialect': '', 'variant': None}}
09:50:03.236963 - SPEECH DISPATCHER: Speaking 'seed.' as string
09:50:03.237212 - SPEECH DISPATCHER: Speaking '<speak><mark name="0:5"/>seed.</speak>' 
                  ORCA rate 50.0, pitch 5.0, volume 10.0, language C, punctuation: MOST
                  SD rate 2, pitch 10, volume 100, language c
09:50:03.237399 - GSETTINGS SCHEMA HANDLE: braille/enabled not set [app:accessibility_probe, profile:default]
09:50:03.237426 - GSETTINGS REGISTRY: braille/enabled using default value = True
09:50:03.237502 - FOCUS MANAGER: Active mode: focus-tracking Object of interest: [entry: 'Project setting' (0x7132c6642100)] 
09:50:03.237542 - GSETTINGS SCHEMA HANDLE: braille/enabled not set [app:accessibility_probe, profile:default]
09:50:03.237556 - GSETTINGS REGISTRY: braille/enabled using default value = True
09:50:03.237595 - GSETTINGS SCHEMA HANDLE: braille/verbosity-level not set [app:accessibility_probe, profile:default]
09:50:03.237609 - GSETTINGS REGISTRY: braille/verbosity-level using default value = 'verbose'
09:50:03.237643 - FOCUS MANAGER: Locus of focus is [entry: 'Project setting' (0x7132c6642100)] 
09:50:03.237679 - SCRIPT MANAGER: Active script is: accessibility_probe (module=orca.scripts.default)
09:50:03.237721 - GSETTINGS SCHEMA HANDLE: braille/rolename-style not set [app:accessibility_probe, profile:default]
09:50:03.237735 - GSETTINGS REGISTRY: braille/rolename-style using default value = 'verbose'
09:50:03.237768 - GSETTINGS SCHEMA HANDLE: braille/display-ancestors not set [app:accessibility_probe, profile:default]
09:50:03.237780 - GSETTINGS REGISTRY: braille/display-ancestors using default value = True
09:50:03.237812 - GSETTINGS SCHEMA HANDLE: braille/end-of-line-indicator not set [app:accessibility_probe, profile:default]
09:50:03.237825 - GSETTINGS REGISTRY: braille/end-of-line-indicator using default value = True
09:50:03.237857 - GSETTINGS SCHEMA HANDLE: braille/present-mnemonics not set [app:accessibility_probe, profile:default]
09:50:03.237868 - GSETTINGS REGISTRY: braille/present-mnemonics using default value = True
09:50:03.239929 - GENERATOR: _get_functional_role: entry
09:50:03.240088 - BRAILLE GENERATOR: braille_generator.BrailleGenerator._generate_entry for [entry: 'Project setting' (0x7132c6642100)]  args: {'formatType': 'focused', 'priorObj': "[page tab: 'Settings' (0x7132c65ffd40)] ", 'role': 'entry'}
09:50:03.240424 - AXText: [entry: 'Project setting' (0x7132c6642100)]  reports 4 characters.
09:50:03.240686 - AXText: [entry: 'Project setting' (0x7132c6642100)]  reports caret offset of 0.
09:50:03.241057 - AXText: Line at offset 0 in [entry: 'Project setting' (0x7132c6642100)]  'seed' (0-4)
09:50:03.241139 - AXUtilitiesRelation: [entry: 'Project setting' (0x7132c6642100)]  flows from: []
09:50:03.241617 - AXUtilities: [scroll pane: 'Settings panel' (0x7132c66422c0)]  believed to be layout only: True, has layout-only role
09:50:03.243729 - GENERATOR: _get_functional_role: panel
09:50:03.243883 - BRAILLE GENERATOR: braille_generator.BrailleGenerator._generate_panel for [panel: 'Project sections' (0x7132c5d2ba40)]  args: {'formatType': 'ancestor', 'includeContext': 'False', 'priorObj': "[page tab: 'Settings' (0x7132c65ffd40)] ", 'role': 'panel'}
09:50:03.243928 - GENERATOR: _generate_text_substring: []
09:50:03.244038 - AXUtilitiesRelation: [panel: 'Project sections' (0x7132c5d2ba40)]  is labelled by: []
09:50:03.244073 - GENERATOR: _generate_accessible_label: []
09:50:03.244119 - GENERATOR: _generate_accessible_name: [Project sections]
09:50:03.244161 - GENERATOR: _generate_accessible_label_and_name: [Project sections]
09:50:03.246724 - BRAILLE GENERATOR: _generate_accessible_role: [panel]
09:50:03.246770 - BRAILLE: Not contracting 'Project sections panel' because contracted braille is not enabled.
09:50:03.246828 - GENERATOR: _generate_accessible_description: []
09:50:03.246887 - GENERATOR: _generate_state_current: []
09:50:03.246931 - BRAILLE GENERATOR: Results: [COMPONENT: 'Project sections panel', cursor offset:0]
09:50:03.250790 - GENERATOR: _get_functional_role: frame
09:50:03.250955 - BRAILLE GENERATOR: braille_generator.BrailleGenerator._generate_frame for [frame: 'Reactive TUI App accessibility round 1' (0x7132c5d03000)]  args: {'formatType': 'ancestor', 'includeContext': 'False', 'priorObj': "[page tab: 'Settings' (0x7132c65ffd40)] ", 'role': 'frame'}
09:50:03.251048 - AXUtilitiesRelation: [frame: 'Reactive TUI App accessibility round 1' (0x7132c5d03000)]  is labelled by: []
09:50:03.251083 - GENERATOR: _generate_accessible_label: []
09:50:03.251133 - GENERATOR: _generate_accessible_name: [Reactive TUI App accessibility round 1]
09:50:03.251177 - GENERATOR: _generate_accessible_label_and_name: [Reactive TUI App accessibility round 1]
09:50:03.253317 - BRAILLE GENERATOR: _generate_accessible_role: [frame]
09:50:03.253438 - AXUtilities: Unfocused alerts and dialogs for [frame: 'Reactive TUI App accessibility round 1' (0x7132c5d03000)] : []
09:50:03.253456 - BRAILLE GENERATOR: _generate_alert_and_dialog_count: []
09:50:03.253468 - BRAILLE: Not contracting 'Reactive TUI App accessibility round 1 frame' because contracted braille is not enabled.
09:50:03.253490 - GENERATOR: _generate_accessible_description: []
09:50:03.253628 - GENERATOR: _generate_state_current: []
09:50:03.253652 - BRAILLE GENERATOR: Results: [COMPONENT: 'Reactive TUI App accessibility round 1 frame', cursor offset:0]
09:50:03.258066 - GENERATOR: _get_functional_role: application
09:50:03.258116 - BRAILLE GENERATOR: [application: 'accessibility_probe' (0x7132c77adac0)]  lacks dedicated generator
09:50:03.258194 - BRAILLE GENERATOR: braille_generator.BrailleGenerator._generate_default_presentation for [application: 'accessibility_probe' (0x7132c77adac0)]  args: {'formatType': 'ancestor', 'includeContext': 'False', 'priorObj': "[page tab: 'Settings' (0x7132c65ffd40)] ", 'role': 'application'}
09:50:03.258246 - AXUtilitiesRelation: [application: 'accessibility_probe' (0x7132c77adac0)]  is labelled by: []
09:50:03.258262 - GENERATOR: _generate_accessible_label: []
09:50:03.258283 - GENERATOR: _generate_accessible_name: [accessibility_probe]
09:50:03.258303 - GENERATOR: _generate_accessible_label_and_name: [accessibility_probe]
09:50:03.260019 - BRAILLE GENERATOR: _generate_accessible_role: [application]
09:50:03.260059 - BRAILLE: Not contracting 'accessibility_probe application' because contracted braille is not enabled.
09:50:03.260107 - BRAILLE GENERATOR: Results: [COMPONENT: 'accessibility_probe application', cursor offset:0]
09:50:03.260191 - BRAILLE GENERATOR: _generate_ancestors: [COMPONENT: 'accessibility_probe application', cursor offset:0, REGION: ' ', cursor offset:0, COMPONENT: 'Reactive TUI App accessibility round 1 frame', cursor offset:0, REGION: ' ', cursor offset:0, COMPONENT: 'Project sections panel', cursor offset:0]
09:50:03.260260 - AXUtilitiesRelation: [entry: 'Project setting' (0x7132c6642100)]  is labelled by: []
09:50:03.260290 - GENERATOR: _generate_accessible_label: []
09:50:03.260331 - GENERATOR: _generate_accessible_name: [Project setting]
09:50:03.260371 - GENERATOR: _generate_accessible_label_and_name: [Project setting]
09:50:03.260436 - BRAILLE GENERATOR: _generate_eol: [ $l]
09:50:03.260816 - GENERATOR: _generate_keyboard_mnemonic: []
09:50:03.260873 - BRAILLE: Creating text region for [entry: 'Project setting' (0x7132c6642100)]  label:'Project setting', offsets: None-None, caret: None
09:50:03.261308 - AXText: [entry: 'Project setting' (0x7132c6642100)]  reports caret offset of 0.
09:50:03.261762 - AXText: [entry: 'Project setting' (0x7132c6642100)]  reports 4 characters.
09:50:03.262464 - AXText: Line at offset 0 in [entry: 'Project setting' (0x7132c6642100)]  'seed' (0-4)
09:50:03.262518 - BRAILLE: Not contracting 'Project setting seed' because contracted braille is not enabled.
09:50:03.262584 - GENERATOR: _generate_state_invalid: []
09:50:03.262648 - GENERATOR: _generate_state_required: []
09:50:03.262709 - GENERATOR: _generate_state_read_only: []
09:50:03.262756 - GENERATOR: _generate_accessible_description: []
09:50:03.262802 - GENERATOR: _generate_state_current: []
09:50:03.262890 - BRAILLE GENERATOR: Results: [COMPONENT: 'accessibility_probe application', cursor offset:0, REGION: ' ', cursor offset:0, COMPONENT: 'Reactive TUI App accessibility round 1 frame', cursor offset:0, REGION: ' ', cursor offset:0, COMPONENT: 'Project sections panel', cursor offset:0, REGION: ' ', cursor offset:0, TEXT: 'Project setting seed $l', cursor offset:16 start offset:0, line offset:0]
09:50:03.263426 - AXText: [entry: 'Project setting' (0x7132c6642100)]  reports 4 characters.
09:50:03.263798 - AXText: Text of [entry: 'Project setting' (0x7132c6642100)]  'seed'
09:50:03.263836 - SCRIPT MANAGER: Active script is: accessibility_probe (module=orca.scripts.default)
09:50:03.263881 - AXHypertext: 0 hyperlinks found in [entry: 'Project setting' (0x7132c6642100)] 
09:50:03.264232 - AXText: [entry: 'Project setting' (0x7132c6642100)]  reports 0 selection(s).
09:50:03.264284 - BRAILLE: Refresh. Pan: True target: 0
09:50:03.264298 - BRAILLE: Kill flash message braille.display_line:1618 > braille.refresh:2097 > braille._prepare_refresh:1856 > braille.kill_flash:2182
09:50:03.265186 - GSETTINGS SCHEMA HANDLE: braille/enabled not set [app:accessibility_probe, profile:default]
09:50:03.265208 - GSETTINGS REGISTRY: braille/enabled using default value = True
09:50:03.265246 - BRAILLE: Last text object: None (Caret: 0, Line: 0, Cell: 0)
09:50:03.265303 - BRAILLE: Current text object: [entry: 'Project setting' (0x7132c6642100)]  (Caret: 0, Line: 0). On same line: False
09:50:03.265323 - BRAILLE: Line 0: 'accessibility_probe application Reactive TUI App accessibility round 1 frame Project sections panel Project setting seed $l' focusOffset: 100 [[0, 32], [32, 63], [63, 94], [94, 100], [100, 123]]
09:50:03.265335 - BRAILLE: Cursor offset in line string is: 116
09:50:03.265348 - BRAILLE: Adjusting offset to 100 (unhandled condition)
09:50:03.265360 - BRAILLE: Current range: (100, 132). Target cell: 0
09:50:03.265372 - BRAILLE LINE:  'accessibility_probe application Reactive TUI App accessibility round 1 frame Project sections panel Project setting seed $l'
09:50:03.265382 -      VISIBLE:  'Project setting seed $l', cursor=17
09:50:03.265414 - BRAILLE: Enabling braille. BrlAPI running: False
09:50:03.265425 - BRAILLE: Need to initialize first.
09:50:03.265455 - BRAILLE: Initializing. Callback: input_event_manager.InputEventManager.process_braille_event
09:50:03.265496 - BRAILLE: WINDOWPATH= None
09:50:03.265525 - BRAILLE: XDG_VTNR= 1
09:50:03.265564 - BRAILLE: Attempting connection with BrlAPI.
09:50:03.265986 - BRAILLE: BrlAPI Connection is unavailable (ConnectionError): couldn't connect to b':0' with key b'keyfile:/etc/brlapi.key+polkit': connect: No such file or directory
                  (brlerrno 11, libcerrno 2, gaierrno 0)
                  Is BRLTTY really running?
09:50:03.267985 - AXTable: Setting last cell coordinates to row=-1, column=-1
09:50:03.268419 - AXText: [entry: 'Project setting' (0x7132c6642100)]  reports caret offset of 4.
09:50:03.268470 - FOCUS MANAGER: Setting last cursor position to [entry: 'Project setting' (0x7132c6642100)]  4
09:50:03.268860 - AXText: [entry: 'Project setting' (0x7132c6642100)]  reports 0 selection(s).
09:50:03.268982 - FOCUS MANAGER: Active window is [frame: 'Reactive TUI App accessibility round 1' (0x7132c5d03000)]  focus_manager.set_locus_of_focus:327 > focus_manager._save_object_details:254 > ax_utilities_event.save_object_info_for_events:195 > focus_manager.get_active_window:342
TOTAL PROCESSING TIME: 0.1164
^^^^^ FINISHED PRIORITY-3 OBJECT EVENT OBJECT:STATE-CHANGED:FOCUSED ^^^^^

09:50:03.270258 - GSETTINGS SCHEMA HANDLE: keybindings/keyboard-layout not set [app:accessibility_probe, profile:default]
09:50:03.270282 - GSETTINGS REGISTRY: keybindings/keyboard-layout using default value = 'desktop'
09:50:03.270323 - GSETTINGS SCHEMA HANDLE: keybindings/desktop-modifier-keys not set [app:accessibility_probe, profile:default]
09:50:03.270340 - GSETTINGS REGISTRY: keybindings/desktop-modifier-keys using default value = ['Insert', 'KP_Insert']
09:50:03.270384 - FOCUS MANAGER: Active window is [frame: 'Reactive TUI App accessibility round 1' (0x7132c5d03000)]  <unknown>.<module>:373 > input_event_manager._on_key_pressed:261 > input_event_manager.process_keyboard_event:297 > focus_manager.get_active_window:342
09:50:03.270805 - AXObject: Clearing AT-SPI cache on [frame: 'Reactive TUI App accessibility round 1' (0x7132c5d03000)]  Recursive: False.  Reason: Checking if window can be the active window

09:50:03.271325 - EVENT MANAGER: object:text-caret-moved for [terminal: 'Terminal' (0x7132c5d3c840)]  in org.gnome.Terminal (gtk 3.24.52) (109, 0, 0)
09:50:03.271371 - FOCUS MANAGER: Locus of focus is [entry: 'Project setting' (0x7132c6642100)] 
09:50:03.271529 - EVENT_MANAGER: Not ignoring object:text-caret-moved due to source being focused
09:50:03.271618 - EVENT MANAGER: Queueing object:text-caret-moved for [terminal: 'Terminal' (0x7132c5d3c840)]  in org.gnome.Terminal (gtk 3.24.52) (109, 0, 0)
09:50:03.271662 - EVENT MANAGER: App for event source is [application: 'org.gnome.Terminal' (0x7132c7790700)] 
09:50:03.271710 - SCRIPT MANAGER: Getting script for [application: 'org.gnome.Terminal' (0x7132c7790700)]  [terminal: 'Terminal' (0x7132c5d3c840)] 
09:50:03.271767 - SCRIPT MANAGER: Script is custom script org.gnome.Terminal (module=orca.scripts.terminal.script)
09:50:03.271869 - EVENT MANAGER: object:text-caret-moved for [terminal: 'Terminal' (0x7132c5d3c840)]  in org.gnome.Terminal (gtk 3.24.52) (109, 0, 0) has priority level: 4
09:50:03.271964 - EVENT MANAGER: Queued object:text-caret-moved for [terminal: 'Terminal' (0x7132c5d3c840)]  in org.gnome.Terminal (gtk 3.24.52) (109, 0, 0) priority: 4, counter: 66
09:50:03.275379 - AXUtilities: [frame: 'Reactive TUI App accessibility round 1' (0x7132c5d03000)]  from [application: 'accessibility_probe' (0x7132c77adac0)]  can be active window
09:50:03.275748 - FOCUS MANAGER: Locus of focus is [entry: 'Project setting' (0x7132c6642100)] 
09:50:03.276029 - SCRIPT MANAGER: Active script is: accessibility_probe (module=orca.scripts.default)
09:50:03.276308 - GSETTINGS SCHEMA HANDLE: keybindings/keyboard-layout not set [app:accessibility_probe, profile:default]
09:50:03.276332 - GSETTINGS REGISTRY: keybindings/keyboard-layout using default value = 'desktop'
09:50:03.276350 - GSETTINGS SCHEMA HANDLE: keybindings/desktop-modifier-keys not set [app:accessibility_probe, profile:default]
09:50:03.276361 - GSETTINGS REGISTRY: keybindings/desktop-modifier-keys using default value = ['Insert', 'KP_Insert']

KEYBOARD_EVENT:  type=ATSPI_KEY_PRESSED_EVENT
                 id=65367
                 hw_code=115
                 modifiers=0
                 text=''
                 keyval_name='End'
                 timestamp=1789048203.270195
                 clickCount=1

vvvvv PROCESS ATSPI_KEY_PRESSED_EVENT: 'End' (115) vvvvv
09:50:03.276416 - SCRIPT: accessibility_probe (module=orca.scripts.default)
09:50:03.276433 - WINDOW: [frame: 'Reactive TUI App accessibility round 1' (0x7132c5d03000)] 
09:50:03.276445 - LOCATION: [entry: 'Project setting' (0x7132c6642100)] 
09:50:03.276475 - GSETTINGS SCHEMA HANDLE: keybindings/keyboard-layout not set [app:accessibility_probe, profile:default]
09:50:03.276480 - GSETTINGS REGISTRY: keybindings/keyboard-layout using default value = 'desktop'
09:50:03.276492 - GSETTINGS SCHEMA HANDLE: keybindings/desktop-modifier-keys not set [app:accessibility_probe, profile:default]
09:50:03.276496 - GSETTINGS REGISTRY: keybindings/desktop-modifier-keys using default value = ['Insert', 'KP_Insert']
09:50:03.276505 - PRESENTATION MANAGER: Interrupting presentation
09:50:03.276536 - SPEECH MANAGER: interrupt_speech. Script: None Event: None notify_user: False
09:50:03.277183 - SPEECH MANAGER: Speech server is <orca.speechdispatcherfactory.SpeechServer object at 0x7132c76d96a0>
09:50:03.277437 - BRAILLE: Kill flash message input_event._present:603 > presentation_manager.interrupt_presentation:88 > braille_presenter.kill_flash:1829 > braille.kill_flash:2182
09:50:03.278063 - TYPING ECHO PRESENTER: should_echo_keyboard_event: 'end'?
09:50:03.278137 - GSETTINGS SCHEMA HANDLE: keybindings/keyboard-layout not set [app:accessibility_probe, profile:default]
09:50:03.278155 - GSETTINGS REGISTRY: keybindings/keyboard-layout using default value = 'desktop'
09:50:03.278193 - GSETTINGS SCHEMA HANDLE: keybindings/desktop-modifier-keys not set [app:accessibility_probe, profile:default]
09:50:03.278208 - GSETTINGS REGISTRY: keybindings/desktop-modifier-keys using default value = ['Insert', 'KP_Insert']
09:50:03.278296 - GSETTINGS SCHEMA HANDLE: typing-echo/character-echo not set [app:accessibility_probe, profile:default]
09:50:03.278311 - GSETTINGS REGISTRY: typing-echo/character-echo using default value = False
09:50:03.278353 - GSETTINGS SCHEMA HANDLE: keybindings/keyboard-layout not set [app:accessibility_probe, profile:default]
09:50:03.278367 - GSETTINGS REGISTRY: keybindings/keyboard-layout using default value = 'desktop'
09:50:03.278399 - GSETTINGS SCHEMA HANDLE: keybindings/desktop-modifier-keys not set [app:accessibility_probe, profile:default]
09:50:03.278413 - GSETTINGS REGISTRY: keybindings/desktop-modifier-keys using default value = ['Insert', 'KP_Insert']
09:50:03.278456 - GSETTINGS SCHEMA HANDLE: typing-echo/key-echo not set [app:accessibility_probe, profile:default]
09:50:03.278469 - GSETTINGS REGISTRY: typing-echo/key-echo using default value = True
09:50:03.278518 - GSETTINGS SCHEMA HANDLE: typing-echo/navigation-keys not set [app:accessibility_probe, profile:default]
09:50:03.278531 - GSETTINGS REGISTRY: typing-echo/navigation-keys using default value = False
09:50:03.278544 - TYPING ECHO PRESENTER: Echoing navigation keyboard event: False.
09:50:03.278561 - TOTAL PROCESSING TIME: 0.0022
^^^^^ PROCESS ATSPI_KEY_PRESSED_EVENT: 'End' (115) ^^^^^

09:50:03.278617 - GSETTINGS SCHEMA HANDLE: keybindings/keyboard-layout not set [app:accessibility_probe, profile:default]
09:50:03.278631 - GSETTINGS REGISTRY: keybindings/keyboard-layout using default value = 'desktop'
09:50:03.278662 - GSETTINGS SCHEMA HANDLE: keybindings/desktop-modifier-keys not set [app:accessibility_probe, profile:default]
09:50:03.278675 - GSETTINGS REGISTRY: keybindings/desktop-modifier-keys using default value = ['Insert', 'KP_Insert']
09:50:03.278852 - GSETTINGS SCHEMA HANDLE: keybindings/keyboard-layout not set [app:accessibility_probe, profile:default]
09:50:03.278874 - GSETTINGS REGISTRY: keybindings/keyboard-layout using default value = 'desktop'
09:50:03.278918 - GSETTINGS SCHEMA HANDLE: keybindings/desktop-modifier-keys not set [app:accessibility_probe, profile:default]
09:50:03.278933 - GSETTINGS REGISTRY: keybindings/desktop-modifier-keys using default value = ['Insert', 'KP_Insert']
09:50:03.279785 - GSETTINGS SCHEMA HANDLE: keybindings/keyboard-layout not set [app:accessibility_probe, profile:default]
09:50:03.279808 - GSETTINGS REGISTRY: keybindings/keyboard-layout using default value = 'desktop'
09:50:03.279844 - GSETTINGS SCHEMA HANDLE: keybindings/desktop-modifier-keys not set [app:accessibility_probe, profile:default]
09:50:03.279858 - GSETTINGS REGISTRY: keybindings/desktop-modifier-keys using default value = ['Insert', 'KP_Insert']

KEYBOARD_EVENT:  type=ATSPI_KEY_RELEASED_EVENT
                 id=65367
                 hw_code=115
                 modifiers=0
                 text=''
                 keyval_name='End'
                 timestamp=1789048203.2788038
                 clickCount=1

vvvvv PROCESS ATSPI_KEY_RELEASED_EVENT: 'End' (115) vvvvv
09:50:03.279943 - SCRIPT: accessibility_probe (module=orca.scripts.default)
09:50:03.279985 - WINDOW: [frame: 'Reactive TUI App accessibility round 1' (0x7132c5d03000)] 
09:50:03.280022 - LOCATION: [entry: 'Project setting' (0x7132c6642100)] 
09:50:03.280079 - GSETTINGS SCHEMA HANDLE: keybindings/keyboard-layout not set [app:accessibility_probe, profile:default]
09:50:03.280093 - GSETTINGS REGISTRY: keybindings/keyboard-layout using default value = 'desktop'
09:50:03.280126 - GSETTINGS SCHEMA HANDLE: keybindings/desktop-modifier-keys not set [app:accessibility_probe, profile:default]
09:50:03.280140 - GSETTINGS REGISTRY: keybindings/desktop-modifier-keys using default value = ['Insert', 'KP_Insert']
09:50:03.280169 - TOTAL PROCESSING TIME: 0.0003
^^^^^ PROCESS ATSPI_KEY_RELEASED_EVENT: 'End' (115) ^^^^^

09:50:03.280225 - GSETTINGS SCHEMA HANDLE: keybindings/keyboard-layout not set [app:accessibility_probe, profile:default]
09:50:03.280240 - GSETTINGS REGISTRY: keybindings/keyboard-layout using default value = 'desktop'
09:50:03.280271 - GSETTINGS SCHEMA HANDLE: keybindings/desktop-modifier-keys not set [app:accessibility_probe, profile:default]
09:50:03.280284 - GSETTINGS REGISTRY: keybindings/desktop-modifier-keys using default value = ['Insert', 'KP_Insert']
09:50:03.280400 - GSETTINGS SCHEMA HANDLE: keybindings/keyboard-layout not set [app:accessibility_probe, profile:default]
09:50:03.280417 - GSETTINGS REGISTRY: keybindings/keyboard-layout using default value = 'desktop'
09:50:03.280450 - GSETTINGS SCHEMA HANDLE: keybindings/desktop-modifier-keys not set [app:accessibility_probe, profile:default]
09:50:03.280465 - GSETTINGS REGISTRY: keybindings/desktop-modifier-keys using default value = ['Insert', 'KP_Insert']
09:50:03.280505 - FOCUS MANAGER: Active window is [frame: 'Reactive TUI App accessibility round 1' (0x7132c5d03000)]  <unknown>.<module>:373 > input_event_manager._on_key_pressed:261 > input_event_manager.process_keyboard_event:297 > focus_manager.get_active_window:342
09:50:03.280952 - AXObject: Clearing AT-SPI cache on [frame: 'Reactive TUI App accessibility round 1' (0x7132c5d03000)]  Recursive: False.  Reason: Checking if window can be the active window
09:50:03.284243 - AXUtilities: [frame: 'Reactive TUI App accessibility round 1' (0x7132c5d03000)]  from [application: 'accessibility_probe' (0x7132c77adac0)]  can be active window
09:50:03.284592 - FOCUS MANAGER: Locus of focus is [entry: 'Project setting' (0x7132c6642100)] 
09:50:03.284860 - SCRIPT MANAGER: Active script is: accessibility_probe (module=orca.scripts.default)
09:50:03.285190 - GSETTINGS SCHEMA HANDLE: keybindings/keyboard-layout not set [app:accessibility_probe, profile:default]
09:50:03.285211 - GSETTINGS REGISTRY: keybindings/keyboard-layout using default value = 'desktop'
09:50:03.285248 - GSETTINGS SCHEMA HANDLE: keybindings/desktop-modifier-keys not set [app:accessibility_probe, profile:default]
09:50:03.285263 - GSETTINGS REGISTRY: keybindings/desktop-modifier-keys using default value = ['Insert', 'KP_Insert']

KEYBOARD_EVENT:  type=ATSPI_KEY_PRESSED_EVENT
                 id=120
                 hw_code=53
                 modifiers=0
                 text='x'
                 keyval_name='x'
                 timestamp=1789048203.2803679
                 clickCount=1

vvvvv PROCESS ATSPI_KEY_PRESSED_EVENT: 'x' (53) vvvvv
09:50:03.285354 - SCRIPT: accessibility_probe (module=orca.scripts.default)
09:50:03.285390 - WINDOW: [frame: 'Reactive TUI App accessibility round 1' (0x7132c5d03000)] 
09:50:03.285421 - LOCATION: [entry: 'Project setting' (0x7132c6642100)] 
09:50:03.285475 - GSETTINGS SCHEMA HANDLE: keybindings/keyboard-layout not set [app:accessibility_probe, profile:default]
09:50:03.285489 - GSETTINGS REGISTRY: keybindings/keyboard-layout using default value = 'desktop'
09:50:03.285521 - GSETTINGS SCHEMA HANDLE: keybindings/desktop-modifier-keys not set [app:accessibility_probe, profile:default]
09:50:03.285534 - GSETTINGS REGISTRY: keybindings/desktop-modifier-keys using default value = ['Insert', 'KP_Insert']
09:50:03.285550 - PRESENTATION MANAGER: Interrupting presentation
09:50:03.285606 - SPEECH MANAGER: interrupt_speech. Script: None Event: None notify_user: False
09:50:03.285939 - SPEECH MANAGER: Speech server is <orca.speechdispatcherfactory.SpeechServer object at 0x7132c76d96a0>
09:50:03.286059 - BRAILLE: Kill flash message input_event._present:603 > presentation_manager.interrupt_presentation:88 > braille_presenter.kill_flash:1829 > braille.kill_flash:2182
09:50:03.286636 - TYPING ECHO PRESENTER: should_echo_keyboard_event: 'x'?
09:50:03.286684 - GSETTINGS SCHEMA HANDLE: keybindings/keyboard-layout not set [app:accessibility_probe, profile:default]
09:50:03.286698 - GSETTINGS REGISTRY: keybindings/keyboard-layout using default value = 'desktop'
09:50:03.286731 - GSETTINGS SCHEMA HANDLE: keybindings/desktop-modifier-keys not set [app:accessibility_probe, profile:default]
09:50:03.286745 - GSETTINGS REGISTRY: keybindings/desktop-modifier-keys using default value = ['Insert', 'KP_Insert']
09:50:03.286781 - GSETTINGS SCHEMA HANDLE: typing-echo/character-echo not set [app:accessibility_probe, profile:default]
09:50:03.286793 - GSETTINGS REGISTRY: typing-echo/character-echo using default value = False
09:50:03.286828 - GSETTINGS SCHEMA HANDLE: keybindings/keyboard-layout not set [app:accessibility_probe, profile:default]
09:50:03.286840 - GSETTINGS REGISTRY: keybindings/keyboard-layout using default value = 'desktop'
09:50:03.286869 - GSETTINGS SCHEMA HANDLE: keybindings/desktop-modifier-keys not set [app:accessibility_probe, profile:default]
09:50:03.286882 - GSETTINGS REGISTRY: keybindings/desktop-modifier-keys using default value = ['Insert', 'KP_Insert']
09:50:03.286920 - GSETTINGS SCHEMA HANDLE: typing-echo/key-echo not set [app:accessibility_probe, profile:default]
09:50:03.286932 - GSETTINGS REGISTRY: typing-echo/key-echo using default value = True
09:50:03.287045 - GSETTINGS SCHEMA HANDLE: keybindings/keyboard-layout not set [app:accessibility_probe, profile:default]
09:50:03.287062 - GSETTINGS REGISTRY: keybindings/keyboard-layout using default value = 'desktop'
09:50:03.287095 - GSETTINGS SCHEMA HANDLE: keybindings/desktop-modifier-keys not set [app:accessibility_probe, profile:default]
09:50:03.287107 - GSETTINGS REGISTRY: keybindings/desktop-modifier-keys using default value = ['Insert', 'KP_Insert']
09:50:03.287457 - GSETTINGS SCHEMA HANDLE: typing-echo/alphabetic-keys not set [app:accessibility_probe, profile:default]
09:50:03.287472 - GSETTINGS REGISTRY: typing-echo/alphabetic-keys using default value = True
09:50:03.287485 - TYPING ECHO PRESENTER: Echoing alphabetic keyboard event: True.
09:50:03.287534 - GSETTINGS SCHEMA HANDLE: keybindings/keyboard-layout not set [app:accessibility_probe, profile:default]
09:50:03.287547 - GSETTINGS REGISTRY: keybindings/keyboard-layout using default value = 'desktop'
09:50:03.287577 - GSETTINGS SCHEMA HANDLE: keybindings/desktop-modifier-keys not set [app:accessibility_probe, profile:default]
09:50:03.287591 - GSETTINGS REGISTRY: keybindings/desktop-modifier-keys using default value = ['Insert', 'KP_Insert']
09:50:03.287645 - SCRIPT MANAGER: Active script is: accessibility_probe (module=orca.scripts.default)
09:50:03.287704 - FOCUS MANAGER: Active mode: focus-tracking Object of interest: [entry: 'Project setting' (0x7132c6642100)] 
09:50:03.287742 - GSETTINGS SCHEMA HANDLE: speech/enable not set [app:accessibility_probe, profile:default]
09:50:03.287754 - GSETTINGS REGISTRY: speech/enable using default value = True
09:50:03.287788 - GSETTINGS SCHEMA HANDLE: speech/verbosity-level not set [app:accessibility_probe, profile:default]
09:50:03.287800 - GSETTINGS REGISTRY: speech/verbosity-level using default value = 'verbose'
09:50:03.287832 - FOCUS MANAGER: Locus of focus is [entry: 'Project setting' (0x7132c6642100)] 
09:50:03.287861 - SCRIPT MANAGER: Active script is: accessibility_probe (module=orca.scripts.default)
09:50:03.287898 - GSETTINGS SCHEMA HANDLE: speech/only-speak-displayed-text not set [app:accessibility_probe, profile:default]
09:50:03.287910 - GSETTINGS REGISTRY: speech/only-speak-displayed-text using default value = False
09:50:03.287941 - GSETTINGS SCHEMA HANDLE: speech/speak-description not set [app:accessibility_probe, profile:default]
09:50:03.287952 - GSETTINGS REGISTRY: speech/speak-description using default value = True
09:50:03.287989 - GSETTINGS SCHEMA HANDLE: speech/speak-tutorial-messages not set [app:accessibility_probe, profile:default]
09:50:03.288003 - GSETTINGS REGISTRY: speech/speak-tutorial-messages using default value = True
09:50:03.288035 - GSETTINGS SCHEMA HANDLE: speech/speak-position-in-set not set [app:accessibility_probe, profile:default]
09:50:03.288046 - GSETTINGS REGISTRY: speech/speak-position-in-set using default value = False
09:50:03.288076 - GSETTINGS SCHEMA HANDLE: speech/speak-widget-mnemonic not set [app:accessibility_probe, profile:default]
09:50:03.288086 - GSETTINGS REGISTRY: speech/speak-widget-mnemonic using default value = True
09:50:03.288116 - GSETTINGS SCHEMA HANDLE: speech/speak-blank-lines not set [app:accessibility_probe, profile:default]
09:50:03.288126 - GSETTINGS REGISTRY: speech/speak-blank-lines using default value = True
09:50:03.288157 - GSETTINGS SCHEMA HANDLE: speech/speak-indentation-and-justification not set [app:accessibility_probe, profile:default]
09:50:03.288168 - GSETTINGS REGISTRY: speech/speak-indentation-and-justification using default value = False
09:50:03.288198 - GSETTINGS SCHEMA HANDLE: speech/announce-cell-headers not set [app:accessibility_probe, profile:default]
09:50:03.288211 - GSETTINGS REGISTRY: speech/announce-cell-headers using default value = True
09:50:03.288241 - GSETTINGS SCHEMA HANDLE: speech/announce-cell-coordinates not set [app:accessibility_probe, profile:default]
09:50:03.288251 - GSETTINGS REGISTRY: speech/announce-cell-coordinates using default value = True
09:50:03.288281 - GSETTINGS SCHEMA HANDLE: speech/announce-spreadsheet-cell-coordinates not set [app:accessibility_probe, profile:default]
09:50:03.288292 - GSETTINGS REGISTRY: speech/announce-spreadsheet-cell-coordinates using default value = True
09:50:03.288320 - GSETTINGS SCHEMA HANDLE: speech/announce-blockquote not set [app:accessibility_probe, profile:default]
09:50:03.288331 - GSETTINGS REGISTRY: speech/announce-blockquote using default value = True
09:50:03.288361 - GSETTINGS SCHEMA HANDLE: speech/announce-form not set [app:accessibility_probe, profile:default]
09:50:03.288372 - GSETTINGS REGISTRY: speech/announce-form using default value = True
09:50:03.288400 - GSETTINGS SCHEMA HANDLE: speech/announce-landmark not set [app:accessibility_probe, profile:default]
09:50:03.288411 - GSETTINGS REGISTRY: speech/announce-landmark using default value = True
09:50:03.288442 - GSETTINGS SCHEMA HANDLE: speech/announce-list not set [app:accessibility_probe, profile:default]
09:50:03.288454 - GSETTINGS REGISTRY: speech/announce-list using default value = True
09:50:03.288484 - GSETTINGS SCHEMA HANDLE: speech/announce-grouping not set [app:accessibility_probe, profile:default]
09:50:03.288500 - GSETTINGS REGISTRY: speech/announce-grouping using default value = True
09:50:03.288531 - GSETTINGS SCHEMA HANDLE: speech/announce-table not set [app:accessibility_probe, profile:default]
09:50:03.288542 - GSETTINGS REGISTRY: speech/announce-table using default value = True
09:50:03.288591 - GSETTINGS SCHEMA HANDLE: voice/established not set [app:accessibility_probe, profile:default]
09:50:03.288628 - GSETTINGS SCHEMA HANDLE: voice/rate not set [app:accessibility_probe, profile:default]
09:50:03.288662 - GSETTINGS SCHEMA HANDLE: voice/pitch not set [app:accessibility_probe, profile:default]
09:50:03.288695 - GSETTINGS SCHEMA HANDLE: voice/volume not set [app:accessibility_probe, profile:default]
09:50:03.288730 - GSETTINGS SCHEMA HANDLE: voice/family-name not set [app:accessibility_probe, profile:default]
09:50:03.288763 - GSETTINGS SCHEMA HANDLE: voice/family-lang not set [app:accessibility_probe, profile:default]
09:50:03.288796 - GSETTINGS SCHEMA HANDLE: voice/family-dialect not set [app:accessibility_probe, profile:default]
09:50:03.288828 - GSETTINGS SCHEMA HANDLE: voice/family-gender not set [app:accessibility_probe, profile:default]
09:50:03.288860 - GSETTINGS SCHEMA HANDLE: voice/family-variant not set [app:accessibility_probe, profile:default]
09:50:03.288915 - SPEECH GENERATOR: None voice requested for None language='', dialect='' Unmodified voice={'established': False}
09:50:03.288961 - SPEECH GENERATOR: Reported locale of None is 
09:50:03.289006 - SPEECH GENERATOR: Updated to: 'C', ''
09:50:03.289059 - GSETTINGS SCHEMA HANDLE: speech/auto-language-switching not set [app:accessibility_probe, profile:default]
09:50:03.289073 - GSETTINGS REGISTRY: speech/auto-language-switching using default value = True
09:50:03.289093 - SPEECH DISPATCHER: Returning cached result for language='C' dialect='' variant='None'
09:50:03.289177 - SPEECH GENERATOR: Family updated to {'dialect': '', 'lang': 'C', 'name': ''}
09:50:03.289265 - SPEECH GENERATOR: Final voice is {'established': 'False', 'family': "{'dialect': '', 'lang': 'C', 'name': ''}"}
09:50:03.289379 - SPEECH OUTPUT: 'x' {'established': 'False', 'family': "{'dialect': '', 'gender': 'None', 'lang': 'C', 'name': '', 'variant': 'None'}"}
09:50:03.289582 - FOCUS MANAGER: Locus of focus is [entry: 'Project setting' (0x7132c6642100)] 
09:50:03.290341 - SPEECH DISPATCHER: Speaking 'x' as char
09:50:03.290590 - TOTAL PROCESSING TIME: 0.0053
^^^^^ PROCESS ATSPI_KEY_PRESSED_EVENT: 'x' (53) ^^^^^

09:50:03.290728 - GSETTINGS SCHEMA HANDLE: keybindings/keyboard-layout not set [app:accessibility_probe, profile:default]
09:50:03.290751 - GSETTINGS REGISTRY: keybindings/keyboard-layout using default value = 'desktop'
09:50:03.290791 - GSETTINGS SCHEMA HANDLE: keybindings/desktop-modifier-keys not set [app:accessibility_probe, profile:default]
09:50:03.290808 - GSETTINGS REGISTRY: keybindings/desktop-modifier-keys using default value = ['Insert', 'KP_Insert']
09:50:03.290987 - GSETTINGS SCHEMA HANDLE: keybindings/keyboard-layout not set [app:accessibility_probe, profile:default]
09:50:03.291011 - GSETTINGS REGISTRY: keybindings/keyboard-layout using default value = 'desktop'
09:50:03.291048 - GSETTINGS SCHEMA HANDLE: keybindings/desktop-modifier-keys not set [app:accessibility_probe, profile:default]
09:50:03.291062 - GSETTINGS REGISTRY: keybindings/desktop-modifier-keys using default value = ['Insert', 'KP_Insert']
09:50:03.291994 - GSETTINGS SCHEMA HANDLE: keybindings/keyboard-layout not set [app:accessibility_probe, profile:default]
09:50:03.292032 - GSETTINGS REGISTRY: keybindings/keyboard-layout using default value = 'desktop'
09:50:03.292069 - GSETTINGS SCHEMA HANDLE: keybindings/desktop-modifier-keys not set [app:accessibility_probe, profile:default]
09:50:03.292083 - GSETTINGS REGISTRY: keybindings/desktop-modifier-keys using default value = ['Insert', 'KP_Insert']

KEYBOARD_EVENT:  type=ATSPI_KEY_RELEASED_EVENT
                 id=120
                 hw_code=53
                 modifiers=0
                 text='x'
                 keyval_name='x'
                 timestamp=1789048203.2909448
                 clickCount=1

vvvvv PROCESS ATSPI_KEY_RELEASED_EVENT: 'x' (53) vvvvv
09:50:03.292182 - SCRIPT: accessibility_probe (module=orca.scripts.default)
09:50:03.292222 - WINDOW: [frame: 'Reactive TUI App accessibility round 1' (0x7132c5d03000)] 
09:50:03.292255 - LOCATION: [entry: 'Project setting' (0x7132c6642100)] 
09:50:03.292311 - GSETTINGS SCHEMA HANDLE: keybindings/keyboard-layout not set [app:accessibility_probe, profile:default]
09:50:03.292326 - GSETTINGS REGISTRY: keybindings/keyboard-layout using default value = 'desktop'
09:50:03.292359 - GSETTINGS SCHEMA HANDLE: keybindings/desktop-modifier-keys not set [app:accessibility_probe, profile:default]
09:50:03.292372 - GSETTINGS REGISTRY: keybindings/desktop-modifier-keys using default value = ['Insert', 'KP_Insert']
09:50:03.292403 - TOTAL PROCESSING TIME: 0.0003
^^^^^ PROCESS ATSPI_KEY_RELEASED_EVENT: 'x' (53) ^^^^^

09:50:03.292456 - GSETTINGS SCHEMA HANDLE: keybindings/keyboard-layout not set [app:accessibility_probe, profile:default]
09:50:03.292469 - GSETTINGS REGISTRY: keybindings/keyboard-layout using default value = 'desktop'
09:50:03.292501 - GSETTINGS SCHEMA HANDLE: keybindings/desktop-modifier-keys not set [app:accessibility_probe, profile:default]
09:50:03.292513 - GSETTINGS REGISTRY: keybindings/desktop-modifier-keys using default value = ['Insert', 'KP_Insert']
09:50:03.292662 - GSETTINGS SCHEMA HANDLE: keybindings/keyboard-layout not set [app:accessibility_probe, profile:default]
09:50:03.292684 - GSETTINGS REGISTRY: keybindings/keyboard-layout using default value = 'desktop'
09:50:03.292722 - GSETTINGS SCHEMA HANDLE: keybindings/desktop-modifier-keys not set [app:accessibility_probe, profile:default]
09:50:03.292744 - GSETTINGS REGISTRY: keybindings/desktop-modifier-keys using default value = ['Insert', 'KP_Insert']
09:50:03.292786 - FOCUS MANAGER: Active window is [frame: 'Reactive TUI App accessibility round 1' (0x7132c5d03000)]  <unknown>.<module>:373 > input_event_manager._on_key_pressed:261 > input_event_manager.process_keyboard_event:297 > focus_manager.get_active_window:342
09:50:03.293234 - AXObject: Clearing AT-SPI cache on [frame: 'Reactive TUI App accessibility round 1' (0x7132c5d03000)]  Recursive: False.  Reason: Checking if window can be the active window
09:50:03.299236 - AXUtilities: [frame: 'Reactive TUI App accessibility round 1' (0x7132c5d03000)]  from [application: 'accessibility_probe' (0x7132c77adac0)]  can be active window
09:50:03.299638 - FOCUS MANAGER: Locus of focus is [entry: 'Project setting' (0x7132c6642100)] 
09:50:03.299910 - SCRIPT MANAGER: Active script is: accessibility_probe (module=orca.scripts.default)
09:50:03.300258 - GSETTINGS SCHEMA HANDLE: keybindings/keyboard-layout not set [app:accessibility_probe, profile:default]
09:50:03.300279 - GSETTINGS REGISTRY: keybindings/keyboard-layout using default value = 'desktop'
09:50:03.300317 - GSETTINGS SCHEMA HANDLE: keybindings/desktop-modifier-keys not set [app:accessibility_probe, profile:default]
09:50:03.300333 - GSETTINGS REGISTRY: keybindings/desktop-modifier-keys using default value = ['Insert', 'KP_Insert']

KEYBOARD_EVENT:  type=ATSPI_KEY_PRESSED_EVENT
                 id=65361
                 hw_code=113
                 modifiers=0
                 text=''
                 keyval_name='Left'
                 timestamp=1789048203.292622
                 clickCount=1

vvvvv PROCESS ATSPI_KEY_PRESSED_EVENT: 'Left' (113) vvvvv
09:50:03.300422 - SCRIPT: accessibility_probe (module=orca.scripts.default)
09:50:03.300458 - WINDOW: [frame: 'Reactive TUI App accessibility round 1' (0x7132c5d03000)] 
09:50:03.300490 - LOCATION: [entry: 'Project setting' (0x7132c6642100)] 
09:50:03.300553 - GSETTINGS SCHEMA HANDLE: keybindings/keyboard-layout not set [app:accessibility_probe, profile:default]
09:50:03.300567 - GSETTINGS REGISTRY: keybindings/keyboard-layout using default value = 'desktop'
09:50:03.300599 - GSETTINGS SCHEMA HANDLE: keybindings/desktop-modifier-keys not set [app:accessibility_probe, profile:default]
09:50:03.300620 - GSETTINGS REGISTRY: keybindings/desktop-modifier-keys using default value = ['Insert', 'KP_Insert']
09:50:03.300640 - PRESENTATION MANAGER: Interrupting presentation
09:50:03.300698 - SPEECH MANAGER: interrupt_speech. Script: None Event: None notify_user: False
09:50:03.300974 - SPEECH MANAGER: Speech server is <orca.speechdispatcherfactory.SpeechServer object at 0x7132c76d96a0>
09:50:03.301064 - BRAILLE: Kill flash message input_event._present:603 > presentation_manager.interrupt_presentation:88 > braille_presenter.kill_flash:1829 > braille.kill_flash:2182
09:50:03.301465 - TYPING ECHO PRESENTER: should_echo_keyboard_event: 'left'?
09:50:03.301506 - GSETTINGS SCHEMA HANDLE: keybindings/keyboard-layout not set [app:accessibility_probe, profile:default]
09:50:03.301514 - GSETTINGS REGISTRY: keybindings/keyboard-layout using default value = 'desktop'
09:50:03.301527 - GSETTINGS SCHEMA HANDLE: keybindings/desktop-modifier-keys not set [app:accessibility_probe, profile:default]
09:50:03.301532 - GSETTINGS REGISTRY: keybindings/desktop-modifier-keys using default value = ['Insert', 'KP_Insert']
09:50:03.301549 - GSETTINGS SCHEMA HANDLE: typing-echo/character-echo not set [app:accessibility_probe, profile:default]
09:50:03.301553 - GSETTINGS REGISTRY: typing-echo/character-echo using default value = False
09:50:03.301565 - GSETTINGS SCHEMA HANDLE: keybindings/keyboard-layout not set [app:accessibility_probe, profile:default]
09:50:03.301569 - GSETTINGS REGISTRY: keybindings/keyboard-layout using default value = 'desktop'
09:50:03.301578 - GSETTINGS SCHEMA HANDLE: keybindings/desktop-modifier-keys not set [app:accessibility_probe, profile:default]
09:50:03.301582 - GSETTINGS REGISTRY: keybindings/desktop-modifier-keys using default value = ['Insert', 'KP_Insert']
09:50:03.301597 - GSETTINGS SCHEMA HANDLE: typing-echo/key-echo not set [app:accessibility_probe, profile:default]
09:50:03.301600 - GSETTINGS REGISTRY: typing-echo/key-echo using default value = True
09:50:03.301618 - GSETTINGS SCHEMA HANDLE: typing-echo/navigation-keys not set [app:accessibility_probe, profile:default]
09:50:03.301621 - GSETTINGS REGISTRY: typing-echo/navigation-keys using default value = False
09:50:03.301626 - TYPING ECHO PRESENTER: Echoing navigation keyboard event: False.
09:50:03.301632 - TOTAL PROCESSING TIME: 0.0013
^^^^^ PROCESS ATSPI_KEY_PRESSED_EVENT: 'Left' (113) ^^^^^

09:50:03.301654 - GSETTINGS SCHEMA HANDLE: keybindings/keyboard-layout not set [app:accessibility_probe, profile:default]
09:50:03.301658 - GSETTINGS REGISTRY: keybindings/keyboard-layout using default value = 'desktop'
09:50:03.301667 - GSETTINGS SCHEMA HANDLE: keybindings/desktop-modifier-keys not set [app:accessibility_probe, profile:default]
09:50:03.301671 - GSETTINGS REGISTRY: keybindings/desktop-modifier-keys using default value = ['Insert', 'KP_Insert']
09:50:03.301829 - GSETTINGS SCHEMA HANDLE: keybindings/keyboard-layout not set [app:accessibility_probe, profile:default]
09:50:03.301834 - GSETTINGS REGISTRY: keybindings/keyboard-layout using default value = 'desktop'
09:50:03.301843 - GSETTINGS SCHEMA HANDLE: keybindings/desktop-modifier-keys not set [app:accessibility_probe, profile:default]
09:50:03.301847 - GSETTINGS REGISTRY: keybindings/desktop-modifier-keys using default value = ['Insert', 'KP_Insert']
09:50:03.302334 - GSETTINGS SCHEMA HANDLE: keybindings/keyboard-layout not set [app:accessibility_probe, profile:default]
09:50:03.302345 - GSETTINGS REGISTRY: keybindings/keyboard-layout using default value = 'desktop'
09:50:03.302356 - GSETTINGS SCHEMA HANDLE: keybindings/desktop-modifier-keys not set [app:accessibility_probe, profile:default]
09:50:03.302360 - GSETTINGS REGISTRY: keybindings/desktop-modifier-keys using default value = ['Insert', 'KP_Insert']

KEYBOARD_EVENT:  type=ATSPI_KEY_RELEASED_EVENT
                 id=65361
                 hw_code=113
                 modifiers=0
                 text=''
                 keyval_name='Left'
                 timestamp=1789048203.3018155
                 clickCount=1

vvvvv PROCESS ATSPI_KEY_RELEASED_EVENT: 'Left' (113) vvvvv
09:50:03.302404 - SCRIPT: accessibility_probe (module=orca.scripts.default)
09:50:03.302422 - WINDOW: [frame: 'Reactive TUI App accessibility round 1' (0x7132c5d03000)] 
09:50:03.302435 - LOCATION: [entry: 'Project setting' (0x7132c6642100)] 
09:50:03.302456 - GSETTINGS SCHEMA HANDLE: keybindings/keyboard-layout not set [app:accessibility_probe, profile:default]
09:50:03.302461 - GSETTINGS REGISTRY: keybindings/keyboard-layout using default value = 'desktop'
09:50:03.302472 - GSETTINGS SCHEMA HANDLE: keybindings/desktop-modifier-keys not set [app:accessibility_probe, profile:default]
09:50:03.302476 - GSETTINGS REGISTRY: keybindings/desktop-modifier-keys using default value = ['Insert', 'KP_Insert']
09:50:03.302490 - TOTAL PROCESSING TIME: 0.0001
^^^^^ PROCESS ATSPI_KEY_RELEASED_EVENT: 'Left' (113) ^^^^^

09:50:03.302511 - GSETTINGS SCHEMA HANDLE: keybindings/keyboard-layout not set [app:accessibility_probe, profile:default]
09:50:03.302514 - GSETTINGS REGISTRY: keybindings/keyboard-layout using default value = 'desktop'
09:50:03.302524 - GSETTINGS SCHEMA HANDLE: keybindings/desktop-modifier-keys not set [app:accessibility_probe, profile:default]
09:50:03.302527 - GSETTINGS REGISTRY: keybindings/desktop-modifier-keys using default value = ['Insert', 'KP_Insert']
09:50:03.302691 - EVENT MANAGER: Dequeueing object:state-changed:focused for [page tab: 'Settings' (0x7132c65ffd40)]  in accessibility_probe (AccessKit) (0, 0, 0)
09:50:03.302749 - EVENT MANAGER: Dequeued object:state-changed:focused for [page tab: 'Settings' (0x7132c65ffd40)]  in accessibility_probe (AccessKit) (0, 0, 0) priority: 3, counter: 65

vvvvv START PRIORITY-3 OBJECT EVENT OBJECT:STATE-CHANGED:FOCUSED (queue size: 39) vvvvv

09:50:03.304046 - EVENT MANAGER: object:text-caret-moved for [entry: 'Project setting' (0x7132c6642100)]  in accessibility_probe (AccessKit) (4, 0, 0)
09:50:03.304098 - FOCUS MANAGER: Locus of focus is [entry: 'Project setting' (0x7132c6642100)] 
09:50:03.304204 - EVENT_MANAGER: Not ignoring object:text-caret-moved due to source being locus of focus
09:50:03.304288 - EVENT MANAGER: Queueing object:text-caret-moved for [entry: 'Project setting' (0x7132c6642100)]  in accessibility_probe (AccessKit) (4, 0, 0)
09:50:03.304330 - EVENT MANAGER: App for event source is [application: 'accessibility_probe' (0x7132c77adac0)] 
09:50:03.304377 - SCRIPT MANAGER: Getting script for [application: 'accessibility_probe' (0x7132c77adac0)]  [entry: 'Project setting' (0x7132c6642100)] 
09:50:03.304769 - SCRIPT MANAGER: Script is app script accessibility_probe (module=orca.scripts.default)
09:50:03.304875 - EVENT MANAGER: object:text-caret-moved for [entry: 'Project setting' (0x7132c6642100)]  in accessibility_probe (AccessKit) (4, 0, 0) has priority level: 4
09:50:03.304968 - EVENT MANAGER: Queued object:text-caret-moved for [entry: 'Project setting' (0x7132c6642100)]  in accessibility_probe (AccessKit) (4, 0, 0) priority: 4, counter: 67
09:50:03.305071 - CLIPBOARD PRESENTER: Possible change event object:text-changed:insert for [entry: 'Project setting' (0x7132c6642100)]  in accessibility_probe (AccessKit) (4, 1, x)

09:50:03.305192 - EVENT MANAGER: object:text-changed:insert for [entry: 'Project setting' (0x7132c6642100)]  in accessibility_probe (AccessKit) (4, 1, x)
09:50:03.305228 - FOCUS MANAGER: Locus of focus is [entry: 'Project setting' (0x7132c6642100)] 
09:50:03.305319 - EVENT_MANAGER: Not ignoring object:text-changed:insert due to source being locus of focus
09:50:03.305399 - EVENT MANAGER: Queueing object:text-changed:insert for [entry: 'Project setting' (0x7132c6642100)]  in accessibility_probe (AccessKit) (4, 1, x)
09:50:03.305440 - EVENT MANAGER: App for event source is [application: 'accessibility_probe' (0x7132c77adac0)] 
09:50:03.305484 - SCRIPT MANAGER: Getting script for [application: 'accessibility_probe' (0x7132c77adac0)]  [entry: 'Project setting' (0x7132c6642100)] 
09:50:03.305829 - SCRIPT MANAGER: Script is app script accessibility_probe (module=orca.scripts.default)
09:50:03.305929 - EVENT MANAGER: object:text-changed:insert for [entry: 'Project setting' (0x7132c6642100)]  in accessibility_probe (AccessKit) (4, 1, x) has priority level: 4
09:50:03.306039 - EVENT MANAGER: Queued object:text-changed:insert for [entry: 'Project setting' (0x7132c6642100)]  in accessibility_probe (AccessKit) (4, 1, x) priority: 4, counter: 68

09:50:03.306139 - EVENT MANAGER: object:text-caret-moved for [entry: 'Project setting' (0x7132c6642100)]  in accessibility_probe (AccessKit) (5, 0, 0)
09:50:03.306177 - FOCUS MANAGER: Locus of focus is [entry: 'Project setting' (0x7132c6642100)] 
09:50:03.306268 - EVENT_MANAGER: Not ignoring object:text-caret-moved due to source being locus of focus
09:50:03.306349 - EVENT MANAGER: Queueing object:text-caret-moved for [entry: 'Project setting' (0x7132c6642100)]  in accessibility_probe (AccessKit) (5, 0, 0)
09:50:03.306390 - EVENT MANAGER: App for event source is [application: 'accessibility_probe' (0x7132c77adac0)] 
09:50:03.306435 - SCRIPT MANAGER: Getting script for [application: 'accessibility_probe' (0x7132c77adac0)]  [entry: 'Project setting' (0x7132c6642100)] 
09:50:03.306788 - SCRIPT MANAGER: Script is app script accessibility_probe (module=orca.scripts.default)
09:50:03.306894 - EVENT MANAGER: object:text-caret-moved for [entry: 'Project setting' (0x7132c6642100)]  in accessibility_probe (AccessKit) (5, 0, 0) has priority level: 4
09:50:03.306996 - EVENT MANAGER: Queued object:text-caret-moved for [entry: 'Project setting' (0x7132c6642100)]  in accessibility_probe (AccessKit) (5, 0, 0) priority: 4, counter: 69
09:50:03.307097 - CLIPBOARD PRESENTER: Possible change event object:text-changed:delete for [terminal: 'Terminal' (0x7132c5d3c840)]  in org.gnome.Terminal (gtk 3.24.52) (108, 1, )

09:50:03.307228 - EVENT MANAGER: object:text-changed:delete for [terminal: 'Terminal' (0x7132c5d3c840)]  in org.gnome.Terminal (gtk 3.24.52) (108, 1, )
09:50:03.307266 - FOCUS MANAGER: Locus of focus is [entry: 'Project setting' (0x7132c6642100)] 
09:50:03.307410 - EVENT_MANAGER: Not ignoring object:text-changed:delete due to source being focused
09:50:03.307497 - EVENT MANAGER: Queueing object:text-changed:delete for [terminal: 'Terminal' (0x7132c5d3c840)]  in org.gnome.Terminal (gtk 3.24.52) (108, 1, )
09:50:03.307539 - EVENT MANAGER: App for event source is [application: 'org.gnome.Terminal' (0x7132c7790700)] 
09:50:03.307585 - SCRIPT MANAGER: Getting script for [application: 'org.gnome.Terminal' (0x7132c7790700)]  [terminal: 'Terminal' (0x7132c5d3c840)] 
09:50:03.307635 - SCRIPT MANAGER: Script is custom script org.gnome.Terminal (module=orca.scripts.terminal.script)
09:50:03.307736 - EVENT MANAGER: object:text-changed:delete for [terminal: 'Terminal' (0x7132c5d3c840)]  in org.gnome.Terminal (gtk 3.24.52) (108, 1, ) has priority level: 4
09:50:03.307832 - EVENT MANAGER: Queued object:text-changed:delete for [terminal: 'Terminal' (0x7132c5d3c840)]  in org.gnome.Terminal (gtk 3.24.52) (108, 1, ) priority: 4, counter: 70
09:50:03.307931 - CLIPBOARD PRESENTER: Possible change event object:text-changed:insert for [terminal: 'Terminal' (0x7132c5d3c840)]  in org.gnome.Terminal (gtk 3.24.52) (108, 1, x)

09:50:03.308078 - EVENT MANAGER: object:text-changed:insert for [terminal: 'Terminal' (0x7132c5d3c840)]  in org.gnome.Terminal (gtk 3.24.52) (108, 1, x)
09:50:03.308120 - FOCUS MANAGER: Locus of focus is [entry: 'Project setting' (0x7132c6642100)] 
09:50:03.308264 - EVENT_MANAGER: Not ignoring object:text-changed:insert due to source being focused
09:50:03.308352 - EVENT MANAGER: Queueing object:text-changed:insert for [terminal: 'Terminal' (0x7132c5d3c840)]  in org.gnome.Terminal (gtk 3.24.52) (108, 1, x)
09:50:03.308397 - EVENT MANAGER: App for event source is [application: 'org.gnome.Terminal' (0x7132c7790700)] 
09:50:03.308445 - SCRIPT MANAGER: Getting script for [application: 'org.gnome.Terminal' (0x7132c7790700)]  [terminal: 'Terminal' (0x7132c5d3c840)] 
09:50:03.308492 - SCRIPT MANAGER: Script is custom script org.gnome.Terminal (module=orca.scripts.terminal.script)
09:50:03.308589 - EVENT MANAGER: object:text-changed:insert for [terminal: 'Terminal' (0x7132c5d3c840)]  in org.gnome.Terminal (gtk 3.24.52) (108, 1, x) has priority level: 4
09:50:03.308689 - EVENT MANAGER: Queued object:text-changed:insert for [terminal: 'Terminal' (0x7132c5d3c840)]  in org.gnome.Terminal (gtk 3.24.52) (108, 1, x) priority: 4, counter: 71

09:50:03.308791 - EVENT MANAGER: object:text-caret-moved for [terminal: 'Terminal' (0x7132c5d3c840)]  in org.gnome.Terminal (gtk 3.24.52) (110, 0, 0)
09:50:03.308829 - FOCUS MANAGER: Locus of focus is [entry: 'Project setting' (0x7132c6642100)] 
09:50:03.308975 - EVENT_MANAGER: Not ignoring object:text-caret-moved due to source being focused
09:50:03.309074 - EVENT MANAGER: Queueing object:text-caret-moved for [terminal: 'Terminal' (0x7132c5d3c840)]  in org.gnome.Terminal (gtk 3.24.52) (110, 0, 0)
09:50:03.309118 - EVENT MANAGER: App for event source is [application: 'org.gnome.Terminal' (0x7132c7790700)] 
09:50:03.309166 - SCRIPT MANAGER: Getting script for [application: 'org.gnome.Terminal' (0x7132c7790700)]  [terminal: 'Terminal' (0x7132c5d3c840)] 
09:50:03.309216 - SCRIPT MANAGER: Script is custom script org.gnome.Terminal (module=orca.scripts.terminal.script)
09:50:03.309340 - EVENT MANAGER: object:text-caret-moved for [terminal: 'Terminal' (0x7132c5d3c840)]  in org.gnome.Terminal (gtk 3.24.52) (110, 0, 0) has priority level: 4
09:50:03.309438 - EVENT MANAGER: Queued object:text-caret-moved for [terminal: 'Terminal' (0x7132c5d3c840)]  in org.gnome.Terminal (gtk 3.24.52) (110, 0, 0) priority: 4, counter: 72

09:50:03.309546 - EVENT MANAGER: object:text-caret-moved for [entry: 'Project setting' (0x7132c6642100)]  in accessibility_probe (AccessKit) (4, 0, 0)
09:50:03.309585 - FOCUS MANAGER: Locus of focus is [entry: 'Project setting' (0x7132c6642100)] 
09:50:03.309679 - EVENT_MANAGER: Not ignoring object:text-caret-moved due to source being locus of focus
09:50:03.309797 - EVENT MANAGER: Queueing object:text-caret-moved for [entry: 'Project setting' (0x7132c6642100)]  in accessibility_probe (AccessKit) (4, 0, 0)
09:50:03.309839 - EVENT MANAGER: App for event source is [application: 'accessibility_probe' (0x7132c77adac0)] 
09:50:03.309861 - SCRIPT MANAGER: Getting script for [application: 'accessibility_probe' (0x7132c77adac0)]  [entry: 'Project setting' (0x7132c6642100)] 
09:50:03.310417 - SCRIPT MANAGER: Script is app script accessibility_probe (module=orca.scripts.default)
09:50:03.310537 - EVENT MANAGER: object:text-caret-moved for [entry: 'Project setting' (0x7132c6642100)]  in accessibility_probe (AccessKit) (4, 0, 0) has priority level: 4
09:50:03.310629 - EVENT MANAGER: Queued object:text-caret-moved for [entry: 'Project setting' (0x7132c6642100)]  in accessibility_probe (AccessKit) (4, 0, 0) priority: 4, counter: 73
09:50:03.317233 - EVENT SOURCE:
                  app='accessibility_probe (AccessKit )' name='Settings' role='page tab' axid='' id=0x7132c65ffd40
                  description=''
                  help=''
                  locale=''
                  states='enabled, focusable, selectable, selected, sensitive, showing, visible'
                  relations=''
                  actions='click'
                  interfaces='Action, Component'
                  attributes=''
                  text=''
                  path=[-1, 0, 0, 0, 2]
                  
09:50:03.317348 - SCRIPT MANAGER: Active script is: accessibility_probe (module=orca.scripts.default)
09:50:03.317417 - FOCUS MANAGER: Locus of focus is [entry: 'Project setting' (0x7132c6642100)] 
09:50:03.317504 - EVENT MANAGER: Getting script for event for [application: 'accessibility_probe' (0x7132c77adac0)]  [page tab: 'Settings' (0x7132c65ffd40)] 
09:50:03.317556 - SCRIPT MANAGER: Getting script for [application: 'accessibility_probe' (0x7132c77adac0)]  [page tab: 'Settings' (0x7132c65ffd40)] 
09:50:03.318029 - SCRIPT MANAGER: Script is app script accessibility_probe (module=orca.scripts.default)
09:50:03.318069 - EVENT MANAGER: Script for event is accessibility_probe (module=orca.scripts.default)
09:50:03.318096 - EVENT MANAGER: Processing object:state-changed:focused: script for event is active
TOTAL PROCESSING TIME: 0.0154
^^^^^ FINISHED PRIORITY-3 OBJECT EVENT OBJECT:STATE-CHANGED:FOCUSED ^^^^^

09:50:03.318163 - WARNING: Braille initialization failed: BrlAPI connection unavailable.
09:50:03.318193 - BRAILLE: Scheduling BrlAPI retry in 2000 ms.
09:50:03.318362 - EVENT MANAGER: Dequeueing object:state-changed:showing for [frame: 'Terminal' (0x7132c6658d00)]  in org.gnome.Terminal (gtk 3.24.52) (1, 0, 0)
09:50:03.318458 - EVENT MANAGER: Dequeued object:state-changed:showing for [frame: 'Terminal' (0x7132c6658d00)]  in org.gnome.Terminal (gtk 3.24.52) (1, 0, 0) priority: 4, counter: 5

vvvvv START PRIORITY-4 OBJECT EVENT OBJECT:STATE-CHANGED:SHOWING (queue size: 45) vvvvv
09:50:03.320206 - EVENT SOURCE:
                  app='org.gnome.Terminal (gtk 3.24.52)' name='Terminal' role='frame' axid='' id=0x7132c6658d00
                  description=''
                  help=''
                  locale='C.UTF-8'
                  states='active, enabled, resizable, sensitive, showing, visible'
                  relations=''
                  actions=''
                  interfaces='Collection, Component'
                  attributes='toolkit:gtk, window-type:normal'
                  text=''
                  path=[-1, 0]
                  
09:50:03.320257 - SCRIPT MANAGER: Active script is: accessibility_probe (module=orca.scripts.default)
09:50:03.320304 - FOCUS MANAGER: Locus of focus is [entry: 'Project setting' (0x7132c6642100)] 
09:50:03.320377 - EVENT MANAGER: Getting script for event for [application: 'org.gnome.Terminal' (0x7132c7790700)]  [frame: 'Terminal' (0x7132c6658d00)] 
09:50:03.320426 - SCRIPT MANAGER: Getting script for [application: 'org.gnome.Terminal' (0x7132c7790700)]  [frame: 'Terminal' (0x7132c6658d00)] 
09:50:03.320484 - SCRIPT MANAGER: Script is app script org.gnome.Terminal (module=orca.scripts.toolkits.gtk.script)
09:50:03.320515 - EVENT MANAGER: Script for event is org.gnome.Terminal (module=orca.scripts.toolkits.gtk.script)
09:50:03.321495 - EVENT MANAGER: Change active script: False (No reason found to activate a different script.)
09:50:03.321521 - EVENT MANAGER: Processing object:state-changed:showing: script handles events when inactive
09:50:03.321604 - AXUtilitiesRelation: [frame: 'Terminal' (0x7132c6658d00)]  is popup for: []
TOTAL PROCESSING TIME: 0.0032
^^^^^ FINISHED PRIORITY-4 OBJECT EVENT OBJECT:STATE-CHANGED:SHOWING ^^^^^

09:50:03.321794 - EVENT MANAGER: Dequeueing object:text-changed:insert for [terminal: 'Terminal' (0x7132c5d3c840)]  in org.gnome.Terminal (gtk 3.24.52) (0, 32, \n\n\n\n\n\n\n\n\n\n\n\n\n\n\n\n\n\n\n\n\n\n\n\n\n\n\n\n\n\n\n\n)
09:50:03.321887 - EVENT MANAGER: Dequeued object:text-changed:insert for [terminal: 'Terminal' (0x7132c5d3c840)]  in org.gnome.Terminal (gtk 3.24.52) (0, 32, \n\n\n\n\n\n\n\n\n\n\n\n\n\n\n\n\n\n\n\n\n\n\n\n\n\n\n\n\n\n\n\n) priority: 4, counter: 10

vvvvv START PRIORITY-4 OBJECT EVENT OBJECT:TEXT-CHANGED:INSERT (queue size: 44) vvvvv
09:50:03.324519 - EVENT SOURCE:
                  app='org.gnome.Terminal (gtk 3.24.52)' name='Terminal' role='terminal' axid='' id=0x7132c5d3c840
                  description=''
                  help=''
                  locale='C.UTF-8'
                  states='enabled, focusable, focused, sensitive, showing, visible'
                  relations=''
                  actions='menu'
                  interfaces='Action, Collection, Component, Text'
                  attributes='toolkit:gtk'
                  text='Overview ✕ ~ Unavailable~ Settings ... \n \n \n \n \n (3264 chars.)'
                  path=[-1, 0, 0, 1, 0, 0, 0, 0]
                  
09:50:03.324590 - SCRIPT MANAGER: Active script is: accessibility_probe (module=orca.scripts.default)
09:50:03.324641 - FOCUS MANAGER: Locus of focus is [entry: 'Project setting' (0x7132c6642100)] 
09:50:03.324721 - EVENT MANAGER: Getting script for event for [application: 'org.gnome.Terminal' (0x7132c7790700)]  [terminal: 'Terminal' (0x7132c5d3c840)] 
09:50:03.324769 - SCRIPT MANAGER: Getting script for [application: 'org.gnome.Terminal' (0x7132c7790700)]  [terminal: 'Terminal' (0x7132c5d3c840)] 
09:50:03.324831 - SCRIPT MANAGER: Script is custom script org.gnome.Terminal (module=orca.scripts.terminal.script)
09:50:03.324859 - EVENT MANAGER: Script for event is org.gnome.Terminal (module=orca.scripts.terminal.script)
09:50:03.326321 - EVENT MANAGER: Change active script: False (No reason found to activate a different script.)
09:50:03.326354 - EVENT MANAGER: Not processing object:text-changed:insert due to lack of reason
TOTAL PROCESSING TIME: 0.0045
^^^^^ FINISHED PRIORITY-4 OBJECT EVENT OBJECT:TEXT-CHANGED:INSERT ^^^^^

09:50:03.326511 - EVENT MANAGER: Dequeueing object:text-caret-moved for [terminal: 'Terminal' (0x7132c5d3c840)]  in org.gnome.Terminal (gtk 3.24.52) (0, 0, 0)
09:50:03.326605 - EVENT MANAGER: Dequeued object:text-caret-moved for [terminal: 'Terminal' (0x7132c5d3c840)]  in org.gnome.Terminal (gtk 3.24.52) (0, 0, 0) priority: 4, counter: 11

vvvvv START PRIORITY-4 OBJECT EVENT OBJECT:TEXT-CARET-MOVED (queue size: 43) vvvvv
09:50:03.326832 - EVENT MANAGER: object:text-caret-moved for [terminal: 'Terminal' (0x7132c5d3c840)]  in org.gnome.Terminal (gtk 3.24.52) (0, 0, 0) obsoleted by object:text-caret-moved for [terminal: 'Terminal' (0x7132c5d3c840)]  in org.gnome.Terminal (gtk 3.24.52) (110, 0, 0) more recent event of same type for same object
TOTAL PROCESSING TIME: 0.0002
^^^^^ FINISHED PRIORITY-4 OBJECT EVENT OBJECT:TEXT-CARET-MOVED ^^^^^

09:50:03.326945 - EVENT MANAGER: Dequeueing object:text-changed:delete for [terminal: 'Terminal' (0x7132c5d3c840)]  in org.gnome.Terminal (gtk 3.24.52) (0, 2, \n\n)
09:50:03.327040 - EVENT MANAGER: Dequeued object:text-changed:delete for [terminal: 'Terminal' (0x7132c5d3c840)]  in org.gnome.Terminal (gtk 3.24.52) (0, 2, \n\n) priority: 4, counter: 13

vvvvv START PRIORITY-4 OBJECT EVENT OBJECT:TEXT-CHANGED:DELETE (queue size: 42) vvvvv
09:50:03.331196 - EVENT SOURCE:
                  app='org.gnome.Terminal (gtk 3.24.52)' name='Terminal' role='terminal' axid='' id=0x7132c5d3c840
                  description=''
                  help=''
                  locale='C.UTF-8'
                  states='enabled, focusable, focused, sensitive, showing, visible'
                  relations=''
                  actions='menu'
                  interfaces='Action, Collection, Component, Text'
                  attributes='toolkit:gtk'
                  text='▶Overview ✕ ~ Unavailable~ Settings ... \n \n \n \n \n (3264 chars.)'
                  path=[-1, 0, 0, 1, 0, 0, 0, 0]
                  
09:50:03.331260 - SCRIPT MANAGER: Active script is: accessibility_probe (module=orca.scripts.default)
09:50:03.331309 - FOCUS MANAGER: Locus of focus is [entry: 'Project setting' (0x7132c6642100)] 
09:50:03.331381 - EVENT MANAGER: Getting script for event for [application: 'org.gnome.Terminal' (0x7132c7790700)]  [terminal: 'Terminal' (0x7132c5d3c840)] 
09:50:03.331428 - SCRIPT MANAGER: Getting script for [application: 'org.gnome.Terminal' (0x7132c7790700)]  [terminal: 'Terminal' (0x7132c5d3c840)] 
09:50:03.331475 - SCRIPT MANAGER: Script is custom script org.gnome.Terminal (module=orca.scripts.terminal.script)
09:50:03.331503 - EVENT MANAGER: Script for event is org.gnome.Terminal (module=orca.scripts.terminal.script)
09:50:03.332360 - EVENT MANAGER: Change active script: False (No reason found to activate a different script.)
09:50:03.332385 - EVENT MANAGER: Not processing object:text-changed:delete due to lack of reason
TOTAL PROCESSING TIME: 0.0053
^^^^^ FINISHED PRIORITY-4 OBJECT EVENT OBJECT:TEXT-CHANGED:DELETE ^^^^^

09:50:03.332612 - EVENT MANAGER: Dequeueing object:text-changed:insert for [terminal: 'Terminal' (0x7132c5d3c840)]  in org.gnome.Terminal (gtk 3.24.52) (29, 2, \n\n)
09:50:03.332702 - EVENT MANAGER: Dequeued object:text-changed:insert for [terminal: 'Terminal' (0x7132c5d3c840)]  in org.gnome.Terminal (gtk 3.24.52) (29, 2, \n\n) priority: 4, counter: 14

vvvvv START PRIORITY-4 OBJECT EVENT OBJECT:TEXT-CHANGED:INSERT (queue size: 41) vvvvv
09:50:03.334085 - CLIPBOARD PRESENTER: Possible change event object:text-changed:delete for [terminal: 'Terminal' (0x7132c5d3c840)]  in org.gnome.Terminal (gtk 3.24.52) (2, 133, Overview ✕ ~ Unavailable~ Settings... Settings ✕ \n▶ [seedx ] (134 chars.))

09:50:03.334232 - EVENT MANAGER: object:text-changed:delete for [terminal: 'Terminal' (0x7132c5d3c840)]  in org.gnome.Terminal (gtk 3.24.52) (2, 133, Overview ✕ ~ Unavailable~ Settings... Settings ✕ \n▶ [seedx ] (134 chars.))
09:50:03.334273 - FOCUS MANAGER: Locus of focus is [entry: 'Project setting' (0x7132c6642100)] 
09:50:03.334416 - EVENT_MANAGER: Not ignoring object:text-changed:delete due to source being focused
09:50:03.334502 - EVENT MANAGER: Queueing object:text-changed:delete for [terminal: 'Terminal' (0x7132c5d3c840)]  in org.gnome.Terminal (gtk 3.24.52) (2, 133, Overview ✕ ~ Unavailable~ Settings... Settings ✕ \n▶ [seedx ] (134 chars.))
09:50:03.334545 - EVENT MANAGER: App for event source is [application: 'org.gnome.Terminal' (0x7132c7790700)] 
09:50:03.334590 - SCRIPT MANAGER: Getting script for [application: 'org.gnome.Terminal' (0x7132c7790700)]  [terminal: 'Terminal' (0x7132c5d3c840)] 
09:50:03.334634 - SCRIPT MANAGER: Script is custom script org.gnome.Terminal (module=orca.scripts.terminal.script)
09:50:03.334732 - EVENT MANAGER: object:text-changed:delete for [terminal: 'Terminal' (0x7132c5d3c840)]  in org.gnome.Terminal (gtk 3.24.52) (2, 133, Overview ✕ ~ Unavailable~ Settings... Settings ✕ \n▶ [seedx ] (134 chars.)) has priority level: 4
09:50:03.334827 - EVENT MANAGER: Queued object:text-changed:delete for [terminal: 'Terminal' (0x7132c5d3c840)]  in org.gnome.Terminal (gtk 3.24.52) (2, 133, Overview ✕ ~ Unavailable~ Settings... Settings ✕ \n▶ [seedx ] (134 chars.)) priority: 4, counter: 74
09:50:03.334924 - CLIPBOARD PRESENTER: Possible change event object:text-changed:insert for [terminal: 'Terminal' (0x7132c5d3c840)]  in org.gnome.Terminal (gtk 3.24.52) (2, 133, ▶Overview ✕ ~ Unavailable~ Settings... Unavailable~ Settings ✕ \nProject overview (134 chars.))

09:50:03.335059 - EVENT MANAGER: object:text-changed:insert for [terminal: 'Terminal' (0x7132c5d3c840)]  in org.gnome.Terminal (gtk 3.24.52) (2, 133, ▶Overview ✕ ~ Unavailable~ Settings... Unavailable~ Settings ✕ \nProject overview (134 chars.))
09:50:03.335097 - FOCUS MANAGER: Locus of focus is [entry: 'Project setting' (0x7132c6642100)] 
09:50:03.335234 - EVENT_MANAGER: Not ignoring object:text-changed:insert due to source being focused
09:50:03.335317 - EVENT MANAGER: Queueing object:text-changed:insert for [terminal: 'Terminal' (0x7132c5d3c840)]  in org.gnome.Terminal (gtk 3.24.52) (2, 133, ▶Overview ✕ ~ Unavailable~ Settings... Unavailable~ Settings ✕ \nProject overview (134 chars.))
09:50:03.335359 - EVENT MANAGER: App for event source is [application: 'org.gnome.Terminal' (0x7132c7790700)] 
09:50:03.335403 - SCRIPT MANAGER: Getting script for [application: 'org.gnome.Terminal' (0x7132c7790700)]  [terminal: 'Terminal' (0x7132c5d3c840)] 
09:50:03.335447 - SCRIPT MANAGER: Script is custom script org.gnome.Terminal (module=orca.scripts.terminal.script)
09:50:03.335541 - EVENT MANAGER: object:text-changed:insert for [terminal: 'Terminal' (0x7132c5d3c840)]  in org.gnome.Terminal (gtk 3.24.52) (2, 133, ▶Overview ✕ ~ Unavailable~ Settings... Unavailable~ Settings ✕ \nProject overview (134 chars.)) has priority level: 4
09:50:03.335634 - EVENT MANAGER: Queued object:text-changed:insert for [terminal: 'Terminal' (0x7132c5d3c840)]  in org.gnome.Terminal (gtk 3.24.52) (2, 133, ▶Overview ✕ ~ Unavailable~ Settings... Unavailable~ Settings ✕ \nProject overview (134 chars.)) priority: 4, counter: 75

09:50:03.335729 - EVENT MANAGER: object:text-caret-moved for [terminal: 'Terminal' (0x7132c5d3c840)]  in org.gnome.Terminal (gtk 3.24.52) (135, 0, 0)
09:50:03.335765 - FOCUS MANAGER: Locus of focus is [entry: 'Project setting' (0x7132c6642100)] 
09:50:03.335898 - EVENT_MANAGER: Not ignoring object:text-caret-moved due to source being focused
09:50:03.335989 - EVENT MANAGER: Queueing object:text-caret-moved for [terminal: 'Terminal' (0x7132c5d3c840)]  in org.gnome.Terminal (gtk 3.24.52) (135, 0, 0)
09:50:03.336036 - EVENT MANAGER: App for event source is [application: 'org.gnome.Terminal' (0x7132c7790700)] 
09:50:03.336080 - SCRIPT MANAGER: Getting script for [application: 'org.gnome.Terminal' (0x7132c7790700)]  [terminal: 'Terminal' (0x7132c5d3c840)] 
09:50:03.336124 - SCRIPT MANAGER: Script is custom script org.gnome.Terminal (module=orca.scripts.terminal.script)
09:50:03.336214 - EVENT MANAGER: object:text-caret-moved for [terminal: 'Terminal' (0x7132c5d3c840)]  in org.gnome.Terminal (gtk 3.24.52) (135, 0, 0) has priority level: 4
09:50:03.336300 - EVENT MANAGER: Queued object:text-caret-moved for [terminal: 'Terminal' (0x7132c5d3c840)]  in org.gnome.Terminal (gtk 3.24.52) (135, 0, 0) priority: 4, counter: 76

09:50:03.336439 - EVENT MANAGER: object:state-changed:selected for [page tab: 'Overview' (0x7132c66255c0)]  in accessibility_probe (AccessKit) (1, 0, 0)
09:50:03.336476 - FOCUS MANAGER: Locus of focus is [entry: 'Project setting' (0x7132c6642100)] 
09:50:03.336581 - EVENT_MANAGER: Not ignoring object:state-changed:selected due to source being selected
09:50:03.336661 - EVENT MANAGER: Queueing object:state-changed:selected for [page tab: 'Overview' (0x7132c5d7cbc0)]  in accessibility_probe (AccessKit) (1, 0, 0)
09:50:03.336701 - EVENT MANAGER: App for event source is [application: 'accessibility_probe' (0x7132c77adac0)] 
09:50:03.336746 - SCRIPT MANAGER: Getting script for [application: 'accessibility_probe' (0x7132c77adac0)]  [page tab: 'Overview' (0x7132c5d5f240)] 
09:50:03.337239 - SCRIPT MANAGER: Script is app script accessibility_probe (module=orca.scripts.default)
09:50:03.337343 - EVENT MANAGER: object:state-changed:selected for [page tab: 'Overview' (0x7132c6625780)]  in accessibility_probe (AccessKit) (1, 0, 0) has priority level: 4
09:50:03.337431 - EVENT MANAGER: Queued object:state-changed:selected for [page tab: 'Overview' (0x7132c66255c0)]  in accessibility_probe (AccessKit) (1, 0, 0) priority: 4, counter: 77

09:50:03.337532 - EVENT MANAGER: object:property-change:accessible-name for [label: '▶Overview' (0x7132c5d7cbc0)]  in accessibility_probe (AccessKit) (0, 0, ▶Overview)
09:50:03.337570 - FOCUS MANAGER: Locus of focus is [entry: 'Project setting' (0x7132c6642100)] 
09:50:03.337811 - EVENT MANAGER: Queueing object:property-change:accessible-name for [label: '▶Overview' (0x7132c66255c0)]  in accessibility_probe (AccessKit) (0, 0, ▶Overview)
09:50:03.337854 - EVENT MANAGER: App for event source is [application: 'accessibility_probe' (0x7132c77adac0)] 
09:50:03.337900 - SCRIPT MANAGER: Getting script for [application: 'accessibility_probe' (0x7132c77adac0)]  [label: '▶Overview' (0x7132c6625780)] 
09:50:03.338227 - SCRIPT MANAGER: Script is app script accessibility_probe (module=orca.scripts.default)
09:50:03.338374 - EVENT MANAGER: object:property-change:accessible-name for [label: '▶Overview' (0x7132c65fcbc0)]  in accessibility_probe (AccessKit) (0, 0, ▶Overview) has priority level: 4
09:50:03.338473 - EVENT MANAGER: Queued object:property-change:accessible-name for [label: '▶Overview' (0x7132c66255c0)]  in accessibility_probe (AccessKit) (0, 0, ▶Overview) priority: 4, counter: 78

09:50:03.338580 - EVENT MANAGER: object:state-changed:selected for [page tab: 'Settings' (0x7132c65ffd40)]  in accessibility_probe (AccessKit) (0, 0, 0)
09:50:03.338618 - FOCUS MANAGER: Locus of focus is [entry: 'Project setting' (0x7132c6642100)] 
09:50:03.338856 - EVENT MANAGER: Queueing object:state-changed:selected for [page tab: 'Settings' (0x7132c65ffd40)]  in accessibility_probe (AccessKit) (0, 0, 0)
09:50:03.338898 - EVENT MANAGER: App for event source is [application: 'accessibility_probe' (0x7132c77adac0)] 
09:50:03.338944 - SCRIPT MANAGER: Getting script for [application: 'accessibility_probe' (0x7132c77adac0)]  [page tab: 'Settings' (0x7132c65ffd40)] 
09:50:03.339299 - SCRIPT MANAGER: Script is app script accessibility_probe (module=orca.scripts.default)
09:50:03.339426 - EVENT MANAGER: object:state-changed:selected for [page tab: 'Settings' (0x7132c65ffd40)]  in accessibility_probe (AccessKit) (0, 0, 0) has priority level: 4
09:50:03.339525 - EVENT MANAGER: Queued object:state-changed:selected for [page tab: 'Settings' (0x7132c65ffd40)]  in accessibility_probe (AccessKit) (0, 0, 0) priority: 4, counter: 79

09:50:03.339631 - EVENT MANAGER: object:state-changed:focused for [page tab: 'Overview' (0x7132c66255c0)]  in accessibility_probe (AccessKit) (1, 0, 0)
09:50:03.339670 - FOCUS MANAGER: Locus of focus is [entry: 'Project setting' (0x7132c6642100)] 
09:50:03.339782 - EVENT_MANAGER: Not ignoring object:state-changed:focused due to source being selected
09:50:03.339865 - EVENT MANAGER: Queueing object:state-changed:focused for [page tab: 'Overview' (0x7132c5d3cc40)]  in accessibility_probe (AccessKit) (1, 0, 0)
09:50:03.339909 - EVENT MANAGER: App for event source is [application: 'accessibility_probe' (0x7132c77adac0)] 
09:50:03.339955 - SCRIPT MANAGER: Getting script for [application: 'accessibility_probe' (0x7132c77adac0)]  [page tab: 'Overview' (0x7132c6625640)] 
09:50:03.340207 - SCRIPT MANAGER: Script is app script accessibility_probe (module=orca.scripts.default)
09:50:03.340312 - EVENT MANAGER: object:state-changed:focused for [page tab: 'Overview' (0x7132c5d3cc40)]  in accessibility_probe (AccessKit) (1, 0, 0) has priority level: 3
09:50:03.340403 - EVENT MANAGER: Queued object:state-changed:focused for [page tab: 'Overview' (0x7132c5d7d840)]  in accessibility_probe (AccessKit) (1, 0, 0) priority: 3, counter: 80

09:50:03.340497 - EVENT MANAGER: object:state-changed:focused for [entry: 'Project setting' (0x7132c6642100)]  in accessibility_probe (AccessKit) (0, 0, 0)
09:50:03.340533 - FOCUS MANAGER: Locus of focus is [entry: 'Project setting' (0x7132c6642100)] 
09:50:03.340620 - EVENT_MANAGER: Not ignoring object:state-changed:focused due to source being locus of focus
09:50:03.340699 - EVENT MANAGER: Queueing object:state-changed:focused for [entry: 'Project setting' (0x7132c6642100)]  in accessibility_probe (AccessKit) (0, 0, 0)
09:50:03.340739 - EVENT MANAGER: App for event source is [application: 'accessibility_probe' (0x7132c77adac0)] 
09:50:03.340783 - SCRIPT MANAGER: Getting script for [application: 'accessibility_probe' (0x7132c77adac0)]  [entry: 'Project setting' (0x7132c6642100)] 
09:50:03.340998 - SCRIPT MANAGER: Script is app script accessibility_probe (module=orca.scripts.default)
09:50:03.341099 - EVENT MANAGER: object:state-changed:focused for [entry: 'Project setting' (0x7132c6642100)]  in accessibility_probe (AccessKit) (0, 0, 0) has priority level: 3
09:50:03.341187 - EVENT MANAGER: Queued object:state-changed:focused for [entry: 'Project setting' (0x7132c6642100)]  in accessibility_probe (AccessKit) (0, 0, 0) priority: 3, counter: 81

09:50:03.341329 - EVENT MANAGER: object:selection-changed for [page tab list: 'Tabs' (0x7132c5d7d5c0)]  in accessibility_probe (AccessKit) (0, 0, 0)
09:50:03.341365 - FOCUS MANAGER: Locus of focus is [entry: 'Project setting' (0x7132c6642100)] 
09:50:03.341581 - EVENT MANAGER: Queueing object:selection-changed for [page tab list: 'Tabs' (0x7132c5d7cbc0)]  in accessibility_probe (AccessKit) (0, 0, 0)
09:50:03.341623 - EVENT MANAGER: App for event source is [application: 'accessibility_probe' (0x7132c77adac0)] 
09:50:03.341667 - SCRIPT MANAGER: Getting script for [application: 'accessibility_probe' (0x7132c77adac0)]  [page tab list: 'Tabs' (0x7132c65c5a80)] 
09:50:03.341884 - SCRIPT MANAGER: Script is app script accessibility_probe (module=orca.scripts.default)
09:50:03.341997 - EVENT MANAGER: object:selection-changed for [page tab list: 'Tabs' (0x7132c5d7d980)]  in accessibility_probe (AccessKit) (0, 0, 0) has priority level: 4
09:50:03.342091 - EVENT MANAGER: Queued object:selection-changed for [page tab list: 'Tabs' (0x7132c65c5940)]  in accessibility_probe (AccessKit) (0, 0, 0) priority: 4, counter: 82
09:50:03.343124 - EVENT SOURCE:
                  app='org.gnome.Terminal (gtk 3.24.52)' name='Terminal' role='terminal' axid='' id=0x7132c5d3c840
                  description=''
                  help=''
                  locale='C.UTF-8'
                  states='enabled, focusable, focused, sensitive, showing, visible'
                  relations=''
                  actions='menu'
                  interfaces='Action, Collection, Component, Text'
                  attributes='toolkit:gtk'
                  text='▶Overview ✕ ~ Unavailable~ Settings ... \n \n \n \n \n (3264 chars.)'
                  path=[-1, 0, 0, 1, 0, 0, 0, 0]
                  
09:50:03.343183 - SCRIPT MANAGER: Active script is: accessibility_probe (module=orca.scripts.default)
09:50:03.343233 - FOCUS MANAGER: Locus of focus is [entry: 'Project setting' (0x7132c6642100)] 
09:50:03.343312 - EVENT MANAGER: Getting script for event for [application: 'org.gnome.Terminal' (0x7132c7790700)]  [terminal: 'Terminal' (0x7132c5d3c840)] 
09:50:03.343360 - SCRIPT MANAGER: Getting script for [application: 'org.gnome.Terminal' (0x7132c7790700)]  [terminal: 'Terminal' (0x7132c5d3c840)] 
09:50:03.343409 - SCRIPT MANAGER: Script is custom script org.gnome.Terminal (module=orca.scripts.terminal.script)
09:50:03.343438 - EVENT MANAGER: Script for event is org.gnome.Terminal (module=orca.scripts.terminal.script)
09:50:03.344846 - EVENT MANAGER: Change active script: False (No reason found to activate a different script.)
09:50:03.344877 - EVENT MANAGER: Not processing object:text-changed:insert due to lack of reason
TOTAL PROCESSING TIME: 0.0122
^^^^^ FINISHED PRIORITY-4 OBJECT EVENT OBJECT:TEXT-CHANGED:INSERT ^^^^^

09:50:03.344969 - EVENT MANAGER: Dequeueing object:state-changed:focused for [page tab: 'Overview' (0x7132c6625ac0)]  in accessibility_probe (AccessKit) (1, 0, 0)
09:50:03.345014 - EVENT MANAGER: Dequeued object:state-changed:focused for [page tab: 'Overview' (0x7132c6625ac0)]  in accessibility_probe (AccessKit) (1, 0, 0) priority: 3, counter: 80

vvvvv START PRIORITY-3 OBJECT EVENT OBJECT:STATE-CHANGED:FOCUSED (queue size: 49) vvvvv
09:50:03.352251 - EVENT SOURCE:
                  app='accessibility_probe (AccessKit )' name='Overview' role='page tab' axid='' id=0x7132c779d840
                  description=''
                  help=''
                  locale=''
                  states='enabled, focusable, focused, selectable, selected, sensitive, showing, visible'
                  relations=''
                  actions='click'
                  interfaces='Action, Component'
                  attributes=''
                  text=''
                  path=[-1, 0, 0, 0, 0]
                  
09:50:03.352317 - SCRIPT MANAGER: Active script is: accessibility_probe (module=orca.scripts.default)
09:50:03.352349 - FOCUS MANAGER: Locus of focus is [entry: 'Project setting' (0x7132c6642100)] 
09:50:03.352382 - EVENT MANAGER: Getting script for event for [application: 'accessibility_probe' (0x7132c77adac0)]  [page tab: 'Overview' (0x7132c663c040)] 
09:50:03.352399 - SCRIPT MANAGER: Getting script for [application: 'accessibility_probe' (0x7132c77adac0)]  [page tab: 'Overview' (0x7132c663c040)] 
09:50:03.352641 - SCRIPT MANAGER: Script is app script accessibility_probe (module=orca.scripts.default)
09:50:03.352668 - EVENT MANAGER: Script for event is accessibility_probe (module=orca.scripts.default)
09:50:03.352677 - EVENT MANAGER: Processing object:state-changed:focused: script for event is active
09:50:03.353933 - SCRIPT UTILITIES: [frame: 'Reactive TUI App accessibility round 1' (0x7132c5d03000)]  is top-level object for: [page tab: 'Overview' (0x7132c663c040)] 
09:50:03.355200 - SCRIPT UTILITIES: [page tab: 'Overview' (0x7132c663c040)]  is in frame [frame: 'Reactive TUI App accessibility round 1' (0x7132c5d03000)]  and dialog None
09:50:03.355266 - AXObject: Clearing AT-SPI cache on [frame: 'Reactive TUI App accessibility round 1' (0x7132c5d03000)]  Recursive: False.  Reason: Checking if window can be the active window
09:50:03.357437 - AXUtilities: [frame: 'Reactive TUI App accessibility round 1' (0x7132c5d03000)]  from [application: 'accessibility_probe' (0x7132c77adac0)]  can be active window
09:50:03.357750 - FOCUS MANAGER: Request to set locus of focus to [page tab: 'Overview' (0x7132c663c040)]  event_manager._dequeue_object_event:666 > event_manager._process_object_event:982 > default._on_focused_changed:1114 > focus_manager.set_locus_of_focus:271
09:50:03.358264 - AXObject: Clearing AT-SPI cache on [page tab: 'Overview' (0x7132c663c040)]  Recursive: False.  Reason: Setting locus of focus.
09:50:03.358298 - SCRIPT MANAGER: Active script is: accessibility_probe (module=orca.scripts.default)
09:50:03.359280 - FOCUS MANAGER: Changing locus of focus from [entry: 'Project setting' (0x7132c6642100)]  to [page tab: 'Overview' (0x7132c663c040)] . Notify: True
09:50:03.359643 - FOCUS MANAGER: Region of interest: [page tab: 'Overview' (0x7132c663c040)]  (0, 0)
09:50:03.359997 - FOCUS MANAGER: Switching object of interest from [entry: 'Project setting' (0x7132c6642100)]  to [page tab: 'Overview' (0x7132c663c040)] 
09:50:03.360719 - AXObject: [entry: 'Project setting' (0x7132c6642100)]  has index -1 ; parent [scroll pane: 'Settings panel' (0x7132c5d45e40)]  has -1 children
09:50:03.361150 - AXObject: [scroll pane: 'Settings panel' (0x7132c5d45e40)]  has index -1 ; parent [panel: 'Project sections' (0x7132c5d2ba40)]  has 2 children
09:50:03.363097 - DOCUMENT PRESENTER: Updating mode for focus change. Old focus: [entry: 'Project setting' (0x7132c6642100)]  old doc: None New focus: [page tab: 'Overview' (0x7132c663c040)]  new doc: None
09:50:03.363145 - SCRIPT MANAGER: Active script is: accessibility_probe (module=orca.scripts.default)
09:50:03.363152 - CARET NAVIGATOR: Commands suspended: False: locus of focus no longer in document
09:50:03.363209 - GSETTINGS SCHEMA HANDLE: keybindings/keyboard-layout not set [app:accessibility_probe, profile:default]
09:50:03.363217 - GSETTINGS REGISTRY: keybindings/keyboard-layout using default value = 'desktop'
09:50:03.363233 - GSETTINGS SCHEMA HANDLE: keybindings/desktop-modifier-keys not set [app:accessibility_probe, profile:default]
09:50:03.363239 - GSETTINGS REGISTRY: keybindings/desktop-modifier-keys using default value = ['Insert', 'KP_Insert']
09:50:03.363271 - SCRIPT MANAGER: Active script is: accessibility_probe (module=orca.scripts.default)
09:50:03.363276 - STRUCTURAL NAVIGATOR: Suspended: False: locus of focus no longer in document
09:50:03.363288 - GSETTINGS SCHEMA HANDLE: keybindings/keyboard-layout not set [app:accessibility_probe, profile:default]
09:50:03.363292 - GSETTINGS REGISTRY: keybindings/keyboard-layout using default value = 'desktop'
09:50:03.363303 - GSETTINGS SCHEMA HANDLE: keybindings/desktop-modifier-keys not set [app:accessibility_probe, profile:default]
09:50:03.363306 - GSETTINGS REGISTRY: keybindings/desktop-modifier-keys using default value = ['Insert', 'KP_Insert']
09:50:03.363345 - STRUCTURAL NAVIGATOR: Setting mode for accessibility_probe (module=orca.scripts.default) to NavigationMode.OFF
09:50:03.363359 - SCRIPT MANAGER: Active script is: accessibility_probe (module=orca.scripts.default)
09:50:03.363373 - GSETTINGS SCHEMA HANDLE: keybindings/keyboard-layout not set [app:accessibility_probe, profile:default]
09:50:03.363377 - GSETTINGS REGISTRY: keybindings/keyboard-layout using default value = 'desktop'
09:50:03.363387 - GSETTINGS SCHEMA HANDLE: keybindings/desktop-modifier-keys not set [app:accessibility_probe, profile:default]
09:50:03.363391 - GSETTINGS REGISTRY: keybindings/desktop-modifier-keys using default value = ['Insert', 'KP_Insert']
09:50:03.363422 - CARET NAVIGATOR: Setting enabled state for accessibility_probe (module=orca.scripts.default) to False
09:50:03.363435 - SCRIPT MANAGER: Active script is: accessibility_probe (module=orca.scripts.default)
09:50:03.363446 - GSETTINGS SCHEMA HANDLE: keybindings/keyboard-layout not set [app:accessibility_probe, profile:default]
09:50:03.363450 - GSETTINGS REGISTRY: keybindings/keyboard-layout using default value = 'desktop'
09:50:03.363460 - GSETTINGS SCHEMA HANDLE: keybindings/desktop-modifier-keys not set [app:accessibility_probe, profile:default]
09:50:03.363468 - GSETTINGS REGISTRY: keybindings/desktop-modifier-keys using default value = ['Insert', 'KP_Insert']
09:50:03.364740 - SCRIPT UTILITIES: [frame: 'Reactive TUI App accessibility round 1' (0x7132c5d03000)]  is top-level object for: [page tab: 'Overview' (0x7132c663c040)] 
09:50:03.364789 - FOCUS MANAGER: Request to set active window to [frame: 'Reactive TUI App accessibility round 1' (0x7132c5d03000)] 
09:50:03.364804 - FOCUS MANAGER: Setting active window to existing active window
09:50:03.366004 - SCRIPT MANAGER: Getting script for [application: 'accessibility_probe' (0x7132c77adac0)]  [page tab: 'Overview' (0x7132c663c040)] 
09:50:03.366232 - SCRIPT MANAGER: Script is app script accessibility_probe (module=orca.scripts.default)
09:50:03.367434 - AXUtilitiesRelation: [entry: 'Project setting' (0x7132c6642100)]  is controlled by [page tab: 'Overview' (0x7132c663c040)] : False
09:50:03.367511 - AXUtilitiesRelation: [page tab: 'Overview' (0x7132c663c040)]  is controlled by [entry: 'Project setting' (0x7132c6642100)] : False
09:50:03.367525 - PRESENTATION MANAGER: Interrupting presentation
09:50:03.367580 - SPEECH MANAGER: interrupt_speech. Script: None Event: None notify_user: False
09:50:03.368069 - SPEECH MANAGER: Speech server is <orca.speechdispatcherfactory.SpeechServer object at 0x7132c76d96a0>
09:50:03.368165 - BRAILLE: Kill flash message presentation_manager.interrupt_if_needed_for_focus_change:100 > presentation_manager.interrupt_presentation:88 > braille_presenter.kill_flash:1829 > braille.kill_flash:2182
09:50:03.368928 - FOCUS MANAGER: Active mode: focus-tracking Object of interest: [page tab: 'Overview' (0x7132c663c040)] 
09:50:03.369019 - GSETTINGS SCHEMA HANDLE: speech/enable not set [app:accessibility_probe, profile:default]
09:50:03.369039 - GSETTINGS REGISTRY: speech/enable using default value = True
09:50:03.369081 - GSETTINGS SCHEMA HANDLE: speech/verbosity-level not set [app:accessibility_probe, profile:default]
09:50:03.369095 - GSETTINGS REGISTRY: speech/verbosity-level using default value = 'verbose'
09:50:03.369131 - FOCUS MANAGER: Locus of focus is [page tab: 'Overview' (0x7132c663c040)] 
09:50:03.369162 - SCRIPT MANAGER: Active script is: accessibility_probe (module=orca.scripts.default)
09:50:03.369203 - GSETTINGS SCHEMA HANDLE: speech/only-speak-displayed-text not set [app:accessibility_probe, profile:default]
09:50:03.369216 - GSETTINGS REGISTRY: speech/only-speak-displayed-text using default value = False
09:50:03.369250 - GSETTINGS SCHEMA HANDLE: speech/speak-description not set [app:accessibility_probe, profile:default]
09:50:03.369262 - GSETTINGS REGISTRY: speech/speak-description using default value = True
09:50:03.369295 - GSETTINGS SCHEMA HANDLE: speech/speak-tutorial-messages not set [app:accessibility_probe, profile:default]
09:50:03.369307 - GSETTINGS REGISTRY: speech/speak-tutorial-messages using default value = True
09:50:03.369337 - GSETTINGS SCHEMA HANDLE: speech/speak-position-in-set not set [app:accessibility_probe, profile:default]
09:50:03.369348 - GSETTINGS REGISTRY: speech/speak-position-in-set using default value = False
09:50:03.369378 - GSETTINGS SCHEMA HANDLE: speech/speak-widget-mnemonic not set [app:accessibility_probe, profile:default]
09:50:03.369389 - GSETTINGS REGISTRY: speech/speak-widget-mnemonic using default value = True
09:50:03.369420 - GSETTINGS SCHEMA HANDLE: speech/speak-blank-lines not set [app:accessibility_probe, profile:default]
09:50:03.369432 - GSETTINGS REGISTRY: speech/speak-blank-lines using default value = True
09:50:03.369462 - GSETTINGS SCHEMA HANDLE: speech/speak-indentation-and-justification not set [app:accessibility_probe, profile:default]
09:50:03.369474 - GSETTINGS REGISTRY: speech/speak-indentation-and-justification using default value = False
09:50:03.369505 - GSETTINGS SCHEMA HANDLE: speech/announce-cell-headers not set [app:accessibility_probe, profile:default]
09:50:03.369517 - GSETTINGS REGISTRY: speech/announce-cell-headers using default value = True
09:50:03.369546 - GSETTINGS SCHEMA HANDLE: speech/announce-cell-coordinates not set [app:accessibility_probe, profile:default]
09:50:03.369563 - GSETTINGS REGISTRY: speech/announce-cell-coordinates using default value = True
09:50:03.369595 - GSETTINGS SCHEMA HANDLE: speech/announce-spreadsheet-cell-coordinates not set [app:accessibility_probe, profile:default]
09:50:03.369606 - GSETTINGS REGISTRY: speech/announce-spreadsheet-cell-coordinates using default value = True
09:50:03.369635 - GSETTINGS SCHEMA HANDLE: speech/announce-blockquote not set [app:accessibility_probe, profile:default]
09:50:03.369646 - GSETTINGS REGISTRY: speech/announce-blockquote using default value = True
09:50:03.369675 - GSETTINGS SCHEMA HANDLE: speech/announce-form not set [app:accessibility_probe, profile:default]
09:50:03.369687 - GSETTINGS REGISTRY: speech/announce-form using default value = True
09:50:03.369716 - GSETTINGS SCHEMA HANDLE: speech/announce-landmark not set [app:accessibility_probe, profile:default]
09:50:03.369727 - GSETTINGS REGISTRY: speech/announce-landmark using default value = True
09:50:03.369756 - GSETTINGS SCHEMA HANDLE: speech/announce-list not set [app:accessibility_probe, profile:default]
09:50:03.369767 - GSETTINGS REGISTRY: speech/announce-list using default value = True
09:50:03.369798 - GSETTINGS SCHEMA HANDLE: speech/announce-grouping not set [app:accessibility_probe, profile:default]
09:50:03.369809 - GSETTINGS REGISTRY: speech/announce-grouping using default value = True
09:50:03.369841 - GSETTINGS SCHEMA HANDLE: speech/announce-table not set [app:accessibility_probe, profile:default]
09:50:03.369853 - GSETTINGS REGISTRY: speech/announce-table using default value = True
09:50:03.371655 - GENERATOR: _get_functional_role: page-tab
09:50:03.371806 - SPEECH GENERATOR: speech_generator.SpeechGenerator._generate_page_tab for [page tab: 'Overview' (0x7132c663c040)]  args: {'formatType': 'unfocused', 'priorObj': "[entry: 'Project setting' (0x7132c6642100)] ", 'role': 'page-tab'}
09:50:03.371872 - SPEECH GENERATOR: _generate_old_ancestors: []
09:50:03.371969 - SPEECH GENERATOR: _generate_new_ancestors: []
09:50:03.372062 - AXUtilitiesRelation: [page tab: 'Overview' (0x7132c663c040)]  is labelled by: []
09:50:03.372098 - GENERATOR: _generate_accessible_label: []
09:50:03.372128 - SPEECH GENERATOR: _generate_accessible_label: []
09:50:03.372176 - GENERATOR: _generate_accessible_name: [Overview]
09:50:03.372229 - GSETTINGS SCHEMA HANDLE: voice/established not set [app:accessibility_probe, profile:default]
09:50:03.372268 - GSETTINGS SCHEMA HANDLE: voice/rate not set [app:accessibility_probe, profile:default]
09:50:03.372305 - GSETTINGS SCHEMA HANDLE: voice/pitch not set [app:accessibility_probe, profile:default]
09:50:03.372340 - GSETTINGS SCHEMA HANDLE: voice/volume not set [app:accessibility_probe, profile:default]
09:50:03.372378 - GSETTINGS SCHEMA HANDLE: voice/family-name not set [app:accessibility_probe, profile:default]
09:50:03.372413 - GSETTINGS SCHEMA HANDLE: voice/family-lang not set [app:accessibility_probe, profile:default]
09:50:03.372446 - GSETTINGS SCHEMA HANDLE: voice/family-dialect not set [app:accessibility_probe, profile:default]
09:50:03.372478 - GSETTINGS SCHEMA HANDLE: voice/family-gender not set [app:accessibility_probe, profile:default]
09:50:03.372510 - GSETTINGS SCHEMA HANDLE: voice/family-variant not set [app:accessibility_probe, profile:default]
09:50:03.372577 - SPEECH GENERATOR: default voice requested for [page tab: 'Overview' (0x7132c663c040)]  language='', dialect='' Unmodified voice={'established': False}
09:50:03.372637 - SPEECH GENERATOR: Reported locale of [page tab: 'Overview' (0x7132c663c040)]  is 
09:50:03.372669 - SPEECH GENERATOR: Updated to: 'C', ''
09:50:03.372720 - GSETTINGS SCHEMA HANDLE: speech/auto-language-switching not set [app:accessibility_probe, profile:default]
09:50:03.372734 - GSETTINGS REGISTRY: speech/auto-language-switching using default value = True
09:50:03.372757 - SPEECH DISPATCHER: Returning cached result for language='C' dialect='' variant='None'
09:50:03.372824 - SPEECH GENERATOR: Family updated to {'dialect': '', 'lang': 'C', 'name': ''}
09:50:03.372912 - SPEECH GENERATOR: Final voice is {'established': 'False', 'family': "{'dialect': '', 'lang': 'C', 'name': ''}"}
09:50:03.373019 - SPEECH GENERATOR: _generate_accessible_name: [Overview, {'established': 'False', 'family': "{'dialect': '', 'lang': 'C', 'name': ''}"}]
09:50:03.373125 - GENERATOR: _generate_accessible_label_and_name: [Overview, {'established': 'False', 'family': "{'dialect': '', 'lang': 'C', 'name': ''}"}]
09:50:03.373172 - SPEECH PRESENTER: Adjusting 'Overview' from [page tab: 'Overview' (0x7132c663c040)]  start_offset: None
09:50:03.373467 - GSETTINGS SCHEMA HANDLE: speech/speak-numbers-as-digits not set [app:accessibility_probe, profile:default]
09:50:03.373486 - GSETTINGS REGISTRY: speech/speak-numbers-as-digits using default value = False
09:50:03.373545 - GSETTINGS SCHEMA HANDLE: speech/repeated-character-limit not set [app:accessibility_probe, profile:default]
09:50:03.373559 - GSETTINGS REGISTRY: speech/repeated-character-limit using default value = 4
09:50:03.376362 - GSETTINGS SCHEMA HANDLE: speech/use-pronunciation-dictionary not set [app:accessibility_probe, profile:default]
09:50:03.376393 - GSETTINGS REGISTRY: speech/use-pronunciation-dictionary using default value = True
09:50:03.376414 - SPEECH PRESENTER: Adjusted text: 'Overview'
09:50:03.376515 - SPEECH GENERATOR: _generate_accessible_label_and_name: [Overview, {'established': 'False', 'family': "{'dialect': '', 'lang': 'C', 'name': ''}"}]
09:50:03.376608 - GENERATOR: _generate_state_expanded: []
09:50:03.376639 - SPEECH GENERATOR: _generate_state_expanded: []
09:50:03.379299 - GSETTINGS SCHEMA HANDLE: voice/established not set [app:accessibility_probe, profile:default]
09:50:03.379349 - GSETTINGS SCHEMA HANDLE: voice/rate not set [app:accessibility_probe, profile:default]
09:50:03.379384 - GSETTINGS SCHEMA HANDLE: voice/pitch not set [app:accessibility_probe, profile:default]
09:50:03.379419 - GSETTINGS SCHEMA HANDLE: voice/volume not set [app:accessibility_probe, profile:default]
09:50:03.379453 - GSETTINGS SCHEMA HANDLE: voice/family-name not set [app:accessibility_probe, profile:default]
09:50:03.379485 - GSETTINGS SCHEMA HANDLE: voice/family-lang not set [app:accessibility_probe, profile:default]
09:50:03.379517 - GSETTINGS SCHEMA HANDLE: voice/family-dialect not set [app:accessibility_probe, profile:default]
09:50:03.379550 - GSETTINGS SCHEMA HANDLE: voice/family-gender not set [app:accessibility_probe, profile:default]
09:50:03.379581 - GSETTINGS SCHEMA HANDLE: voice/family-variant not set [app:accessibility_probe, profile:default]
09:50:03.379639 - SPEECH GENERATOR: system voice requested for [page tab: 'Overview' (0x7132c663c040)]  language='', dialect='' Unmodified voice={'established': False}
09:50:03.379689 - SPEECH GENERATOR: Reported locale of [page tab: 'Overview' (0x7132c663c040)]  is 
09:50:03.379712 - SPEECH GENERATOR: Updated to: 'C', ''
09:50:03.379749 - GSETTINGS SCHEMA HANDLE: voice/established not set [app:accessibility_probe, profile:default]
09:50:03.379782 - GSETTINGS SCHEMA HANDLE: voice/rate not set [app:accessibility_probe, profile:default]
09:50:03.379814 - GSETTINGS SCHEMA HANDLE: voice/pitch not set [app:accessibility_probe, profile:default]
09:50:03.379845 - GSETTINGS SCHEMA HANDLE: voice/volume not set [app:accessibility_probe, profile:default]
09:50:03.379877 - GSETTINGS SCHEMA HANDLE: voice/family-name not set [app:accessibility_probe, profile:default]
09:50:03.379908 - GSETTINGS SCHEMA HANDLE: voice/family-lang not set [app:accessibility_probe, profile:default]
09:50:03.379939 - GSETTINGS SCHEMA HANDLE: voice/family-dialect not set [app:accessibility_probe, profile:default]
09:50:03.379970 - GSETTINGS SCHEMA HANDLE: voice/family-gender not set [app:accessibility_probe, profile:default]
09:50:03.380028 - GSETTINGS SCHEMA HANDLE: voice/family-variant not set [app:accessibility_probe, profile:default]
09:50:03.380097 - SPEECH GENERATOR: Final voice is {'established': 'False', 'family': '{}'}
09:50:03.380166 - SPEECH GENERATOR: _generate_accessible_role: [page tab, {'established': 'False', 'family': '{}'}]
09:50:03.380232 - GENERATOR: _generate_state_sensitive: []
09:50:03.380262 - SPEECH GENERATOR: _generate_state_sensitive: []
09:50:03.380301 - GSETTINGS SCHEMA HANDLE: speech/insert-pauses-between-utterances not set [app:accessibility_probe, profile:default]
09:50:03.380314 - GSETTINGS REGISTRY: speech/insert-pauses-between-utterances using default value = True
09:50:03.380351 - GSETTINGS SCHEMA HANDLE: speech/punctuation-level not set [app:accessibility_probe, profile:default]
09:50:03.380363 - GSETTINGS REGISTRY: speech/punctuation-level using default value = 'most'
09:50:03.381195 - GENERATOR: _generate_keyboard_mnemonic: []
09:50:03.381233 - SPEECH GENERATOR: _generate_keyboard_mnemonic: []
09:50:03.381275 - GSETTINGS SCHEMA HANDLE: speech/insert-pauses-between-utterances not set [app:accessibility_probe, profile:default]
09:50:03.381287 - GSETTINGS REGISTRY: speech/insert-pauses-between-utterances using default value = True
09:50:03.381320 - GSETTINGS SCHEMA HANDLE: speech/punctuation-level not set [app:accessibility_probe, profile:default]
09:50:03.381332 - GSETTINGS REGISTRY: speech/punctuation-level using default value = 'most'
09:50:03.381365 - SPEECH GENERATOR: _generate_position_in_list: []
09:50:03.381418 - GENERATOR: _generate_state_current: []
09:50:03.381448 - SPEECH GENERATOR: _generate_state_current: []
09:50:03.381476 - SPEECH GENERATOR: _generate_has_click_action: []
09:50:03.381503 - SPEECH GENERATOR: _generate_has_details: []
09:50:03.381529 - SPEECH GENERATOR: _generate_details_for: []
09:50:03.381801 - AXUtilitiesRelation: [page tab: 'Overview' (0x7132c663c040)]  is described by: []
09:50:03.381834 - GENERATOR: _generate_accessible_description: []
09:50:03.381861 - SPEECH GENERATOR: _generate_accessible_description: []
09:50:03.381911 - SPEECH GENERATOR: _generate_state_has_popup: []
09:50:03.383293 - SPEECH GENERATOR: _generate_tutorial: []
09:50:03.383468 - SPEECH GENERATOR: Results: [Overview, {'established': 'False', 'family': "{'dialect': '', 'lang': 'C', 'name': ''}"}, page tab, {'established': 'False', 'family': '{}'}, PAUSE, PAUSE]
09:50:03.383631 - SPEECH: Speak [Overview, {'established': 'False', 'family': "{'dialect': '', 'lang': 'C', 'name': ''}"}, page tab, {'established': 'False', 'family': '{}'}, PAUSE, PAUSE], acss: None
09:50:03.383750 - SPEECH: New voice {'established': 'False'}  != active voice {'established': 'False', 'family': "{'dialect': '', 'lang': 'C', 'name': ''}"}
09:50:03.383774 - SPEECH OUTPUT: 'Overview' {'established': False, 'family': {'name': '', 'gender': None, 'lang': 'C', 'dialect': '', 'variant': None}}
09:50:03.383787 - SPEECH DISPATCHER: Speaking 'Overview' as string
09:50:03.384120 - SPEECH DISPATCHER: Speaking '<speak><mark name="0:8"/>Overview</speak>' 
                  ORCA rate 50.0, pitch 5.0, volume 10.0, language C, punctuation: MOST
                  SD rate 2, pitch 10, volume 100, language c
09:50:03.384237 - SPEECH OUTPUT: 'page tab.' {'established': False}
09:50:03.384255 - SPEECH DISPATCHER: Speaking 'page tab.' as string
09:50:03.384528 - SPEECH DISPATCHER: Speaking '<speak><mark name="0:4"/>page <mark name="5:9"/>tab.</speak>' 
                  ORCA rate 50.0, pitch 5.0, volume 10.0, language C, punctuation: MOST
                  SD rate 2, pitch 10, volume 100, language c
09:50:03.386098 - GSETTINGS SCHEMA HANDLE: braille/enabled not set [app:accessibility_probe, profile:default]
09:50:03.386120 - GSETTINGS REGISTRY: braille/enabled using default value = True
09:50:03.386176 - FOCUS MANAGER: Active mode: focus-tracking Object of interest: [page tab: 'Overview' (0x7132c663c040)] 
09:50:03.386211 - GSETTINGS SCHEMA HANDLE: braille/enabled not set [app:accessibility_probe, profile:default]
09:50:03.386223 - GSETTINGS REGISTRY: braille/enabled using default value = True
09:50:03.386259 - GSETTINGS SCHEMA HANDLE: braille/verbosity-level not set [app:accessibility_probe, profile:default]
09:50:03.386270 - GSETTINGS REGISTRY: braille/verbosity-level using default value = 'verbose'
09:50:03.386312 - FOCUS MANAGER: Locus of focus is [page tab: 'Overview' (0x7132c663c040)] 
09:50:03.386345 - SCRIPT MANAGER: Active script is: accessibility_probe (module=orca.scripts.default)
09:50:03.386384 - GSETTINGS SCHEMA HANDLE: braille/rolename-style not set [app:accessibility_probe, profile:default]
09:50:03.386396 - GSETTINGS REGISTRY: braille/rolename-style using default value = 'verbose'
09:50:03.386431 - GSETTINGS SCHEMA HANDLE: braille/display-ancestors not set [app:accessibility_probe, profile:default]
09:50:03.386444 - GSETTINGS REGISTRY: braille/display-ancestors using default value = True
09:50:03.386530 - GSETTINGS SCHEMA HANDLE: braille/end-of-line-indicator not set [app:accessibility_probe, profile:default]
09:50:03.386544 - GSETTINGS REGISTRY: braille/end-of-line-indicator using default value = True
09:50:03.386575 - GSETTINGS SCHEMA HANDLE: braille/present-mnemonics not set [app:accessibility_probe, profile:default]
09:50:03.386586 - GSETTINGS REGISTRY: braille/present-mnemonics using default value = True
09:50:03.388213 - GENERATOR: _get_functional_role: page-tab
09:50:03.388333 - BRAILLE GENERATOR: braille_generator.BrailleGenerator._generate_page_tab for [page tab: 'Overview' (0x7132c663c040)]  args: {'formatType': 'focused', 'priorObj': "[entry: 'Project setting' (0x7132c6642100)] ", 'role': 'page-tab'}
09:50:03.390553 - GENERATOR: _get_functional_role: panel
09:50:03.390680 - BRAILLE GENERATOR: braille_generator.BrailleGenerator._generate_panel for [panel: 'Project sections' (0x7132c5d2ba40)]  args: {'formatType': 'ancestor', 'includeContext': 'False', 'priorObj': "[entry: 'Project setting' (0x7132c6642100)] ", 'role': 'panel'}
09:50:03.390723 - GENERATOR: _generate_text_substring: []
09:50:03.390820 - AXUtilitiesRelation: [panel: 'Project sections' (0x7132c5d2ba40)]  is labelled by: []
09:50:03.390852 - GENERATOR: _generate_accessible_label: []
09:50:03.390897 - GENERATOR: _generate_accessible_name: [Project sections]
09:50:03.390939 - GENERATOR: _generate_accessible_label_and_name: [Project sections]
09:50:03.392428 - BRAILLE GENERATOR: _generate_accessible_role: [panel]
09:50:03.392469 - BRAILLE: Not contracting 'Project sections panel' because contracted braille is not enabled.
09:50:03.392523 - GENERATOR: _generate_accessible_description: []
09:50:03.392578 - GENERATOR: _generate_state_current: []
09:50:03.392622 - BRAILLE GENERATOR: Results: [COMPONENT: 'Project sections panel', cursor offset:0]
09:50:03.394791 - GENERATOR: _get_functional_role: frame
09:50:03.394933 - BRAILLE GENERATOR: braille_generator.BrailleGenerator._generate_frame for [frame: 'Reactive TUI App accessibility round 1' (0x7132c5d03000)]  args: {'formatType': 'ancestor', 'includeContext': 'False', 'priorObj': "[entry: 'Project setting' (0x7132c6642100)] ", 'role': 'frame'}
09:50:03.395021 - AXUtilitiesRelation: [frame: 'Reactive TUI App accessibility round 1' (0x7132c5d03000)]  is labelled by: []
09:50:03.395057 - GENERATOR: _generate_accessible_label: []
09:50:03.395101 - GENERATOR: _generate_accessible_name: [Reactive TUI App accessibility round 1]
09:50:03.395143 - GENERATOR: _generate_accessible_label_and_name: [Reactive TUI App accessibility round 1]
09:50:03.396774 - BRAILLE GENERATOR: _generate_accessible_role: [frame]
09:50:03.396936 - AXUtilities: Unfocused alerts and dialogs for [frame: 'Reactive TUI App accessibility round 1' (0x7132c5d03000)] : []
09:50:03.396969 - BRAILLE GENERATOR: _generate_alert_and_dialog_count: []
09:50:03.396993 - BRAILLE: Not contracting 'Reactive TUI App accessibility round 1 frame' because contracted braille is not enabled.
09:50:03.397037 - GENERATOR: _generate_accessible_description: []
09:50:03.397275 - GENERATOR: _generate_state_current: []
09:50:03.397320 - BRAILLE GENERATOR: Results: [COMPONENT: 'Reactive TUI App accessibility round 1 frame', cursor offset:0]
09:50:03.398879 - GENERATOR: _get_functional_role: application
09:50:03.398941 - BRAILLE GENERATOR: [application: 'accessibility_probe' (0x7132c77adac0)]  lacks dedicated generator
09:50:03.399068 - BRAILLE GENERATOR: braille_generator.BrailleGenerator._generate_default_presentation for [application: 'accessibility_probe' (0x7132c77adac0)]  args: {'formatType': 'ancestor', 'includeContext': 'False', 'priorObj': "[entry: 'Project setting' (0x7132c6642100)] ", 'role': 'application'}
09:50:03.399172 - AXUtilitiesRelation: [application: 'accessibility_probe' (0x7132c77adac0)]  is labelled by: []
09:50:03.399205 - GENERATOR: _generate_accessible_label: []
09:50:03.399249 - GENERATOR: _generate_accessible_name: [accessibility_probe]
09:50:03.399291 - GENERATOR: _generate_accessible_label_and_name: [accessibility_probe]
09:50:03.400392 - BRAILLE GENERATOR: _generate_accessible_role: [application]
09:50:03.400418 - BRAILLE: Not contracting 'accessibility_probe application' because contracted braille is not enabled.
09:50:03.400457 - BRAILLE GENERATOR: Results: [COMPONENT: 'accessibility_probe application', cursor offset:0]
09:50:03.400537 - BRAILLE GENERATOR: _generate_ancestors: [COMPONENT: 'accessibility_probe application', cursor offset:0, REGION: ' ', cursor offset:0, COMPONENT: 'Reactive TUI App accessibility round 1 frame', cursor offset:0, REGION: ' ', cursor offset:0, COMPONENT: 'Project sections panel', cursor offset:0]
09:50:03.400601 - AXUtilitiesRelation: [page tab: 'Overview' (0x7132c663c040)]  is labelled by: []
09:50:03.400631 - GENERATOR: _generate_accessible_label: []
09:50:03.400673 - GENERATOR: _generate_accessible_name: [Overview]
09:50:03.400713 - GENERATOR: _generate_accessible_label_and_name: [Overview]
09:50:03.402215 - BRAILLE GENERATOR: _generate_accessible_role: [page tab]
09:50:03.403106 - GENERATOR: _generate_keyboard_mnemonic: []
09:50:03.404039 - BRAILLE: Not contracting 'Overview page tab' because contracted braille is not enabled.
09:50:03.404112 - GENERATOR: _generate_accessible_description: []
09:50:03.404165 - GENERATOR: _generate_state_current: []
09:50:03.404249 - BRAILLE GENERATOR: Results: [COMPONENT: 'accessibility_probe application', cursor offset:0, REGION: ' ', cursor offset:0, COMPONENT: 'Reactive TUI App accessibility round 1 frame', cursor offset:0, REGION: ' ', cursor offset:0, COMPONENT: 'Project sections panel', cursor offset:0, REGION: ' ', cursor offset:0, COMPONENT: 'Overview page tab', cursor offset:0]
09:50:03.404342 - BRAILLE: Refresh. Pan: True target: 0
09:50:03.404358 - BRAILLE: Kill flash message braille.display_line:1618 > braille.refresh:2097 > braille._prepare_refresh:1856 > braille.kill_flash:2182
09:50:03.405264 - GSETTINGS SCHEMA HANDLE: braille/enabled not set [app:accessibility_probe, profile:default]
09:50:03.405285 - GSETTINGS REGISTRY: braille/enabled using default value = True
09:50:03.405332 - BRAILLE: Last text object: [entry: 'Project setting' (0x7132c6642100)]  (Caret: 0, Line: 0, Cell: 17)
09:50:03.405380 - BRAILLE: Current text object: None (Caret: 0, Line: 0). On same line: False
09:50:03.405397 - BRAILLE: Line 0: 'accessibility_probe application Reactive TUI App accessibility round 1 frame Project sections panel Overview page tab' focusOffset: 100 [[0, 32], [32, 63], [63, 94], [94, 100], [100, 117]]
09:50:03.405409 - BRAILLE: Cursor offset in line string is: 100
09:50:03.405422 - BRAILLE: Adjusting offset to 100 (unhandled condition)
09:50:03.405434 - BRAILLE: Current range: (100, 132). Target cell: 0
09:50:03.405446 - BRAILLE LINE:  'accessibility_probe application Reactive TUI App accessibility round 1 frame Project sections panel Overview page tab'
09:50:03.405456 -      VISIBLE:  'Overview page tab', cursor=1
09:50:03.405486 - BRAILLE: Enabling braille. BrlAPI running: False
09:50:03.405496 - BRAILLE: Need to initialize first.
09:50:03.405526 - BRAILLE: Initializing. Callback: input_event_manager.InputEventManager.process_braille_event
09:50:03.405559 - BRAILLE: WINDOWPATH= None
09:50:03.405589 - BRAILLE: XDG_VTNR= 1
09:50:03.405629 - BRAILLE: Attempting connection with BrlAPI.
09:50:03.406031 - BRAILLE: BrlAPI Connection is unavailable (ConnectionError): couldn't connect to b':0' with key b'keyfile:/etc/brlapi.key+polkit': connect: No such file or directory
                  (brlerrno 11, libcerrno 2, gaierrno 0)
                  Is BRLTTY really running?
09:50:03.407200 - AXTable: Setting last cell coordinates to row=-1, column=-1
09:50:03.407270 - FOCUS MANAGER: Setting last cursor position to [page tab: 'Overview' (0x7132c663c040)]  -1
09:50:03.407384 - FOCUS MANAGER: Active window is [frame: 'Reactive TUI App accessibility round 1' (0x7132c5d03000)]  focus_manager.set_locus_of_focus:327 > focus_manager._save_object_details:254 > ax_utilities_event.save_object_info_for_events:195 > focus_manager.get_active_window:342
TOTAL PROCESSING TIME: 0.0637
^^^^^ FINISHED PRIORITY-3 OBJECT EVENT OBJECT:STATE-CHANGED:FOCUSED ^^^^^

09:50:03.409033 - EVENT MANAGER: Dequeueing object:state-changed:focused for [entry: 'Project setting' (0x7132c6642100)]  in accessibility_probe (AccessKit) (0, 0, 0)
09:50:03.409168 - EVENT MANAGER: Dequeued object:state-changed:focused for [entry: 'Project setting' (0x7132c6642100)]  in accessibility_probe (AccessKit) (0, 0, 0) priority: 3, counter: 81

vvvvv START PRIORITY-3 OBJECT EVENT OBJECT:STATE-CHANGED:FOCUSED (queue size: 48) vvvvv
09:50:03.410578 - EVENT MANAGER: Ignoring defunct object: [entry: 'Project setting' (0x7132c6642100)] 
TOTAL PROCESSING TIME: 0.0014
^^^^^ FINISHED PRIORITY-3 OBJECT EVENT OBJECT:STATE-CHANGED:FOCUSED ^^^^^

09:50:03.410661 - WARNING: Braille initialization failed: BrlAPI connection unavailable.
09:50:03.410695 - BRAILLE: Scheduling BrlAPI retry in 2000 ms.
09:50:03.410850 - EVENT MANAGER: Dequeueing object:text-caret-moved for [terminal: 'Terminal' (0x7132c5d3c840)]  in org.gnome.Terminal (gtk 3.24.52) (3, 0, 0)
09:50:03.410947 - EVENT MANAGER: Dequeued object:text-caret-moved for [terminal: 'Terminal' (0x7132c5d3c840)]  in org.gnome.Terminal (gtk 3.24.52) (3, 0, 0) priority: 4, counter: 30

vvvvv START PRIORITY-4 OBJECT EVENT OBJECT:TEXT-CARET-MOVED (queue size: 47) vvvvv
09:50:03.411255 - EVENT MANAGER: object:text-caret-moved for [terminal: 'Terminal' (0x7132c5d3c840)]  in org.gnome.Terminal (gtk 3.24.52) (3, 0, 0) obsoleted by object:text-caret-moved for [terminal: 'Terminal' (0x7132c5d3c840)]  in org.gnome.Terminal (gtk 3.24.52) (135, 0, 0) more recent event of same type for same object
TOTAL PROCESSING TIME: 0.0003
^^^^^ FINISHED PRIORITY-4 OBJECT EVENT OBJECT:TEXT-CARET-MOVED ^^^^^

09:50:03.411381 - EVENT MANAGER: Dequeueing object:text-changed:delete for [terminal: 'Terminal' (0x7132c5d3c840)]  in org.gnome.Terminal (gtk 3.24.52) (0, 3, \n\n\n)
09:50:03.411474 - EVENT MANAGER: Dequeued object:text-changed:delete for [terminal: 'Terminal' (0x7132c5d3c840)]  in org.gnome.Terminal (gtk 3.24.52) (0, 3, \n\n\n) priority: 4, counter: 31

vvvvv START PRIORITY-4 OBJECT EVENT OBJECT:TEXT-CHANGED:DELETE (queue size: 46) vvvvv
09:50:03.414660 - EVENT SOURCE:
                  app='org.gnome.Terminal (gtk 3.24.52)' name='Terminal' role='terminal' axid='' id=0x7132c5d3c840
                  description=''
                  help=''
                  locale='C.UTF-8'
                  states='enabled, focusable, focused, sensitive, showing, visible'
                  relations=''
                  actions='menu'
                  interfaces='Action, Collection, Component, Text'
                  attributes='toolkit:gtk'
                  text='▶Overview ✕ ~ Unavailable~ Settings ... \n \n \n \n \n (3264 chars.)'
                  path=[-1, 0, 0, 1, 0, 0, 0, 0]
                  
09:50:03.414758 - SCRIPT MANAGER: Active script is: accessibility_probe (module=orca.scripts.default)
09:50:03.414808 - FOCUS MANAGER: Locus of focus is [page tab: 'Overview' (0x7132c663c040)] 
09:50:03.414881 - EVENT MANAGER: Getting script for event for [application: 'org.gnome.Terminal' (0x7132c7790700)]  [terminal: 'Terminal' (0x7132c5d3c840)] 
09:50:03.414927 - SCRIPT MANAGER: Getting script for [application: 'org.gnome.Terminal' (0x7132c7790700)]  [terminal: 'Terminal' (0x7132c5d3c840)] 
09:50:03.414995 - SCRIPT MANAGER: Script is custom script org.gnome.Terminal (module=orca.scripts.terminal.script)
09:50:03.415027 - EVENT MANAGER: Script for event is org.gnome.Terminal (module=orca.scripts.terminal.script)
09:50:03.416181 - EVENT MANAGER: Change active script: False (No reason found to activate a different script.)
09:50:03.416232 - EVENT MANAGER: Not processing object:text-changed:delete due to lack of reason
TOTAL PROCESSING TIME: 0.0048
^^^^^ FINISHED PRIORITY-4 OBJECT EVENT OBJECT:TEXT-CHANGED:DELETE ^^^^^

09:50:03.416426 - EVENT MANAGER: Dequeueing object:text-changed:insert for [terminal: 'Terminal' (0x7132c5d3c840)]  in org.gnome.Terminal (gtk 3.24.52) (0, 372, Overview ✕ ~ Unavailable~ Settings... ✕ \nProject overview \n \n (375 chars.))
09:50:03.416538 - EVENT MANAGER: Dequeued object:text-changed:insert for [terminal: 'Terminal' (0x7132c5d3c840)]  in org.gnome.Terminal (gtk 3.24.52) (0, 372, Overview ✕ ~ Unavailable~ Settings... ✕ \nProject overview \n \n (375 chars.)) priority: 4, counter: 32

vvvvv START PRIORITY-4 OBJECT EVENT OBJECT:TEXT-CHANGED:INSERT (queue size: 45) vvvvv
09:50:03.419294 - EVENT SOURCE:
                  app='org.gnome.Terminal (gtk 3.24.52)' name='Terminal' role='terminal' axid='' id=0x7132c5d3c840
                  description=''
                  help=''
                  locale='C.UTF-8'
                  states='enabled, focusable, focused, sensitive, showing, visible'
                  relations=''
                  actions='menu'
                  interfaces='Action, Collection, Component, Text'
                  attributes='toolkit:gtk'
                  text='▶Overview ✕ ~ Unavailable~ \nProject ... \n \n \n \n \n (3264 chars.)'
                  path=[-1, 0, 0, 1, 0, 0, 0, 0]
                  
09:50:03.419378 - SCRIPT MANAGER: Active script is: accessibility_probe (module=orca.scripts.default)
09:50:03.419436 - FOCUS MANAGER: Locus of focus is [page tab: 'Overview' (0x7132c663c040)] 
09:50:03.419518 - EVENT MANAGER: Getting script for event for [application: 'org.gnome.Terminal' (0x7132c7790700)]  [terminal: 'Terminal' (0x7132c5d3c840)] 
09:50:03.419570 - SCRIPT MANAGER: Getting script for [application: 'org.gnome.Terminal' (0x7132c7790700)]  [terminal: 'Terminal' (0x7132c5d3c840)] 
09:50:03.419629 - SCRIPT MANAGER: Script is custom script org.gnome.Terminal (module=orca.scripts.terminal.script)
09:50:03.419659 - EVENT MANAGER: Script for event is org.gnome.Terminal (module=orca.scripts.terminal.script)
09:50:03.420924 - EVENT MANAGER: Change active script: False (No reason found to activate a different script.)
09:50:03.420974 - EVENT MANAGER: Not processing object:text-changed:insert due to lack of reason
TOTAL PROCESSING TIME: 0.0044
^^^^^ FINISHED PRIORITY-4 OBJECT EVENT OBJECT:TEXT-CHANGED:INSERT ^^^^^

09:50:03.421184 - EVENT MANAGER: Dequeueing object:text-caret-moved for [terminal: 'Terminal' (0x7132c5d3c840)]  in org.gnome.Terminal (gtk 3.24.52) (372, 0, 0)
09:50:03.421234 - EVENT MANAGER: Dequeued object:text-caret-moved for [terminal: 'Terminal' (0x7132c5d3c840)]  in org.gnome.Terminal (gtk 3.24.52) (372, 0, 0) priority: 4, counter: 33

vvvvv START PRIORITY-4 OBJECT EVENT OBJECT:TEXT-CARET-MOVED (queue size: 44) vvvvv
09:50:03.421340 - EVENT MANAGER: object:text-caret-moved for [terminal: 'Terminal' (0x7132c5d3c840)]  in org.gnome.Terminal (gtk 3.24.52) (372, 0, 0) obsoleted by object:text-caret-moved for [terminal: 'Terminal' (0x7132c5d3c840)]  in org.gnome.Terminal (gtk 3.24.52) (135, 0, 0) more recent event of same type for same object
TOTAL PROCESSING TIME: 0.0001
^^^^^ FINISHED PRIORITY-4 OBJECT EVENT OBJECT:TEXT-CARET-MOVED ^^^^^

09:50:03.421398 - CLIPBOARD PRESENTER: Possible change event object:text-changed:delete for [terminal: 'Terminal' (0x7132c5d3c840)]  in org.gnome.Terminal (gtk 3.24.52) (36, 10, Settings ✕)

09:50:03.421462 - EVENT MANAGER: object:text-changed:delete for [terminal: 'Terminal' (0x7132c5d3c840)]  in org.gnome.Terminal (gtk 3.24.52) (36, 10, Settings ✕)
09:50:03.421478 - FOCUS MANAGER: Locus of focus is [page tab: 'Overview' (0x7132c663c040)] 
09:50:03.421533 - EVENT_MANAGER: Not ignoring object:text-changed:delete due to source being focused
09:50:03.421572 - EVENT MANAGER: Queueing object:text-changed:delete for [terminal: 'Terminal' (0x7132c5d3c840)]  in org.gnome.Terminal (gtk 3.24.52) (36, 10, Settings ✕)
09:50:03.421589 - EVENT MANAGER: App for event source is [application: 'org.gnome.Terminal' (0x7132c7790700)] 
09:50:03.421605 - SCRIPT MANAGER: Getting script for [application: 'org.gnome.Terminal' (0x7132c7790700)]  [terminal: 'Terminal' (0x7132c5d3c840)] 
09:50:03.421629 - SCRIPT MANAGER: Script is custom script org.gnome.Terminal (module=orca.scripts.terminal.script)
09:50:03.421669 - EVENT MANAGER: object:text-changed:delete for [terminal: 'Terminal' (0x7132c5d3c840)]  in org.gnome.Terminal (gtk 3.24.52) (36, 10, Settings ✕) has priority level: 4
09:50:03.421708 - EVENT MANAGER: Queued object:text-changed:delete for [terminal: 'Terminal' (0x7132c5d3c840)]  in org.gnome.Terminal (gtk 3.24.52) (36, 10, Settings ✕) priority: 4, counter: 83
09:50:03.421746 - CLIPBOARD PRESENTER: Possible change event object:text-changed:insert for [terminal: 'Terminal' (0x7132c5d3c840)]  in org.gnome.Terminal (gtk 3.24.52) (36, 10,          )

09:50:03.421791 - EVENT MANAGER: object:text-changed:insert for [terminal: 'Terminal' (0x7132c5d3c840)]  in org.gnome.Terminal (gtk 3.24.52) (36, 10,          )
09:50:03.421809 - FOCUS MANAGER: Locus of focus is [page tab: 'Overview' (0x7132c663c040)] 
09:50:03.421854 - EVENT_MANAGER: Not ignoring object:text-changed:insert due to source being focused
09:50:03.421884 - EVENT MANAGER: Queueing object:text-changed:insert for [terminal: 'Terminal' (0x7132c5d3c840)]  in org.gnome.Terminal (gtk 3.24.52) (36, 10,          )
09:50:03.421899 - EVENT MANAGER: App for event source is [application: 'org.gnome.Terminal' (0x7132c7790700)] 
09:50:03.421915 - SCRIPT MANAGER: Getting script for [application: 'org.gnome.Terminal' (0x7132c7790700)]  [terminal: 'Terminal' (0x7132c5d3c840)] 
09:50:03.421935 - SCRIPT MANAGER: Script is custom script org.gnome.Terminal (module=orca.scripts.terminal.script)
09:50:03.421971 - EVENT MANAGER: object:text-changed:insert for [terminal: 'Terminal' (0x7132c5d3c840)]  in org.gnome.Terminal (gtk 3.24.52) (36, 10,          ) has priority level: 4
09:50:03.422012 - EVENT MANAGER: Queued object:text-changed:insert for [terminal: 'Terminal' (0x7132c5d3c840)]  in org.gnome.Terminal (gtk 3.24.52) (36, 10,          ) priority: 4, counter: 84

09:50:03.422054 - EVENT MANAGER: object:text-caret-moved for [terminal: 'Terminal' (0x7132c5d3c840)]  in org.gnome.Terminal (gtk 3.24.52) (46, 0, 0)
09:50:03.422068 - FOCUS MANAGER: Locus of focus is [page tab: 'Overview' (0x7132c663c040)] 
09:50:03.422113 - EVENT_MANAGER: Not ignoring object:text-caret-moved due to source being focused
09:50:03.422144 - EVENT MANAGER: Queueing object:text-caret-moved for [terminal: 'Terminal' (0x7132c5d3c840)]  in org.gnome.Terminal (gtk 3.24.52) (46, 0, 0)
09:50:03.422158 - EVENT MANAGER: App for event source is [application: 'org.gnome.Terminal' (0x7132c7790700)] 
09:50:03.422173 - SCRIPT MANAGER: Getting script for [application: 'org.gnome.Terminal' (0x7132c7790700)]  [terminal: 'Terminal' (0x7132c5d3c840)] 
09:50:03.422193 - SCRIPT MANAGER: Script is custom script org.gnome.Terminal (module=orca.scripts.terminal.script)
09:50:03.422229 - EVENT MANAGER: object:text-caret-moved for [terminal: 'Terminal' (0x7132c5d3c840)]  in org.gnome.Terminal (gtk 3.24.52) (46, 0, 0) has priority level: 4
09:50:03.422264 - EVENT MANAGER: Queued object:text-caret-moved for [terminal: 'Terminal' (0x7132c5d3c840)]  in org.gnome.Terminal (gtk 3.24.52) (46, 0, 0) priority: 4, counter: 85

09:50:03.422305 - EVENT MANAGER: object:children-changed:remove for [page tab list: 'Tabs' (0x7132c6634040)]  in accessibility_probe (AccessKit) (-1, 0, [page tab: 'Settings' (0x7132c65ffd40)])
09:50:03.422319 - FOCUS MANAGER: Locus of focus is [page tab: 'Overview' (0x7132c663c040)] 
09:50:03.422403 - SCRIPT MANAGER: Active script is: accessibility_probe (module=orca.scripts.default)
09:50:03.422441 - EVENT MANAGER: Queueing object:children-changed:remove for [page tab list: 'Tabs' (0x7132c6634040)]  in accessibility_probe (AccessKit) (-1, 0, [page tab: 'Settings' (0x7132c65ffd40)])
09:50:03.422460 - EVENT MANAGER: App for event source is [application: 'accessibility_probe' (0x7132c77adac0)] 
09:50:03.422476 - SCRIPT MANAGER: Getting script for [application: 'accessibility_probe' (0x7132c77adac0)]  [page tab list: 'Tabs' (0x7132c5d8c240)] 
09:50:03.422660 - SCRIPT MANAGER: Script is app script accessibility_probe (module=orca.scripts.default)
09:50:03.422699 - EVENT MANAGER: object:children-changed:remove for [page tab list: 'Tabs' (0x7132c6624280)]  in accessibility_probe (AccessKit) (-1, 0, [page tab: 'Settings' (0x7132c65ffd40)]) has priority level: 6
09:50:03.422733 - EVENT MANAGER: Queued object:children-changed:remove for [page tab list: 'Tabs' (0x7132c5d5c240)]  in accessibility_probe (AccessKit) (-1, 0, [page tab: 'Settings' (0x7132c65ffd40)]) priority: 6, counter: 86
09:50:03.422825 - EVENT MANAGER: Dequeueing object:selection-changed for [page tab list: 'Tabs' (0x7132c5d5c240)]  in accessibility_probe (AccessKit) (0, 0, 0)
09:50:03.422860 - EVENT MANAGER: Dequeued object:selection-changed for [page tab list: 'Tabs' (0x7132c6634100)]  in accessibility_probe (AccessKit) (0, 0, 0) priority: 4, counter: 35

vvvvv START PRIORITY-4 OBJECT EVENT OBJECT:SELECTION-CHANGED (queue size: 47) vvvvv
09:50:03.423134 - EVENT MANAGER: object:selection-changed for [page tab list: 'Tabs' (0x7132c5d5c240)]  in accessibility_probe (AccessKit) (0, 0, 0) obsoleted by object:selection-changed for [page tab list: 'Tabs' (0x7132c5d5c240)]  in accessibility_probe (AccessKit) (0, 0, 0) more recent duplicate
TOTAL PROCESSING TIME: 0.0003
^^^^^ FINISHED PRIORITY-4 OBJECT EVENT OBJECT:SELECTION-CHANGED ^^^^^

09:50:03.423185 - EVENT MANAGER: Dequeueing object:text-caret-moved for [terminal: 'Terminal' (0x7132c5d3c840)]  in org.gnome.Terminal (gtk 3.24.52) (400, 0, 0)
09:50:03.423219 - EVENT MANAGER: Dequeued object:text-caret-moved for [terminal: 'Terminal' (0x7132c5d3c840)]  in org.gnome.Terminal (gtk 3.24.52) (400, 0, 0) priority: 4, counter: 45

vvvvv START PRIORITY-4 OBJECT EVENT OBJECT:TEXT-CARET-MOVED (queue size: 46) vvvvv
09:50:03.423310 - EVENT MANAGER: object:text-caret-moved for [terminal: 'Terminal' (0x7132c5d3c840)]  in org.gnome.Terminal (gtk 3.24.52) (400, 0, 0) obsoleted by object:text-caret-moved for [terminal: 'Terminal' (0x7132c5d3c840)]  in org.gnome.Terminal (gtk 3.24.52) (46, 0, 0) more recent event of same type for same object
TOTAL PROCESSING TIME: 0.0001
^^^^^ FINISHED PRIORITY-4 OBJECT EVENT OBJECT:TEXT-CARET-MOVED ^^^^^

09:50:03.423354 - EVENT MANAGER: Dequeueing object:text-changed:delete for [terminal: 'Terminal' (0x7132c5d3c840)]  in org.gnome.Terminal (gtk 3.24.52) (372, 28, \n\n\n\n\n\n\n\n\n\n\n\n\n\n\n\n\n\n\n\n\n\n\n\n\n\n\n\n)
09:50:03.423388 - EVENT MANAGER: Dequeued object:text-changed:delete for [terminal: 'Terminal' (0x7132c5d3c840)]  in org.gnome.Terminal (gtk 3.24.52) (372, 28, \n\n\n\n\n\n\n\n\n\n\n\n\n\n\n\n\n\n\n\n\n\n\n\n\n\n\n\n) priority: 4, counter: 46

vvvvv START PRIORITY-4 OBJECT EVENT OBJECT:TEXT-CHANGED:DELETE (queue size: 45) vvvvv
09:50:03.425194 - EVENT SOURCE:
                  app='org.gnome.Terminal (gtk 3.24.52)' name='Terminal' role='terminal' axid='' id=0x7132c5d3c840
                  description=''
                  help=''
                  locale='C.UTF-8'
                  states='enabled, focusable, focused, sensitive, showing, visible'
                  relations=''
                  actions='menu'
                  interfaces='Action, Collection, Component, Text'
                  attributes='toolkit:gtk'
                  text='▶Overview ✕ ~ Unavailable~ \nProject ... \n \n \n \n \n (3264 chars.)'
                  path=[-1, 0, 0, 1, 0, 0, 0, 0]
                  
09:50:03.425280 - SCRIPT MANAGER: Active script is: accessibility_probe (module=orca.scripts.default)
09:50:03.425341 - FOCUS MANAGER: Locus of focus is [page tab: 'Overview' (0x7132c663c040)] 
09:50:03.425428 - EVENT MANAGER: Getting script for event for [application: 'org.gnome.Terminal' (0x7132c7790700)]  [terminal: 'Terminal' (0x7132c5d3c840)] 
09:50:03.425493 - SCRIPT MANAGER: Getting script for [application: 'org.gnome.Terminal' (0x7132c7790700)]  [terminal: 'Terminal' (0x7132c5d3c840)] 
09:50:03.425547 - SCRIPT MANAGER: Script is custom script org.gnome.Terminal (module=orca.scripts.terminal.script)
09:50:03.425577 - EVENT MANAGER: Script for event is org.gnome.Terminal (module=orca.scripts.terminal.script)
09:50:03.426522 - EVENT MANAGER: Change active script: False (No reason found to activate a different script.)
09:50:03.426558 - EVENT MANAGER: Not processing object:text-changed:delete due to lack of reason
TOTAL PROCESSING TIME: 0.0032
^^^^^ FINISHED PRIORITY-4 OBJECT EVENT OBJECT:TEXT-CHANGED:DELETE ^^^^^

09:50:03.426851 - GSETTINGS SCHEMA HANDLE: keybindings/keyboard-layout not set [app:accessibility_probe, profile:default]
09:50:03.426883 - GSETTINGS REGISTRY: keybindings/keyboard-layout using default value = 'desktop'
09:50:03.426922 - GSETTINGS SCHEMA HANDLE: keybindings/desktop-modifier-keys not set [app:accessibility_probe, profile:default]
09:50:03.426937 - GSETTINGS REGISTRY: keybindings/desktop-modifier-keys using default value = ['Insert', 'KP_Insert']
09:50:03.426991 - FOCUS MANAGER: Active window is [frame: 'Reactive TUI App accessibility round 1' (0x7132c5d03000)]  <unknown>.<module>:373 > input_event_manager._on_key_pressed:261 > input_event_manager.process_keyboard_event:297 > focus_manager.get_active_window:342
09:50:03.427501 - AXObject: Clearing AT-SPI cache on [frame: 'Reactive TUI App accessibility round 1' (0x7132c5d03000)]  Recursive: False.  Reason: Checking if window can be the active window
09:50:03.428191 - AXObject: Exception in get_role_name: atspi_error: The name :1.6 was not provided by any .service files (1)
09:50:03.428368 - AXUtilities: [DEAD (0x7132c5d03000)]  from [application: 'accessibility_probe' (0x7132c77adac0)]  lacks active state
09:50:03.429287 - AXObject: Clearing AT-SPI cache on [frame: 'Terminal' (0x7132c6658d00)]  Recursive: False.  Reason: Checking if window can be the active window
09:50:03.430835 - AXUtilities: [frame: 'Terminal' (0x7132c6658d00)]  from [application: 'org.gnome.Terminal' (0x7132c7790700)]  can be active window
09:50:03.430894 - AXObject: Clearing AT-SPI cache on [frame: 'Independent background App' (0x7132c66345c0)]  Recursive: False.  Reason: Checking if window can be the active window
09:50:03.433041 - AXUtilities: [frame: 'Independent background App' (0x7132c66345c0)]  from [application: 'accessibility_probe' (0x7132c6634980)]  lacks active state
09:50:03.433104 - AXUtilities: Active window is [frame: 'Terminal' (0x7132c6658d00)] 
09:50:03.433143 - INPUT EVENT MANAGER: Updating window and active window to [frame: 'Terminal' (0x7132c6658d00)] 
09:50:03.433180 - FOCUS MANAGER: Request to set active window to [frame: 'Terminal' (0x7132c6658d00)] 
09:50:03.433448 - AXObject: [page tab: 'Overview' (0x7132c663c040)]  has index -1 ; parent [page tab list: 'Tabs' (0x7132c5d2b000)]  has -1 children
09:50:03.433669 - AXObject: [page tab list: 'Tabs' (0x7132c5d2b000)]  has index -1 ; parent [panel: 'Project sections' (0x7132c5d2ba40)]  has -1 children
09:50:03.434057 - AXObject: Exception in get_role_name: atspi_error: The name :1.6 was not provided by any .service files (1)
09:50:03.434212 - AXObject: [panel: 'Project sections' (0x7132c5d2ba40)]  has index -1 ; parent [DEAD (0x7132c5d03000)]  has -1 children
09:50:03.434400 - AXObject: Exception in get_role: atspi_error: The name :1.6 was not provided by any .service files (1)
09:50:03.434458 - FOCUS MANAGER: Focus [page tab: 'Overview' (0x7132c663c040)]  is not in [frame: 'Terminal' (0x7132c6658d00)] 
09:50:03.434868 - FOCUS MANAGER: Request to set locus of focus to [frame: 'Terminal' (0x7132c6658d00)]  input_event_manager._on_key_pressed:261 > input_event_manager.process_keyboard_event:304 > focus_manager.set_active_window:391 > focus_manager.set_locus_of_focus:271
09:50:03.435483 - AXObject: Clearing AT-SPI cache on [frame: 'Terminal' (0x7132c6658d00)]  Recursive: False.  Reason: Setting locus of focus.
09:50:03.435538 - SCRIPT MANAGER: Active script is: accessibility_probe (module=orca.scripts.default)
09:50:03.436040 - FOCUS MANAGER: Changing locus of focus from [page tab: 'Overview' (0x7132c663c040)]  to [frame: 'Terminal' (0x7132c6658d00)] . Notify: True
09:50:03.436139 - FOCUS MANAGER: Region of interest: [frame: 'Terminal' (0x7132c6658d00)]  (0, 0)
09:50:03.436213 - FOCUS MANAGER: Switching object of interest from [page tab: 'Overview' (0x7132c663c040)]  to [frame: 'Terminal' (0x7132c6658d00)] 
09:50:03.436496 - AXObject: [page tab: 'Overview' (0x7132c663c040)]  has index -1 ; parent [page tab list: 'Tabs' (0x7132c6624d40)]  has -1 children
09:50:03.436721 - AXObject: [page tab list: 'Tabs' (0x7132c6624d40)]  has index -1 ; parent [panel: 'Project sections' (0x7132c5d2ba40)]  has -1 children
09:50:03.437108 - AXObject: Exception in get_role_name: atspi_error: The name :1.6 was not provided by any .service files (1)
09:50:03.437256 - AXObject: [panel: 'Project sections' (0x7132c5d2ba40)]  has index -1 ; parent [DEAD (0x7132c5d03000)]  has -1 children
09:50:03.437385 - AXObject: Exception in get_role: atspi_error: The name :1.6 was not provided by any .service files (1)
09:50:03.437504 - AXObject: Exception in get_role: atspi_error: The name :1.6 was not provided by any .service files (1)
09:50:03.437749 - DOCUMENT PRESENTER: Updating mode for focus change. Old focus: [page tab: 'Overview' (0x7132c663c040)]  old doc: None New focus: [frame: 'Terminal' (0x7132c6658d00)]  new doc: None
09:50:03.437789 - SCRIPT MANAGER: Active script is: accessibility_probe (module=orca.scripts.default)
09:50:03.437803 - CARET NAVIGATOR: Commands suspended: False: locus of focus no longer in document
09:50:03.437887 - GSETTINGS SCHEMA HANDLE: keybindings/keyboard-layout not set [app:accessibility_probe, profile:default]
09:50:03.437904 - GSETTINGS REGISTRY: keybindings/keyboard-layout using default value = 'desktop'
09:50:03.437940 - GSETTINGS SCHEMA HANDLE: keybindings/desktop-modifier-keys not set [app:accessibility_probe, profile:default]
09:50:03.437956 - GSETTINGS REGISTRY: keybindings/desktop-modifier-keys using default value = ['Insert', 'KP_Insert']
09:50:03.438019 - SCRIPT MANAGER: Active script is: accessibility_probe (module=orca.scripts.default)
09:50:03.438035 - STRUCTURAL NAVIGATOR: Suspended: False: locus of focus no longer in document
09:50:03.438073 - GSETTINGS SCHEMA HANDLE: keybindings/keyboard-layout not set [app:accessibility_probe, profile:default]
09:50:03.438086 - GSETTINGS REGISTRY: keybindings/keyboard-layout using default value = 'desktop'
09:50:03.438117 - GSETTINGS SCHEMA HANDLE: keybindings/desktop-modifier-keys not set [app:accessibility_probe, profile:default]
09:50:03.438130 - GSETTINGS REGISTRY: keybindings/desktop-modifier-keys using default value = ['Insert', 'KP_Insert']
09:50:03.438194 - STRUCTURAL NAVIGATOR: Setting mode for accessibility_probe (module=orca.scripts.default) to NavigationMode.OFF
09:50:03.438224 - SCRIPT MANAGER: Active script is: accessibility_probe (module=orca.scripts.default)
09:50:03.438260 - GSETTINGS SCHEMA HANDLE: keybindings/keyboard-layout not set [app:accessibility_probe, profile:default]
09:50:03.438273 - GSETTINGS REGISTRY: keybindings/keyboard-layout using default value = 'desktop'
09:50:03.438303 - GSETTINGS SCHEMA HANDLE: keybindings/desktop-modifier-keys not set [app:accessibility_probe, profile:default]
09:50:03.438315 - GSETTINGS REGISTRY: keybindings/desktop-modifier-keys using default value = ['Insert', 'KP_Insert']
09:50:03.438372 - CARET NAVIGATOR: Setting enabled state for accessibility_probe (module=orca.scripts.default) to False
09:50:03.438401 - SCRIPT MANAGER: Active script is: accessibility_probe (module=orca.scripts.default)
09:50:03.438436 - GSETTINGS SCHEMA HANDLE: keybindings/keyboard-layout not set [app:accessibility_probe, profile:default]
09:50:03.438447 - GSETTINGS REGISTRY: keybindings/keyboard-layout using default value = 'desktop'
09:50:03.438477 - GSETTINGS SCHEMA HANDLE: keybindings/desktop-modifier-keys not set [app:accessibility_probe, profile:default]
09:50:03.438496 - GSETTINGS REGISTRY: keybindings/desktop-modifier-keys using default value = ['Insert', 'KP_Insert']
09:50:03.438587 - SCRIPT UTILITIES: [frame: 'Terminal' (0x7132c6658d00)]  is top-level object for: [frame: 'Terminal' (0x7132c6658d00)] 
09:50:03.438621 - FOCUS MANAGER: Request to set active window to [frame: 'Terminal' (0x7132c6658d00)] 
09:50:03.438634 - FOCUS MANAGER: Setting active window to existing active window
09:50:03.438678 - SCRIPT MANAGER: Getting script for [application: 'org.gnome.Terminal' (0x7132c7790700)]  [frame: 'Terminal' (0x7132c6658d00)] 
09:50:03.438738 - SCRIPT MANAGER: Script is app script org.gnome.Terminal (module=orca.scripts.toolkits.gtk.script)
09:50:03.438780 - SCRIPT MANAGER: Deactivating accessibility_probe (module=orca.scripts.default) reason: Setting active window
09:50:03.438823 - SCRIPT MANAGER: Setting active script to org.gnome.Terminal (module=orca.scripts.toolkits.gtk.script) reason: Setting active window
09:50:03.438853 - DEFAULT: Activating script for [application: 'org.gnome.Terminal' (0x7132c7790700)] 
09:50:03.439450 - SPEECH MANAGER: Speech server is <orca.speechdispatcherfactory.SpeechServer object at 0x7132c76d96a0>
09:50:03.439513 - GSETTINGS SCHEMA HANDLE: speech/punctuation-level not set [app:org.gnome.Terminal, profile:default]
09:50:03.439528 - GSETTINGS REGISTRY: speech/punctuation-level using default value = 'most'
09:50:03.439774 - SPEECH MANAGER: Speech server is <orca.speechdispatcherfactory.SpeechServer object at 0x7132c76d96a0>
09:50:03.439840 - GSETTINGS SCHEMA HANDLE: speech/capitalization-style not set [app:org.gnome.Terminal, profile:default]
09:50:03.439858 - GSETTINGS REGISTRY: speech/capitalization-style using default value = 'none'
09:50:03.440070 - SPEECH MANAGER: Speech server is <orca.speechdispatcherfactory.SpeechServer object at 0x7132c76d96a0>
09:50:03.440158 - GSETTINGS SCHEMA HANDLE: speech/synthesizer not set [app:org.gnome.Terminal, profile:default]
09:50:03.440205 - SCRIPT MANAGER: Active script is: org.gnome.Terminal (module=orca.scripts.toolkits.gtk.script)
09:50:03.440220 - CARET NAVIGATOR: Commands suspended: False: script activation, no prior state
09:50:03.440260 - GSETTINGS SCHEMA HANDLE: keybindings/keyboard-layout not set [app:org.gnome.Terminal, profile:default]
09:50:03.440274 - GSETTINGS REGISTRY: keybindings/keyboard-layout using default value = 'desktop'
09:50:03.440308 - GSETTINGS SCHEMA HANDLE: keybindings/desktop-modifier-keys not set [app:org.gnome.Terminal, profile:default]
09:50:03.440322 - GSETTINGS REGISTRY: keybindings/desktop-modifier-keys using default value = ['Insert', 'KP_Insert']
09:50:03.440368 - SCRIPT MANAGER: Active script is: org.gnome.Terminal (module=orca.scripts.toolkits.gtk.script)
09:50:03.440381 - STRUCTURAL NAVIGATOR: Suspended: False: script activation, no prior state
09:50:03.440416 - GSETTINGS SCHEMA HANDLE: keybindings/keyboard-layout not set [app:org.gnome.Terminal, profile:default]
09:50:03.440430 - GSETTINGS REGISTRY: keybindings/keyboard-layout using default value = 'desktop'
09:50:03.440461 - GSETTINGS SCHEMA HANDLE: keybindings/desktop-modifier-keys not set [app:org.gnome.Terminal, profile:default]
09:50:03.440474 - GSETTINGS REGISTRY: keybindings/desktop-modifier-keys using default value = ['Insert', 'KP_Insert']
09:50:03.440534 - STRUCTURAL NAVIGATOR: Setting mode for org.gnome.Terminal (module=orca.scripts.toolkits.gtk.script) to NavigationMode.OFF
09:50:03.440563 - SCRIPT MANAGER: Active script is: org.gnome.Terminal (module=orca.scripts.toolkits.gtk.script)
09:50:03.440600 - GSETTINGS SCHEMA HANDLE: keybindings/keyboard-layout not set [app:org.gnome.Terminal, profile:default]
09:50:03.440612 - GSETTINGS REGISTRY: keybindings/keyboard-layout using default value = 'desktop'
09:50:03.440643 - GSETTINGS SCHEMA HANDLE: keybindings/desktop-modifier-keys not set [app:org.gnome.Terminal, profile:default]
09:50:03.440655 - GSETTINGS REGISTRY: keybindings/desktop-modifier-keys using default value = ['Insert', 'KP_Insert']
09:50:03.440712 - CARET NAVIGATOR: Setting enabled state for org.gnome.Terminal (module=orca.scripts.toolkits.gtk.script) to False
09:50:03.440748 - SCRIPT MANAGER: Active script is: org.gnome.Terminal (module=orca.scripts.toolkits.gtk.script)
09:50:03.440785 - GSETTINGS SCHEMA HANDLE: keybindings/keyboard-layout not set [app:org.gnome.Terminal, profile:default]
09:50:03.440797 - GSETTINGS REGISTRY: keybindings/keyboard-layout using default value = 'desktop'
09:50:03.440827 - GSETTINGS SCHEMA HANDLE: keybindings/desktop-modifier-keys not set [app:org.gnome.Terminal, profile:default]
09:50:03.440839 - GSETTINGS REGISTRY: keybindings/desktop-modifier-keys using default value = ['Insert', 'KP_Insert']
09:50:03.440862 - COMMAND MANAGER: Activating commands: activated org.gnome.Terminal (module=orca.scripts.toolkits.gtk.script)
09:50:03.440993 - GSETTINGS SCHEMA HANDLE: keybindings/entries no dict values set
09:50:03.441012 - GSETTINGS REGISTRY: keybindings/entries using default value = {}
09:50:03.441022 - COMMAND MANAGER: No user overrides to apply
09:50:03.441108 - GSETTINGS SCHEMA HANDLE: keybindings/keyboard-layout not set [app:org.gnome.Terminal, profile:default]
09:50:03.441121 - GSETTINGS REGISTRY: keybindings/keyboard-layout using default value = 'desktop'
09:50:03.441152 - GSETTINGS SCHEMA HANDLE: keybindings/desktop-modifier-keys not set [app:org.gnome.Terminal, profile:default]
09:50:03.441164 - GSETTINGS REGISTRY: keybindings/desktop-modifier-keys using default value = ['Insert', 'KP_Insert']

vvvvv COMMAND MANAGER: Grab diff: activated org.gnome.Terminal (module=orca.scripts.toolkits.gtk.script) (old: 77, new: 77) vvvvv
09:50:03.441204 -   No grab changes
^^^^^ COMMAND MANAGER: Diff completed in 0.0000s. Removed 0, added 0, transferred 0 ^^^^^

09:50:03.441256 - GSETTINGS SCHEMA HANDLE: speech/enable not set [app:org.gnome.Terminal, profile:default]
09:50:03.441270 - GSETTINGS REGISTRY: speech/enable using default value = True
09:50:03.441280 - SPEECH MANAGER: Speech is enabled.
09:50:03.441337 - SPEECH MANAGER: start_speech. Script: None Event: None notify_user: False
09:50:03.441348 - SPEECH MANAGER: Initializing server
09:50:03.441358 - SPEECH MANAGER: Already initialized
09:50:03.441395 - GSETTINGS SCHEMA HANDLE: keybindings/keyboard-layout not set [app:org.gnome.Terminal, profile:default]
09:50:03.441408 - GSETTINGS REGISTRY: keybindings/keyboard-layout using default value = 'desktop'
09:50:03.441419 - COMMAND MANAGER: Setting keyboard layout is_desktop to True.
09:50:03.441516 - GSETTINGS SCHEMA HANDLE: keybindings/entries no dict values set
09:50:03.441530 - GSETTINGS REGISTRY: keybindings/entries using default value = {}
09:50:03.441540 - COMMAND MANAGER: No user overrides to apply
09:50:03.441620 - GSETTINGS SCHEMA HANDLE: keybindings/keyboard-layout not set [app:org.gnome.Terminal, profile:default]
09:50:03.441634 - GSETTINGS REGISTRY: keybindings/keyboard-layout using default value = 'desktop'
09:50:03.441664 - GSETTINGS SCHEMA HANDLE: keybindings/desktop-modifier-keys not set [app:org.gnome.Terminal, profile:default]
09:50:03.441677 - GSETTINGS REGISTRY: keybindings/desktop-modifier-keys using default value = ['Insert', 'KP_Insert']

vvvvv COMMAND MANAGER: Grab diff: keyboard layout change (old: 77, new: 77) vvvvv
09:50:03.441704 -   No grab changes
^^^^^ COMMAND MANAGER: Diff completed in 0.0000s. Removed 0, added 0, transferred 0 ^^^^^

09:50:03.441724 - COMMAND MANAGER: Keyboard layout set to desktop.
09:50:03.441760 - GSETTINGS SCHEMA HANDLE: keybindings/keyboard-layout not set [app:org.gnome.Terminal, profile:default]
09:50:03.441773 - GSETTINGS REGISTRY: keybindings/keyboard-layout using default value = 'desktop'
09:50:03.441803 - GSETTINGS SCHEMA HANDLE: keybindings/desktop-modifier-keys not set [app:org.gnome.Terminal, profile:default]
09:50:03.441816 - GSETTINGS REGISTRY: keybindings/desktop-modifier-keys using default value = ['Insert', 'KP_Insert']
09:50:03.441830 - PRESENTATION MANAGER: Not interrupting for locusOfFocus change: event is None
09:50:03.441904 - FOCUS MANAGER: Active mode: focus-tracking Object of interest: [frame: 'Terminal' (0x7132c6658d00)] 
09:50:03.441949 - GSETTINGS SCHEMA HANDLE: speech/enable not set [app:org.gnome.Terminal, profile:default]
09:50:03.441962 - GSETTINGS REGISTRY: speech/enable using default value = True
09:50:03.442002 - GSETTINGS SCHEMA HANDLE: speech/verbosity-level not set [app:org.gnome.Terminal, profile:default]
09:50:03.442018 - GSETTINGS REGISTRY: speech/verbosity-level using default value = 'verbose'
09:50:03.442056 - FOCUS MANAGER: Locus of focus is [frame: 'Terminal' (0x7132c6658d00)] 
09:50:03.442088 - SCRIPT MANAGER: Active script is: org.gnome.Terminal (module=orca.scripts.toolkits.gtk.script)
09:50:03.442125 - GSETTINGS SCHEMA HANDLE: speech/only-speak-displayed-text not set [app:org.gnome.Terminal, profile:default]
09:50:03.442137 - GSETTINGS REGISTRY: speech/only-speak-displayed-text using default value = False
09:50:03.442170 - GSETTINGS SCHEMA HANDLE: speech/speak-description not set [app:org.gnome.Terminal, profile:default]
09:50:03.442182 - GSETTINGS REGISTRY: speech/speak-description using default value = True
09:50:03.442214 - GSETTINGS SCHEMA HANDLE: speech/speak-tutorial-messages not set [app:org.gnome.Terminal, profile:default]
09:50:03.442227 - GSETTINGS REGISTRY: speech/speak-tutorial-messages using default value = True
09:50:03.442258 - GSETTINGS SCHEMA HANDLE: speech/speak-position-in-set not set [app:org.gnome.Terminal, profile:default]
09:50:03.442269 - GSETTINGS REGISTRY: speech/speak-position-in-set using default value = False
09:50:03.442298 - GSETTINGS SCHEMA HANDLE: speech/speak-widget-mnemonic not set [app:org.gnome.Terminal, profile:default]
09:50:03.442309 - GSETTINGS REGISTRY: speech/speak-widget-mnemonic using default value = True
09:50:03.442339 - GSETTINGS SCHEMA HANDLE: speech/speak-blank-lines not set [app:org.gnome.Terminal, profile:default]
09:50:03.442350 - GSETTINGS REGISTRY: speech/speak-blank-lines using default value = True
09:50:03.442380 - GSETTINGS SCHEMA HANDLE: speech/speak-indentation-and-justification not set [app:org.gnome.Terminal, profile:default]
09:50:03.442391 - GSETTINGS REGISTRY: speech/speak-indentation-and-justification using default value = False
09:50:03.442421 - GSETTINGS SCHEMA HANDLE: speech/announce-cell-headers not set [app:org.gnome.Terminal, profile:default]
09:50:03.442432 - GSETTINGS REGISTRY: speech/announce-cell-headers using default value = True
09:50:03.442462 - GSETTINGS SCHEMA HANDLE: speech/announce-cell-coordinates not set [app:org.gnome.Terminal, profile:default]
09:50:03.442473 - GSETTINGS REGISTRY: speech/announce-cell-coordinates using default value = True
09:50:03.442503 - GSETTINGS SCHEMA HANDLE: speech/announce-spreadsheet-cell-coordinates not set [app:org.gnome.Terminal, profile:default]
09:50:03.442515 - GSETTINGS REGISTRY: speech/announce-spreadsheet-cell-coordinates using default value = True
09:50:03.442545 - GSETTINGS SCHEMA HANDLE: speech/announce-blockquote not set [app:org.gnome.Terminal, profile:default]
09:50:03.442556 - GSETTINGS REGISTRY: speech/announce-blockquote using default value = True
09:50:03.442586 - GSETTINGS SCHEMA HANDLE: speech/announce-form not set [app:org.gnome.Terminal, profile:default]
09:50:03.442597 - GSETTINGS REGISTRY: speech/announce-form using default value = True
09:50:03.442627 - GSETTINGS SCHEMA HANDLE: speech/announce-landmark not set [app:org.gnome.Terminal, profile:default]
09:50:03.442638 - GSETTINGS REGISTRY: speech/announce-landmark using default value = True
09:50:03.442667 - GSETTINGS SCHEMA HANDLE: speech/announce-list not set [app:org.gnome.Terminal, profile:default]
09:50:03.442679 - GSETTINGS REGISTRY: speech/announce-list using default value = True
09:50:03.442710 - GSETTINGS SCHEMA HANDLE: speech/announce-grouping not set [app:org.gnome.Terminal, profile:default]
09:50:03.442721 - GSETTINGS REGISTRY: speech/announce-grouping using default value = True
09:50:03.442751 - GSETTINGS SCHEMA HANDLE: speech/announce-table not set [app:org.gnome.Terminal, profile:default]
09:50:03.442762 - GSETTINGS REGISTRY: speech/announce-table using default value = True
09:50:03.442929 - GENERATOR: _get_functional_role: frame
09:50:03.443071 - SPEECH GENERATOR: speech_generator.SpeechGenerator._generate_frame for [frame: 'Terminal' (0x7132c6658d00)]  args: {'formatType': 'unfocused', 'priorObj': "[page tab: 'Overview' (0x7132c663c040)] ", 'role': 'frame'}
09:50:03.444064 - SPEECH GENERATOR: _generate_old_ancestors: []
09:50:03.444170 - SPEECH GENERATOR: _generate_new_ancestors: []
09:50:03.444258 - AXUtilitiesRelation: [frame: 'Terminal' (0x7132c6658d00)]  is labelled by: []
09:50:03.444295 - GENERATOR: _generate_accessible_label: []
09:50:03.444326 - SPEECH GENERATOR: _generate_accessible_label: []
09:50:03.444380 - GENERATOR: _generate_accessible_name: [Terminal]
09:50:03.444450 - GSETTINGS SCHEMA HANDLE: voice/established not set [app:org.gnome.Terminal, profile:default]
09:50:03.444495 - GSETTINGS SCHEMA HANDLE: voice/rate not set [app:org.gnome.Terminal, profile:default]
09:50:03.444534 - GSETTINGS SCHEMA HANDLE: voice/pitch not set [app:org.gnome.Terminal, profile:default]
09:50:03.444571 - GSETTINGS SCHEMA HANDLE: voice/volume not set [app:org.gnome.Terminal, profile:default]
09:50:03.444609 - GSETTINGS SCHEMA HANDLE: voice/family-name not set [app:org.gnome.Terminal, profile:default]
09:50:03.444644 - GSETTINGS SCHEMA HANDLE: voice/family-lang not set [app:org.gnome.Terminal, profile:default]
09:50:03.444679 - GSETTINGS SCHEMA HANDLE: voice/family-dialect not set [app:org.gnome.Terminal, profile:default]
09:50:03.444712 - GSETTINGS SCHEMA HANDLE: voice/family-gender not set [app:org.gnome.Terminal, profile:default]
09:50:03.444745 - GSETTINGS SCHEMA HANDLE: voice/family-variant not set [app:org.gnome.Terminal, profile:default]
09:50:03.444808 - SPEECH GENERATOR: default voice requested for [frame: 'Terminal' (0x7132c6658d00)]  language='', dialect='' Unmodified voice={'established': False}
09:50:03.444864 - SPEECH GENERATOR: Reported locale of [frame: 'Terminal' (0x7132c6658d00)]  is C
09:50:03.444896 - SPEECH GENERATOR: Updated to: 'C', ''
09:50:03.444945 - GSETTINGS SCHEMA HANDLE: speech/auto-language-switching not set [app:org.gnome.Terminal, profile:default]
09:50:03.444958 - GSETTINGS REGISTRY: speech/auto-language-switching using default value = True
09:50:03.444990 - SPEECH DISPATCHER: Returning cached result for language='C' dialect='' variant='None'
09:50:03.445066 - SPEECH GENERATOR: Family updated to {'dialect': '', 'lang': 'C', 'name': ''}
09:50:03.445152 - SPEECH GENERATOR: Final voice is {'established': 'False', 'family': "{'dialect': '', 'lang': 'C', 'name': ''}"}
09:50:03.445244 - SPEECH GENERATOR: _generate_accessible_name: [Terminal, {'established': 'False', 'family': "{'dialect': '', 'lang': 'C', 'name': ''}"}]
09:50:03.445344 - GENERATOR: _generate_accessible_label_and_name: [Terminal, {'established': 'False', 'family': "{'dialect': '', 'lang': 'C', 'name': ''}"}]
09:50:03.445388 - SPEECH PRESENTER: Adjusting 'Terminal' from [frame: 'Terminal' (0x7132c6658d00)]  start_offset: None
09:50:03.445441 - GSETTINGS SCHEMA HANDLE: speech/speak-numbers-as-digits not set [app:org.gnome.Terminal, profile:default]
09:50:03.445454 - GSETTINGS REGISTRY: speech/speak-numbers-as-digits using default value = False
09:50:03.445513 - GSETTINGS SCHEMA HANDLE: speech/repeated-character-limit not set [app:org.gnome.Terminal, profile:default]
09:50:03.445526 - GSETTINGS REGISTRY: speech/repeated-character-limit using default value = 4
09:50:03.445821 - GSETTINGS SCHEMA HANDLE: speech/use-pronunciation-dictionary not set [app:org.gnome.Terminal, profile:default]
09:50:03.445840 - GSETTINGS REGISTRY: speech/use-pronunciation-dictionary using default value = True
09:50:03.445883 - GSETTINGS SCHEMA HANDLE: pronunciations/entries no dict values set
09:50:03.445896 - GSETTINGS REGISTRY: pronunciations/entries using default value = {}
09:50:03.445907 - SPEECH PRESENTER: Adjusted text: 'Terminal'
09:50:03.446009 - SPEECH GENERATOR: _generate_accessible_label_and_name: [Terminal, {'established': 'False', 'family': "{'dialect': '', 'lang': 'C', 'name': ''}"}]
09:50:03.446365 - GSETTINGS SCHEMA HANDLE: voice/established not set [app:org.gnome.Terminal, profile:default]
09:50:03.446414 - GSETTINGS SCHEMA HANDLE: voice/rate not set [app:org.gnome.Terminal, profile:default]
09:50:03.446449 - GSETTINGS SCHEMA HANDLE: voice/pitch not set [app:org.gnome.Terminal, profile:default]
09:50:03.446483 - GSETTINGS SCHEMA HANDLE: voice/volume not set [app:org.gnome.Terminal, profile:default]
09:50:03.446518 - GSETTINGS SCHEMA HANDLE: voice/family-name not set [app:org.gnome.Terminal, profile:default]
09:50:03.446551 - GSETTINGS SCHEMA HANDLE: voice/family-lang not set [app:org.gnome.Terminal, profile:default]
09:50:03.446584 - GSETTINGS SCHEMA HANDLE: voice/family-dialect not set [app:org.gnome.Terminal, profile:default]
09:50:03.446617 - GSETTINGS SCHEMA HANDLE: voice/family-gender not set [app:org.gnome.Terminal, profile:default]
09:50:03.446649 - GSETTINGS SCHEMA HANDLE: voice/family-variant not set [app:org.gnome.Terminal, profile:default]
09:50:03.446704 - SPEECH GENERATOR: system voice requested for [frame: 'Terminal' (0x7132c6658d00)]  language='', dialect='' Unmodified voice={'established': False}
09:50:03.446755 - SPEECH GENERATOR: Reported locale of [frame: 'Terminal' (0x7132c6658d00)]  is C
09:50:03.446775 - SPEECH GENERATOR: Updated to: 'C', ''
09:50:03.446813 - GSETTINGS SCHEMA HANDLE: voice/established not set [app:org.gnome.Terminal, profile:default]
09:50:03.446847 - GSETTINGS SCHEMA HANDLE: voice/rate not set [app:org.gnome.Terminal, profile:default]
09:50:03.446880 - GSETTINGS SCHEMA HANDLE: voice/pitch not set [app:org.gnome.Terminal, profile:default]
09:50:03.446914 - GSETTINGS SCHEMA HANDLE: voice/volume not set [app:org.gnome.Terminal, profile:default]
09:50:03.446947 - GSETTINGS SCHEMA HANDLE: voice/family-name not set [app:org.gnome.Terminal, profile:default]
09:50:03.446987 - GSETTINGS SCHEMA HANDLE: voice/family-lang not set [app:org.gnome.Terminal, profile:default]
09:50:03.447070 - GSETTINGS SCHEMA HANDLE: voice/family-dialect not set [app:org.gnome.Terminal, profile:default]
09:50:03.447102 - GSETTINGS SCHEMA HANDLE: voice/family-gender not set [app:org.gnome.Terminal, profile:default]
09:50:03.447117 - GSETTINGS SCHEMA HANDLE: voice/family-variant not set [app:org.gnome.Terminal, profile:default]
09:50:03.447173 - SPEECH GENERATOR: Final voice is {'established': 'False', 'family': '{}'}
09:50:03.447233 - SPEECH GENERATOR: _generate_accessible_role: [frame, {'established': 'False', 'family': '{}'}]
09:50:03.447322 - AXUtilities: Unfocused alerts and dialogs for [frame: 'Terminal' (0x7132c6658d00)] : []
09:50:03.447338 - SPEECH GENERATOR: _generate_unfocused_dialog_count: []
09:50:03.447366 - GENERATOR: _generate_state_current: []
09:50:03.447380 - SPEECH GENERATOR: _generate_state_current: []
09:50:03.447403 - SPEECH GENERATOR: _generate_has_click_action: []
09:50:03.447416 - SPEECH GENERATOR: _generate_has_details: []
09:50:03.447429 - SPEECH GENERATOR: _generate_details_for: []
09:50:03.447454 - GENERATOR: _generate_accessible_description: []
09:50:03.447466 - SPEECH GENERATOR: _generate_accessible_description: []
09:50:03.447487 - SPEECH GENERATOR: _generate_state_has_popup: []
09:50:03.447689 - SPEECH GENERATOR: _generate_tutorial: []
09:50:03.447798 - SPEECH GENERATOR: Results: [Terminal, {'established': 'False', 'family': "{'dialect': '', 'lang': 'C', 'name': ''}"}, frame, {'established': 'False', 'family': '{}'}]
09:50:03.447884 - SPEECH: Speak [Terminal, {'established': 'False', 'family': "{'dialect': '', 'lang': 'C', 'name': ''}"}, frame, {'established': 'False', 'family': '{}'}], acss: None
09:50:03.447948 - SPEECH: New voice {'established': 'False'}  != active voice {'established': 'False', 'family': "{'dialect': '', 'lang': 'C', 'name': ''}"}
09:50:03.447960 - SPEECH OUTPUT: 'Terminal' {'established': False, 'family': {'name': '', 'gender': None, 'lang': 'C', 'dialect': '', 'variant': None}}
09:50:03.447965 - SPEECH DISPATCHER: Speaking 'Terminal' as string
09:50:03.448307 - SPEECH DISPATCHER: Speaking '<speak><mark name="0:8"/>Terminal</speak>' 
                  ORCA rate 50.0, pitch 5.0, volume 10.0, language C, punctuation: MOST
                  SD rate 2, pitch 10, volume 100, language c
09:50:03.448457 - SPEECH OUTPUT: 'frame' {'established': False}
09:50:03.448484 - SPEECH DISPATCHER: Speaking 'frame' as string
09:50:03.448879 - SPEECH DISPATCHER: Speaking '<speak><mark name="0:5"/>frame</speak>' 
                  ORCA rate 50.0, pitch 5.0, volume 10.0, language C, punctuation: MOST
                  SD rate 2, pitch 10, volume 100, language c
09:50:03.455902 - GSETTINGS SCHEMA HANDLE: braille/enabled not set [app:org.gnome.Terminal, profile:default]
09:50:03.456003 - GSETTINGS REGISTRY: braille/enabled using default value = True
09:50:03.456111 - FOCUS MANAGER: Active mode: focus-tracking Object of interest: [frame: 'Terminal' (0x7132c6658d00)] 
09:50:03.456155 - GSETTINGS SCHEMA HANDLE: braille/enabled not set [app:org.gnome.Terminal, profile:default]
09:50:03.456171 - GSETTINGS REGISTRY: braille/enabled using default value = True
09:50:03.456215 - GSETTINGS SCHEMA HANDLE: braille/verbosity-level not set [app:org.gnome.Terminal, profile:default]
09:50:03.456229 - GSETTINGS REGISTRY: braille/verbosity-level using default value = 'verbose'
09:50:03.456267 - FOCUS MANAGER: Locus of focus is [frame: 'Terminal' (0x7132c6658d00)] 
09:50:03.456305 - SCRIPT MANAGER: Active script is: org.gnome.Terminal (module=orca.scripts.toolkits.gtk.script)
09:50:03.456347 - GSETTINGS SCHEMA HANDLE: braille/rolename-style not set [app:org.gnome.Terminal, profile:default]
09:50:03.456360 - GSETTINGS REGISTRY: braille/rolename-style using default value = 'verbose'
09:50:03.456394 - GSETTINGS SCHEMA HANDLE: braille/display-ancestors not set [app:org.gnome.Terminal, profile:default]
09:50:03.456406 - GSETTINGS REGISTRY: braille/display-ancestors using default value = True
09:50:03.456440 - GSETTINGS SCHEMA HANDLE: braille/end-of-line-indicator not set [app:org.gnome.Terminal, profile:default]
09:50:03.456452 - GSETTINGS REGISTRY: braille/end-of-line-indicator using default value = True
09:50:03.456483 - GSETTINGS SCHEMA HANDLE: braille/present-mnemonics not set [app:org.gnome.Terminal, profile:default]
09:50:03.456494 - GSETTINGS REGISTRY: braille/present-mnemonics using default value = True
09:50:03.456658 - GENERATOR: _get_functional_role: frame
09:50:03.456786 - BRAILLE GENERATOR: braille_generator.BrailleGenerator._generate_frame for [frame: 'Terminal' (0x7132c6658d00)]  args: {'formatType': 'focused', 'priorObj': "[page tab: 'Overview' (0x7132c663c040)] ", 'role': 'frame'}
09:50:03.457899 - GENERATOR: _get_functional_role: application
09:50:03.457954 - BRAILLE GENERATOR: [application: 'org.gnome.Terminal' (0x7132c7790700)]  lacks dedicated generator
09:50:03.458093 - BRAILLE GENERATOR: braille_generator.BrailleGenerator._generate_default_presentation for [application: 'org.gnome.Terminal' (0x7132c7790700)]  args: {'formatType': 'ancestor', 'includeContext': 'False', 'priorObj': "[page tab: 'Overview' (0x7132c663c040)] ", 'role': 'application'}
09:50:03.458256 - AXUtilitiesRelation: [application: 'org.gnome.Terminal' (0x7132c7790700)]  is labelled by: []
09:50:03.458276 - GENERATOR: _generate_accessible_label: []
09:50:03.458299 - GENERATOR: _generate_accessible_name: [org.gnome.Terminal]
09:50:03.458319 - GENERATOR: _generate_accessible_label_and_name: [org.gnome.Terminal]
09:50:03.458543 - BRAILLE GENERATOR: _generate_accessible_role: [application]
09:50:03.458554 - BRAILLE: Not contracting 'org.gnome.Terminal application' because contracted braille is not enabled.
09:50:03.458576 - BRAILLE GENERATOR: Results: [COMPONENT: 'org.gnome.Terminal application', cursor offset:0]
09:50:03.458598 - BRAILLE GENERATOR: _generate_ancestors: [COMPONENT: 'org.gnome.Terminal application', cursor offset:0]
09:50:03.458628 - AXUtilitiesRelation: [frame: 'Terminal' (0x7132c6658d00)]  is labelled by: []
09:50:03.458641 - GENERATOR: _generate_accessible_label: []
09:50:03.458660 - GENERATOR: _generate_accessible_name: [Terminal]
09:50:03.458678 - GENERATOR: _generate_accessible_label_and_name: [Terminal]
09:50:03.458726 - BRAILLE GENERATOR: _generate_accessible_role: [frame]
09:50:03.458791 - AXUtilities: Unfocused alerts and dialogs for [frame: 'Terminal' (0x7132c6658d00)] : []
09:50:03.458805 - BRAILLE GENERATOR: _generate_alert_and_dialog_count: []
09:50:03.458811 - BRAILLE: Not contracting 'Terminal frame' because contracted braille is not enabled.
09:50:03.458831 - GENERATOR: _generate_accessible_description: []
09:50:03.458851 - GENERATOR: _generate_state_current: []
09:50:03.458879 - BRAILLE GENERATOR: Results: [COMPONENT: 'org.gnome.Terminal application', cursor offset:0, REGION: ' ', cursor offset:0, COMPONENT: 'Terminal frame', cursor offset:0]
09:50:03.458919 - BRAILLE: Refresh. Pan: True target: 0
09:50:03.458925 - BRAILLE: Kill flash message braille.display_line:1618 > braille.refresh:2097 > braille._prepare_refresh:1856 > braille.kill_flash:2182
09:50:03.459392 - GSETTINGS SCHEMA HANDLE: braille/enabled not set [app:org.gnome.Terminal, profile:default]
09:50:03.459400 - GSETTINGS REGISTRY: braille/enabled using default value = True
09:50:03.459420 - BRAILLE: Last text object: None (Caret: 0, Line: 0, Cell: 0)
09:50:03.459444 - BRAILLE: Current text object: None (Caret: 0, Line: 0). On same line: False
09:50:03.459452 - BRAILLE: Line 0: 'org.gnome.Terminal application Terminal frame' focusOffset: 31 [[0, 31], [31, 45]]
09:50:03.459456 - BRAILLE: Cursor offset in line string is: 31
09:50:03.459461 - BRAILLE: Adjusting offset to 31 (unhandled condition)
09:50:03.459466 - BRAILLE: Current range: (31, 63). Target cell: 0
09:50:03.459472 - BRAILLE LINE:  'org.gnome.Terminal application Terminal frame'
09:50:03.459475 -      VISIBLE:  'Terminal frame', cursor=1
09:50:03.459489 - BRAILLE: Enabling braille. BrlAPI running: False
09:50:03.459493 - BRAILLE: Need to initialize first.
09:50:03.459506 - BRAILLE: Initializing. Callback: input_event_manager.InputEventManager.process_braille_event
09:50:03.459523 - BRAILLE: WINDOWPATH= None
09:50:03.459537 - BRAILLE: XDG_VTNR= 1
09:50:03.459557 - BRAILLE: Attempting connection with BrlAPI.
09:50:03.459706 - AXTable: Setting last cell coordinates to row=-1, column=-1
09:50:03.459732 - FOCUS MANAGER: Setting last cursor position to [frame: 'Terminal' (0x7132c6658d00)]  -1
09:50:03.459778 - FOCUS MANAGER: Active window is [frame: 'Terminal' (0x7132c6658d00)]  focus_manager.set_locus_of_focus:327 > focus_manager._save_object_details:254 > ax_utilities_event.save_object_info_for_events:195 > focus_manager.get_active_window:342
09:50:03.460129 - BRAILLE: BrlAPI Connection is unavailable (ConnectionError): couldn't connect to b':0' with key b'keyfile:/etc/brlapi.key+polkit': connect: No such file or directory
                  (brlerrno 11, libcerrno 2, gaierrno 0)
                  Is BRLTTY really running?
09:50:03.460190 - SCRIPT MANAGER: Getting script for [application: 'org.gnome.Terminal' (0x7132c7790700)]  [frame: 'Terminal' (0x7132c6658d00)] 
09:50:03.460223 - SCRIPT MANAGER: Script is app script org.gnome.Terminal (module=orca.scripts.toolkits.gtk.script)
09:50:03.460407 - FOCUS MANAGER: Locus of focus is [frame: 'Terminal' (0x7132c6658d00)] 
09:50:03.460547 - SCRIPT MANAGER: Active script is: org.gnome.Terminal (module=orca.scripts.toolkits.gtk.script)
09:50:03.460706 - GSETTINGS SCHEMA HANDLE: keybindings/keyboard-layout not set [app:org.gnome.Terminal, profile:default]
09:50:03.460713 - GSETTINGS REGISTRY: keybindings/keyboard-layout using default value = 'desktop'
09:50:03.460726 - GSETTINGS SCHEMA HANDLE: keybindings/desktop-modifier-keys not set [app:org.gnome.Terminal, profile:default]
09:50:03.460731 - GSETTINGS REGISTRY: keybindings/desktop-modifier-keys using default value = ['Insert', 'KP_Insert']

KEYBOARD_EVENT:  type=ATSPI_KEY_PRESSED_EVENT
                 id=65478
                 hw_code=75
                 modifiers=0
                 text=''
                 keyval_name='F9'
                 timestamp=1789048203.4267612
                 clickCount=1

vvvvv PROCESS ATSPI_KEY_PRESSED_EVENT: 'F9' (75) vvvvv
09:50:03.460770 - SCRIPT: org.gnome.Terminal (module=orca.scripts.toolkits.gtk.script)
09:50:03.460787 - WINDOW: [frame: 'Terminal' (0x7132c6658d00)] 
09:50:03.460799 - LOCATION: [frame: 'Terminal' (0x7132c6658d00)] 
09:50:03.460823 - GSETTINGS SCHEMA HANDLE: keybindings/keyboard-layout not set [app:org.gnome.Terminal, profile:default]
09:50:03.460827 - GSETTINGS REGISTRY: keybindings/keyboard-layout using default value = 'desktop'
09:50:03.460838 - GSETTINGS SCHEMA HANDLE: keybindings/desktop-modifier-keys not set [app:org.gnome.Terminal, profile:default]
09:50:03.460842 - GSETTINGS REGISTRY: keybindings/desktop-modifier-keys using default value = ['Insert', 'KP_Insert']
09:50:03.460849 - PRESENTATION MANAGER: Interrupting presentation
09:50:03.460879 - SPEECH MANAGER: interrupt_speech. Script: None Event: None notify_user: False
09:50:03.461214 - SPEECH MANAGER: Speech server is <orca.speechdispatcherfactory.SpeechServer object at 0x7132c76d96a0>
09:50:03.461276 - BRAILLE: Kill flash message input_event._present:603 > presentation_manager.interrupt_presentation:88 > braille_presenter.kill_flash:1829 > braille.kill_flash:2182
09:50:03.461604 - TYPING ECHO PRESENTER: should_echo_keyboard_event: 'F9'?
09:50:03.461628 - GSETTINGS SCHEMA HANDLE: keybindings/keyboard-layout not set [app:org.gnome.Terminal, profile:default]
09:50:03.461634 - GSETTINGS REGISTRY: keybindings/keyboard-layout using default value = 'desktop'
09:50:03.461646 - GSETTINGS SCHEMA HANDLE: keybindings/desktop-modifier-keys not set [app:org.gnome.Terminal, profile:default]
09:50:03.461651 - GSETTINGS REGISTRY: keybindings/desktop-modifier-keys using default value = ['Insert', 'KP_Insert']
09:50:03.461668 - GSETTINGS SCHEMA HANDLE: typing-echo/character-echo not set [app:org.gnome.Terminal, profile:default]
09:50:03.461672 - GSETTINGS REGISTRY: typing-echo/character-echo using default value = False
09:50:03.461685 - GSETTINGS SCHEMA HANDLE: keybindings/keyboard-layout not set [app:org.gnome.Terminal, profile:default]
09:50:03.461688 - GSETTINGS REGISTRY: keybindings/keyboard-layout using default value = 'desktop'
09:50:03.461698 - GSETTINGS SCHEMA HANDLE: keybindings/desktop-modifier-keys not set [app:org.gnome.Terminal, profile:default]
09:50:03.461702 - GSETTINGS REGISTRY: keybindings/desktop-modifier-keys using default value = ['Insert', 'KP_Insert']
09:50:03.461717 - GSETTINGS SCHEMA HANDLE: typing-echo/key-echo not set [app:org.gnome.Terminal, profile:default]
09:50:03.461721 - GSETTINGS REGISTRY: typing-echo/key-echo using default value = True
09:50:03.461755 - GSETTINGS SCHEMA HANDLE: keybindings/keyboard-layout not set [app:org.gnome.Terminal, profile:default]
09:50:03.461759 - GSETTINGS REGISTRY: keybindings/keyboard-layout using default value = 'desktop'
09:50:03.461769 - GSETTINGS SCHEMA HANDLE: keybindings/desktop-modifier-keys not set [app:org.gnome.Terminal, profile:default]
09:50:03.461772 - GSETTINGS REGISTRY: keybindings/desktop-modifier-keys using default value = ['Insert', 'KP_Insert']
09:50:03.461792 - GSETTINGS SCHEMA HANDLE: typing-echo/function-keys not set [app:org.gnome.Terminal, profile:default]
09:50:03.461797 - GSETTINGS REGISTRY: typing-echo/function-keys using default value = True
09:50:03.461802 - TYPING ECHO PRESENTER: Echoing function keyboard event: True.
09:50:03.461821 - GSETTINGS SCHEMA HANDLE: keybindings/keyboard-layout not set [app:org.gnome.Terminal, profile:default]
09:50:03.461825 - GSETTINGS REGISTRY: keybindings/keyboard-layout using default value = 'desktop'
09:50:03.461835 - GSETTINGS SCHEMA HANDLE: keybindings/desktop-modifier-keys not set [app:org.gnome.Terminal, profile:default]
09:50:03.461839 - GSETTINGS REGISTRY: keybindings/desktop-modifier-keys using default value = ['Insert', 'KP_Insert']
09:50:03.461866 - SCRIPT MANAGER: Active script is: org.gnome.Terminal (module=orca.scripts.toolkits.gtk.script)
09:50:03.461896 - FOCUS MANAGER: Active mode: focus-tracking Object of interest: [frame: 'Terminal' (0x7132c6658d00)] 
09:50:03.461914 - GSETTINGS SCHEMA HANDLE: speech/enable not set [app:org.gnome.Terminal, profile:default]
09:50:03.461918 - GSETTINGS REGISTRY: speech/enable using default value = True
09:50:03.461934 - GSETTINGS SCHEMA HANDLE: speech/verbosity-level not set [app:org.gnome.Terminal, profile:default]
09:50:03.461938 - GSETTINGS REGISTRY: speech/verbosity-level using default value = 'verbose'
09:50:03.461951 - FOCUS MANAGER: Locus of focus is [frame: 'Terminal' (0x7132c6658d00)] 
09:50:03.461964 - SCRIPT MANAGER: Active script is: org.gnome.Terminal (module=orca.scripts.toolkits.gtk.script)
09:50:03.461983 - GSETTINGS SCHEMA HANDLE: speech/only-speak-displayed-text not set [app:org.gnome.Terminal, profile:default]
09:50:03.461988 - GSETTINGS REGISTRY: speech/only-speak-displayed-text using default value = False
09:50:03.461998 - GSETTINGS SCHEMA HANDLE: speech/speak-description not set [app:org.gnome.Terminal, profile:default]
09:50:03.462002 - GSETTINGS REGISTRY: speech/speak-description using default value = True
09:50:03.462012 - GSETTINGS SCHEMA HANDLE: speech/speak-tutorial-messages not set [app:org.gnome.Terminal, profile:default]
09:50:03.462016 - GSETTINGS REGISTRY: speech/speak-tutorial-messages using default value = True
09:50:03.462025 - GSETTINGS SCHEMA HANDLE: speech/speak-position-in-set not set [app:org.gnome.Terminal, profile:default]
09:50:03.462028 - GSETTINGS REGISTRY: speech/speak-position-in-set using default value = False
09:50:03.462037 - GSETTINGS SCHEMA HANDLE: speech/speak-widget-mnemonic not set [app:org.gnome.Terminal, profile:default]
09:50:03.462041 - GSETTINGS REGISTRY: speech/speak-widget-mnemonic using default value = True
09:50:03.462051 - GSETTINGS SCHEMA HANDLE: speech/speak-blank-lines not set [app:org.gnome.Terminal, profile:default]
09:50:03.462054 - GSETTINGS REGISTRY: speech/speak-blank-lines using default value = True
09:50:03.462064 - GSETTINGS SCHEMA HANDLE: speech/speak-indentation-and-justification not set [app:org.gnome.Terminal, profile:default]
09:50:03.462068 - GSETTINGS REGISTRY: speech/speak-indentation-and-justification using default value = False
09:50:03.462078 - GSETTINGS SCHEMA HANDLE: speech/announce-cell-headers not set [app:org.gnome.Terminal, profile:default]
09:50:03.462081 - GSETTINGS REGISTRY: speech/announce-cell-headers using default value = True
09:50:03.462091 - GSETTINGS SCHEMA HANDLE: speech/announce-cell-coordinates not set [app:org.gnome.Terminal, profile:default]
09:50:03.462094 - GSETTINGS REGISTRY: speech/announce-cell-coordinates using default value = True
09:50:03.462104 - GSETTINGS SCHEMA HANDLE: speech/announce-spreadsheet-cell-coordinates not set [app:org.gnome.Terminal, profile:default]
09:50:03.462107 - GSETTINGS REGISTRY: speech/announce-spreadsheet-cell-coordinates using default value = True
09:50:03.462117 - GSETTINGS SCHEMA HANDLE: speech/announce-blockquote not set [app:org.gnome.Terminal, profile:default]
09:50:03.462120 - GSETTINGS REGISTRY: speech/announce-blockquote using default value = True
09:50:03.462129 - GSETTINGS SCHEMA HANDLE: speech/announce-form not set [app:org.gnome.Terminal, profile:default]
09:50:03.462133 - GSETTINGS REGISTRY: speech/announce-form using default value = True
09:50:03.462142 - GSETTINGS SCHEMA HANDLE: speech/announce-landmark not set [app:org.gnome.Terminal, profile:default]
09:50:03.462145 - GSETTINGS REGISTRY: speech/announce-landmark using default value = True
09:50:03.462155 - GSETTINGS SCHEMA HANDLE: speech/announce-list not set [app:org.gnome.Terminal, profile:default]
09:50:03.462158 - GSETTINGS REGISTRY: speech/announce-list using default value = True
09:50:03.462168 - GSETTINGS SCHEMA HANDLE: speech/announce-grouping not set [app:org.gnome.Terminal, profile:default]
09:50:03.462171 - GSETTINGS REGISTRY: speech/announce-grouping using default value = True
09:50:03.462180 - GSETTINGS SCHEMA HANDLE: speech/announce-table not set [app:org.gnome.Terminal, profile:default]
09:50:03.462184 - GSETTINGS REGISTRY: speech/announce-table using default value = True
09:50:03.462207 - GSETTINGS SCHEMA HANDLE: voice/established not set [app:org.gnome.Terminal, profile:default]
09:50:03.462220 - GSETTINGS SCHEMA HANDLE: voice/rate not set [app:org.gnome.Terminal, profile:default]
09:50:03.462234 - GSETTINGS SCHEMA HANDLE: voice/pitch not set [app:org.gnome.Terminal, profile:default]
09:50:03.462244 - GSETTINGS SCHEMA HANDLE: voice/volume not set [app:org.gnome.Terminal, profile:default]
09:50:03.462257 - GSETTINGS SCHEMA HANDLE: voice/family-name not set [app:org.gnome.Terminal, profile:default]
09:50:03.462267 - GSETTINGS SCHEMA HANDLE: voice/family-lang not set [app:org.gnome.Terminal, profile:default]
09:50:03.462278 - GSETTINGS SCHEMA HANDLE: voice/family-dialect not set [app:org.gnome.Terminal, profile:default]
09:50:03.462288 - GSETTINGS SCHEMA HANDLE: voice/family-gender not set [app:org.gnome.Terminal, profile:default]
09:50:03.462299 - GSETTINGS SCHEMA HANDLE: voice/family-variant not set [app:org.gnome.Terminal, profile:default]
09:50:03.462326 - SPEECH GENERATOR: None voice requested for None language='', dialect='' Unmodified voice={'established': False}
09:50:03.462348 - SPEECH GENERATOR: Reported locale of None is 
09:50:03.462366 - SPEECH GENERATOR: Updated to: 'C', ''
09:50:03.462382 - GSETTINGS SCHEMA HANDLE: speech/auto-language-switching not set [app:org.gnome.Terminal, profile:default]
09:50:03.462386 - GSETTINGS REGISTRY: speech/auto-language-switching using default value = True
09:50:03.462395 - SPEECH DISPATCHER: Returning cached result for language='C' dialect='' variant='None'
09:50:03.462432 - SPEECH GENERATOR: Family updated to {'dialect': '', 'lang': 'C', 'name': ''}
09:50:03.462476 - SPEECH GENERATOR: Final voice is {'established': 'False', 'family': "{'dialect': '', 'lang': 'C', 'name': ''}"}
09:50:03.462503 - GSETTINGS SCHEMA HANDLE: keybindings/keyboard-layout not set [app:org.gnome.Terminal, profile:default]
09:50:03.462508 - GSETTINGS REGISTRY: keybindings/keyboard-layout using default value = 'desktop'
09:50:03.462520 - GSETTINGS SCHEMA HANDLE: keybindings/desktop-modifier-keys not set [app:org.gnome.Terminal, profile:default]
09:50:03.462524 - GSETTINGS REGISTRY: keybindings/desktop-modifier-keys using default value = ['Insert', 'KP_Insert']
09:50:03.462534 - SPEECH OUTPUT: 'F9' {'established': False, 'family': {'name': '', 'gender': None, 'lang': 'C', 'dialect': '', 'variant': None}}
09:50:03.462550 - GSETTINGS SCHEMA HANDLE: keybindings/keyboard-layout not set [app:org.gnome.Terminal, profile:default]
09:50:03.462554 - GSETTINGS REGISTRY: keybindings/keyboard-layout using default value = 'desktop'
09:50:03.462564 - GSETTINGS SCHEMA HANDLE: keybindings/desktop-modifier-keys not set [app:org.gnome.Terminal, profile:default]
09:50:03.462568 - GSETTINGS REGISTRY: keybindings/desktop-modifier-keys using default value = ['Insert', 'KP_Insert']
09:50:03.462575 - SPEECH DISPATCHER: Speaking 'F9' as string
09:50:03.462579 - SPEECH DISPATCHER: Speaking 'F9' as string
09:50:03.462827 - SPEECH DISPATCHER: Speaking '<speak><mark name="0:2"/>F9</speak>' 
                  ORCA rate 50.0, pitch 5.0, volume 10.0, language C, punctuation: MOST
                  SD rate 2, pitch 10, volume 100, language c
09:50:03.462903 - TOTAL PROCESSING TIME: 0.0022
^^^^^ PROCESS ATSPI_KEY_PRESSED_EVENT: 'F9' (75) ^^^^^

09:50:03.462935 - GSETTINGS SCHEMA HANDLE: keybindings/keyboard-layout not set [app:org.gnome.Terminal, profile:default]
09:50:03.462940 - GSETTINGS REGISTRY: keybindings/keyboard-layout using default value = 'desktop'
09:50:03.462951 - GSETTINGS SCHEMA HANDLE: keybindings/desktop-modifier-keys not set [app:org.gnome.Terminal, profile:default]
09:50:03.462956 - GSETTINGS REGISTRY: keybindings/desktop-modifier-keys using default value = ['Insert', 'KP_Insert']
09:50:03.463090 - GSETTINGS SCHEMA HANDLE: keybindings/keyboard-layout not set [app:org.gnome.Terminal, profile:default]
09:50:03.463097 - GSETTINGS REGISTRY: keybindings/keyboard-layout using default value = 'desktop'
09:50:03.463107 - GSETTINGS SCHEMA HANDLE: keybindings/desktop-modifier-keys not set [app:org.gnome.Terminal, profile:default]
09:50:03.463111 - GSETTINGS REGISTRY: keybindings/desktop-modifier-keys using default value = ['Insert', 'KP_Insert']
09:50:03.463569 - GSETTINGS SCHEMA HANDLE: keybindings/keyboard-layout not set [app:org.gnome.Terminal, profile:default]
09:50:03.463579 - GSETTINGS REGISTRY: keybindings/keyboard-layout using default value = 'desktop'
09:50:03.463592 - GSETTINGS SCHEMA HANDLE: keybindings/desktop-modifier-keys not set [app:org.gnome.Terminal, profile:default]
09:50:03.463596 - GSETTINGS REGISTRY: keybindings/desktop-modifier-keys using default value = ['Insert', 'KP_Insert']

KEYBOARD_EVENT:  type=ATSPI_KEY_RELEASED_EVENT
                 id=65478
                 hw_code=75
                 modifiers=0
                 text=''
                 keyval_name='F9'
                 timestamp=1789048203.4630768
                 clickCount=1

vvvvv PROCESS ATSPI_KEY_RELEASED_EVENT: 'F9' (75) vvvvv
09:50:03.463639 - SCRIPT: org.gnome.Terminal (module=orca.scripts.toolkits.gtk.script)
09:50:03.463655 - WINDOW: [frame: 'Terminal' (0x7132c6658d00)] 
09:50:03.463667 - LOCATION: [frame: 'Terminal' (0x7132c6658d00)] 
09:50:03.463689 - GSETTINGS SCHEMA HANDLE: keybindings/keyboard-layout not set [app:org.gnome.Terminal, profile:default]
09:50:03.463693 - GSETTINGS REGISTRY: keybindings/keyboard-layout using default value = 'desktop'
09:50:03.463704 - GSETTINGS SCHEMA HANDLE: keybindings/desktop-modifier-keys not set [app:org.gnome.Terminal, profile:default]
09:50:03.463708 - GSETTINGS REGISTRY: keybindings/desktop-modifier-keys using default value = ['Insert', 'KP_Insert']
09:50:03.463722 - TOTAL PROCESSING TIME: 0.0001
^^^^^ PROCESS ATSPI_KEY_RELEASED_EVENT: 'F9' (75) ^^^^^

09:50:03.463743 - GSETTINGS SCHEMA HANDLE: keybindings/keyboard-layout not set [app:org.gnome.Terminal, profile:default]
09:50:03.463747 - GSETTINGS REGISTRY: keybindings/keyboard-layout using default value = 'desktop'
09:50:03.463757 - GSETTINGS SCHEMA HANDLE: keybindings/desktop-modifier-keys not set [app:org.gnome.Terminal, profile:default]
09:50:03.463761 - GSETTINGS REGISTRY: keybindings/desktop-modifier-keys using default value = ['Insert', 'KP_Insert']
09:50:03.464050 - EVENT MANAGER: Dequeueing object:text-changed:insert for [terminal: 'Terminal' (0x7132c5d3c840)]  in org.gnome.Terminal (gtk 3.24.52) (372, 2859, \n \n \n \n \n... \n \n \n \n \n (2887 chars.))
09:50:03.464099 - EVENT MANAGER: Dequeued object:text-changed:insert for [terminal: 'Terminal' (0x7132c5d3c840)]  in org.gnome.Terminal (gtk 3.24.52) (372, 2859, \n \n \n \n \n... \n \n \n \n \n (2887 chars.)) priority: 4, counter: 47

vvvvv START PRIORITY-4 OBJECT EVENT OBJECT:TEXT-CHANGED:INSERT (queue size: 44) vvvvv

09:50:03.464660 - AXObject: Exception in get_role_name: app no longer exists
09:50:03.464674 - AXObject: Adding to known dead objects ax_utilities_debugging._accessible_as_string:62 > ax_object.get_role_name:661 > ax_object.handle_error:193 > ax_object._set_known_dead_status:170
09:50:03.465460 - EVENT MANAGER: object:children-changed:remove for [desktop frame: 'main' (0x7132c5da30c0)]  in  (4, 0, [DEAD (0x7132c5d8ee00)])
09:50:03.465486 - FOCUS MANAGER: Locus of focus is [frame: 'Terminal' (0x7132c6658d00)] 
09:50:03.465582 - EVENT MANAGER: Queueing object:children-changed:remove for [desktop frame: 'main' (0x7132c7704500)]  in  (4, 0, [DEAD (0x7132c5d8ee00)])
09:50:03.465600 - EVENT MANAGER: App for event source is None
09:50:03.465619 - SCRIPT MANAGER: Getting script for None [desktop frame: 'main' (0x7132c7749d00)] 
09:50:03.465749 - SCRIPT MANAGER: Script is app script default (module=orca.scripts.default)
09:50:03.465870 - EVENT MANAGER: object:children-changed:remove for [desktop frame: 'main' (0x7132c5da31c0)]  in  (4, 0, [DEAD (0x7132c5d8ee00)]) has priority level: 6
09:50:03.465956 - EVENT MANAGER: Queued object:children-changed:remove for [desktop frame: 'main' (0x7132c5da3240)]  in  (4, 0, [DEAD (0x7132c5d8ee00)]) priority: 6, counter: 87

09:50:03.466924 - EVENT MANAGER: object:children-changed:add for [desktop frame: 'main' (0x7132c5da3340)]  in  (5, 0, [application: 'accessibility_probe' (0x7132c77b9e80)])
09:50:03.466972 - FOCUS MANAGER: Locus of focus is [frame: 'Terminal' (0x7132c6658d00)] 
09:50:03.467185 - SCRIPT MANAGER: Active script is: org.gnome.Terminal (module=orca.scripts.toolkits.gtk.script)
09:50:03.467219 - EVENT MANAGER: Ignoring object:children-changed:add because event is not from active app

09:50:03.469125 - EVENT MANAGER: object:children-changed:add for [application: 'accessibility_probe' (0x7132c5da33c0)]  in accessibility_probe (AccessKit) (0, 0, [frame: 'Reactive TUI App accessibility round 2' (0x7132c5d8ec40)])
09:50:03.469211 - FOCUS MANAGER: Locus of focus is [frame: 'Terminal' (0x7132c6658d00)] 
09:50:03.469755 - SCRIPT MANAGER: Active script is: org.gnome.Terminal (module=orca.scripts.toolkits.gtk.script)
09:50:03.469795 - EVENT MANAGER: Ignoring object:children-changed:add because event is not from active app

09:50:03.472293 - EVENT MANAGER: object:children-changed:add for [frame: 'Reactive TUI App accessibility round 2' (0x7132c663b480)]  in accessibility_probe (AccessKit) (0, 0, [panel: 'Project sections' (0x7132c5da3480)])
09:50:03.472338 - FOCUS MANAGER: Locus of focus is [frame: 'Terminal' (0x7132c6658d00)] 
09:50:03.472365 - EVENT MANAGER: Not ignoring object:children-changed:add based on role
09:50:03.472406 - EVENT MANAGER: Queueing object:children-changed:add for [frame: 'Reactive TUI App accessibility round 2' (0x7132c5da35c0)]  in accessibility_probe (AccessKit) (0, 0, [panel: 'Project sections' (0x7132c663bac0)])
09:50:03.472423 - EVENT MANAGER: App for event source is [application: 'accessibility_probe' (0x7132c5da3440)] 
09:50:03.472441 - SCRIPT MANAGER: Getting script for [application: 'accessibility_probe' (0x7132c5da3440)]  [frame: 'Reactive TUI App accessibility round 2' (0x7132c5da3480)] 
09:50:03.472698 - SCRIPT MANAGER: Creating app script for [application: 'accessibility_probe' (0x7132c5da3440)] 
09:50:03.472778 - SCRIPT MANAGER: Mapped [application: 'accessibility_probe' (0x7132c5da3440)]  to accessibility_probe
09:50:03.473514 - DEFAULT: Setting up commands for [application: 'accessibility_probe' (0x7132c5da3440)] 
09:50:03.473538 - DEFAULT: Commands already initialized.
09:50:03.473554 - SCRIPT: accessibility_probe (module=orca.scripts.default) initialized
09:50:03.473610 - SCRIPT MANAGER: Default script created for [application: 'accessibility_probe' (0x7132c5da3440)]  (obj:  None)
09:50:03.473644 - SCRIPT MANAGER: Script is app script accessibility_probe (module=orca.scripts.default)
09:50:03.473763 - EVENT MANAGER: object:children-changed:add for [frame: 'Reactive TUI App accessibility round 2' (0x7132c5d47a00)]  in accessibility_probe (AccessKit) (0, 0, [panel: 'Project sections' (0x7132c5db7a00)]) has priority level: 6
09:50:03.473880 - EVENT MANAGER: Queued object:children-changed:add for [frame: 'Reactive TUI App accessibility round 2' (0x7132c5d47a80)]  in accessibility_probe (AccessKit) (0, 0, [panel: 'Project sections' (0x7132c5db7a80)]) priority: 6, counter: 88
09:50:03.473960 - CLIPBOARD PRESENTER: Possible change event object:text-changed:delete for [terminal: 'Terminal' (0x7132c5d3c840)]  in org.gnome.Terminal (gtk 3.24.52) (101, 3130, Project overview \n \n \n... \n \n \n \n \n (3160 chars.))

09:50:03.474037 - EVENT MANAGER: object:text-changed:delete for [terminal: 'Terminal' (0x7132c5d3c840)]  in org.gnome.Terminal (gtk 3.24.52) (101, 3130, Project overview \n \n \n... \n \n \n \n \n (3160 chars.))
09:50:03.474054 - FOCUS MANAGER: Locus of focus is [frame: 'Terminal' (0x7132c6658d00)] 
09:50:03.474104 - EVENT_MANAGER: Not ignoring object:text-changed:delete due to source being focused
09:50:03.474143 - EVENT MANAGER: Queueing object:text-changed:delete for [terminal: 'Terminal' (0x7132c5d3c840)]  in org.gnome.Terminal (gtk 3.24.52) (101, 3130, Project overview \n \n \n... \n \n \n \n \n (3160 chars.))
09:50:03.474158 - EVENT MANAGER: App for event source is [application: 'org.gnome.Terminal' (0x7132c7790700)] 
09:50:03.474175 - SCRIPT MANAGER: Getting script for [application: 'org.gnome.Terminal' (0x7132c7790700)]  [terminal: 'Terminal' (0x7132c5d3c840)] 
09:50:03.474200 - SCRIPT MANAGER: Script is custom script org.gnome.Terminal (module=orca.scripts.terminal.script)
09:50:03.474248 - EVENT MANAGER: object:text-changed:delete for [terminal: 'Terminal' (0x7132c5d3c840)]  in org.gnome.Terminal (gtk 3.24.52) (101, 3130, Project overview \n \n \n... \n \n \n \n \n (3160 chars.)) has priority level: 4
09:50:03.474289 - EVENT MANAGER: Queued object:text-changed:delete for [terminal: 'Terminal' (0x7132c5d3c840)]  in org.gnome.Terminal (gtk 3.24.52) (101, 3130, Project overview \n \n \n... \n \n \n \n \n (3160 chars.)) priority: 4, counter: 89

09:50:03.475188 - EVENT MANAGER: object:selection-changed for [page tab list: 'Tabs' (0x7132c5d47a80)]  in accessibility_probe (AccessKit) (0, 0, 0)
09:50:03.475240 - FOCUS MANAGER: Locus of focus is [frame: 'Terminal' (0x7132c6658d00)] 
09:50:03.475661 - EVENT MANAGER: Queueing object:selection-changed for [page tab list: 'Tabs' (0x7132c5db7980)]  in accessibility_probe (AccessKit) (0, 0, 0)
09:50:03.475710 - EVENT MANAGER: App for event source is [application: 'accessibility_probe' (0x7132c5da3440)] 
09:50:03.475759 - SCRIPT MANAGER: Getting script for [application: 'accessibility_probe' (0x7132c5da3440)]  [page tab list: 'Tabs' (0x7132c5db7bc0)] 
09:50:03.475982 - SCRIPT MANAGER: Script is app script accessibility_probe (module=orca.scripts.default)
09:50:03.476098 - EVENT MANAGER: object:selection-changed for [page tab list: 'Tabs' (0x7132c5d47a80)]  in accessibility_probe (AccessKit) (0, 0, 0) has priority level: 4
09:50:03.476194 - EVENT MANAGER: Queued object:selection-changed for [page tab list: 'Tabs' (0x7132c5db7c80)]  in accessibility_probe (AccessKit) (0, 0, 0) priority: 4, counter: 90
09:50:03.476309 - CLIPBOARD PRESENTER: Possible change event object:text-changed:delete for [terminal: 'Terminal' (0x7132c5d3c840)]  in org.gnome.Terminal (gtk 3.24.52) (0, 101, ▶Overview ✕ ~ Unavailable~ \n... ▶Overview ✕ ~ Unavailable~ \n (102 chars.))

09:50:03.476463 - EVENT MANAGER: object:text-changed:delete for [terminal: 'Terminal' (0x7132c5d3c840)]  in org.gnome.Terminal (gtk 3.24.52) (0, 101, ▶Overview ✕ ~ Unavailable~ \n... ▶Overview ✕ ~ Unavailable~ \n (102 chars.))
09:50:03.476506 - FOCUS MANAGER: Locus of focus is [frame: 'Terminal' (0x7132c6658d00)] 
09:50:03.476650 - EVENT_MANAGER: Not ignoring object:text-changed:delete due to source being focused
09:50:03.476745 - EVENT MANAGER: Queueing object:text-changed:delete for [terminal: 'Terminal' (0x7132c5d3c840)]  in org.gnome.Terminal (gtk 3.24.52) (0, 101, ▶Overview ✕ ~ Unavailable~ \n... ▶Overview ✕ ~ Unavailable~ \n (102 chars.))
09:50:03.476792 - EVENT MANAGER: App for event source is [application: 'org.gnome.Terminal' (0x7132c7790700)] 
09:50:03.476840 - SCRIPT MANAGER: Getting script for [application: 'org.gnome.Terminal' (0x7132c7790700)]  [terminal: 'Terminal' (0x7132c5d3c840)] 
09:50:03.476888 - SCRIPT MANAGER: Script is custom script org.gnome.Terminal (module=orca.scripts.terminal.script)
09:50:03.476996 - EVENT MANAGER: object:text-changed:delete for [terminal: 'Terminal' (0x7132c5d3c840)]  in org.gnome.Terminal (gtk 3.24.52) (0, 101, ▶Overview ✕ ~ Unavailable~ \n... ▶Overview ✕ ~ Unavailable~ \n (102 chars.)) has priority level: 4
09:50:03.477105 - EVENT MANAGER: Queued object:text-changed:delete for [terminal: 'Terminal' (0x7132c5d3c840)]  in org.gnome.Terminal (gtk 3.24.52) (0, 101, ▶Overview ✕ ~ Unavailable~ \n... ▶Overview ✕ ~ Unavailable~ \n (102 chars.)) priority: 4, counter: 91
09:50:03.477204 - CLIPBOARD PRESENTER: Possible change event object:text-changed:insert for [terminal: 'Terminal' (0x7132c5d3c840)]  in org.gnome.Terminal (gtk 3.24.52) (0, 31, \n\n\n\n\n\n\n\n\n\n\n\n\n\n\n\n\n\n\n\n\n\n\n\n\n\n\n\n\n\n\n)

09:50:03.477339 - EVENT MANAGER: object:text-changed:insert for [terminal: 'Terminal' (0x7132c5d3c840)]  in org.gnome.Terminal (gtk 3.24.52) (0, 31, \n\n\n\n\n\n\n\n\n\n\n\n\n\n\n\n\n\n\n\n\n\n\n\n\n\n\n\n\n\n\n)
09:50:03.477380 - FOCUS MANAGER: Locus of focus is [frame: 'Terminal' (0x7132c6658d00)] 
09:50:03.477531 - EVENT_MANAGER: Not ignoring object:text-changed:insert due to source being focused
09:50:03.477633 - EVENT MANAGER: Queueing object:text-changed:insert for [terminal: 'Terminal' (0x7132c5d3c840)]  in org.gnome.Terminal (gtk 3.24.52) (0, 31, \n\n\n\n\n\n\n\n\n\n\n\n\n\n\n\n\n\n\n\n\n\n\n\n\n\n\n\n\n\n\n)
09:50:03.477679 - EVENT MANAGER: App for event source is [application: 'org.gnome.Terminal' (0x7132c7790700)] 
09:50:03.477727 - SCRIPT MANAGER: Getting script for [application: 'org.gnome.Terminal' (0x7132c7790700)]  [terminal: 'Terminal' (0x7132c5d3c840)] 
09:50:03.477776 - SCRIPT MANAGER: Script is custom script org.gnome.Terminal (module=orca.scripts.terminal.script)
09:50:03.477880 - EVENT MANAGER: object:text-changed:insert for [terminal: 'Terminal' (0x7132c5d3c840)]  in org.gnome.Terminal (gtk 3.24.52) (0, 31, \n\n\n\n\n\n\n\n\n\n\n\n\n\n\n\n\n\n\n\n\n\n\n\n\n\n\n\n\n\n\n) has priority level: 4
09:50:03.477987 - EVENT MANAGER: Queued object:text-changed:insert for [terminal: 'Terminal' (0x7132c5d3c840)]  in org.gnome.Terminal (gtk 3.24.52) (0, 31, \n\n\n\n\n\n\n\n\n\n\n\n\n\n\n\n\n\n\n\n\n\n\n\n\n\n\n\n\n\n\n) priority: 4, counter: 92

09:50:03.478104 - EVENT MANAGER: object:text-caret-moved for [terminal: 'Terminal' (0x7132c5d3c840)]  in org.gnome.Terminal (gtk 3.24.52) (0, 0, 0)
09:50:03.478146 - FOCUS MANAGER: Locus of focus is [frame: 'Terminal' (0x7132c6658d00)] 
09:50:03.478297 - EVENT_MANAGER: Not ignoring object:text-caret-moved due to source being focused
09:50:03.478391 - EVENT MANAGER: Queueing object:text-caret-moved for [terminal: 'Terminal' (0x7132c5d3c840)]  in org.gnome.Terminal (gtk 3.24.52) (0, 0, 0)
09:50:03.478441 - EVENT MANAGER: App for event source is [application: 'org.gnome.Terminal' (0x7132c7790700)] 
09:50:03.478491 - SCRIPT MANAGER: Getting script for [application: 'org.gnome.Terminal' (0x7132c7790700)]  [terminal: 'Terminal' (0x7132c5d3c840)] 
09:50:03.478543 - SCRIPT MANAGER: Script is custom script org.gnome.Terminal (module=orca.scripts.terminal.script)
09:50:03.478646 - EVENT MANAGER: object:text-caret-moved for [terminal: 'Terminal' (0x7132c5d3c840)]  in org.gnome.Terminal (gtk 3.24.52) (0, 0, 0) has priority level: 4
09:50:03.478738 - EVENT MANAGER: Queued object:text-caret-moved for [terminal: 'Terminal' (0x7132c5d3c840)]  in org.gnome.Terminal (gtk 3.24.52) (0, 0, 0) priority: 4, counter: 93
09:50:03.478834 - CLIPBOARD PRESENTER: Possible change event object:text-changed:delete for [terminal: 'Terminal' (0x7132c5d3c840)]  in org.gnome.Terminal (gtk 3.24.52) (0, 32, \n\n\n\n\n\n\n\n\n\n\n\n\n\n\n\n\n\n\n\n\n\n\n\n\n\n\n\n\n\n\n\n)

09:50:03.478966 - EVENT MANAGER: object:text-changed:delete for [terminal: 'Terminal' (0x7132c5d3c840)]  in org.gnome.Terminal (gtk 3.24.52) (0, 32, \n\n\n\n\n\n\n\n\n\n\n\n\n\n\n\n\n\n\n\n\n\n\n\n\n\n\n\n\n\n\n\n)
09:50:03.479026 - FOCUS MANAGER: Locus of focus is [frame: 'Terminal' (0x7132c6658d00)] 
09:50:03.479178 - EVENT_MANAGER: Not ignoring object:text-changed:delete due to source being focused
09:50:03.479267 - EVENT MANAGER: Queueing object:text-changed:delete for [terminal: 'Terminal' (0x7132c5d3c840)]  in org.gnome.Terminal (gtk 3.24.52) (0, 32, \n\n\n\n\n\n\n\n\n\n\n\n\n\n\n\n\n\n\n\n\n\n\n\n\n\n\n\n\n\n\n\n)
09:50:03.479308 - EVENT MANAGER: App for event source is [application: 'org.gnome.Terminal' (0x7132c7790700)] 
09:50:03.479354 - SCRIPT MANAGER: Getting script for [application: 'org.gnome.Terminal' (0x7132c7790700)]  [terminal: 'Terminal' (0x7132c5d3c840)] 
09:50:03.479400 - SCRIPT MANAGER: Script is custom script org.gnome.Terminal (module=orca.scripts.terminal.script)
09:50:03.479494 - EVENT MANAGER: object:text-changed:delete for [terminal: 'Terminal' (0x7132c5d3c840)]  in org.gnome.Terminal (gtk 3.24.52) (0, 32, \n\n\n\n\n\n\n\n\n\n\n\n\n\n\n\n\n\n\n\n\n\n\n\n\n\n\n\n\n\n\n\n) has priority level: 4
09:50:03.479585 - EVENT MANAGER: Queued object:text-changed:delete for [terminal: 'Terminal' (0x7132c5d3c840)]  in org.gnome.Terminal (gtk 3.24.52) (0, 32, \n\n\n\n\n\n\n\n\n\n\n\n\n\n\n\n\n\n\n\n\n\n\n\n\n\n\n\n\n\n\n\n) priority: 4, counter: 94
09:50:03.479681 - CLIPBOARD PRESENTER: Possible change event object:text-changed:insert for [terminal: 'Terminal' (0x7132c5d3c840)]  in org.gnome.Terminal (gtk 3.24.52) (0, 32, \n\n\n\n\n\n\n\n\n\n\n\n\n\n\n\n\n\n\n\n\n\n\n\n\n\n\n\n\n\n\n\n)

09:50:03.479811 - EVENT MANAGER: object:text-changed:insert for [terminal: 'Terminal' (0x7132c5d3c840)]  in org.gnome.Terminal (gtk 3.24.52) (0, 32, \n\n\n\n\n\n\n\n\n\n\n\n\n\n\n\n\n\n\n\n\n\n\n\n\n\n\n\n\n\n\n\n)
09:50:03.479850 - FOCUS MANAGER: Locus of focus is [frame: 'Terminal' (0x7132c6658d00)] 
09:50:03.480013 - EVENT_MANAGER: Not ignoring object:text-changed:insert due to source being focused
09:50:03.480102 - EVENT MANAGER: Queueing object:text-changed:insert for [terminal: 'Terminal' (0x7132c5d3c840)]  in org.gnome.Terminal (gtk 3.24.52) (0, 32, \n\n\n\n\n\n\n\n\n\n\n\n\n\n\n\n\n\n\n\n\n\n\n\n\n\n\n\n\n\n\n\n)
09:50:03.480144 - EVENT MANAGER: App for event source is [application: 'org.gnome.Terminal' (0x7132c7790700)] 
09:50:03.480190 - SCRIPT MANAGER: Getting script for [application: 'org.gnome.Terminal' (0x7132c7790700)]  [terminal: 'Terminal' (0x7132c5d3c840)] 
09:50:03.480234 - SCRIPT MANAGER: Script is custom script org.gnome.Terminal (module=orca.scripts.terminal.script)
09:50:03.480325 - EVENT MANAGER: object:text-changed:insert for [terminal: 'Terminal' (0x7132c5d3c840)]  in org.gnome.Terminal (gtk 3.24.52) (0, 32, \n\n\n\n\n\n\n\n\n\n\n\n\n\n\n\n\n\n\n\n\n\n\n\n\n\n\n\n\n\n\n\n) has priority level: 4
09:50:03.480414 - EVENT MANAGER: Queued object:text-changed:insert for [terminal: 'Terminal' (0x7132c5d3c840)]  in org.gnome.Terminal (gtk 3.24.52) (0, 32, \n\n\n\n\n\n\n\n\n\n\n\n\n\n\n\n\n\n\n\n\n\n\n\n\n\n\n\n\n\n\n\n) priority: 4, counter: 95

09:50:03.480516 - EVENT MANAGER: window:activate for [frame: 'Reactive TUI App accessibility round 2' (0x7132c5db81c0)]  in accessibility_probe (AccessKit) (0, 0, Reactive TUI App accessibility round 2)
09:50:03.480600 - EVENT MANAGER: Queueing window:activate for [frame: 'Reactive TUI App accessibility round 2' (0x7132c5db8200)]  in accessibility_probe (AccessKit) (0, 0, Reactive TUI App accessibility round 2)
09:50:03.480641 - EVENT MANAGER: App for event source is [application: 'accessibility_probe' (0x7132c5da3440)] 
09:50:03.480686 - SCRIPT MANAGER: Getting script for [application: 'accessibility_probe' (0x7132c5da3440)]  [frame: 'Reactive TUI App accessibility round 2' (0x7132c6627b00)] 
09:50:03.481165 - SCRIPT MANAGER: Script is app script accessibility_probe (module=orca.scripts.default)
09:50:03.481283 - EVENT MANAGER: window:activate for [frame: 'Reactive TUI App accessibility round 2' (0x7132c5db8380)]  in accessibility_probe (AccessKit) (0, 0, Reactive TUI App accessibility round 2) has priority level: 2
09:50:03.481374 - EVENT MANAGER: Queued window:activate for [frame: 'Reactive TUI App accessibility round 2' (0x7132c5db8240)]  in accessibility_probe (AccessKit) (0, 0, Reactive TUI App accessibility round 2) priority: 2, counter: 96

09:50:03.481539 - EVENT MANAGER: object:state-changed:active for [frame: 'Reactive TUI App accessibility round 2' (0x7132c5db8240)]  in accessibility_probe (AccessKit) (1, 0, 0)
09:50:03.481577 - FOCUS MANAGER: Locus of focus is [frame: 'Terminal' (0x7132c6658d00)] 
09:50:03.481635 - EVENT MANAGER: Not ignoring object:state-changed:active based on role
09:50:03.481715 - EVENT MANAGER: Queueing object:state-changed:active for [frame: 'Reactive TUI App accessibility round 2' (0x7132c5db8240)]  in accessibility_probe (AccessKit) (1, 0, 0)
09:50:03.481754 - EVENT MANAGER: App for event source is [application: 'accessibility_probe' (0x7132c5da3440)] 
09:50:03.481798 - SCRIPT MANAGER: Getting script for [application: 'accessibility_probe' (0x7132c5da3440)]  [frame: 'Reactive TUI App accessibility round 2' (0x7132c5db8340)] 
09:50:03.482054 - SCRIPT MANAGER: Script is app script accessibility_probe (module=orca.scripts.default)
09:50:03.482172 - EVENT MANAGER: object:state-changed:active for [frame: 'Reactive TUI App accessibility round 2' (0x7132c5db8540)]  in accessibility_probe (AccessKit) (1, 0, 0) has priority level: 2
09:50:03.482262 - EVENT MANAGER: Queued object:state-changed:active for [frame: 'Reactive TUI App accessibility round 2' (0x7132c5db8480)]  in accessibility_probe (AccessKit) (1, 0, 0) priority: 2, counter: 97

09:50:03.482367 - EVENT MANAGER: object:active-descendant-changed for [application: 'accessibility_probe' (0x7132c5da3440)]  in accessibility_probe (AccessKit) (0, 0, [frame: 'Reactive TUI App accessibility round 2' (0x7132c5d28480)])
09:50:03.482404 - FOCUS MANAGER: Locus of focus is [frame: 'Terminal' (0x7132c6658d00)] 
09:50:03.482625 - EVENT MANAGER: Queueing object:active-descendant-changed for [application: 'accessibility_probe' (0x7132c5da3440)]  in accessibility_probe (AccessKit) (0, 0, [frame: 'Reactive TUI App accessibility round 2' (0x7132c5db82c0)])
09:50:03.482666 - EVENT MANAGER: App for event source is [application: 'accessibility_probe' (0x7132c5da3440)] 
09:50:03.482710 - SCRIPT MANAGER: Getting script for [application: 'accessibility_probe' (0x7132c5da3440)]  [application: 'accessibility_probe' (0x7132c5da3440)] 
09:50:03.482941 - SCRIPT MANAGER: Script is app script accessibility_probe (module=orca.scripts.default)
09:50:03.483045 - EVENT MANAGER: object:active-descendant-changed for [application: 'accessibility_probe' (0x7132c5da3440)]  in accessibility_probe (AccessKit) (0, 0, [frame: 'Reactive TUI App accessibility round 2' (0x7132c5db8480)]) has priority level: 3
09:50:03.483135 - EVENT MANAGER: Queued object:active-descendant-changed for [application: 'accessibility_probe' (0x7132c5da3440)]  in accessibility_probe (AccessKit) (0, 0, [frame: 'Reactive TUI App accessibility round 2' (0x7132c5db85c0)]) priority: 3, counter: 98

09:50:03.483231 - EVENT MANAGER: object:state-changed:focused for [panel: 'Project sections' (0x7132c5db8680)]  in accessibility_probe (AccessKit) (1, 0, 0)
09:50:03.483267 - FOCUS MANAGER: Locus of focus is [frame: 'Terminal' (0x7132c6658d00)] 
09:50:03.483694 - EVENT MANAGER: Queueing object:state-changed:focused for [panel: 'Project sections' (0x7132c5d285c0)]  in accessibility_probe (AccessKit) (1, 0, 0)
09:50:03.483739 - EVENT MANAGER: App for event source is [application: 'accessibility_probe' (0x7132c5da3440)] 
09:50:03.483784 - SCRIPT MANAGER: Getting script for [application: 'accessibility_probe' (0x7132c5da3440)]  [panel: 'Project sections' (0x7132c5d28680)] 
09:50:03.483996 - SCRIPT MANAGER: Script is app script accessibility_probe (module=orca.scripts.default)
09:50:03.484099 - EVENT MANAGER: object:state-changed:focused for [panel: 'Project sections' (0x7132c5db85c0)]  in accessibility_probe (AccessKit) (1, 0, 0) has priority level: 3
09:50:03.484188 - EVENT MANAGER: Queued object:state-changed:focused for [panel: 'Project sections' (0x7132c5d286c0)]  in accessibility_probe (AccessKit) (1, 0, 0) priority: 3, counter: 99

09:50:03.484291 - EVENT MANAGER: object:text-caret-moved for [terminal: 'Terminal' (0x7132c5d3c840)]  in org.gnome.Terminal (gtk 3.24.52) (31, 0, 0)
09:50:03.484327 - FOCUS MANAGER: Locus of focus is [frame: 'Terminal' (0x7132c6658d00)] 
09:50:03.484462 - EVENT_MANAGER: Not ignoring object:text-caret-moved due to source being focused
09:50:03.484542 - EVENT MANAGER: Queueing object:text-caret-moved for [terminal: 'Terminal' (0x7132c5d3c840)]  in org.gnome.Terminal (gtk 3.24.52) (31, 0, 0)
09:50:03.484581 - EVENT MANAGER: App for event source is [application: 'org.gnome.Terminal' (0x7132c7790700)] 
09:50:03.484625 - SCRIPT MANAGER: Getting script for [application: 'org.gnome.Terminal' (0x7132c7790700)]  [terminal: 'Terminal' (0x7132c5d3c840)] 
09:50:03.484669 - SCRIPT MANAGER: Script is custom script org.gnome.Terminal (module=orca.scripts.terminal.script)
09:50:03.484758 - EVENT MANAGER: object:text-caret-moved for [terminal: 'Terminal' (0x7132c5d3c840)]  in org.gnome.Terminal (gtk 3.24.52) (31, 0, 0) has priority level: 4
09:50:03.484843 - EVENT MANAGER: Queued object:text-caret-moved for [terminal: 'Terminal' (0x7132c5d3c840)]  in org.gnome.Terminal (gtk 3.24.52) (31, 0, 0) priority: 4, counter: 100
09:50:03.484933 - CLIPBOARD PRESENTER: Possible change event object:text-changed:delete for [terminal: 'Terminal' (0x7132c5d3c840)]  in org.gnome.Terminal (gtk 3.24.52) (0, 31, \n\n\n\n\n\n\n\n\n\n\n\n\n\n\n\n\n\n\n\n\n\n\n\n\n\n\n\n\n\n\n)

09:50:03.485068 - EVENT MANAGER: object:text-changed:delete for [terminal: 'Terminal' (0x7132c5d3c840)]  in org.gnome.Terminal (gtk 3.24.52) (0, 31, \n\n\n\n\n\n\n\n\n\n\n\n\n\n\n\n\n\n\n\n\n\n\n\n\n\n\n\n\n\n\n)
09:50:03.485105 - FOCUS MANAGER: Locus of focus is [frame: 'Terminal' (0x7132c6658d00)] 
09:50:03.485247 - EVENT_MANAGER: Not ignoring object:text-changed:delete due to source being focused
09:50:03.485329 - EVENT MANAGER: Queueing object:text-changed:delete for [terminal: 'Terminal' (0x7132c5d3c840)]  in org.gnome.Terminal (gtk 3.24.52) (0, 31, \n\n\n\n\n\n\n\n\n\n\n\n\n\n\n\n\n\n\n\n\n\n\n\n\n\n\n\n\n\n\n)
09:50:03.485370 - EVENT MANAGER: App for event source is [application: 'org.gnome.Terminal' (0x7132c7790700)] 
09:50:03.485414 - SCRIPT MANAGER: Getting script for [application: 'org.gnome.Terminal' (0x7132c7790700)]  [terminal: 'Terminal' (0x7132c5d3c840)] 
09:50:03.485457 - SCRIPT MANAGER: Script is custom script org.gnome.Terminal (module=orca.scripts.terminal.script)
09:50:03.485548 - EVENT MANAGER: object:text-changed:delete for [terminal: 'Terminal' (0x7132c5d3c840)]  in org.gnome.Terminal (gtk 3.24.52) (0, 31, \n\n\n\n\n\n\n\n\n\n\n\n\n\n\n\n\n\n\n\n\n\n\n\n\n\n\n\n\n\n\n) has priority level: 4
09:50:03.485635 - EVENT MANAGER: Queued object:text-changed:delete for [terminal: 'Terminal' (0x7132c5d3c840)]  in org.gnome.Terminal (gtk 3.24.52) (0, 31, \n\n\n\n\n\n\n\n\n\n\n\n\n\n\n\n\n\n\n\n\n\n\n\n\n\n\n\n\n\n\n) priority: 4, counter: 101
09:50:03.485751 - CLIPBOARD PRESENTER: Possible change event object:text-changed:insert for [terminal: 'Terminal' (0x7132c5d3c840)]  in org.gnome.Terminal (gtk 3.24.52) (0, 3231, Overview ✕ ~ Unavailable~ Settings... \n \n \n \n \n (3262 chars.))

09:50:03.485896 - EVENT MANAGER: object:text-changed:insert for [terminal: 'Terminal' (0x7132c5d3c840)]  in org.gnome.Terminal (gtk 3.24.52) (0, 3231, Overview ✕ ~ Unavailable~ Settings... \n \n \n \n \n (3262 chars.))
09:50:03.485934 - FOCUS MANAGER: Locus of focus is [frame: 'Terminal' (0x7132c6658d00)] 
09:50:03.486081 - EVENT_MANAGER: Not ignoring object:text-changed:insert due to source being focused
09:50:03.486184 - EVENT MANAGER: Queueing object:text-changed:insert for [terminal: 'Terminal' (0x7132c5d3c840)]  in org.gnome.Terminal (gtk 3.24.52) (0, 3231, Overview ✕ ~ Unavailable~ Settings... \n \n \n \n \n (3262 chars.))
09:50:03.486229 - EVENT MANAGER: App for event source is [application: 'org.gnome.Terminal' (0x7132c7790700)] 
09:50:03.486273 - SCRIPT MANAGER: Getting script for [application: 'org.gnome.Terminal' (0x7132c7790700)]  [terminal: 'Terminal' (0x7132c5d3c840)] 
09:50:03.486317 - SCRIPT MANAGER: Script is custom script org.gnome.Terminal (module=orca.scripts.terminal.script)
09:50:03.486423 - EVENT MANAGER: object:text-changed:insert for [terminal: 'Terminal' (0x7132c5d3c840)]  in org.gnome.Terminal (gtk 3.24.52) (0, 3231, Overview ✕ ~ Unavailable~ Settings... \n \n \n \n \n (3262 chars.)) has priority level: 4
09:50:03.486525 - EVENT MANAGER: Queued object:text-changed:insert for [terminal: 'Terminal' (0x7132c5d3c840)]  in org.gnome.Terminal (gtk 3.24.52) (0, 3231, Overview ✕ ~ Unavailable~ Settings... \n \n \n \n \n (3262 chars.)) priority: 4, counter: 102

09:50:03.486620 - EVENT MANAGER: object:text-caret-moved for [terminal: 'Terminal' (0x7132c5d3c840)]  in org.gnome.Terminal (gtk 3.24.52) (3231, 0, 0)
09:50:03.486656 - FOCUS MANAGER: Locus of focus is [frame: 'Terminal' (0x7132c6658d00)] 
09:50:03.486791 - EVENT_MANAGER: Not ignoring object:text-caret-moved due to source being focused
09:50:03.486870 - EVENT MANAGER: Queueing object:text-caret-moved for [terminal: 'Terminal' (0x7132c5d3c840)]  in org.gnome.Terminal (gtk 3.24.52) (3231, 0, 0)
09:50:03.486909 - EVENT MANAGER: App for event source is [application: 'org.gnome.Terminal' (0x7132c7790700)] 
09:50:03.486953 - SCRIPT MANAGER: Getting script for [application: 'org.gnome.Terminal' (0x7132c7790700)]  [terminal: 'Terminal' (0x7132c5d3c840)] 
09:50:03.487018 - SCRIPT MANAGER: Script is custom script org.gnome.Terminal (module=orca.scripts.terminal.script)
09:50:03.487112 - EVENT MANAGER: object:text-caret-moved for [terminal: 'Terminal' (0x7132c5d3c840)]  in org.gnome.Terminal (gtk 3.24.52) (3231, 0, 0) has priority level: 4
09:50:03.487199 - EVENT MANAGER: Queued object:text-caret-moved for [terminal: 'Terminal' (0x7132c5d3c840)]  in org.gnome.Terminal (gtk 3.24.52) (3231, 0, 0) priority: 4, counter: 103

09:50:03.488906 - EVENT MANAGER: object:property-change:accessible-name for [label: '▶Overview' (0x7132c5db8d80)]  in accessibility_probe (AccessKit) (0, 0, ▶Overview)
09:50:03.488963 - FOCUS MANAGER: Locus of focus is [frame: 'Terminal' (0x7132c6658d00)] 
09:50:03.489511 - EVENT MANAGER: Queueing object:property-change:accessible-name for [label: '▶Overview' (0x7132c5d8c1c0)]  in accessibility_probe (AccessKit) (0, 0, ▶Overview)
09:50:03.489561 - EVENT MANAGER: App for event source is [application: 'accessibility_probe' (0x7132c5da3440)] 
09:50:03.489609 - SCRIPT MANAGER: Getting script for [application: 'accessibility_probe' (0x7132c5da3440)]  [label: '▶Overview' (0x7132c5d47900)] 
09:50:03.489934 - SCRIPT MANAGER: Script is app script accessibility_probe (module=orca.scripts.default)
09:50:03.490216 - EVENT MANAGER: object:property-change:accessible-name for [label: '▶Overview' (0x7132c5db8700)]  in accessibility_probe (AccessKit) (0, 0, ▶Overview) has priority level: 4
09:50:03.490285 - EVENT MANAGER: Queued object:property-change:accessible-name for [label: '▶Overview' (0x7132c5db8f40)]  in accessibility_probe (AccessKit) (0, 0, ▶Overview) priority: 4, counter: 104

09:50:03.490705 - EVENT MANAGER: object:state-changed:focused for [page tab: 'Overview' (0x7132c5db8f40)]  in accessibility_probe (AccessKit) (1, 0, 0)
09:50:03.490745 - FOCUS MANAGER: Locus of focus is [frame: 'Terminal' (0x7132c6658d00)] 
09:50:03.491125 - EVENT_MANAGER: Not ignoring object:state-changed:focused due to source being selected
09:50:03.491214 - EVENT MANAGER: Queueing object:state-changed:focused for [page tab: 'Overview' (0x7132c5db8700)]  in accessibility_probe (AccessKit) (1, 0, 0)
09:50:03.491255 - EVENT MANAGER: App for event source is [application: 'accessibility_probe' (0x7132c5da3440)] 
09:50:03.491299 - SCRIPT MANAGER: Getting script for [application: 'accessibility_probe' (0x7132c5da3440)]  [page tab: 'Overview' (0x7132c5d5f900)] 
09:50:03.491618 - SCRIPT MANAGER: Script is app script accessibility_probe (module=orca.scripts.default)
09:50:03.491716 - EVENT MANAGER: object:state-changed:focused for [page tab: 'Overview' (0x7132c5db9140)]  in accessibility_probe (AccessKit) (1, 0, 0) has priority level: 3
09:50:03.491804 - EVENT MANAGER: Queued object:state-changed:focused for [page tab: 'Overview' (0x7132c5db9000)]  in accessibility_probe (AccessKit) (1, 0, 0) priority: 3, counter: 105

09:50:03.491902 - EVENT MANAGER: object:state-changed:focused for [panel: 'Project sections' (0x7132c5db9000)]  in accessibility_probe (AccessKit) (0, 0, 0)
09:50:03.491937 - FOCUS MANAGER: Locus of focus is [frame: 'Terminal' (0x7132c6658d00)] 
09:50:03.492074 - EVENT_MANAGER: Ignoring object:state-changed:focused due to multiple instances in short time
09:50:03.493160 - EVENT SOURCE:
                  app='org.gnome.Terminal (gtk 3.24.52)' name='Terminal' role='terminal' axid='' id=0x7132c5d3c840
                  description=''
                  help=''
                  locale='C.UTF-8'
                  states='enabled, focusable, focused, sensitive, showing, visible'
                  relations=''
                  actions='menu'
                  interfaces='Action, Collection, Component, Text'
                  attributes='toolkit:gtk'
                  text='▶Overview ✕ ~ Unavailable~ Settings ... \n \n \n \n \n (3264 chars.)'
                  path=[-1, 0, 0, 1, 0, 0, 0, 0]
                  
09:50:03.493207 - SCRIPT MANAGER: Active script is: org.gnome.Terminal (module=orca.scripts.toolkits.gtk.script)
09:50:03.493258 - FOCUS MANAGER: Locus of focus is [frame: 'Terminal' (0x7132c6658d00)] 
09:50:03.493328 - EVENT MANAGER: Getting script for event for [application: 'org.gnome.Terminal' (0x7132c7790700)]  [terminal: 'Terminal' (0x7132c5d3c840)] 
09:50:03.493374 - SCRIPT MANAGER: Getting script for [application: 'org.gnome.Terminal' (0x7132c7790700)]  [terminal: 'Terminal' (0x7132c5d3c840)] 
09:50:03.493418 - SCRIPT MANAGER: Script is custom script org.gnome.Terminal (module=orca.scripts.terminal.script)
09:50:03.493446 - EVENT MANAGER: Script for event is org.gnome.Terminal (module=orca.scripts.terminal.script)
09:50:03.494422 - EVENT MANAGER: Change active script: False (No reason found to activate a different script.)
09:50:03.494451 - EVENT MANAGER: Not processing object:text-changed:insert due to lack of reason
TOTAL PROCESSING TIME: 0.0304
^^^^^ FINISHED PRIORITY-4 OBJECT EVENT OBJECT:TEXT-CHANGED:INSERT ^^^^^

09:50:03.494506 - WARNING: Braille initialization failed: BrlAPI connection unavailable.
09:50:03.494533 - BRAILLE: Scheduling BrlAPI retry in 2000 ms.
09:50:03.494747 - EVENT MANAGER: Dequeueing window:activate for [frame: 'Reactive TUI App accessibility round 2' (0x7132c5db8700)]  in accessibility_probe (AccessKit) (0, 0, Reactive TUI App accessibility round 2)
09:50:03.494844 - EVENT MANAGER: Dequeued window:activate for [frame: 'Reactive TUI App accessibility round 2' (0x7132c5db8400)]  in accessibility_probe (AccessKit) (0, 0, Reactive TUI App accessibility round 2) priority: 2, counter: 96

vvvvv START PRIORITY-2 OBJECT EVENT WINDOW:ACTIVATE (queue size: 62) vvvvv
09:50:03.497090 - CLIPBOARD PRESENTER: Possible change event object:text-changed:delete for [terminal: 'Terminal' (0x7132c5d3c840)]  in org.gnome.Terminal (gtk 3.24.52) (2, 1, )

09:50:03.497267 - EVENT MANAGER: object:text-changed:delete for [terminal: 'Terminal' (0x7132c5d3c840)]  in org.gnome.Terminal (gtk 3.24.52) (2, 1, )
09:50:03.497310 - FOCUS MANAGER: Locus of focus is [frame: 'Terminal' (0x7132c6658d00)] 
09:50:03.497458 - EVENT_MANAGER: Not ignoring object:text-changed:delete due to source being focused
09:50:03.497545 - EVENT MANAGER: Queueing object:text-changed:delete for [terminal: 'Terminal' (0x7132c5d3c840)]  in org.gnome.Terminal (gtk 3.24.52) (2, 1, )
09:50:03.497590 - EVENT MANAGER: App for event source is [application: 'org.gnome.Terminal' (0x7132c7790700)] 
09:50:03.497637 - SCRIPT MANAGER: Getting script for [application: 'org.gnome.Terminal' (0x7132c7790700)]  [terminal: 'Terminal' (0x7132c5d3c840)] 
09:50:03.497686 - SCRIPT MANAGER: Script is custom script org.gnome.Terminal (module=orca.scripts.terminal.script)
09:50:03.497784 - EVENT MANAGER: object:text-changed:delete for [terminal: 'Terminal' (0x7132c5d3c840)]  in org.gnome.Terminal (gtk 3.24.52) (2, 1, ) has priority level: 4
09:50:03.497879 - EVENT MANAGER: Queued object:text-changed:delete for [terminal: 'Terminal' (0x7132c5d3c840)]  in org.gnome.Terminal (gtk 3.24.52) (2, 1, ) priority: 4, counter: 106
09:50:03.497979 - CLIPBOARD PRESENTER: Possible change event object:text-changed:insert for [terminal: 'Terminal' (0x7132c5d3c840)]  in org.gnome.Terminal (gtk 3.24.52) (2, 1, ▶)

09:50:03.498113 - EVENT MANAGER: object:text-changed:insert for [terminal: 'Terminal' (0x7132c5d3c840)]  in org.gnome.Terminal (gtk 3.24.52) (2, 1, ▶)
09:50:03.498153 - FOCUS MANAGER: Locus of focus is [frame: 'Terminal' (0x7132c6658d00)] 
09:50:03.498291 - EVENT_MANAGER: Not ignoring object:text-changed:insert due to source being focused
09:50:03.498374 - EVENT MANAGER: Queueing object:text-changed:insert for [terminal: 'Terminal' (0x7132c5d3c840)]  in org.gnome.Terminal (gtk 3.24.52) (2, 1, ▶)
09:50:03.498417 - EVENT MANAGER: App for event source is [application: 'org.gnome.Terminal' (0x7132c7790700)] 
09:50:03.498463 - SCRIPT MANAGER: Getting script for [application: 'org.gnome.Terminal' (0x7132c7790700)]  [terminal: 'Terminal' (0x7132c5d3c840)] 
09:50:03.498508 - SCRIPT MANAGER: Script is custom script org.gnome.Terminal (module=orca.scripts.terminal.script)
09:50:03.498610 - EVENT MANAGER: object:text-changed:insert for [terminal: 'Terminal' (0x7132c5d3c840)]  in org.gnome.Terminal (gtk 3.24.52) (2, 1, ▶) has priority level: 4
09:50:03.498703 - EVENT MANAGER: Queued object:text-changed:insert for [terminal: 'Terminal' (0x7132c5d3c840)]  in org.gnome.Terminal (gtk 3.24.52) (2, 1, ▶) priority: 4, counter: 107

09:50:03.498798 - EVENT MANAGER: object:text-caret-moved for [terminal: 'Terminal' (0x7132c5d3c840)]  in org.gnome.Terminal (gtk 3.24.52) (3, 0, 0)
09:50:03.498834 - FOCUS MANAGER: Locus of focus is [frame: 'Terminal' (0x7132c6658d00)] 
09:50:03.498971 - EVENT_MANAGER: Not ignoring object:text-caret-moved due to source being focused
09:50:03.499060 - EVENT MANAGER: Queueing object:text-caret-moved for [terminal: 'Terminal' (0x7132c5d3c840)]  in org.gnome.Terminal (gtk 3.24.52) (3, 0, 0)
09:50:03.499101 - EVENT MANAGER: App for event source is [application: 'org.gnome.Terminal' (0x7132c7790700)] 
09:50:03.499145 - SCRIPT MANAGER: Getting script for [application: 'org.gnome.Terminal' (0x7132c7790700)]  [terminal: 'Terminal' (0x7132c5d3c840)] 
09:50:03.499189 - SCRIPT MANAGER: Script is custom script org.gnome.Terminal (module=orca.scripts.terminal.script)
09:50:03.499280 - EVENT MANAGER: object:text-caret-moved for [terminal: 'Terminal' (0x7132c5d3c840)]  in org.gnome.Terminal (gtk 3.24.52) (3, 0, 0) has priority level: 4
09:50:03.499370 - EVENT MANAGER: Queued object:text-caret-moved for [terminal: 'Terminal' (0x7132c5d3c840)]  in org.gnome.Terminal (gtk 3.24.52) (3, 0, 0) priority: 4, counter: 108
09:50:03.503262 - EVENT SOURCE:
                  app='accessibility_probe (AccessKit )' name='Reactive TUI App accessibility round 2' role='frame' axid='' id=0x7132c6634680
                  description=''
                  help=''
                  locale=''
                  states='active, enabled, sensitive, showing, visible'
                  relations=''
                  actions=''
                  interfaces='Component'
                  attributes=''
                  text=''
                  path=[-1, 0]
                  
09:50:03.503326 - SCRIPT MANAGER: Active script is: org.gnome.Terminal (module=orca.scripts.toolkits.gtk.script)
09:50:03.503372 - FOCUS MANAGER: Locus of focus is [frame: 'Terminal' (0x7132c6658d00)] 
09:50:03.503445 - EVENT MANAGER: Getting script for event for [application: 'accessibility_probe' (0x7132c5da3440)]  [frame: 'Reactive TUI App accessibility round 2' (0x7132c5db8880)] 
09:50:03.503491 - SCRIPT MANAGER: Getting script for [application: 'accessibility_probe' (0x7132c5da3440)]  [frame: 'Reactive TUI App accessibility round 2' (0x7132c5db8880)] 
09:50:03.503742 - SCRIPT MANAGER: Script is app script accessibility_probe (module=orca.scripts.default)
09:50:03.503777 - EVENT MANAGER: Script for event is accessibility_probe (module=orca.scripts.default)
09:50:03.505274 - FOCUS MANAGER: Active window is [frame: 'Terminal' (0x7132c6658d00)]  event_manager._process_object_event:958 > event_manager._is_activatable_event:814 > event_manager._is_activatable_by_event_type:828 > focus_manager.get_active_window:342
09:50:03.505841 - EVENT MANAGER: Change active script: True (Window activation)
09:50:03.505892 - SCRIPT MANAGER: Deactivating org.gnome.Terminal (module=orca.scripts.toolkits.gtk.script) reason: Window activation
09:50:03.505940 - SCRIPT MANAGER: Setting active script to accessibility_probe (module=orca.scripts.default) reason: Window activation
09:50:03.505975 - DEFAULT: Activating script for [application: 'accessibility_probe' (0x7132c5da3440)] 
09:50:03.506376 - SPEECH MANAGER: Speech server is <orca.speechdispatcherfactory.SpeechServer object at 0x7132c76d96a0>
09:50:03.506472 - GSETTINGS SCHEMA HANDLE: speech/punctuation-level not set [app:accessibility_probe, profile:default]
09:50:03.506488 - GSETTINGS REGISTRY: speech/punctuation-level using default value = 'most'
09:50:03.506841 - SPEECH MANAGER: Speech server is <orca.speechdispatcherfactory.SpeechServer object at 0x7132c76d96a0>
09:50:03.506905 - GSETTINGS SCHEMA HANDLE: speech/capitalization-style not set [app:accessibility_probe, profile:default]
09:50:03.506929 - GSETTINGS REGISTRY: speech/capitalization-style using default value = 'none'
09:50:03.507332 - SPEECH MANAGER: Speech server is <orca.speechdispatcherfactory.SpeechServer object at 0x7132c76d96a0>
09:50:03.507429 - GSETTINGS SCHEMA HANDLE: speech/synthesizer not set [app:accessibility_probe, profile:default]
09:50:03.507475 - SCRIPT MANAGER: Active script is: accessibility_probe (module=orca.scripts.default)
09:50:03.507490 - CARET NAVIGATOR: Commands suspended: False: script activation, no prior state
09:50:03.507535 - GSETTINGS SCHEMA HANDLE: keybindings/keyboard-layout not set [app:accessibility_probe, profile:default]
09:50:03.507549 - GSETTINGS REGISTRY: keybindings/keyboard-layout using default value = 'desktop'
09:50:03.507583 - GSETTINGS SCHEMA HANDLE: keybindings/desktop-modifier-keys not set [app:accessibility_probe, profile:default]
09:50:03.507597 - GSETTINGS REGISTRY: keybindings/desktop-modifier-keys using default value = ['Insert', 'KP_Insert']
09:50:03.507652 - SCRIPT MANAGER: Active script is: accessibility_probe (module=orca.scripts.default)
09:50:03.507665 - STRUCTURAL NAVIGATOR: Suspended: False: script activation, no prior state
09:50:03.507700 - GSETTINGS SCHEMA HANDLE: keybindings/keyboard-layout not set [app:accessibility_probe, profile:default]
09:50:03.507713 - GSETTINGS REGISTRY: keybindings/keyboard-layout using default value = 'desktop'
09:50:03.507744 - GSETTINGS SCHEMA HANDLE: keybindings/desktop-modifier-keys not set [app:accessibility_probe, profile:default]
09:50:03.507756 - GSETTINGS REGISTRY: keybindings/desktop-modifier-keys using default value = ['Insert', 'KP_Insert']
09:50:03.507819 - STRUCTURAL NAVIGATOR: Setting mode for accessibility_probe (module=orca.scripts.default) to NavigationMode.OFF
09:50:03.507849 - SCRIPT MANAGER: Active script is: accessibility_probe (module=orca.scripts.default)
09:50:03.507885 - GSETTINGS SCHEMA HANDLE: keybindings/keyboard-layout not set [app:accessibility_probe, profile:default]
09:50:03.507897 - GSETTINGS REGISTRY: keybindings/keyboard-layout using default value = 'desktop'
09:50:03.507927 - GSETTINGS SCHEMA HANDLE: keybindings/desktop-modifier-keys not set [app:accessibility_probe, profile:default]
09:50:03.507939 - GSETTINGS REGISTRY: keybindings/desktop-modifier-keys using default value = ['Insert', 'KP_Insert']
09:50:03.508002 - CARET NAVIGATOR: Setting enabled state for accessibility_probe (module=orca.scripts.default) to False
09:50:03.508034 - SCRIPT MANAGER: Active script is: accessibility_probe (module=orca.scripts.default)
09:50:03.508070 - GSETTINGS SCHEMA HANDLE: keybindings/keyboard-layout not set [app:accessibility_probe, profile:default]
09:50:03.508082 - GSETTINGS REGISTRY: keybindings/keyboard-layout using default value = 'desktop'
09:50:03.508112 - GSETTINGS SCHEMA HANDLE: keybindings/desktop-modifier-keys not set [app:accessibility_probe, profile:default]
09:50:03.508124 - GSETTINGS REGISTRY: keybindings/desktop-modifier-keys using default value = ['Insert', 'KP_Insert']
09:50:03.508146 - COMMAND MANAGER: Activating commands: activated accessibility_probe (module=orca.scripts.default)
09:50:03.508265 - GSETTINGS SCHEMA HANDLE: keybindings/entries no dict values set
09:50:03.508278 - GSETTINGS REGISTRY: keybindings/entries using default value = {}
09:50:03.508288 - COMMAND MANAGER: No user overrides to apply
09:50:03.508376 - GSETTINGS SCHEMA HANDLE: keybindings/keyboard-layout not set [app:accessibility_probe, profile:default]
09:50:03.508392 - GSETTINGS REGISTRY: keybindings/keyboard-layout using default value = 'desktop'
09:50:03.508423 - GSETTINGS SCHEMA HANDLE: keybindings/desktop-modifier-keys not set [app:accessibility_probe, profile:default]
09:50:03.508434 - GSETTINGS REGISTRY: keybindings/desktop-modifier-keys using default value = ['Insert', 'KP_Insert']

vvvvv COMMAND MANAGER: Grab diff: activated accessibility_probe (module=orca.scripts.default) (old: 77, new: 77) vvvvv
09:50:03.508471 -   No grab changes
^^^^^ COMMAND MANAGER: Diff completed in 0.0000s. Removed 0, added 0, transferred 0 ^^^^^

09:50:03.508525 - GSETTINGS SCHEMA HANDLE: speech/enable not set [app:accessibility_probe, profile:default]
09:50:03.508538 - GSETTINGS REGISTRY: speech/enable using default value = True
09:50:03.508548 - SPEECH MANAGER: Speech is enabled.
09:50:03.508602 - SPEECH MANAGER: start_speech. Script: None Event: None notify_user: False
09:50:03.508613 - SPEECH MANAGER: Initializing server
09:50:03.508622 - SPEECH MANAGER: Already initialized
09:50:03.508655 - GSETTINGS SCHEMA HANDLE: keybindings/keyboard-layout not set [app:accessibility_probe, profile:default]
09:50:03.508666 - GSETTINGS REGISTRY: keybindings/keyboard-layout using default value = 'desktop'
09:50:03.508678 - COMMAND MANAGER: Setting keyboard layout is_desktop to True.
09:50:03.508773 - GSETTINGS SCHEMA HANDLE: keybindings/entries no dict values set
09:50:03.508785 - GSETTINGS REGISTRY: keybindings/entries using default value = {}
09:50:03.508794 - COMMAND MANAGER: No user overrides to apply
09:50:03.508873 - GSETTINGS SCHEMA HANDLE: keybindings/keyboard-layout not set [app:accessibility_probe, profile:default]
09:50:03.508885 - GSETTINGS REGISTRY: keybindings/keyboard-layout using default value = 'desktop'
09:50:03.508914 - GSETTINGS SCHEMA HANDLE: keybindings/desktop-modifier-keys not set [app:accessibility_probe, profile:default]
09:50:03.508926 - GSETTINGS REGISTRY: keybindings/desktop-modifier-keys using default value = ['Insert', 'KP_Insert']

vvvvv COMMAND MANAGER: Grab diff: keyboard layout change (old: 77, new: 77) vvvvv
09:50:03.508953 -   No grab changes
^^^^^ COMMAND MANAGER: Diff completed in 0.0000s. Removed 0, added 0, transferred 0 ^^^^^

09:50:03.508971 - COMMAND MANAGER: Keyboard layout set to desktop.
09:50:03.509015 - GSETTINGS SCHEMA HANDLE: keybindings/keyboard-layout not set [app:accessibility_probe, profile:default]
09:50:03.509027 - GSETTINGS REGISTRY: keybindings/keyboard-layout using default value = 'desktop'
09:50:03.509056 - GSETTINGS SCHEMA HANDLE: keybindings/desktop-modifier-keys not set [app:accessibility_probe, profile:default]
09:50:03.509068 - GSETTINGS REGISTRY: keybindings/desktop-modifier-keys using default value = ['Insert', 'KP_Insert']
09:50:03.509086 - EVENT MANAGER: Processing window:activate: script for event is active
09:50:03.509158 - AXObject: Clearing AT-SPI cache on [frame: 'Reactive TUI App accessibility round 2' (0x7132c6658e00)]  Recursive: False.  Reason: Checking if window can be the active window
09:50:03.512641 - AXUtilities: [frame: 'Reactive TUI App accessibility round 2' (0x7132c6658e00)]  from [application: 'accessibility_probe' (0x7132c5da3440)]  can be active window
09:50:03.512703 - FOCUS MANAGER: Active window is [frame: 'Terminal' (0x7132c6658d00)]  event_manager._dequeue_object_event:666 > event_manager._process_object_event:982 > default._on_window_activated:1384 > focus_manager.get_active_window:342
09:50:03.513235 - FOCUS MANAGER: Request to set active window to [frame: 'Reactive TUI App accessibility round 2' (0x7132c5dba800)] 
09:50:03.513324 - FOCUS MANAGER: Focus [frame: 'Terminal' (0x7132c6658d00)]  is not in [frame: 'Reactive TUI App accessibility round 2' (0x7132c5dba800)] 
09:50:03.513361 - FOCUS MANAGER: Request to set locus of focus to [frame: 'Reactive TUI App accessibility round 2' (0x7132c5dba800)]  event_manager._process_object_event:982 > default._on_window_activated:1391 > focus_manager.set_active_window:391 > focus_manager.set_locus_of_focus:271
09:50:03.513772 - AXObject: Clearing AT-SPI cache on [frame: 'Reactive TUI App accessibility round 2' (0x7132c5dba800)]  Recursive: False.  Reason: Setting locus of focus.
09:50:03.513800 - SCRIPT MANAGER: Active script is: accessibility_probe (module=orca.scripts.default)
09:50:03.514881 - FOCUS MANAGER: Changing locus of focus from [frame: 'Terminal' (0x7132c6658d00)]  to [frame: 'Reactive TUI App accessibility round 2' (0x7132c5dba800)] . Notify: True
09:50:03.515180 - FOCUS MANAGER: Region of interest: [frame: 'Reactive TUI App accessibility round 2' (0x7132c5dba800)]  (0, 0)
09:50:03.515443 - FOCUS MANAGER: Switching object of interest from [frame: 'Terminal' (0x7132c6658d00)]  to [frame: 'Reactive TUI App accessibility round 2' (0x7132c5dba800)] 
09:50:03.516310 - DOCUMENT PRESENTER: Updating mode for focus change. Old focus: [frame: 'Terminal' (0x7132c6658d00)]  old doc: None New focus: [frame: 'Reactive TUI App accessibility round 2' (0x7132c5dba800)]  new doc: None
09:50:03.516341 - SCRIPT MANAGER: Active script is: accessibility_probe (module=orca.scripts.default)
09:50:03.516347 - CARET NAVIGATOR: Commands suspended: False: locus of focus no longer in document
09:50:03.516398 - GSETTINGS SCHEMA HANDLE: keybindings/keyboard-layout not set [app:accessibility_probe, profile:default]
09:50:03.516404 - GSETTINGS REGISTRY: keybindings/keyboard-layout using default value = 'desktop'
09:50:03.516418 - GSETTINGS SCHEMA HANDLE: keybindings/desktop-modifier-keys not set [app:accessibility_probe, profile:default]
09:50:03.516423 - GSETTINGS REGISTRY: keybindings/desktop-modifier-keys using default value = ['Insert', 'KP_Insert']
09:50:03.516457 - SCRIPT MANAGER: Active script is: accessibility_probe (module=orca.scripts.default)
09:50:03.516461 - STRUCTURAL NAVIGATOR: Suspended: False: locus of focus no longer in document
09:50:03.516474 - GSETTINGS SCHEMA HANDLE: keybindings/keyboard-layout not set [app:accessibility_probe, profile:default]
09:50:03.516478 - GSETTINGS REGISTRY: keybindings/keyboard-layout using default value = 'desktop'
09:50:03.516489 - GSETTINGS SCHEMA HANDLE: keybindings/desktop-modifier-keys not set [app:accessibility_probe, profile:default]
09:50:03.516493 - GSETTINGS REGISTRY: keybindings/desktop-modifier-keys using default value = ['Insert', 'KP_Insert']
09:50:03.516529 - STRUCTURAL NAVIGATOR: Setting mode for accessibility_probe (module=orca.scripts.default) to NavigationMode.OFF
09:50:03.516544 - SCRIPT MANAGER: Active script is: accessibility_probe (module=orca.scripts.default)
09:50:03.516558 - GSETTINGS SCHEMA HANDLE: keybindings/keyboard-layout not set [app:accessibility_probe, profile:default]
09:50:03.516562 - GSETTINGS REGISTRY: keybindings/keyboard-layout using default value = 'desktop'
09:50:03.516572 - GSETTINGS SCHEMA HANDLE: keybindings/desktop-modifier-keys not set [app:accessibility_probe, profile:default]
09:50:03.516576 - GSETTINGS REGISTRY: keybindings/desktop-modifier-keys using default value = ['Insert', 'KP_Insert']
09:50:03.516606 - CARET NAVIGATOR: Setting enabled state for accessibility_probe (module=orca.scripts.default) to False
09:50:03.516620 - SCRIPT MANAGER: Active script is: accessibility_probe (module=orca.scripts.default)
09:50:03.516632 - GSETTINGS SCHEMA HANDLE: keybindings/keyboard-layout not set [app:accessibility_probe, profile:default]
09:50:03.516636 - GSETTINGS REGISTRY: keybindings/keyboard-layout using default value = 'desktop'
09:50:03.516645 - GSETTINGS SCHEMA HANDLE: keybindings/desktop-modifier-keys not set [app:accessibility_probe, profile:default]
09:50:03.516649 - GSETTINGS REGISTRY: keybindings/desktop-modifier-keys using default value = ['Insert', 'KP_Insert']
09:50:03.516692 - SCRIPT UTILITIES: [frame: 'Reactive TUI App accessibility round 2' (0x7132c5dba800)]  is top-level object for: [frame: 'Reactive TUI App accessibility round 2' (0x7132c5dba800)] 
09:50:03.516706 - FOCUS MANAGER: Request to set active window to [frame: 'Reactive TUI App accessibility round 2' (0x7132c5dba800)] 
09:50:03.516710 - FOCUS MANAGER: Setting active window to existing active window
09:50:03.516728 - SCRIPT MANAGER: Getting script for [application: 'accessibility_probe' (0x7132c5da3440)]  [frame: 'Reactive TUI App accessibility round 2' (0x7132c5dba800)] 
09:50:03.516971 - SCRIPT MANAGER: Script is app script accessibility_probe (module=orca.scripts.default)
09:50:03.516991 - PRESENTATION MANAGER: Not interrupting for locusOfFocus change: event is None
09:50:03.517030 - FOCUS MANAGER: Active mode: focus-tracking Object of interest: [frame: 'Reactive TUI App accessibility round 2' (0x7132c5dba800)] 
09:50:03.517053 - GSETTINGS SCHEMA HANDLE: speech/enable not set [app:accessibility_probe, profile:default]
09:50:03.517061 - GSETTINGS REGISTRY: speech/enable using default value = True
09:50:03.517075 - GSETTINGS SCHEMA HANDLE: speech/verbosity-level not set [app:accessibility_probe, profile:default]
09:50:03.517079 - GSETTINGS REGISTRY: speech/verbosity-level using default value = 'verbose'
09:50:03.517093 - FOCUS MANAGER: Locus of focus is [frame: 'Reactive TUI App accessibility round 2' (0x7132c5dba800)] 
09:50:03.517107 - SCRIPT MANAGER: Active script is: accessibility_probe (module=orca.scripts.default)
09:50:03.517123 - GSETTINGS SCHEMA HANDLE: speech/only-speak-displayed-text not set [app:accessibility_probe, profile:default]
09:50:03.517127 - GSETTINGS REGISTRY: speech/only-speak-displayed-text using default value = False
09:50:03.517138 - GSETTINGS SCHEMA HANDLE: speech/speak-description not set [app:accessibility_probe, profile:default]
09:50:03.517142 - GSETTINGS REGISTRY: speech/speak-description using default value = True
09:50:03.517154 - GSETTINGS SCHEMA HANDLE: speech/speak-tutorial-messages not set [app:accessibility_probe, profile:default]
09:50:03.517158 - GSETTINGS REGISTRY: speech/speak-tutorial-messages using default value = True
09:50:03.517168 - GSETTINGS SCHEMA HANDLE: speech/speak-position-in-set not set [app:accessibility_probe, profile:default]
09:50:03.517171 - GSETTINGS REGISTRY: speech/speak-position-in-set using default value = False
09:50:03.517181 - GSETTINGS SCHEMA HANDLE: speech/speak-widget-mnemonic not set [app:accessibility_probe, profile:default]
09:50:03.517185 - GSETTINGS REGISTRY: speech/speak-widget-mnemonic using default value = True
09:50:03.517195 - GSETTINGS SCHEMA HANDLE: speech/speak-blank-lines not set [app:accessibility_probe, profile:default]
09:50:03.517198 - GSETTINGS REGISTRY: speech/speak-blank-lines using default value = True
09:50:03.517210 - GSETTINGS SCHEMA HANDLE: speech/speak-indentation-and-justification not set [app:accessibility_probe, profile:default]
09:50:03.517213 - GSETTINGS REGISTRY: speech/speak-indentation-and-justification using default value = False
09:50:03.517223 - GSETTINGS SCHEMA HANDLE: speech/announce-cell-headers not set [app:accessibility_probe, profile:default]
09:50:03.517227 - GSETTINGS REGISTRY: speech/announce-cell-headers using default value = True
09:50:03.517237 - GSETTINGS SCHEMA HANDLE: speech/announce-cell-coordinates not set [app:accessibility_probe, profile:default]
09:50:03.517240 - GSETTINGS REGISTRY: speech/announce-cell-coordinates using default value = True
09:50:03.517250 - GSETTINGS SCHEMA HANDLE: speech/announce-spreadsheet-cell-coordinates not set [app:accessibility_probe, profile:default]
09:50:03.517253 - GSETTINGS REGISTRY: speech/announce-spreadsheet-cell-coordinates using default value = True
09:50:03.517263 - GSETTINGS SCHEMA HANDLE: speech/announce-blockquote not set [app:accessibility_probe, profile:default]
09:50:03.517267 - GSETTINGS REGISTRY: speech/announce-blockquote using default value = True
09:50:03.517276 - GSETTINGS SCHEMA HANDLE: speech/announce-form not set [app:accessibility_probe, profile:default]
09:50:03.517279 - GSETTINGS REGISTRY: speech/announce-form using default value = True
09:50:03.517290 - GSETTINGS SCHEMA HANDLE: speech/announce-landmark not set [app:accessibility_probe, profile:default]
09:50:03.517293 - GSETTINGS REGISTRY: speech/announce-landmark using default value = True
09:50:03.517303 - GSETTINGS SCHEMA HANDLE: speech/announce-list not set [app:accessibility_probe, profile:default]
09:50:03.517307 - GSETTINGS REGISTRY: speech/announce-list using default value = True
09:50:03.517318 - GSETTINGS SCHEMA HANDLE: speech/announce-grouping not set [app:accessibility_probe, profile:default]
09:50:03.517322 - GSETTINGS REGISTRY: speech/announce-grouping using default value = True
09:50:03.517331 - GSETTINGS SCHEMA HANDLE: speech/announce-table not set [app:accessibility_probe, profile:default]
09:50:03.517334 - GSETTINGS REGISTRY: speech/announce-table using default value = True
09:50:03.522982 - GENERATOR: _get_functional_role: frame
09:50:03.523188 - SPEECH GENERATOR: speech_generator.SpeechGenerator._generate_frame for [frame: 'Reactive TUI App accessibility round 2' (0x7132c5dba800)]  args: {'formatType': 'unfocused', 'priorObj': "[frame: 'Terminal' (0x7132c6658d00)] ", 'role': 'frame'}
09:50:03.523270 - SPEECH GENERATOR: _generate_old_ancestors: []
09:50:03.523323 - SPEECH GENERATOR: _generate_new_ancestors: []
09:50:03.523406 - AXUtilitiesRelation: [frame: 'Reactive TUI App accessibility round 2' (0x7132c5dba800)]  is labelled by: []
09:50:03.523440 - GENERATOR: _generate_accessible_label: []
09:50:03.523470 - SPEECH GENERATOR: _generate_accessible_label: []
09:50:03.523519 - GENERATOR: _generate_accessible_name: [Reactive TUI App accessibility round 2]
09:50:03.523601 - GSETTINGS SCHEMA HANDLE: voice/established not set [app:accessibility_probe, profile:default]
09:50:03.523644 - GSETTINGS SCHEMA HANDLE: voice/rate not set [app:accessibility_probe, profile:default]
09:50:03.523682 - GSETTINGS SCHEMA HANDLE: voice/pitch not set [app:accessibility_probe, profile:default]
09:50:03.523718 - GSETTINGS SCHEMA HANDLE: voice/volume not set [app:accessibility_probe, profile:default]
09:50:03.523757 - GSETTINGS SCHEMA HANDLE: voice/family-name not set [app:accessibility_probe, profile:default]
09:50:03.523791 - GSETTINGS SCHEMA HANDLE: voice/family-lang not set [app:accessibility_probe, profile:default]
09:50:03.523824 - GSETTINGS SCHEMA HANDLE: voice/family-dialect not set [app:accessibility_probe, profile:default]
09:50:03.523857 - GSETTINGS SCHEMA HANDLE: voice/family-gender not set [app:accessibility_probe, profile:default]
09:50:03.523889 - GSETTINGS SCHEMA HANDLE: voice/family-variant not set [app:accessibility_probe, profile:default]
09:50:03.523949 - SPEECH GENERATOR: default voice requested for [frame: 'Reactive TUI App accessibility round 2' (0x7132c5dba800)]  language='', dialect='' Unmodified voice={'established': False}
09:50:03.524010 - SPEECH GENERATOR: Reported locale of [frame: 'Reactive TUI App accessibility round 2' (0x7132c5dba800)]  is 
09:50:03.524046 - SPEECH GENERATOR: Updated to: 'C', ''
09:50:03.524123 - GSETTINGS SCHEMA HANDLE: speech/auto-language-switching not set [app:accessibility_probe, profile:default]
09:50:03.524151 - GSETTINGS REGISTRY: speech/auto-language-switching using default value = True
09:50:03.524170 - SPEECH DISPATCHER: Returning cached result for language='C' dialect='' variant='None'
09:50:03.524220 - SPEECH GENERATOR: Family updated to {'dialect': '', 'lang': 'C', 'name': ''}
09:50:03.524265 - SPEECH GENERATOR: Final voice is {'established': 'False', 'family': "{'dialect': '', 'lang': 'C', 'name': ''}"}
09:50:03.524317 - SPEECH GENERATOR: _generate_accessible_name: [Reactive TUI App accessibility round 2, {'established': 'False', 'family': "{'dialect': '', 'lang': 'C', 'name': ''}"}]
09:50:03.524373 - GENERATOR: _generate_accessible_label_and_name: [Reactive TUI App accessibility round 2, {'established': 'False', 'family': "{'dialect': '', 'lang': 'C', 'name': ''}"}]
09:50:03.524396 - SPEECH PRESENTER: Adjusting 'Reactive TUI App accessibility round 2' from [frame: 'Reactive TUI App accessibility round 2' (0x7132c5dba800)]  start_offset: None
09:50:03.524870 - GSETTINGS SCHEMA HANDLE: speech/speak-numbers-as-digits not set [app:accessibility_probe, profile:default]
09:50:03.524897 - GSETTINGS REGISTRY: speech/speak-numbers-as-digits using default value = False
09:50:03.524965 - GSETTINGS SCHEMA HANDLE: speech/repeated-character-limit not set [app:accessibility_probe, profile:default]
09:50:03.524989 - GSETTINGS REGISTRY: speech/repeated-character-limit using default value = 4
09:50:03.526175 - GSETTINGS SCHEMA HANDLE: speech/use-pronunciation-dictionary not set [app:accessibility_probe, profile:default]
09:50:03.526200 - GSETTINGS REGISTRY: speech/use-pronunciation-dictionary using default value = True
09:50:03.526252 - GSETTINGS SCHEMA HANDLE: pronunciations/entries no dict values set
09:50:03.526267 - GSETTINGS REGISTRY: pronunciations/entries using default value = {}
09:50:03.526290 - SPEECH PRESENTER: Adjusted text: 'Reactive TUI App accessibility round 2'
09:50:03.526403 - SPEECH GENERATOR: _generate_accessible_label_and_name: [Reactive TUI App accessibility round 2, {'established': 'False', 'family': "{'dialect': '', 'lang': 'C', 'name': ''}"}]
09:50:03.528610 - GSETTINGS SCHEMA HANDLE: voice/established not set [app:accessibility_probe, profile:default]
09:50:03.528663 - GSETTINGS SCHEMA HANDLE: voice/rate not set [app:accessibility_probe, profile:default]
09:50:03.528702 - GSETTINGS SCHEMA HANDLE: voice/pitch not set [app:accessibility_probe, profile:default]
09:50:03.528737 - GSETTINGS SCHEMA HANDLE: voice/volume not set [app:accessibility_probe, profile:default]
09:50:03.528773 - GSETTINGS SCHEMA HANDLE: voice/family-name not set [app:accessibility_probe, profile:default]
09:50:03.528807 - GSETTINGS SCHEMA HANDLE: voice/family-lang not set [app:accessibility_probe, profile:default]
09:50:03.528840 - GSETTINGS SCHEMA HANDLE: voice/family-dialect not set [app:accessibility_probe, profile:default]
09:50:03.528874 - GSETTINGS SCHEMA HANDLE: voice/family-gender not set [app:accessibility_probe, profile:default]
09:50:03.528907 - GSETTINGS SCHEMA HANDLE: voice/family-variant not set [app:accessibility_probe, profile:default]
09:50:03.528968 - SPEECH GENERATOR: system voice requested for [frame: 'Reactive TUI App accessibility round 2' (0x7132c5dba800)]  language='', dialect='' Unmodified voice={'established': False}
09:50:03.529034 - SPEECH GENERATOR: Reported locale of [frame: 'Reactive TUI App accessibility round 2' (0x7132c5dba800)]  is 
09:50:03.529059 - SPEECH GENERATOR: Updated to: 'C', ''
09:50:03.529099 - GSETTINGS SCHEMA HANDLE: voice/established not set [app:accessibility_probe, profile:default]
09:50:03.529134 - GSETTINGS SCHEMA HANDLE: voice/rate not set [app:accessibility_probe, profile:default]
09:50:03.529167 - GSETTINGS SCHEMA HANDLE: voice/pitch not set [app:accessibility_probe, profile:default]
09:50:03.529200 - GSETTINGS SCHEMA HANDLE: voice/volume not set [app:accessibility_probe, profile:default]
09:50:03.529236 - GSETTINGS SCHEMA HANDLE: voice/family-name not set [app:accessibility_probe, profile:default]
09:50:03.529269 - GSETTINGS SCHEMA HANDLE: voice/family-lang not set [app:accessibility_probe, profile:default]
09:50:03.529305 - GSETTINGS SCHEMA HANDLE: voice/family-dialect not set [app:accessibility_probe, profile:default]
09:50:03.529340 - GSETTINGS SCHEMA HANDLE: voice/family-gender not set [app:accessibility_probe, profile:default]
09:50:03.529372 - GSETTINGS SCHEMA HANDLE: voice/family-variant not set [app:accessibility_probe, profile:default]
09:50:03.529444 - SPEECH GENERATOR: Final voice is {'established': 'False', 'family': '{}'}
09:50:03.529518 - SPEECH GENERATOR: _generate_accessible_role: [frame, {'established': 'False', 'family': '{}'}]
09:50:03.530997 - AXUtilities: Unfocused alerts and dialogs for [frame: 'Reactive TUI App accessibility round 2' (0x7132c5dba800)] : []
09:50:03.531081 - SPEECH GENERATOR: _generate_unfocused_dialog_count: []
09:50:03.531609 - GENERATOR: _generate_state_current: []
09:50:03.531660 - SPEECH GENERATOR: _generate_state_current: []
09:50:03.531696 - SPEECH GENERATOR: _generate_has_click_action: []
09:50:03.531728 - SPEECH GENERATOR: _generate_has_details: []
09:50:03.531758 - SPEECH GENERATOR: _generate_details_for: []
09:50:03.532251 - AXUtilitiesRelation: [frame: 'Reactive TUI App accessibility round 2' (0x7132c5dba800)]  is described by: []
09:50:03.532295 - GENERATOR: _generate_accessible_description: []
09:50:03.532343 - SPEECH GENERATOR: _generate_accessible_description: []
09:50:03.532400 - SPEECH GENERATOR: _generate_state_has_popup: []
09:50:03.533627 - SPEECH GENERATOR: _generate_tutorial: []
09:50:03.533805 - SPEECH GENERATOR: Results: [Reactive TUI App accessibility round 2, {'established': 'False', 'family': "{'dialect': '', 'lang': 'C', 'name': ''}"}, frame, {'established': 'False', 'family': '{}'}]
09:50:03.533959 - SPEECH: Speak [Reactive TUI App accessibility round 2, {'established': 'False', 'family': "{'dialect': '', 'lang': 'C', 'name': ''}"}, frame, {'established': 'False', 'family': '{}'}], acss: None
09:50:03.534093 - SPEECH: New voice {'established': 'False'}  != active voice {'established': 'False', 'family': "{'dialect': '', 'lang': 'C', 'name': ''}"}
09:50:03.534121 - SPEECH OUTPUT: 'Reactive TUI App accessibility round 2' {'established': False, 'family': {'name': '', 'gender': None, 'lang': 'C', 'dialect': '', 'variant': None}}
09:50:03.534135 - SPEECH DISPATCHER: Speaking 'Reactive TUI App accessibility round 2' as string
09:50:03.534450 - SPEECH DISPATCHER: Speaking '<speak><mark name="0:8"/>Reactive <mark name="9:12"/>TUI <mark name="13:16"/>App <mark name="17:30"/>accessibility <mark name="31:36"/>round <mark name="37:38"/>2</speak>' 
                  ORCA rate 50.0, pitch 5.0, volume 10.0, language C, punctuation: MOST
                  SD rate 2, pitch 10, volume 100, language c
09:50:03.534600 - SPEECH OUTPUT: 'frame' {'established': False}
09:50:03.534621 - SPEECH DISPATCHER: Speaking 'frame' as string
09:50:03.534953 - SPEECH DISPATCHER: Speaking '<speak><mark name="0:5"/>frame</speak>' 
                  ORCA rate 50.0, pitch 5.0, volume 10.0, language C, punctuation: MOST
                  SD rate 2, pitch 10, volume 100, language c
09:50:03.539422 - GSETTINGS SCHEMA HANDLE: braille/enabled not set [app:accessibility_probe, profile:default]
09:50:03.539464 - GSETTINGS REGISTRY: braille/enabled using default value = True
09:50:03.539539 - FOCUS MANAGER: Active mode: focus-tracking Object of interest: [frame: 'Reactive TUI App accessibility round 2' (0x7132c5dba800)] 
09:50:03.539576 - GSETTINGS SCHEMA HANDLE: braille/enabled not set [app:accessibility_probe, profile:default]
09:50:03.539589 - GSETTINGS REGISTRY: braille/enabled using default value = True
09:50:03.539629 - GSETTINGS SCHEMA HANDLE: braille/verbosity-level not set [app:accessibility_probe, profile:default]
09:50:03.539642 - GSETTINGS REGISTRY: braille/verbosity-level using default value = 'verbose'
09:50:03.539676 - FOCUS MANAGER: Locus of focus is [frame: 'Reactive TUI App accessibility round 2' (0x7132c5dba800)] 
09:50:03.539712 - SCRIPT MANAGER: Active script is: accessibility_probe (module=orca.scripts.default)
09:50:03.539795 - GSETTINGS SCHEMA HANDLE: braille/rolename-style not set [app:accessibility_probe, profile:default]
09:50:03.539811 - GSETTINGS REGISTRY: braille/rolename-style using default value = 'verbose'
09:50:03.539843 - GSETTINGS SCHEMA HANDLE: braille/display-ancestors not set [app:accessibility_probe, profile:default]
09:50:03.539854 - GSETTINGS REGISTRY: braille/display-ancestors using default value = True
09:50:03.539885 - GSETTINGS SCHEMA HANDLE: braille/end-of-line-indicator not set [app:accessibility_probe, profile:default]
09:50:03.539896 - GSETTINGS REGISTRY: braille/end-of-line-indicator using default value = True
09:50:03.539926 - GSETTINGS SCHEMA HANDLE: braille/present-mnemonics not set [app:accessibility_probe, profile:default]
09:50:03.539937 - GSETTINGS REGISTRY: braille/present-mnemonics using default value = True
09:50:03.543187 - GENERATOR: _get_functional_role: frame
09:50:03.543323 - BRAILLE GENERATOR: braille_generator.BrailleGenerator._generate_frame for [frame: 'Reactive TUI App accessibility round 2' (0x7132c5dba800)]  args: {'formatType': 'focused', 'priorObj': "[frame: 'Terminal' (0x7132c6658d00)] ", 'role': 'frame'}
09:50:03.547301 - GENERATOR: _get_functional_role: application
09:50:03.547347 - BRAILLE GENERATOR: [application: 'accessibility_probe' (0x7132c5da3440)]  lacks dedicated generator
09:50:03.547415 - BRAILLE GENERATOR: braille_generator.BrailleGenerator._generate_default_presentation for [application: 'accessibility_probe' (0x7132c5da3440)]  args: {'formatType': 'ancestor', 'includeContext': 'False', 'priorObj': "[frame: 'Terminal' (0x7132c6658d00)] ", 'role': 'application'}
09:50:03.547819 - AXUtilitiesRelation: [application: 'accessibility_probe' (0x7132c5da3440)]  is labelled by: []
09:50:03.547848 - GENERATOR: _generate_accessible_label: []
09:50:03.547874 - GENERATOR: _generate_accessible_name: [accessibility_probe]
09:50:03.547901 - GENERATOR: _generate_accessible_label_and_name: [accessibility_probe]
09:50:03.549707 - BRAILLE GENERATOR: _generate_accessible_role: [application]
09:50:03.549756 - BRAILLE: Not contracting 'accessibility_probe application' because contracted braille is not enabled.
09:50:03.549804 - BRAILLE GENERATOR: Results: [COMPONENT: 'accessibility_probe application', cursor offset:0]
09:50:03.549860 - BRAILLE GENERATOR: _generate_ancestors: [COMPONENT: 'accessibility_probe application', cursor offset:0]
09:50:03.549971 - AXUtilitiesRelation: [frame: 'Reactive TUI App accessibility round 2' (0x7132c5dba800)]  is labelled by: []
09:50:03.550030 - GENERATOR: _generate_accessible_label: []
09:50:03.550074 - GENERATOR: _generate_accessible_name: [Reactive TUI App accessibility round 2]
09:50:03.550101 - GENERATOR: _generate_accessible_label_and_name: [Reactive TUI App accessibility round 2]
09:50:03.552074 - BRAILLE GENERATOR: _generate_accessible_role: [frame]
09:50:03.552946 - AXUtilities: Unfocused alerts and dialogs for [frame: 'Reactive TUI App accessibility round 2' (0x7132c5dba800)] : []
09:50:03.552969 - BRAILLE GENERATOR: _generate_alert_and_dialog_count: []
09:50:03.552983 - BRAILLE: Not contracting 'Reactive TUI App accessibility round 2 frame' because contracted braille is not enabled.
09:50:03.553007 - GENERATOR: _generate_accessible_description: []
09:50:03.553157 - GENERATOR: _generate_state_current: []
09:50:03.553189 - BRAILLE GENERATOR: Results: [COMPONENT: 'accessibility_probe application', cursor offset:0, REGION: ' ', cursor offset:0, COMPONENT: 'Reactive TUI App accessibility round 2 frame', cursor offset:0]
09:50:03.553232 - BRAILLE: Refresh. Pan: True target: 0
09:50:03.553239 - BRAILLE: Kill flash message braille.display_line:1618 > braille.refresh:2097 > braille._prepare_refresh:1856 > braille.kill_flash:2182
09:50:03.553758 - GSETTINGS SCHEMA HANDLE: braille/enabled not set [app:accessibility_probe, profile:default]
09:50:03.553767 - GSETTINGS REGISTRY: braille/enabled using default value = True
09:50:03.553787 - BRAILLE: Last text object: None (Caret: 0, Line: 0, Cell: 0)
09:50:03.553812 - BRAILLE: Current text object: None (Caret: 0, Line: 0). On same line: False
09:50:03.553820 - BRAILLE: Line 0: 'accessibility_probe application Reactive TUI App accessibility round 2 frame' focusOffset: 32 [[0, 32], [32, 63], [63, 76]]
09:50:03.553824 - BRAILLE: Cursor offset in line string is: 32
09:50:03.553829 - BRAILLE: Adjusting offset to 32 (unhandled condition)
09:50:03.553834 - BRAILLE: Current range: (32, 64). Target cell: 0
09:50:03.553839 - BRAILLE LINE:  'accessibility_probe application Reactive TUI App accessibility round 2 frame'
09:50:03.553843 -      VISIBLE:  'Reactive TUI App accessibility r', cursor=1
09:50:03.553856 - BRAILLE: Enabling braille. BrlAPI running: False
09:50:03.553861 - BRAILLE: Need to initialize first.
09:50:03.553876 - BRAILLE: Initializing. Callback: input_event_manager.InputEventManager.process_braille_event
09:50:03.553893 - BRAILLE: WINDOWPATH= None
09:50:03.553906 - BRAILLE: XDG_VTNR= 1
09:50:03.553926 - BRAILLE: Attempting connection with BrlAPI.
09:50:03.554310 - BRAILLE: BrlAPI Connection is unavailable (ConnectionError): couldn't connect to b':0' with key b'keyfile:/etc/brlapi.key+polkit': connect: No such file or directory
                  (brlerrno 11, libcerrno 2, gaierrno 0)
                  Is BRLTTY really running?
09:50:03.554603 - AXTable: Setting last cell coordinates to row=-1, column=-1
09:50:03.554637 - FOCUS MANAGER: Setting last cursor position to [frame: 'Reactive TUI App accessibility round 2' (0x7132c5dba800)]  -1
09:50:03.554687 - FOCUS MANAGER: Active window is [frame: 'Reactive TUI App accessibility round 2' (0x7132c5dba800)]  focus_manager.set_locus_of_focus:327 > focus_manager._save_object_details:254 > ax_utilities_event.save_object_info_for_events:195 > focus_manager.get_active_window:342
09:50:03.555085 - SCRIPT MANAGER: Getting script for [application: 'accessibility_probe' (0x7132c5da3440)]  [frame: 'Reactive TUI App accessibility round 2' (0x7132c5dba800)] 
09:50:03.555294 - SCRIPT MANAGER: Script is app script accessibility_probe (module=orca.scripts.default)
09:50:03.555796 - SPELL CHECK PRESENTER: Handling window:activate for [frame: 'Reactive TUI App accessibility round 2' (0x7132c5dba800)] 
09:50:03.555817 - SPELL CHECK PRESENTER: Attempting activation for [frame: 'Reactive TUI App accessibility round 2' (0x7132c5dba800)] 
09:50:03.556112 - SPELL CHECK PRESENTER: [frame: 'Reactive TUI App accessibility round 2' (0x7132c5dba800)]  is not spellcheck window
09:50:03.556119 - SPELL CHECK PRESENTER: Not a spellcheck window. Deactivating.
09:50:03.556136 - FOCUS MANAGER: Request to set locus of focus to [frame: 'Reactive TUI App accessibility round 2' (0x7132c5dba800)]  event_manager._dequeue_object_event:666 > event_manager._process_object_event:982 > default._on_window_activated:1408 > focus_manager.set_locus_of_focus:271
09:50:03.556415 - AXObject: Clearing AT-SPI cache on [frame: 'Reactive TUI App accessibility round 2' (0x7132c5dba800)]  Recursive: False.  Reason: Setting locus of focus.
09:50:03.556425 - FOCUS MANAGER: Setting locus of focus to existing locus of focus
TOTAL PROCESSING TIME: 0.0616
^^^^^ FINISHED PRIORITY-2 OBJECT EVENT WINDOW:ACTIVATE ^^^^^

09:50:03.556737 - EVENT MANAGER: Dequeueing object:state-changed:active for [frame: 'Reactive TUI App accessibility round 2' (0x7132c5dba800)]  in accessibility_probe (AccessKit) (1, 0, 0)
09:50:03.556846 - EVENT MANAGER: Dequeued object:state-changed:active for [frame: 'Reactive TUI App accessibility round 2' (0x7132c5dba800)]  in accessibility_probe (AccessKit) (1, 0, 0) priority: 2, counter: 97

vvvvv START PRIORITY-2 OBJECT EVENT OBJECT:STATE-CHANGED:ACTIVE (queue size: 64) vvvvv
09:50:03.559479 - EVENT SOURCE:
                  app='accessibility_probe (AccessKit )' name='Reactive TUI App accessibility round 2' role='frame' axid='' id=0x7132c5dba800
                  description=''
                  help=''
                  locale=''
                  states='active, enabled, sensitive, showing, visible'
                  relations=''
                  actions=''
                  interfaces='Component'
                  attributes=''
                  text=''
                  path=[-1, 0]
                  
09:50:03.559522 - SCRIPT MANAGER: Active script is: accessibility_probe (module=orca.scripts.default)
09:50:03.559544 - FOCUS MANAGER: Locus of focus is [frame: 'Reactive TUI App accessibility round 2' (0x7132c5dba800)] 
09:50:03.559559 - EVENT MANAGER: Script for event from locus of focus is accessibility_probe (module=orca.scripts.default)
09:50:03.559566 - EVENT MANAGER: Processing object:state-changed:active: script for event is active
09:50:03.559605 - AXObject: Clearing AT-SPI cache on [frame: 'Reactive TUI App accessibility round 2' (0x7132c5dba800)]  Recursive: False.  Reason: Checking if window can be the active window
09:50:03.561430 - AXUtilities: [frame: 'Reactive TUI App accessibility round 2' (0x7132c5dba800)]  from [application: 'accessibility_probe' (0x7132c5da3440)]  can be active window
09:50:03.561464 - FOCUS MANAGER: Active window is [frame: 'Reactive TUI App accessibility round 2' (0x7132c5dba800)]  event_manager._dequeue_object_event:666 > event_manager._process_object_event:982 > default._on_active_changed:799 > focus_manager.get_active_window:342
TOTAL PROCESSING TIME: 0.0049
^^^^^ FINISHED PRIORITY-2 OBJECT EVENT OBJECT:STATE-CHANGED:ACTIVE ^^^^^

09:50:03.561783 - WARNING: Braille initialization failed: BrlAPI connection unavailable.
09:50:03.561803 - BRAILLE: Scheduling BrlAPI retry in 2000 ms.
09:50:03.561881 - EVENT MANAGER: Dequeueing object:active-descendant-changed for [application: 'accessibility_probe' (0x7132c5da3440)]  in accessibility_probe (AccessKit) (0, 0, [frame: 'Reactive TUI App accessibility round 2' (0x7132c5dba800)])
09:50:03.561917 - EVENT MANAGER: Dequeued object:active-descendant-changed for [application: 'accessibility_probe' (0x7132c5da3440)]  in accessibility_probe (AccessKit) (0, 0, [frame: 'Reactive TUI App accessibility round 2' (0x7132c5dba800)]) priority: 3, counter: 98

vvvvv START PRIORITY-3 OBJECT EVENT OBJECT:ACTIVE-DESCENDANT-CHANGED (queue size: 63) vvvvv
09:50:03.564950 - EVENT SOURCE:
                  app='accessibility_probe (AccessKit )' name='accessibility_probe' role='application' axid='' id=0x7132c5da3440
                  description=''
                  help=''
                  locale=''
                  states=''
                  relations=''
                  actions=''
                  interfaces=''
                  attributes=''
                  text=''
                  path=[-1]
                  
                  EVENT ANY DATA:
                  name='Reactive TUI App accessibility round 2' role='frame' axid='' id=0x7132c5dba800
                  description=''
                  help=''
                  locale=''
                  states='active, enabled, sensitive, showing, visible'
                  relations=''
                  actions=''
                  interfaces='Component'
                  attributes=''
                  text=''
                  path=[-1, 0]
                  
09:50:03.565005 - SCRIPT MANAGER: Active script is: accessibility_probe (module=orca.scripts.default)
09:50:03.565034 - FOCUS MANAGER: Locus of focus is [frame: 'Reactive TUI App accessibility round 2' (0x7132c5dba800)] 
09:50:03.565066 - EVENT MANAGER: Getting script for event for [application: 'accessibility_probe' (0x7132c5da3440)]  [application: 'accessibility_probe' (0x7132c5da3440)] 
09:50:03.565083 - SCRIPT MANAGER: Getting script for [application: 'accessibility_probe' (0x7132c5da3440)]  [application: 'accessibility_probe' (0x7132c5da3440)] 
09:50:03.565293 - SCRIPT MANAGER: Script is app script accessibility_probe (module=orca.scripts.default)
09:50:03.565308 - EVENT MANAGER: Script for event is accessibility_probe (module=orca.scripts.default)
09:50:03.565314 - EVENT MANAGER: Processing object:active-descendant-changed: script for event is active
09:50:03.565340 - AXUtilitiesEvent: Neither source nor child have focused state.
TOTAL PROCESSING TIME: 0.0034
^^^^^ FINISHED PRIORITY-3 OBJECT EVENT OBJECT:ACTIVE-DESCENDANT-CHANGED ^^^^^

09:50:03.565407 - EVENT MANAGER: Dequeueing object:state-changed:focused for [panel: 'Project sections' (0x7132c65fcac0)]  in accessibility_probe (AccessKit) (1, 0, 0)
09:50:03.565440 - EVENT MANAGER: Dequeued object:state-changed:focused for [panel: 'Project sections' (0x7132c65fcac0)]  in accessibility_probe (AccessKit) (1, 0, 0) priority: 3, counter: 99

vvvvv START PRIORITY-3 OBJECT EVENT OBJECT:STATE-CHANGED:FOCUSED (queue size: 62) vvvvv
09:50:03.567546 - EVENT SOURCE:
                  app='accessibility_probe (AccessKit )' name='Project sections' role='panel' axid='' id=0x7132c65fcac0
                  description=''
                  help=''
                  locale=''
                  states='enabled, focusable, sensitive, showing, visible'
                  relations=''
                  actions=''
                  interfaces='Component'
                  attributes=''
                  text=''
                  path=[-1, 0, 0]
                  
09:50:03.567586 - SCRIPT MANAGER: Active script is: accessibility_probe (module=orca.scripts.default)
09:50:03.567610 - FOCUS MANAGER: Locus of focus is [frame: 'Reactive TUI App accessibility round 2' (0x7132c5dba800)] 
09:50:03.567640 - EVENT MANAGER: Getting script for event for [application: 'accessibility_probe' (0x7132c5da3440)]  [panel: 'Project sections' (0x7132c65fcac0)] 
09:50:03.567658 - SCRIPT MANAGER: Getting script for [application: 'accessibility_probe' (0x7132c5da3440)]  [panel: 'Project sections' (0x7132c65fcac0)] 
09:50:03.567850 - SCRIPT MANAGER: Script is app script accessibility_probe (module=orca.scripts.default)
09:50:03.567865 - EVENT MANAGER: Script for event is accessibility_probe (module=orca.scripts.default)
09:50:03.567871 - EVENT MANAGER: Processing object:state-changed:focused: script for event is active
09:50:03.567901 - DEFAULT: [panel: 'Project sections' (0x7132c65fcac0)]  lacks focused state. Clearing cache.
09:50:03.567931 - AXObject: Clearing AT-SPI cache on [panel: 'Project sections' (0x7132c65fcac0)]  Recursive: False.  Reason: Event detail1 does not match state.
09:50:03.568281 - DEFAULT: Clearing cache did not update state.
TOTAL PROCESSING TIME: 0.0028
^^^^^ FINISHED PRIORITY-3 OBJECT EVENT OBJECT:STATE-CHANGED:FOCUSED ^^^^^

09:50:03.568705 - EVENT MANAGER: Dequeueing object:state-changed:focused for [page tab: 'Overview' (0x7132c5bcd640)]  in accessibility_probe (AccessKit) (1, 0, 0)
09:50:03.568745 - EVENT MANAGER: Dequeued object:state-changed:focused for [page tab: 'Overview' (0x7132c5bcd980)]  in accessibility_probe (AccessKit) (1, 0, 0) priority: 3, counter: 105

vvvvv START PRIORITY-3 OBJECT EVENT OBJECT:STATE-CHANGED:FOCUSED (queue size: 61) vvvvv
09:50:03.574091 - EVENT SOURCE:
                  app='accessibility_probe (AccessKit )' name='Overview' role='page tab' axid='' id=0x7132c5bcd980
                  description=''
                  help=''
                  locale=''
                  states='enabled, focusable, focused, selectable, selected, sensitive, showing, visible'
                  relations=''
                  actions='click'
                  interfaces='Action, Component'
                  attributes=''
                  text=''
                  path=[-1, 0, 0, 0, 0]
                  
09:50:03.574145 - SCRIPT MANAGER: Active script is: accessibility_probe (module=orca.scripts.default)
09:50:03.574172 - FOCUS MANAGER: Locus of focus is [frame: 'Reactive TUI App accessibility round 2' (0x7132c5dba800)] 
09:50:03.574204 - EVENT MANAGER: Getting script for event for [application: 'accessibility_probe' (0x7132c5da3440)]  [page tab: 'Overview' (0x7132c5d3de40)] 
09:50:03.574222 - SCRIPT MANAGER: Getting script for [application: 'accessibility_probe' (0x7132c5da3440)]  [page tab: 'Overview' (0x7132c5d3de40)] 
09:50:03.574489 - SCRIPT MANAGER: Script is app script accessibility_probe (module=orca.scripts.default)
09:50:03.574554 - EVENT MANAGER: Script for event is accessibility_probe (module=orca.scripts.default)
09:50:03.574584 - EVENT MANAGER: Processing object:state-changed:focused: script for event is active
09:50:03.575547 - SCRIPT UTILITIES: [frame: 'Reactive TUI App accessibility round 2' (0x7132c5dba800)]  is top-level object for: [page tab: 'Overview' (0x7132c5d3de40)] 
09:50:03.576553 - SCRIPT UTILITIES: [page tab: 'Overview' (0x7132c5d3de40)]  is in frame [frame: 'Reactive TUI App accessibility round 2' (0x7132c5dba800)]  and dialog None
09:50:03.576615 - AXObject: Clearing AT-SPI cache on [frame: 'Reactive TUI App accessibility round 2' (0x7132c5dba800)]  Recursive: False.  Reason: Checking if window can be the active window
09:50:03.578970 - AXUtilities: [frame: 'Reactive TUI App accessibility round 2' (0x7132c5dba800)]  from [application: 'accessibility_probe' (0x7132c5da3440)]  can be active window
09:50:03.579088 - FOCUS MANAGER: Request to set locus of focus to [page tab: 'Overview' (0x7132c5d3de40)]  event_manager._dequeue_object_event:666 > event_manager._process_object_event:982 > default._on_focused_changed:1114 > focus_manager.set_locus_of_focus:271
09:50:03.579702 - AXObject: Clearing AT-SPI cache on [page tab: 'Overview' (0x7132c5d3de40)]  Recursive: False.  Reason: Setting locus of focus.
09:50:03.579749 - SCRIPT MANAGER: Active script is: accessibility_probe (module=orca.scripts.default)
09:50:03.580705 - FOCUS MANAGER: Changing locus of focus from [frame: 'Reactive TUI App accessibility round 2' (0x7132c5dba800)]  to [page tab: 'Overview' (0x7132c5d3de40)] . Notify: True
09:50:03.581212 - FOCUS MANAGER: Region of interest: [page tab: 'Overview' (0x7132c5d3de40)]  (0, 0)
09:50:03.581676 - FOCUS MANAGER: Switching object of interest from [frame: 'Reactive TUI App accessibility round 2' (0x7132c5dba800)]  to [page tab: 'Overview' (0x7132c5d3de40)] 
09:50:03.583527 - DOCUMENT PRESENTER: Updating mode for focus change. Old focus: [frame: 'Reactive TUI App accessibility round 2' (0x7132c5dba800)]  old doc: None New focus: [page tab: 'Overview' (0x7132c5d3de40)]  new doc: None
09:50:03.583586 - SCRIPT MANAGER: Active script is: accessibility_probe (module=orca.scripts.default)
09:50:03.583604 - CARET NAVIGATOR: Commands suspended: False: locus of focus no longer in document
09:50:03.583680 - GSETTINGS SCHEMA HANDLE: keybindings/keyboard-layout not set [app:accessibility_probe, profile:default]
09:50:03.583691 - GSETTINGS REGISTRY: keybindings/keyboard-layout using default value = 'desktop'
09:50:03.583707 - GSETTINGS SCHEMA HANDLE: keybindings/desktop-modifier-keys not set [app:accessibility_probe, profile:default]
09:50:03.583713 - GSETTINGS REGISTRY: keybindings/desktop-modifier-keys using default value = ['Insert', 'KP_Insert']
09:50:03.583751 - SCRIPT MANAGER: Active script is: accessibility_probe (module=orca.scripts.default)
09:50:03.583757 - STRUCTURAL NAVIGATOR: Suspended: False: locus of focus no longer in document
09:50:03.583770 - GSETTINGS SCHEMA HANDLE: keybindings/keyboard-layout not set [app:accessibility_probe, profile:default]
09:50:03.583775 - GSETTINGS REGISTRY: keybindings/keyboard-layout using default value = 'desktop'
09:50:03.583785 - GSETTINGS SCHEMA HANDLE: keybindings/desktop-modifier-keys not set [app:accessibility_probe, profile:default]
09:50:03.583788 - GSETTINGS REGISTRY: keybindings/desktop-modifier-keys using default value = ['Insert', 'KP_Insert']
09:50:03.583825 - STRUCTURAL NAVIGATOR: Setting mode for accessibility_probe (module=orca.scripts.default) to NavigationMode.OFF
09:50:03.583839 - SCRIPT MANAGER: Active script is: accessibility_probe (module=orca.scripts.default)
09:50:03.583853 - GSETTINGS SCHEMA HANDLE: keybindings/keyboard-layout not set [app:accessibility_probe, profile:default]
09:50:03.583857 - GSETTINGS REGISTRY: keybindings/keyboard-layout using default value = 'desktop'
09:50:03.583867 - GSETTINGS SCHEMA HANDLE: keybindings/desktop-modifier-keys not set [app:accessibility_probe, profile:default]
09:50:03.583871 - GSETTINGS REGISTRY: keybindings/desktop-modifier-keys using default value = ['Insert', 'KP_Insert']
09:50:03.583902 - CARET NAVIGATOR: Setting enabled state for accessibility_probe (module=orca.scripts.default) to False
09:50:03.583915 - SCRIPT MANAGER: Active script is: accessibility_probe (module=orca.scripts.default)
09:50:03.583926 - GSETTINGS SCHEMA HANDLE: keybindings/keyboard-layout not set [app:accessibility_probe, profile:default]
09:50:03.583930 - GSETTINGS REGISTRY: keybindings/keyboard-layout using default value = 'desktop'
09:50:03.583940 - GSETTINGS SCHEMA HANDLE: keybindings/desktop-modifier-keys not set [app:accessibility_probe, profile:default]
09:50:03.583944 - GSETTINGS REGISTRY: keybindings/desktop-modifier-keys using default value = ['Insert', 'KP_Insert']
09:50:03.586515 - SCRIPT UTILITIES: [frame: 'Reactive TUI App accessibility round 2' (0x7132c5dba800)]  is top-level object for: [page tab: 'Overview' (0x7132c5d3de40)] 
09:50:03.586585 - FOCUS MANAGER: Request to set active window to [frame: 'Reactive TUI App accessibility round 2' (0x7132c5dba800)] 
09:50:03.586601 - FOCUS MANAGER: Setting active window to existing active window
09:50:03.587265 - AXObject: [page tab list: 'Tabs' (0x7132c5bce180)]  has index 0 ; parent [panel: 'Project sections' (0x7132c65fcac0)]  has -1 children
09:50:03.587345 - AXObject: Exception in get_child_count: atspi_error: The process appears to be hung. (1)
09:50:03.587433 - AXObject: [panel: 'Project sections' (0x7132c65fcac0)]  has index -1 ; parent [frame: 'Reactive TUI App accessibility round 2' (0x7132c5dba800)]  has 0 children
09:50:03.587489 - SCRIPT MANAGER: Getting script for [application: 'accessibility_probe' (0x7132c5da3440)]  [page tab: 'Overview' (0x7132c5d3de40)] 
09:50:03.587528 - AXObject: Exception in get_attributes_dict: atspi_error: The process appears to be hung. (1)
09:50:03.587567 - SCRIPT MANAGER: Script is app script accessibility_probe (module=orca.scripts.default)
09:50:03.587708 - AXObject: Exception in get_child_count: atspi_error: The process appears to be hung. (1)
09:50:03.587793 - AXObject: [page tab list: 'Tabs' (0x7132c5d47940)]  has index -1 ; parent [panel: 'Project sections' (0x7132c65fcac0)]  has 0 children
09:50:03.587846 - AXObject: Exception in get_child_count: atspi_error: The process appears to be hung. (1)
09:50:03.587930 - AXObject: [panel: 'Project sections' (0x7132c65fcac0)]  has index -1 ; parent [frame: 'Reactive TUI App accessibility round 2' (0x7132c5dba800)]  has 0 children
09:50:03.587961 - PRESENTATION MANAGER: Not interrupting for locusOfFocus change: old locusOfFocus is ancestor of new locusOfFocus, and has a name
09:50:03.588032 - FOCUS MANAGER: Active mode: focus-tracking Object of interest: [page tab: 'Overview' (0x7132c5d3de40)] 
09:50:03.588098 - GSETTINGS SCHEMA HANDLE: speech/enable not set [app:accessibility_probe, profile:default]
09:50:03.588115 - GSETTINGS REGISTRY: speech/enable using default value = True
09:50:03.588160 - GSETTINGS SCHEMA HANDLE: speech/verbosity-level not set [app:accessibility_probe, profile:default]
09:50:03.588175 - GSETTINGS REGISTRY: speech/verbosity-level using default value = 'verbose'
09:50:03.588212 - FOCUS MANAGER: Locus of focus is [page tab: 'Overview' (0x7132c5d3de40)] 
09:50:03.588244 - SCRIPT MANAGER: Active script is: accessibility_probe (module=orca.scripts.default)
09:50:03.588287 - GSETTINGS SCHEMA HANDLE: speech/only-speak-displayed-text not set [app:accessibility_probe, profile:default]
09:50:03.588301 - GSETTINGS REGISTRY: speech/only-speak-displayed-text using default value = False
09:50:03.588336 - GSETTINGS SCHEMA HANDLE: speech/speak-description not set [app:accessibility_probe, profile:default]
09:50:03.588349 - GSETTINGS REGISTRY: speech/speak-description using default value = True
09:50:03.588382 - GSETTINGS SCHEMA HANDLE: speech/speak-tutorial-messages not set [app:accessibility_probe, profile:default]
09:50:03.588395 - GSETTINGS REGISTRY: speech/speak-tutorial-messages using default value = True
09:50:03.588427 - GSETTINGS SCHEMA HANDLE: speech/speak-position-in-set not set [app:accessibility_probe, profile:default]
09:50:03.588438 - GSETTINGS REGISTRY: speech/speak-position-in-set using default value = False
09:50:03.588471 - GSETTINGS SCHEMA HANDLE: speech/speak-widget-mnemonic not set [app:accessibility_probe, profile:default]
09:50:03.588483 - GSETTINGS REGISTRY: speech/speak-widget-mnemonic using default value = True
09:50:03.588515 - GSETTINGS SCHEMA HANDLE: speech/speak-blank-lines not set [app:accessibility_probe, profile:default]
09:50:03.588527 - GSETTINGS REGISTRY: speech/speak-blank-lines using default value = True
09:50:03.588559 - GSETTINGS SCHEMA HANDLE: speech/speak-indentation-and-justification not set [app:accessibility_probe, profile:default]
09:50:03.588572 - GSETTINGS REGISTRY: speech/speak-indentation-and-justification using default value = False
09:50:03.588604 - GSETTINGS SCHEMA HANDLE: speech/announce-cell-headers not set [app:accessibility_probe, profile:default]
09:50:03.588617 - GSETTINGS REGISTRY: speech/announce-cell-headers using default value = True
09:50:03.588649 - GSETTINGS SCHEMA HANDLE: speech/announce-cell-coordinates not set [app:accessibility_probe, profile:default]
09:50:03.588661 - GSETTINGS REGISTRY: speech/announce-cell-coordinates using default value = True
09:50:03.588692 - GSETTINGS SCHEMA HANDLE: speech/announce-spreadsheet-cell-coordinates not set [app:accessibility_probe, profile:default]
09:50:03.588706 - GSETTINGS REGISTRY: speech/announce-spreadsheet-cell-coordinates using default value = True
09:50:03.588737 - GSETTINGS SCHEMA HANDLE: speech/announce-blockquote not set [app:accessibility_probe, profile:default]
09:50:03.588749 - GSETTINGS REGISTRY: speech/announce-blockquote using default value = True
09:50:03.588780 - GSETTINGS SCHEMA HANDLE: speech/announce-form not set [app:accessibility_probe, profile:default]
09:50:03.588793 - GSETTINGS REGISTRY: speech/announce-form using default value = True
09:50:03.588824 - GSETTINGS SCHEMA HANDLE: speech/announce-landmark not set [app:accessibility_probe, profile:default]
09:50:03.588837 - GSETTINGS REGISTRY: speech/announce-landmark using default value = True
09:50:03.588873 - GSETTINGS SCHEMA HANDLE: speech/announce-list not set [app:accessibility_probe, profile:default]
09:50:03.588886 - GSETTINGS REGISTRY: speech/announce-list using default value = True
09:50:03.588918 - GSETTINGS SCHEMA HANDLE: speech/announce-grouping not set [app:accessibility_probe, profile:default]
09:50:03.588929 - GSETTINGS REGISTRY: speech/announce-grouping using default value = True
09:50:03.588959 - GSETTINGS SCHEMA HANDLE: speech/announce-table not set [app:accessibility_probe, profile:default]
09:50:03.588971 - GSETTINGS REGISTRY: speech/announce-table using default value = True
09:50:03.589055 - AXObject: Exception in get_attributes_dict: atspi_error: The process appears to be hung. (1)
09:50:03.589107 - AXObject: Exception in get_attributes_dict: atspi_error: The process appears to be hung. (1)
09:50:03.589135 - AXObject: Exception in get_attributes_dict: atspi_error: The process appears to be hung. (1)
09:50:03.589169 - AXObject: Exception in get_attributes_dict: atspi_error: The process appears to be hung. (1)
09:50:03.589193 - AXObject: Exception in get_attributes_dict: atspi_error: The process appears to be hung. (1)
09:50:03.589215 - AXObject: Exception in get_attributes_dict: atspi_error: The process appears to be hung. (1)
09:50:03.589238 - AXObject: Exception in get_attributes_dict: atspi_error: The process appears to be hung. (1)
09:50:03.589260 - AXObject: Exception in get_attributes_dict: atspi_error: The process appears to be hung. (1)
09:50:03.589284 - AXObject: Exception in get_attributes_dict: atspi_error: The process appears to be hung. (1)
09:50:03.589338 - GENERATOR: _get_functional_role: page-tab
09:50:03.589465 - SPEECH GENERATOR: speech_generator.SpeechGenerator._generate_page_tab for [page tab: 'Overview' (0x7132c5d3de40)]  args: {'formatType': 'unfocused', 'priorObj': "[frame: 'Reactive TUI App accessibility round 2' (0x7132c5dba800)] ", 'role': 'page-tab'}
09:50:03.589525 - SPEECH GENERATOR: _generate_old_ancestors: []
09:50:03.589611 - SPEECH GENERATOR: _generate_new_ancestors: []
09:50:03.589684 - AXUtilitiesRelation: [page tab: 'Overview' (0x7132c5d3de40)]  is labelled by: []
09:50:03.589716 - GENERATOR: _generate_accessible_label: []
09:50:03.589745 - SPEECH GENERATOR: _generate_accessible_label: []
09:50:03.589791 - GENERATOR: _generate_accessible_name: [Overview]
09:50:03.589842 - GSETTINGS SCHEMA HANDLE: voice/established not set [app:accessibility_probe, profile:default]
09:50:03.589880 - GSETTINGS SCHEMA HANDLE: voice/rate not set [app:accessibility_probe, profile:default]
09:50:03.589915 - GSETTINGS SCHEMA HANDLE: voice/pitch not set [app:accessibility_probe, profile:default]
09:50:03.589948 - GSETTINGS SCHEMA HANDLE: voice/volume not set [app:accessibility_probe, profile:default]
09:50:03.590004 - GSETTINGS SCHEMA HANDLE: voice/family-name not set [app:accessibility_probe, profile:default]
09:50:03.590042 - GSETTINGS SCHEMA HANDLE: voice/family-lang not set [app:accessibility_probe, profile:default]
09:50:03.590075 - GSETTINGS SCHEMA HANDLE: voice/family-dialect not set [app:accessibility_probe, profile:default]
09:50:03.590108 - GSETTINGS SCHEMA HANDLE: voice/family-gender not set [app:accessibility_probe, profile:default]
09:50:03.590140 - GSETTINGS SCHEMA HANDLE: voice/family-variant not set [app:accessibility_probe, profile:default]
09:50:03.590199 - SPEECH GENERATOR: default voice requested for [page tab: 'Overview' (0x7132c5d3de40)]  language='', dialect='' Unmodified voice={'established': False}
09:50:03.590253 - SPEECH GENERATOR: Reported locale of [page tab: 'Overview' (0x7132c5d3de40)]  is 
09:50:03.590283 - SPEECH GENERATOR: Updated to: 'C', ''
09:50:03.590330 - GSETTINGS SCHEMA HANDLE: speech/auto-language-switching not set [app:accessibility_probe, profile:default]
09:50:03.590343 - GSETTINGS REGISTRY: speech/auto-language-switching using default value = True
09:50:03.590364 - SPEECH DISPATCHER: Returning cached result for language='C' dialect='' variant='None'
09:50:03.590427 - SPEECH GENERATOR: Family updated to {'dialect': '', 'lang': 'C', 'name': ''}
09:50:03.590516 - SPEECH GENERATOR: Final voice is {'established': 'False', 'family': "{'dialect': '', 'lang': 'C', 'name': ''}"}
09:50:03.590609 - SPEECH GENERATOR: _generate_accessible_name: [Overview, {'established': 'False', 'family': "{'dialect': '', 'lang': 'C', 'name': ''}"}]
09:50:03.590707 - GENERATOR: _generate_accessible_label_and_name: [Overview, {'established': 'False', 'family': "{'dialect': '', 'lang': 'C', 'name': ''}"}]
09:50:03.590750 - SPEECH PRESENTER: Adjusting 'Overview' from [page tab: 'Overview' (0x7132c5d3de40)]  start_offset: None
09:50:03.590783 - AXObject: Exception in get_attributes_dict: atspi_error: The process appears to be hung. (1)
09:50:03.590823 - GSETTINGS SCHEMA HANDLE: speech/speak-numbers-as-digits not set [app:accessibility_probe, profile:default]
09:50:03.590836 - GSETTINGS REGISTRY: speech/speak-numbers-as-digits using default value = False
09:50:03.590892 - GSETTINGS SCHEMA HANDLE: speech/repeated-character-limit not set [app:accessibility_probe, profile:default]
09:50:03.590905 - GSETTINGS REGISTRY: speech/repeated-character-limit using default value = 4
09:50:03.590936 - AXObject: Exception in get_attributes_dict: atspi_error: The process appears to be hung. (1)
09:50:03.590959 - AXObject: Exception in get_attributes_dict: atspi_error: The process appears to be hung. (1)
09:50:03.591068 - AXObject: Exception in get_attributes_dict: atspi_error: The process appears to be hung. (1)
09:50:03.591103 - AXObject: Exception in get_attributes_dict: atspi_error: The process appears to be hung. (1)
09:50:03.591131 - AXObject: Exception in get_child_count: atspi_error: The process appears to be hung. (1)
09:50:03.591184 - AXObject: [page tab list: 'Tabs' (0x7132c65c6b40)]  has index -1 ; parent [panel: 'Project sections' (0x7132c65fcac0)]  has 0 children
09:50:03.591196 - AXObject: Exception in get_attributes_dict: atspi_error: The process appears to be hung. (1)
09:50:03.591203 - AXObject: Exception in get_attributes_dict: atspi_error: The process appears to be hung. (1)
09:50:03.591219 - AXObject: Exception in get_child_count: atspi_error: The process appears to be hung. (1)
09:50:03.591257 - AXObject: [panel: 'Project sections' (0x7132c65fcac0)]  has index -1 ; parent [frame: 'Reactive TUI App accessibility round 2' (0x7132c5dba800)]  has 0 children
09:50:03.591267 - AXObject: Exception in get_attributes_dict: atspi_error: The process appears to be hung. (1)
09:50:03.591273 - AXObject: Exception in get_attributes_dict: atspi_error: The process appears to be hung. (1)
09:50:03.591299 - AXObject: Exception in get_attributes_dict: atspi_error: The process appears to be hung. (1)
09:50:03.591306 - AXObject: Exception in get_attributes_dict: atspi_error: The process appears to be hung. (1)
09:50:03.591337 - GSETTINGS SCHEMA HANDLE: speech/use-pronunciation-dictionary not set [app:accessibility_probe, profile:default]
09:50:03.591343 - GSETTINGS REGISTRY: speech/use-pronunciation-dictionary using default value = True
09:50:03.591352 - SPEECH PRESENTER: Adjusted text: 'Overview'
09:50:03.591414 - SPEECH GENERATOR: _generate_accessible_label_and_name: [Overview, {'established': 'False', 'family': "{'dialect': '', 'lang': 'C', 'name': ''}"}]
09:50:03.591454 - GENERATOR: _generate_state_expanded: []
09:50:03.591468 - SPEECH GENERATOR: _generate_state_expanded: []
09:50:03.591564 - AXObject: Exception in get_child_count: atspi_error: The process appears to be hung. (1)
09:50:03.591606 - AXObject: [page tab list: 'Tabs' (0x7132c5bce640)]  has index -1 ; parent [panel: 'Project sections' (0x7132c65fcac0)]  has 0 children
09:50:03.591623 - AXObject: Exception in get_child_count: atspi_error: The process appears to be hung. (1)
09:50:03.591661 - AXObject: [panel: 'Project sections' (0x7132c65fcac0)]  has index -1 ; parent [frame: 'Reactive TUI App accessibility round 2' (0x7132c5dba800)]  has 0 children
09:50:03.591698 - AXObject: Exception in get_attributes_dict: atspi_error: The process appears to be hung. (1)
09:50:03.591706 - AXObject: Exception in get_attributes_dict: atspi_error: The process appears to be hung. (1)
09:50:03.591717 - AXObject: Exception in get_attributes_dict: atspi_error: The process appears to be hung. (1)
09:50:03.591723 - AXObject: Exception in get_attributes_dict: atspi_error: The process appears to be hung. (1)
09:50:03.591730 - AXObject: Exception in get_attributes_dict: atspi_error: The process appears to be hung. (1)
09:50:03.591737 - AXObject: Exception in get_attributes_dict: atspi_error: The process appears to be hung. (1)
09:50:03.591746 - AXObject: Exception in get_attributes_dict: atspi_error: The process appears to be hung. (1)
09:50:03.591770 - GSETTINGS SCHEMA HANDLE: voice/established not set [app:accessibility_probe, profile:default]
09:50:03.591785 - GSETTINGS SCHEMA HANDLE: voice/rate not set [app:accessibility_probe, profile:default]
09:50:03.591796 - GSETTINGS SCHEMA HANDLE: voice/pitch not set [app:accessibility_probe, profile:default]
09:50:03.591806 - GSETTINGS SCHEMA HANDLE: voice/volume not set [app:accessibility_probe, profile:default]
09:50:03.591818 - GSETTINGS SCHEMA HANDLE: voice/family-name not set [app:accessibility_probe, profile:default]
09:50:03.591828 - GSETTINGS SCHEMA HANDLE: voice/family-lang not set [app:accessibility_probe, profile:default]
09:50:03.591837 - GSETTINGS SCHEMA HANDLE: voice/family-dialect not set [app:accessibility_probe, profile:default]
09:50:03.591847 - GSETTINGS SCHEMA HANDLE: voice/family-gender not set [app:accessibility_probe, profile:default]
09:50:03.591856 - GSETTINGS SCHEMA HANDLE: voice/family-variant not set [app:accessibility_probe, profile:default]
09:50:03.591882 - SPEECH GENERATOR: system voice requested for [page tab: 'Overview' (0x7132c5d3de40)]  language='', dialect='' Unmodified voice={'established': False}
09:50:03.591903 - SPEECH GENERATOR: Reported locale of [page tab: 'Overview' (0x7132c5d3de40)]  is 
09:50:03.591915 - SPEECH GENERATOR: Updated to: 'C', ''
09:50:03.591929 - GSETTINGS SCHEMA HANDLE: voice/established not set [app:accessibility_probe, profile:default]
09:50:03.591941 - GSETTINGS SCHEMA HANDLE: voice/rate not set [app:accessibility_probe, profile:default]
09:50:03.591951 - GSETTINGS SCHEMA HANDLE: voice/pitch not set [app:accessibility_probe, profile:default]
09:50:03.591966 - GSETTINGS SCHEMA HANDLE: voice/volume not set [app:accessibility_probe, profile:default]
09:50:03.591987 - GSETTINGS SCHEMA HANDLE: voice/family-name not set [app:accessibility_probe, profile:default]
09:50:03.591999 - GSETTINGS SCHEMA HANDLE: voice/family-lang not set [app:accessibility_probe, profile:default]
09:50:03.592008 - GSETTINGS SCHEMA HANDLE: voice/family-dialect not set [app:accessibility_probe, profile:default]
09:50:03.592018 - GSETTINGS SCHEMA HANDLE: voice/family-gender not set [app:accessibility_probe, profile:default]
09:50:03.592027 - GSETTINGS SCHEMA HANDLE: voice/family-variant not set [app:accessibility_probe, profile:default]
09:50:03.592063 - SPEECH GENERATOR: Final voice is {'established': 'False', 'family': '{}'}
09:50:03.592099 - SPEECH GENERATOR: _generate_accessible_role: [page tab, {'established': 'False', 'family': '{}'}]
09:50:03.592124 - GENERATOR: _generate_state_sensitive: []
09:50:03.592137 - SPEECH GENERATOR: _generate_state_sensitive: []
09:50:03.592153 - GSETTINGS SCHEMA HANDLE: speech/insert-pauses-between-utterances not set [app:accessibility_probe, profile:default]
09:50:03.592157 - GSETTINGS REGISTRY: speech/insert-pauses-between-utterances using default value = True
09:50:03.592172 - GSETTINGS SCHEMA HANDLE: speech/punctuation-level not set [app:accessibility_probe, profile:default]
09:50:03.592176 - GSETTINGS REGISTRY: speech/punctuation-level using default value = 'most'
09:50:03.592189 - AXObject: Exception in get_attributes_dict: atspi_error: The process appears to be hung. (1)
09:50:03.592208 - GENERATOR: _generate_keyboard_mnemonic: []
09:50:03.592221 - SPEECH GENERATOR: _generate_keyboard_mnemonic: []
09:50:03.592233 - GSETTINGS SCHEMA HANDLE: speech/insert-pauses-between-utterances not set [app:accessibility_probe, profile:default]
09:50:03.592240 - GSETTINGS REGISTRY: speech/insert-pauses-between-utterances using default value = True
09:50:03.592252 - GSETTINGS SCHEMA HANDLE: speech/punctuation-level not set [app:accessibility_probe, profile:default]
09:50:03.592256 - GSETTINGS REGISTRY: speech/punctuation-level using default value = 'most'
09:50:03.592270 - SPEECH GENERATOR: _generate_position_in_list: []
09:50:03.592293 - GENERATOR: _generate_state_current: []
09:50:03.592305 - SPEECH GENERATOR: _generate_state_current: []
09:50:03.592318 - SPEECH GENERATOR: _generate_has_click_action: []
09:50:03.592330 - SPEECH GENERATOR: _generate_has_details: []
09:50:03.592342 - SPEECH GENERATOR: _generate_details_for: []
09:50:03.592362 - AXObject: Exception in get_description: atspi_error: The process appears to be hung. (1)
09:50:03.592388 - AXUtilitiesRelation: [page tab: 'Overview' (0x7132c5d3de40)]  is described by: []
09:50:03.592400 - GENERATOR: _generate_accessible_description: []
09:50:03.592412 - SPEECH GENERATOR: _generate_accessible_description: []
09:50:03.592432 - SPEECH GENERATOR: _generate_state_has_popup: []
09:50:03.592459 - AXObject: Exception in get_child_count: atspi_error: The process appears to be hung. (1)
09:50:03.592498 - AXObject: [page tab list: 'Tabs' (0x7132c5bceb40)]  has index -1 ; parent [panel: 'Project sections' (0x7132c65fcac0)]  has 0 children
09:50:03.592514 - AXObject: Exception in get_child_count: atspi_error: The process appears to be hung. (1)
09:50:03.592551 - AXObject: [panel: 'Project sections' (0x7132c65fcac0)]  has index -1 ; parent [frame: 'Reactive TUI App accessibility round 2' (0x7132c5dba800)]  has 0 children
09:50:03.592584 - AXObject: Exception in get_attributes_dict: atspi_error: The process appears to be hung. (1)
09:50:03.592597 - SPEECH GENERATOR: _generate_tutorial: []
09:50:03.592679 - SPEECH GENERATOR: Results: [Overview, {'established': 'False', 'family': "{'dialect': '', 'lang': 'C', 'name': ''}"}, page tab, {'established': 'False', 'family': '{}'}, PAUSE, PAUSE]
09:50:03.592762 - SPEECH: Speak [Overview, {'established': 'False', 'family': "{'dialect': '', 'lang': 'C', 'name': ''}"}, page tab, {'established': 'False', 'family': '{}'}, PAUSE, PAUSE], acss: None
09:50:03.592825 - SPEECH: New voice {'established': 'False'}  != active voice {'established': 'False', 'family': "{'dialect': '', 'lang': 'C', 'name': ''}"}
09:50:03.592835 - SPEECH OUTPUT: 'Overview' {'established': False, 'family': {'name': '', 'gender': None, 'lang': 'C', 'dialect': '', 'variant': None}}
09:50:03.592839 - SPEECH DISPATCHER: Speaking 'Overview' as string
09:50:03.593546 - SPEECH DISPATCHER: Speaking '<speak><mark name="0:8"/>Overview</speak>' 
                  ORCA rate 50.0, pitch 5.0, volume 10.0, language C, punctuation: MOST
                  SD rate 2, pitch 10, volume 100, language c
09:50:03.593658 - SPEECH OUTPUT: 'page tab.' {'established': False}
09:50:03.593675 - SPEECH DISPATCHER: Speaking 'page tab.' as string
09:50:03.593964 - SPEECH DISPATCHER: Speaking '<speak><mark name="0:4"/>page <mark name="5:9"/>tab.</speak>' 
                  ORCA rate 50.0, pitch 5.0, volume 10.0, language C, punctuation: MOST
                  SD rate 2, pitch 10, volume 100, language c
09:50:03.605904 - GSETTINGS SCHEMA HANDLE: braille/enabled not set [app:accessibility_probe, profile:default]
09:50:03.605974 - GSETTINGS REGISTRY: braille/enabled using default value = True
09:50:03.606130 - FOCUS MANAGER: Active mode: focus-tracking Object of interest: [page tab: 'Overview' (0x7132c5d3de40)] 
09:50:03.606176 - GSETTINGS SCHEMA HANDLE: braille/enabled not set [app:accessibility_probe, profile:default]
09:50:03.606191 - GSETTINGS REGISTRY: braille/enabled using default value = True
09:50:03.606234 - GSETTINGS SCHEMA HANDLE: braille/verbosity-level not set [app:accessibility_probe, profile:default]
09:50:03.606249 - GSETTINGS REGISTRY: braille/verbosity-level using default value = 'verbose'
09:50:03.606286 - FOCUS MANAGER: Locus of focus is [page tab: 'Overview' (0x7132c5d3de40)] 
09:50:03.606324 - SCRIPT MANAGER: Active script is: accessibility_probe (module=orca.scripts.default)
09:50:03.606376 - GSETTINGS SCHEMA HANDLE: braille/rolename-style not set [app:accessibility_probe, profile:default]
09:50:03.606390 - GSETTINGS REGISTRY: braille/rolename-style using default value = 'verbose'
09:50:03.606425 - GSETTINGS SCHEMA HANDLE: braille/display-ancestors not set [app:accessibility_probe, profile:default]
09:50:03.606438 - GSETTINGS REGISTRY: braille/display-ancestors using default value = True
09:50:03.606471 - GSETTINGS SCHEMA HANDLE: braille/end-of-line-indicator not set [app:accessibility_probe, profile:default]
09:50:03.606483 - GSETTINGS REGISTRY: braille/end-of-line-indicator using default value = True
09:50:03.606513 - GSETTINGS SCHEMA HANDLE: braille/present-mnemonics not set [app:accessibility_probe, profile:default]
09:50:03.606525 - GSETTINGS REGISTRY: braille/present-mnemonics using default value = True
09:50:03.606618 - AXObject: Exception in get_attributes_dict: atspi_error: The process appears to be hung. (1)
09:50:03.606664 - AXObject: Exception in get_attributes_dict: atspi_error: The process appears to be hung. (1)
09:50:03.606691 - AXObject: Exception in get_attributes_dict: atspi_error: The process appears to be hung. (1)
09:50:03.606726 - AXObject: Exception in get_attributes_dict: atspi_error: The process appears to be hung. (1)
09:50:03.606750 - AXObject: Exception in get_attributes_dict: atspi_error: The process appears to be hung. (1)
09:50:03.606774 - AXObject: Exception in get_attributes_dict: atspi_error: The process appears to be hung. (1)
09:50:03.606796 - AXObject: Exception in get_attributes_dict: atspi_error: The process appears to be hung. (1)
09:50:03.606819 - AXObject: Exception in get_attributes_dict: atspi_error: The process appears to be hung. (1)
09:50:03.606843 - AXObject: Exception in get_attributes_dict: atspi_error: The process appears to be hung. (1)
09:50:03.606896 - GENERATOR: _get_functional_role: page-tab
09:50:03.607031 - BRAILLE GENERATOR: braille_generator.BrailleGenerator._generate_page_tab for [page tab: 'Overview' (0x7132c5d3de40)]  args: {'formatType': 'focused', 'priorObj': "[frame: 'Reactive TUI App accessibility round 2' (0x7132c5dba800)] ", 'role': 'page-tab'}
09:50:03.607175 - AXObject: Exception in get_child_count: atspi_error: The process appears to be hung. (1)
09:50:03.607259 - AXObject: [page tab list: 'Tabs' (0x7132c5d8eac0)]  has index -1 ; parent [panel: 'Project sections' (0x7132c65fcac0)]  has 0 children
09:50:03.607310 - AXObject: Exception in get_attributes_dict: atspi_error: The process appears to be hung. (1)
09:50:03.607343 - AXObject: Exception in get_description: atspi_error: The process appears to be hung. (1)
09:50:03.607402 - AXUtilitiesRelation: [panel: 'Project sections' (0x7132c65fcac0)]  is labelled by: []
09:50:03.607454 - AXUtilitiesRelation: [panel: 'Project sections' (0x7132c65fcac0)]  is described by: []
09:50:03.607485 - AXObject: Exception in get_child_count: atspi_error: The process appears to be hung. (1)
09:50:03.607538 - AXObject: Exception in get_child_count: atspi_error: The process appears to be hung. (1)
09:50:03.607617 - AXObject: [panel: 'Project sections' (0x7132c65fcac0)]  has index -1 ; parent [frame: 'Reactive TUI App accessibility round 2' (0x7132c5dba800)]  has 0 children
09:50:03.607709 - AXObject: Exception in get_attributes_dict: atspi_error: The process appears to be hung. (1)
09:50:03.607740 - AXObject: Exception in get_attributes_dict: atspi_error: The process appears to be hung. (1)
09:50:03.607762 - AXObject: Exception in get_attributes_dict: atspi_error: The process appears to be hung. (1)
09:50:03.607792 - AXObject: Exception in get_attributes_dict: atspi_error: The process appears to be hung. (1)
09:50:03.607815 - AXObject: Exception in get_attributes_dict: atspi_error: The process appears to be hung. (1)
09:50:03.607837 - AXObject: Exception in get_attributes_dict: atspi_error: The process appears to be hung. (1)
09:50:03.607858 - AXObject: Exception in get_attributes_dict: atspi_error: The process appears to be hung. (1)
09:50:03.607887 - AXObject: Exception in get_attributes_dict: atspi_error: The process appears to be hung. (1)
09:50:03.607910 - AXObject: Exception in get_attributes_dict: atspi_error: The process appears to be hung. (1)
09:50:03.607953 - GENERATOR: _get_functional_role: panel
09:50:03.608094 - BRAILLE GENERATOR: braille_generator.BrailleGenerator._generate_panel for [panel: 'Project sections' (0x7132c65fcac0)]  args: {'formatType': 'ancestor',
                   'includeContext': 'False',
                   'priorObj': "[frame: 'Reactive TUI App accessibility round 2' (0x7132c5dba800)] ",
                   'role': 'panel'}
09:50:03.608152 - GENERATOR: _generate_text_substring: []
09:50:03.608210 - AXObject: Exception in get_description: atspi_error: The process appears to be hung. (1)
09:50:03.608265 - AXUtilitiesRelation: [panel: 'Project sections' (0x7132c65fcac0)]  is labelled by: []
09:50:03.608295 - GENERATOR: _generate_accessible_label: []
09:50:03.608337 - GENERATOR: _generate_accessible_name: [Project sections]
09:50:03.608377 - GENERATOR: _generate_accessible_label_and_name: [Project sections]
09:50:03.608444 - AXObject: Exception in get_attributes_dict: atspi_error: The process appears to be hung. (1)
09:50:03.608467 - AXObject: Exception in get_attributes_dict: atspi_error: The process appears to be hung. (1)
09:50:03.608489 - AXObject: Exception in get_attributes_dict: atspi_error: The process appears to be hung. (1)
09:50:03.608508 - AXObject: Exception in get_attributes_dict: atspi_error: The process appears to be hung. (1)
09:50:03.608530 - AXObject: Exception in get_attributes_dict: atspi_error: The process appears to be hung. (1)
09:50:03.608550 - AXObject: Exception in get_attributes_dict: atspi_error: The process appears to be hung. (1)
09:50:03.608574 - AXObject: Exception in get_attributes_dict: atspi_error: The process appears to be hung. (1)
09:50:03.608622 - BRAILLE GENERATOR: _generate_accessible_role: [panel]
09:50:03.608640 - BRAILLE: Not contracting 'Project sections panel' because contracted braille is not enabled.
09:50:03.608674 - AXObject: Exception in get_description: atspi_error: The process appears to be hung. (1)
09:50:03.608723 - AXUtilitiesRelation: [panel: 'Project sections' (0x7132c65fcac0)]  is described by: []
09:50:03.608751 - GENERATOR: _generate_accessible_description: []
09:50:03.608796 - GENERATOR: _generate_state_current: []
09:50:03.608835 - BRAILLE GENERATOR: Results: [COMPONENT: 'Project sections panel', cursor offset:0]
09:50:03.608875 - AXObject: Exception in get_child_count: atspi_error: The process appears to be hung. (1)
09:50:03.608953 - AXObject: [panel: 'Project sections' (0x7132c65fcac0)]  has index -1 ; parent [frame: 'Reactive TUI App accessibility round 2' (0x7132c5dba800)]  has 0 children
09:50:03.609010 - AXObject: Exception in get_attributes_dict: atspi_error: The process appears to be hung. (1)
09:50:03.609082 - AXObject: Exception in get_attributes_dict: atspi_error: The process appears to be hung. (1)
09:50:03.609113 - AXObject: Exception in get_attributes_dict: atspi_error: The process appears to be hung. (1)
09:50:03.609135 - AXObject: Exception in get_attributes_dict: atspi_error: The process appears to be hung. (1)
09:50:03.609165 - AXObject: Exception in get_attributes_dict: atspi_error: The process appears to be hung. (1)
09:50:03.609187 - AXObject: Exception in get_attributes_dict: atspi_error: The process appears to be hung. (1)
09:50:03.609208 - AXObject: Exception in get_attributes_dict: atspi_error: The process appears to be hung. (1)
09:50:03.609229 - AXObject: Exception in get_attributes_dict: atspi_error: The process appears to be hung. (1)
09:50:03.609250 - AXObject: Exception in get_attributes_dict: atspi_error: The process appears to be hung. (1)
09:50:03.609272 - AXObject: Exception in get_attributes_dict: atspi_error: The process appears to be hung. (1)
09:50:03.609313 - GENERATOR: _get_functional_role: frame
09:50:03.609433 - BRAILLE GENERATOR: braille_generator.BrailleGenerator._generate_frame for [frame: 'Reactive TUI App accessibility round 2' (0x7132c5dba800)]  args: {'formatType': 'ancestor',
                   'includeContext': 'False',
                   'priorObj': "[frame: 'Reactive TUI App accessibility round 2' (0x7132c5dba800)] ",
                   'role': 'frame'}
09:50:03.609510 - AXUtilitiesRelation: [frame: 'Reactive TUI App accessibility round 2' (0x7132c5dba800)]  is labelled by: []
09:50:03.609540 - GENERATOR: _generate_accessible_label: []
09:50:03.609580 - GENERATOR: _generate_accessible_name: [Reactive TUI App accessibility round 2]
09:50:03.609620 - GENERATOR: _generate_accessible_label_and_name: [Reactive TUI App accessibility round 2]
09:50:03.609678 - AXObject: Exception in get_attributes_dict: atspi_error: The process appears to be hung. (1)
09:50:03.609700 - AXObject: Exception in get_attributes_dict: atspi_error: The process appears to be hung. (1)
09:50:03.609720 - AXObject: Exception in get_attributes_dict: atspi_error: The process appears to be hung. (1)
09:50:03.609744 - AXObject: Exception in get_attributes_dict: atspi_error: The process appears to be hung. (1)
09:50:03.609766 - AXObject: Exception in get_attributes_dict: atspi_error: The process appears to be hung. (1)
09:50:03.609785 - AXObject: Exception in get_attributes_dict: atspi_error: The process appears to be hung. (1)
09:50:03.609810 - AXObject: Exception in get_attributes_dict: atspi_error: The process appears to be hung. (1)
09:50:03.609853 - BRAILLE GENERATOR: _generate_accessible_role: [frame]
09:50:03.610008 - AXUtilities: Unfocused alerts and dialogs for [frame: 'Reactive TUI App accessibility round 2' (0x7132c5dba800)] : []
09:50:03.610042 - BRAILLE GENERATOR: _generate_alert_and_dialog_count: []
09:50:03.610058 - BRAILLE: Not contracting 'Reactive TUI App accessibility round 2 frame' because contracted braille is not enabled.
09:50:03.610097 - GENERATOR: _generate_accessible_description: []
09:50:03.610135 - AXObject: Exception in get_attributes_dict: atspi_error: The process appears to be hung. (1)
09:50:03.610165 - GENERATOR: _generate_state_current: []
09:50:03.610200 - BRAILLE GENERATOR: Results: [COMPONENT: 'Reactive TUI App accessibility round 2 frame', cursor offset:0]
09:50:03.610275 - AXObject: Exception in get_attributes_dict: atspi_error: The process appears to be hung. (1)
09:50:03.610307 - AXObject: Exception in get_attributes_dict: atspi_error: The process appears to be hung. (1)
09:50:03.610330 - AXObject: Exception in get_attributes_dict: atspi_error: The process appears to be hung. (1)
09:50:03.610360 - AXObject: Exception in get_attributes_dict: atspi_error: The process appears to be hung. (1)
09:50:03.610383 - AXObject: Exception in get_attributes_dict: atspi_error: The process appears to be hung. (1)
09:50:03.610405 - AXObject: Exception in get_attributes_dict: atspi_error: The process appears to be hung. (1)
09:50:03.610427 - AXObject: Exception in get_attributes_dict: atspi_error: The process appears to be hung. (1)
09:50:03.610449 - AXObject: Exception in get_attributes_dict: atspi_error: The process appears to be hung. (1)
09:50:03.610471 - AXObject: Exception in get_attributes_dict: atspi_error: The process appears to be hung. (1)
09:50:03.610514 - GENERATOR: _get_functional_role: application
09:50:03.610554 - BRAILLE GENERATOR: [application: 'accessibility_probe' (0x7132c5da3440)]  lacks dedicated generator
09:50:03.610675 - BRAILLE GENERATOR: braille_generator.BrailleGenerator._generate_default_presentation for [application: 'accessibility_probe' (0x7132c5da3440)]  args: {'formatType': 'ancestor',
                   'includeContext': 'False',
                   'priorObj': "[frame: 'Reactive TUI App accessibility round 2' (0x7132c5dba800)] ",
                   'role': 'application'}
09:50:03.610739 - AXObject: Exception in get_description: atspi_error: The process appears to be hung. (1)
09:50:03.610799 - AXUtilitiesRelation: [application: 'accessibility_probe' (0x7132c5da3440)]  is labelled by: []
09:50:03.610832 - GENERATOR: _generate_accessible_label: []
09:50:03.610877 - GENERATOR: _generate_accessible_name: [accessibility_probe]
09:50:03.610927 - GENERATOR: _generate_accessible_label_and_name: [accessibility_probe]
09:50:03.611005 - AXObject: Exception in get_attributes_dict: atspi_error: The process appears to be hung. (1)
09:50:03.611036 - AXObject: Exception in get_attributes_dict: atspi_error: The process appears to be hung. (1)
09:50:03.611059 - AXObject: Exception in get_attributes_dict: atspi_error: The process appears to be hung. (1)
09:50:03.611081 - AXObject: Exception in get_attributes_dict: atspi_error: The process appears to be hung. (1)
09:50:03.611106 - AXObject: Exception in get_attributes_dict: atspi_error: The process appears to be hung. (1)
09:50:03.611129 - AXObject: Exception in get_attributes_dict: atspi_error: The process appears to be hung. (1)
09:50:03.611155 - AXObject: Exception in get_attributes_dict: atspi_error: The process appears to be hung. (1)
09:50:03.611202 - BRAILLE GENERATOR: _generate_accessible_role: [application]
09:50:03.611219 - BRAILLE: Not contracting 'accessibility_probe application' because contracted braille is not enabled.
09:50:03.611256 - BRAILLE GENERATOR: Results: [COMPONENT: 'accessibility_probe application', cursor offset:0]
09:50:03.611337 - BRAILLE GENERATOR: _generate_ancestors: [COMPONENT: 'accessibility_probe application', cursor offset:0, REGION: ' ', cursor offset:0, COMPONENT: 'Reactive TUI App accessibility round 2 frame', cursor offset:0, REGION: ' ', cursor offset:0, COMPONENT: 'Project sections panel', cursor offset:0]
09:50:03.611403 - AXUtilitiesRelation: [page tab: 'Overview' (0x7132c5d3de40)]  is labelled by: []
09:50:03.611436 - GENERATOR: _generate_accessible_label: []
09:50:03.611478 - GENERATOR: _generate_accessible_name: [Overview]
09:50:03.611521 - GENERATOR: _generate_accessible_label_and_name: [Overview]
09:50:03.611583 - AXObject: Exception in get_attributes_dict: atspi_error: The process appears to be hung. (1)
09:50:03.611605 - AXObject: Exception in get_attributes_dict: atspi_error: The process appears to be hung. (1)
09:50:03.611625 - AXObject: Exception in get_attributes_dict: atspi_error: The process appears to be hung. (1)
09:50:03.611645 - AXObject: Exception in get_attributes_dict: atspi_error: The process appears to be hung. (1)
09:50:03.611668 - AXObject: Exception in get_attributes_dict: atspi_error: The process appears to be hung. (1)
09:50:03.611688 - AXObject: Exception in get_attributes_dict: atspi_error: The process appears to be hung. (1)
09:50:03.611711 - AXObject: Exception in get_attributes_dict: atspi_error: The process appears to be hung. (1)
09:50:03.611754 - BRAILLE GENERATOR: _generate_accessible_role: [page tab]
09:50:03.611780 - AXObject: Exception in get_attributes_dict: atspi_error: The process appears to be hung. (1)
09:50:03.611817 - GENERATOR: _generate_keyboard_mnemonic: []
09:50:03.611840 - AXObject: Exception in get_attributes_dict: atspi_error: The process appears to be hung. (1)
09:50:03.611859 - BRAILLE: Not contracting 'Overview page tab' because contracted braille is not enabled.
09:50:03.611898 - GENERATOR: _generate_accessible_description: []
09:50:03.611942 - GENERATOR: _generate_state_current: []
09:50:03.612025 - BRAILLE GENERATOR: Results: [COMPONENT: 'accessibility_probe application', cursor offset:0, REGION: ' ', cursor offset:0, COMPONENT: 'Reactive TUI App accessibility round 2 frame', cursor offset:0, REGION: ' ', cursor offset:0, COMPONENT: 'Project sections panel', cursor offset:0, REGION: ' ', cursor offset:0, COMPONENT: 'Overview page tab', cursor offset:0]
09:50:03.612110 - BRAILLE: Refresh. Pan: True target: 0
09:50:03.612125 - BRAILLE: Kill flash message braille.display_line:1618 > braille.refresh:2097 > braille._prepare_refresh:1856 > braille.kill_flash:2182
09:50:03.612972 - GSETTINGS SCHEMA HANDLE: braille/enabled not set [app:accessibility_probe, profile:default]
09:50:03.612997 - GSETTINGS REGISTRY: braille/enabled using default value = True
09:50:03.613036 - BRAILLE: Last text object: None (Caret: 0, Line: 0, Cell: 0)
09:50:03.613081 - BRAILLE: Current text object: None (Caret: 0, Line: 0). On same line: False
09:50:03.613104 - BRAILLE: Line 0: 'accessibility_probe application Reactive TUI App accessibility round 2 frame Project sections panel Overview page tab' focusOffset: 100 [[0, 32], [32, 63], [63, 94], [94, 100], [100, 117]]
09:50:03.613116 - BRAILLE: Cursor offset in line string is: 100
09:50:03.613129 - BRAILLE: Adjusting offset to 100 (unhandled condition)
09:50:03.613140 - BRAILLE: Current range: (100, 132). Target cell: 0
09:50:03.613152 - BRAILLE LINE:  'accessibility_probe application Reactive TUI App accessibility round 2 frame Project sections panel Overview page tab'
09:50:03.613162 -      VISIBLE:  'Overview page tab', cursor=1
09:50:03.613191 - BRAILLE: Enabling braille. BrlAPI running: False
09:50:03.613203 - BRAILLE: Need to initialize first.
09:50:03.613231 - BRAILLE: Initializing. Callback: input_event_manager.InputEventManager.process_braille_event
09:50:03.613264 - BRAILLE: WINDOWPATH= None
09:50:03.613292 - BRAILLE: XDG_VTNR= 1
09:50:03.613330 - BRAILLE: Attempting connection with BrlAPI.
09:50:03.613600 - AXObject: Exception in get_child_count: atspi_error: The process appears to be hung. (1)
09:50:03.613688 - AXObject: [page tab list: 'Tabs' (0x7132c5bcf840)]  has index -1 ; parent [panel: 'Project sections' (0x7132c65fcac0)]  has 0 children
09:50:03.613749 - AXObject: Exception in get_child_count: atspi_error: The process appears to be hung. (1)
09:50:03.613835 - AXObject: [panel: 'Project sections' (0x7132c65fcac0)]  has index -1 ; parent [frame: 'Reactive TUI App accessibility round 2' (0x7132c5dba800)]  has 0 children
09:50:03.613930 - AXTable: Setting last cell coordinates to row=-1, column=-1
09:50:03.614005 - FOCUS MANAGER: Setting last cursor position to [page tab: 'Overview' (0x7132c5d3de40)]  -1
09:50:03.614173 - BRAILLE: BrlAPI Connection is unavailable (ConnectionError): couldn't connect to b':0' with key b'keyfile:/etc/brlapi.key+polkit': connect: No such file or directory
                  (brlerrno 11, libcerrno 2, gaierrno 0)
                  Is BRLTTY really running?
09:50:03.614223 - AXObject: Exception in get_description: atspi_error: The process appears to be hung. (1)
09:50:03.614324 - FOCUS MANAGER: Active window is [frame: 'Reactive TUI App accessibility round 2' (0x7132c5dba800)]  focus_manager.set_locus_of_focus:327 > focus_manager._save_object_details:254 > ax_utilities_event.save_object_info_for_events:195 > focus_manager.get_active_window:342
09:50:03.614714 - AXObject: Exception in get_description: atspi_error: The process appears to be hung. (1)
TOTAL PROCESSING TIME: 0.0460
^^^^^ FINISHED PRIORITY-3 OBJECT EVENT OBJECT:STATE-CHANGED:FOCUSED ^^^^^

09:50:03.614917 - GSETTINGS SCHEMA HANDLE: keybindings/keyboard-layout not set [app:accessibility_probe, profile:default]
09:50:03.614928 - GSETTINGS REGISTRY: keybindings/keyboard-layout using default value = 'desktop'
09:50:03.614944 - GSETTINGS SCHEMA HANDLE: keybindings/desktop-modifier-keys not set [app:accessibility_probe, profile:default]
09:50:03.614950 - GSETTINGS REGISTRY: keybindings/desktop-modifier-keys using default value = ['Insert', 'KP_Insert']
09:50:03.614970 - FOCUS MANAGER: Active window is [frame: 'Reactive TUI App accessibility round 2' (0x7132c5dba800)]  <unknown>.<module>:373 > input_event_manager._on_key_pressed:261 > input_event_manager.process_keyboard_event:297 > focus_manager.get_active_window:342
09:50:03.615202 - AXObject: Clearing AT-SPI cache on [frame: 'Reactive TUI App accessibility round 2' (0x7132c5dba800)]  Recursive: False.  Reason: Checking if window can be the active window
09:50:03.616394 - AXObject: Exception in get_role_name: app no longer exists
09:50:03.616414 - AXObject: Adding to known dead objects ax_utilities_debugging._accessible_as_string:62 > ax_object.get_role_name:661 > ax_object.handle_error:193 > ax_object._set_known_dead_status:170
09:50:03.617064 - AXUtilities: [DEAD (0x7132c5dba800)]  from [DEAD (0x7132c5dba800)]  lacks active state
09:50:03.618788 - AXObject: Clearing AT-SPI cache on [frame: 'Terminal' (0x7132c6658d00)]  Recursive: False.  Reason: Checking if window can be the active window
09:50:03.619328 - AXObject: Exception in get_name: object no longer exists
09:50:03.619353 - AXObject: Adding to known dead objects ax_utilities_debugging._accessible_as_string:63 > ax_object.get_name:707 > ax_object.handle_error:193 > ax_object._set_known_dead_status:170
09:50:03.619993 - AXUtilities: [frame (0x7132c6658d00)]  from [application: 'org.gnome.Terminal' (0x7132c7790700)]  lacks active state
09:50:03.620044 - AXUtilities: Unable to find active window from [[application: 'org.gnome.Terminal' (0x7132c7790700)] ]
09:50:03.620083 - WARNING: [DEAD (0x7132c5dba800)]  cannot be active window. No alternative found.
09:50:03.620367 - AXObject: Exception in get_role_name: app no longer exists
09:50:03.620387 - AXObject: Adding to known dead objects ax_utilities_debugging._accessible_as_string:62 > ax_object.get_role_name:661 > ax_object.handle_error:193 > ax_object._set_known_dead_status:170
09:50:03.620873 - FOCUS MANAGER: Locus of focus is [DEAD (0x7132c5d3de40)] 
09:50:03.621088 - SCRIPT MANAGER: Active script is: accessibility_probe (module=orca.scripts.default)
09:50:03.621291 - GSETTINGS SCHEMA HANDLE: keybindings/keyboard-layout not set [app:accessibility_probe, profile:default]
09:50:03.621302 - GSETTINGS REGISTRY: keybindings/keyboard-layout using default value = 'desktop'
09:50:03.621318 - GSETTINGS SCHEMA HANDLE: keybindings/desktop-modifier-keys not set [app:accessibility_probe, profile:default]
09:50:03.621324 - GSETTINGS REGISTRY: keybindings/desktop-modifier-keys using default value = ['Insert', 'KP_Insert']

KEYBOARD_EVENT:  type=ATSPI_KEY_PRESSED_EVENT
                 id=65478
                 hw_code=75
                 modifiers=0
                 text=''
                 keyval_name='F9'
                 timestamp=1789048203.6148813
                 clickCount=1

vvvvv PROCESS ATSPI_KEY_PRESSED_EVENT: 'F9' (75) vvvvv
09:50:03.621371 - SCRIPT: accessibility_probe (module=orca.scripts.default)
09:50:03.621384 - WINDOW: [DEAD (0x7132c5dba800)] 
09:50:03.621395 - LOCATION: [DEAD (0x7132c5d3de40)] 
09:50:03.621422 - GSETTINGS SCHEMA HANDLE: keybindings/keyboard-layout not set [app:accessibility_probe, profile:default]
09:50:03.621426 - GSETTINGS REGISTRY: keybindings/keyboard-layout using default value = 'desktop'
09:50:03.621437 - GSETTINGS SCHEMA HANDLE: keybindings/desktop-modifier-keys not set [app:accessibility_probe, profile:default]
09:50:03.621441 - GSETTINGS REGISTRY: keybindings/desktop-modifier-keys using default value = ['Insert', 'KP_Insert']
09:50:03.621449 - PRESENTATION MANAGER: Interrupting presentation
09:50:03.621479 - SPEECH MANAGER: interrupt_speech. Script: None Event: None notify_user: False
09:50:03.621901 - SPEECH MANAGER: Speech server is <orca.speechdispatcherfactory.SpeechServer object at 0x7132c76d96a0>
09:50:03.622129 - BRAILLE: Kill flash message input_event._present:603 > presentation_manager.interrupt_presentation:88 > braille_presenter.kill_flash:1829 > braille.kill_flash:2182
09:50:03.622455 - TYPING ECHO PRESENTER: should_echo_keyboard_event: 'F9'?
09:50:03.622482 - GSETTINGS SCHEMA HANDLE: keybindings/keyboard-layout not set [app:accessibility_probe, profile:default]
09:50:03.622489 - GSETTINGS REGISTRY: keybindings/keyboard-layout using default value = 'desktop'
09:50:03.622501 - GSETTINGS SCHEMA HANDLE: keybindings/desktop-modifier-keys not set [app:accessibility_probe, profile:default]
09:50:03.622506 - GSETTINGS REGISTRY: keybindings/desktop-modifier-keys using default value = ['Insert', 'KP_Insert']
09:50:03.622524 - GSETTINGS SCHEMA HANDLE: typing-echo/character-echo not set [app:accessibility_probe, profile:default]
09:50:03.622528 - GSETTINGS REGISTRY: typing-echo/character-echo using default value = False
09:50:03.622540 - GSETTINGS SCHEMA HANDLE: keybindings/keyboard-layout not set [app:accessibility_probe, profile:default]
09:50:03.622544 - GSETTINGS REGISTRY: keybindings/keyboard-layout using default value = 'desktop'
09:50:03.622553 - GSETTINGS SCHEMA HANDLE: keybindings/desktop-modifier-keys not set [app:accessibility_probe, profile:default]
09:50:03.622561 - GSETTINGS REGISTRY: keybindings/desktop-modifier-keys using default value = ['Insert', 'KP_Insert']
09:50:03.622577 - GSETTINGS SCHEMA HANDLE: typing-echo/key-echo not set [app:accessibility_probe, profile:default]
09:50:03.622581 - GSETTINGS REGISTRY: typing-echo/key-echo using default value = True
09:50:03.622616 - GSETTINGS SCHEMA HANDLE: keybindings/keyboard-layout not set [app:accessibility_probe, profile:default]
09:50:03.622620 - GSETTINGS REGISTRY: keybindings/keyboard-layout using default value = 'desktop'
09:50:03.622631 - GSETTINGS SCHEMA HANDLE: keybindings/desktop-modifier-keys not set [app:accessibility_probe, profile:default]
09:50:03.622635 - GSETTINGS REGISTRY: keybindings/desktop-modifier-keys using default value = ['Insert', 'KP_Insert']
09:50:03.622655 - GSETTINGS SCHEMA HANDLE: typing-echo/function-keys not set [app:accessibility_probe, profile:default]
09:50:03.622659 - GSETTINGS REGISTRY: typing-echo/function-keys using default value = True
09:50:03.622664 - TYPING ECHO PRESENTER: Echoing function keyboard event: True.
09:50:03.622681 - GSETTINGS SCHEMA HANDLE: keybindings/keyboard-layout not set [app:accessibility_probe, profile:default]
09:50:03.622684 - GSETTINGS REGISTRY: keybindings/keyboard-layout using default value = 'desktop'
09:50:03.622694 - GSETTINGS SCHEMA HANDLE: keybindings/desktop-modifier-keys not set [app:accessibility_probe, profile:default]
09:50:03.622698 - GSETTINGS REGISTRY: keybindings/desktop-modifier-keys using default value = ['Insert', 'KP_Insert']
09:50:03.622725 - SCRIPT MANAGER: Active script is: accessibility_probe (module=orca.scripts.default)
09:50:03.622750 - FOCUS MANAGER: Active mode: focus-tracking Object of interest: [DEAD (0x7132c5d3de40)] 
09:50:03.622768 - GSETTINGS SCHEMA HANDLE: speech/enable not set [app:accessibility_probe, profile:default]
09:50:03.622771 - GSETTINGS REGISTRY: speech/enable using default value = True
09:50:03.622784 - GSETTINGS SCHEMA HANDLE: speech/verbosity-level not set [app:accessibility_probe, profile:default]
09:50:03.622787 - GSETTINGS REGISTRY: speech/verbosity-level using default value = 'verbose'
09:50:03.622797 - FOCUS MANAGER: Locus of focus is [DEAD (0x7132c5d3de40)] 
09:50:03.622812 - SCRIPT MANAGER: Active script is: accessibility_probe (module=orca.scripts.default)
09:50:03.622826 - GSETTINGS SCHEMA HANDLE: speech/only-speak-displayed-text not set [app:accessibility_probe, profile:default]
09:50:03.622829 - GSETTINGS REGISTRY: speech/only-speak-displayed-text using default value = False
09:50:03.622840 - GSETTINGS SCHEMA HANDLE: speech/speak-description not set [app:accessibility_probe, profile:default]
09:50:03.622844 - GSETTINGS REGISTRY: speech/speak-description using default value = True
09:50:03.622853 - GSETTINGS SCHEMA HANDLE: speech/speak-tutorial-messages not set [app:accessibility_probe, profile:default]
09:50:03.622856 - GSETTINGS REGISTRY: speech/speak-tutorial-messages using default value = True
09:50:03.622866 - GSETTINGS SCHEMA HANDLE: speech/speak-position-in-set not set [app:accessibility_probe, profile:default]
09:50:03.622870 - GSETTINGS REGISTRY: speech/speak-position-in-set using default value = False
09:50:03.622878 - GSETTINGS SCHEMA HANDLE: speech/speak-widget-mnemonic not set [app:accessibility_probe, profile:default]
09:50:03.622881 - GSETTINGS REGISTRY: speech/speak-widget-mnemonic using default value = True
09:50:03.622890 - GSETTINGS SCHEMA HANDLE: speech/speak-blank-lines not set [app:accessibility_probe, profile:default]
09:50:03.622893 - GSETTINGS REGISTRY: speech/speak-blank-lines using default value = True
09:50:03.622903 - GSETTINGS SCHEMA HANDLE: speech/speak-indentation-and-justification not set [app:accessibility_probe, profile:default]
09:50:03.622906 - GSETTINGS REGISTRY: speech/speak-indentation-and-justification using default value = False
09:50:03.622916 - GSETTINGS SCHEMA HANDLE: speech/announce-cell-headers not set [app:accessibility_probe, profile:default]
09:50:03.622919 - GSETTINGS REGISTRY: speech/announce-cell-headers using default value = True
09:50:03.622930 - GSETTINGS SCHEMA HANDLE: speech/announce-cell-coordinates not set [app:accessibility_probe, profile:default]
09:50:03.622934 - GSETTINGS REGISTRY: speech/announce-cell-coordinates using default value = True
09:50:03.622943 - GSETTINGS SCHEMA HANDLE: speech/announce-spreadsheet-cell-coordinates not set [app:accessibility_probe, profile:default]
09:50:03.622946 - GSETTINGS REGISTRY: speech/announce-spreadsheet-cell-coordinates using default value = True
09:50:03.622956 - GSETTINGS SCHEMA HANDLE: speech/announce-blockquote not set [app:accessibility_probe, profile:default]
09:50:03.622959 - GSETTINGS REGISTRY: speech/announce-blockquote using default value = True
09:50:03.622968 - GSETTINGS SCHEMA HANDLE: speech/announce-form not set [app:accessibility_probe, profile:default]
09:50:03.622971 - GSETTINGS REGISTRY: speech/announce-form using default value = True
09:50:03.622984 - GSETTINGS SCHEMA HANDLE: speech/announce-landmark not set [app:accessibility_probe, profile:default]
09:50:03.622988 - GSETTINGS REGISTRY: speech/announce-landmark using default value = True
09:50:03.622997 - GSETTINGS SCHEMA HANDLE: speech/announce-list not set [app:accessibility_probe, profile:default]
09:50:03.623000 - GSETTINGS REGISTRY: speech/announce-list using default value = True
09:50:03.623009 - GSETTINGS SCHEMA HANDLE: speech/announce-grouping not set [app:accessibility_probe, profile:default]
09:50:03.623013 - GSETTINGS REGISTRY: speech/announce-grouping using default value = True
09:50:03.623021 - GSETTINGS SCHEMA HANDLE: speech/announce-table not set [app:accessibility_probe, profile:default]
09:50:03.623025 - GSETTINGS REGISTRY: speech/announce-table using default value = True
09:50:03.623048 - GSETTINGS SCHEMA HANDLE: voice/established not set [app:accessibility_probe, profile:default]
09:50:03.623061 - GSETTINGS SCHEMA HANDLE: voice/rate not set [app:accessibility_probe, profile:default]
09:50:03.623073 - GSETTINGS SCHEMA HANDLE: voice/pitch not set [app:accessibility_probe, profile:default]
09:50:03.623083 - GSETTINGS SCHEMA HANDLE: voice/volume not set [app:accessibility_probe, profile:default]
09:50:03.623096 - GSETTINGS SCHEMA HANDLE: voice/family-name not set [app:accessibility_probe, profile:default]
09:50:03.623106 - GSETTINGS SCHEMA HANDLE: voice/family-lang not set [app:accessibility_probe, profile:default]
09:50:03.623115 - GSETTINGS SCHEMA HANDLE: voice/family-dialect not set [app:accessibility_probe, profile:default]
09:50:03.623125 - GSETTINGS SCHEMA HANDLE: voice/family-gender not set [app:accessibility_probe, profile:default]
09:50:03.623135 - GSETTINGS SCHEMA HANDLE: voice/family-variant not set [app:accessibility_probe, profile:default]
09:50:03.623161 - SPEECH GENERATOR: None voice requested for None language='', dialect='' Unmodified voice={'established': False}
09:50:03.623184 - SPEECH GENERATOR: Reported locale of None is 
09:50:03.623201 - SPEECH GENERATOR: Updated to: 'C', ''
09:50:03.623218 - GSETTINGS SCHEMA HANDLE: speech/auto-language-switching not set [app:accessibility_probe, profile:default]
09:50:03.623222 - GSETTINGS REGISTRY: speech/auto-language-switching using default value = True
09:50:03.623230 - SPEECH DISPATCHER: Returning cached result for language='C' dialect='' variant='None'
09:50:03.623273 - SPEECH GENERATOR: Family updated to {'dialect': '', 'lang': 'C', 'name': ''}
09:50:03.623316 - SPEECH GENERATOR: Final voice is {'established': 'False', 'family': "{'dialect': '', 'lang': 'C', 'name': ''}"}
09:50:03.623340 - GSETTINGS SCHEMA HANDLE: keybindings/keyboard-layout not set [app:accessibility_probe, profile:default]
09:50:03.623344 - GSETTINGS REGISTRY: keybindings/keyboard-layout using default value = 'desktop'
09:50:03.623355 - GSETTINGS SCHEMA HANDLE: keybindings/desktop-modifier-keys not set [app:accessibility_probe, profile:default]
09:50:03.623359 - GSETTINGS REGISTRY: keybindings/desktop-modifier-keys using default value = ['Insert', 'KP_Insert']
09:50:03.623368 - SPEECH OUTPUT: 'F9' {'established': False, 'family': {'name': '', 'gender': None, 'lang': 'C', 'dialect': '', 'variant': None}}
09:50:03.623384 - GSETTINGS SCHEMA HANDLE: keybindings/keyboard-layout not set [app:accessibility_probe, profile:default]
09:50:03.623388 - GSETTINGS REGISTRY: keybindings/keyboard-layout using default value = 'desktop'
09:50:03.623397 - GSETTINGS SCHEMA HANDLE: keybindings/desktop-modifier-keys not set [app:accessibility_probe, profile:default]
09:50:03.623401 - GSETTINGS REGISTRY: keybindings/desktop-modifier-keys using default value = ['Insert', 'KP_Insert']
09:50:03.623407 - SPEECH DISPATCHER: Speaking 'F9' as string
09:50:03.623411 - SPEECH DISPATCHER: Speaking 'F9' as string
09:50:03.624607 - SPEECH DISPATCHER: Speaking '<speak><mark name="0:2"/>F9</speak>' 
                  ORCA rate 50.0, pitch 5.0, volume 10.0, language C, punctuation: MOST
                  SD rate 2, pitch 10, volume 100, language c
09:50:03.625038 - TOTAL PROCESSING TIME: 0.0037
^^^^^ PROCESS ATSPI_KEY_PRESSED_EVENT: 'F9' (75) ^^^^^

09:50:03.625108 - GSETTINGS SCHEMA HANDLE: keybindings/keyboard-layout not set [app:accessibility_probe, profile:default]
09:50:03.625116 - GSETTINGS REGISTRY: keybindings/keyboard-layout using default value = 'desktop'
09:50:03.625131 - GSETTINGS SCHEMA HANDLE: keybindings/desktop-modifier-keys not set [app:accessibility_probe, profile:default]
09:50:03.625137 - GSETTINGS REGISTRY: keybindings/desktop-modifier-keys using default value = ['Insert', 'KP_Insert']
09:50:03.625237 - GSETTINGS SCHEMA HANDLE: keybindings/keyboard-layout not set [app:accessibility_probe, profile:default]
09:50:03.625244 - GSETTINGS REGISTRY: keybindings/keyboard-layout using default value = 'desktop'
09:50:03.625255 - GSETTINGS SCHEMA HANDLE: keybindings/desktop-modifier-keys not set [app:accessibility_probe, profile:default]
09:50:03.625259 - GSETTINGS REGISTRY: keybindings/desktop-modifier-keys using default value = ['Insert', 'KP_Insert']
09:50:03.625704 - GSETTINGS SCHEMA HANDLE: keybindings/keyboard-layout not set [app:accessibility_probe, profile:default]
09:50:03.625713 - GSETTINGS REGISTRY: keybindings/keyboard-layout using default value = 'desktop'
09:50:03.625724 - GSETTINGS SCHEMA HANDLE: keybindings/desktop-modifier-keys not set [app:accessibility_probe, profile:default]
09:50:03.625728 - GSETTINGS REGISTRY: keybindings/desktop-modifier-keys using default value = ['Insert', 'KP_Insert']

KEYBOARD_EVENT:  type=ATSPI_KEY_RELEASED_EVENT
                 id=65478
                 hw_code=75
                 modifiers=0
                 text=''
                 keyval_name='F9'
                 timestamp=1789048203.6252236
                 clickCount=1

vvvvv PROCESS ATSPI_KEY_RELEASED_EVENT: 'F9' (75) vvvvv
09:50:03.625768 - SCRIPT: accessibility_probe (module=orca.scripts.default)
09:50:03.625781 - WINDOW: [DEAD (0x7132c5dba800)] 
09:50:03.625792 - LOCATION: [DEAD (0x7132c5d3de40)] 
09:50:03.625816 - GSETTINGS SCHEMA HANDLE: keybindings/keyboard-layout not set [app:accessibility_probe, profile:default]
09:50:03.625820 - GSETTINGS REGISTRY: keybindings/keyboard-layout using default value = 'desktop'
09:50:03.625831 - GSETTINGS SCHEMA HANDLE: keybindings/desktop-modifier-keys not set [app:accessibility_probe, profile:default]
09:50:03.625836 - GSETTINGS REGISTRY: keybindings/desktop-modifier-keys using default value = ['Insert', 'KP_Insert']
09:50:03.625851 - TOTAL PROCESSING TIME: 0.0001
^^^^^ PROCESS ATSPI_KEY_RELEASED_EVENT: 'F9' (75) ^^^^^

09:50:03.625873 - GSETTINGS SCHEMA HANDLE: keybindings/keyboard-layout not set [app:accessibility_probe, profile:default]
09:50:03.625877 - GSETTINGS REGISTRY: keybindings/keyboard-layout using default value = 'desktop'
09:50:03.625886 - GSETTINGS SCHEMA HANDLE: keybindings/desktop-modifier-keys not set [app:accessibility_probe, profile:default]
09:50:03.625890 - GSETTINGS REGISTRY: keybindings/desktop-modifier-keys using default value = ['Insert', 'KP_Insert']

09:50:03.628485 - AXObject: Exception in get_role_name: app no longer exists
09:50:03.628505 - AXObject: Adding to known dead objects ax_utilities_debugging._accessible_as_string:62 > ax_object.get_role_name:661 > ax_object.handle_error:193 > ax_object._set_known_dead_status:170
09:50:03.629071 - EVENT MANAGER: object:children-changed:remove for [desktop frame: 'main' (0x7132c5c0a840)]  in  (5, 0, [DEAD (0x7132c5c09440)])
09:50:03.629093 - FOCUS MANAGER: Locus of focus is [DEAD (0x7132c5d3de40)] 
09:50:03.629183 - EVENT MANAGER: Queueing object:children-changed:remove for [desktop frame: 'main' (0x7132c77b93c0)]  in  (5, 0, [DEAD (0x7132c5c09440)])
09:50:03.629201 - EVENT MANAGER: App for event source is None
09:50:03.629222 - SCRIPT MANAGER: Getting script for None [desktop frame: 'main' (0x7132c5c093c0)] 
09:50:03.629319 - SCRIPT MANAGER: Script is app script default (module=orca.scripts.default)
09:50:03.629353 - EVENT MANAGER: object:children-changed:remove for [desktop frame: 'main' (0x7132c5c0aac0)]  in  (5, 0, [DEAD (0x7132c5c09440)]) has priority level: 6
09:50:03.629383 - EVENT MANAGER: Queued object:children-changed:remove for [desktop frame: 'main' (0x7132c5c093c0)]  in  (5, 0, [DEAD (0x7132c5c09440)]) priority: 6, counter: 109
09:50:03.630275 - CLIPBOARD PRESENTER: Possible change event object:text-changed:delete for [terminal: 'Terminal' (0x7132c5d3c840)]  in org.gnome.Terminal (gtk 3.24.52) (101, 3130, Project overview \n \n \n... \n \n \n \n \n (3160 chars.))

09:50:03.630705 - EVENT MANAGER: object:text-changed:delete for [terminal: 'Terminal' (0x7132c5d3c840)]  in org.gnome.Terminal (gtk 3.24.52) (101, 3130, Project overview \n \n \n... \n \n \n \n \n (3160 chars.))
09:50:03.630721 - FOCUS MANAGER: Locus of focus is [DEAD (0x7132c5d3de40)] 
09:50:03.630770 - EVENT_MANAGER: Not ignoring object:text-changed:delete due to source being focused
09:50:03.631180 - EVENT MANAGER: Queueing object:text-changed:delete for [terminal: 'Terminal' (0x7132c5d3c840)]  in org.gnome.Terminal (gtk 3.24.52) (101, 3130, Project overview \n \n \n... \n \n \n \n \n (3160 chars.))
09:50:03.631321 - EVENT MANAGER: App for event source is [application: 'org.gnome.Terminal' (0x7132c7790700)] 
09:50:03.631339 - SCRIPT MANAGER: Getting script for [application: 'org.gnome.Terminal' (0x7132c7790700)]  [terminal: 'Terminal' (0x7132c5d3c840)] 
09:50:03.631364 - SCRIPT MANAGER: Script is custom script org.gnome.Terminal (module=orca.scripts.terminal.script)
09:50:03.631766 - EVENT MANAGER: object:text-changed:delete for [terminal: 'Terminal' (0x7132c5d3c840)]  in org.gnome.Terminal (gtk 3.24.52) (101, 3130, Project overview \n \n \n... \n \n \n \n \n (3160 chars.)) has priority level: 4
09:50:03.632171 - EVENT MANAGER: Queued object:text-changed:delete for [terminal: 'Terminal' (0x7132c5d3c840)]  in org.gnome.Terminal (gtk 3.24.52) (101, 3130, Project overview \n \n \n... \n \n \n \n \n (3160 chars.)) priority: 4, counter: 110
09:50:03.632579 - CLIPBOARD PRESENTER: Possible change event object:text-changed:delete for [terminal: 'Terminal' (0x7132c5d3c840)]  in org.gnome.Terminal (gtk 3.24.52) (0, 101, ▶Overview ✕ ~ Unavailable~ Settings... ~ Unavailable~ Settings ✕ \n (102 chars.))

09:50:03.633007 - EVENT MANAGER: object:text-changed:delete for [terminal: 'Terminal' (0x7132c5d3c840)]  in org.gnome.Terminal (gtk 3.24.52) (0, 101, ▶Overview ✕ ~ Unavailable~ Settings... ~ Unavailable~ Settings ✕ \n (102 chars.))
09:50:03.633027 - FOCUS MANAGER: Locus of focus is [DEAD (0x7132c5d3de40)] 
09:50:03.633075 - EVENT_MANAGER: Not ignoring object:text-changed:delete due to source being focused
09:50:03.633466 - EVENT MANAGER: Queueing object:text-changed:delete for [terminal: 'Terminal' (0x7132c5d3c840)]  in org.gnome.Terminal (gtk 3.24.52) (0, 101, ▶Overview ✕ ~ Unavailable~ Settings... ~ Unavailable~ Settings ✕ \n (102 chars.))
09:50:03.633609 - EVENT MANAGER: App for event source is [application: 'org.gnome.Terminal' (0x7132c7790700)] 
09:50:03.633628 - SCRIPT MANAGER: Getting script for [application: 'org.gnome.Terminal' (0x7132c7790700)]  [terminal: 'Terminal' (0x7132c5d3c840)] 
09:50:03.633650 - SCRIPT MANAGER: Script is custom script org.gnome.Terminal (module=orca.scripts.terminal.script)
09:50:03.634095 - EVENT MANAGER: object:text-changed:delete for [terminal: 'Terminal' (0x7132c5d3c840)]  in org.gnome.Terminal (gtk 3.24.52) (0, 101, ▶Overview ✕ ~ Unavailable~ Settings... ~ Unavailable~ Settings ✕ \n (102 chars.)) has priority level: 4
09:50:03.634440 - EVENT MANAGER: Queued object:text-changed:delete for [terminal: 'Terminal' (0x7132c5d3c840)]  in org.gnome.Terminal (gtk 3.24.52) (0, 101, ▶Overview ✕ ~ Unavailable~ Settings... ~ Unavailable~ Settings ✕ \n (102 chars.)) priority: 4, counter: 111
09:50:03.634781 - CLIPBOARD PRESENTER: Possible change event object:text-changed:insert for [terminal: 'Terminal' (0x7132c5d3c840)]  in org.gnome.Terminal (gtk 3.24.52) (0, 31, \n\n\n\n\n\n\n\n\n\n\n\n\n\n\n\n\n\n\n\n\n\n\n\n\n\n\n\n\n\n\n)

09:50:03.635135 - EVENT MANAGER: object:text-changed:insert for [terminal: 'Terminal' (0x7132c5d3c840)]  in org.gnome.Terminal (gtk 3.24.52) (0, 31, \n\n\n\n\n\n\n\n\n\n\n\n\n\n\n\n\n\n\n\n\n\n\n\n\n\n\n\n\n\n\n)
09:50:03.635156 - FOCUS MANAGER: Locus of focus is [DEAD (0x7132c5d3de40)] 
09:50:03.635203 - EVENT_MANAGER: Not ignoring object:text-changed:insert due to source being focused
09:50:03.635522 - EVENT MANAGER: Queueing object:text-changed:insert for [terminal: 'Terminal' (0x7132c5d3c840)]  in org.gnome.Terminal (gtk 3.24.52) (0, 31, \n\n\n\n\n\n\n\n\n\n\n\n\n\n\n\n\n\n\n\n\n\n\n\n\n\n\n\n\n\n\n)
09:50:03.635636 - EVENT MANAGER: App for event source is [application: 'org.gnome.Terminal' (0x7132c7790700)] 
09:50:03.635655 - SCRIPT MANAGER: Getting script for [application: 'org.gnome.Terminal' (0x7132c7790700)]  [terminal: 'Terminal' (0x7132c5d3c840)] 
09:50:03.635677 - SCRIPT MANAGER: Script is custom script org.gnome.Terminal (module=orca.scripts.terminal.script)
09:50:03.636009 - EVENT MANAGER: object:text-changed:insert for [terminal: 'Terminal' (0x7132c5d3c840)]  in org.gnome.Terminal (gtk 3.24.52) (0, 31, \n\n\n\n\n\n\n\n\n\n\n\n\n\n\n\n\n\n\n\n\n\n\n\n\n\n\n\n\n\n\n) has priority level: 4
09:50:03.636345 - EVENT MANAGER: Queued object:text-changed:insert for [terminal: 'Terminal' (0x7132c5d3c840)]  in org.gnome.Terminal (gtk 3.24.52) (0, 31, \n\n\n\n\n\n\n\n\n\n\n\n\n\n\n\n\n\n\n\n\n\n\n\n\n\n\n\n\n\n\n) priority: 4, counter: 112

09:50:03.636669 - EVENT MANAGER: object:text-caret-moved for [terminal: 'Terminal' (0x7132c5d3c840)]  in org.gnome.Terminal (gtk 3.24.52) (0, 0, 0)
09:50:03.636686 - FOCUS MANAGER: Locus of focus is [DEAD (0x7132c5d3de40)] 
09:50:03.636735 - EVENT_MANAGER: Not ignoring object:text-caret-moved due to source being focused
09:50:03.637062 - EVENT MANAGER: Queueing object:text-caret-moved for [terminal: 'Terminal' (0x7132c5d3c840)]  in org.gnome.Terminal (gtk 3.24.52) (0, 0, 0)
09:50:03.637181 - EVENT MANAGER: App for event source is [application: 'org.gnome.Terminal' (0x7132c7790700)] 
09:50:03.637199 - SCRIPT MANAGER: Getting script for [application: 'org.gnome.Terminal' (0x7132c7790700)]  [terminal: 'Terminal' (0x7132c5d3c840)] 
09:50:03.637221 - SCRIPT MANAGER: Script is custom script org.gnome.Terminal (module=orca.scripts.terminal.script)
09:50:03.637546 - EVENT MANAGER: object:text-caret-moved for [terminal: 'Terminal' (0x7132c5d3c840)]  in org.gnome.Terminal (gtk 3.24.52) (0, 0, 0) has priority level: 4
09:50:03.637882 - EVENT MANAGER: Queued object:text-caret-moved for [terminal: 'Terminal' (0x7132c5d3c840)]  in org.gnome.Terminal (gtk 3.24.52) (0, 0, 0) priority: 4, counter: 113

09:50:03.637980 - AXObject: Exception in get_role_name: app no longer exists
09:50:03.638003 - AXObject: Adding to known dead objects ax_utilities_debugging._accessible_as_string:62 > ax_object.get_role_name:661 > ax_object.handle_error:193 > ax_object._set_known_dead_status:170
09:50:03.638446 - EVENT MANAGER: object:children-changed:remove for [desktop frame: 'main' (0x7132c663b9c0)]  in  (4, 0, [DEAD (0x7132c5c0af00)])
09:50:03.638470 - FOCUS MANAGER: Locus of focus is [DEAD (0x7132c5d3de40)] 
09:50:03.638532 - EVENT_MANAGER: Ignoring object:children-changed:remove due to multiple instances in short time

09:50:03.640232 - EVENT MANAGER: object:state-changed:focused for [terminal: 'Terminal' (0x7132c5d3c840)]  in org.gnome.Terminal (gtk 3.24.52) (0, 0, 0)
09:50:03.640302 - FOCUS MANAGER: Locus of focus is [DEAD (0x7132c5d3de40)] 
09:50:03.641043 - EVENT MANAGER: Queueing object:state-changed:focused for [terminal: 'Terminal' (0x7132c5d3c840)]  in org.gnome.Terminal (gtk 3.24.52) (0, 0, 0)
09:50:03.641220 - EVENT MANAGER: App for event source is [application: 'org.gnome.Terminal' (0x7132c7790700)] 
09:50:03.641245 - SCRIPT MANAGER: Getting script for [application: 'org.gnome.Terminal' (0x7132c7790700)]  [terminal: 'Terminal' (0x7132c5d3c840)] 
09:50:03.641280 - SCRIPT MANAGER: Script is custom script org.gnome.Terminal (module=orca.scripts.terminal.script)
09:50:03.642822 - EVENT MANAGER: object:state-changed:focused for [terminal: 'Terminal' (0x7132c5d3c840)]  in org.gnome.Terminal (gtk 3.24.52) (0, 0, 0) has priority level: 3
09:50:03.643614 - EVENT MANAGER: Queued object:state-changed:focused for [terminal: 'Terminal' (0x7132c5d3c840)]  in org.gnome.Terminal (gtk 3.24.52) (0, 0, 0) priority: 3, counter: 114

09:50:03.644429 - EVENT MANAGER: object:state-changed:showing for [terminal: 'Terminal' (0x7132c5d3c840)]  in org.gnome.Terminal (gtk 3.24.52) (0, 0, 0)
09:50:03.644474 - FOCUS MANAGER: Locus of focus is [DEAD (0x7132c5d3de40)] 
09:50:03.644900 - EVENT MANAGER: Ignoring object:state-changed:showing due to role

09:50:03.645728 - EVENT MANAGER: object:state-changed:showing for [scroll bar (0x7132c5c0bb40)]  in org.gnome.Terminal (gtk 3.24.52) (0, 0, 0)
09:50:03.645782 - FOCUS MANAGER: Locus of focus is [DEAD (0x7132c5d3de40)] 
09:50:03.646160 - EVENT_MANAGER: Ignoring object:state-changed:showing due to multiple instances in short time

09:50:03.646954 - EVENT MANAGER: object:state-changed:showing for [filler (0x7132c5c0ad40)]  in org.gnome.Terminal (gtk 3.24.52) (0, 0, 0)
09:50:03.647006 - FOCUS MANAGER: Locus of focus is [DEAD (0x7132c5d3de40)] 
09:50:03.647381 - EVENT_MANAGER: Ignoring object:state-changed:showing due to multiple instances in short time

09:50:03.648157 - EVENT MANAGER: object:state-changed:showing for [filler (0x7132c5c0bb80)]  in org.gnome.Terminal (gtk 3.24.52) (0, 0, 0)
09:50:03.648210 - FOCUS MANAGER: Locus of focus is [DEAD (0x7132c5d3de40)] 
09:50:03.648579 - EVENT_MANAGER: Ignoring object:state-changed:showing due to multiple instances in short time

09:50:03.649744 - EVENT MANAGER: object:state-changed:showing for [panel (0x7132c5c0bc40)]  in org.gnome.Terminal (gtk 3.24.52) (0, 0, 0)
09:50:03.649840 - FOCUS MANAGER: Locus of focus is [DEAD (0x7132c5d3de40)] 
09:50:03.650333 - EVENT_MANAGER: Ignoring object:state-changed:showing due to multiple instances in short time

09:50:03.651135 - EVENT MANAGER: object:children-changed:remove for [page tab list (0x7132c5c0bc00)]  in org.gnome.Terminal (gtk 3.24.52) (0, 0, [page tab (0x7132c5d2a240)])
09:50:03.651176 - FOCUS MANAGER: Locus of focus is [DEAD (0x7132c5d3de40)] 
09:50:03.652309 - EVENT MANAGER: Queueing object:children-changed:remove for [page tab list (0x7132c5d03c80)]  in org.gnome.Terminal (gtk 3.24.52) (0, 0, [page tab (0x7132c5c0bc80)])
09:50:03.652647 - EVENT MANAGER: App for event source is [application: 'org.gnome.Terminal' (0x7132c7790700)] 
09:50:03.652718 - SCRIPT MANAGER: Getting script for [application: 'org.gnome.Terminal' (0x7132c7790700)]  [page tab list (0x7132c5c0bd80)] 
09:50:03.652799 - SCRIPT MANAGER: Script is app script org.gnome.Terminal (module=orca.scripts.toolkits.gtk.script)
09:50:03.653586 - EVENT MANAGER: object:children-changed:remove for [page tab list (0x7132c5c0bc00)]  in org.gnome.Terminal (gtk 3.24.52) (0, 0, [page tab (0x7132c663bac0)]) has priority level: 6
09:50:03.654302 - EVENT MANAGER: Queued object:children-changed:remove for [page tab list (0x7132c5d03c80)]  in org.gnome.Terminal (gtk 3.24.52) (0, 0, [page tab (0x7132c5c0bc80)]) priority: 6, counter: 115

09:50:03.654694 - EVENT MANAGER: object:state-changed:showing for [button: 'New Tab' (0x7132c5d03c80)]  in org.gnome.Terminal (gtk 3.24.52) (0, 0, 0)
09:50:03.654713 - FOCUS MANAGER: Locus of focus is [DEAD (0x7132c5d3de40)] 
09:50:03.654872 - EVENT_MANAGER: Ignoring object:state-changed:showing due to multiple instances in short time

09:50:03.655647 - EVENT MANAGER: object:state-changed:showing for [filler (0x7132c5c0be40)]  in org.gnome.Terminal (gtk 3.24.52) (0, 0, 0)
09:50:03.655705 - FOCUS MANAGER: Locus of focus is [DEAD (0x7132c5d3de40)] 
09:50:03.656144 - EVENT_MANAGER: Ignoring object:state-changed:showing due to multiple instances in short time

09:50:03.659282 - EVENT MANAGER: object:state-changed:showing for [label: 'Terminal' (0x7132c5c0bd00)]  in org.gnome.Terminal (gtk 3.24.52) (0, 0, 0)
09:50:03.659354 - FOCUS MANAGER: Locus of focus is [DEAD (0x7132c5d3de40)] 
09:50:03.659739 - EVENT_MANAGER: Ignoring object:state-changed:showing due to multiple instances in short time

09:50:03.660537 - EVENT MANAGER: object:state-changed:showing for [filler (0x7132c6633fc0)]  in org.gnome.Terminal (gtk 3.24.52) (0, 0, 0)
09:50:03.660578 - FOCUS MANAGER: Locus of focus is [DEAD (0x7132c5d3de40)] 
09:50:03.660943 - EVENT_MANAGER: Ignoring object:state-changed:showing due to multiple instances in short time

09:50:03.661706 - EVENT MANAGER: object:state-changed:showing for [toggle button: 'Menu' (0x7132c5d7c040)]  in org.gnome.Terminal (gtk 3.24.52) (0, 0, 0)
09:50:03.661745 - FOCUS MANAGER: Locus of focus is [DEAD (0x7132c5d3de40)] 
09:50:03.662129 - EVENT_MANAGER: Ignoring object:state-changed:showing due to multiple instances in short time

09:50:03.663011 - EVENT MANAGER: object:state-changed:showing for [button: 'Find' (0x7132c5c1c0c0)]  in org.gnome.Terminal (gtk 3.24.52) (0, 0, 0)
09:50:03.663051 - FOCUS MANAGER: Locus of focus is [DEAD (0x7132c5d3de40)] 
09:50:03.663257 - EVENT_MANAGER: Ignoring object:state-changed:showing due to multiple instances in short time

09:50:03.664730 - EVENT MANAGER: object:state-changed:showing for [separator (0x7132c6624280)]  in org.gnome.Terminal (gtk 3.24.52) (0, 0, 0)
09:50:03.664781 - FOCUS MANAGER: Locus of focus is [DEAD (0x7132c5d3de40)] 
09:50:03.665183 - EVENT_MANAGER: Ignoring object:state-changed:showing due to multiple instances in short time

09:50:03.666045 - EVENT MANAGER: object:state-changed:showing for [button: 'Minimize' (0x7132c5c1c400)]  in org.gnome.Terminal (gtk 3.24.52) (0, 0, 0)
09:50:03.666110 - FOCUS MANAGER: Locus of focus is [DEAD (0x7132c5d3de40)] 
09:50:03.666511 - EVENT_MANAGER: Ignoring object:state-changed:showing due to multiple instances in short time

09:50:03.666936 - EVENT MANAGER: object:state-changed:showing for [button: 'Maximize' (0x7132c7704240)]  in org.gnome.Terminal (gtk 3.24.52) (0, 0, 0)
09:50:03.666957 - FOCUS MANAGER: Locus of focus is [DEAD (0x7132c5d3de40)] 
09:50:03.667141 - EVENT_MANAGER: Ignoring object:state-changed:showing due to multiple instances in short time

09:50:03.667495 - EVENT MANAGER: object:state-changed:showing for [button: 'Close' (0x7132c6624580)]  in org.gnome.Terminal (gtk 3.24.52) (0, 0, 0)
09:50:03.667511 - FOCUS MANAGER: Locus of focus is [DEAD (0x7132c5d3de40)] 
09:50:03.667657 - EVENT_MANAGER: Ignoring object:state-changed:showing due to multiple instances in short time

09:50:03.668004 - EVENT MANAGER: object:state-changed:showing for [filler (0x7132c5c1c200)]  in org.gnome.Terminal (gtk 3.24.52) (0, 0, 0)
09:50:03.668023 - FOCUS MANAGER: Locus of focus is [DEAD (0x7132c5d3de40)] 
09:50:03.668167 - EVENT_MANAGER: Ignoring object:state-changed:showing due to multiple instances in short time

09:50:03.668496 - EVENT MANAGER: object:state-changed:showing for [panel (0x7132c6634800)]  in org.gnome.Terminal (gtk 3.24.52) (0, 0, 0)
09:50:03.668510 - FOCUS MANAGER: Locus of focus is [DEAD (0x7132c5d3de40)] 
09:50:03.668654 - EVENT_MANAGER: Ignoring object:state-changed:showing due to multiple instances in short time

09:50:03.668990 - EVENT MANAGER: object:state-changed:showing for [page tab list (0x7132c5c1c7c0)]  in org.gnome.Terminal (gtk 3.24.52) (0, 0, 0)
09:50:03.669006 - FOCUS MANAGER: Locus of focus is [DEAD (0x7132c5d3de40)] 
09:50:03.669148 - EVENT_MANAGER: Ignoring object:state-changed:showing due to multiple instances in short time

09:50:03.669490 - EVENT MANAGER: object:state-changed:showing for [filler (0x7132c66347c0)]  in org.gnome.Terminal (gtk 3.24.52) (0, 0, 0)
09:50:03.669507 - FOCUS MANAGER: Locus of focus is [DEAD (0x7132c5d3de40)] 
09:50:03.669653 - EVENT_MANAGER: Ignoring object:state-changed:showing due to multiple instances in short time

09:50:03.669893 - EVENT MANAGER: object:state-changed:showing for [DEAD (0x7132c6658d00)]  in org.gnome.Terminal (gtk 3.24.52) (0, 0, 0)
09:50:03.669909 - FOCUS MANAGER: Locus of focus is [DEAD (0x7132c5d3de40)] 
09:50:03.670020 - EVENT_MANAGER: Ignoring object:state-changed:showing due to multiple instances in short time

09:50:03.670070 - EVENT MANAGER: object:children-changed:remove for [application: 'org.gnome.Terminal' (0x7132c7790700)]  in org.gnome.Terminal (gtk 3.24.52) (0, 0, [DEAD (0x7132c6658d00)])
09:50:03.670085 - FOCUS MANAGER: Locus of focus is [DEAD (0x7132c5d3de40)] 
09:50:03.670131 - EVENT_MANAGER: Ignoring object:children-changed:remove due to multiple instances in short time

09:50:03.670379 - EVENT MANAGER: window:deactivate for [DEAD (0x7132c6658d00)]  in org.gnome.Terminal (gtk 3.24.52) (0, 0, Terminal)
09:50:03.670638 - EVENT MANAGER: Queueing window:deactivate for [DEAD (0x7132c6658d00)]  in org.gnome.Terminal (gtk 3.24.52) (0, 0, Terminal)
09:50:03.670733 - EVENT MANAGER: App for event source is [application: 'org.gnome.Terminal' (0x7132c7790700)] 
09:50:03.670754 - SCRIPT MANAGER: Getting script for [application: 'org.gnome.Terminal' (0x7132c7790700)]  [DEAD (0x7132c6658d00)] 
09:50:03.670780 - SCRIPT MANAGER: Script is app script org.gnome.Terminal (module=orca.scripts.toolkits.gtk.script)
09:50:03.671035 - EVENT MANAGER: window:deactivate for [DEAD (0x7132c6658d00)]  in org.gnome.Terminal (gtk 3.24.52) (0, 0, Terminal) has priority level: 2
09:50:03.671289 - EVENT MANAGER: Queued window:deactivate for [DEAD (0x7132c6658d00)]  in org.gnome.Terminal (gtk 3.24.52) (0, 0, Terminal) priority: 2, counter: 116

09:50:03.671605 - EVENT MANAGER: window:destroy for [DEAD (0x7132c6658d00)]  in org.gnome.Terminal (gtk 3.24.52) (0, 0, Terminal)
09:50:03.671853 - EVENT MANAGER: Queueing window:destroy for [DEAD (0x7132c6658d00)]  in org.gnome.Terminal (gtk 3.24.52) (0, 0, Terminal)
09:50:03.671948 - EVENT MANAGER: App for event source is [application: 'org.gnome.Terminal' (0x7132c7790700)] 
09:50:03.671967 - SCRIPT MANAGER: Getting script for [application: 'org.gnome.Terminal' (0x7132c7790700)]  [DEAD (0x7132c6658d00)] 
09:50:03.671989 - SCRIPT MANAGER: Script is app script org.gnome.Terminal (module=orca.scripts.toolkits.gtk.script)
09:50:03.672266 - EVENT MANAGER: window:destroy for [DEAD (0x7132c6658d00)]  in org.gnome.Terminal (gtk 3.24.52) (0, 0, Terminal) has priority level: 2
09:50:03.672520 - EVENT MANAGER: Queued window:destroy for [DEAD (0x7132c6658d00)]  in org.gnome.Terminal (gtk 3.24.52) (0, 0, Terminal) priority: 2, counter: 117

09:50:03.672902 - EVENT MANAGER: object:state-changed:sensitive for [menu item: 'Zoom Out' (0x7132c5d7cc00)]  in org.gnome.Terminal (gtk 3.24.52) (0, 0, 0)
09:50:03.672926 - FOCUS MANAGER: Locus of focus is [DEAD (0x7132c5d3de40)] 
09:50:03.673116 - EVENT MANAGER: Ignoring object:state-changed:sensitive due to role of unfocused source

09:50:03.673491 - EVENT MANAGER: object:state-changed:sensitive for [menu item: '1. 80×24' (0x7132c5bccbc0)]  in org.gnome.Terminal (gtk 3.24.52) (0, 0, 0)
09:50:03.673515 - FOCUS MANAGER: Locus of focus is [DEAD (0x7132c5d3de40)] 
09:50:03.673667 - EVENT_MANAGER: Ignoring object:state-changed:sensitive due to multiple instances in short time

09:50:03.674030 - EVENT MANAGER: object:state-changed:sensitive for [menu item: '2. 80×43' (0x7132c5c1ce80)]  in org.gnome.Terminal (gtk 3.24.52) (0, 0, 0)
09:50:03.674051 - FOCUS MANAGER: Locus of focus is [DEAD (0x7132c5d3de40)] 
09:50:03.674201 - EVENT_MANAGER: Ignoring object:state-changed:sensitive due to multiple instances in short time

09:50:03.674555 - EVENT MANAGER: object:state-changed:sensitive for [menu item: '3. 132×24' (0x7132c6624f40)]  in org.gnome.Terminal (gtk 3.24.52) (0, 0, 0)
09:50:03.674579 - FOCUS MANAGER: Locus of focus is [DEAD (0x7132c5d3de40)] 
09:50:03.674726 - EVENT_MANAGER: Ignoring object:state-changed:sensitive due to multiple instances in short time

09:50:03.675076 - EVENT MANAGER: object:state-changed:sensitive for [menu item: '4. 132×43' (0x7132c5c1d140)]  in org.gnome.Terminal (gtk 3.24.52) (0, 0, 0)
09:50:03.675095 - FOCUS MANAGER: Locus of focus is [DEAD (0x7132c5d3de40)] 
09:50:03.675238 - EVENT_MANAGER: Ignoring object:state-changed:sensitive due to multiple instances in short time

09:50:03.675586 - EVENT MANAGER: object:state-changed:sensitive for [menu item: 'Preferences' (0x7132c6625300)]  in org.gnome.Terminal (gtk 3.24.52) (0, 0, 0)
09:50:03.675604 - FOCUS MANAGER: Locus of focus is [DEAD (0x7132c5d3de40)] 
09:50:03.675747 - EVENT_MANAGER: Ignoring object:state-changed:sensitive due to multiple instances in short time

09:50:03.675854 - AXObject: Exception in get_name: object no longer exists
09:50:03.676173 - EVENT MANAGER: object:children-changed:remove for [invalid (0x7132c5c1d440)]  in org.gnome.Terminal (gtk 3.24.52) (0, 0, [check menu item: 'Show Menubar' (0x7132c5c1d440)])
09:50:03.676192 - FOCUS MANAGER: Locus of focus is [DEAD (0x7132c5d3de40)] 
09:50:03.676457 - EVENT_MANAGER: Ignoring object:children-changed:remove due to multiple instances in short time

09:50:03.676851 - EVENT MANAGER: object:state-changed:sensitive for [menu item: 'Select All' (0x7132c76ed600)]  in org.gnome.Terminal (gtk 3.24.52) (0, 0, 0)
09:50:03.676869 - FOCUS MANAGER: Locus of focus is [DEAD (0x7132c5d3de40)] 
09:50:03.677012 - EVENT_MANAGER: Ignoring object:state-changed:sensitive due to multiple instances in short time

09:50:03.677356 - EVENT MANAGER: object:state-changed:sensitive for [menu item: 'Find…' (0x7132c5c1d780)]  in org.gnome.Terminal (gtk 3.24.52) (0, 0, 0)
09:50:03.677374 - FOCUS MANAGER: Locus of focus is [DEAD (0x7132c5d3de40)] 
09:50:03.677514 - EVENT_MANAGER: Ignoring object:state-changed:sensitive due to multiple instances in short time

09:50:03.677847 - EVENT MANAGER: object:state-changed:sensitive for [menu item: 'Normal Size' (0x7132c5c1d800)]  in org.gnome.Terminal (gtk 3.24.52) (0, 0, 0)
09:50:03.677863 - FOCUS MANAGER: Locus of focus is [DEAD (0x7132c5d3de40)] 
09:50:03.678004 - EVENT_MANAGER: Ignoring object:state-changed:sensitive due to multiple instances in short time

09:50:03.678338 - EVENT MANAGER: object:state-changed:sensitive for [check menu item: 'Read-Only' (0x7132c5d7d800)]  in org.gnome.Terminal (gtk 3.24.52) (0, 0, 0)
09:50:03.678353 - FOCUS MANAGER: Locus of focus is [DEAD (0x7132c5d3de40)] 
09:50:03.678497 - EVENT_MANAGER: Ignoring object:state-changed:sensitive due to multiple instances in short time

09:50:03.678836 - EVENT MANAGER: object:state-changed:sensitive for [menu item: 'New Tab' (0x7132c5c1da80)]  in org.gnome.Terminal (gtk 3.24.52) (0, 0, 0)
09:50:03.678852 - FOCUS MANAGER: Locus of focus is [DEAD (0x7132c5d3de40)] 
09:50:03.679001 - EVENT_MANAGER: Ignoring object:state-changed:sensitive due to multiple instances in short time

09:50:03.679340 - EVENT MANAGER: object:state-changed:sensitive for [menu item: 'New Window' (0x7132c5d3db80)]  in org.gnome.Terminal (gtk 3.24.52) (0, 0, 0)
09:50:03.679354 - FOCUS MANAGER: Locus of focus is [DEAD (0x7132c5d3de40)] 
09:50:03.679497 - EVENT_MANAGER: Ignoring object:state-changed:sensitive due to multiple instances in short time

09:50:03.679829 - EVENT MANAGER: object:state-changed:sensitive for [menu item: 'Reset' (0x7132e017dd40)]  in org.gnome.Terminal (gtk 3.24.52) (0, 0, 0)
09:50:03.679843 - FOCUS MANAGER: Locus of focus is [DEAD (0x7132c5d3de40)] 
09:50:03.680109 - EVENT_MANAGER: Ignoring object:state-changed:sensitive due to multiple instances in short time

09:50:03.681060 - EVENT MANAGER: object:state-changed:sensitive for [menu item: 'Reset and Clear' (0x7132c5c1df40)]  in org.gnome.Terminal (gtk 3.24.52) (0, 0, 0)
09:50:03.681103 - FOCUS MANAGER: Locus of focus is [DEAD (0x7132c5d3de40)] 
09:50:03.681425 - EVENT_MANAGER: Ignoring object:state-changed:sensitive due to multiple instances in short time

09:50:03.682247 - EVENT MANAGER: object:state-changed:sensitive for [menu item: 'Zoom In' (0x7132c5c1df40)]  in org.gnome.Terminal (gtk 3.24.52) (0, 0, 0)
09:50:03.682298 - FOCUS MANAGER: Locus of focus is [DEAD (0x7132c5d3de40)] 
09:50:03.682673 - EVENT_MANAGER: Ignoring object:state-changed:sensitive due to multiple instances in short time

09:50:03.683465 - EVENT MANAGER: object:state-changed:sensitive for [menu item: 'About' (0x7132c6626100)]  in org.gnome.Terminal (gtk 3.24.52) (0, 0, 0)
09:50:03.683509 - FOCUS MANAGER: Locus of focus is [DEAD (0x7132c5d3de40)] 
09:50:03.683870 - EVENT_MANAGER: Ignoring object:state-changed:sensitive due to multiple instances in short time

09:50:03.684661 - EVENT MANAGER: object:state-changed:sensitive for [menu item: 'Close Tab' (0x7132c6626100)]  in org.gnome.Terminal (gtk 3.24.52) (0, 0, 0)
09:50:03.684710 - FOCUS MANAGER: Locus of focus is [DEAD (0x7132c5d3de40)] 
09:50:03.685214 - EVENT_MANAGER: Ignoring object:state-changed:sensitive due to multiple instances in short time

09:50:03.686051 - EVENT MANAGER: object:state-changed:sensitive for [menu item: 'Close Window' (0x7132c6626100)]  in org.gnome.Terminal (gtk 3.24.52) (0, 0, 0)
09:50:03.686108 - FOCUS MANAGER: Locus of focus is [DEAD (0x7132c5d3de40)] 
09:50:03.686539 - EVENT_MANAGER: Ignoring object:state-changed:sensitive due to multiple instances in short time

09:50:03.687328 - EVENT MANAGER: object:state-changed:sensitive for [check menu item: 'Full Screen' (0x7132c5c1e500)]  in org.gnome.Terminal (gtk 3.24.52) (0, 0, 0)
09:50:03.687377 - FOCUS MANAGER: Locus of focus is [DEAD (0x7132c5d3de40)] 
09:50:03.687730 - EVENT_MANAGER: Ignoring object:state-changed:sensitive due to multiple instances in short time

09:50:03.688518 - EVENT MANAGER: object:state-changed:sensitive for [menu item: 'Contents' (0x7132c5c1e640)]  in org.gnome.Terminal (gtk 3.24.52) (0, 0, 0)
09:50:03.688568 - FOCUS MANAGER: Locus of focus is [DEAD (0x7132c5d3de40)] 
09:50:03.688921 - EVENT_MANAGER: Ignoring object:state-changed:sensitive due to multiple instances in short time

09:50:03.689480 - EVENT MANAGER: object:children-changed:remove for [DEAD (0x7132c6658d00)]  in org.gnome.Terminal (gtk 3.24.52) (0, 0, [filler (0x7132c5c1e800)])
09:50:03.689524 - FOCUS MANAGER: Locus of focus is [DEAD (0x7132c5d3de40)] 
09:50:03.689774 - EVENT_MANAGER: Ignoring object:children-changed:remove due to multiple instances in short time

09:50:03.690580 - EVENT MANAGER: object:children-changed:remove for [filler (0x7132c5d5e9c0)]  in org.gnome.Terminal (gtk 3.24.52) (0, 0, [menu bar (0x7132c5c1e8c0)])
09:50:03.690629 - FOCUS MANAGER: Locus of focus is [DEAD (0x7132c5d3de40)] 
09:50:03.691015 - EVENT_MANAGER: Ignoring object:children-changed:remove due to multiple instances in short time

09:50:03.691824 - EVENT MANAGER: object:children-changed:remove for [menu bar (0x7132c5d5eac0)]  in org.gnome.Terminal (gtk 3.24.52) (0, 0, [menu: 'File' (0x7132c5d2a240)])
09:50:03.691870 - FOCUS MANAGER: Locus of focus is [DEAD (0x7132c5d3de40)] 
09:50:03.692260 - EVENT_MANAGER: Ignoring object:children-changed:remove due to multiple instances in short time

09:50:03.693171 - EVENT MANAGER: object:children-changed:remove for [menu bar (0x7132c5c1ea80)]  in org.gnome.Terminal (gtk 3.24.52) (0, 0, [menu: 'Edit' (0x7132c5c1ea80)])
09:50:03.693219 - FOCUS MANAGER: Locus of focus is [DEAD (0x7132c5d3de40)] 
09:50:03.693597 - EVENT_MANAGER: Ignoring object:children-changed:remove due to multiple instances in short time

09:50:03.694497 - EVENT MANAGER: object:children-changed:remove for [menu bar (0x7132c5d5ebc0)]  in org.gnome.Terminal (gtk 3.24.52) (0, 0, [menu: 'View' (0x7132c5c1ebc0)])
09:50:03.694538 - FOCUS MANAGER: Locus of focus is [DEAD (0x7132c5d3de40)] 
09:50:03.694903 - EVENT_MANAGER: Ignoring object:children-changed:remove due to multiple instances in short time

09:50:03.695140 - AXObject: Exception in get_name: object no longer exists
09:50:03.695170 - AXObject: Adding to known dead objects ax_utilities_debugging._accessible_as_string:63 > ax_object.get_name:707 > ax_object.handle_error:193 > ax_object._set_known_dead_status:170
09:50:03.696189 - EVENT MANAGER: object:children-changed:remove for [invalid (0x7132c5d5ebc0)]  in org.gnome.Terminal (gtk 3.24.52) (0, 0, [check menu item: 'Full Screen' (0x7132c5c1ebc0)])
09:50:03.696233 - FOCUS MANAGER: Locus of focus is [DEAD (0x7132c5d3de40)] 
09:50:03.696422 - EVENT_MANAGER: Ignoring object:children-changed:remove due to multiple instances in short time

09:50:03.696802 - EVENT MANAGER: object:children-changed:remove for [DEAD (0x7132c5d5ebc0)]  in org.gnome.Terminal (gtk 3.24.52) (0, 0, [separator (0x7132c5db9640)])
09:50:03.696840 - FOCUS MANAGER: Locus of focus is [DEAD (0x7132c5d3de40)] 
09:50:03.697027 - EVENT_MANAGER: Ignoring object:children-changed:remove due to multiple instances in short time

09:50:03.697383 - EVENT MANAGER: object:children-changed:remove for [DEAD (0x7132c5d5ebc0)]  in org.gnome.Terminal (gtk 3.24.52) (0, 0, [menu item: 'Zoom In' (0x7132c5c1f780)])
09:50:03.697420 - FOCUS MANAGER: Locus of focus is [DEAD (0x7132c5d3de40)] 
09:50:03.697601 - EVENT_MANAGER: Ignoring object:children-changed:remove due to multiple instances in short time

09:50:03.697710 - AXObject: Exception in get_role_name: app no longer exists
09:50:03.697727 - AXObject: Adding to known dead objects ax_utilities_debugging._accessible_as_string:62 > ax_object.get_role_name:661 > ax_object.handle_error:193 > ax_object._set_known_dead_status:170
09:50:03.698398 - EVENT MANAGER: object:children-changed:remove for [desktop frame: 'main' (0x7132c5c2c380)]  in  (3, 0, [DEAD (0x7132c5c1f880)])
09:50:03.698433 - FOCUS MANAGER: Locus of focus is [DEAD (0x7132c5d3de40)] 
09:50:03.698636 - EVENT MANAGER: Queueing object:children-changed:remove for [desktop frame: 'main' (0x7132c6634380)]  in  (3, 0, [DEAD (0x7132c5c1f880)])
09:50:03.698678 - EVENT MANAGER: App for event source is None
09:50:03.698722 - SCRIPT MANAGER: Getting script for None [desktop frame: 'main' (0x7132c5db7900)] 
09:50:03.699235 - SCRIPT MANAGER: Script is app script default (module=orca.scripts.default)
09:50:03.699327 - EVENT MANAGER: object:children-changed:remove for [desktop frame: 'main' (0x7132c6634380)]  in  (3, 0, [DEAD (0x7132c5c1f880)]) has priority level: 6
09:50:03.699367 - EVENT MANAGER: Queued object:children-changed:remove for [desktop frame: 'main' (0x7132c5c2c4c0)]  in  (3, 0, [DEAD (0x7132c5c1f880)]) priority: 6, counter: 118

09:50:03.707307 - EVENT MANAGER: object:children-changed:remove for [DEAD (0x7132c5d5ebc0)]  in org.gnome.Terminal (gtk 3.24.52) (0, 0, [menu item: 'Normal Size' (0x7132c5d44580)])
09:50:03.707427 - FOCUS MANAGER: Locus of focus is [DEAD (0x7132c5d3de40)] 
09:50:03.707838 - EVENT MANAGER: Queueing object:children-changed:remove for [DEAD (0x7132c5d5ebc0)]  in org.gnome.Terminal (gtk 3.24.52) (0, 0, [menu item: 'Normal Size' (0x7132c5c2c5c0)])
09:50:03.707882 - EVENT MANAGER: App for event source is [application: 'org.gnome.Terminal' (0x7132c7790700)] 
09:50:03.707902 - SCRIPT MANAGER: Getting script for [application: 'org.gnome.Terminal' (0x7132c7790700)]  [DEAD (0x7132c5d5ebc0)] 
09:50:03.707930 - SCRIPT MANAGER: Script is app script org.gnome.Terminal (module=orca.scripts.toolkits.gtk.script)
09:50:03.708008 - EVENT MANAGER: object:children-changed:remove for [DEAD (0x7132c5d5ebc0)]  in org.gnome.Terminal (gtk 3.24.52) (0, 0, [menu item: 'Normal Size' (0x7132c5c2c6c0)]) has priority level: 6
09:50:03.708085 - EVENT MANAGER: Queued object:children-changed:remove for [DEAD (0x7132c5d5ebc0)]  in org.gnome.Terminal (gtk 3.24.52) (0, 0, [menu item: 'Normal Size' (0x7132c5c2c640)]) priority: 6, counter: 119

09:50:03.708162 - EVENT MANAGER: object:children-changed:remove for [DEAD (0x7132c5d5ebc0)]  in org.gnome.Terminal (gtk 3.24.52) (0, 0, [menu item: 'Zoom Out' (0x7132c5c2c600)])
09:50:03.708176 - FOCUS MANAGER: Locus of focus is [DEAD (0x7132c5d3de40)] 
09:50:03.708218 - EVENT_MANAGER: Ignoring object:children-changed:remove due to multiple instances in short time

09:50:03.708318 - EVENT MANAGER: object:children-changed:remove for [menu bar (0x7132c5d44580)]  in org.gnome.Terminal (gtk 3.24.52) (0, 0, [menu: 'Search' (0x7132c5c2c5c0)])
09:50:03.708331 - FOCUS MANAGER: Locus of focus is [DEAD (0x7132c5d3de40)] 
09:50:03.708388 - EVENT_MANAGER: Ignoring object:children-changed:remove due to multiple instances in short time

09:50:03.708481 - EVENT MANAGER: object:children-changed:remove for [menu bar (0x7132e015c740)]  in org.gnome.Terminal (gtk 3.24.52) (0, 0, [menu: 'Terminal' (0x7132c5c2c740)])
09:50:03.708494 - FOCUS MANAGER: Locus of focus is [DEAD (0x7132c5d3de40)] 
09:50:03.708544 - EVENT_MANAGER: Ignoring object:children-changed:remove due to multiple instances in short time

09:50:03.708663 - EVENT MANAGER: object:children-changed:remove for [menu bar (0x7132c5c2c800)]  in org.gnome.Terminal (gtk 3.24.52) (0, 0, [menu: 'Help' (0x7132c5c2c800)])
09:50:03.708676 - FOCUS MANAGER: Locus of focus is [DEAD (0x7132c5d3de40)] 
09:50:03.708726 - EVENT_MANAGER: Ignoring object:children-changed:remove due to multiple instances in short time

09:50:03.708807 - EVENT MANAGER: object:children-changed:remove for [filler (0x7132e015c740)]  in org.gnome.Terminal (gtk 3.24.52) (0, 0, [page tab list (0x7132c5c2c740)])
09:50:03.708820 - FOCUS MANAGER: Locus of focus is [DEAD (0x7132c5d3de40)] 
09:50:03.708868 - EVENT_MANAGER: Ignoring object:children-changed:remove due to multiple instances in short time

09:50:03.708946 - EVENT MANAGER: object:state-changed:sensitive for [button: 'Zoom Out' (0x7132c5d7c8c0)]  in org.gnome.Terminal (gtk 3.24.52) (0, 0, 0)
09:50:03.708958 - FOCUS MANAGER: Locus of focus is [DEAD (0x7132c5d3de40)] 
09:50:03.709021 - EVENT_MANAGER: Ignoring object:state-changed:sensitive due to multiple instances in short time

09:50:03.709094 - EVENT MANAGER: object:state-changed:sensitive for [button: 'Full Screen' (0x7132c5c2c8c0)]  in org.gnome.Terminal (gtk 3.24.52) (0, 0, 0)
09:50:03.709106 - FOCUS MANAGER: Locus of focus is [DEAD (0x7132c5d3de40)] 
09:50:03.709155 - EVENT_MANAGER: Ignoring object:state-changed:sensitive due to multiple instances in short time

09:50:03.709215 - EVENT MANAGER: object:state-changed:sensitive for [button: 'Find' (0x7132c66245c0)]  in org.gnome.Terminal (gtk 3.24.52) (0, 0, 0)
09:50:03.709227 - FOCUS MANAGER: Locus of focus is [DEAD (0x7132c5d3de40)] 
09:50:03.709275 - EVENT_MANAGER: Ignoring object:state-changed:sensitive due to multiple instances in short time

09:50:03.709332 - EVENT MANAGER: object:state-changed:sensitive for [panel (0x7132c5d7c8c0)]  in org.gnome.Terminal (gtk 3.24.52) (0, 0, 0)
09:50:03.709343 - FOCUS MANAGER: Locus of focus is [DEAD (0x7132c5d3de40)] 
09:50:03.709391 - EVENT_MANAGER: Ignoring object:state-changed:sensitive due to multiple instances in short time

09:50:03.709449 - EVENT MANAGER: object:state-changed:sensitive for [toggle button: 'Menu' (0x7132c5bcc9c0)]  in org.gnome.Terminal (gtk 3.24.52) (0, 0, 0)
09:50:03.709460 - FOCUS MANAGER: Locus of focus is [DEAD (0x7132c5d3de40)] 
09:50:03.709507 - EVENT_MANAGER: Ignoring object:state-changed:sensitive due to multiple instances in short time

09:50:03.709575 - EVENT MANAGER: object:state-changed:sensitive for [button: '100%' (0x7132c5d7c900)]  in org.gnome.Terminal (gtk 3.24.52) (0, 0, 0)
09:50:03.709586 - FOCUS MANAGER: Locus of focus is [DEAD (0x7132c5d3de40)] 
09:50:03.709635 - EVENT_MANAGER: Ignoring object:state-changed:sensitive due to multiple instances in short time

09:50:03.709703 - EVENT MANAGER: object:state-changed:sensitive for [check box: 'Read-Only' (0x7132c770ca00)]  in org.gnome.Terminal (gtk 3.24.52) (0, 0, 0)
09:50:03.709715 - FOCUS MANAGER: Locus of focus is [DEAD (0x7132c5d3de40)] 
09:50:03.709770 - EVENT_MANAGER: Ignoring object:state-changed:sensitive due to multiple instances in short time

09:50:03.709831 - EVENT MANAGER: object:state-changed:sensitive for [button: 'New Tab' (0x7132c770ca00)]  in org.gnome.Terminal (gtk 3.24.52) (0, 0, 0)
09:50:03.709843 - FOCUS MANAGER: Locus of focus is [DEAD (0x7132c5d3de40)] 
09:50:03.709893 - EVENT_MANAGER: Ignoring object:state-changed:sensitive due to multiple instances in short time

09:50:03.709959 - EVENT MANAGER: object:state-changed:sensitive for [button: 'New Window' (0x7132c65c4900)]  in org.gnome.Terminal (gtk 3.24.52) (0, 0, 0)
09:50:03.709971 - FOCUS MANAGER: Locus of focus is [DEAD (0x7132c5d3de40)] 
09:50:03.710023 - EVENT_MANAGER: Ignoring object:state-changed:sensitive due to multiple instances in short time

09:50:03.710092 - EVENT MANAGER: object:state-changed:sensitive for [button: 'Zoom In' (0x7132c5bccbc0)]  in org.gnome.Terminal (gtk 3.24.52) (0, 0, 0)
09:50:03.710104 - FOCUS MANAGER: Locus of focus is [DEAD (0x7132c5d3de40)] 
09:50:03.710152 - EVENT_MANAGER: Ignoring object:state-changed:sensitive due to multiple instances in short time

09:50:03.710220 - EVENT MANAGER: object:state-changed:sensitive for [button: 'Preferences' (0x7132e0154b80)]  in org.gnome.Terminal (gtk 3.24.52) (0, 0, 0)
09:50:03.710232 - FOCUS MANAGER: Locus of focus is [DEAD (0x7132c5d3de40)] 
09:50:03.710286 - EVENT_MANAGER: Ignoring object:state-changed:sensitive due to multiple instances in short time

09:50:03.710382 - EVENT MANAGER: object:state-changed:sensitive for [button: 'Help' (0x7132c5d7cc00)]  in org.gnome.Terminal (gtk 3.24.52) (0, 0, 0)
09:50:03.710402 - FOCUS MANAGER: Locus of focus is [DEAD (0x7132c5d3de40)] 
09:50:03.710459 - EVENT_MANAGER: Ignoring object:state-changed:sensitive due to multiple instances in short time

09:50:03.710565 - EVENT MANAGER: object:state-changed:sensitive for [button: 'About' (0x7132c5c1cc40)]  in org.gnome.Terminal (gtk 3.24.52) (0, 0, 0)
09:50:03.710594 - FOCUS MANAGER: Locus of focus is [DEAD (0x7132c5d3de40)] 
09:50:03.710662 - EVENT_MANAGER: Ignoring object:state-changed:sensitive due to multiple instances in short time

09:50:03.710736 - EVENT MANAGER: object:children-changed:remove for [DEAD (0x7132c6658d00)]  in org.gnome.Terminal (gtk 3.24.52) (-1, 0, [panel (0x7132c5c2c900)])
09:50:03.710756 - FOCUS MANAGER: Locus of focus is [DEAD (0x7132c5d3de40)] 
09:50:03.710821 - EVENT_MANAGER: Ignoring object:children-changed:remove due to multiple instances in short time

09:50:03.710895 - EVENT MANAGER: object:children-changed:remove for [DEAD (0x7132c6658d00)]  in org.gnome.Terminal (gtk 3.24.52) (0, 0, [panel (0x7132c5c2cd40)])
09:50:03.711092 - FOCUS MANAGER: Locus of focus is [DEAD (0x7132c5d3de40)] 
09:50:03.711263 - EVENT_MANAGER: Ignoring object:children-changed:remove due to multiple instances in short time

09:50:03.711429 - EVENT MANAGER: object:children-changed:remove for [filler (0x7132c65fcd80)]  in org.gnome.Terminal (gtk 3.24.52) (0, 0, [label: 'Terminal' (0x7132c5c2cd80)])
09:50:03.711465 - FOCUS MANAGER: Locus of focus is [DEAD (0x7132c5d3de40)] 
09:50:03.711622 - EVENT_MANAGER: Ignoring object:children-changed:remove due to multiple instances in short time

09:50:03.711811 - EVENT MANAGER: object:children-changed:remove for [filler (0x7132c6634b80)]  in org.gnome.Terminal (gtk 3.24.52) (0, 0, [label (0x7132c5c2cb80)])
09:50:03.711845 - FOCUS MANAGER: Locus of focus is [DEAD (0x7132c5d3de40)] 
09:50:03.712005 - EVENT_MANAGER: Ignoring object:children-changed:remove due to multiple instances in short time

09:50:03.712182 - EVENT MANAGER: object:children-changed:remove for [filler (0x7132c6624e00)]  in org.gnome.Terminal (gtk 3.24.52) (0, 0, [separator (0x7132c5c2ce00)])
09:50:03.712214 - FOCUS MANAGER: Locus of focus is [DEAD (0x7132c5d3de40)] 
09:50:03.712361 - EVENT_MANAGER: Ignoring object:children-changed:remove due to multiple instances in short time

09:50:03.712516 - EVENT MANAGER: object:children-changed:remove for [filler (0x7132c5c1ca00)]  in org.gnome.Terminal (gtk 3.24.52) (0, 0, [button: 'Minimize' (0x7132c5c2ca00)])
09:50:03.712548 - FOCUS MANAGER: Locus of focus is [DEAD (0x7132c5d3de40)] 
09:50:03.712693 - EVENT_MANAGER: Ignoring object:children-changed:remove due to multiple instances in short time

09:50:03.712845 - EVENT MANAGER: object:children-changed:remove for [filler (0x7132e0154b80)]  in org.gnome.Terminal (gtk 3.24.52) (0, 0, [button: 'Maximize' (0x7132c5c2cb80)])
09:50:03.712887 - FOCUS MANAGER: Locus of focus is [DEAD (0x7132c5d3de40)] 
09:50:03.713042 - EVENT_MANAGER: Ignoring object:children-changed:remove due to multiple instances in short time

09:50:03.713206 - EVENT MANAGER: object:children-changed:remove for [filler (0x7132c5c0bb80)]  in org.gnome.Terminal (gtk 3.24.52) (0, 0, [button: 'Close' (0x7132c5c0bb80)])
09:50:03.713239 - FOCUS MANAGER: Locus of focus is [DEAD (0x7132c5d3de40)] 
09:50:03.713384 - EVENT_MANAGER: Ignoring object:children-changed:remove due to multiple instances in short time

09:50:03.713553 - EVENT MANAGER: object:children-changed:remove for [panel (0x7132c5c1ca00)]  in org.gnome.Terminal (gtk 3.24.52) (0, 0, [filler (0x7132c5c2ca00)])
09:50:03.713584 - FOCUS MANAGER: Locus of focus is [DEAD (0x7132c5d3de40)] 
09:50:03.713730 - EVENT_MANAGER: Ignoring object:children-changed:remove due to multiple instances in short time

09:50:03.713867 - EVENT MANAGER: object:children-changed:remove for [filler (0x7132c76ecec0)]  in org.gnome.Terminal (gtk 3.24.52) (0, 0, [button: 'New Tab' (0x7132c5c2cec0)])
09:50:03.713898 - FOCUS MANAGER: Locus of focus is [DEAD (0x7132c5d3de40)] 
09:50:03.714052 - EVENT_MANAGER: Ignoring object:children-changed:remove due to multiple instances in short time

09:50:03.714242 - EVENT MANAGER: object:children-changed:remove for [filler (0x7132c6624e00)]  in org.gnome.Terminal (gtk 3.24.52) (0, 0, [toggle button: 'Profiles' (0x7132c5c2ce00)])
09:50:03.714276 - FOCUS MANAGER: Locus of focus is [DEAD (0x7132c5d3de40)] 
09:50:03.714425 - EVENT_MANAGER: Ignoring object:children-changed:remove due to multiple instances in short time

09:50:03.714619 - EVENT MANAGER: object:children-changed:remove for [panel (0x7132c6625000)]  in org.gnome.Terminal (gtk 3.24.52) (0, 0, [panel (0x7132c5c2d000)])
09:50:03.714653 - FOCUS MANAGER: Locus of focus is [DEAD (0x7132c5d3de40)] 
09:50:03.714801 - EVENT_MANAGER: Ignoring object:children-changed:remove due to multiple instances in short time

09:50:03.715001 - EVENT MANAGER: object:children-changed:remove for [filler (0x7132c6625000)]  in org.gnome.Terminal (gtk 3.24.52) (0, 0, [filler (0x7132c5c2d000)])
09:50:03.715043 - FOCUS MANAGER: Locus of focus is [DEAD (0x7132c5d3de40)] 
09:50:03.715206 - EVENT_MANAGER: Ignoring object:children-changed:remove due to multiple instances in short time

09:50:03.715380 - EVENT MANAGER: object:children-changed:remove for [filler (0x7132c5c2d080)]  in org.gnome.Terminal (gtk 3.24.52) (0, 0, [filler (0x7132c5c2d080)])
09:50:03.715417 - FOCUS MANAGER: Locus of focus is [DEAD (0x7132c5d3de40)] 
09:50:03.715572 - EVENT_MANAGER: Ignoring object:children-changed:remove due to multiple instances in short time

09:50:03.715742 - EVENT MANAGER: object:children-changed:remove for [filler (0x7132c5c2d100)]  in org.gnome.Terminal (gtk 3.24.52) (0, 0, [filler (0x7132c5c2d100)])
09:50:03.715779 - FOCUS MANAGER: Locus of focus is [DEAD (0x7132c5d3de40)] 
09:50:03.715940 - EVENT_MANAGER: Ignoring object:children-changed:remove due to multiple instances in short time

09:50:03.716099 - EVENT MANAGER: object:children-changed:remove for [filler (0x7132c5c2d300)]  in org.gnome.Terminal (gtk 3.24.52) (0, 0, [button: 'Zoom Out' (0x7132c5dbbb80)])
09:50:03.716139 - FOCUS MANAGER: Locus of focus is [DEAD (0x7132c5d3de40)] 
09:50:03.716294 - EVENT_MANAGER: Ignoring object:children-changed:remove due to multiple instances in short time

09:50:03.716463 - EVENT MANAGER: object:children-changed:remove for [filler (0x7132c5c2d240)]  in org.gnome.Terminal (gtk 3.24.52) (0, 0, [button: '100%' (0x7132c5d03ac0)])
09:50:03.716500 - FOCUS MANAGER: Locus of focus is [DEAD (0x7132c5d3de40)] 
09:50:03.716652 - EVENT_MANAGER: Ignoring object:children-changed:remove due to multiple instances in short time

09:50:03.716819 - EVENT MANAGER: object:children-changed:remove for [filler (0x7132c6642000)]  in org.gnome.Terminal (gtk 3.24.52) (0, 0, [button: 'Zoom In' (0x7132c5dbbb80)])
09:50:03.716855 - FOCUS MANAGER: Locus of focus is [DEAD (0x7132c5d3de40)] 
09:50:03.717025 - EVENT_MANAGER: Ignoring object:children-changed:remove due to multiple instances in short time

09:50:03.717244 - EVENT MANAGER: object:children-changed:remove for [filler (0x7132c5d7d380)]  in org.gnome.Terminal (gtk 3.24.52) (0, 0, [filler (0x7132c5c2d380)])
09:50:03.717280 - FOCUS MANAGER: Locus of focus is [DEAD (0x7132c5d3de40)] 
09:50:03.717439 - EVENT_MANAGER: Ignoring object:children-changed:remove due to multiple instances in short time

09:50:03.717619 - EVENT MANAGER: object:children-changed:remove for [filler (0x7132c5d7d380)]  in org.gnome.Terminal (gtk 3.24.52) (0, 0, [filler (0x7132c5c2d380)])
09:50:03.717654 - FOCUS MANAGER: Locus of focus is [DEAD (0x7132c5d3de40)] 
09:50:03.717813 - EVENT_MANAGER: Ignoring object:children-changed:remove due to multiple instances in short time

09:50:03.717963 - EVENT MANAGER: object:children-changed:remove for [filler (0x7132c5c2d540)]  in org.gnome.Terminal (gtk 3.24.52) (0, 0, [button: 'New Window' (0x7132c5c2d440)])
09:50:03.718003 - FOCUS MANAGER: Locus of focus is [DEAD (0x7132c5d3de40)] 
09:50:03.718161 - EVENT_MANAGER: Ignoring object:children-changed:remove due to multiple instances in short time

09:50:03.718331 - EVENT MANAGER: object:children-changed:remove for [filler (0x7132c5c2d580)]  in org.gnome.Terminal (gtk 3.24.52) (0, 0, [button: 'Full Screen' (0x7132c5dbbb80)])
09:50:03.718367 - FOCUS MANAGER: Locus of focus is [DEAD (0x7132c5d3de40)] 
09:50:03.718522 - EVENT_MANAGER: Ignoring object:children-changed:remove due to multiple instances in short time

09:50:03.718730 - EVENT MANAGER: object:children-changed:remove for [filler (0x7132c5c2d4c0)]  in org.gnome.Terminal (gtk 3.24.52) (0, 0, [filler (0x7132c5d03ac0)])
09:50:03.718767 - FOCUS MANAGER: Locus of focus is [DEAD (0x7132c5d3de40)] 
09:50:03.718920 - EVENT_MANAGER: Ignoring object:children-changed:remove due to multiple instances in short time

09:50:03.719094 - EVENT MANAGER: object:children-changed:remove for [filler (0x7132c5c2d300)]  in org.gnome.Terminal (gtk 3.24.52) (0, 0, [separator (0x7132c5c2d300)])
09:50:03.719131 - FOCUS MANAGER: Locus of focus is [DEAD (0x7132c5d3de40)] 
09:50:03.719285 - EVENT_MANAGER: Ignoring object:children-changed:remove due to multiple instances in short time

09:50:03.719517 - EVENT MANAGER: object:children-changed:remove for [filler (0x7132c66255c0)]  in org.gnome.Terminal (gtk 3.24.52) (0, 0, [filler (0x7132c5c2d5c0)])
09:50:03.719577 - FOCUS MANAGER: Locus of focus is [DEAD (0x7132c5d3de40)] 
09:50:03.719651 - EVENT_MANAGER: Ignoring object:children-changed:remove due to multiple instances in short time

09:50:03.719730 - EVENT MANAGER: object:children-changed:remove for [filler (0x7132c5c2d640)]  in org.gnome.Terminal (gtk 3.24.52) (0, 0, [check box: 'Read-Only' (0x7132c5d03ac0)])
09:50:03.719745 - FOCUS MANAGER: Locus of focus is [DEAD (0x7132c5d3de40)] 
09:50:03.719798 - EVENT_MANAGER: Ignoring object:children-changed:remove due to multiple instances in short time

09:50:03.719882 - EVENT MANAGER: object:children-changed:remove for [filler (0x7132c5d7d680)]  in org.gnome.Terminal (gtk 3.24.52) (0, 0, [filler (0x7132c5c2d680)])
09:50:03.719895 - FOCUS MANAGER: Locus of focus is [DEAD (0x7132c5d3de40)] 
09:50:03.719947 - EVENT_MANAGER: Ignoring object:children-changed:remove due to multiple instances in short time

09:50:03.720014 - EVENT MANAGER: object:children-changed:remove for [filler (0x7132c5c2d300)]  in org.gnome.Terminal (gtk 3.24.52) (0, 0, [filler (0x7132c5d03ac0)])
09:50:03.720026 - FOCUS MANAGER: Locus of focus is [DEAD (0x7132c5d3de40)] 
09:50:03.720075 - EVENT_MANAGER: Ignoring object:children-changed:remove due to multiple instances in short time

09:50:03.720155 - EVENT MANAGER: object:children-changed:remove for [filler (0x7132c5bcd640)]  in org.gnome.Terminal (gtk 3.24.52) (0, 0, [button: 'Advanced' (0x7132c5c2d640)])
09:50:03.720168 - FOCUS MANAGER: Locus of focus is [DEAD (0x7132c5d3de40)] 
09:50:03.720219 - EVENT_MANAGER: Ignoring object:children-changed:remove due to multiple instances in short time

09:50:03.720307 - EVENT MANAGER: object:children-changed:remove for [filler (0x7132c5c1d7c0)]  in org.gnome.Terminal (gtk 3.24.52) (0, 0, [filler (0x7132c5c2d7c0)])
09:50:03.720319 - FOCUS MANAGER: Locus of focus is [DEAD (0x7132c5d3de40)] 
09:50:03.720369 - EVENT_MANAGER: Ignoring object:children-changed:remove due to multiple instances in short time

09:50:03.720434 - EVENT MANAGER: object:children-changed:remove for [filler (0x7132c5d28640)]  in org.gnome.Terminal (gtk 3.24.52) (0, 0, [separator (0x7132c5c2d840)])
09:50:03.720448 - FOCUS MANAGER: Locus of focus is [DEAD (0x7132c5d3de40)] 
09:50:03.720499 - EVENT_MANAGER: Ignoring object:children-changed:remove due to multiple instances in short time

09:50:03.720570 - EVENT MANAGER: object:children-changed:remove for [filler (0x7132c5c2d8c0)]  in org.gnome.Terminal (gtk 3.24.52) (0, 0, [filler (0x7132c5c2d8c0)])
09:50:03.720583 - FOCUS MANAGER: Locus of focus is [DEAD (0x7132c5d3de40)] 
09:50:03.720633 - EVENT_MANAGER: Ignoring object:children-changed:remove due to multiple instances in short time

09:50:03.720692 - EVENT MANAGER: object:children-changed:remove for [filler (0x7132c5d7d980)]  in org.gnome.Terminal (gtk 3.24.52) (0, 0, [button: 'Preferences' (0x7132c5c2d980)])
09:50:03.720705 - FOCUS MANAGER: Locus of focus is [DEAD (0x7132c5d3de40)] 
09:50:03.720753 - EVENT_MANAGER: Ignoring object:children-changed:remove due to multiple instances in short time

09:50:03.720819 - EVENT MANAGER: object:children-changed:remove for [filler (0x7132c5bcd940)]  in org.gnome.Terminal (gtk 3.24.52) (0, 0, [button: 'Help' (0x7132c5c2d940)])
09:50:03.720831 - FOCUS MANAGER: Locus of focus is [DEAD (0x7132c5d3de40)] 
09:50:03.720880 - EVENT_MANAGER: Ignoring object:children-changed:remove due to multiple instances in short time

09:50:03.720946 - EVENT MANAGER: object:children-changed:remove for [filler (0x7132c76edb00)]  in org.gnome.Terminal (gtk 3.24.52) (0, 0, [button: 'About' (0x7132c5c2db00)])
09:50:03.720958 - FOCUS MANAGER: Locus of focus is [DEAD (0x7132c5d3de40)] 
09:50:03.721012 - EVENT_MANAGER: Ignoring object:children-changed:remove due to multiple instances in short time

09:50:03.721116 - EVENT MANAGER: object:children-changed:remove for [panel (0x7132c5c1dbc0)]  in org.gnome.Terminal (gtk 3.24.52) (0, 0, [toggle button: 'Menu' (0x7132c5c2dbc0)])
09:50:03.721128 - FOCUS MANAGER: Locus of focus is [DEAD (0x7132c5d3de40)] 
09:50:03.721177 - EVENT_MANAGER: Ignoring object:children-changed:remove due to multiple instances in short time

09:50:03.721239 - EVENT MANAGER: object:children-changed:remove for [panel (0x7132c5d7d980)]  in org.gnome.Terminal (gtk 3.24.52) (0, 0, [button: 'Find' (0x7132c5c2d980)])
09:50:03.721251 - FOCUS MANAGER: Locus of focus is [DEAD (0x7132c5d3de40)] 
09:50:03.721298 - EVENT_MANAGER: Ignoring object:children-changed:remove due to multiple instances in short time

09:50:03.721348 - EVENT MANAGER: object:children-changed:remove for [panel (0x7132c5d7d980)]  in org.gnome.Terminal (gtk 3.24.52) (0, 0, [filler (0x7132c5c2d980)])
09:50:03.721359 - FOCUS MANAGER: Locus of focus is [DEAD (0x7132c5d3de40)] 
09:50:03.721401 - EVENT_MANAGER: Ignoring object:children-changed:remove due to multiple instances in short time

09:50:03.721433 - EVENT MANAGER: object:children-changed:remove for [filler (0x7132c5d7ddc0)]  in org.gnome.Terminal (gtk 3.24.52) (0, 0, [terminal: 'Terminal' (0x7132c5d3c840)])
09:50:03.721444 - FOCUS MANAGER: Locus of focus is [DEAD (0x7132c5d3de40)] 
09:50:03.721484 - EVENT_MANAGER: Ignoring object:children-changed:remove due to multiple instances in short time

09:50:03.721522 - EVENT MANAGER: object:children-changed:remove for [filler (0x7132c5d8ddc0)]  in org.gnome.Terminal (gtk 3.24.52) (0, 0, [filler (0x7132c5c2ddc0)])
09:50:03.721532 - FOCUS MANAGER: Locus of focus is [DEAD (0x7132c5d3de40)] 
09:50:03.721572 - EVENT_MANAGER: Ignoring object:children-changed:remove due to multiple instances in short time

09:50:03.721603 - EVENT MANAGER: object:children-changed:remove for [filler (0x7132c5c2ddc0)]  in org.gnome.Terminal (gtk 3.24.52) (0, 0, [scroll bar (0x7132c663bac0)])
09:50:03.721616 - FOCUS MANAGER: Locus of focus is [DEAD (0x7132c5d3de40)] 
09:50:03.721655 - EVENT_MANAGER: Ignoring object:children-changed:remove due to multiple instances in short time
09:50:03.721694 - EVENT MANAGER: Dequeueing object:text-caret-moved for [terminal: 'Terminal' (0x7132c5d3c840)]  in  (None None) (3231, 0, 0)
09:50:03.721731 - AXObject: Exception in get_role_name: app no longer exists
09:50:03.721737 - AXObject: Adding to known dead objects ax_utilities_debugging._accessible_as_string:62 > ax_object.get_role_name:661 > ax_object.handle_error:193 > ax_object._set_known_dead_status:170
09:50:03.722078 - EVENT MANAGER: Dequeued object:text-caret-moved for [DEAD (0x7132c5d3c840)]  in  (None None) (3231, 0, 0) priority: 4, counter: 48

vvvvv START PRIORITY-4 OBJECT EVENT OBJECT:TEXT-CARET-MOVED (queue size: 71) vvvvv
09:50:03.722209 - EVENT MANAGER: object:text-caret-moved for [DEAD (0x7132c5d3c840)]  in  (None None) (3231, 0, 0) obsoleted by object:text-caret-moved for [DEAD (0x7132c5d3c840)]  in  (None None) (0, 0, 0) more recent event of same type for same object
TOTAL PROCESSING TIME: 0.0001
^^^^^ FINISHED PRIORITY-4 OBJECT EVENT OBJECT:TEXT-CARET-MOVED ^^^^^

09:50:03.722239 - WARNING: Braille initialization failed: BrlAPI connection unavailable.
09:50:03.722252 - BRAILLE: Scheduling BrlAPI retry in 2000 ms.
09:50:03.722723 - EVENT MANAGER: Dequeueing window:deactivate for [DEAD (0x7132c6658d00)]  in  (None None) (0, 0, Terminal)
09:50:03.722820 - EVENT MANAGER: Dequeued window:deactivate for [DEAD (0x7132c6658d00)]  in  (None None) (0, 0, Terminal) priority: 2, counter: 116

vvvvv START PRIORITY-2 OBJECT EVENT WINDOW:DEACTIVATE (queue size: 70) vvvvv
09:50:03.724628 - EVENT MANAGER: Ignoring defunct object: [DEAD (0x7132c6658d00)] 
09:50:03.724666 - FOCUS MANAGER: Active window is [DEAD (0x7132c5dba800)]  event_manager._dequeue_object_event:666 > event_manager._process_object_event:942 > event_manager._handle_early_event_processing:909 > focus_manager.get_active_window:342
TOTAL PROCESSING TIME: 0.0023
^^^^^ FINISHED PRIORITY-2 OBJECT EVENT WINDOW:DEACTIVATE ^^^^^


09:50:03.725264 - AXObject: Exception in get_role_name: app no longer exists
09:50:03.725285 - AXObject: Adding to known dead objects ax_utilities_debugging._accessible_as_string:62 > ax_object.get_role_name:661 > ax_object.handle_error:193 > ax_object._set_known_dead_status:170
09:50:03.725802 - EVENT MANAGER: object:children-changed:remove for [desktop frame: 'main' (0x7132c5c2ea40)]  in  (2, 0, [DEAD (0x7132c5c09300)])
09:50:03.725840 - FOCUS MANAGER: Locus of focus is [DEAD (0x7132c5d3de40)] 
09:50:03.726070 - EVENT MANAGER: Queueing object:children-changed:remove for [desktop frame: 'main' (0x7132c5c2ea80)]  in  (2, 0, [DEAD (0x7132c5c09300)])
09:50:03.726119 - EVENT MANAGER: App for event source is None
09:50:03.726169 - SCRIPT MANAGER: Getting script for None [desktop frame: 'main' (0x7132c5c1ea80)] 
09:50:03.726574 - SCRIPT MANAGER: Script is app script default (module=orca.scripts.default)
09:50:03.726689 - EVENT MANAGER: object:children-changed:remove for [desktop frame: 'main' (0x7132c5c1ebc0)]  in  (2, 0, [DEAD (0x7132c5c09300)]) has priority level: 6
09:50:03.726776 - EVENT MANAGER: Queued object:children-changed:remove for [desktop frame: 'main' (0x7132c5d5eb40)]  in  (2, 0, [DEAD (0x7132c5c09300)]) priority: 6, counter: 120
09:50:03.726801 - ORCA: GLib handler received shutdown signal
09:50:03.726816 - ORCA: Shutting down
09:50:03.726849 - PRESENTATION MANAGER: Interrupting presentation
09:50:03.726908 - SPEECH MANAGER: interrupt_speech. Script: None Event: None notify_user: False
09:50:03.727487 - SPEECH MANAGER: Speech server is <orca.speechdispatcherfactory.SpeechServer object at 0x7132c76d96a0>
09:50:03.727597 - BRAILLE: Kill flash message orca.shutdown:118 > presentation_manager.interrupt_presentation:88 > braille_presenter.kill_flash:1829 > braille.kill_flash:2182
09:50:03.728150 - GSETTINGS SCHEMA HANDLE: speech/enable not set [app:accessibility_probe, profile:default]
09:50:03.728186 - GSETTINGS REGISTRY: speech/enable using default value = True
09:50:03.728231 - GSETTINGS SCHEMA HANDLE: speech/messages-are-detailed not set [app:accessibility_probe, profile:default]
09:50:03.728246 - GSETTINGS REGISTRY: speech/messages-are-detailed using default value = True
09:50:03.728280 - GSETTINGS SCHEMA HANDLE: speech/only-speak-displayed-text not set [app:accessibility_probe, profile:default]
09:50:03.728293 - GSETTINGS REGISTRY: speech/only-speak-displayed-text using default value = False
09:50:03.728332 - GSETTINGS SCHEMA HANDLE: voice/established not set [app:accessibility_probe, profile:default]
09:50:03.728368 - GSETTINGS SCHEMA HANDLE: voice/rate not set [app:accessibility_probe, profile:default]
09:50:03.728403 - GSETTINGS SCHEMA HANDLE: voice/pitch not set [app:accessibility_probe, profile:default]
09:50:03.728437 - GSETTINGS SCHEMA HANDLE: voice/volume not set [app:accessibility_probe, profile:default]
09:50:03.728474 - GSETTINGS SCHEMA HANDLE: voice/family-name not set [app:accessibility_probe, profile:default]
09:50:03.728507 - GSETTINGS SCHEMA HANDLE: voice/family-lang not set [app:accessibility_probe, profile:default]
09:50:03.728539 - GSETTINGS SCHEMA HANDLE: voice/family-dialect not set [app:accessibility_probe, profile:default]
09:50:03.728572 - GSETTINGS SCHEMA HANDLE: voice/family-gender not set [app:accessibility_probe, profile:default]
09:50:03.728605 - GSETTINGS SCHEMA HANDLE: voice/family-variant not set [app:accessibility_probe, profile:default]
09:50:03.728708 - GSETTINGS SCHEMA HANDLE: speech/punctuation-level not set [app:accessibility_probe, profile:default]
09:50:03.728726 - GSETTINGS REGISTRY: speech/punctuation-level using default value = 'most'
09:50:03.728816 - SPEECH PRESENTER: Adjusting 'Screen reader off.' from None start_offset: None
09:50:03.728857 - GSETTINGS SCHEMA HANDLE: speech/repeated-character-limit not set [app:accessibility_probe, profile:default]
09:50:03.728870 - GSETTINGS REGISTRY: speech/repeated-character-limit using default value = 4
09:50:03.728912 - GSETTINGS SCHEMA HANDLE: speech/use-pronunciation-dictionary not set [app:accessibility_probe, profile:default]
09:50:03.728926 - GSETTINGS REGISTRY: speech/use-pronunciation-dictionary using default value = True
09:50:03.728948 - SPEECH PRESENTER: Adjusted text: 'Screen reader off.'
09:50:03.728961 - SPEECH: Speak 'Screen reader off.' acss: {'established': False}
09:50:03.728973 - SPEECH OUTPUT: 'Screen reader off.' {'established': False}
09:50:03.729001 - SPEECH DISPATCHER: Speaking 'Screen reader off.' as string
09:50:03.729308 - SPEECH DISPATCHER: Speaking '<speak><mark name="0:6"/>Screen <mark name="7:13"/>reader <mark name="14:18"/>off.</speak>' 
                  ORCA rate 50.0, pitch 5.0, volume 10.0, language C, punctuation: SOME
                  SD rate 2, pitch 10, volume 100, language c
09:50:03.729811 - SPEECH MANAGER: Speech server is <orca.speechdispatcherfactory.SpeechServer object at 0x7132c76d96a0>
09:50:03.729884 - GSETTINGS SCHEMA HANDLE: speech/capitalization-style not set [app:accessibility_probe, profile:default]
09:50:03.729903 - GSETTINGS REGISTRY: speech/capitalization-style using default value = 'none'
09:50:03.730220 - SPEECH MANAGER: Speech server is <orca.speechdispatcherfactory.SpeechServer object at 0x7132c76d96a0>
09:50:03.730280 - GSETTINGS SCHEMA HANDLE: speech/punctuation-level not set [app:accessibility_probe, profile:default]
09:50:03.730296 - GSETTINGS REGISTRY: speech/punctuation-level using default value = 'most'
09:50:03.730393 - GSETTINGS SCHEMA HANDLE: braille/enabled not set [app:accessibility_probe, profile:default]
09:50:03.730412 - GSETTINGS REGISTRY: braille/enabled using default value = True
09:50:03.730445 - GSETTINGS SCHEMA HANDLE: braille/flash-messages not set [app:accessibility_probe, profile:default]
09:50:03.730458 - GSETTINGS REGISTRY: braille/flash-messages using default value = True
09:50:03.730489 - GSETTINGS SCHEMA HANDLE: braille/flash-messages-detailed not set [app:accessibility_probe, profile:default]
09:50:03.730506 - GSETTINGS REGISTRY: braille/flash-messages-detailed using default value = True
09:50:03.730539 - GSETTINGS SCHEMA HANDLE: braille/enabled not set [app:accessibility_probe, profile:default]
09:50:03.730551 - GSETTINGS REGISTRY: braille/enabled using default value = True
09:50:03.730583 - GSETTINGS SCHEMA HANDLE: braille/flash-messages-persistent not set [app:accessibility_probe, profile:default]
09:50:03.730594 - GSETTINGS REGISTRY: braille/flash-messages-persistent using default value = False
09:50:03.730625 - GSETTINGS SCHEMA HANDLE: braille/flash-message-duration not set [app:accessibility_probe, profile:default]
09:50:03.730637 - GSETTINGS REGISTRY: braille/flash-message-duration using default value = 5000
09:50:03.730649 - BRAILLE: Display message: 'Screen reader off.' (flash_time: 5000)
09:50:03.730659 - BRAILLE: Initializing flash: Source ID: 0
09:50:03.730695 - BRAILLE: Not contracting 'Screen reader off.' because contracted braille is not enabled.
09:50:03.730737 - BRAILLE: Refresh. Pan: True target: 0
09:50:03.730782 - GSETTINGS SCHEMA HANDLE: braille/enabled not set [app:accessibility_probe, profile:default]
09:50:03.730796 - GSETTINGS REGISTRY: braille/enabled using default value = True
09:50:03.730835 - BRAILLE: Last text object: None (Caret: 0, Line: 0, Cell: 0)
09:50:03.730882 - BRAILLE: Current text object: None (Caret: 0, Line: 0). On same line: False
09:50:03.730897 - BRAILLE: Line 0: 'Screen reader off.' focusOffset: 0 [[0, 18]]
09:50:03.730910 - BRAILLE: Current range: (0, 32). Target cell: 0
09:50:03.730922 - BRAILLE LINE:  'Screen reader off.'
09:50:03.730933 -      VISIBLE:  'Screen reader off.', cursor=0
09:50:03.730962 - BRAILLE: Enabling braille. BrlAPI running: False
09:50:03.730972 - BRAILLE: Need to initialize first.
09:50:03.731013 - BRAILLE: Initializing. Callback: input_event_manager.InputEventManager.process_braille_event
09:50:03.731047 - BRAILLE: WINDOWPATH= None
09:50:03.731076 - BRAILLE: XDG_VTNR= 1
09:50:03.731109 - BRAILLE: Attempting connection with BrlAPI.
09:50:03.731320 - REMOTE CONTROLLER: Attempting to shut down D-Bus service.
09:50:03.731339 - DBUS SERVICE: Releasing D-Bus resources for service.
09:50:03.731353 - DBUS SERVICE: Shutting down and unpublishing module SystemInformationPresenter from main service.
09:50:03.731424 - DBUS SERVICE: Shutting down and unpublishing module FlatReviewPresenter from main service.
09:50:03.731456 - DBUS SERVICE: Shutting down and unpublishing module SleepModeManager from main service.
09:50:03.731483 - DBUS SERVICE: Shutting down and unpublishing module SpellCheckPresenter from main service.
09:50:03.731549 - BRAILLE: BrlAPI Connection is unavailable (ConnectionError): couldn't connect to b':0' with key b'keyfile:/etc/brlapi.key+polkit': connect: No such file or directory
                  (brlerrno 11, libcerrno 2, gaierrno 0)
                  Is BRLTTY really running?
09:50:03.731586 - DBUS SERVICE: Shutting down and unpublishing module NotificationPresenter from main service.
09:50:03.731672 - DBUS SERVICE: Shutting down and unpublishing module MouseReviewer from main service.
09:50:03.731700 - DBUS SERVICE: Shutting down and unpublishing module WhereAmIPresenter from main service.
09:50:03.731724 - DBUS SERVICE: Shutting down and unpublishing module TypingEchoPresenter from main service.
09:50:03.731748 - DBUS SERVICE: Shutting down and unpublishing module ObjectNavigator from main service.
09:50:03.731769 - DBUS SERVICE: Shutting down and unpublishing module SpeechPresenter from main service.
09:50:03.731792 - DBUS SERVICE: Shutting down and unpublishing module DocumentPresenter from main service.
09:50:03.731816 - DBUS SERVICE: Shutting down and unpublishing module ProfileManager from main service.
09:50:03.731838 - DBUS SERVICE: Shutting down and unpublishing module StructuralNavigator from main service.
09:50:03.731862 - DBUS SERVICE: Shutting down and unpublishing module SpeechManager from main service.
09:50:03.731883 - DBUS SERVICE: Shutting down and unpublishing module SayAllPresenter from main service.
09:50:03.731904 - DBUS SERVICE: Shutting down and unpublishing module CaretNavigator from main service.
09:50:03.731930 - DBUS SERVICE: Shutting down and unpublishing module ChatPresenter from main service.
09:50:03.731953 - DBUS SERVICE: Shutting down and unpublishing module TextAttributeManager from main service.
09:50:03.731986 - DBUS SERVICE: Shutting down and unpublishing module CommandManager from main service.
09:50:03.732014 - DBUS SERVICE: Shutting down and unpublishing module SoundPresenter from main service.
09:50:03.732037 - DBUS SERVICE: Shutting down and unpublishing module ClipboardPresenter from main service.
09:50:03.732057 - DBUS SERVICE: Shutting down and unpublishing module BraillePresenter from main service.
09:50:03.732078 - DBUS SERVICE: Shutting down and unpublishing module ActionPresenter from main service.
09:50:03.732098 - DBUS SERVICE: Shutting down and unpublishing module TableNavigator from main service.
09:50:03.732657 - REMOTE CONTROLLER: D-Bus service shut down.
09:50:03.732683 - ORCA MODIFIER MANAGER: Unsetting Orca modifiers: Shutting down.
09:50:03.738793 - ORCA MODIFIER MANAGER: Original xmodmap restored
09:50:03.739018 - EVENT MANAGER: Pause queueing: True. Clear queue: True. Shutting down.
09:50:03.739130 - INPUT EVENT MANAGER: Pause queueing: True. Shutting down.
09:50:03.739148 - SCRIPT MANAGER: Deactivating <unknown>.<module>:373 > orca._glib_shutdown_handler:182 > orca.shutdown:129 > script_manager.deactivate:70
09:50:03.739618 - EVENT MANAGER: De-registering listeners for: default (module=orca.scripts.default)
09:50:03.739639 - EVENT MANAGER: deregistering listener for: document:attributes-changed
09:50:03.739927 - EVENT MANAGER: deregistering listener for: document:load-complete
09:50:03.740168 - EVENT MANAGER: deregistering listener for: document:load-stopped
09:50:03.740332 - EVENT MANAGER: deregistering listener for: document:page-changed
09:50:03.740453 - EVENT MANAGER: deregistering listener for: document:reload
09:50:03.740706 - EVENT MANAGER: deregistering listener for: mouse:button
09:50:03.740828 - EVENT MANAGER: deregistering listener for: object:active-descendant-changed
09:50:03.740950 - EVENT MANAGER: deregistering listener for: object:announcement
09:50:03.741074 - EVENT MANAGER: deregistering listener for: object:attributes-changed
09:50:03.741188 - EVENT MANAGER: deregistering listener for: object:children-changed:add
09:50:03.741310 - EVENT MANAGER: deregistering listener for: object:children-changed:remove
09:50:03.741426 - EVENT MANAGER: deregistering listener for: object:column-reordered
09:50:03.741534 - EVENT MANAGER: deregistering listener for: object:property-change:accessible-description
09:50:03.741648 - EVENT MANAGER: deregistering listener for: object:property-change:accessible-name
09:50:03.741763 - EVENT MANAGER: deregistering listener for: object:property-change:accessible-value
09:50:03.741873 - EVENT MANAGER: deregistering listener for: object:row-reordered
09:50:03.741987 - EVENT MANAGER: deregistering listener for: object:selection-changed
09:50:03.742097 - EVENT MANAGER: deregistering listener for: object:state-changed:active
09:50:03.742210 - EVENT MANAGER: deregistering listener for: object:state-changed:busy
09:50:03.742323 - EVENT MANAGER: deregistering listener for: object:state-changed:checked
09:50:03.742435 - EVENT MANAGER: deregistering listener for: object:state-changed:expanded
09:50:03.742546 - EVENT MANAGER: deregistering listener for: object:state-changed:focused
09:50:03.742659 - EVENT MANAGER: deregistering listener for: object:state-changed:indeterminate
09:50:03.742771 - EVENT MANAGER: deregistering listener for: object:state-changed:invalid-entry
09:50:03.742882 - EVENT MANAGER: deregistering listener for: object:state-changed:pressed
09:50:03.742995 - EVENT MANAGER: deregistering listener for: object:state-changed:selected
09:50:03.743108 - EVENT MANAGER: deregistering listener for: object:state-changed:sensitive
09:50:03.743217 - EVENT MANAGER: deregistering listener for: object:state-changed:showing
09:50:03.743341 - EVENT MANAGER: deregistering listener for: object:text-attributes-changed
09:50:03.743456 - EVENT MANAGER: deregistering listener for: object:text-caret-moved
09:50:03.743587 - EVENT MANAGER: deregistering listener for: object:text-changed:delete
09:50:03.743715 - EVENT MANAGER: deregistering listener for: object:text-changed:insert
09:50:03.743835 - EVENT MANAGER: deregistering listener for: object:text-selection-changed
09:50:03.743944 - EVENT MANAGER: deregistering listener for: object:value-changed
09:50:03.744056 - EVENT MANAGER: deregistering listener for: window:activate
09:50:03.744166 - EVENT MANAGER: deregistering listener for: window:create
09:50:03.744273 - EVENT MANAGER: deregistering listener for: window:deactivate
09:50:03.744382 - EVENT MANAGER: deregistering listener for: window:destroy
09:50:03.744568 - SCRIPT MANAGER: Deactivating accessibility_probe (module=orca.scripts.default) reason: deactivate
09:50:03.744660 - GSETTINGS SCHEMA HANDLE: keybindings/keyboard-layout not set [profile:default]
09:50:03.744681 - GSETTINGS REGISTRY: keybindings/keyboard-layout using default value = 'desktop'
09:50:03.744695 - COMMAND MANAGER: Setting keyboard layout is_desktop to True.
09:50:03.744828 - GSETTINGS SCHEMA HANDLE: keybindings/entries no dict values set
09:50:03.744847 - GSETTINGS REGISTRY: keybindings/entries using default value = {}
09:50:03.744858 - COMMAND MANAGER: No user overrides to apply
09:50:03.744940 - GSETTINGS SCHEMA HANDLE: keybindings/keyboard-layout not set [profile:default]
09:50:03.744957 - GSETTINGS REGISTRY: keybindings/keyboard-layout using default value = 'desktop'
09:50:03.744997 - GSETTINGS SCHEMA HANDLE: keybindings/desktop-modifier-keys not set [profile:default]
09:50:03.745016 - GSETTINGS REGISTRY: keybindings/desktop-modifier-keys using default value = ['Insert', 'KP_Insert']

vvvvv COMMAND MANAGER: Grab diff: keyboard layout change (old: 77, new: 77) vvvvv
09:50:03.745057 -   No grab changes
^^^^^ COMMAND MANAGER: Diff completed in 0.0000s. Removed 0, added 0, transferred 0 ^^^^^

09:50:03.745084 - COMMAND MANAGER: Keyboard layout set to desktop.
09:50:03.745114 - GSETTINGS SCHEMA HANDLE: keybindings/keyboard-layout not set [profile:default]
09:50:03.745127 - GSETTINGS REGISTRY: keybindings/keyboard-layout using default value = 'desktop'
09:50:03.745150 - GSETTINGS SCHEMA HANDLE: keybindings/desktop-modifier-keys not set [profile:default]
09:50:03.745163 - GSETTINGS REGISTRY: keybindings/desktop-modifier-keys using default value = ['Insert', 'KP_Insert']
09:50:03.745180 - SCRIPT MANAGER: Deactivated
09:50:03.745193 - EVENT MANAGER: Deactivating <unknown>.<module>:373 > orca._glib_shutdown_handler:182 > orca.shutdown:130 > event_manager.deactivate:98
09:50:03.745653 - INPUT EVENT MANAGER: Stopping key watcher.
09:50:03.745738 - EVENT MANAGER: Deactivated
09:50:03.745758 - CLIPBOARD PRESENTER: Deactivating
09:50:03.745962 - CLIPBOARD PRESENTER: Deactivated
09:50:03.746007 - PRESENTATION MANAGER: Shutting down presenters
09:50:03.746558 - SPEECH MANAGER: shutdown_speech. Script: None Event: None notify_user: False
09:50:03.746821 - SPEECH MANAGER: Speech server is <orca.speechdispatcherfactory.SpeechServer object at 0x7132c76d96a0>
09:50:03.758402 - BRAILLE: Attempting braille shutdown.
09:50:03.758487 - BRAILLE: Braille was not running.
09:50:03.758501 - ORCA: Quitting Atspi main event loop
09:50:03.758531 - ORCA: Shutdown complete
