10:07:19.682889 - INFO: Preparing to launch.
10:07:19.683588 - ORCA: Attempt to load orca-customizations from /var/tmp/reactive-tui-api011/rtui-orca-7jqli7z_/data/orca/orca-customizations.py succeeded.
10:07:19.720312 - INFO: About to launch Orca.
10:07:19.721926 - ORCA: Accessibility enabled: false
10:07:19.721956 - ORCA: Enabling accessibility.
10:07:19.724119 - GSETTINGS REGISTRY: No dconf settings found; proceeding with migration.
10:07:19.724184 - GSETTINGS REGISTRY: Migrating 'live-regions' settings to GSettings.
10:07:19.724227 - GSETTINGS REGISTRY: Schema org.gnome.Orca.LiveRegions loaded
10:07:19.724289 - GSETTINGS REGISTRY: Migrating 'sound' settings to GSettings.
10:07:19.724302 - GSETTINGS REGISTRY: Schema org.gnome.Orca.Sound loaded
10:07:19.724331 - GSETTINGS REGISTRY: Migrating 'structural-navigation' settings to GSettings.
10:07:19.724342 - GSETTINGS REGISTRY: Schema org.gnome.Orca.StructuralNavigation loaded
10:07:19.724368 - GSETTINGS REGISTRY: Migrating 'say-all' settings to GSettings.
10:07:19.724381 - GSETTINGS REGISTRY: Schema org.gnome.Orca.SayAll loaded
10:07:19.724405 - GSETTINGS REGISTRY: Migrating 'caret-navigation' settings to GSettings.
10:07:19.724413 - GSETTINGS REGISTRY: Schema org.gnome.Orca.CaretNavigation loaded
10:07:19.724438 - GSETTINGS REGISTRY: Migrating 'table-navigation' settings to GSettings.
10:07:19.724446 - GSETTINGS REGISTRY: Schema org.gnome.Orca.TableNavigation loaded
10:07:19.724466 - GSETTINGS REGISTRY: Migrating 'document' settings to GSettings.
10:07:19.724473 - GSETTINGS REGISTRY: Schema org.gnome.Orca.Document loaded
10:07:19.724511 - GSETTINGS REGISTRY: Migrating 'speech' settings to GSettings.
10:07:19.724519 - GSETTINGS REGISTRY: Schema org.gnome.Orca.Speech loaded
10:07:19.724540 - GSETTINGS REGISTRY: Migrating 'voice' settings to GSettings.
10:07:19.724548 - GSETTINGS REGISTRY: Schema org.gnome.Orca.Voice loaded
10:07:19.724567 - GSETTINGS REGISTRY: Migrating 'typing-echo' settings to GSettings.
10:07:19.724577 - GSETTINGS REGISTRY: Schema org.gnome.Orca.TypingEcho loaded
10:07:19.724597 - GSETTINGS REGISTRY: Migrating 'chat' settings to GSettings.
10:07:19.724605 - GSETTINGS REGISTRY: Schema org.gnome.Orca.Chat loaded
10:07:19.724629 - GSETTINGS REGISTRY: Migrating 'flat-review' settings to GSettings.
10:07:19.724637 - GSETTINGS REGISTRY: Schema org.gnome.Orca.FlatReview loaded
10:07:19.724652 - GSETTINGS REGISTRY: Migrating 'mouse-review' settings to GSettings.
10:07:19.724659 - GSETTINGS REGISTRY: Schema org.gnome.Orca.MouseReview loaded
10:07:19.724681 - GSETTINGS REGISTRY: Migrating 'spellcheck' settings to GSettings.
10:07:19.724688 - GSETTINGS REGISTRY: Schema org.gnome.Orca.Spellcheck loaded
10:07:19.724707 - GSETTINGS REGISTRY: Migrating 'system-information' settings to GSettings.
10:07:19.724715 - GSETTINGS REGISTRY: Schema org.gnome.Orca.SystemInformation loaded
10:07:19.724737 - GSETTINGS REGISTRY: Migrating 'text-attributes' settings to GSettings.
10:07:19.724744 - GSETTINGS REGISTRY: Schema org.gnome.Orca.TextAttributes loaded
10:07:19.724774 - GSETTINGS REGISTRY: Migrating 'braille' settings to GSettings.
10:07:19.724782 - GSETTINGS REGISTRY: Schema org.gnome.Orca.Braille loaded
10:07:19.724802 - GSETTINGS REGISTRY: Migrating 'keybindings' settings to GSettings.
10:07:19.724811 - GSETTINGS REGISTRY: Schema org.gnome.Orca.Keybindings loaded
10:07:19.724829 - GSETTINGS REGISTRY: Schema org.gnome.Orca.ProfileMetadata loaded
10:07:19.731189 - ORCA: Loading User Settings
10:07:19.731233 - EVENT MANAGER: Pause queueing: True. Clear queue: True. Loading user settings.
10:07:19.731260 - INPUT EVENT MANAGER: Pause queueing: True. Loading user settings.
10:07:19.731584 - DEFAULT: Setting up commands for None
10:07:19.732069 - BRAILLE PRESENTER: Commands set up.
10:07:19.732093 - NOTIFICATION PRESENTER: Commands set up.
10:07:19.732103 - CLIPBOARD PRESENTER: Commands set up.
10:07:19.732110 - COMMAND MANAGER: Setting up commands.
10:07:19.732134 - SAY ALL PRESENTER: Commands set up.
10:07:19.732142 - TYPING ECHO PRESENTER: Commands set up.
10:07:19.732173 - SPEECH MANAGER: Commands set up.
10:07:19.732229 - SPEECH PRESENTER: Commands set up.
10:07:19.732260 - SLEEP MODE MANAGER: Commands set up.
10:07:19.732283 - SYSTEM INFORMATION PRESENTER: Commands set up.
10:07:19.732349 - OBJECT NAVIGATOR: Commands set up.
10:07:19.732406 - GSETTINGS REGISTRY: Schema org.gnome.Orca.CaretNavigation loaded
10:07:19.732650 - GSETTINGS SCHEMA HANDLE: caret-navigation/enabled not set [profile:default]
10:07:19.732683 - GSETTINGS REGISTRY: caret-navigation/enabled using default value = True
10:07:19.732813 - CARET NAVIGATOR: Commands set up. Suspended: False
10:07:19.733278 - STRUCTURAL NAVIGATOR: Commands set up. Suspended: False
10:07:19.733332 - TABLE NAVIGATOR: Commands set up.
10:07:19.733348 - DOCUMENT PRESENTER: Commands set up.
10:07:19.733375 - LIVE REGION PRESENTER: Commands set up.
10:07:19.733385 - LEARN MODE PRESENTER: Commands set up.
10:07:19.733393 - MOUSE REVIEW: Commands set up.
10:07:19.733400 - ACTION PRESENTER: Commands set up.
10:07:19.733567 - FLAT REVIEW PRESENTER: Commands set up.
10:07:19.733589 - FLAT REVIEW FINDER: Commands set up.
10:07:19.733628 - WHERE AM I PRESENTER: Commands set up.
10:07:19.733637 - DEBUGGING TOOLS MANAGER: Commands set up.
10:07:19.733647 - CHAT PRESENTER: Commands set up.
10:07:19.733655 - PROFILE MANAGER: Commands set up.
10:07:19.733668 - BRAILLE: Setting up key ranges.
10:07:19.733696 - BRAILLE: Initializing. Callback: None
10:07:19.733718 - BRAILLE: WINDOWPATH= None
10:07:19.733732 - BRAILLE: XDG_VTNR= 1
10:07:19.733758 - BRAILLE: Attempting connection with BrlAPI.
10:07:19.733912 - BRAILLE: Not setting up key ranges: BrlAPI not running.
10:07:19.733944 - DEFAULT: Commands set up: 219 keyboard commands
10:07:19.733956 - SCRIPT: default (module=orca.scripts.default) initialized
10:07:19.733986 - GSETTINGS REGISTRY: Schema org.gnome.Orca.Keybindings loaded
10:07:19.734052 - BRAILLE: BrlAPI Connection is unavailable (ConnectionError): couldn't connect to b':0' with key b'keyfile:/etc/brlapi.key+polkit': connect: No such file or directory
                  (brlerrno 11, libcerrno 2, gaierrno 0)
                  Is BRLTTY really running?
10:07:19.734109 - GSETTINGS SCHEMA HANDLE: keybindings/keyboard-layout not set [profile:default]
10:07:19.734148 - GSETTINGS REGISTRY: keybindings/keyboard-layout using default value = 'desktop'
10:07:19.734157 - COMMAND MANAGER: Setting keyboard layout is_desktop to True.
10:07:19.734193 - GSETTINGS SCHEMA HANDLE: keybindings/entries no dict values set
10:07:19.734199 - GSETTINGS REGISTRY: keybindings/entries using default value = {}
10:07:19.734204 - COMMAND MANAGER: No user overrides to apply
10:07:19.734208 - COMMAND MANAGER: Device not ready, skipping grab updates.
10:07:19.734212 - COMMAND MANAGER: Keyboard layout set to desktop.
10:07:19.734218 - PRESENTATION MANAGER: Starting presenters
10:07:19.734262 - SPEECH MANAGER: start_speech. Script: None Event: None notify_user: False
10:07:19.734267 - SPEECH MANAGER: Initializing server
10:07:19.734282 - GSETTINGS REGISTRY: Schema org.gnome.Orca.Speech loaded
10:07:19.734307 - GSETTINGS SCHEMA HANDLE: speech/speech-server-factory not set [profile:default]
10:07:19.734312 - GSETTINGS REGISTRY: speech/speech-server-factory using default value = 'speechdispatcherfactory'
10:07:19.907494 - SPEECH MANAGER: Using speech server factory: speechdispatcherfactory
10:07:19.907583 - GSETTINGS SCHEMA HANDLE: speech/synthesizer not set [profile:default]
10:07:19.907613 - GSETTINGS REGISTRY: Schema org.gnome.Orca.Voice loaded
10:07:19.907652 - GSETTINGS SCHEMA HANDLE: voice/established not set [profile:default]
10:07:19.907668 - GSETTINGS SCHEMA HANDLE: voice/rate not set [profile:default]
10:07:19.907679 - GSETTINGS SCHEMA HANDLE: voice/pitch not set [profile:default]
10:07:19.907689 - GSETTINGS SCHEMA HANDLE: voice/volume not set [profile:default]
10:07:19.907702 - GSETTINGS SCHEMA HANDLE: voice/family-name not set [profile:default]
10:07:19.907710 - GSETTINGS SCHEMA HANDLE: voice/family-lang not set [profile:default]
10:07:19.907718 - GSETTINGS SCHEMA HANDLE: voice/family-dialect not set [profile:default]
10:07:19.907736 - GSETTINGS SCHEMA HANDLE: voice/family-gender not set [profile:default]
10:07:19.907744 - GSETTINGS SCHEMA HANDLE: voice/family-variant not set [profile:default]
10:07:19.907761 - GSETTINGS SCHEMA HANDLE: speech/punctuation-level not set [profile:default]
10:07:19.907765 - GSETTINGS REGISTRY: speech/punctuation-level using default value = 'most'
10:07:19.907925 - GSETTINGS SCHEMA HANDLE: speech/capitalization-style not set [profile:default]
10:07:19.907929 - GSETTINGS REGISTRY: speech/capitalization-style using default value = 'none'
10:07:19.908035 - SPEECH MANAGER: Server initialized
10:07:19.908057 - GSETTINGS REGISTRY: Schema org.gnome.Orca.Braille loaded
10:07:19.908077 - GSETTINGS SCHEMA HANDLE: braille/enabled not set [profile:default]
10:07:19.908082 - GSETTINGS REGISTRY: braille/enabled using default value = True
10:07:19.908107 - BRAILLE: Initializing. Callback: input_event_manager.InputEventManager.process_braille_event
10:07:19.908112 - BRAILLE: BrlAPI connection already in progress.
10:07:19.908124 - GSETTINGS SCHEMA HANDLE: braille/contracted-braille not set [profile:default]
10:07:19.908128 - GSETTINGS REGISTRY: braille/contracted-braille using default value = False
10:07:19.908136 - GSETTINGS SCHEMA HANDLE: braille/contraction-table not set [profile:default]
10:07:19.908140 - GSETTINGS REGISTRY: braille/contraction-table using default value = ''
10:07:19.908149 - GSETTINGS SCHEMA HANDLE: braille/computer-braille-at-cursor not set [profile:default]
10:07:19.908153 - GSETTINGS REGISTRY: braille/computer-braille-at-cursor using default value = True
10:07:19.908160 - GSETTINGS SCHEMA HANDLE: braille/end-of-line-indicator not set [profile:default]
10:07:19.908163 - GSETTINGS REGISTRY: braille/end-of-line-indicator using default value = True
10:07:19.908171 - GSETTINGS SCHEMA HANDLE: braille/word-wrap not set [profile:default]
10:07:19.908174 - GSETTINGS REGISTRY: braille/word-wrap using default value = False
10:07:19.908183 - GSETTINGS SCHEMA HANDLE: braille/selector-indicator not set [profile:default]
10:07:19.908186 - GSETTINGS REGISTRY: braille/selector-indicator using default value = 'dots78'
10:07:19.908193 - BRAILLE PRESENTER: Getting selector indicator: 192.
10:07:19.908201 - GSETTINGS SCHEMA HANDLE: braille/link-indicator not set [profile:default]
10:07:19.908204 - GSETTINGS REGISTRY: braille/link-indicator using default value = 'dots78'
10:07:19.908208 - BRAILLE PRESENTER: Getting link indicator: 192.
10:07:19.908216 - GSETTINGS SCHEMA HANDLE: braille/text-attributes-indicator not set [profile:default]
10:07:19.908219 - GSETTINGS REGISTRY: braille/text-attributes-indicator using default value = 'none'
10:07:19.908222 - BRAILLE PRESENTER: Getting text attributes indicator: 0.
10:07:19.908235 - GSETTINGS REGISTRY: Schema org.gnome.Orca.Sound loaded
10:07:19.908250 - GSETTINGS SCHEMA HANDLE: sound/enabled not set [profile:default]
10:07:19.908254 - GSETTINGS REGISTRY: sound/enabled using default value = True
10:07:19.908272 - GSETTINGS REGISTRY: Schema org.gnome.Orca.MouseReview loaded
10:07:19.908287 - GSETTINGS SCHEMA HANDLE: mouse-review/enabled not set [profile:default]
10:07:19.908291 - GSETTINGS REGISTRY: mouse-review/enabled using default value = False
10:07:19.908298 - ORCA MODIFIER MANAGER: Refreshing Orca modifiers: Loading user settings.
10:07:19.908310 - GSETTINGS SCHEMA HANDLE: keybindings/keyboard-layout not set [profile:default]
10:07:19.908314 - GSETTINGS REGISTRY: keybindings/keyboard-layout using default value = 'desktop'
10:07:19.908322 - GSETTINGS SCHEMA HANDLE: keybindings/desktop-modifier-keys not set [profile:default]
10:07:19.908328 - GSETTINGS REGISTRY: keybindings/desktop-modifier-keys using default value = ['Insert', 'KP_Insert']
10:07:19.908337 - GSETTINGS SCHEMA HANDLE: keybindings/keyboard-layout not set [profile:default]
10:07:19.908340 - GSETTINGS REGISTRY: keybindings/keyboard-layout using default value = 'desktop'
10:07:19.908347 - GSETTINGS SCHEMA HANDLE: keybindings/desktop-modifier-keys not set [profile:default]
10:07:19.908353 - GSETTINGS REGISTRY: keybindings/desktop-modifier-keys using default value = ['Insert', 'KP_Insert']
10:07:19.908393 - INPUT EVENT MANAGER: No device to add grab for Insert
10:07:19.908407 - INPUT EVENT MANAGER: No device to add grab for KP_Insert
10:07:19.908416 - ORCA MODIFIER MANAGER: No stored xmodmap found
10:07:19.910820 - ORCA MODIFIER MANAGER: Creating Orca xmodmap
10:07:19.910883 - GSETTINGS SCHEMA HANDLE: keybindings/keyboard-layout not set [profile:default]
10:07:19.910891 - GSETTINGS REGISTRY: keybindings/keyboard-layout using default value = 'desktop'
10:07:19.910902 - GSETTINGS SCHEMA HANDLE: keybindings/desktop-modifier-keys not set [profile:default]
10:07:19.910908 - GSETTINGS REGISTRY: keybindings/desktop-modifier-keys using default value = ['Insert', 'KP_Insert']
10:07:19.910920 - EVENT MANAGER: Pause queueing: False. Clear queue: False. User settings loaded.
10:07:19.910927 - INPUT EVENT MANAGER: Pause queueing: False. User settings loaded.
10:07:19.910932 - ORCA: User Settings Loaded
10:07:19.910955 - DEBUGGING TOOLS MANAGER: Orca version 50.1.2, AT-SPI2 version: 2.60.0, Session: x11 gnome
10:07:19.911280 - DEBUGGING TOOLS MANAGER: Desktop has 0 app(s):
10:07:19.911301 - ORCA: Running under systemd: False
10:07:19.911345 - ORCA: Connected to a11y applications gsetting: True
10:07:19.911353 - REMOTE CONTROLLER: Attempting to start D-Bus service.
10:07:19.911391 - REMOTE CONTROLLER: SessionMessageBus acquired: :1.6
10:07:19.912138 - REMOTE CONTROLLER: Service started name=org.gnome.Orca.Service path=/org/gnome/Orca/Service.
10:07:19.912158 - REMOTE CONTROLLER: Processing 25 pending module registrations.
10:07:19.912165 - REMOTE CONTROLLER: Processing pending registration for LiveRegionPresenter.
10:07:19.912222 - REMOTE CONTROLLER: Processing pending registration for SoundPresenter.
10:07:19.912296 - DBUS SERVICE: OrcaModuleDBusInterface for SoundPresenter initialized with 0 command(s), 0 parameterized command(s), 5 getter(s), 5 setter(s).
10:07:19.912431 - DBUS SERVICE: Successfully published SoundPresenter at /org/gnome/Orca/Service/SoundPresenter.
10:07:19.912438 - REMOTE CONTROLLER: Successfully registered 10 commands/getters/setters for module SoundPresenter.
10:07:19.912443 - REMOTE CONTROLLER: Processing pending registration for StructuralNavigator.
10:07:19.912644 - DBUS SERVICE: OrcaModuleDBusInterface for StructuralNavigator initialized with 85 command(s), 0 parameterized command(s), 4 getter(s), 4 setter(s).
10:07:19.912760 - DBUS SERVICE: Successfully published StructuralNavigator at /org/gnome/Orca/Service/StructuralNavigator.
10:07:19.912767 - REMOTE CONTROLLER: Successfully registered 93 commands/getters/setters for module StructuralNavigator.
10:07:19.912771 - REMOTE CONTROLLER: Processing pending registration for SayAllPresenter.
10:07:19.912852 - DBUS SERVICE: OrcaModuleDBusInterface for SayAllPresenter initialized with 3 command(s), 0 parameterized command(s), 10 getter(s), 10 setter(s).
10:07:19.912961 - DBUS SERVICE: Successfully published SayAllPresenter at /org/gnome/Orca/Service/SayAllPresenter.
10:07:19.912967 - REMOTE CONTROLLER: Successfully registered 23 commands/getters/setters for module SayAllPresenter.
10:07:19.912971 - REMOTE CONTROLLER: Processing pending registration for CaretNavigator.
10:07:19.913041 - DBUS SERVICE: OrcaModuleDBusInterface for CaretNavigator initialized with 12 command(s), 0 parameterized command(s), 3 getter(s), 3 setter(s).
10:07:19.913149 - DBUS SERVICE: Successfully published CaretNavigator at /org/gnome/Orca/Service/CaretNavigator.
10:07:19.913155 - REMOTE CONTROLLER: Successfully registered 18 commands/getters/setters for module CaretNavigator.
10:07:19.913160 - REMOTE CONTROLLER: Processing pending registration for TableNavigator.
10:07:19.913218 - DBUS SERVICE: OrcaModuleDBusInterface for TableNavigator initialized with 15 command(s), 0 parameterized command(s), 2 getter(s), 2 setter(s).
10:07:19.913317 - DBUS SERVICE: Successfully published TableNavigator at /org/gnome/Orca/Service/TableNavigator.
10:07:19.913323 - REMOTE CONTROLLER: Successfully registered 19 commands/getters/setters for module TableNavigator.
10:07:19.913330 - REMOTE CONTROLLER: Processing pending registration for DocumentPresenter.
10:07:19.913418 - DBUS SERVICE: OrcaModuleDBusInterface for DocumentPresenter initialized with 3 command(s), 0 parameterized command(s), 10 getter(s), 7 setter(s).
10:07:19.913528 - DBUS SERVICE: Successfully published DocumentPresenter at /org/gnome/Orca/Service/DocumentPresenter.
10:07:19.913535 - REMOTE CONTROLLER: Successfully registered 20 commands/getters/setters for module DocumentPresenter.
10:07:19.913540 - REMOTE CONTROLLER: Processing pending registration for SpeechPresenter.
10:07:19.913746 - DBUS SERVICE: OrcaModuleDBusInterface for SpeechPresenter initialized with 5 command(s), 0 parameterized command(s), 33 getter(s), 33 setter(s).
10:07:19.913851 - DBUS SERVICE: Successfully published SpeechPresenter at /org/gnome/Orca/Service/SpeechPresenter.
10:07:19.913857 - REMOTE CONTROLLER: Successfully registered 71 commands/getters/setters for module SpeechPresenter.
10:07:19.913862 - REMOTE CONTROLLER: Processing pending registration for SpeechManager.
10:07:19.914053 - DBUS SERVICE: OrcaModuleDBusInterface for SpeechManager initialized with 14 command(s), 1 parameterized command(s), 18 getter(s), 15 setter(s).
10:07:19.914165 - DBUS SERVICE: Successfully published SpeechManager at /org/gnome/Orca/Service/SpeechManager.
10:07:19.914171 - REMOTE CONTROLLER: Successfully registered 48 commands/getters/setters for module SpeechManager.
10:07:19.914176 - REMOTE CONTROLLER: Processing pending registration for TypingEchoPresenter.
10:07:19.914263 - DBUS SERVICE: OrcaModuleDBusInterface for TypingEchoPresenter initialized with 1 command(s), 0 parameterized command(s), 14 getter(s), 14 setter(s).
10:07:19.914365 - DBUS SERVICE: Successfully published TypingEchoPresenter at /org/gnome/Orca/Service/TypingEchoPresenter.
10:07:19.914372 - REMOTE CONTROLLER: Successfully registered 29 commands/getters/setters for module TypingEchoPresenter.
10:07:19.914377 - REMOTE CONTROLLER: Processing pending registration for SleepModeManager.
10:07:19.914400 - DBUS SERVICE: OrcaModuleDBusInterface for SleepModeManager initialized with 1 command(s), 0 parameterized command(s), 0 getter(s), 0 setter(s).
10:07:19.914505 - DBUS SERVICE: Successfully published SleepModeManager at /org/gnome/Orca/Service/SleepModeManager.
10:07:19.914511 - REMOTE CONTROLLER: Successfully registered 1 commands/getters/setters for module SleepModeManager.
10:07:19.914515 - REMOTE CONTROLLER: Processing pending registration for ActionPresenter.
10:07:19.914540 - DBUS SERVICE: OrcaModuleDBusInterface for ActionPresenter initialized with 1 command(s), 0 parameterized command(s), 0 getter(s), 0 setter(s).
10:07:19.914638 - DBUS SERVICE: Successfully published ActionPresenter at /org/gnome/Orca/Service/ActionPresenter.
10:07:19.914643 - REMOTE CONTROLLER: Successfully registered 1 commands/getters/setters for module ActionPresenter.
10:07:19.914647 - REMOTE CONTROLLER: Processing pending registration for ChatPresenter.
10:07:19.914702 - DBUS SERVICE: OrcaModuleDBusInterface for ChatPresenter initialized with 5 command(s), 0 parameterized command(s), 5 getter(s), 5 setter(s).
10:07:19.914799 - DBUS SERVICE: Successfully published ChatPresenter at /org/gnome/Orca/Service/ChatPresenter.
10:07:19.914805 - REMOTE CONTROLLER: Successfully registered 15 commands/getters/setters for module ChatPresenter.
10:07:19.914809 - REMOTE CONTROLLER: Processing pending registration for ClipboardPresenter.
10:07:19.914841 - DBUS SERVICE: OrcaModuleDBusInterface for ClipboardPresenter initialized with 1 command(s), 0 parameterized command(s), 0 getter(s), 0 setter(s).
10:07:19.914937 - DBUS SERVICE: Successfully published ClipboardPresenter at /org/gnome/Orca/Service/ClipboardPresenter.
10:07:19.914943 - REMOTE CONTROLLER: Successfully registered 1 commands/getters/setters for module ClipboardPresenter.
10:07:19.914947 - REMOTE CONTROLLER: Processing pending registration for FlatReviewPresenter.
10:07:19.915041 - DBUS SERVICE: OrcaModuleDBusInterface for FlatReviewPresenter initialized with 33 command(s), 0 parameterized command(s), 1 getter(s), 1 setter(s).
10:07:19.915271 - DBUS SERVICE: Successfully published FlatReviewPresenter at /org/gnome/Orca/Service/FlatReviewPresenter.
10:07:19.915301 - REMOTE CONTROLLER: Successfully registered 35 commands/getters/setters for module FlatReviewPresenter.
10:07:19.915317 - REMOTE CONTROLLER: Processing pending registration for MouseReviewer.
10:07:19.915420 - DBUS SERVICE: OrcaModuleDBusInterface for MouseReviewer initialized with 1 command(s), 0 parameterized command(s), 2 getter(s), 2 setter(s).
10:07:19.915645 - DBUS SERVICE: Successfully published MouseReviewer at /org/gnome/Orca/Service/MouseReviewer.
10:07:19.915662 - REMOTE CONTROLLER: Successfully registered 5 commands/getters/setters for module MouseReviewer.
10:07:19.915674 - REMOTE CONTROLLER: Processing pending registration for NotificationPresenter.
10:07:19.915735 - DBUS SERVICE: OrcaModuleDBusInterface for NotificationPresenter initialized with 4 command(s), 0 parameterized command(s), 0 getter(s), 0 setter(s).
10:07:19.915932 - DBUS SERVICE: Successfully published NotificationPresenter at /org/gnome/Orca/Service/NotificationPresenter.
10:07:19.915948 - REMOTE CONTROLLER: Successfully registered 4 commands/getters/setters for module NotificationPresenter.
10:07:19.915959 - REMOTE CONTROLLER: Processing pending registration for ObjectNavigator.
10:07:19.916044 - DBUS SERVICE: OrcaModuleDBusInterface for ObjectNavigator initialized with 6 command(s), 0 parameterized command(s), 0 getter(s), 0 setter(s).
10:07:19.916245 - DBUS SERVICE: Successfully published ObjectNavigator at /org/gnome/Orca/Service/ObjectNavigator.
10:07:19.916260 - REMOTE CONTROLLER: Successfully registered 6 commands/getters/setters for module ObjectNavigator.
10:07:19.916272 - REMOTE CONTROLLER: Processing pending registration for ProfileManager.
10:07:19.916353 - DBUS SERVICE: OrcaModuleDBusInterface for ProfileManager initialized with 2 command(s), 0 parameterized command(s), 3 getter(s), 2 setter(s).
10:07:19.916548 - DBUS SERVICE: Successfully published ProfileManager at /org/gnome/Orca/Service/ProfileManager.
10:07:19.916563 - REMOTE CONTROLLER: Successfully registered 7 commands/getters/setters for module ProfileManager.
10:07:19.916575 - REMOTE CONTROLLER: Processing pending registration for SpellCheckPresenter.
10:07:19.916683 - DBUS SERVICE: OrcaModuleDBusInterface for SpellCheckPresenter initialized with 0 command(s), 0 parameterized command(s), 3 getter(s), 3 setter(s).
10:07:19.916879 - DBUS SERVICE: Successfully published SpellCheckPresenter at /org/gnome/Orca/Service/SpellCheckPresenter.
10:07:19.916894 - REMOTE CONTROLLER: Successfully registered 6 commands/getters/setters for module SpellCheckPresenter.
10:07:19.916906 - REMOTE CONTROLLER: Processing pending registration for SystemInformationPresenter.
10:07:19.917000 - DBUS SERVICE: OrcaModuleDBusInterface for SystemInformationPresenter initialized with 4 command(s), 0 parameterized command(s), 4 getter(s), 2 setter(s).
10:07:19.917197 - DBUS SERVICE: Successfully published SystemInformationPresenter at /org/gnome/Orca/Service/SystemInformationPresenter.
10:07:19.917212 - REMOTE CONTROLLER: Successfully registered 10 commands/getters/setters for module SystemInformationPresenter.
10:07:19.917223 - REMOTE CONTROLLER: Processing pending registration for TextAttributeManager.
10:07:19.917280 - DBUS SERVICE: OrcaModuleDBusInterface for TextAttributeManager initialized with 0 command(s), 0 parameterized command(s), 2 getter(s), 2 setter(s).
10:07:19.917474 - DBUS SERVICE: Successfully published TextAttributeManager at /org/gnome/Orca/Service/TextAttributeManager.
10:07:19.917489 - REMOTE CONTROLLER: Successfully registered 4 commands/getters/setters for module TextAttributeManager.
10:07:19.917501 - REMOTE CONTROLLER: Processing pending registration for WhereAmIPresenter.
10:07:19.917574 - DBUS SERVICE: OrcaModuleDBusInterface for WhereAmIPresenter initialized with 11 command(s), 0 parameterized command(s), 0 getter(s), 0 setter(s).
10:07:19.917791 - DBUS SERVICE: Successfully published WhereAmIPresenter at /org/gnome/Orca/Service/WhereAmIPresenter.
10:07:19.917810 - REMOTE CONTROLLER: Successfully registered 11 commands/getters/setters for module WhereAmIPresenter.
10:07:19.917818 - REMOTE CONTROLLER: Processing pending registration for BraillePresenter.
10:07:19.918121 - DBUS SERVICE: OrcaModuleDBusInterface for BraillePresenter initialized with 1 command(s), 0 parameterized command(s), 26 getter(s), 25 setter(s).
10:07:19.918271 - DBUS SERVICE: Successfully published BraillePresenter at /org/gnome/Orca/Service/BraillePresenter.
10:07:19.918278 - REMOTE CONTROLLER: Successfully registered 52 commands/getters/setters for module BraillePresenter.
10:07:19.918283 - REMOTE CONTROLLER: Processing pending registration for CommandManager.
10:07:19.918365 - DBUS SERVICE: OrcaModuleDBusInterface for CommandManager initialized with 1 command(s), 0 parameterized command(s), 3 getter(s), 3 setter(s).
10:07:19.918498 - DBUS SERVICE: Successfully published CommandManager at /org/gnome/Orca/Service/CommandManager.
10:07:19.918504 - REMOTE CONTROLLER: Successfully registered 7 commands/getters/setters for module CommandManager.
10:07:19.918533 - REMOTE CONTROLLER: Registration complete. Summary: 24 modules, 210 module commands, 148 module getters, 138 module setters, 6 system commands. Total handlers: 502.
10:07:19.918566 - GSETTINGS SCHEMA HANDLE: speech/enable not set [profile:default]
10:07:19.918572 - GSETTINGS REGISTRY: speech/enable using default value = True
10:07:19.918586 - GSETTINGS SCHEMA HANDLE: speech/messages-are-detailed not set [profile:default]
10:07:19.918590 - GSETTINGS REGISTRY: speech/messages-are-detailed using default value = True
10:07:19.918600 - GSETTINGS SCHEMA HANDLE: speech/only-speak-displayed-text not set [profile:default]
10:07:19.918604 - GSETTINGS REGISTRY: speech/only-speak-displayed-text using default value = False
10:07:19.918632 - GSETTINGS SCHEMA HANDLE: voice/established not set [profile:default]
10:07:19.918642 - GSETTINGS SCHEMA HANDLE: voice/rate not set [profile:default]
10:07:19.918652 - GSETTINGS SCHEMA HANDLE: voice/pitch not set [profile:default]
10:07:19.918661 - GSETTINGS SCHEMA HANDLE: voice/volume not set [profile:default]
10:07:19.918672 - GSETTINGS SCHEMA HANDLE: voice/family-name not set [profile:default]
10:07:19.918680 - GSETTINGS SCHEMA HANDLE: voice/family-lang not set [profile:default]
10:07:19.918694 - GSETTINGS SCHEMA HANDLE: voice/family-dialect not set [profile:default]
10:07:19.918737 - GSETTINGS SCHEMA HANDLE: voice/family-gender not set [profile:default]
10:07:19.918751 - GSETTINGS SCHEMA HANDLE: voice/family-variant not set [profile:default]
10:07:19.918805 - GSETTINGS SCHEMA HANDLE: speech/punctuation-level not set [profile:default]
10:07:19.918812 - GSETTINGS REGISTRY: speech/punctuation-level using default value = 'most'
10:07:19.918868 - SPEECH PRESENTER: Adjusting 'Screen reader on.' from None start_offset: None
10:07:19.918882 - GSETTINGS SCHEMA HANDLE: speech/repeated-character-limit not set [profile:default]
10:07:19.918889 - GSETTINGS REGISTRY: speech/repeated-character-limit using default value = 4
10:07:19.918988 - GSETTINGS SCHEMA HANDLE: speech/use-pronunciation-dictionary not set [profile:default]
10:07:19.918997 - GSETTINGS REGISTRY: speech/use-pronunciation-dictionary using default value = True
10:07:19.919044 - GSETTINGS REGISTRY: Schema org.gnome.Orca.Pronunciations loaded
10:07:19.919069 - GSETTINGS SCHEMA HANDLE: pronunciations/entries no dict values set
10:07:19.919074 - GSETTINGS REGISTRY: pronunciations/entries using default value = {}
10:07:19.919083 - SPEECH PRESENTER: Adjusted text: 'Screen reader on.'
10:07:19.919091 - SPEECH: Speak 'Screen reader on.' acss: {'established': False}
10:07:19.919097 - SPEECH OUTPUT: 'Screen reader on.' {'established': False}
10:07:19.919101 - SPEECH DISPATCHER: Speaking 'Screen reader on.' as string
10:07:19.919279 - SPEECH DISPATCHER: Speaking '<speak><mark name="0:6"/>Screen <mark name="7:13"/>reader <mark name="14:17"/>on.</speak>' 
                  ORCA rate 50.0, pitch 5.0, volume 10.0, language C, punctuation: SOME
                  SD rate 2, pitch 10, volume 100, language c
10:07:19.919703 - SPEECH MANAGER: Speech server is <orca.speechdispatcherfactory.SpeechServer object at 0x7a29e89e96a0>
10:07:19.919731 - GSETTINGS SCHEMA HANDLE: speech/capitalization-style not set [profile:default]
10:07:19.919738 - GSETTINGS REGISTRY: speech/capitalization-style using default value = 'none'
10:07:19.919943 - SPEECH MANAGER: Speech server is <orca.speechdispatcherfactory.SpeechServer object at 0x7a29e89e96a0>
10:07:19.919961 - GSETTINGS SCHEMA HANDLE: speech/punctuation-level not set [profile:default]
10:07:19.919966 - GSETTINGS REGISTRY: speech/punctuation-level using default value = 'most'
10:07:19.920002 - GSETTINGS SCHEMA HANDLE: braille/enabled not set [profile:default]
10:07:19.920008 - GSETTINGS REGISTRY: braille/enabled using default value = True
10:07:19.920016 - GSETTINGS SCHEMA HANDLE: braille/flash-messages not set [profile:default]
10:07:19.920020 - GSETTINGS REGISTRY: braille/flash-messages using default value = True
10:07:19.920027 - GSETTINGS SCHEMA HANDLE: braille/flash-messages-detailed not set [profile:default]
10:07:19.920030 - GSETTINGS REGISTRY: braille/flash-messages-detailed using default value = True
10:07:19.920038 - GSETTINGS SCHEMA HANDLE: braille/enabled not set [profile:default]
10:07:19.920041 - GSETTINGS REGISTRY: braille/enabled using default value = True
10:07:19.920047 - GSETTINGS SCHEMA HANDLE: braille/flash-messages-persistent not set [profile:default]
10:07:19.920050 - GSETTINGS REGISTRY: braille/flash-messages-persistent using default value = False
10:07:19.920057 - GSETTINGS SCHEMA HANDLE: braille/flash-message-duration not set [profile:default]
10:07:19.920061 - GSETTINGS REGISTRY: braille/flash-message-duration using default value = 5000
10:07:19.920066 - BRAILLE: Display message: 'Screen reader on.' (flash_time: 5000)
10:07:19.920071 - BRAILLE: Initializing flash: Source ID: 0
10:07:19.920090 - BRAILLE: Not contracting 'Screen reader on.' because contracted braille is not enabled.
10:07:19.920173 - BRAILLE: Refresh. Pan: True target: 0
10:07:19.920190 - GSETTINGS SCHEMA HANDLE: braille/enabled not set [profile:default]
10:07:19.920195 - GSETTINGS REGISTRY: braille/enabled using default value = True
10:07:19.920216 - BRAILLE: Last text object: None (Caret: 0, Line: 0, Cell: 0)
10:07:19.920242 - BRAILLE: Current text object: None (Caret: 0, Line: 0). On same line: False
10:07:19.920248 - BRAILLE: Line 0: 'Screen reader on.' focusOffset: 0 [[0, 17]]
10:07:19.920254 - BRAILLE: Current range: (0, 32). Target cell: 0
10:07:19.920260 - BRAILLE LINE:  'Screen reader on.'
10:07:19.920264 -      VISIBLE:  'Screen reader on.', cursor=0
10:07:19.920278 - BRAILLE: Enabling braille. BrlAPI running: False
10:07:19.920281 - BRAILLE: Need to initialize first.
10:07:19.920296 - BRAILLE: Initializing. Callback: input_event_manager.InputEventManager.process_braille_event
10:07:19.920299 - BRAILLE: BrlAPI connection already in progress.
10:07:19.920313 - EVENT MANAGER: Activating <unknown>.<module>:373 > orca._activate_services:248 > event_manager.activate:85
10:07:19.923449 - INPUT EVENT MANAGER: Starting key watcher.
10:07:19.923497 - GSETTINGS SCHEMA HANDLE: keybindings/keyboard-layout not set [profile:default]
10:07:19.923506 - GSETTINGS REGISTRY: keybindings/keyboard-layout using default value = 'desktop'
10:07:19.923517 - GSETTINGS SCHEMA HANDLE: keybindings/desktop-modifier-keys not set [profile:default]
10:07:19.923523 - GSETTINGS REGISTRY: keybindings/desktop-modifier-keys using default value = ['Insert', 'KP_Insert']
10:07:19.923653 - INPUT EVENT MANAGER: Grab id for Insert: 0
10:07:19.923679 - INPUT EVENT MANAGER: Grab id for KP_Insert: 0
10:07:19.923684 - EVENT MANAGER: Activated
10:07:19.923690 - SCRIPT MANAGER: Activating <unknown>.<module>:373 > orca._activate_services:249 > script_manager.activate:56
10:07:19.923950 - EVENT MANAGER: Registering listeners for: default (module=orca.scripts.default)
10:07:19.923962 - EVENT MANAGER: registering listener for: document:attributes-changed
10:07:19.924205 - EVENT MANAGER: registering listener for: document:load-complete
10:07:19.924359 - EVENT MANAGER: registering listener for: document:load-stopped
10:07:19.924444 - EVENT MANAGER: registering listener for: document:page-changed
10:07:19.924506 - EVENT MANAGER: registering listener for: document:reload
10:07:19.924564 - EVENT MANAGER: registering listener for: mouse:button
10:07:19.924621 - EVENT MANAGER: registering listener for: object:active-descendant-changed
10:07:19.924678 - EVENT MANAGER: registering listener for: object:announcement
10:07:19.924733 - EVENT MANAGER: registering listener for: object:attributes-changed
10:07:19.924789 - EVENT MANAGER: registering listener for: object:children-changed:add
10:07:19.924864 - EVENT MANAGER: registering listener for: object:children-changed:remove
10:07:19.924936 - EVENT MANAGER: registering listener for: object:column-reordered
10:07:19.924997 - EVENT MANAGER: registering listener for: object:property-change:accessible-description
10:07:19.925071 - EVENT MANAGER: registering listener for: object:property-change:accessible-name
10:07:19.925145 - EVENT MANAGER: registering listener for: object:property-change:accessible-value
10:07:19.925215 - EVENT MANAGER: registering listener for: object:row-reordered
10:07:19.925269 - EVENT MANAGER: registering listener for: object:selection-changed
10:07:19.925324 - EVENT MANAGER: registering listener for: object:state-changed:active
10:07:19.925394 - EVENT MANAGER: registering listener for: object:state-changed:busy
10:07:19.925715 - EVENT MANAGER: registering listener for: object:state-changed:checked
10:07:19.925863 - EVENT MANAGER: registering listener for: object:state-changed:expanded
10:07:19.926086 - EVENT MANAGER: registering listener for: object:state-changed:focused
10:07:19.926923 - EVENT MANAGER: registering listener for: object:state-changed:indeterminate
10:07:19.927182 - EVENT MANAGER: registering listener for: object:state-changed:invalid-entry
10:07:19.927367 - EVENT MANAGER: registering listener for: object:state-changed:pressed
10:07:19.927541 - EVENT MANAGER: registering listener for: object:state-changed:selected
10:07:19.927709 - EVENT MANAGER: registering listener for: object:state-changed:sensitive
10:07:19.927877 - EVENT MANAGER: registering listener for: object:state-changed:showing
10:07:19.928058 - EVENT MANAGER: registering listener for: object:text-attributes-changed
10:07:19.928196 - EVENT MANAGER: registering listener for: object:text-caret-moved
10:07:19.928330 - EVENT MANAGER: registering listener for: object:text-changed:delete
10:07:19.928496 - EVENT MANAGER: registering listener for: object:text-changed:insert
10:07:19.928795 - EVENT MANAGER: registering listener for: object:text-selection-changed
10:07:19.928931 - EVENT MANAGER: registering listener for: object:value-changed
10:07:19.929072 - EVENT MANAGER: registering listener for: window:activate
10:07:19.929210 - EVENT MANAGER: registering listener for: window:create
10:07:19.929343 - EVENT MANAGER: registering listener for: window:deactivate
10:07:19.929477 - EVENT MANAGER: registering listener for: window:destroy
10:07:19.929666 - SCRIPT MANAGER: Setting active script to default (module=orca.scripts.default) reason: activate
10:07:19.929702 - DEFAULT: Activating script for None
10:07:19.929993 - SPEECH MANAGER: Speech server is <orca.speechdispatcherfactory.SpeechServer object at 0x7a29e89e96a0>
10:07:19.930099 - GSETTINGS SCHEMA HANDLE: speech/punctuation-level not set [profile:default]
10:07:19.930120 - GSETTINGS REGISTRY: speech/punctuation-level using default value = 'most'
10:07:19.930410 - SPEECH MANAGER: Speech server is <orca.speechdispatcherfactory.SpeechServer object at 0x7a29e89e96a0>
10:07:19.930443 - GSETTINGS SCHEMA HANDLE: speech/capitalization-style not set [profile:default]
10:07:19.930450 - GSETTINGS REGISTRY: speech/capitalization-style using default value = 'none'
10:07:19.930702 - SPEECH MANAGER: Speech server is <orca.speechdispatcherfactory.SpeechServer object at 0x7a29e89e96a0>
10:07:19.930755 - GSETTINGS SCHEMA HANDLE: speech/synthesizer not set [profile:default]
10:07:19.930779 - SCRIPT MANAGER: Active script is: default (module=orca.scripts.default)
10:07:19.930786 - CARET NAVIGATOR: Commands suspended: False: script activation, no prior state
10:07:19.930801 - GSETTINGS SCHEMA HANDLE: keybindings/keyboard-layout not set [profile:default]
10:07:19.930807 - GSETTINGS REGISTRY: keybindings/keyboard-layout using default value = 'desktop'
10:07:19.930816 - GSETTINGS SCHEMA HANDLE: keybindings/desktop-modifier-keys not set [profile:default]
10:07:19.930821 - GSETTINGS REGISTRY: keybindings/desktop-modifier-keys using default value = ['Insert', 'KP_Insert']
10:07:19.930856 - SCRIPT MANAGER: Active script is: default (module=orca.scripts.default)
10:07:19.930861 - STRUCTURAL NAVIGATOR: Suspended: False: script activation, no prior state
10:07:19.930870 - GSETTINGS SCHEMA HANDLE: keybindings/keyboard-layout not set [profile:default]
10:07:19.930873 - GSETTINGS REGISTRY: keybindings/keyboard-layout using default value = 'desktop'
10:07:19.930880 - GSETTINGS SCHEMA HANDLE: keybindings/desktop-modifier-keys not set [profile:default]
10:07:19.930884 - GSETTINGS REGISTRY: keybindings/desktop-modifier-keys using default value = ['Insert', 'KP_Insert']
10:07:19.930921 - STRUCTURAL NAVIGATOR: Setting mode for default (module=orca.scripts.default) to NavigationMode.OFF
10:07:19.930934 - SCRIPT MANAGER: Active script is: default (module=orca.scripts.default)
10:07:19.930945 - GSETTINGS SCHEMA HANDLE: keybindings/keyboard-layout not set [profile:default]
10:07:19.930951 - GSETTINGS REGISTRY: keybindings/keyboard-layout using default value = 'desktop'
10:07:19.930961 - GSETTINGS SCHEMA HANDLE: keybindings/desktop-modifier-keys not set [profile:default]
10:07:19.930967 - GSETTINGS REGISTRY: keybindings/desktop-modifier-keys using default value = ['Insert', 'KP_Insert']
10:07:19.931027 - CARET NAVIGATOR: Setting enabled state for default (module=orca.scripts.default) to False
10:07:19.931047 - SCRIPT MANAGER: Active script is: default (module=orca.scripts.default)
10:07:19.931064 - GSETTINGS SCHEMA HANDLE: keybindings/keyboard-layout not set [profile:default]
10:07:19.931070 - GSETTINGS REGISTRY: keybindings/keyboard-layout using default value = 'desktop'
10:07:19.931081 - GSETTINGS SCHEMA HANDLE: keybindings/desktop-modifier-keys not set [profile:default]
10:07:19.931087 - GSETTINGS REGISTRY: keybindings/desktop-modifier-keys using default value = ['Insert', 'KP_Insert']
10:07:19.931159 - COMMAND MANAGER: Activating commands: activated default (module=orca.scripts.default)
10:07:19.931317 - GSETTINGS SCHEMA HANDLE: keybindings/entries no dict values set
10:07:19.931335 - GSETTINGS REGISTRY: keybindings/entries using default value = {}
10:07:19.931347 - COMMAND MANAGER: No user overrides to apply
10:07:19.931442 - GSETTINGS SCHEMA HANDLE: keybindings/keyboard-layout not set [profile:default]
10:07:19.931458 - GSETTINGS REGISTRY: keybindings/keyboard-layout using default value = 'desktop'
10:07:19.931483 - GSETTINGS SCHEMA HANDLE: keybindings/desktop-modifier-keys not set [profile:default]
10:07:19.931496 - GSETTINGS REGISTRY: keybindings/desktop-modifier-keys using default value = ['Insert', 'KP_Insert']

vvvvv COMMAND MANAGER: Grab diff: activated default (module=orca.scripts.default) (old: 77, new: 77) vvvvv
10:07:19.936241 -   Added (46):
10:07:19.936265 -     Orca+KP_Divide: routePointerToItemHandler
10:07:19.936274 -     Orca+space: preferencesSettingsHandler
10:07:19.936280 -     Orca+Control+space: appPreferencesSettingsHandler
10:07:19.936285 -     Orca+s: toggleSilenceSpeechHandler
10:07:19.936289 -     Orca+v: toggleSpeechVerbosityHandler
10:07:19.936294 -     Orca+F11: toggleTableCellReadModeHandler
10:07:19.936298 -     Orca+Shift+d: toggle_speech_monitor
10:07:19.936302 -     Orca+t: presentTimeHandler
10:07:19.936306 -     Orca+t x2: presentDateHandler
10:07:19.936311 -     Orca+Control+Up: object_navigator_up
10:07:19.936315 -     Orca+Control+Down: object_navigator_down
10:07:19.936323 -     Orca+Control+Right: object_navigator_next
10:07:19.936327 -     Orca+Control+Left: object_navigator_previous
10:07:19.936331 -     Orca+Control+Return: object_navigator_perform_action
10:07:19.936335 -     Orca+Control+s: object_navigator_toggle_simplify
10:07:19.936339 -     Orca+F12: toggle_enabled
10:07:19.936343 -     Orca+z: structural_navigator_mode_cycle
10:07:19.936348 -     Orca+Shift+t: table_navigator_toggle_enabled
10:07:19.936352 -     Orca+Alt+Shift+Left: table_cell_beginning_of_row
10:07:19.936356 -     Orca+Alt+Shift+Right: table_cell_end_of_row
10:07:19.936386 -     Orca+Alt+Shift+Up: table_cell_top_of_column
10:07:19.936390 -     Orca+Alt+Shift+Down: table_cell_bottom_of_column
10:07:19.936394 -     Orca+Shift+r: set_dynamic_column_headers_row
10:07:19.936398 -     Orca+Shift+r x2: clear_dynamic_column_headers_row
10:07:19.936402 -     Orca+Shift+c: set_dynamic_row_headers_column
10:07:19.936406 -     Orca+Shift+c x2: clear_dynamic_row_headers_column
10:07:19.936410 -     Orca+a: toggle_presentation_mode
10:07:19.936414 -     Orca+a x2: enable_sticky_focus_mode
10:07:19.936418 -     Orca+a x3: enable_sticky_browse_mode
10:07:19.936422 -     Orca+backslash: toggle_live_region_support
10:07:19.936426 -     Orca+h: enterLearnModeHandler
10:07:19.936430 -     Orca+Shift+a: show_actions_list
10:07:19.936434 -     Orca+KP_Home: reviewHomeHandler
10:07:19.936438 -     Orca+KP_Page_Up: reviewEndHandler
10:07:19.936448 -     Orca+KP_End: reviewEndOfLineHandler
10:07:19.936452 -     Orca+KP_Begin: reviewCurrentAccessibleHandler
10:07:19.936456 -     Orca+KP_Left: reviewAboveHandler
10:07:19.936459 -     Orca+KP_Right: reviewBelowHandler
10:07:19.936463 -     Orca+KP_Delete: findNextHandler
10:07:19.936467 -     Orca+Shift+KP_Delete: findPreviousHandler
10:07:19.936471 -     Orca+f: readCharAttributesHandler
10:07:19.936475 -     Orca+KP_Enter: getTitleHandler
10:07:19.936479 -     Orca+KP_Enter x2: getStatusBarHandler
10:07:19.936483 -     Orca+e: present_default_button
10:07:19.936501 -     Orca+equal: present_cell_formula
10:07:19.936505 -     Orca+Shift+Up: whereAmISelectionHandler
^^^^^ COMMAND MANAGER: Diff completed in 0.0050s. Removed 0, added 46, transferred 0 ^^^^^

10:07:19.936538 - GSETTINGS SCHEMA HANDLE: speech/enable not set [profile:default]
10:07:19.936543 - GSETTINGS REGISTRY: speech/enable using default value = True
10:07:19.936547 - SPEECH MANAGER: Speech is enabled.
10:07:19.936580 - SPEECH MANAGER: start_speech. Script: None Event: None notify_user: False
10:07:19.936585 - SPEECH MANAGER: Initializing server
10:07:19.936589 - SPEECH MANAGER: Already initialized
10:07:19.936603 - GSETTINGS SCHEMA HANDLE: keybindings/keyboard-layout not set [profile:default]
10:07:19.936607 - GSETTINGS REGISTRY: keybindings/keyboard-layout using default value = 'desktop'
10:07:19.936611 - COMMAND MANAGER: Setting keyboard layout is_desktop to True.
10:07:19.936664 - GSETTINGS SCHEMA HANDLE: keybindings/entries no dict values set
10:07:19.936670 - GSETTINGS REGISTRY: keybindings/entries using default value = {}
10:07:19.936674 - COMMAND MANAGER: No user overrides to apply
10:07:19.936713 - GSETTINGS SCHEMA HANDLE: keybindings/keyboard-layout not set [profile:default]
10:07:19.936721 - GSETTINGS REGISTRY: keybindings/keyboard-layout using default value = 'desktop'
10:07:19.936729 - GSETTINGS SCHEMA HANDLE: keybindings/desktop-modifier-keys not set [profile:default]
10:07:19.936732 - GSETTINGS REGISTRY: keybindings/desktop-modifier-keys using default value = ['Insert', 'KP_Insert']

vvvvv COMMAND MANAGER: Grab diff: keyboard layout change (old: 77, new: 77) vvvvv
10:07:19.937391 -   No grab changes
^^^^^ COMMAND MANAGER: Diff completed in 0.0007s. Removed 0, added 0, transferred 0 ^^^^^

10:07:19.937412 - COMMAND MANAGER: Keyboard layout set to desktop.
10:07:19.937436 - GSETTINGS SCHEMA HANDLE: keybindings/keyboard-layout not set [profile:default]
10:07:19.937443 - GSETTINGS REGISTRY: keybindings/keyboard-layout using default value = 'desktop'
10:07:19.937457 - GSETTINGS SCHEMA HANDLE: keybindings/desktop-modifier-keys not set [profile:default]
10:07:19.937462 - GSETTINGS REGISTRY: keybindings/desktop-modifier-keys using default value = ['Insert', 'KP_Insert']
10:07:19.937467 - SCRIPT MANAGER: Activated
10:07:19.937609 - AXUtilities: Unable to find active window from []
10:07:19.937617 - CLIPBOARD PRESENTER: Activating
10:07:19.938652 - CLIPBOARD PRESENTER: Could not access klipper interface: The name org.kde.klipper was not provided by any .service files
10:07:19.938899 - CLIPBOARD PRESENTER: Could not access GPaste interface: The name org.gnome.GPaste was not provided by any .service files
10:07:19.939094 - CLIPBOARD PRESENTER: Using Gtk.Clipboard as fallback.
10:07:19.939108 - CLIPBOARD PRESENTER: Activated
10:07:19.939122 - ORCA: Starting Atspi main event loop
10:07:19.939255 - WARNING: Braille initialization failed: BrlAPI connection unavailable.
10:07:19.939272 - BRAILLE: Scheduling BrlAPI retry in 2000 ms.

10:07:19.939659 - EVENT MANAGER: object:children-changed:add for [desktop frame: 'main' (0x7a29e810ef80)]  in  (0, 0, [application: 'orca' (0x7a29e8a02c80)])
10:07:19.939690 - FOCUS MANAGER: Locus of focus is None
10:07:19.939920 - SCRIPT MANAGER: Active script is: default (module=orca.scripts.default)
10:07:19.939967 - EVENT MANAGER: Queueing object:children-changed:add for [desktop frame: 'main' (0x7a29e810f300)]  in  (0, 0, [application: 'orca' (0x7a29e810ef80)])
10:07:19.939989 - EVENT MANAGER: App for event source is None
10:07:19.940010 - SCRIPT MANAGER: Getting script for None [desktop frame: 'main' (0x7a29e810f340)] 
10:07:19.940070 - SCRIPT MANAGER: Script is app script default (module=orca.scripts.default)
10:07:19.940105 - EVENT MANAGER: object:children-changed:add for [desktop frame: 'main' (0x7a29e810f380)]  in  (0, 0, [application: 'orca' (0x7a29e810f440)]) has priority level: 6
10:07:19.940142 - EVENT MANAGER: Queued object:children-changed:add for [desktop frame: 'main' (0x7a29e810f480)]  in  (0, 0, [application: 'orca' (0x7a29e8a03580)]) priority: 6, counter: 0
10:07:19.940192 - EVENT MANAGER: Dequeueing object:children-changed:add for [desktop frame: 'main' (0x7a29e8a0d100)]  in  (0, 0, [application: 'orca' (0x7a29e8aa5100)])
10:07:19.940221 - EVENT MANAGER: Dequeued object:children-changed:add for [desktop frame: 'main' (0x7a29e810ef80)]  in  (0, 0, [application: 'orca' (0x7a29e810f240)]) priority: 6, counter: 0

vvvvv START PRIORITY-6 OBJECT EVENT OBJECT:CHILDREN-CHANGED:ADD (queue size: 0) vvvvv
10:07:19.940903 - EVENT SOURCE:
                  app='' name='main' role='desktop frame' axid='None' id=0x7a29fc327f80
                  description=''
                  help=''
                  locale=''
                  states=''
                  relations=''
                  actions=''
                  interfaces='Component'
                  attributes=''
                  text=''
                  path=[-1]
                  
                  EVENT ANY DATA:
                  name='orca' role='application' axid='' id=0x7a29fc327f80
                  description=''
                  help=''
                  locale='C.UTF-8'
                  states=''
                  relations=''
                  actions=''
                  interfaces='Collection'
                  attributes=''
                  text=''
                  path=[-1]
                  
10:07:19.940928 - SCRIPT MANAGER: Active script is: default (module=orca.scripts.default)
10:07:19.940949 - FOCUS MANAGER: Locus of focus is None
10:07:19.940984 - EVENT MANAGER: Getting script for event for None [desktop frame: 'main' (0x7a29e810fb40)] 
10:07:19.941005 - SCRIPT MANAGER: Getting script for None [desktop frame: 'main' (0x7a29e810fb40)] 
10:07:19.941062 - SCRIPT MANAGER: Script is app script default (module=orca.scripts.default)
10:07:19.941076 - EVENT MANAGER: Script for event is default (module=orca.scripts.default)
10:07:19.941082 - EVENT MANAGER: Processing object:children-changed:add: script for event is active
10:07:19.941093 - AXUtilitiesRelation: Clearing local cache. Reason: children-changed event.
10:07:19.941103 - AXObject: Clearing local cache. Reason: children-changed event.
10:07:19.941112 - AXUtilitiesRelation: Clearing local cache. Reason: children-changed event.
10:07:19.941119 - AXUtilitiesEvent: Clearing local cache. Reason: children-changed event.
10:07:19.941127 - AXUtilitiesSelection: Clearing cache. Reason: children-changed event.
TOTAL PROCESSING TIME: 0.0009
^^^^^ FINISHED PRIORITY-6 OBJECT EVENT OBJECT:CHILDREN-CHANGED:ADD ^^^^^


10:07:20.143851 - EVENT MANAGER: object:children-changed:add for [desktop frame: 'main' (0x7a29e8ab34c0)]  in  (1, 0, [application: 'xdg-desktop-portal-gtk' (0x7a29e89fb4c0)])
10:07:20.143904 - FOCUS MANAGER: Locus of focus is None
10:07:20.144025 - SCRIPT MANAGER: Active script is: default (module=orca.scripts.default)
10:07:20.144071 - EVENT MANAGER: Queueing object:children-changed:add for [desktop frame: 'main' (0x7a29e810fec0)]  in  (1, 0, [application: 'xdg-desktop-portal-gtk' (0x7a29e810fec0)])
10:07:20.144089 - EVENT MANAGER: App for event source is None
10:07:20.144108 - SCRIPT MANAGER: Getting script for None [desktop frame: 'main' (0x7a29e8aa7f80)] 
10:07:20.144177 - SCRIPT MANAGER: Script is app script default (module=orca.scripts.default)
10:07:20.144217 - EVENT MANAGER: object:children-changed:add for [desktop frame: 'main' (0x7a29fffcffc0)]  in  (1, 0, [application: 'xdg-desktop-portal-gtk' (0x7a29e810ffc0)]) has priority level: 6
10:07:20.144258 - EVENT MANAGER: Queued object:children-changed:add for [desktop frame: 'main' (0x7a29fffcffc0)]  in  (1, 0, [application: 'xdg-desktop-portal-gtk' (0x7a29e810ffc0)]) priority: 6, counter: 1
10:07:20.144378 - EVENT MANAGER: Dequeueing object:children-changed:add for [desktop frame: 'main' (0x7a29e810ffc0)]  in  (1, 0, [application: 'xdg-desktop-portal-gtk' (0x7a29e8a3ff40)])
10:07:20.144411 - EVENT MANAGER: Dequeued object:children-changed:add for [desktop frame: 'main' (0x7a29e8aa4040)]  in  (1, 0, [application: 'xdg-desktop-portal-gtk' (0x7a29e8124040)]) priority: 6, counter: 1

vvvvv START PRIORITY-6 OBJECT EVENT OBJECT:CHILDREN-CHANGED:ADD (queue size: 0) vvvvv
10:07:20.144949 - EVENT SOURCE:
                  app='' name='main' role='desktop frame' axid='None' id=0x7a29e8a3ff80
                  description=''
                  help=''
                  locale=''
                  states=''
                  relations=''
                  actions=''
                  interfaces='Component'
                  attributes=''
                  text=''
                  path=[-1]
                  
                  EVENT ANY DATA:
                  name='xdg-desktop-portal-gtk' role='application' axid='' id=0x7a29e8a3ff80
                  description=''
                  help=''
                  locale='C.UTF-8'
                  states=''
                  relations=''
                  actions=''
                  interfaces='Collection'
                  attributes=''
                  text=''
                  path=[-1]
                  
10:07:20.144984 - SCRIPT MANAGER: Active script is: default (module=orca.scripts.default)
10:07:20.145006 - FOCUS MANAGER: Locus of focus is None
10:07:20.145032 - EVENT MANAGER: Getting script for event for None [desktop frame: 'main' (0x7a29fc327f80)] 
10:07:20.145050 - SCRIPT MANAGER: Getting script for None [desktop frame: 'main' (0x7a29fc327f80)] 
10:07:20.145101 - SCRIPT MANAGER: Script is app script default (module=orca.scripts.default)
10:07:20.145115 - EVENT MANAGER: Script for event is default (module=orca.scripts.default)
10:07:20.145121 - EVENT MANAGER: Processing object:children-changed:add: script for event is active
10:07:20.145132 - AXUtilitiesRelation: Clearing local cache. Reason: children-changed event.
10:07:20.145138 - AXObject: Clearing local cache. Reason: children-changed event.
10:07:20.145145 - AXUtilitiesRelation: Clearing local cache. Reason: children-changed event.
10:07:20.145151 - AXUtilitiesEvent: Clearing local cache. Reason: children-changed event.
10:07:20.145159 - AXUtilitiesSelection: Clearing cache. Reason: children-changed event.
TOTAL PROCESSING TIME: 0.0008
^^^^^ FINISHED PRIORITY-6 OBJECT EVENT OBJECT:CHILDREN-CHANGED:ADD ^^^^^


10:07:20.204265 - EVENT MANAGER: object:children-changed:add for [desktop frame: 'main' (0x7a29e8124240)]  in  (2, 0, [application: 'org.gnome.Terminal' (0x7a29e8124140)])
10:07:20.204315 - FOCUS MANAGER: Locus of focus is None
10:07:20.204389 - EVENT_MANAGER: Ignoring object:children-changed:add due to multiple instances in short time

10:07:20.353597 - EVENT MANAGER: object:property-change:accessible-name for [button: 'New Tab' (0x7a29e8124500)]  in org.gnome.Terminal (gtk 3.24.52) (0, 0, New Tab)
10:07:20.353723 - FOCUS MANAGER: Locus of focus is None
10:07:20.354231 - EVENT MANAGER: Queueing object:property-change:accessible-name for [button: 'New Tab' (0x7a29e8124640)]  in org.gnome.Terminal (gtk 3.24.52) (0, 0, New Tab)
10:07:20.354276 - EVENT MANAGER: App for event source is [application: 'org.gnome.Terminal' (0x7a29e81246c0)] 
10:07:20.354299 - SCRIPT MANAGER: Getting script for [application: 'org.gnome.Terminal' (0x7a29e81246c0)]  [button: 'New Tab' (0x7a29e81247c0)] 
10:07:20.354366 - SCRIPT MANAGER: Creating toolkit script for [application: 'org.gnome.Terminal' (0x7a29e81246c0)]  [button: 'New Tab' (0x7a29e81247c0)]  gtk
10:07:20.354405 - SCRIPT MANAGER: Mapped [application: 'org.gnome.Terminal' (0x7a29e81246c0)]  to Terminal
10:07:20.354875 - SCRIPT MANAGER: Found orca.scripts.toolkits.gtk
10:07:20.355242 - DEFAULT: Setting up commands for [application: 'org.gnome.Terminal' (0x7a29e81246c0)] 
10:07:20.355255 - DEFAULT: Commands already initialized.
10:07:20.355263 - SCRIPT: org.gnome.Terminal (module=orca.scripts.toolkits.gtk.script) initialized
10:07:20.355280 - SCRIPT MANAGER: Creating app script for [application: 'org.gnome.Terminal' (0x7a29e81246c0)] 
10:07:20.355310 - SCRIPT MANAGER: Mapped [application: 'org.gnome.Terminal' (0x7a29e81246c0)]  to Terminal
10:07:20.355416 - SCRIPT MANAGER: Found orca.scripts.toolkits.gtk
10:07:20.355617 - DEFAULT: Setting up commands for [application: 'org.gnome.Terminal' (0x7a29e81246c0)] 
10:07:20.355623 - DEFAULT: Commands already initialized.
10:07:20.355628 - SCRIPT: org.gnome.Terminal (module=orca.scripts.toolkits.gtk.script) initialized
10:07:20.355659 - SCRIPT MANAGER: Script is app script org.gnome.Terminal (module=orca.scripts.toolkits.gtk.script)
10:07:20.355712 - EVENT MANAGER: object:property-change:accessible-name for [button: 'New Tab' (0x7a29e812a400)]  in org.gnome.Terminal (gtk 3.24.52) (0, 0, New Tab) has priority level: 4
10:07:20.355759 - EVENT MANAGER: Queued object:property-change:accessible-name for [button: 'New Tab' (0x7a29e812ff40)]  in org.gnome.Terminal (gtk 3.24.52) (0, 0, New Tab) priority: 4, counter: 2
10:07:20.359397 - EVENT MANAGER: Dequeueing object:property-change:accessible-name for [button: 'New Tab' (0x7a29e812ff40)]  in org.gnome.Terminal (gtk 3.24.52) (0, 0, New Tab)
10:07:20.359470 - EVENT MANAGER: Dequeued object:property-change:accessible-name for [button: 'New Tab' (0x7a29e81300c0)]  in org.gnome.Terminal (gtk 3.24.52) (0, 0, New Tab) priority: 4, counter: 2

vvvvv START PRIORITY-4 OBJECT EVENT OBJECT:PROPERTY-CHANGE:ACCESSIBLE-NAME (queue size: 0) vvvvv

10:07:20.359718 - EVENT MANAGER: object:property-change:accessible-name for [toggle button: 'Profiles' (0x7a29e81302c0)]  in org.gnome.Terminal (gtk 3.24.52) (0, 0, Profiles)
10:07:20.359740 - FOCUS MANAGER: Locus of focus is None
10:07:20.359863 - EVENT_MANAGER: Ignoring object:property-change:accessible-name due to multiple instances in short time

10:07:20.360012 - EVENT MANAGER: object:property-change:accessible-name for [button: 'Find' (0x7a29e89f84c0)]  in org.gnome.Terminal (gtk 3.24.52) (0, 0, Find)
10:07:20.360038 - FOCUS MANAGER: Locus of focus is None
10:07:20.360116 - EVENT_MANAGER: Ignoring object:property-change:accessible-name due to multiple instances in short time

10:07:20.360248 - EVENT MANAGER: object:state-changed:sensitive for [toggle button: 'Profiles' (0x7a29e8130980)]  in org.gnome.Terminal (gtk 3.24.52) (1, 0, 0)
10:07:20.360270 - FOCUS MANAGER: Locus of focus is None
10:07:20.360354 - EVENT MANAGER: Ignoring object:state-changed:sensitive due to role of unfocused source

10:07:20.360507 - EVENT MANAGER: object:children-changed:add for [frame: 'Terminal' (0x7a29e8c66d00)]  in org.gnome.Terminal (gtk 3.24.52) (-1, 0, [panel (0x7a29e8130ec0)])
10:07:20.360524 - FOCUS MANAGER: Locus of focus is None
10:07:20.360545 - EVENT MANAGER: Not ignoring object:children-changed:add based on role
10:07:20.360580 - EVENT MANAGER: Queueing object:children-changed:add for [frame: 'Terminal' (0x7a29e8ab0980)]  in org.gnome.Terminal (gtk 3.24.52) (-1, 0, [panel (0x7a29e8130980)])
10:07:20.360595 - EVENT MANAGER: App for event source is [application: 'org.gnome.Terminal' (0x7a29e81246c0)] 
10:07:20.360614 - SCRIPT MANAGER: Getting script for [application: 'org.gnome.Terminal' (0x7a29e81246c0)]  [frame: 'Terminal' (0x7a29e8131040)] 
10:07:20.360672 - SCRIPT MANAGER: Script is app script org.gnome.Terminal (module=orca.scripts.toolkits.gtk.script)
10:07:20.360710 - EVENT MANAGER: object:children-changed:add for [frame: 'Terminal' (0x7a29e80c1200)]  in org.gnome.Terminal (gtk 3.24.52) (-1, 0, [panel (0x7a29e8131200)]) has priority level: 6
10:07:20.360748 - EVENT MANAGER: Queued object:children-changed:add for [frame: 'Terminal' (0x7a29e8131240)]  in org.gnome.Terminal (gtk 3.24.52) (-1, 0, [panel (0x7a29e8131300)]) priority: 6, counter: 3

10:07:20.360851 - EVENT MANAGER: object:state-changed:sensitive for [button: 'Find' (0x7a29e8131200)]  in org.gnome.Terminal (gtk 3.24.52) (1, 0, 0)
10:07:20.360866 - FOCUS MANAGER: Locus of focus is None
10:07:20.360930 - EVENT_MANAGER: Ignoring object:state-changed:sensitive due to multiple instances in short time

10:07:20.360972 - EVENT MANAGER: object:state-changed:sensitive for [button: 'New Tab' (0x7a29e8130100)]  in org.gnome.Terminal (gtk 3.24.52) (1, 0, 0)
10:07:20.360991 - FOCUS MANAGER: Locus of focus is None
10:07:20.361032 - EVENT_MANAGER: Ignoring object:state-changed:sensitive due to multiple instances in short time

10:07:20.361189 - EVENT MANAGER: object:state-changed:sensitive for [panel (0x7a29e8131840)]  in org.gnome.Terminal (gtk 3.24.52) (1, 0, 0)
10:07:20.361204 - FOCUS MANAGER: Locus of focus is None
10:07:20.361278 - EVENT_MANAGER: Ignoring object:state-changed:sensitive due to multiple instances in short time

10:07:20.361382 - EVENT MANAGER: object:state-changed:sensitive for [toggle button: 'Menu' (0x7a29e8131a80)]  in org.gnome.Terminal (gtk 3.24.52) (1, 0, 0)
10:07:20.361412 - FOCUS MANAGER: Locus of focus is None
10:07:20.361517 - EVENT_MANAGER: Ignoring object:state-changed:sensitive due to multiple instances in short time

10:07:20.364106 - EVENT MANAGER: object:state-changed:sensitive for [check box: 'Read-Only' (0x7a29e8131d80)]  in org.gnome.Terminal (gtk 3.24.52) (1, 0, 0)
10:07:20.364138 - FOCUS MANAGER: Locus of focus is None
10:07:20.364214 - EVENT_MANAGER: Ignoring object:state-changed:sensitive due to multiple instances in short time

10:07:20.365816 - EVENT MANAGER: object:state-changed:checked for [check menu item: 'Show Menubar' (0x7a29e8131fc0)]  in org.gnome.Terminal (gtk 3.24.52) (1, 0, 0)
10:07:20.365884 - FOCUS MANAGER: Locus of focus is None
10:07:20.366164 - EVENT MANAGER: Ignoring object:state-changed:checked due to unfocused, non-showing source

10:07:20.366718 - EVENT MANAGER: object:state-changed:sensitive for [check menu item: 'Read-Only' (0x7a29e8132280)]  in org.gnome.Terminal (gtk 3.24.52) (1, 0, 0)
10:07:20.366761 - FOCUS MANAGER: Locus of focus is None
10:07:20.366952 - EVENT_MANAGER: Ignoring object:state-changed:sensitive due to multiple instances in short time

10:07:20.367271 - EVENT MANAGER: object:state-changed:sensitive for [check menu item: 'Full Screen' (0x7a29e8132540)]  in org.gnome.Terminal (gtk 3.24.52) (1, 0, 0)
10:07:20.367294 - FOCUS MANAGER: Locus of focus is None
10:07:20.367363 - EVENT_MANAGER: Ignoring object:state-changed:sensitive due to multiple instances in short time

10:07:20.367599 - EVENT MANAGER: object:state-changed:checked for [check menu item: 'Show Menubar' (0x7a29e8132880)]  in org.gnome.Terminal (gtk 3.24.52) (0, 0, 0)
10:07:20.367621 - FOCUS MANAGER: Locus of focus is None
10:07:20.367682 - EVENT_MANAGER: Ignoring object:state-changed:checked due to multiple instances in short time

10:07:20.367746 - EVENT MANAGER: object:property-change:accessible-name for [frame: 'Terminal' (0x7a29e8132a00)]  in org.gnome.Terminal (gtk 3.24.52) (0, 0, Terminal)
10:07:20.367761 - FOCUS MANAGER: Locus of focus is None
10:07:20.367779 - EVENT MANAGER: Not ignoring object:property-change:accessible-name based on role
10:07:20.367811 - EVENT MANAGER: Queueing object:property-change:accessible-name for [frame: 'Terminal' (0x7a29e8132a80)]  in org.gnome.Terminal (gtk 3.24.52) (0, 0, Terminal)
10:07:20.367825 - EVENT MANAGER: App for event source is [application: 'org.gnome.Terminal' (0x7a29e81246c0)] 
10:07:20.367842 - SCRIPT MANAGER: Getting script for [application: 'org.gnome.Terminal' (0x7a29e81246c0)]  [frame: 'Terminal' (0x7a29e8aa7f00)] 
10:07:20.367870 - SCRIPT MANAGER: Script is app script org.gnome.Terminal (module=orca.scripts.toolkits.gtk.script)
10:07:20.367909 - EVENT MANAGER: object:property-change:accessible-name for [frame: 'Terminal' (0x7a29e8c7ab00)]  in org.gnome.Terminal (gtk 3.24.52) (0, 0, Terminal) has priority level: 4
10:07:20.367947 - EVENT MANAGER: Queued object:property-change:accessible-name for [frame: 'Terminal' (0x7a29e8132b00)]  in org.gnome.Terminal (gtk 3.24.52) (0, 0, Terminal) priority: 4, counter: 4

10:07:20.368012 - EVENT MANAGER: object:state-changed:showing for [button: 'New Tab' (0x7a29e8130100)]  in org.gnome.Terminal (gtk 3.24.52) (1, 0, 0)
10:07:20.368030 - FOCUS MANAGER: Locus of focus is None
10:07:20.368086 - EVENT MANAGER: Ignoring object:state-changed:showing due to role

10:07:20.368125 - EVENT MANAGER: object:state-changed:showing for [toggle button: 'Menu' (0x7a29e8132740)]  in org.gnome.Terminal (gtk 3.24.52) (1, 0, 0)
10:07:20.368139 - FOCUS MANAGER: Locus of focus is None
10:07:20.368181 - EVENT_MANAGER: Ignoring object:state-changed:showing due to multiple instances in short time

10:07:20.368288 - EVENT MANAGER: object:state-changed:showing for [button: 'Find' (0x7a29e8a02d40)]  in org.gnome.Terminal (gtk 3.24.52) (1, 0, 0)
10:07:20.368304 - FOCUS MANAGER: Locus of focus is None
10:07:20.368364 - EVENT_MANAGER: Ignoring object:state-changed:showing due to multiple instances in short time

10:07:20.368498 - EVENT MANAGER: object:state-changed:showing for [button: 'Minimize' (0x7a29e8132ec0)]  in org.gnome.Terminal (gtk 3.24.52) (1, 0, 0)
10:07:20.368514 - FOCUS MANAGER: Locus of focus is None
10:07:20.368575 - EVENT_MANAGER: Ignoring object:state-changed:showing due to multiple instances in short time

10:07:20.368707 - EVENT MANAGER: object:state-changed:showing for [button: 'Maximize' (0x7a29e8133100)]  in org.gnome.Terminal (gtk 3.24.52) (1, 0, 0)
10:07:20.368723 - FOCUS MANAGER: Locus of focus is None
10:07:20.368782 - EVENT_MANAGER: Ignoring object:state-changed:showing due to multiple instances in short time

10:07:20.368914 - EVENT MANAGER: object:state-changed:showing for [button: 'Close' (0x7a29e8133240)]  in org.gnome.Terminal (gtk 3.24.52) (1, 0, 0)
10:07:20.368929 - FOCUS MANAGER: Locus of focus is None
10:07:20.368990 - EVENT_MANAGER: Ignoring object:state-changed:showing due to multiple instances in short time

10:07:20.369028 - EVENT MANAGER: object:state-changed:showing for [frame: 'Terminal' (0x7a29e8133380)]  in org.gnome.Terminal (gtk 3.24.52) (1, 0, 0)
10:07:20.369042 - FOCUS MANAGER: Locus of focus is None
10:07:20.369058 - EVENT MANAGER: Not ignoring object:state-changed:showing based on role
10:07:20.369087 - EVENT MANAGER: Queueing object:state-changed:showing for [frame: 'Terminal' (0x7a29e8133580)]  in org.gnome.Terminal (gtk 3.24.52) (1, 0, 0)
10:07:20.369102 - EVENT MANAGER: App for event source is [application: 'org.gnome.Terminal' (0x7a29e81246c0)] 
10:07:20.369117 - SCRIPT MANAGER: Getting script for [application: 'org.gnome.Terminal' (0x7a29e81246c0)]  [frame: 'Terminal' (0x7a29e80bb600)] 
10:07:20.369145 - SCRIPT MANAGER: Script is app script org.gnome.Terminal (module=orca.scripts.toolkits.gtk.script)
10:07:20.369181 - EVENT MANAGER: object:state-changed:showing for [frame: 'Terminal' (0x7a29e8133680)]  in org.gnome.Terminal (gtk 3.24.52) (1, 0, 0) has priority level: 4
10:07:20.369216 - EVENT MANAGER: Queued object:state-changed:showing for [frame: 'Terminal' (0x7a29e8a7b580)]  in org.gnome.Terminal (gtk 3.24.52) (1, 0, 0) priority: 4, counter: 5

10:07:20.369250 - EVENT MANAGER: object:children-changed:add for [application: 'org.gnome.Terminal' (0x7a29e81246c0)]  in org.gnome.Terminal (gtk 3.24.52) (0, 0, [frame: 'Terminal' (0x7a29e81336c0)])
10:07:20.369266 - FOCUS MANAGER: Locus of focus is None
10:07:20.369336 - SCRIPT MANAGER: Active script is: default (module=orca.scripts.default)
10:07:20.369346 - EVENT MANAGER: Ignoring object:children-changed:add because event is not from active app

10:07:20.369380 - EVENT MANAGER: window:create for [frame: 'Terminal' (0x7a29e8133700)]  in org.gnome.Terminal (gtk 3.24.52) (0, 0, Terminal)
10:07:20.369409 - EVENT MANAGER: Queueing window:create for [frame: 'Terminal' (0x7a29e8a7b740)]  in org.gnome.Terminal (gtk 3.24.52) (0, 0, Terminal)
10:07:20.369423 - EVENT MANAGER: App for event source is [application: 'org.gnome.Terminal' (0x7a29e81246c0)] 
10:07:20.369438 - SCRIPT MANAGER: Getting script for [application: 'org.gnome.Terminal' (0x7a29e81246c0)]  [frame: 'Terminal' (0x7a29e80bb600)] 
10:07:20.369460 - SCRIPT MANAGER: Script is app script org.gnome.Terminal (module=orca.scripts.toolkits.gtk.script)
10:07:20.369495 - EVENT MANAGER: window:create for [frame: 'Terminal' (0x7a29e8133580)]  in org.gnome.Terminal (gtk 3.24.52) (0, 0, Terminal) has priority level: 2
10:07:20.369527 - EVENT MANAGER: Queued window:create for [frame: 'Terminal' (0x7a29e8133740)]  in org.gnome.Terminal (gtk 3.24.52) (0, 0, Terminal) priority: 2, counter: 6

10:07:20.369563 - EVENT MANAGER: window:activate for [frame: 'Terminal' (0x7a29e8133700)]  in org.gnome.Terminal (gtk 3.24.52) (0, 0, Terminal)
10:07:20.369592 - EVENT MANAGER: Queueing window:activate for [frame: 'Terminal' (0x7a29e8133640)]  in org.gnome.Terminal (gtk 3.24.52) (0, 0, Terminal)
10:07:20.369606 - EVENT MANAGER: App for event source is [application: 'org.gnome.Terminal' (0x7a29e81246c0)] 
10:07:20.369621 - SCRIPT MANAGER: Getting script for [application: 'org.gnome.Terminal' (0x7a29e81246c0)]  [frame: 'Terminal' (0x7a29e8a7b740)] 
10:07:20.369643 - SCRIPT MANAGER: Script is app script org.gnome.Terminal (module=orca.scripts.toolkits.gtk.script)
10:07:20.369676 - EVENT MANAGER: window:activate for [frame: 'Terminal' (0x7a29e81337c0)]  in org.gnome.Terminal (gtk 3.24.52) (0, 0, Terminal) has priority level: 2
10:07:20.369711 - EVENT MANAGER: Queued window:activate for [frame: 'Terminal' (0x7a29e81338c0)]  in org.gnome.Terminal (gtk 3.24.52) (0, 0, Terminal) priority: 2, counter: 7

10:07:20.369764 - EVENT MANAGER: object:state-changed:active for [frame: 'Terminal' (0x7a29e8ab34c0)]  in org.gnome.Terminal (gtk 3.24.52) (1, 0, 0)
10:07:20.369778 - FOCUS MANAGER: Locus of focus is None
10:07:20.369795 - EVENT MANAGER: Not ignoring object:state-changed:active based on role
10:07:20.369824 - EVENT MANAGER: Queueing object:state-changed:active for [frame: 'Terminal' (0x7a29e8133940)]  in org.gnome.Terminal (gtk 3.24.52) (1, 0, 0)
10:07:20.369840 - EVENT MANAGER: App for event source is [application: 'org.gnome.Terminal' (0x7a29e81246c0)] 
10:07:20.369859 - SCRIPT MANAGER: Getting script for [application: 'org.gnome.Terminal' (0x7a29e81246c0)]  [frame: 'Terminal' (0x7a29e8133580)] 
10:07:20.369881 - SCRIPT MANAGER: Script is app script org.gnome.Terminal (module=orca.scripts.toolkits.gtk.script)
10:07:20.369920 - EVENT MANAGER: object:state-changed:active for [frame: 'Terminal' (0x7a29e81339c0)]  in org.gnome.Terminal (gtk 3.24.52) (1, 0, 0) has priority level: 2
10:07:20.369953 - EVENT MANAGER: Queued object:state-changed:active for [frame: 'Terminal' (0x7a29e8133ac0)]  in org.gnome.Terminal (gtk 3.24.52) (1, 0, 0) priority: 2, counter: 8

10:07:20.370407 - EVENT MANAGER: object:children-changed:add for [page tab list (0x7a29e8a02f00)]  in org.gnome.Terminal (gtk 3.24.52) (0, 0, [page tab (0x7a29e89fbac0)])
10:07:20.370437 - FOCUS MANAGER: Locus of focus is None
10:07:20.370534 - EVENT_MANAGER: Ignoring object:children-changed:add due to multiple instances in short time

10:07:20.371463 - EVENT MANAGER: object:state-changed:focused for [terminal: 'Terminal' (0x7a29e8133c40)]  in org.gnome.Terminal (gtk 3.24.52) (1, 0, 0)
10:07:20.371510 - FOCUS MANAGER: Locus of focus is None
10:07:20.371727 - EVENT_MANAGER: Not ignoring object:state-changed:focused due to source being focused
10:07:20.371828 - EVENT MANAGER: Queueing object:state-changed:focused for [terminal: 'Terminal' (0x7a29e8133f00)]  in org.gnome.Terminal (gtk 3.24.52) (1, 0, 0)
10:07:20.371877 - EVENT MANAGER: App for event source is [application: 'org.gnome.Terminal' (0x7a29e81246c0)] 
10:07:20.371929 - SCRIPT MANAGER: Getting script for [application: 'org.gnome.Terminal' (0x7a29e81246c0)]  [terminal: 'Terminal' (0x7a29e8133fc0)] 
10:07:20.372192 - SCRIPT MANAGER: Found orca.scripts.terminal
10:07:20.372711 - DEFAULT: Setting up commands for [application: 'org.gnome.Terminal' (0x7a29e81246c0)] 
10:07:20.372725 - DEFAULT: Commands already initialized.
10:07:20.372732 - SCRIPT: org.gnome.Terminal (module=orca.scripts.terminal.script) initialized
10:07:20.372815 - SCRIPT MANAGER: Script is custom script org.gnome.Terminal (module=orca.scripts.terminal.script)
10:07:20.372871 - EVENT MANAGER: object:state-changed:focused for [terminal: 'Terminal' (0x7a29e813da00)]  in org.gnome.Terminal (gtk 3.24.52) (1, 0, 0) has priority level: 3
10:07:20.372914 - EVENT MANAGER: Queued object:state-changed:focused for [terminal: 'Terminal' (0x7a29e813d980)]  in org.gnome.Terminal (gtk 3.24.52) (1, 0, 0) priority: 3, counter: 9
10:07:20.372955 - CLIPBOARD PRESENTER: Possible change event object:text-changed:insert for [terminal: 'Terminal' (0x7a29fc327ec0)]  in org.gnome.Terminal (gtk 3.24.52) (0, 32, \n\n\n\n\n\n\n\n\n\n\n\n\n\n\n\n\n\n\n\n\n\n\n\n\n\n\n\n\n\n\n\n)

10:07:20.373022 - EVENT MANAGER: object:text-changed:insert for [terminal: 'Terminal' (0x7a29e813da00)]  in org.gnome.Terminal (gtk 3.24.52) (0, 32, \n\n\n\n\n\n\n\n\n\n\n\n\n\n\n\n\n\n\n\n\n\n\n\n\n\n\n\n\n\n\n\n)
10:07:20.373037 - FOCUS MANAGER: Locus of focus is None
10:07:20.373085 - EVENT_MANAGER: Not ignoring object:text-changed:insert due to source being focused
10:07:20.373119 - EVENT MANAGER: Queueing object:text-changed:insert for [terminal: 'Terminal' (0x7a29e813dc80)]  in org.gnome.Terminal (gtk 3.24.52) (0, 32, \n\n\n\n\n\n\n\n\n\n\n\n\n\n\n\n\n\n\n\n\n\n\n\n\n\n\n\n\n\n\n\n)
10:07:20.373138 - EVENT MANAGER: App for event source is [application: 'org.gnome.Terminal' (0x7a29e81246c0)] 
10:07:20.373155 - SCRIPT MANAGER: Getting script for [application: 'org.gnome.Terminal' (0x7a29e81246c0)]  [terminal: 'Terminal' (0x7a29e813ddc0)] 
10:07:20.373177 - SCRIPT MANAGER: Script is custom script org.gnome.Terminal (module=orca.scripts.terminal.script)
10:07:20.373214 - EVENT MANAGER: object:text-changed:insert for [terminal: 'Terminal' (0x7a29e813dd00)]  in org.gnome.Terminal (gtk 3.24.52) (0, 32, \n\n\n\n\n\n\n\n\n\n\n\n\n\n\n\n\n\n\n\n\n\n\n\n\n\n\n\n\n\n\n\n) has priority level: 4
10:07:20.373249 - EVENT MANAGER: Queued object:text-changed:insert for [terminal: 'Terminal' (0x7a29e813dd80)]  in org.gnome.Terminal (gtk 3.24.52) (0, 32, \n\n\n\n\n\n\n\n\n\n\n\n\n\n\n\n\n\n\n\n\n\n\n\n\n\n\n\n\n\n\n\n) priority: 4, counter: 10

10:07:20.373292 - EVENT MANAGER: object:text-caret-moved for [terminal: 'Terminal' (0x7a29e813dfc0)]  in org.gnome.Terminal (gtk 3.24.52) (0, 0, 0)
10:07:20.373305 - FOCUS MANAGER: Locus of focus is None
10:07:20.373351 - EVENT_MANAGER: Not ignoring object:text-caret-moved due to source being focused
10:07:20.373382 - EVENT MANAGER: Queueing object:text-caret-moved for [terminal: 'Terminal' (0x7a29e813e200)]  in org.gnome.Terminal (gtk 3.24.52) (0, 0, 0)
10:07:20.373397 - EVENT MANAGER: App for event source is [application: 'org.gnome.Terminal' (0x7a29e81246c0)] 
10:07:20.373416 - SCRIPT MANAGER: Getting script for [application: 'org.gnome.Terminal' (0x7a29e81246c0)]  [terminal: 'Terminal' (0x7a29e813e240)] 
10:07:20.373437 - SCRIPT MANAGER: Script is custom script org.gnome.Terminal (module=orca.scripts.terminal.script)
10:07:20.373472 - EVENT MANAGER: object:text-caret-moved for [terminal: 'Terminal' (0x7a29e8aa6340)]  in org.gnome.Terminal (gtk 3.24.52) (0, 0, 0) has priority level: 4
10:07:20.373507 - EVENT MANAGER: Queued object:text-caret-moved for [terminal: 'Terminal' (0x7a29e810e240)]  in org.gnome.Terminal (gtk 3.24.52) (0, 0, 0) priority: 4, counter: 11

10:07:20.373700 - EVENT MANAGER: object:children-changed:add for [desktop frame: 'main' (0x7a29e813e240)]  in  (3, 0, [application: 'gnome-terminal' (0x7a29e813d9c0)])
10:07:20.373718 - FOCUS MANAGER: Locus of focus is None
10:07:20.373787 - SCRIPT MANAGER: Active script is: default (module=orca.scripts.default)
10:07:20.373821 - EVENT MANAGER: Queueing object:children-changed:add for [desktop frame: 'main' (0x7a29e8a03040)]  in  (3, 0, [application: 'gnome-terminal' (0x7a29e8a63040)])
10:07:20.373836 - EVENT MANAGER: App for event source is None
10:07:20.373853 - SCRIPT MANAGER: Getting script for None [desktop frame: 'main' (0x7a29e813da00)] 
10:07:20.373915 - SCRIPT MANAGER: Script is app script default (module=orca.scripts.default)
10:07:20.373948 - EVENT MANAGER: object:children-changed:add for [desktop frame: 'main' (0x7a29e813e580)]  in  (3, 0, [application: 'gnome-terminal' (0x7a29e813e4c0)]) has priority level: 6
10:07:20.373983 - EVENT MANAGER: Queued object:children-changed:add for [desktop frame: 'main' (0x7a29e813e580)]  in  (3, 0, [application: 'gnome-terminal' (0x7a29e813e540)]) priority: 6, counter: 12

10:07:20.374395 - EVENT MANAGER: object:children-changed:add for [desktop frame: 'main' (0x7a29e813e5c0)]  in  (4, 0, [application: 'accessibility_probe' (0x7a29e813e5c0)])
10:07:20.374411 - FOCUS MANAGER: Locus of focus is None
10:07:20.374454 - EVENT_MANAGER: Ignoring object:children-changed:add due to multiple instances in short time

10:07:20.374791 - EVENT MANAGER: object:children-changed:add for [desktop frame: 'main' (0x7a29e813e680)]  in  (5, 0, [application: 'accessibility_probe' (0x7a29e813e680)])
10:07:20.374807 - FOCUS MANAGER: Locus of focus is None
10:07:20.374848 - EVENT_MANAGER: Ignoring object:children-changed:add due to multiple instances in short time

10:07:20.375653 - EVENT MANAGER: object:children-changed:add for [application: 'accessibility_probe' (0x7a29e813e8c0)]  in accessibility_probe (AccessKit) (0, 0, [frame: 'Reactive TUI App accessibility round 1' (0x7a29e813e8c0)])
10:07:20.375671 - FOCUS MANAGER: Locus of focus is None
10:07:20.375848 - SCRIPT MANAGER: Active script is: default (module=orca.scripts.default)
10:07:20.375858 - EVENT MANAGER: Ignoring object:children-changed:add because event is not from active app
10:07:20.376491 - EVENT SOURCE:
                  app='org.gnome.Terminal (gtk 3.24.52)' name='New Tab' role='button' axid='' id=0x7a29e8130100
                  description=''
                  help=''
                  locale='C.UTF-8'
                  states='enabled, focusable, sensitive, showing, visible'
                  relations=''
                  actions='click'
                  interfaces='Action, Collection, Component, Image'
                  attributes='toolkit:gtk'
                  text=''
                  path=[-1, 0, 1, 0, 0]
                  
10:07:20.376524 - SCRIPT MANAGER: Active script is: default (module=orca.scripts.default)
10:07:20.376544 - FOCUS MANAGER: Locus of focus is None
10:07:20.376575 - EVENT MANAGER: Getting script for event for [application: 'org.gnome.Terminal' (0x7a29e81246c0)]  [button: 'New Tab' (0x7a29e8aa6880)] 
10:07:20.376593 - SCRIPT MANAGER: Getting script for [application: 'org.gnome.Terminal' (0x7a29e81246c0)]  [button: 'New Tab' (0x7a29e8aa6880)] 
10:07:20.376623 - SCRIPT MANAGER: Script is app script org.gnome.Terminal (module=orca.scripts.toolkits.gtk.script)
10:07:20.376642 - EVENT MANAGER: Script for event is org.gnome.Terminal (module=orca.scripts.toolkits.gtk.script)
10:07:20.377178 - EVENT MANAGER: Change active script: False (No reason found to activate a different script.)
10:07:20.377188 - EVENT MANAGER: Processing object:property-change:accessible-name: script handles events when inactive
10:07:20.377239 - FOCUS MANAGER: Locus of focus is None
10:07:20.377245 - AXUtilitiesEvent: The event is not from the locus of focus.
TOTAL PROCESSING TIME: 0.0178
^^^^^ FINISHED PRIORITY-4 OBJECT EVENT OBJECT:PROPERTY-CHANGE:ACCESSIBLE-NAME ^^^^^

10:07:20.377517 - EVENT MANAGER: Dequeueing window:create for [frame: 'Terminal' (0x7a29e810fa80)]  in org.gnome.Terminal (gtk 3.24.52) (0, 0, Terminal)
10:07:20.377554 - EVENT MANAGER: Dequeued window:create for [frame: 'Terminal' (0x7a29e810fac0)]  in org.gnome.Terminal (gtk 3.24.52) (0, 0, Terminal) priority: 2, counter: 6

vvvvv START PRIORITY-2 OBJECT EVENT WINDOW:CREATE (queue size: 9) vvvvv

10:07:20.378537 - EVENT MANAGER: object:children-changed:add for [application: 'accessibility_probe' (0x7a29e813fa00)]  in accessibility_probe (AccessKit) (0, 0, [frame: 'Independent background App' (0x7a29e813fb00)])
10:07:20.378561 - FOCUS MANAGER: Locus of focus is None
10:07:20.378740 - SCRIPT MANAGER: Active script is: default (module=orca.scripts.default)
10:07:20.378749 - EVENT MANAGER: Ignoring object:children-changed:add because event is not from active app

10:07:20.379457 - EVENT MANAGER: object:announcement for [label: 'Background calls 0' (0x7a29e810fc40)]  in accessibility_probe (AccessKit) (1, 0, Background calls 0)
10:07:20.379476 - FOCUS MANAGER: Locus of focus is None
10:07:20.379676 - EVENT MANAGER: Queueing object:announcement for [label: 'Background calls 0' (0x7a29e813fcc0)]  in accessibility_probe (AccessKit) (1, 0, Background calls 0)
10:07:20.379693 - EVENT MANAGER: App for event source is [application: 'accessibility_probe' (0x7a29e810fcc0)] 
10:07:20.379710 - SCRIPT MANAGER: Getting script for [application: 'accessibility_probe' (0x7a29e810fcc0)]  [label: 'Background calls 0' (0x7a29e813fd00)] 
10:07:20.379848 - SCRIPT MANAGER: Creating app script for [application: 'accessibility_probe' (0x7a29e810fcc0)] 
10:07:20.379877 - SCRIPT MANAGER: Mapped [application: 'accessibility_probe' (0x7a29e810fcc0)]  to accessibility_probe
10:07:20.380235 - DEFAULT: Setting up commands for [application: 'accessibility_probe' (0x7a29e810fcc0)] 
10:07:20.380246 - DEFAULT: Commands already initialized.
10:07:20.380252 - SCRIPT: accessibility_probe (module=orca.scripts.default) initialized
10:07:20.380278 - SCRIPT MANAGER: Default script created for [application: 'accessibility_probe' (0x7a29e810fcc0)]  (obj:  None)
10:07:20.380293 - SCRIPT MANAGER: Script is app script accessibility_probe (module=orca.scripts.default)
10:07:20.380455 - EVENT MANAGER: object:announcement for [label: 'Background calls 0' (0x7a29e8145380)]  in accessibility_probe (AccessKit) (1, 0, Background calls 0) has priority level: 3
10:07:20.380498 - EVENT MANAGER: Queued object:announcement for [label: 'Background calls 0' (0x7a29e8145200)]  in accessibility_probe (AccessKit) (1, 0, Background calls 0) priority: 3, counter: 13

10:07:20.381551 - EVENT MANAGER: object:children-changed:add for [frame: 'Independent background App' (0x7a29e8145380)]  in accessibility_probe (AccessKit) (0, 0, [toggle button: 'Independent App action' (0x7a29e8aa5380)])
10:07:20.381622 - FOCUS MANAGER: Locus of focus is None
10:07:20.381697 - EVENT MANAGER: Not ignoring object:children-changed:add based on role
10:07:20.381796 - EVENT MANAGER: Queueing object:children-changed:add for [frame: 'Independent background App' (0x7a29e8145540)]  in accessibility_probe (AccessKit) (0, 0, [toggle button: 'Independent App action' (0x7a29e8145480)])
10:07:20.381845 - EVENT MANAGER: App for event source is [application: 'accessibility_probe' (0x7a29e810fcc0)] 
10:07:20.381896 - SCRIPT MANAGER: Getting script for [application: 'accessibility_probe' (0x7a29e810fcc0)]  [frame: 'Independent background App' (0x7a29e8145600)] 
10:07:20.382271 - SCRIPT MANAGER: Script is app script accessibility_probe (module=orca.scripts.default)
10:07:20.382395 - EVENT MANAGER: object:children-changed:add for [frame: 'Independent background App' (0x7a29e81454c0)]  in accessibility_probe (AccessKit) (0, 0, [toggle button: 'Independent App action' (0x7a29e810fc00)]) has priority level: 6
10:07:20.382504 - EVENT MANAGER: Queued object:children-changed:add for [frame: 'Independent background App' (0x7a29e8a0d680)]  in accessibility_probe (AccessKit) (0, 0, [toggle button: 'Independent App action' (0x7a29e8145680)]) priority: 6, counter: 14

10:07:20.382615 - EVENT MANAGER: object:children-changed:add for [frame: 'Independent background App' (0x7a29e8a0d680)]  in accessibility_probe (AccessKit) (1, 0, [label: 'Background calls 0' (0x7a29e8145680)])
10:07:20.382647 - FOCUS MANAGER: Locus of focus is None
10:07:20.382671 - EVENT MANAGER: Not ignoring object:children-changed:add based on role
10:07:20.382706 - EVENT MANAGER: Queueing object:children-changed:add for [frame: 'Independent background App' (0x7a29e8145800)]  in accessibility_probe (AccessKit) (1, 0, [label: 'Background calls 0' (0x7a29e81457c0)])
10:07:20.382723 - EVENT MANAGER: App for event source is [application: 'accessibility_probe' (0x7a29e810fcc0)] 
10:07:20.382741 - SCRIPT MANAGER: Getting script for [application: 'accessibility_probe' (0x7a29e810fcc0)]  [frame: 'Independent background App' (0x7a29e8145980)] 
10:07:20.383081 - SCRIPT MANAGER: Script is app script accessibility_probe (module=orca.scripts.default)
10:07:20.383203 - EVENT MANAGER: object:children-changed:add for [frame: 'Independent background App' (0x7a29e8145940)]  in accessibility_probe (AccessKit) (1, 0, [label: 'Background calls 0' (0x7a29e8145a00)]) has priority level: 6
10:07:20.383304 - EVENT MANAGER: Queued object:children-changed:add for [frame: 'Independent background App' (0x7a29e813da40)]  in accessibility_probe (AccessKit) (1, 0, [label: 'Background calls 0' (0x7a29e8145a40)]) priority: 6, counter: 15
10:07:20.383405 - CLIPBOARD PRESENTER: Possible change event object:text-changed:delete for [terminal: 'Terminal' (0x7a29e8145980)]  in org.gnome.Terminal (gtk 3.24.52) (0, 2, \n\n)

10:07:20.383551 - EVENT MANAGER: object:text-changed:delete for [terminal: 'Terminal' (0x7a29e81455c0)]  in org.gnome.Terminal (gtk 3.24.52) (0, 2, \n\n)
10:07:20.383587 - FOCUS MANAGER: Locus of focus is None
10:07:20.383663 - EVENT_MANAGER: Not ignoring object:text-changed:delete due to source being focused
10:07:20.383704 - EVENT MANAGER: Queueing object:text-changed:delete for [terminal: 'Terminal' (0x7a29e8145a00)]  in org.gnome.Terminal (gtk 3.24.52) (0, 2, \n\n)
10:07:20.383721 - EVENT MANAGER: App for event source is [application: 'org.gnome.Terminal' (0x7a29e81246c0)] 
10:07:20.383738 - SCRIPT MANAGER: Getting script for [application: 'org.gnome.Terminal' (0x7a29e81246c0)]  [terminal: 'Terminal' (0x7a29e80cdac0)] 
10:07:20.383763 - SCRIPT MANAGER: Script is custom script org.gnome.Terminal (module=orca.scripts.terminal.script)
10:07:20.383802 - EVENT MANAGER: object:text-changed:delete for [terminal: 'Terminal' (0x7a29e8145a00)]  in org.gnome.Terminal (gtk 3.24.52) (0, 2, \n\n) has priority level: 4
10:07:20.383841 - EVENT MANAGER: Queued object:text-changed:delete for [terminal: 'Terminal' (0x7a29e8145900)]  in org.gnome.Terminal (gtk 3.24.52) (0, 2, \n\n) priority: 4, counter: 16
10:07:20.383880 - CLIPBOARD PRESENTER: Possible change event object:text-changed:insert for [terminal: 'Terminal' (0x7a29e8145a80)]  in org.gnome.Terminal (gtk 3.24.52) (29, 2, \n\n)

10:07:20.383929 - EVENT MANAGER: object:text-changed:insert for [terminal: 'Terminal' (0x7a29e8a0dac0)]  in org.gnome.Terminal (gtk 3.24.52) (29, 2, \n\n)
10:07:20.383944 - FOCUS MANAGER: Locus of focus is None
10:07:20.383991 - EVENT_MANAGER: Not ignoring object:text-changed:insert due to source being focused
10:07:20.384026 - EVENT MANAGER: Queueing object:text-changed:insert for [terminal: 'Terminal' (0x7a29e8145ac0)]  in org.gnome.Terminal (gtk 3.24.52) (29, 2, \n\n)
10:07:20.384046 - EVENT MANAGER: App for event source is [application: 'org.gnome.Terminal' (0x7a29e81246c0)] 
10:07:20.384062 - SCRIPT MANAGER: Getting script for [application: 'org.gnome.Terminal' (0x7a29e81246c0)]  [terminal: 'Terminal' (0x7a29e8145ac0)] 
10:07:20.384083 - SCRIPT MANAGER: Script is custom script org.gnome.Terminal (module=orca.scripts.terminal.script)
10:07:20.384120 - EVENT MANAGER: object:text-changed:insert for [terminal: 'Terminal' (0x7a29e8a95c40)]  in org.gnome.Terminal (gtk 3.24.52) (29, 2, \n\n) has priority level: 4
10:07:20.384199 - EVENT MANAGER: Queued object:text-changed:insert for [terminal: 'Terminal' (0x7a29e8145bc0)]  in org.gnome.Terminal (gtk 3.24.52) (29, 2, \n\n) priority: 4, counter: 17

10:07:20.384657 - EVENT MANAGER: object:children-changed:add for [frame: 'Independent background App' (0x7a29e80cdac0)]  in accessibility_probe (AccessKit) (2, 0, [button: 'CSS expanded control' (0x7a29e8145ac0)])
10:07:20.384675 - FOCUS MANAGER: Locus of focus is None
10:07:20.384693 - EVENT MANAGER: Not ignoring object:children-changed:add based on role
10:07:20.384723 - EVENT MANAGER: Queueing object:children-changed:add for [frame: 'Independent background App' (0x7a29e8145c40)]  in accessibility_probe (AccessKit) (2, 0, [button: 'CSS expanded control' (0x7a29e8145c00)])
10:07:20.384737 - EVENT MANAGER: App for event source is [application: 'accessibility_probe' (0x7a29e810fcc0)] 
10:07:20.384753 - SCRIPT MANAGER: Getting script for [application: 'accessibility_probe' (0x7a29e810fcc0)]  [frame: 'Independent background App' (0x7a29e80cdac0)] 
10:07:20.384896 - SCRIPT MANAGER: Script is app script accessibility_probe (module=orca.scripts.default)
10:07:20.384934 - EVENT MANAGER: object:children-changed:add for [frame: 'Independent background App' (0x7a29e8145a00)]  in accessibility_probe (AccessKit) (2, 0, [button: 'CSS expanded control' (0x7a29e8145d40)]) has priority level: 6
10:07:20.384967 - EVENT MANAGER: Queued object:children-changed:add for [frame: 'Independent background App' (0x7a29e8a0dac0)]  in accessibility_probe (AccessKit) (2, 0, [button: 'CSS expanded control' (0x7a29e8145ac0)]) priority: 6, counter: 18

10:07:20.385294 - EVENT MANAGER: object:children-changed:add for [frame: 'Independent background App' (0x7a29e813dd80)]  in accessibility_probe (AccessKit) (3, 0, [heading: 'CSS direct label' (0x7a29e8145d80)])
10:07:20.385320 - FOCUS MANAGER: Locus of focus is None
10:07:20.385343 - EVENT MANAGER: Not ignoring object:children-changed:add based on role
10:07:20.385376 - EVENT MANAGER: Queueing object:children-changed:add for [frame: 'Independent background App' (0x7a29e813dd80)]  in accessibility_probe (AccessKit) (3, 0, [heading: 'CSS direct label' (0x7a29e8145d80)])
10:07:20.385392 - EVENT MANAGER: App for event source is [application: 'accessibility_probe' (0x7a29e810fcc0)] 
10:07:20.385409 - SCRIPT MANAGER: Getting script for [application: 'accessibility_probe' (0x7a29e810fcc0)]  [frame: 'Independent background App' (0x7a29e813dd80)] 
10:07:20.385548 - SCRIPT MANAGER: Script is app script accessibility_probe (module=orca.scripts.default)
10:07:20.385586 - EVENT MANAGER: object:children-changed:add for [frame: 'Independent background App' (0x7a29e8145e80)]  in accessibility_probe (AccessKit) (3, 0, [heading: 'CSS direct label' (0x7a29e8145e40)]) has priority level: 6
10:07:20.385622 - EVENT MANAGER: Queued object:children-changed:add for [frame: 'Independent background App' (0x7a29e8145d80)]  in accessibility_probe (AccessKit) (3, 0, [heading: 'CSS direct label' (0x7a29e813dd80)]) priority: 6, counter: 19

10:07:20.385907 - EVENT MANAGER: object:children-changed:add for [frame: 'Independent background App' (0x7a29e8145f00)]  in accessibility_probe (AccessKit) (4, 0, [list item: 'CSS selected option' (0x7a29e8145ac0)])
10:07:20.385923 - FOCUS MANAGER: Locus of focus is None
10:07:20.385942 - EVENT MANAGER: Not ignoring object:children-changed:add based on role
10:07:20.385975 - EVENT MANAGER: Queueing object:children-changed:add for [frame: 'Independent background App' (0x7a29e8146000)]  in accessibility_probe (AccessKit) (4, 0, [list item: 'CSS selected option' (0x7a29e8145f00)])
10:07:20.386001 - EVENT MANAGER: App for event source is [application: 'accessibility_probe' (0x7a29e810fcc0)] 
10:07:20.386017 - SCRIPT MANAGER: Getting script for [application: 'accessibility_probe' (0x7a29e810fcc0)]  [frame: 'Independent background App' (0x7a29e813dec0)] 
10:07:20.386152 - SCRIPT MANAGER: Script is app script accessibility_probe (module=orca.scripts.default)
10:07:20.386189 - EVENT MANAGER: object:children-changed:add for [frame: 'Independent background App' (0x7a29e813e100)]  in accessibility_probe (AccessKit) (4, 0, [list item: 'CSS selected option' (0x7a29e8146100)]) has priority level: 6
10:07:20.386223 - EVENT MANAGER: Queued object:children-changed:add for [frame: 'Independent background App' (0x7a29e813e0c0)]  in accessibility_probe (AccessKit) (4, 0, [list item: 'CSS selected option' (0x7a29e81460c0)]) priority: 6, counter: 20

10:07:20.386500 - EVENT MANAGER: object:children-changed:add for [frame: 'Independent background App' (0x7a29e813e100)]  in accessibility_probe (AccessKit) (5, 0, [label: 'CSS restored reader text' (0x7a29e81460c0)])
10:07:20.386515 - FOCUS MANAGER: Locus of focus is None
10:07:20.386533 - EVENT MANAGER: Not ignoring object:children-changed:add based on role
10:07:20.386562 - EVENT MANAGER: Queueing object:children-changed:add for [frame: 'Independent background App' (0x7a29e8145ec0)]  in accessibility_probe (AccessKit) (5, 0, [label: 'CSS restored reader text' (0x7a29e8145f80)])
10:07:20.386576 - EVENT MANAGER: App for event source is [application: 'accessibility_probe' (0x7a29e810fcc0)] 
10:07:20.386591 - SCRIPT MANAGER: Getting script for [application: 'accessibility_probe' (0x7a29e810fcc0)]  [frame: 'Independent background App' (0x7a29e8a15ec0)] 
10:07:20.386717 - SCRIPT MANAGER: Script is app script accessibility_probe (module=orca.scripts.default)
10:07:20.386752 - EVENT MANAGER: object:children-changed:add for [frame: 'Independent background App' (0x7a29e8145f00)]  in accessibility_probe (AccessKit) (5, 0, [label: 'CSS restored reader text' (0x7a29e8145f80)]) has priority level: 6
10:07:20.386786 - EVENT MANAGER: Queued object:children-changed:add for [frame: 'Independent background App' (0x7a29e8145980)]  in accessibility_probe (AccessKit) (5, 0, [label: 'CSS restored reader text' (0x7a29e8146180)]) priority: 6, counter: 21

10:07:20.387065 - EVENT MANAGER: object:children-changed:add for [frame: 'Independent background App' (0x7a29e813dec0)]  in accessibility_probe (AccessKit) (6, 0, [label: 'Reader-only nested detail' (0x7a29e8145f80)])
10:07:20.387083 - FOCUS MANAGER: Locus of focus is None
10:07:20.387102 - EVENT MANAGER: Not ignoring object:children-changed:add based on role
10:07:20.387131 - EVENT MANAGER: Queueing object:children-changed:add for [frame: 'Independent background App' (0x7a29e8146340)]  in accessibility_probe (AccessKit) (6, 0, [label: 'Reader-only nested detail' (0x7a29e8146300)])
10:07:20.387146 - EVENT MANAGER: App for event source is [application: 'accessibility_probe' (0x7a29e810fcc0)] 
10:07:20.387162 - SCRIPT MANAGER: Getting script for [application: 'accessibility_probe' (0x7a29e810fcc0)]  [frame: 'Independent background App' (0x7a29e813e240)] 
10:07:20.387290 - SCRIPT MANAGER: Script is app script accessibility_probe (module=orca.scripts.default)
10:07:20.387325 - EVENT MANAGER: object:children-changed:add for [frame: 'Independent background App' (0x7a29e8146440)]  in accessibility_probe (AccessKit) (6, 0, [label: 'Reader-only nested detail' (0x7a29e8146480)]) has priority level: 6
10:07:20.387358 - EVENT MANAGER: Queued object:children-changed:add for [frame: 'Independent background App' (0x7a29e81461c0)]  in accessibility_probe (AccessKit) (6, 0, [label: 'Reader-only nested detail' (0x7a29e81461c0)]) priority: 6, counter: 22

10:07:20.387397 - EVENT MANAGER: window:deactivate for [frame: 'Terminal' (0x7a29e813fac0)]  in org.gnome.Terminal (gtk 3.24.52) (0, 0, Terminal)
10:07:20.387428 - EVENT MANAGER: Queueing window:deactivate for [frame: 'Terminal' (0x7a29e813fac0)]  in org.gnome.Terminal (gtk 3.24.52) (0, 0, Terminal)
10:07:20.387442 - EVENT MANAGER: App for event source is [application: 'org.gnome.Terminal' (0x7a29e81246c0)] 
10:07:20.387457 - SCRIPT MANAGER: Getting script for [application: 'org.gnome.Terminal' (0x7a29e81246c0)]  [frame: 'Terminal' (0x7a29e813fac0)] 
10:07:20.387481 - SCRIPT MANAGER: Script is app script org.gnome.Terminal (module=orca.scripts.toolkits.gtk.script)
10:07:20.387516 - EVENT MANAGER: window:deactivate for [frame: 'Terminal' (0x7a29e813fac0)]  in org.gnome.Terminal (gtk 3.24.52) (0, 0, Terminal) has priority level: 2
10:07:20.387548 - EVENT MANAGER: Queued window:deactivate for [frame: 'Terminal' (0x7a29e813fac0)]  in org.gnome.Terminal (gtk 3.24.52) (0, 0, Terminal) priority: 2, counter: 23

10:07:20.387651 - EVENT MANAGER: object:state-changed:focused for [terminal: 'Terminal' (0x7a29e81466c0)]  in org.gnome.Terminal (gtk 3.24.52) (0, 0, 0)
10:07:20.387676 - FOCUS MANAGER: Locus of focus is None
10:07:20.387774 - EVENT MANAGER: Queueing object:state-changed:focused for [terminal: 'Terminal' (0x7a29e8145a80)]  in org.gnome.Terminal (gtk 3.24.52) (0, 0, 0)
10:07:20.387792 - EVENT MANAGER: App for event source is [application: 'org.gnome.Terminal' (0x7a29e81246c0)] 
10:07:20.387809 - SCRIPT MANAGER: Getting script for [application: 'org.gnome.Terminal' (0x7a29e81246c0)]  [terminal: 'Terminal' (0x7a29e8146240)] 
10:07:20.387831 - SCRIPT MANAGER: Script is custom script org.gnome.Terminal (module=orca.scripts.terminal.script)
10:07:20.387870 - EVENT MANAGER: object:state-changed:focused for [terminal: 'Terminal' (0x7a29e813e5c0)]  in org.gnome.Terminal (gtk 3.24.52) (0, 0, 0) has priority level: 3
10:07:20.387909 - EVENT MANAGER: Queued object:state-changed:focused for [terminal: 'Terminal' (0x7a29e81465c0)]  in org.gnome.Terminal (gtk 3.24.52) (0, 0, 0) priority: 3, counter: 24

10:07:20.387947 - EVENT MANAGER: object:state-changed:active for [frame: 'Terminal' (0x7a29e813fac0)]  in org.gnome.Terminal (gtk 3.24.52) (0, 0, 0)
10:07:20.387961 - FOCUS MANAGER: Locus of focus is None
10:07:20.387981 - EVENT MANAGER: Not ignoring object:state-changed:active based on role
10:07:20.388012 - EVENT MANAGER: Queueing object:state-changed:active for [frame: 'Terminal' (0x7a29e813fac0)]  in org.gnome.Terminal (gtk 3.24.52) (0, 0, 0)
10:07:20.388026 - EVENT MANAGER: App for event source is [application: 'org.gnome.Terminal' (0x7a29e81246c0)] 
10:07:20.388042 - SCRIPT MANAGER: Getting script for [application: 'org.gnome.Terminal' (0x7a29e81246c0)]  [frame: 'Terminal' (0x7a29e813fac0)] 
10:07:20.388064 - SCRIPT MANAGER: Script is app script org.gnome.Terminal (module=orca.scripts.toolkits.gtk.script)
10:07:20.388102 - EVENT MANAGER: object:state-changed:active for [frame: 'Terminal' (0x7a29e813fac0)]  in org.gnome.Terminal (gtk 3.24.52) (0, 0, 0) has priority level: 2
10:07:20.388136 - EVENT MANAGER: Queued object:state-changed:active for [frame: 'Terminal' (0x7a29e813fac0)]  in org.gnome.Terminal (gtk 3.24.52) (0, 0, 0) priority: 2, counter: 25

10:07:20.388169 - EVENT MANAGER: window:activate for [frame: 'Terminal' (0x7a29e813fac0)]  in org.gnome.Terminal (gtk 3.24.52) (0, 0, Terminal)
10:07:20.388197 - EVENT MANAGER: Queueing window:activate for [frame: 'Terminal' (0x7a29e813fac0)]  in org.gnome.Terminal (gtk 3.24.52) (0, 0, Terminal)
10:07:20.388211 - EVENT MANAGER: App for event source is [application: 'org.gnome.Terminal' (0x7a29e81246c0)] 
10:07:20.388227 - SCRIPT MANAGER: Getting script for [application: 'org.gnome.Terminal' (0x7a29e81246c0)]  [frame: 'Terminal' (0x7a29e813fac0)] 
10:07:20.388247 - SCRIPT MANAGER: Script is app script org.gnome.Terminal (module=orca.scripts.toolkits.gtk.script)
10:07:20.388280 - EVENT MANAGER: window:activate for [frame: 'Terminal' (0x7a29e813fac0)]  in org.gnome.Terminal (gtk 3.24.52) (0, 0, Terminal) has priority level: 2
10:07:20.388312 - EVENT MANAGER: Queued window:activate for [frame: 'Terminal' (0x7a29e813fac0)]  in org.gnome.Terminal (gtk 3.24.52) (0, 0, Terminal) priority: 2, counter: 26

10:07:20.388368 - EVENT MANAGER: object:state-changed:focused for [terminal: 'Terminal' (0x7a29e8146900)]  in org.gnome.Terminal (gtk 3.24.52) (1, 0, 0)
10:07:20.388382 - FOCUS MANAGER: Locus of focus is None
10:07:20.388428 - EVENT_MANAGER: Not ignoring object:state-changed:focused due to source being focused
10:07:20.388460 - EVENT MANAGER: Queueing object:state-changed:focused for [terminal: 'Terminal' (0x7a29e813e5c0)]  in org.gnome.Terminal (gtk 3.24.52) (1, 0, 0)
10:07:20.388475 - EVENT MANAGER: App for event source is [application: 'org.gnome.Terminal' (0x7a29e81246c0)] 
10:07:20.388491 - SCRIPT MANAGER: Getting script for [application: 'org.gnome.Terminal' (0x7a29e81246c0)]  [terminal: 'Terminal' (0x7a29e8146240)] 
10:07:20.388510 - SCRIPT MANAGER: Script is custom script org.gnome.Terminal (module=orca.scripts.terminal.script)
10:07:20.388546 - EVENT MANAGER: object:state-changed:focused for [terminal: 'Terminal' (0x7a29e8146b00)]  in org.gnome.Terminal (gtk 3.24.52) (1, 0, 0) has priority level: 3
10:07:20.388580 - EVENT MANAGER: Queued object:state-changed:focused for [terminal: 'Terminal' (0x7a29e81465c0)]  in org.gnome.Terminal (gtk 3.24.52) (1, 0, 0) priority: 3, counter: 27

10:07:20.388612 - EVENT MANAGER: object:state-changed:active for [frame: 'Terminal' (0x7a29e813fac0)]  in org.gnome.Terminal (gtk 3.24.52) (1, 0, 0)
10:07:20.388626 - FOCUS MANAGER: Locus of focus is None
10:07:20.388642 - EVENT MANAGER: Not ignoring object:state-changed:active based on role
10:07:20.388670 - EVENT MANAGER: Queueing object:state-changed:active for [frame: 'Terminal' (0x7a29e813fac0)]  in org.gnome.Terminal (gtk 3.24.52) (1, 0, 0)
10:07:20.388683 - EVENT MANAGER: App for event source is [application: 'org.gnome.Terminal' (0x7a29e81246c0)] 
10:07:20.388699 - SCRIPT MANAGER: Getting script for [application: 'org.gnome.Terminal' (0x7a29e81246c0)]  [frame: 'Terminal' (0x7a29e813fac0)] 
10:07:20.388720 - SCRIPT MANAGER: Script is app script org.gnome.Terminal (module=orca.scripts.toolkits.gtk.script)
10:07:20.388756 - EVENT MANAGER: object:state-changed:active for [frame: 'Terminal' (0x7a29e813fac0)]  in org.gnome.Terminal (gtk 3.24.52) (1, 0, 0) has priority level: 2
10:07:20.388789 - EVENT MANAGER: Queued object:state-changed:active for [frame: 'Terminal' (0x7a29e813fac0)]  in org.gnome.Terminal (gtk 3.24.52) (1, 0, 0) priority: 2, counter: 28

10:07:20.388822 - EVENT MANAGER: object:state-changed:focused for [terminal: 'Terminal' (0x7a29e813e5c0)]  in org.gnome.Terminal (gtk 3.24.52) (1, 0, 0)
10:07:20.388835 - FOCUS MANAGER: Locus of focus is None
10:07:20.388879 - EVENT_MANAGER: Not ignoring object:state-changed:focused due to source being focused
10:07:20.388908 - EVENT MANAGER: Queueing object:state-changed:focused for [terminal: 'Terminal' (0x7a29e81465c0)]  in org.gnome.Terminal (gtk 3.24.52) (1, 0, 0)
10:07:20.388923 - EVENT MANAGER: App for event source is [application: 'org.gnome.Terminal' (0x7a29e81246c0)] 
10:07:20.388938 - SCRIPT MANAGER: Getting script for [application: 'org.gnome.Terminal' (0x7a29e81246c0)]  [terminal: 'Terminal' (0x7a29e8146a80)] 
10:07:20.388957 - SCRIPT MANAGER: Script is custom script org.gnome.Terminal (module=orca.scripts.terminal.script)
10:07:20.388995 - EVENT MANAGER: object:state-changed:focused for [terminal: 'Terminal' (0x7a29e8146240)]  in org.gnome.Terminal (gtk 3.24.52) (1, 0, 0) has priority level: 3
10:07:20.389030 - EVENT MANAGER: Queued object:state-changed:focused for [terminal: 'Terminal' (0x7a29e8146c40)]  in org.gnome.Terminal (gtk 3.24.52) (1, 0, 0) priority: 3, counter: 29
10:07:20.389307 - EVENT SOURCE:
                  app='org.gnome.Terminal (gtk 3.24.52)' name='Terminal' role='frame' axid='' id=0x7a29e813fac0
                  description=''
                  help=''
                  locale='C.UTF-8'
                  states='active, enabled, resizable, sensitive, showing, visible'
                  relations=''
                  actions=''
                  interfaces='Collection, Component'
                  attributes='toolkit:gtk, window-type:normal'
                  text=''
                  path=[-1, 0]
                  
10:07:20.389332 - SCRIPT MANAGER: Active script is: default (module=orca.scripts.default)
10:07:20.389349 - FOCUS MANAGER: Locus of focus is None
10:07:20.389375 - EVENT MANAGER: Getting script for event for [application: 'org.gnome.Terminal' (0x7a29e81246c0)]  [frame: 'Terminal' (0x7a29e813dd00)] 
10:07:20.389391 - SCRIPT MANAGER: Getting script for [application: 'org.gnome.Terminal' (0x7a29e81246c0)]  [frame: 'Terminal' (0x7a29e813dd00)] 
10:07:20.389413 - SCRIPT MANAGER: Script is app script org.gnome.Terminal (module=orca.scripts.toolkits.gtk.script)
10:07:20.389426 - EVENT MANAGER: Script for event is org.gnome.Terminal (module=orca.scripts.toolkits.gtk.script)
10:07:20.389873 - EVENT MANAGER: Change active script: False (No reason found to activate a different script.)
10:07:20.389883 - EVENT MANAGER: Processing window:create: script handles events when inactive
TOTAL PROCESSING TIME: 0.0123
^^^^^ FINISHED PRIORITY-2 OBJECT EVENT WINDOW:CREATE ^^^^^

10:07:20.390145 - EVENT MANAGER: Dequeueing window:activate for [frame: 'Terminal' (0x7a29e810edc0)]  in org.gnome.Terminal (gtk 3.24.52) (0, 0, Terminal)
10:07:20.390187 - EVENT MANAGER: Dequeued window:activate for [frame: 'Terminal' (0x7a29e813dd00)]  in org.gnome.Terminal (gtk 3.24.52) (0, 0, Terminal) priority: 2, counter: 7

vvvvv START PRIORITY-2 OBJECT EVENT WINDOW:ACTIVATE (queue size: 25) vvvvv
10:07:20.390408 - EVENT MANAGER: window:activate for [frame: 'Terminal' (0x7a29e813e5c0)]  in org.gnome.Terminal (gtk 3.24.52) (0, 0, Terminal) obsoleted by window:activate for [frame: 'Terminal' (0x7a29e810edc0)]  in org.gnome.Terminal (gtk 3.24.52) (0, 0, Terminal) more recent duplicate
TOTAL PROCESSING TIME: 0.0002
^^^^^ FINISHED PRIORITY-2 OBJECT EVENT WINDOW:ACTIVATE ^^^^^


10:07:20.390455 - EVENT MANAGER: object:text-caret-moved for [terminal: 'Terminal' (0x7a29e8146dc0)]  in org.gnome.Terminal (gtk 3.24.52) (3, 0, 0)
10:07:20.390470 - FOCUS MANAGER: Locus of focus is None
10:07:20.390517 - EVENT_MANAGER: Not ignoring object:text-caret-moved due to source being focused
10:07:20.390549 - EVENT MANAGER: Queueing object:text-caret-moved for [terminal: 'Terminal' (0x7a29e813e5c0)]  in org.gnome.Terminal (gtk 3.24.52) (3, 0, 0)
10:07:20.390564 - EVENT MANAGER: App for event source is [application: 'org.gnome.Terminal' (0x7a29e81246c0)] 
10:07:20.390580 - SCRIPT MANAGER: Getting script for [application: 'org.gnome.Terminal' (0x7a29e81246c0)]  [terminal: 'Terminal' (0x7a29e8146d80)] 
10:07:20.390602 - SCRIPT MANAGER: Script is custom script org.gnome.Terminal (module=orca.scripts.terminal.script)
10:07:20.390640 - EVENT MANAGER: object:text-caret-moved for [terminal: 'Terminal' (0x7a29e813dd00)]  in org.gnome.Terminal (gtk 3.24.52) (3, 0, 0) has priority level: 4
10:07:20.390676 - EVENT MANAGER: Queued object:text-caret-moved for [terminal: 'Terminal' (0x7a29e8146e80)]  in org.gnome.Terminal (gtk 3.24.52) (3, 0, 0) priority: 4, counter: 30
10:07:20.390709 - CLIPBOARD PRESENTER: Possible change event object:text-changed:delete for [terminal: 'Terminal' (0x7a29e8a0db40)]  in org.gnome.Terminal (gtk 3.24.52) (0, 3, \n\n\n)

10:07:20.390756 - EVENT MANAGER: object:text-changed:delete for [terminal: 'Terminal' (0x7a29e813e5c0)]  in org.gnome.Terminal (gtk 3.24.52) (0, 3, \n\n\n)
10:07:20.390770 - FOCUS MANAGER: Locus of focus is None
10:07:20.390813 - EVENT_MANAGER: Not ignoring object:text-changed:delete due to source being focused
10:07:20.390844 - EVENT MANAGER: Queueing object:text-changed:delete for [terminal: 'Terminal' (0x7a29e8145d80)]  in org.gnome.Terminal (gtk 3.24.52) (0, 3, \n\n\n)
10:07:20.390859 - EVENT MANAGER: App for event source is [application: 'org.gnome.Terminal' (0x7a29e81246c0)] 
10:07:20.390875 - SCRIPT MANAGER: Getting script for [application: 'org.gnome.Terminal' (0x7a29e81246c0)]  [terminal: 'Terminal' (0x7a29e8145b40)] 
10:07:20.390895 - SCRIPT MANAGER: Script is custom script org.gnome.Terminal (module=orca.scripts.terminal.script)
10:07:20.390935 - EVENT MANAGER: object:text-changed:delete for [terminal: 'Terminal' (0x7a29e8146f80)]  in org.gnome.Terminal (gtk 3.24.52) (0, 3, \n\n\n) has priority level: 4
10:07:20.390968 - EVENT MANAGER: Queued object:text-changed:delete for [terminal: 'Terminal' (0x7a29e8146f80)]  in org.gnome.Terminal (gtk 3.24.52) (0, 3, \n\n\n) priority: 4, counter: 31
10:07:20.391008 - CLIPBOARD PRESENTER: Possible change event object:text-changed:insert for [terminal: 'Terminal' (0x7a29e8146f00)]  in org.gnome.Terminal (gtk 3.24.52) (0, 368, \n \n \nAdvance download... \n \n \nAdvance download (371 chars.))

10:07:20.391057 - EVENT MANAGER: object:text-changed:insert for [terminal: 'Terminal' (0x7a29e8146f40)]  in org.gnome.Terminal (gtk 3.24.52) (0, 368, \n \n \nAdvance download... \n \n \nAdvance download (371 chars.))
10:07:20.391072 - FOCUS MANAGER: Locus of focus is None
10:07:20.391116 - EVENT_MANAGER: Not ignoring object:text-changed:insert due to source being focused
10:07:20.391148 - EVENT MANAGER: Queueing object:text-changed:insert for [terminal: 'Terminal' (0x7a29e8146f80)]  in org.gnome.Terminal (gtk 3.24.52) (0, 368, \n \n \nAdvance download... \n \n \nAdvance download (371 chars.))
10:07:20.391162 - EVENT MANAGER: App for event source is [application: 'org.gnome.Terminal' (0x7a29e81246c0)] 
10:07:20.391178 - SCRIPT MANAGER: Getting script for [application: 'org.gnome.Terminal' (0x7a29e81246c0)]  [terminal: 'Terminal' (0x7a29e8146940)] 
10:07:20.391198 - SCRIPT MANAGER: Script is custom script org.gnome.Terminal (module=orca.scripts.terminal.script)
10:07:20.391238 - EVENT MANAGER: object:text-changed:insert for [terminal: 'Terminal' (0x7a29e8146f80)]  in org.gnome.Terminal (gtk 3.24.52) (0, 368, \n \n \nAdvance download... \n \n \nAdvance download (371 chars.)) has priority level: 4
10:07:20.391274 - EVENT MANAGER: Queued object:text-changed:insert for [terminal: 'Terminal' (0x7a29e8146940)]  in org.gnome.Terminal (gtk 3.24.52) (0, 368, \n \n \nAdvance download... \n \n \nAdvance download (371 chars.)) priority: 4, counter: 32

10:07:20.391309 - EVENT MANAGER: object:text-caret-moved for [terminal: 'Terminal' (0x7a29e8146f40)]  in org.gnome.Terminal (gtk 3.24.52) (368, 0, 0)
10:07:20.391323 - FOCUS MANAGER: Locus of focus is None
10:07:20.391367 - EVENT_MANAGER: Not ignoring object:text-caret-moved due to source being focused
10:07:20.391397 - EVENT MANAGER: Queueing object:text-caret-moved for [terminal: 'Terminal' (0x7a29e8c66940)]  in org.gnome.Terminal (gtk 3.24.52) (368, 0, 0)
10:07:20.391412 - EVENT MANAGER: App for event source is [application: 'org.gnome.Terminal' (0x7a29e81246c0)] 
10:07:20.391427 - SCRIPT MANAGER: Getting script for [application: 'org.gnome.Terminal' (0x7a29e81246c0)]  [terminal: 'Terminal' (0x7a29e8c66940)] 
10:07:20.391447 - SCRIPT MANAGER: Script is custom script org.gnome.Terminal (module=orca.scripts.terminal.script)
10:07:20.391483 - EVENT MANAGER: object:text-caret-moved for [terminal: 'Terminal' (0x7a29e8147000)]  in org.gnome.Terminal (gtk 3.24.52) (368, 0, 0) has priority level: 4
10:07:20.391517 - EVENT MANAGER: Queued object:text-caret-moved for [terminal: 'Terminal' (0x7a29e8145b40)]  in org.gnome.Terminal (gtk 3.24.52) (368, 0, 0) priority: 4, counter: 33

10:07:20.391933 - EVENT MANAGER: object:children-changed:add for [frame: 'Reactive TUI App accessibility round 1' (0x7a29e8146f40)]  in accessibility_probe (AccessKit) (0, 0, [progress bar: 'Download progress' (0x7a29e8145d80)])
10:07:20.391955 - FOCUS MANAGER: Locus of focus is None
10:07:20.391975 - EVENT MANAGER: Not ignoring object:children-changed:add based on role
10:07:20.392016 - EVENT MANAGER: Queueing object:children-changed:add for [frame: 'Reactive TUI App accessibility round 1' (0x7a29e810f200)]  in accessibility_probe (AccessKit) (0, 0, [progress bar: 'Download progress' (0x7a29e8147200)])
10:07:20.392030 - EVENT MANAGER: App for event source is [application: 'accessibility_probe' (0x7a29e8147200)] 
10:07:20.392047 - SCRIPT MANAGER: Getting script for [application: 'accessibility_probe' (0x7a29e8147200)]  [frame: 'Reactive TUI App accessibility round 1' (0x7a29e810ef40)] 
10:07:20.392281 - SCRIPT MANAGER: Creating app script for [application: 'accessibility_probe' (0x7a29e8147200)] 
10:07:20.392312 - SCRIPT MANAGER: Mapped [application: 'accessibility_probe' (0x7a29e8147200)]  to accessibility_probe
10:07:20.396639 - DEFAULT: Setting up commands for [application: 'accessibility_probe' (0x7a29e8147200)] 
10:07:20.396705 - DEFAULT: Commands already initialized.
10:07:20.396721 - SCRIPT: accessibility_probe (module=orca.scripts.default) initialized
10:07:20.396785 - SCRIPT MANAGER: Default script created for [application: 'accessibility_probe' (0x7a29e8147200)]  (obj:  None)
10:07:20.396823 - SCRIPT MANAGER: Script is app script accessibility_probe (module=orca.scripts.default)
10:07:20.396966 - EVENT MANAGER: object:children-changed:add for [frame: 'Reactive TUI App accessibility round 1' (0x7a29e814be00)]  in accessibility_probe (AccessKit) (0, 0, [progress bar: 'Download progress' (0x7a29e976c880)]) has priority level: 6
10:07:20.397098 - EVENT MANAGER: Queued object:children-changed:add for [frame: 'Reactive TUI App accessibility round 1' (0x7a29e8133e80)]  in accessibility_probe (AccessKit) (0, 0, [progress bar: 'Download progress' (0x7a29e8132c40)]) priority: 6, counter: 34

10:07:20.398246 - EVENT MANAGER: object:children-changed:add for [frame: 'Reactive TUI App accessibility round 1' (0x7a29e80d6f40)]  in accessibility_probe (AccessKit) (1, 0, [button: 'Advance download' (0x7a29e8146f40)])
10:07:20.398309 - FOCUS MANAGER: Locus of focus is None
10:07:20.398377 - EVENT MANAGER: Not ignoring object:children-changed:add based on role
10:07:20.398475 - EVENT MANAGER: Queueing object:children-changed:add for [frame: 'Reactive TUI App accessibility round 1' (0x7a29e814bfc0)]  in accessibility_probe (AccessKit) (1, 0, [button: 'Advance download' (0x7a29e814bf80)])
10:07:20.398520 - EVENT MANAGER: App for event source is [application: 'accessibility_probe' (0x7a29e8147200)] 
10:07:20.398568 - SCRIPT MANAGER: Getting script for [application: 'accessibility_probe' (0x7a29e8147200)]  [frame: 'Reactive TUI App accessibility round 1' (0x7a29e8146f40)] 
10:07:20.399058 - SCRIPT MANAGER: Script is app script accessibility_probe (module=orca.scripts.default)
10:07:20.399172 - EVENT MANAGER: object:children-changed:add for [frame: 'Reactive TUI App accessibility round 1' (0x7a29e814c0c0)]  in accessibility_probe (AccessKit) (1, 0, [button: 'Advance download' (0x7a29e814c080)]) has priority level: 6
10:07:20.399267 - EVENT MANAGER: Queued object:children-changed:add for [frame: 'Reactive TUI App accessibility round 1' (0x7a29e8a540c0)]  in accessibility_probe (AccessKit) (1, 0, [button: 'Advance download' (0x7a29e813dc40)]) priority: 6, counter: 35

10:07:20.400243 - EVENT MANAGER: object:children-changed:add for [frame: 'Reactive TUI App accessibility round 1' (0x7a29e814c040)]  in accessibility_probe (AccessKit) (2, 0, [progress bar: 'Waiting for download' (0x7a29e813dc40)])
10:07:20.400285 - FOCUS MANAGER: Locus of focus is None
10:07:20.400343 - EVENT MANAGER: Not ignoring object:children-changed:add based on role
10:07:20.400426 - EVENT MANAGER: Queueing object:children-changed:add for [frame: 'Reactive TUI App accessibility round 1' (0x7a29e8133f00)]  in accessibility_probe (AccessKit) (2, 0, [progress bar: 'Waiting for download' (0x7a29e814bf00)])
10:07:20.400467 - EVENT MANAGER: App for event source is [application: 'accessibility_probe' (0x7a29e8147200)] 
10:07:20.400512 - SCRIPT MANAGER: Getting script for [application: 'accessibility_probe' (0x7a29e8147200)]  [frame: 'Reactive TUI App accessibility round 1' (0x7a29e8146f40)] 
10:07:20.400920 - SCRIPT MANAGER: Script is app script accessibility_probe (module=orca.scripts.default)
10:07:20.401074 - EVENT MANAGER: object:children-changed:add for [frame: 'Reactive TUI App accessibility round 1' (0x7a29e814c040)]  in accessibility_probe (AccessKit) (2, 0, [progress bar: 'Waiting for download' (0x7a29e814c0c0)]) has priority level: 6
10:07:20.401142 - EVENT MANAGER: Queued object:children-changed:add for [frame: 'Reactive TUI App accessibility round 1' (0x7a29e8aa4040)]  in accessibility_probe (AccessKit) (2, 0, [progress bar: 'Waiting for download' (0x7a29e8145c40)]) priority: 6, counter: 36

10:07:20.402118 - EVENT MANAGER: object:children-changed:add for [frame: 'Reactive TUI App accessibility round 1' (0x7a29e814c100)]  in accessibility_probe (AccessKit) (3, 0, [progress bar: 'Invalid download' (0x7a29e8145c40)])
10:07:20.402166 - FOCUS MANAGER: Locus of focus is None
10:07:20.402222 - EVENT MANAGER: Not ignoring object:children-changed:add based on role
10:07:20.402305 - EVENT MANAGER: Queueing object:children-changed:add for [frame: 'Reactive TUI App accessibility round 1' (0x7a29e8133f00)]  in accessibility_probe (AccessKit) (3, 0, [progress bar: 'Invalid download' (0x7a29e814bf00)])
10:07:20.402345 - EVENT MANAGER: App for event source is [application: 'accessibility_probe' (0x7a29e8147200)] 
10:07:20.402389 - SCRIPT MANAGER: Getting script for [application: 'accessibility_probe' (0x7a29e8147200)]  [frame: 'Reactive TUI App accessibility round 1' (0x7a29e80d6f40)] 
10:07:20.402786 - SCRIPT MANAGER: Script is app script accessibility_probe (module=orca.scripts.default)
10:07:20.402890 - EVENT MANAGER: object:children-changed:add for [frame: 'Reactive TUI App accessibility round 1' (0x7a29e814c140)]  in accessibility_probe (AccessKit) (3, 0, [progress bar: 'Invalid download' (0x7a29e814c040)]) has priority level: 6
10:07:20.402987 - EVENT MANAGER: Queued object:children-changed:add for [frame: 'Reactive TUI App accessibility round 1' (0x7a29e8aa4140)]  in accessibility_probe (AccessKit) (3, 0, [progress bar: 'Invalid download' (0x7a29e813dc40)]) priority: 6, counter: 37

10:07:20.403940 - EVENT MANAGER: object:children-changed:add for [frame: 'Reactive TUI App accessibility round 1' (0x7a29e814c140)]  in accessibility_probe (AccessKit) (4, 0, [progress bar: 'Completed download' (0x7a29e813dc40)])
10:07:20.404008 - FOCUS MANAGER: Locus of focus is None
10:07:20.404082 - EVENT MANAGER: Not ignoring object:children-changed:add based on role
10:07:20.404179 - EVENT MANAGER: Queueing object:children-changed:add for [frame: 'Reactive TUI App accessibility round 1' (0x7a29e8133f00)]  in accessibility_probe (AccessKit) (4, 0, [progress bar: 'Completed download' (0x7a29e80c3f00)])
10:07:20.404227 - EVENT MANAGER: App for event source is [application: 'accessibility_probe' (0x7a29e8147200)] 
10:07:20.404290 - SCRIPT MANAGER: Getting script for [application: 'accessibility_probe' (0x7a29e8147200)]  [frame: 'Reactive TUI App accessibility round 1' (0x7a29e80d6f40)] 
10:07:20.404666 - SCRIPT MANAGER: Script is app script accessibility_probe (module=orca.scripts.default)
10:07:20.404782 - EVENT MANAGER: object:children-changed:add for [frame: 'Reactive TUI App accessibility round 1' (0x7a29e814c140)]  in accessibility_probe (AccessKit) (4, 0, [progress bar: 'Completed download' (0x7a29e814c100)]) has priority level: 6
10:07:20.404881 - EVENT MANAGER: Queued object:children-changed:add for [frame: 'Reactive TUI App accessibility round 1' (0x7a29e8aa4140)]  in accessibility_probe (AccessKit) (4, 0, [progress bar: 'Completed download' (0x7a29e813dc40)]) priority: 6, counter: 38

10:07:20.404997 - EVENT MANAGER: window:activate for [frame: 'Reactive TUI App accessibility round 1' (0x7a29e814c140)]  in accessibility_probe (AccessKit) (0, 0, Reactive TUI App accessibility round 1)
10:07:20.405088 - EVENT MANAGER: Queueing window:activate for [frame: 'Reactive TUI App accessibility round 1' (0x7a29e814c140)]  in accessibility_probe (AccessKit) (0, 0, Reactive TUI App accessibility round 1)
10:07:20.405131 - EVENT MANAGER: App for event source is [application: 'accessibility_probe' (0x7a29e8147200)] 
10:07:20.405177 - SCRIPT MANAGER: Getting script for [application: 'accessibility_probe' (0x7a29e8147200)]  [frame: 'Reactive TUI App accessibility round 1' (0x7a29e810ef40)] 
10:07:20.405529 - SCRIPT MANAGER: Script is app script accessibility_probe (module=orca.scripts.default)
10:07:20.405637 - EVENT MANAGER: window:activate for [frame: 'Reactive TUI App accessibility round 1' (0x7a29e814c1c0)]  in accessibility_probe (AccessKit) (0, 0, Reactive TUI App accessibility round 1) has priority level: 2
10:07:20.405728 - EVENT MANAGER: Queued window:activate for [frame: 'Reactive TUI App accessibility round 1' (0x7a29e814c180)]  in accessibility_probe (AccessKit) (0, 0, Reactive TUI App accessibility round 1) priority: 2, counter: 39

10:07:20.405886 - EVENT MANAGER: object:state-changed:active for [frame: 'Reactive TUI App accessibility round 1' (0x7a29e814c1c0)]  in accessibility_probe (AccessKit) (1, 0, 0)
10:07:20.405922 - FOCUS MANAGER: Locus of focus is None
10:07:20.405988 - EVENT MANAGER: Not ignoring object:state-changed:active based on role
10:07:20.406074 - EVENT MANAGER: Queueing object:state-changed:active for [frame: 'Reactive TUI App accessibility round 1' (0x7a29e814c1c0)]  in accessibility_probe (AccessKit) (1, 0, 0)
10:07:20.406116 - EVENT MANAGER: App for event source is [application: 'accessibility_probe' (0x7a29e8147200)] 
10:07:20.406161 - SCRIPT MANAGER: Getting script for [application: 'accessibility_probe' (0x7a29e8147200)]  [frame: 'Reactive TUI App accessibility round 1' (0x7a29e8133f00)] 
10:07:20.406490 - SCRIPT MANAGER: Script is app script accessibility_probe (module=orca.scripts.default)
10:07:20.406600 - EVENT MANAGER: object:state-changed:active for [frame: 'Reactive TUI App accessibility round 1' (0x7a29e8aa4140)]  in accessibility_probe (AccessKit) (1, 0, 0) has priority level: 2
10:07:20.406690 - EVENT MANAGER: Queued object:state-changed:active for [frame: 'Reactive TUI App accessibility round 1' (0x7a29e8124200)]  in accessibility_probe (AccessKit) (1, 0, 0) priority: 2, counter: 40

10:07:20.406787 - EVENT MANAGER: object:active-descendant-changed for [application: 'accessibility_probe' (0x7a29e8147200)]  in accessibility_probe (AccessKit) (0, 0, [frame: 'Reactive TUI App accessibility round 1' (0x7a29e8124400)])
10:07:20.406821 - FOCUS MANAGER: Locus of focus is None
10:07:20.407055 - EVENT MANAGER: Queueing object:active-descendant-changed for [application: 'accessibility_probe' (0x7a29e8147200)]  in accessibility_probe (AccessKit) (0, 0, [frame: 'Reactive TUI App accessibility round 1' (0x7a29e814bf00)])
10:07:20.407100 - EVENT MANAGER: App for event source is [application: 'accessibility_probe' (0x7a29e8147200)] 
10:07:20.407144 - SCRIPT MANAGER: Getting script for [application: 'accessibility_probe' (0x7a29e8147200)]  [application: 'accessibility_probe' (0x7a29e8147200)] 
10:07:20.407453 - SCRIPT MANAGER: Script is app script accessibility_probe (module=orca.scripts.default)
10:07:20.407551 - EVENT MANAGER: object:active-descendant-changed for [application: 'accessibility_probe' (0x7a29e8147200)]  in accessibility_probe (AccessKit) (0, 0, [frame: 'Reactive TUI App accessibility round 1' (0x7a29e814c240)]) has priority level: 3
10:07:20.407641 - EVENT MANAGER: Queued object:active-descendant-changed for [application: 'accessibility_probe' (0x7a29e8147200)]  in accessibility_probe (AccessKit) (0, 0, [frame: 'Reactive TUI App accessibility round 1' (0x7a29e8145d80)]) priority: 3, counter: 41

10:07:20.408096 - EVENT MANAGER: object:state-changed:focused for [button: 'Advance download' (0x7a29e8a54200)]  in accessibility_probe (AccessKit) (1, 0, 0)
10:07:20.408138 - FOCUS MANAGER: Locus of focus is None
10:07:20.408565 - EVENT_MANAGER: Not ignoring object:state-changed:focused due to source being focused
10:07:20.408651 - EVENT MANAGER: Queueing object:state-changed:focused for [button: 'Advance download' (0x7a29e80c3f00)]  in accessibility_probe (AccessKit) (1, 0, 0)
10:07:20.408693 - EVENT MANAGER: App for event source is [application: 'accessibility_probe' (0x7a29e8147200)] 
10:07:20.408737 - SCRIPT MANAGER: Getting script for [application: 'accessibility_probe' (0x7a29e8147200)]  [button: 'Advance download' (0x7a29e8a14240)] 
10:07:20.411240 - SCRIPT MANAGER: Script is app script accessibility_probe (module=orca.scripts.default)
10:07:20.411318 - EVENT MANAGER: object:state-changed:focused for [button: 'Advance download' (0x7a29e814c140)]  in accessibility_probe (AccessKit) (1, 0, 0) has priority level: 3
10:07:20.411365 - EVENT MANAGER: Queued object:state-changed:focused for [button: 'Advance download' (0x7a29e8aa4140)]  in accessibility_probe (AccessKit) (1, 0, 0) priority: 3, counter: 42

10:07:20.411409 - EVENT MANAGER: window:deactivate for [frame: 'Reactive TUI App accessibility round 1' (0x7a29e8124240)]  in accessibility_probe (AccessKit) (0, 0, Reactive TUI App accessibility round 1)
10:07:20.411441 - EVENT MANAGER: Queueing window:deactivate for [frame: 'Reactive TUI App accessibility round 1' (0x7a29e814c240)]  in accessibility_probe (AccessKit) (0, 0, Reactive TUI App accessibility round 1)
10:07:20.411456 - EVENT MANAGER: App for event source is [application: 'accessibility_probe' (0x7a29e8147200)] 
10:07:20.411473 - SCRIPT MANAGER: Getting script for [application: 'accessibility_probe' (0x7a29e8147200)]  [frame: 'Reactive TUI App accessibility round 1' (0x7a29e8133f00)] 
10:07:20.411777 - SCRIPT MANAGER: Script is app script accessibility_probe (module=orca.scripts.default)
10:07:20.411845 - EVENT MANAGER: window:deactivate for [frame: 'Reactive TUI App accessibility round 1' (0x7a29e814c280)]  in accessibility_probe (AccessKit) (0, 0, Reactive TUI App accessibility round 1) has priority level: 2
10:07:20.411888 - EVENT MANAGER: Queued window:deactivate for [frame: 'Reactive TUI App accessibility round 1' (0x7a29e814c180)]  in accessibility_probe (AccessKit) (0, 0, Reactive TUI App accessibility round 1) priority: 2, counter: 43

10:07:20.411971 - EVENT MANAGER: object:state-changed:active for [frame: 'Reactive TUI App accessibility round 1' (0x7a29e814c280)]  in accessibility_probe (AccessKit) (0, 0, 0)
10:07:20.411998 - FOCUS MANAGER: Locus of focus is None
10:07:20.412019 - EVENT MANAGER: Not ignoring object:state-changed:active based on role
10:07:20.412050 - EVENT MANAGER: Queueing object:state-changed:active for [frame: 'Reactive TUI App accessibility round 1' (0x7a29e814c140)]  in accessibility_probe (AccessKit) (0, 0, 0)
10:07:20.412065 - EVENT MANAGER: App for event source is [application: 'accessibility_probe' (0x7a29e8147200)] 
10:07:20.412083 - SCRIPT MANAGER: Getting script for [application: 'accessibility_probe' (0x7a29e8147200)]  [frame: 'Reactive TUI App accessibility round 1' (0x7a29e8aa4140)] 
10:07:20.412329 - SCRIPT MANAGER: Script is app script accessibility_probe (module=orca.scripts.default)
10:07:20.412403 - EVENT MANAGER: object:state-changed:active for [frame: 'Reactive TUI App accessibility round 1' (0x7a29e8a54200)]  in accessibility_probe (AccessKit) (0, 0, 0) has priority level: 2
10:07:20.412444 - EVENT MANAGER: Queued object:state-changed:active for [frame: 'Reactive TUI App accessibility round 1' (0x7a29e8124300)]  in accessibility_probe (AccessKit) (0, 0, 0) priority: 2, counter: 44

10:07:20.412486 - EVENT MANAGER: object:state-changed:focused for [button: 'Advance download' (0x7a29e814c340)]  in accessibility_probe (AccessKit) (0, 0, 0)
10:07:20.412501 - FOCUS MANAGER: Locus of focus is None
10:07:20.412590 - EVENT MANAGER: Queueing object:state-changed:focused for [button: 'Advance download' (0x7a29e814c2c0)]  in accessibility_probe (AccessKit) (0, 0, 0)
10:07:20.412606 - EVENT MANAGER: App for event source is [application: 'accessibility_probe' (0x7a29e8147200)] 
10:07:20.412622 - SCRIPT MANAGER: Getting script for [application: 'accessibility_probe' (0x7a29e8147200)]  [button: 'Advance download' (0x7a29e814c340)] 
10:07:20.412828 - SCRIPT MANAGER: Script is app script accessibility_probe (module=orca.scripts.default)
10:07:20.412895 - EVENT MANAGER: object:state-changed:focused for [button: 'Advance download' (0x7a29e8aa4140)]  in accessibility_probe (AccessKit) (0, 0, 0) has priority level: 3
10:07:20.412937 - EVENT MANAGER: Queued object:state-changed:focused for [button: 'Advance download' (0x7a29e814c1c0)]  in accessibility_probe (AccessKit) (0, 0, 0) priority: 3, counter: 45

10:07:20.412985 - EVENT MANAGER: window:activate for [frame: 'Reactive TUI App accessibility round 1' (0x7a29e814c300)]  in accessibility_probe (AccessKit) (0, 0, Reactive TUI App accessibility round 1)
10:07:20.413022 - EVENT MANAGER: Queueing window:activate for [frame: 'Reactive TUI App accessibility round 1' (0x7a29e8aa4140)]  in accessibility_probe (AccessKit) (0, 0, Reactive TUI App accessibility round 1)
10:07:20.413037 - EVENT MANAGER: App for event source is [application: 'accessibility_probe' (0x7a29e8147200)] 
10:07:20.413053 - SCRIPT MANAGER: Getting script for [application: 'accessibility_probe' (0x7a29e8147200)]  [frame: 'Reactive TUI App accessibility round 1' (0x7a29e814c340)] 
10:07:20.413294 - SCRIPT MANAGER: Script is app script accessibility_probe (module=orca.scripts.default)
10:07:20.413363 - EVENT MANAGER: window:activate for [frame: 'Reactive TUI App accessibility round 1' (0x7a29e8aa4140)]  in accessibility_probe (AccessKit) (0, 0, Reactive TUI App accessibility round 1) has priority level: 2
10:07:20.413406 - EVENT MANAGER: Queued window:activate for [frame: 'Reactive TUI App accessibility round 1' (0x7a29e8aa4140)]  in accessibility_probe (AccessKit) (0, 0, Reactive TUI App accessibility round 1) priority: 2, counter: 46

10:07:20.413465 - EVENT MANAGER: object:state-changed:active for [frame: 'Reactive TUI App accessibility round 1' (0x7a29e814c440)]  in accessibility_probe (AccessKit) (1, 0, 0)
10:07:20.413481 - FOCUS MANAGER: Locus of focus is None
10:07:20.413502 - EVENT MANAGER: Not ignoring object:state-changed:active based on role
10:07:20.413533 - EVENT MANAGER: Queueing object:state-changed:active for [frame: 'Reactive TUI App accessibility round 1' (0x7a29e8124400)]  in accessibility_probe (AccessKit) (1, 0, 0)
10:07:20.413548 - EVENT MANAGER: App for event source is [application: 'accessibility_probe' (0x7a29e8147200)] 
10:07:20.413565 - SCRIPT MANAGER: Getting script for [application: 'accessibility_probe' (0x7a29e8147200)]  [frame: 'Reactive TUI App accessibility round 1' (0x7a29e8124340)] 
10:07:20.413701 - SCRIPT MANAGER: Script is app script accessibility_probe (module=orca.scripts.default)
10:07:20.413744 - EVENT MANAGER: object:state-changed:active for [frame: 'Reactive TUI App accessibility round 1' (0x7a29e8124500)]  in accessibility_probe (AccessKit) (1, 0, 0) has priority level: 2
10:07:20.413780 - EVENT MANAGER: Queued object:state-changed:active for [frame: 'Reactive TUI App accessibility round 1' (0x7a29e814c400)]  in accessibility_probe (AccessKit) (1, 0, 0) priority: 2, counter: 47

10:07:20.413816 - EVENT MANAGER: object:active-descendant-changed for [application: 'accessibility_probe' (0x7a29e8147200)]  in accessibility_probe (AccessKit) (0, 0, [frame: 'Reactive TUI App accessibility round 1' (0x7a29e8145cc0)])
10:07:20.413830 - FOCUS MANAGER: Locus of focus is None
10:07:20.413874 - EVENT_MANAGER: Ignoring object:active-descendant-changed due to multiple instances in short time

10:07:20.413911 - EVENT MANAGER: object:state-changed:focused for [button: 'Advance download' (0x7a29e814c100)]  in accessibility_probe (AccessKit) (1, 0, 0)
10:07:20.413924 - FOCUS MANAGER: Locus of focus is None
10:07:20.413969 - EVENT_MANAGER: Not ignoring object:state-changed:focused due to source being focused
10:07:20.414003 - EVENT MANAGER: Queueing object:state-changed:focused for [button: 'Advance download' (0x7a29e814c100)]  in accessibility_probe (AccessKit) (1, 0, 0)
10:07:20.414020 - EVENT MANAGER: App for event source is [application: 'accessibility_probe' (0x7a29e8147200)] 
10:07:20.414036 - SCRIPT MANAGER: Getting script for [application: 'accessibility_probe' (0x7a29e8147200)]  [button: 'Advance download' (0x7a29e814c480)] 
10:07:20.414171 - SCRIPT MANAGER: Script is app script accessibility_probe (module=orca.scripts.default)
10:07:20.414209 - EVENT MANAGER: object:state-changed:focused for [button: 'Advance download' (0x7a29e8124500)]  in accessibility_probe (AccessKit) (1, 0, 0) has priority level: 3
10:07:20.414245 - EVENT MANAGER: Queued object:state-changed:focused for [button: 'Advance download' (0x7a29e814c5c0)]  in accessibility_probe (AccessKit) (1, 0, 0) priority: 3, counter: 48
10:07:20.415019 - GSETTINGS SCHEMA HANDLE: keybindings/keyboard-layout not set [profile:default]
10:07:20.415038 - GSETTINGS REGISTRY: keybindings/keyboard-layout using default value = 'desktop'
10:07:20.415053 - GSETTINGS SCHEMA HANDLE: keybindings/desktop-modifier-keys not set [profile:default]
10:07:20.415059 - GSETTINGS REGISTRY: keybindings/desktop-modifier-keys using default value = ['Insert', 'KP_Insert']
10:07:20.415082 - FOCUS MANAGER: Active window is None <unknown>.<module>:373 > input_event_manager._on_key_pressed:261 > input_event_manager.process_keyboard_event:297 > focus_manager.get_active_window:342

10:07:20.415639 - EVENT MANAGER: object:text-caret-moved for [terminal: 'Terminal' (0x7a29e814f500)]  in org.gnome.Terminal (gtk 3.24.52) (396, 0, 0)
10:07:20.415662 - FOCUS MANAGER: Locus of focus is None
10:07:20.415714 - EVENT_MANAGER: Not ignoring object:text-caret-moved due to source being focused
10:07:20.415749 - EVENT MANAGER: Queueing object:text-caret-moved for [terminal: 'Terminal' (0x7a29e814f780)]  in org.gnome.Terminal (gtk 3.24.52) (396, 0, 0)
10:07:20.415766 - EVENT MANAGER: App for event source is [application: 'org.gnome.Terminal' (0x7a29e81246c0)] 
10:07:20.415784 - SCRIPT MANAGER: Getting script for [application: 'org.gnome.Terminal' (0x7a29e81246c0)]  [terminal: 'Terminal' (0x7a29e814f740)] 
10:07:20.415808 - SCRIPT MANAGER: Script is custom script org.gnome.Terminal (module=orca.scripts.terminal.script)
10:07:20.415846 - EVENT MANAGER: object:text-caret-moved for [terminal: 'Terminal' (0x7a29e814f880)]  in org.gnome.Terminal (gtk 3.24.52) (396, 0, 0) has priority level: 4
10:07:20.415883 - EVENT MANAGER: Queued object:text-caret-moved for [terminal: 'Terminal' (0x7a29e814f780)]  in org.gnome.Terminal (gtk 3.24.52) (396, 0, 0) priority: 4, counter: 49
10:07:20.416294 - AXObject: Clearing AT-SPI cache on [frame: 'Terminal' (0x7a29e80bbbc0)]  Recursive: False.  Reason: Checking if window can be the active window
10:07:20.416963 - AXUtilities: [frame: 'Terminal' (0x7a29e80bbbc0)]  from [application: 'org.gnome.Terminal' (0x7a29e81246c0)]  can be active window
10:07:20.417004 - AXObject: Clearing AT-SPI cache on [frame: 'Reactive TUI App accessibility round 1' (0x7a29e814f9c0)]  Recursive: False.  Reason: Checking if window can be the active window
10:07:20.418170 - AXUtilities: [frame: 'Reactive TUI App accessibility round 1' (0x7a29e814f9c0)]  from [application: 'accessibility_probe' (0x7a29e8147200)]  can be active window
10:07:20.418199 - AXObject: Clearing AT-SPI cache on [frame: 'Independent background App' (0x7a29e814fa80)]  Recursive: False.  Reason: Checking if window can be the active window
10:07:20.419136 - AXUtilities: [frame: 'Independent background App' (0x7a29e814fa80)]  from [application: 'accessibility_probe' (0x7a29e810fcc0)]  lacks active state
10:07:20.419159 - AXUtilities: These windows all claim to be active: [[frame: 'Terminal' (0x7a29e80bbbc0)], [frame: 'Reactive TUI App accessibility round 1' (0x7a29e814f9c0)] ]
10:07:20.419183 - AXUtilities: Still have multiple active windows: [[frame: 'Terminal' (0x7a29e80bbbc0)], [frame: 'Reactive TUI App accessibility round 1' (0x7a29e814f9c0)] ]
10:07:20.419198 - AXUtilities: Returning [frame: 'Terminal' (0x7a29e80bbbc0)]  as active window
10:07:20.419210 - INPUT EVENT MANAGER: Updating window and active window to [frame: 'Terminal' (0x7a29e80bbbc0)] 
10:07:20.419222 - FOCUS MANAGER: Request to set active window to [frame: 'Terminal' (0x7a29e80bbbc0)] 
10:07:20.419242 - FOCUS MANAGER: Focus None is not in [frame: 'Terminal' (0x7a29e80bbbc0)] 
10:07:20.419260 - FOCUS MANAGER: Request to set locus of focus to [frame: 'Terminal' (0x7a29e80bbbc0)]  input_event_manager._on_key_pressed:261 > input_event_manager.process_keyboard_event:304 > focus_manager.set_active_window:391 > focus_manager.set_locus_of_focus:271
10:07:20.419557 - AXObject: Clearing AT-SPI cache on [frame: 'Terminal' (0x7a29e80bbbc0)]  Recursive: False.  Reason: Setting locus of focus.
10:07:20.419577 - SCRIPT MANAGER: Active script is: default (module=orca.scripts.default)
10:07:20.419711 - FOCUS MANAGER: Changing locus of focus from None to [frame: 'Terminal' (0x7a29e80bbbc0)] . Notify: True
10:07:20.419751 - FOCUS MANAGER: Switching mode from None to focus-tracking
10:07:20.419806 - FOCUS MANAGER: Region of interest: [frame: 'Terminal' (0x7a29e80bbbc0)]  (0, 0)
10:07:20.419869 - FOCUS MANAGER: Switching object of interest from None to [frame: 'Terminal' (0x7a29e80bbbc0)] 
10:07:20.420030 - DOCUMENT PRESENTER: Updating mode for focus change. Old focus: None old doc: None New focus: [frame: 'Terminal' (0x7a29e80bbbc0)]  new doc: None
10:07:20.420051 - SCRIPT MANAGER: Active script is: default (module=orca.scripts.default)
10:07:20.420056 - CARET NAVIGATOR: Commands suspended: False: locus of focus no longer in document
10:07:20.420088 - GSETTINGS SCHEMA HANDLE: keybindings/keyboard-layout not set [profile:default]
10:07:20.420093 - GSETTINGS REGISTRY: keybindings/keyboard-layout using default value = 'desktop'
10:07:20.420103 - GSETTINGS SCHEMA HANDLE: keybindings/desktop-modifier-keys not set [profile:default]
10:07:20.420107 - GSETTINGS REGISTRY: keybindings/desktop-modifier-keys using default value = ['Insert', 'KP_Insert']
10:07:20.420137 - SCRIPT MANAGER: Active script is: default (module=orca.scripts.default)
10:07:20.420142 - STRUCTURAL NAVIGATOR: Suspended: False: locus of focus no longer in document
10:07:20.420151 - GSETTINGS SCHEMA HANDLE: keybindings/keyboard-layout not set [profile:default]
10:07:20.420154 - GSETTINGS REGISTRY: keybindings/keyboard-layout using default value = 'desktop'
10:07:20.420161 - GSETTINGS SCHEMA HANDLE: keybindings/desktop-modifier-keys not set [profile:default]
10:07:20.420165 - GSETTINGS REGISTRY: keybindings/desktop-modifier-keys using default value = ['Insert', 'KP_Insert']
10:07:20.420200 - STRUCTURAL NAVIGATOR: Setting mode for default (module=orca.scripts.default) to NavigationMode.OFF
10:07:20.420213 - SCRIPT MANAGER: Active script is: default (module=orca.scripts.default)
10:07:20.420223 - GSETTINGS SCHEMA HANDLE: keybindings/keyboard-layout not set [profile:default]
10:07:20.420226 - GSETTINGS REGISTRY: keybindings/keyboard-layout using default value = 'desktop'
10:07:20.420233 - GSETTINGS SCHEMA HANDLE: keybindings/desktop-modifier-keys not set [profile:default]
10:07:20.420236 - GSETTINGS REGISTRY: keybindings/desktop-modifier-keys using default value = ['Insert', 'KP_Insert']
10:07:20.420267 - CARET NAVIGATOR: Setting enabled state for default (module=orca.scripts.default) to False
10:07:20.420279 - SCRIPT MANAGER: Active script is: default (module=orca.scripts.default)
10:07:20.420287 - GSETTINGS SCHEMA HANDLE: keybindings/keyboard-layout not set [profile:default]
10:07:20.420290 - GSETTINGS REGISTRY: keybindings/keyboard-layout using default value = 'desktop'
10:07:20.420296 - GSETTINGS SCHEMA HANDLE: keybindings/desktop-modifier-keys not set [profile:default]
10:07:20.420299 - GSETTINGS REGISTRY: keybindings/desktop-modifier-keys using default value = ['Insert', 'KP_Insert']
10:07:20.420338 - SCRIPT UTILITIES: [frame: 'Terminal' (0x7a29e80bbbc0)]  is top-level object for: [frame: 'Terminal' (0x7a29e80bbbc0)] 
10:07:20.420351 - FOCUS MANAGER: Request to set active window to [frame: 'Terminal' (0x7a29e80bbbc0)] 
10:07:20.420356 - FOCUS MANAGER: Setting active window to existing active window
10:07:20.420373 - SCRIPT MANAGER: Getting script for [application: 'org.gnome.Terminal' (0x7a29e81246c0)]  [frame: 'Terminal' (0x7a29e80bbbc0)] 
10:07:20.420397 - SCRIPT MANAGER: Script is app script org.gnome.Terminal (module=orca.scripts.toolkits.gtk.script)
10:07:20.420418 - SCRIPT MANAGER: Deactivating default (module=orca.scripts.default) reason: Setting active window
10:07:20.420442 - SCRIPT MANAGER: Setting active script to org.gnome.Terminal (module=orca.scripts.toolkits.gtk.script) reason: Setting active window
10:07:20.420454 - DEFAULT: Activating script for [application: 'org.gnome.Terminal' (0x7a29e81246c0)] 
10:07:20.420665 - SPEECH MANAGER: Speech server is <orca.speechdispatcherfactory.SpeechServer object at 0x7a29e89e96a0>
10:07:20.420719 - GSETTINGS SCHEMA HANDLE: speech/punctuation-level not set [app:org.gnome.Terminal, profile:default]
10:07:20.420724 - GSETTINGS REGISTRY: speech/punctuation-level using default value = 'most'
10:07:20.421030 - SPEECH MANAGER: Speech server is <orca.speechdispatcherfactory.SpeechServer object at 0x7a29e89e96a0>
10:07:20.421076 - GSETTINGS SCHEMA HANDLE: speech/capitalization-style not set [app:org.gnome.Terminal, profile:default]
10:07:20.421085 - GSETTINGS REGISTRY: speech/capitalization-style using default value = 'none'
10:07:20.421405 - SPEECH MANAGER: Speech server is <orca.speechdispatcherfactory.SpeechServer object at 0x7a29e89e96a0>
10:07:20.421449 - GSETTINGS SCHEMA HANDLE: speech/synthesizer not set [app:org.gnome.Terminal, profile:default]
10:07:20.421471 - SCRIPT MANAGER: Active script is: org.gnome.Terminal (module=orca.scripts.toolkits.gtk.script)
10:07:20.421476 - CARET NAVIGATOR: Commands suspended: False: script activation, no prior state
10:07:20.421508 - GSETTINGS SCHEMA HANDLE: keybindings/keyboard-layout not set [app:org.gnome.Terminal, profile:default]
10:07:20.421512 - GSETTINGS REGISTRY: keybindings/keyboard-layout using default value = 'desktop'
10:07:20.421526 - GSETTINGS SCHEMA HANDLE: keybindings/desktop-modifier-keys not set [app:org.gnome.Terminal, profile:default]
10:07:20.421530 - GSETTINGS REGISTRY: keybindings/desktop-modifier-keys using default value = ['Insert', 'KP_Insert']
10:07:20.421560 - SCRIPT MANAGER: Active script is: org.gnome.Terminal (module=orca.scripts.toolkits.gtk.script)
10:07:20.421564 - STRUCTURAL NAVIGATOR: Suspended: False: script activation, no prior state
10:07:20.421576 - GSETTINGS SCHEMA HANDLE: keybindings/keyboard-layout not set [app:org.gnome.Terminal, profile:default]
10:07:20.421580 - GSETTINGS REGISTRY: keybindings/keyboard-layout using default value = 'desktop'
10:07:20.421590 - GSETTINGS SCHEMA HANDLE: keybindings/desktop-modifier-keys not set [app:org.gnome.Terminal, profile:default]
10:07:20.421594 - GSETTINGS REGISTRY: keybindings/desktop-modifier-keys using default value = ['Insert', 'KP_Insert']
10:07:20.421626 - STRUCTURAL NAVIGATOR: Setting mode for org.gnome.Terminal (module=orca.scripts.toolkits.gtk.script) to NavigationMode.OFF
10:07:20.421639 - SCRIPT MANAGER: Active script is: org.gnome.Terminal (module=orca.scripts.toolkits.gtk.script)
10:07:20.421653 - GSETTINGS SCHEMA HANDLE: keybindings/keyboard-layout not set [app:org.gnome.Terminal, profile:default]
10:07:20.421657 - GSETTINGS REGISTRY: keybindings/keyboard-layout using default value = 'desktop'
10:07:20.421667 - GSETTINGS SCHEMA HANDLE: keybindings/desktop-modifier-keys not set [app:org.gnome.Terminal, profile:default]
10:07:20.421670 - GSETTINGS REGISTRY: keybindings/desktop-modifier-keys using default value = ['Insert', 'KP_Insert']
10:07:20.421701 - CARET NAVIGATOR: Setting enabled state for org.gnome.Terminal (module=orca.scripts.toolkits.gtk.script) to False
10:07:20.421713 - SCRIPT MANAGER: Active script is: org.gnome.Terminal (module=orca.scripts.toolkits.gtk.script)
10:07:20.421725 - GSETTINGS SCHEMA HANDLE: keybindings/keyboard-layout not set [app:org.gnome.Terminal, profile:default]
10:07:20.421728 - GSETTINGS REGISTRY: keybindings/keyboard-layout using default value = 'desktop'
10:07:20.421737 - GSETTINGS SCHEMA HANDLE: keybindings/desktop-modifier-keys not set [app:org.gnome.Terminal, profile:default]
10:07:20.421741 - GSETTINGS REGISTRY: keybindings/desktop-modifier-keys using default value = ['Insert', 'KP_Insert']
10:07:20.421752 - COMMAND MANAGER: Activating commands: activated org.gnome.Terminal (module=orca.scripts.toolkits.gtk.script)
10:07:20.421816 - GSETTINGS SCHEMA HANDLE: keybindings/entries no dict values set
10:07:20.421822 - GSETTINGS REGISTRY: keybindings/entries using default value = {}
10:07:20.421826 - COMMAND MANAGER: No user overrides to apply
10:07:20.421870 - GSETTINGS SCHEMA HANDLE: keybindings/keyboard-layout not set [app:org.gnome.Terminal, profile:default]
10:07:20.421877 - GSETTINGS REGISTRY: keybindings/keyboard-layout using default value = 'desktop'
10:07:20.421888 - GSETTINGS SCHEMA HANDLE: keybindings/desktop-modifier-keys not set [app:org.gnome.Terminal, profile:default]
10:07:20.421891 - GSETTINGS REGISTRY: keybindings/desktop-modifier-keys using default value = ['Insert', 'KP_Insert']

vvvvv COMMAND MANAGER: Grab diff: activated org.gnome.Terminal (module=orca.scripts.toolkits.gtk.script) (old: 77, new: 77) vvvvv
10:07:20.422576 -   Added (31):
10:07:20.422583 -     KP_Divide: leftClickReviewItemHandler
10:07:20.422588 -     KP_Multiply: rightClickReviewItemHandler
10:07:20.422591 -     KP_Add: sayAllHandler
10:07:20.422598 -     Alt+BackSpace: bypass_mode_toggle
10:07:20.422603 -     Alt+Control+Shift+q: toggle_sleep_mode
10:07:20.422607 -     Alt+Shift+Left: table_cell_left
10:07:20.422611 -     Alt+Shift+Right: table_cell_right
10:07:20.422615 -     Alt+Shift+Up: table_cell_up
10:07:20.422619 -     Alt+Shift+Down: table_cell_down
10:07:20.422623 -     Alt+Shift+Home: table_cell_first
10:07:20.422626 -     Alt+Shift+End: table_cell_last
10:07:20.422629 -     KP_Subtract: toggleFlatReviewModeHandler
10:07:20.422632 -     KP_Home: reviewPreviousLineHandler
10:07:20.422636 -     KP_Up: reviewCurrentLineHandler
10:07:20.422638 -     KP_Page_Up: reviewNextLineHandler
10:07:20.422642 -     KP_Up x2: reviewSpellCurrentLineHandler
10:07:20.422645 -     KP_Up x3: reviewPhoneticCurrentLineHandler
10:07:20.422648 -     KP_Left: reviewPreviousItemHandler
10:07:20.422651 -     KP_Begin: reviewCurrentItemHandler
10:07:20.422654 -     KP_Right: reviewNextItemHandler
10:07:20.422657 -     KP_Begin x2: reviewSpellCurrentItemHandler
10:07:20.422660 -     KP_Begin x3: reviewPhoneticCurrentItemHandler
10:07:20.422663 -     KP_End: reviewPreviousCharacterHandler
10:07:20.422666 -     KP_Down: reviewCurrentCharacterHandler
10:07:20.422669 -     KP_Down x2: reviewSpellCurrentCharacterHandler
10:07:20.422672 -     KP_Down x3: reviewUnicodeCurrentCharacterHandler
10:07:20.422675 -     KP_Page_Down: reviewNextCharacterHandler
10:07:20.422679 -     KP_Add x2: flatReviewSayAllHandler
10:07:20.422682 -     KP_Delete: findHandler
10:07:20.422685 -     KP_Enter: whereAmIBasicHandler
10:07:20.422688 -     KP_Enter x2: whereAmIDetailedHandler
^^^^^ COMMAND MANAGER: Diff completed in 0.0008s. Removed 0, added 31, transferred 0 ^^^^^

10:07:20.422715 - GSETTINGS SCHEMA HANDLE: speech/enable not set [app:org.gnome.Terminal, profile:default]
10:07:20.422720 - GSETTINGS REGISTRY: speech/enable using default value = True
10:07:20.422723 - SPEECH MANAGER: Speech is enabled.
10:07:20.422754 - SPEECH MANAGER: start_speech. Script: None Event: None notify_user: False
10:07:20.422758 - SPEECH MANAGER: Initializing server
10:07:20.422761 - SPEECH MANAGER: Already initialized
10:07:20.422775 - GSETTINGS SCHEMA HANDLE: keybindings/keyboard-layout not set [app:org.gnome.Terminal, profile:default]
10:07:20.422779 - GSETTINGS REGISTRY: keybindings/keyboard-layout using default value = 'desktop'
10:07:20.422783 - COMMAND MANAGER: Setting keyboard layout is_desktop to True.
10:07:20.422841 - GSETTINGS SCHEMA HANDLE: keybindings/entries no dict values set
10:07:20.422846 - GSETTINGS REGISTRY: keybindings/entries using default value = {}
10:07:20.422849 - COMMAND MANAGER: No user overrides to apply
10:07:20.422890 - GSETTINGS SCHEMA HANDLE: keybindings/keyboard-layout not set [app:org.gnome.Terminal, profile:default]
10:07:20.422894 - GSETTINGS REGISTRY: keybindings/keyboard-layout using default value = 'desktop'
10:07:20.422904 - GSETTINGS SCHEMA HANDLE: keybindings/desktop-modifier-keys not set [app:org.gnome.Terminal, profile:default]
10:07:20.422908 - GSETTINGS REGISTRY: keybindings/desktop-modifier-keys using default value = ['Insert', 'KP_Insert']

vvvvv COMMAND MANAGER: Grab diff: keyboard layout change (old: 77, new: 77) vvvvv
10:07:20.422921 -   No grab changes
^^^^^ COMMAND MANAGER: Diff completed in 0.0000s. Removed 0, added 0, transferred 0 ^^^^^

10:07:20.422929 - COMMAND MANAGER: Keyboard layout set to desktop.
10:07:20.422946 - GSETTINGS SCHEMA HANDLE: keybindings/keyboard-layout not set [app:org.gnome.Terminal, profile:default]
10:07:20.422950 - GSETTINGS REGISTRY: keybindings/keyboard-layout using default value = 'desktop'
10:07:20.422959 - GSETTINGS SCHEMA HANDLE: keybindings/desktop-modifier-keys not set [app:org.gnome.Terminal, profile:default]
10:07:20.422963 - GSETTINGS REGISTRY: keybindings/desktop-modifier-keys using default value = ['Insert', 'KP_Insert']
10:07:20.422970 - PRESENTATION MANAGER: Not interrupting for locusOfFocus change: event is None
10:07:20.423013 - FOCUS MANAGER: Active mode: focus-tracking Object of interest: [frame: 'Terminal' (0x7a29e80bbbc0)] 
10:07:20.423028 - GSETTINGS SCHEMA HANDLE: speech/enable not set [app:org.gnome.Terminal, profile:default]
10:07:20.423032 - GSETTINGS REGISTRY: speech/enable using default value = True
10:07:20.423046 - GSETTINGS SCHEMA HANDLE: speech/verbosity-level not set [app:org.gnome.Terminal, profile:default]
10:07:20.423050 - GSETTINGS REGISTRY: speech/verbosity-level using default value = 'verbose'
10:07:20.423063 - FOCUS MANAGER: Locus of focus is [frame: 'Terminal' (0x7a29e80bbbc0)] 
10:07:20.423078 - SCRIPT MANAGER: Active script is: org.gnome.Terminal (module=orca.scripts.toolkits.gtk.script)
10:07:20.423092 - GSETTINGS SCHEMA HANDLE: speech/only-speak-displayed-text not set [app:org.gnome.Terminal, profile:default]
10:07:20.423096 - GSETTINGS REGISTRY: speech/only-speak-displayed-text using default value = False
10:07:20.423107 - GSETTINGS SCHEMA HANDLE: speech/speak-description not set [app:org.gnome.Terminal, profile:default]
10:07:20.423111 - GSETTINGS REGISTRY: speech/speak-description using default value = True
10:07:20.423121 - GSETTINGS SCHEMA HANDLE: speech/speak-tutorial-messages not set [app:org.gnome.Terminal, profile:default]
10:07:20.423124 - GSETTINGS REGISTRY: speech/speak-tutorial-messages using default value = True
10:07:20.423134 - GSETTINGS SCHEMA HANDLE: speech/speak-position-in-set not set [app:org.gnome.Terminal, profile:default]
10:07:20.423138 - GSETTINGS REGISTRY: speech/speak-position-in-set using default value = False
10:07:20.423147 - GSETTINGS SCHEMA HANDLE: speech/speak-widget-mnemonic not set [app:org.gnome.Terminal, profile:default]
10:07:20.423150 - GSETTINGS REGISTRY: speech/speak-widget-mnemonic using default value = True
10:07:20.423160 - GSETTINGS SCHEMA HANDLE: speech/speak-blank-lines not set [app:org.gnome.Terminal, profile:default]
10:07:20.423164 - GSETTINGS REGISTRY: speech/speak-blank-lines using default value = True
10:07:20.423174 - GSETTINGS SCHEMA HANDLE: speech/speak-indentation-and-justification not set [app:org.gnome.Terminal, profile:default]
10:07:20.423178 - GSETTINGS REGISTRY: speech/speak-indentation-and-justification using default value = False
10:07:20.423188 - GSETTINGS SCHEMA HANDLE: speech/announce-cell-headers not set [app:org.gnome.Terminal, profile:default]
10:07:20.423191 - GSETTINGS REGISTRY: speech/announce-cell-headers using default value = True
10:07:20.423201 - GSETTINGS SCHEMA HANDLE: speech/announce-cell-coordinates not set [app:org.gnome.Terminal, profile:default]
10:07:20.423204 - GSETTINGS REGISTRY: speech/announce-cell-coordinates using default value = True
10:07:20.423213 - GSETTINGS SCHEMA HANDLE: speech/announce-spreadsheet-cell-coordinates not set [app:org.gnome.Terminal, profile:default]
10:07:20.423217 - GSETTINGS REGISTRY: speech/announce-spreadsheet-cell-coordinates using default value = True
10:07:20.423226 - GSETTINGS SCHEMA HANDLE: speech/announce-blockquote not set [app:org.gnome.Terminal, profile:default]
10:07:20.423229 - GSETTINGS REGISTRY: speech/announce-blockquote using default value = True
10:07:20.423239 - GSETTINGS SCHEMA HANDLE: speech/announce-form not set [app:org.gnome.Terminal, profile:default]
10:07:20.423242 - GSETTINGS REGISTRY: speech/announce-form using default value = True
10:07:20.423252 - GSETTINGS SCHEMA HANDLE: speech/announce-landmark not set [app:org.gnome.Terminal, profile:default]
10:07:20.423255 - GSETTINGS REGISTRY: speech/announce-landmark using default value = True
10:07:20.423270 - GSETTINGS SCHEMA HANDLE: speech/announce-list not set [app:org.gnome.Terminal, profile:default]
10:07:20.423274 - GSETTINGS REGISTRY: speech/announce-list using default value = True
10:07:20.423283 - GSETTINGS SCHEMA HANDLE: speech/announce-grouping not set [app:org.gnome.Terminal, profile:default]
10:07:20.423287 - GSETTINGS REGISTRY: speech/announce-grouping using default value = True
10:07:20.423296 - GSETTINGS SCHEMA HANDLE: speech/announce-table not set [app:org.gnome.Terminal, profile:default]
10:07:20.423299 - GSETTINGS REGISTRY: speech/announce-table using default value = True
10:07:20.423391 - GENERATOR: _get_functional_role: frame
10:07:20.423467 - SPEECH GENERATOR: speech_generator.SpeechGenerator._generate_frame for [frame: 'Terminal' (0x7a29e80bbbc0)]  args: {'formatType': 'unfocused', 'priorObj': "[frame: 'Terminal' (0x7a29e80bbbc0)] ", 'role': 'frame'}
10:07:20.423495 - SPEECH GENERATOR: _generate_old_ancestors: []
10:07:20.423515 - SPEECH GENERATOR: _generate_new_ancestors: []
10:07:20.423745 - AXUtilitiesRelation: [frame: 'Terminal' (0x7a29e80bbbc0)]  is labelled by: []
10:07:20.423763 - GENERATOR: _generate_accessible_label: []
10:07:20.423777 - SPEECH GENERATOR: _generate_accessible_label: []
10:07:20.423802 - GENERATOR: _generate_accessible_name: [Terminal]
10:07:20.423839 - GSETTINGS SCHEMA HANDLE: voice/established not set [app:org.gnome.Terminal, profile:default]
10:07:20.423856 - GSETTINGS SCHEMA HANDLE: voice/rate not set [app:org.gnome.Terminal, profile:default]
10:07:20.423868 - GSETTINGS SCHEMA HANDLE: voice/pitch not set [app:org.gnome.Terminal, profile:default]
10:07:20.423880 - GSETTINGS SCHEMA HANDLE: voice/volume not set [app:org.gnome.Terminal, profile:default]
10:07:20.423895 - GSETTINGS SCHEMA HANDLE: voice/family-name not set [app:org.gnome.Terminal, profile:default]
10:07:20.423907 - GSETTINGS SCHEMA HANDLE: voice/family-lang not set [app:org.gnome.Terminal, profile:default]
10:07:20.423917 - GSETTINGS SCHEMA HANDLE: voice/family-dialect not set [app:org.gnome.Terminal, profile:default]
10:07:20.423928 - GSETTINGS SCHEMA HANDLE: voice/family-gender not set [app:org.gnome.Terminal, profile:default]
10:07:20.423938 - GSETTINGS SCHEMA HANDLE: voice/family-variant not set [app:org.gnome.Terminal, profile:default]
10:07:20.423966 - SPEECH GENERATOR: default voice requested for [frame: 'Terminal' (0x7a29e80bbbc0)]  language='', dialect='' Unmodified voice={'established': False}
10:07:20.424003 - SPEECH GENERATOR: Reported locale of [frame: 'Terminal' (0x7a29e80bbbc0)]  is C
10:07:20.424022 - SPEECH GENERATOR: Updated to: 'C', ''
10:07:20.424043 - GSETTINGS SCHEMA HANDLE: speech/auto-language-switching not set [app:org.gnome.Terminal, profile:default]
10:07:20.424048 - GSETTINGS REGISTRY: speech/auto-language-switching using default value = True
10:07:20.424060 - SPEECH DISPATCHER: Searching for language='C' dialect='' variant='None'.
10:07:20.429938 - SPEECH DISPATCHER: Unfiltered voice list has 0 entries.
10:07:20.430174 - SPEECH DISPATCHER: Unfiltered voice list (try 2) has 0 entries.
10:07:20.430188 - SPEECH DISPATCHER: Found 0 match(es) for language='C' dialect='' variant='None' in 0.0061s.
10:07:20.430261 - SPEECH GENERATOR: Family updated to {'dialect': '', 'lang': 'C', 'name': ''}
10:07:20.430312 - SPEECH GENERATOR: Final voice is {'established': 'False', 'family': "{'dialect': '', 'lang': 'C', 'name': ''}"}
10:07:20.430365 - SPEECH GENERATOR: _generate_accessible_name: [Terminal, {'established': 'False', 'family': "{'dialect': '', 'lang': 'C', 'name': ''}"}]
10:07:20.430435 - GENERATOR: _generate_accessible_label_and_name: [Terminal, {'established': 'False', 'family': "{'dialect': '', 'lang': 'C', 'name': ''}"}]
10:07:20.430464 - SPEECH PRESENTER: Adjusting 'Terminal' from [frame: 'Terminal' (0x7a29e80bbbc0)]  start_offset: None
10:07:20.430515 - GSETTINGS SCHEMA HANDLE: speech/speak-numbers-as-digits not set [app:org.gnome.Terminal, profile:default]
10:07:20.430521 - GSETTINGS REGISTRY: speech/speak-numbers-as-digits using default value = False
10:07:20.430558 - GSETTINGS SCHEMA HANDLE: speech/repeated-character-limit not set [app:org.gnome.Terminal, profile:default]
10:07:20.430565 - GSETTINGS REGISTRY: speech/repeated-character-limit using default value = 4
10:07:20.430735 - GSETTINGS SCHEMA HANDLE: speech/use-pronunciation-dictionary not set [app:org.gnome.Terminal, profile:default]
10:07:20.430743 - GSETTINGS REGISTRY: speech/use-pronunciation-dictionary using default value = True
10:07:20.430785 - GSETTINGS SCHEMA HANDLE: pronunciations/entries no dict values set
10:07:20.430790 - GSETTINGS REGISTRY: pronunciations/entries using default value = {}
10:07:20.430796 - SPEECH PRESENTER: Adjusted text: 'Terminal'
10:07:20.430856 - SPEECH GENERATOR: _generate_accessible_label_and_name: [Terminal, {'established': 'False', 'family': "{'dialect': '', 'lang': 'C', 'name': ''}"}]
10:07:20.430939 - SPEECH GENERATOR: _generate_accessible_role: []
10:07:20.431020 - AXUtilities: Unfocused alerts and dialogs for [frame: 'Terminal' (0x7a29e80bbbc0)] : []
10:07:20.431036 - SPEECH GENERATOR: _generate_unfocused_dialog_count: []
10:07:20.431093 - SPEECH GENERATOR: Results: [Terminal, {'established': 'False', 'family': "{'dialect': '', 'lang': 'C', 'name': ''}"}]
10:07:20.431186 - SPEECH: Speak [Terminal, {'established': 'False', 'family': "{'dialect': '', 'lang': 'C', 'name': ''}"}], acss: None
10:07:20.431211 - SPEECH OUTPUT: 'Terminal' {'established': False, 'family': {'name': '', 'gender': None, 'lang': 'C', 'dialect': '', 'variant': None}}
10:07:20.431218 - SPEECH DISPATCHER: Speaking 'Terminal' as string
10:07:20.431426 - SPEECH DISPATCHER: Speaking '<speak><mark name="0:8"/>Terminal</speak>' 
                  ORCA rate 50.0, pitch 5.0, volume 10.0, language C, punctuation: MOST
                  SD rate 2, pitch 10, volume 100, language c
10:07:20.431519 - GSETTINGS SCHEMA HANDLE: braille/enabled not set [app:org.gnome.Terminal, profile:default]
10:07:20.431526 - GSETTINGS REGISTRY: braille/enabled using default value = True
10:07:20.431557 - FOCUS MANAGER: Active mode: focus-tracking Object of interest: [frame: 'Terminal' (0x7a29e80bbbc0)] 
10:07:20.431571 - GSETTINGS SCHEMA HANDLE: braille/enabled not set [app:org.gnome.Terminal, profile:default]
10:07:20.431575 - GSETTINGS REGISTRY: braille/enabled using default value = True
10:07:20.431591 - GSETTINGS SCHEMA HANDLE: braille/verbosity-level not set [app:org.gnome.Terminal, profile:default]
10:07:20.431595 - GSETTINGS REGISTRY: braille/verbosity-level using default value = 'verbose'
10:07:20.431610 - FOCUS MANAGER: Locus of focus is [frame: 'Terminal' (0x7a29e80bbbc0)] 
10:07:20.431629 - SCRIPT MANAGER: Active script is: org.gnome.Terminal (module=orca.scripts.toolkits.gtk.script)
10:07:20.431650 - GSETTINGS SCHEMA HANDLE: braille/rolename-style not set [app:org.gnome.Terminal, profile:default]
10:07:20.431655 - GSETTINGS REGISTRY: braille/rolename-style using default value = 'verbose'
10:07:20.431667 - GSETTINGS SCHEMA HANDLE: braille/display-ancestors not set [app:org.gnome.Terminal, profile:default]
10:07:20.431671 - GSETTINGS REGISTRY: braille/display-ancestors using default value = True
10:07:20.431682 - GSETTINGS SCHEMA HANDLE: braille/end-of-line-indicator not set [app:org.gnome.Terminal, profile:default]
10:07:20.431685 - GSETTINGS REGISTRY: braille/end-of-line-indicator using default value = True
10:07:20.431695 - GSETTINGS SCHEMA HANDLE: braille/present-mnemonics not set [app:org.gnome.Terminal, profile:default]
10:07:20.431699 - GSETTINGS REGISTRY: braille/present-mnemonics using default value = True
10:07:20.431775 - GENERATOR: _get_functional_role: frame
10:07:20.431831 - BRAILLE GENERATOR: braille_generator.BrailleGenerator._generate_frame for [frame: 'Terminal' (0x7a29e80bbbc0)]  args: {'formatType': 'focused', 'priorObj': "[frame: 'Terminal' (0x7a29e80bbbc0)] ", 'role': 'frame'}
10:07:20.432197 - GENERATOR: _get_functional_role: application
10:07:20.432223 - BRAILLE GENERATOR: [application: 'org.gnome.Terminal' (0x7a29e81246c0)]  lacks dedicated generator
10:07:20.432286 - BRAILLE GENERATOR: braille_generator.BrailleGenerator._generate_default_presentation for [application: 'org.gnome.Terminal' (0x7a29e81246c0)]  args: {'formatType': 'ancestor', 'includeContext': 'False', 'priorObj': "[frame: 'Terminal' (0x7a29e80bbbc0)] ", 'role': 'application'}
10:07:20.432394 - AXUtilitiesRelation: [application: 'org.gnome.Terminal' (0x7a29e81246c0)]  is labelled by: []
10:07:20.432410 - GENERATOR: _generate_accessible_label: []
10:07:20.432431 - GENERATOR: _generate_accessible_name: [org.gnome.Terminal]
10:07:20.432450 - GENERATOR: _generate_accessible_label_and_name: [org.gnome.Terminal]
10:07:20.432656 - BRAILLE GENERATOR: _generate_accessible_role: [application]
10:07:20.432672 - BRAILLE: Not contracting 'org.gnome.Terminal application' because contracted braille is not enabled.
10:07:20.432694 - BRAILLE GENERATOR: Results: [COMPONENT: 'org.gnome.Terminal application', cursor offset:0]
10:07:20.432717 - BRAILLE GENERATOR: _generate_ancestors: [COMPONENT: 'org.gnome.Terminal application', cursor offset:0]
10:07:20.432745 - AXUtilitiesRelation: [frame: 'Terminal' (0x7a29e80bbbc0)]  is labelled by: []
10:07:20.432758 - GENERATOR: _generate_accessible_label: []
10:07:20.432777 - GENERATOR: _generate_accessible_name: [Terminal]
10:07:20.432799 - GENERATOR: _generate_accessible_label_and_name: [Terminal]
10:07:20.432874 - BRAILLE GENERATOR: _generate_accessible_role: [frame]
10:07:20.432939 - AXUtilities: Unfocused alerts and dialogs for [frame: 'Terminal' (0x7a29e80bbbc0)] : []
10:07:20.432953 - BRAILLE GENERATOR: _generate_alert_and_dialog_count: []
10:07:20.432961 - BRAILLE: Not contracting 'Terminal frame' because contracted braille is not enabled.
10:07:20.433003 - AXUtilitiesRelation: [frame: 'Terminal' (0x7a29e80bbbc0)]  is described by: []
10:07:20.433021 - GENERATOR: _generate_accessible_description: []
10:07:20.433044 - GENERATOR: _generate_state_current: []
10:07:20.433072 - BRAILLE GENERATOR: Results: [COMPONENT: 'org.gnome.Terminal application', cursor offset:0, REGION: ' ', cursor offset:0, COMPONENT: 'Terminal frame', cursor offset:0]
10:07:20.433123 - BRAILLE: Refresh. Pan: True target: 0
10:07:20.433131 - BRAILLE: Kill flash message braille.display_line:1618 > braille.refresh:2097 > braille._prepare_refresh:1856 > braille.kill_flash:2182
10:07:20.434079 - GSETTINGS SCHEMA HANDLE: braille/enabled not set [app:org.gnome.Terminal, profile:default]
10:07:20.434094 - GSETTINGS REGISTRY: braille/enabled using default value = True
10:07:20.434119 - BRAILLE: Last text object: None (Caret: 0, Line: 0, Cell: 0)
10:07:20.434145 - BRAILLE: Current text object: None (Caret: 0, Line: 0). On same line: False
10:07:20.434155 - BRAILLE: Line 0: 'org.gnome.Terminal application Terminal frame' focusOffset: 31 [[0, 31], [31, 45]]
10:07:20.434161 - BRAILLE: Cursor offset in line string is: 31
10:07:20.434170 - BRAILLE: Adjusting offset to 31 (unhandled condition)
10:07:20.434175 - BRAILLE: Current range: (31, 63). Target cell: 0
10:07:20.434183 - BRAILLE LINE:  'org.gnome.Terminal application Terminal frame'
10:07:20.434187 -      VISIBLE:  'Terminal frame', cursor=1
10:07:20.434201 - BRAILLE: Enabling braille. BrlAPI running: False
10:07:20.434205 - BRAILLE: Need to initialize first.
10:07:20.434220 - BRAILLE: Initializing. Callback: input_event_manager.InputEventManager.process_braille_event
10:07:20.434238 - BRAILLE: WINDOWPATH= None
10:07:20.434252 - BRAILLE: XDG_VTNR= 1
10:07:20.434267 - BRAILLE: Attempting connection with BrlAPI.
10:07:20.434472 - AXTable: Setting last cell coordinates to row=-1, column=-1
10:07:20.434503 - FOCUS MANAGER: Setting last cursor position to [frame: 'Terminal' (0x7a29e80bbbc0)]  -1
10:07:20.434690 - BRAILLE: BrlAPI Connection is unavailable (ConnectionError): couldn't connect to b':0' with key b'keyfile:/etc/brlapi.key+polkit': connect: No such file or directory
                  (brlerrno 11, libcerrno 2, gaierrno 0)
                  Is BRLTTY really running?
10:07:20.434560 - FOCUS MANAGER: Active window is [frame: 'Terminal' (0x7a29e80bbbc0)]  focus_manager.set_locus_of_focus:327 > focus_manager._save_object_details:254 > ax_utilities_event.save_object_info_for_events:195 > focus_manager.get_active_window:342
10:07:20.435164 - SCRIPT MANAGER: Getting script for [application: 'org.gnome.Terminal' (0x7a29e81246c0)]  [frame: 'Terminal' (0x7a29e80bbbc0)] 
10:07:20.435199 - SCRIPT MANAGER: Script is app script org.gnome.Terminal (module=orca.scripts.toolkits.gtk.script)
10:07:20.435407 - FOCUS MANAGER: Locus of focus is [frame: 'Terminal' (0x7a29e80bbbc0)] 
10:07:20.435543 - SCRIPT MANAGER: Active script is: org.gnome.Terminal (module=orca.scripts.toolkits.gtk.script)

KEYBOARD_EVENT:  type=ATSPI_KEY_PRESSED_EVENT
                 id=65363
                 hw_code=114
                 modifiers=0
                 text=''
                 keyval_name='Right'
                 timestamp=1789049240.4149547
                 clickCount=1

vvvvv PROCESS ATSPI_KEY_PRESSED_EVENT: 'Right' (114) vvvvv
10:07:20.435706 - SCRIPT: org.gnome.Terminal (module=orca.scripts.toolkits.gtk.script)
10:07:20.435720 - WINDOW: [frame: 'Terminal' (0x7a29e80bbbc0)] 
10:07:20.435732 - LOCATION: [frame: 'Terminal' (0x7a29e80bbbc0)] 
10:07:20.435780 - GSETTINGS SCHEMA HANDLE: keybindings/keyboard-layout not set [app:org.gnome.Terminal, profile:default]
10:07:20.435786 - GSETTINGS REGISTRY: keybindings/keyboard-layout using default value = 'desktop'
10:07:20.435800 - GSETTINGS SCHEMA HANDLE: keybindings/desktop-modifier-keys not set [app:org.gnome.Terminal, profile:default]
10:07:20.435805 - GSETTINGS REGISTRY: keybindings/desktop-modifier-keys using default value = ['Insert', 'KP_Insert']
10:07:20.435814 - PRESENTATION MANAGER: Interrupting presentation
10:07:20.435844 - SPEECH MANAGER: interrupt_speech. Script: None Event: None notify_user: False
10:07:20.436211 - SPEECH MANAGER: Speech server is <orca.speechdispatcherfactory.SpeechServer object at 0x7a29e89e96a0>
10:07:20.436243 - BRAILLE: Kill flash message input_event._present:603 > presentation_manager.interrupt_presentation:88 > braille_presenter.kill_flash:1829 > braille.kill_flash:2182
10:07:20.436556 - TYPING ECHO PRESENTER: should_echo_keyboard_event: 'right'?
10:07:20.436583 - GSETTINGS SCHEMA HANDLE: keybindings/keyboard-layout not set [app:org.gnome.Terminal, profile:default]
10:07:20.436589 - GSETTINGS REGISTRY: keybindings/keyboard-layout using default value = 'desktop'
10:07:20.436603 - GSETTINGS SCHEMA HANDLE: keybindings/desktop-modifier-keys not set [app:org.gnome.Terminal, profile:default]
10:07:20.436608 - GSETTINGS REGISTRY: keybindings/desktop-modifier-keys using default value = ['Insert', 'KP_Insert']
10:07:20.436627 - GSETTINGS REGISTRY: Schema org.gnome.Orca.TypingEcho loaded
10:07:20.436660 - GSETTINGS SCHEMA HANDLE: typing-echo/character-echo not set [app:org.gnome.Terminal, profile:default]
10:07:20.436665 - GSETTINGS REGISTRY: typing-echo/character-echo using default value = False
10:07:20.436680 - GSETTINGS SCHEMA HANDLE: keybindings/keyboard-layout not set [app:org.gnome.Terminal, profile:default]
10:07:20.436684 - GSETTINGS REGISTRY: keybindings/keyboard-layout using default value = 'desktop'
10:07:20.436694 - GSETTINGS SCHEMA HANDLE: keybindings/desktop-modifier-keys not set [app:org.gnome.Terminal, profile:default]
10:07:20.436698 - GSETTINGS REGISTRY: keybindings/desktop-modifier-keys using default value = ['Insert', 'KP_Insert']
10:07:20.436727 - GSETTINGS SCHEMA HANDLE: typing-echo/key-echo not set [app:org.gnome.Terminal, profile:default]
10:07:20.436732 - GSETTINGS REGISTRY: typing-echo/key-echo using default value = True
10:07:20.436762 - GSETTINGS SCHEMA HANDLE: typing-echo/navigation-keys not set [app:org.gnome.Terminal, profile:default]
10:07:20.436766 - GSETTINGS REGISTRY: typing-echo/navigation-keys using default value = False
10:07:20.436771 - TYPING ECHO PRESENTER: Echoing navigation keyboard event: False.
10:07:20.436778 - TOTAL PROCESSING TIME: 0.0011
^^^^^ PROCESS ATSPI_KEY_PRESSED_EVENT: 'Right' (114) ^^^^^

10:07:20.436816 - GSETTINGS SCHEMA HANDLE: keybindings/keyboard-layout not set [app:org.gnome.Terminal, profile:default]
10:07:20.436829 - GSETTINGS REGISTRY: keybindings/keyboard-layout using default value = 'desktop'
10:07:20.436840 - GSETTINGS SCHEMA HANDLE: keybindings/desktop-modifier-keys not set [app:org.gnome.Terminal, profile:default]
10:07:20.436845 - GSETTINGS REGISTRY: keybindings/desktop-modifier-keys using default value = ['Insert', 'KP_Insert']
10:07:20.436928 - GSETTINGS SCHEMA HANDLE: keybindings/keyboard-layout not set [app:org.gnome.Terminal, profile:default]
10:07:20.436933 - GSETTINGS REGISTRY: keybindings/keyboard-layout using default value = 'desktop'
10:07:20.436943 - GSETTINGS SCHEMA HANDLE: keybindings/desktop-modifier-keys not set [app:org.gnome.Terminal, profile:default]
10:07:20.436947 - GSETTINGS REGISTRY: keybindings/desktop-modifier-keys using default value = ['Insert', 'KP_Insert']
10:07:20.437371 - GSETTINGS SCHEMA HANDLE: keybindings/keyboard-layout not set [app:org.gnome.Terminal, profile:default]
10:07:20.437380 - GSETTINGS REGISTRY: keybindings/keyboard-layout using default value = 'desktop'
10:07:20.437390 - GSETTINGS SCHEMA HANDLE: keybindings/desktop-modifier-keys not set [app:org.gnome.Terminal, profile:default]
10:07:20.437394 - GSETTINGS REGISTRY: keybindings/desktop-modifier-keys using default value = ['Insert', 'KP_Insert']

KEYBOARD_EVENT:  type=ATSPI_KEY_RELEASED_EVENT
                 id=65363
                 hw_code=114
                 modifiers=0
                 text=''
                 keyval_name='Right'
                 timestamp=1789049240.4369147
                 clickCount=1

vvvvv PROCESS ATSPI_KEY_RELEASED_EVENT: 'Right' (114) vvvvv
10:07:20.437434 - SCRIPT: org.gnome.Terminal (module=orca.scripts.toolkits.gtk.script)
10:07:20.437450 - WINDOW: [frame: 'Terminal' (0x7a29e80bbbc0)] 
10:07:20.437462 - LOCATION: [frame: 'Terminal' (0x7a29e80bbbc0)] 
10:07:20.437489 - GSETTINGS SCHEMA HANDLE: keybindings/keyboard-layout not set [app:org.gnome.Terminal, profile:default]
10:07:20.437494 - GSETTINGS REGISTRY: keybindings/keyboard-layout using default value = 'desktop'
10:07:20.437505 - GSETTINGS SCHEMA HANDLE: keybindings/desktop-modifier-keys not set [app:org.gnome.Terminal, profile:default]
10:07:20.437510 - GSETTINGS REGISTRY: keybindings/desktop-modifier-keys using default value = ['Insert', 'KP_Insert']
10:07:20.437524 - TOTAL PROCESSING TIME: 0.0001
^^^^^ PROCESS ATSPI_KEY_RELEASED_EVENT: 'Right' (114) ^^^^^

10:07:20.437547 - GSETTINGS SCHEMA HANDLE: keybindings/keyboard-layout not set [app:org.gnome.Terminal, profile:default]
10:07:20.437551 - GSETTINGS REGISTRY: keybindings/keyboard-layout using default value = 'desktop'
10:07:20.437562 - GSETTINGS SCHEMA HANDLE: keybindings/desktop-modifier-keys not set [app:org.gnome.Terminal, profile:default]
10:07:20.437566 - GSETTINGS REGISTRY: keybindings/desktop-modifier-keys using default value = ['Insert', 'KP_Insert']
10:07:20.437750 - EVENT MANAGER: Dequeueing object:state-changed:active for [frame: 'Terminal' (0x7a29e80bbbc0)]  in org.gnome.Terminal (gtk 3.24.52) (1, 0, 0)
10:07:20.437785 - EVENT MANAGER: Dequeued object:state-changed:active for [frame: 'Terminal' (0x7a29e80bbbc0)]  in org.gnome.Terminal (gtk 3.24.52) (1, 0, 0) priority: 2, counter: 8

vvvvv START PRIORITY-2 OBJECT EVENT OBJECT:STATE-CHANGED:ACTIVE (queue size: 44) vvvvv
10:07:20.438275 - EVENT MANAGER: object:state-changed:active for [frame: 'Terminal' (0x7a29e80bbbc0)]  in org.gnome.Terminal (gtk 3.24.52) (1, 0, 0) obsoleted by object:state-changed:active for [frame: 'Terminal' (0x7a29e80bbbc0)]  in org.gnome.Terminal (gtk 3.24.52) (1, 0, 0) more recent duplicate
TOTAL PROCESSING TIME: 0.0005
^^^^^ FINISHED PRIORITY-2 OBJECT EVENT OBJECT:STATE-CHANGED:ACTIVE ^^^^^

10:07:20.438324 - CLIPBOARD PRESENTER: Possible change event object:text-changed:delete for [terminal: 'Terminal' (0x7a29d2f6cc40)]  in org.gnome.Terminal (gtk 3.24.52) (368, 28, \n\n\n\n\n\n\n\n\n\n\n\n\n\n\n\n\n\n\n\n\n\n\n\n\n\n\n\n)

10:07:20.438378 - EVENT MANAGER: object:text-changed:delete for [terminal: 'Terminal' (0x7a29d2f6d0c0)]  in org.gnome.Terminal (gtk 3.24.52) (368, 28, \n\n\n\n\n\n\n\n\n\n\n\n\n\n\n\n\n\n\n\n\n\n\n\n\n\n\n\n)
10:07:20.438396 - FOCUS MANAGER: Locus of focus is [frame: 'Terminal' (0x7a29e80bbbc0)] 
10:07:20.438444 - EVENT_MANAGER: Not ignoring object:text-changed:delete due to source being focused
10:07:20.438475 - EVENT MANAGER: Queueing object:text-changed:delete for [terminal: 'Terminal' (0x7a29d2f6d100)]  in org.gnome.Terminal (gtk 3.24.52) (368, 28, \n\n\n\n\n\n\n\n\n\n\n\n\n\n\n\n\n\n\n\n\n\n\n\n\n\n\n\n)
10:07:20.438490 - EVENT MANAGER: App for event source is [application: 'org.gnome.Terminal' (0x7a29e81246c0)] 
10:07:20.438506 - SCRIPT MANAGER: Getting script for [application: 'org.gnome.Terminal' (0x7a29e81246c0)]  [terminal: 'Terminal' (0x7a29d2f6d2c0)] 
10:07:20.438530 - SCRIPT MANAGER: Script is custom script org.gnome.Terminal (module=orca.scripts.terminal.script)
10:07:20.438566 - EVENT MANAGER: object:text-changed:delete for [terminal: 'Terminal' (0x7a29e8a15200)]  in org.gnome.Terminal (gtk 3.24.52) (368, 28, \n\n\n\n\n\n\n\n\n\n\n\n\n\n\n\n\n\n\n\n\n\n\n\n\n\n\n\n) has priority level: 4
10:07:20.438602 - EVENT MANAGER: Queued object:text-changed:delete for [terminal: 'Terminal' (0x7a29d2f6d280)]  in org.gnome.Terminal (gtk 3.24.52) (368, 28, \n\n\n\n\n\n\n\n\n\n\n\n\n\n\n\n\n\n\n\n\n\n\n\n\n\n\n\n) priority: 4, counter: 50
10:07:20.438645 - CLIPBOARD PRESENTER: Possible change event object:text-changed:insert for [terminal: 'Terminal' (0x7a29e8a15200)]  in org.gnome.Terminal (gtk 3.24.52) (368, 2863, \n \n \n \n \n... \n \n \n \n \n (2891 chars.))

10:07:20.438692 - EVENT MANAGER: object:text-changed:insert for [terminal: 'Terminal' (0x7a29d2f6d380)]  in org.gnome.Terminal (gtk 3.24.52) (368, 2863, \n \n \n \n \n... \n \n \n \n \n (2891 chars.))
10:07:20.438706 - FOCUS MANAGER: Locus of focus is [frame: 'Terminal' (0x7a29e80bbbc0)] 
10:07:20.438750 - EVENT_MANAGER: Not ignoring object:text-changed:insert due to source being focused
10:07:20.438784 - EVENT MANAGER: Queueing object:text-changed:insert for [terminal: 'Terminal' (0x7a29d2f6d3c0)]  in org.gnome.Terminal (gtk 3.24.52) (368, 2863, \n \n \n \n \n... \n \n \n \n \n (2891 chars.))
10:07:20.438799 - EVENT MANAGER: App for event source is [application: 'org.gnome.Terminal' (0x7a29e81246c0)] 
10:07:20.438815 - SCRIPT MANAGER: Getting script for [application: 'org.gnome.Terminal' (0x7a29e81246c0)]  [terminal: 'Terminal' (0x7a29e80d5440)] 
10:07:20.438835 - SCRIPT MANAGER: Script is custom script org.gnome.Terminal (module=orca.scripts.terminal.script)
10:07:20.438875 - EVENT MANAGER: object:text-changed:insert for [terminal: 'Terminal' (0x7a29d2f6d480)]  in org.gnome.Terminal (gtk 3.24.52) (368, 2863, \n \n \n \n \n... \n \n \n \n \n (2891 chars.)) has priority level: 4
10:07:20.438912 - EVENT MANAGER: Queued object:text-changed:insert for [terminal: 'Terminal' (0x7a29d2f6d2c0)]  in org.gnome.Terminal (gtk 3.24.52) (368, 2863, \n \n \n \n \n... \n \n \n \n \n (2891 chars.)) priority: 4, counter: 51

10:07:20.438948 - EVENT MANAGER: object:text-caret-moved for [terminal: 'Terminal' (0x7a29d2f6d4c0)]  in org.gnome.Terminal (gtk 3.24.52) (3231, 0, 0)
10:07:20.438961 - FOCUS MANAGER: Locus of focus is [frame: 'Terminal' (0x7a29e80bbbc0)] 
10:07:20.439009 - EVENT_MANAGER: Not ignoring object:text-caret-moved due to source being focused
10:07:20.439041 - EVENT MANAGER: Queueing object:text-caret-moved for [terminal: 'Terminal' (0x7a29d2f6d600)]  in org.gnome.Terminal (gtk 3.24.52) (3231, 0, 0)
10:07:20.439055 - EVENT MANAGER: App for event source is [application: 'org.gnome.Terminal' (0x7a29e81246c0)] 
10:07:20.439071 - SCRIPT MANAGER: Getting script for [application: 'org.gnome.Terminal' (0x7a29e81246c0)]  [terminal: 'Terminal' (0x7a29e81455c0)] 
10:07:20.439091 - SCRIPT MANAGER: Script is custom script org.gnome.Terminal (module=orca.scripts.terminal.script)
10:07:20.439125 - EVENT MANAGER: object:text-caret-moved for [terminal: 'Terminal' (0x7a29d2f6d440)]  in org.gnome.Terminal (gtk 3.24.52) (3231, 0, 0) has priority level: 4
10:07:20.439159 - EVENT MANAGER: Queued object:text-caret-moved for [terminal: 'Terminal' (0x7a29d2f6d440)]  in org.gnome.Terminal (gtk 3.24.52) (3231, 0, 0) priority: 4, counter: 52

10:07:20.440276 - EVENT MANAGER: object:children-changed:add for [progress bar: 'Invalid download' (0x7a29e8146740)]  in accessibility_probe (AccessKit) (0, 0, [label: 'Invalid value or range' (0x7a29e8146740)])
10:07:20.440312 - FOCUS MANAGER: Locus of focus is [frame: 'Terminal' (0x7a29e80bbbc0)] 
10:07:20.440525 - SCRIPT MANAGER: Active script is: org.gnome.Terminal (module=orca.scripts.toolkits.gtk.script)
10:07:20.440537 - EVENT MANAGER: Ignoring object:children-changed:add because event is not from active app

10:07:20.440968 - EVENT MANAGER: object:children-changed:add for [progress bar: 'Download progress' (0x7a29d2f6d200)]  in accessibility_probe (AccessKit) (0, 0, [label: 'Download progress' (0x7a29d2f6d200)])
10:07:20.440994 - FOCUS MANAGER: Locus of focus is [frame: 'Terminal' (0x7a29e80bbbc0)] 
10:07:20.441161 - EVENT_MANAGER: Ignoring object:children-changed:add due to multiple instances in short time

10:07:20.441470 - EVENT MANAGER: object:children-changed:add for [progress bar: 'Download progress' (0x7a29d2f6d740)]  in accessibility_probe (AccessKit) (1, 0, [label: '█████████████████████████' (0x7a29e8146800)])
10:07:20.441487 - FOCUS MANAGER: Locus of focus is [frame: 'Terminal' (0x7a29e80bbbc0)] 
10:07:20.441531 - EVENT_MANAGER: Ignoring object:children-changed:add due to multiple instances in short time

10:07:20.441813 - EVENT MANAGER: object:children-changed:add for [progress bar: 'Download progress' (0x7a29e8145480)]  in accessibility_probe (AccessKit) (2, 0, [label: '▒▒▒▒▒▒▒▒▒▒▒▒▒▒▒▒▒▒▒▒▒▒▒▒▒▒▒▒▒▒▒▒▒▒▒▒▒▒▒▒▒▒▒▒▒▒▒▒▒▒▒▒▒▒▒▒▒▒▒▒▒▒▒▒▒▒▒▒▒▒▒▒▒▒▒' (0x7a29e8145480)]... [label: '▒▒▒▒▒▒▒▒▒▒▒▒▒▒▒▒▒▒▒▒▒▒▒▒▒▒▒▒▒▒▒▒▒▒▒▒▒▒▒▒▒▒▒▒▒▒▒▒▒▒▒▒▒▒▒▒▒▒▒▒▒▒▒▒▒▒▒▒▒▒▒▒▒▒▒' (0x7a29e8145480)] (104 chars.))
10:07:20.441831 - FOCUS MANAGER: Locus of focus is [frame: 'Terminal' (0x7a29e80bbbc0)] 
10:07:20.441873 - EVENT_MANAGER: Ignoring object:children-changed:add due to multiple instances in short time

10:07:20.442172 - EVENT MANAGER: object:children-changed:add for [progress bar: 'Download progress' (0x7a29e8145800)]  in accessibility_probe (AccessKit) (3, 0, [label: '25.0%' (0x7a29d2f6d800)])
10:07:20.442188 - FOCUS MANAGER: Locus of focus is [frame: 'Terminal' (0x7a29e80bbbc0)] 
10:07:20.442229 - EVENT_MANAGER: Ignoring object:children-changed:add due to multiple instances in short time

10:07:20.442642 - EVENT MANAGER: object:children-changed:add for [progress bar: 'Waiting for download' (0x7a29e8145880)]  in accessibility_probe (AccessKit) (0, 0, [label: 'Waiting for download' (0x7a29d2f6d880)])
10:07:20.442659 - FOCUS MANAGER: Locus of focus is [frame: 'Terminal' (0x7a29e80bbbc0)] 
10:07:20.442825 - EVENT_MANAGER: Ignoring object:children-changed:add due to multiple instances in short time

10:07:20.443183 - EVENT MANAGER: object:children-changed:add for [progress bar: 'Waiting for download' (0x7a29d2f6d980)]  in accessibility_probe (AccessKit) (1, 0, [label: '▒▒▒▒▒▒▒▒▒▒▒▒▒▒▒▒▒▒▒▒▒▒▒▒▒▒▒▒▒▒▒▒▒▒▒▒▒' (0x7a29d2f6d980)])
10:07:20.443202 - FOCUS MANAGER: Locus of focus is [frame: 'Terminal' (0x7a29e80bbbc0)] 
10:07:20.443245 - EVENT_MANAGER: Ignoring object:children-changed:add due to multiple instances in short time

10:07:20.443557 - EVENT MANAGER: object:children-changed:add for [progress bar: 'Waiting for download' (0x7a29d2f6dbc0)]  in accessibility_probe (AccessKit) (2, 0, [label: '█████████████████████████' (0x7a29e8145480)])
10:07:20.443575 - FOCUS MANAGER: Locus of focus is [frame: 'Terminal' (0x7a29e80bbbc0)] 
10:07:20.443618 - EVENT_MANAGER: Ignoring object:children-changed:add due to multiple instances in short time

10:07:20.443900 - EVENT MANAGER: object:children-changed:add for [progress bar: 'Waiting for download' (0x7a29d2f6dc80)]  in accessibility_probe (AccessKit) (3, 0, [label: '▒▒▒▒▒▒▒▒▒▒▒▒▒▒▒▒▒▒▒▒▒▒▒▒▒▒▒▒▒▒▒▒▒▒▒▒▒▒' (0x7a29d2f6dc80)])
10:07:20.443916 - FOCUS MANAGER: Locus of focus is [frame: 'Terminal' (0x7a29e80bbbc0)] 
10:07:20.443958 - EVENT_MANAGER: Ignoring object:children-changed:add due to multiple instances in short time

10:07:20.444238 - EVENT MANAGER: object:children-changed:add for [progress bar: 'Waiting for download' (0x7a29d2f6de00)]  in accessibility_probe (AccessKit) (4, 0, [label: 'Loading...' (0x7a29e8145480)])
10:07:20.444254 - FOCUS MANAGER: Locus of focus is [frame: 'Terminal' (0x7a29e80bbbc0)] 
10:07:20.444295 - EVENT_MANAGER: Ignoring object:children-changed:add due to multiple instances in short time

10:07:20.444741 - EVENT MANAGER: object:children-changed:add for [progress bar: 'Completed download' (0x7a29d2f6de40)]  in accessibility_probe (AccessKit) (0, 0, [label: 'Completed download' (0x7a29d2f6de40)])
10:07:20.444757 - FOCUS MANAGER: Locus of focus is [frame: 'Terminal' (0x7a29e80bbbc0)] 
10:07:20.444913 - EVENT_MANAGER: Ignoring object:children-changed:add due to multiple instances in short time

10:07:20.445201 - EVENT MANAGER: object:children-changed:add for [progress bar: 'Completed download' (0x7a29e80d5f40)]  in accessibility_probe (AccessKit) (1, 0, [label: '████████████████████████████████████████████████████████████████████████████████████████████████████... ████████████████████████████████████████████████████████████████████████████████████████████████████ (100...... ████████████████████████████████████████████████████████████████████████████████████████████████████ (100 chars.)' (0x7a29d2f6df40)] (247 chars.))
10:07:20.445219 - FOCUS MANAGER: Locus of focus is [frame: 'Terminal' (0x7a29e80bbbc0)] 
10:07:20.445260 - EVENT_MANAGER: Ignoring object:children-changed:add due to multiple instances in short time

10:07:20.445530 - EVENT MANAGER: object:children-changed:add for [progress bar: 'Completed download' (0x7a29e80d5f40)]  in accessibility_probe (AccessKit) (2, 0, [label: '100.0%' (0x7a29e8145480)])
10:07:20.445545 - FOCUS MANAGER: Locus of focus is [frame: 'Terminal' (0x7a29e80bbbc0)] 
10:07:20.445586 - EVENT_MANAGER: Ignoring object:children-changed:add due to multiple instances in short time

10:07:20.445626 - EVENT MANAGER: object:text-caret-moved for [terminal: 'Terminal' (0x7a29d2f6e240)]  in org.gnome.Terminal (gtk 3.24.52) (1016, 0, 0)
10:07:20.445639 - FOCUS MANAGER: Locus of focus is [frame: 'Terminal' (0x7a29e80bbbc0)] 
10:07:20.445683 - EVENT_MANAGER: Not ignoring object:text-caret-moved due to source being focused
10:07:20.445714 - EVENT MANAGER: Queueing object:text-caret-moved for [terminal: 'Terminal' (0x7a29d2f6e280)]  in org.gnome.Terminal (gtk 3.24.52) (1016, 0, 0)
10:07:20.445729 - EVENT MANAGER: App for event source is [application: 'org.gnome.Terminal' (0x7a29e81246c0)] 
10:07:20.445744 - SCRIPT MANAGER: Getting script for [application: 'org.gnome.Terminal' (0x7a29e81246c0)]  [terminal: 'Terminal' (0x7a29d2f6e280)] 
10:07:20.445767 - SCRIPT MANAGER: Script is custom script org.gnome.Terminal (module=orca.scripts.terminal.script)
10:07:20.445803 - EVENT MANAGER: object:text-caret-moved for [terminal: 'Terminal' (0x7a29e8146300)]  in org.gnome.Terminal (gtk 3.24.52) (1016, 0, 0) has priority level: 4
10:07:20.445843 - EVENT MANAGER: Queued object:text-caret-moved for [terminal: 'Terminal' (0x7a29e813e1c0)]  in org.gnome.Terminal (gtk 3.24.52) (1016, 0, 0) priority: 4, counter: 53
10:07:20.445880 - CLIPBOARD PRESENTER: Possible change event object:text-changed:delete for [terminal: 'Terminal' (0x7a29e813e1c0)]  in org.gnome.Terminal (gtk 3.24.52) (0, 1016, \n \n \nAdvance download \n... \n \n \n \n \n (1026 chars.))

10:07:20.445927 - EVENT MANAGER: object:text-changed:delete for [terminal: 'Terminal' (0x7a29e813e280)]  in org.gnome.Terminal (gtk 3.24.52) (0, 1016, \n \n \nAdvance download \n... \n \n \n \n \n (1026 chars.))
10:07:20.445940 - FOCUS MANAGER: Locus of focus is [frame: 'Terminal' (0x7a29e80bbbc0)] 
10:07:20.445990 - EVENT_MANAGER: Not ignoring object:text-changed:delete due to source being focused
10:07:20.446024 - EVENT MANAGER: Queueing object:text-changed:delete for [terminal: 'Terminal' (0x7a29d2f6e380)]  in org.gnome.Terminal (gtk 3.24.52) (0, 1016, \n \n \nAdvance download \n... \n \n \n \n \n (1026 chars.))
10:07:20.446039 - EVENT MANAGER: App for event source is [application: 'org.gnome.Terminal' (0x7a29e81246c0)] 
10:07:20.446054 - SCRIPT MANAGER: Getting script for [application: 'org.gnome.Terminal' (0x7a29e81246c0)]  [terminal: 'Terminal' (0x7a29d2f6e480)] 
10:07:20.446074 - SCRIPT MANAGER: Script is custom script org.gnome.Terminal (module=orca.scripts.terminal.script)
10:07:20.446112 - EVENT MANAGER: object:text-changed:delete for [terminal: 'Terminal' (0x7a29e8146280)]  in org.gnome.Terminal (gtk 3.24.52) (0, 1016, \n \n \nAdvance download \n... \n \n \n \n \n (1026 chars.)) has priority level: 4
10:07:20.446147 - EVENT MANAGER: Queued object:text-changed:delete for [terminal: 'Terminal' (0x7a29e813e280)]  in org.gnome.Terminal (gtk 3.24.52) (0, 1016, \n \n \nAdvance download \n... \n \n \n \n \n (1026 chars.)) priority: 4, counter: 54
10:07:20.446187 - CLIPBOARD PRESENTER: Possible change event object:text-changed:insert for [terminal: 'Terminal' (0x7a29e813e2c0)]  in org.gnome.Terminal (gtk 3.24.52) (0, 1016, Download progress \n█████████████████████████▒▒▒▒▒▒▒▒▒▒▒▒▒▒▒▒▒▒▒▒▒▒▒▒▒▒▒▒▒▒▒▒▒▒▒▒▒▒▒▒▒▒▒▒▒▒▒▒▒▒▒▒▒▒▒▒▒▒▒▒▒▒▒▒▒▒▒▒▒▒▒▒▒▒▒\n25.0% \nAdvance download... or range \nCompleted download \n████████████████████████████████████████████████████████████████████████████████████████████████████\n100.0% (1026 chars.))

10:07:20.446237 - EVENT MANAGER: object:text-changed:insert for [terminal: 'Terminal' (0x7a29e8146480)]  in org.gnome.Terminal (gtk 3.24.52) (0, 1016, Download progress \n█████████████████████████▒▒▒▒▒▒▒▒▒▒▒▒▒▒▒▒▒▒▒▒▒▒▒▒▒▒▒▒▒▒▒▒▒▒▒▒▒▒▒▒▒▒▒▒▒▒▒▒▒▒▒▒▒▒▒▒▒▒▒▒▒▒▒▒▒▒▒▒▒▒▒▒▒▒▒\n25.0% \nAdvance download... or range \nCompleted download \n████████████████████████████████████████████████████████████████████████████████████████████████████\n100.0% (1026 chars.))
10:07:20.446251 - FOCUS MANAGER: Locus of focus is [frame: 'Terminal' (0x7a29e80bbbc0)] 
10:07:20.446294 - EVENT_MANAGER: Not ignoring object:text-changed:insert due to source being focused
10:07:20.446327 - EVENT MANAGER: Queueing object:text-changed:insert for [terminal: 'Terminal' (0x7a29d2f6e5c0)]  in org.gnome.Terminal (gtk 3.24.52) (0, 1016, Download progress \n█████████████████████████▒▒▒▒▒▒▒▒▒▒▒▒▒▒▒▒▒▒▒▒▒▒▒▒▒▒▒▒▒▒▒▒▒▒▒▒▒▒▒▒▒▒▒▒▒▒▒▒▒▒▒▒▒▒▒▒▒▒▒▒▒▒▒▒▒▒▒▒▒▒▒▒▒▒▒\n25.0% \nAdvance download... or range \nCompleted download \n████████████████████████████████████████████████████████████████████████████████████████████████████\n100.0% (1026 chars.))
10:07:20.446345 - EVENT MANAGER: App for event source is [application: 'org.gnome.Terminal' (0x7a29e81246c0)] 
10:07:20.446360 - SCRIPT MANAGER: Getting script for [application: 'org.gnome.Terminal' (0x7a29e81246c0)]  [terminal: 'Terminal' (0x7a29e8146640)] 
10:07:20.446380 - SCRIPT MANAGER: Script is custom script org.gnome.Terminal (module=orca.scripts.terminal.script)
10:07:20.446418 - EVENT MANAGER: object:text-changed:insert for [terminal: 'Terminal' (0x7a29d2f6e2c0)]  in org.gnome.Terminal (gtk 3.24.52) (0, 1016, Download progress \n█████████████████████████▒▒▒▒▒▒▒▒▒▒▒▒▒▒▒▒▒▒▒▒▒▒▒▒▒▒▒▒▒▒▒▒▒▒▒▒▒▒▒▒▒▒▒▒▒▒▒▒▒▒▒▒▒▒▒▒▒▒▒▒▒▒▒▒▒▒▒▒▒▒▒▒▒▒▒\n25.0% \nAdvance download... or range \nCompleted download \n████████████████████████████████████████████████████████████████████████████████████████████████████\n100.0% (1026 chars.)) has priority level: 4
10:07:20.446456 - EVENT MANAGER: Queued object:text-changed:insert for [terminal: 'Terminal' (0x7a29d2f6e6c0)]  in org.gnome.Terminal (gtk 3.24.52) (0, 1016, Download progress \n█████████████████████████▒▒▒▒▒▒▒▒▒▒▒▒▒▒▒▒▒▒▒▒▒▒▒▒▒▒▒▒▒▒▒▒▒▒▒▒▒▒▒▒▒▒▒▒▒▒▒▒▒▒▒▒▒▒▒▒▒▒▒▒▒▒▒▒▒▒▒▒▒▒▒▒▒▒▒\n25.0% \nAdvance download... or range \nCompleted download \n████████████████████████████████████████████████████████████████████████████████████████████████████\n100.0% (1026 chars.)) priority: 4, counter: 55
10:07:20.446470 - WARNING: Braille initialization failed: BrlAPI connection unavailable.
10:07:20.446479 - BRAILLE: Scheduling BrlAPI retry in 2000 ms.
10:07:20.446533 - EVENT MANAGER: Dequeueing window:deactivate for [frame: 'Terminal' (0x7a29e80bbbc0)]  in org.gnome.Terminal (gtk 3.24.52) (0, 0, Terminal)
10:07:20.446565 - EVENT MANAGER: Dequeued window:deactivate for [frame: 'Terminal' (0x7a29e80bbbc0)]  in org.gnome.Terminal (gtk 3.24.52) (0, 0, Terminal) priority: 2, counter: 23

vvvvv START PRIORITY-2 OBJECT EVENT WINDOW:DEACTIVATE (queue size: 49) vvvvv
10:07:20.447094 - EVENT MANAGER: window:deactivate for [frame: 'Terminal' (0x7a29e80bbbc0)]  in org.gnome.Terminal (gtk 3.24.52) (0, 0, Terminal) obsoleted by window:activate for [frame: 'Terminal' (0x7a29e80bbbc0)]  in org.gnome.Terminal (gtk 3.24.52) (0, 0, Terminal) more recent window (de)activation event
TOTAL PROCESSING TIME: 0.0005
^^^^^ FINISHED PRIORITY-2 OBJECT EVENT WINDOW:DEACTIVATE ^^^^^

10:07:20.447141 - EVENT MANAGER: Dequeueing object:state-changed:active for [frame: 'Terminal' (0x7a29e80bbbc0)]  in org.gnome.Terminal (gtk 3.24.52) (0, 0, 0)
10:07:20.447172 - EVENT MANAGER: Dequeued object:state-changed:active for [frame: 'Terminal' (0x7a29e80bbbc0)]  in org.gnome.Terminal (gtk 3.24.52) (0, 0, 0) priority: 2, counter: 25

vvvvv START PRIORITY-2 OBJECT EVENT OBJECT:STATE-CHANGED:ACTIVE (queue size: 48) vvvvv
10:07:20.447644 - EVENT MANAGER: object:state-changed:active for [frame: 'Terminal' (0x7a29e80bbbc0)]  in org.gnome.Terminal (gtk 3.24.52) (0, 0, 0) obsoleted by object:state-changed:active for [frame: 'Terminal' (0x7a29e80bbbc0)]  in org.gnome.Terminal (gtk 3.24.52) (1, 0, 0) more recent event of same type for same object
TOTAL PROCESSING TIME: 0.0005
^^^^^ FINISHED PRIORITY-2 OBJECT EVENT OBJECT:STATE-CHANGED:ACTIVE ^^^^^

10:07:20.447684 - EVENT MANAGER: Dequeueing window:activate for [frame: 'Terminal' (0x7a29e80bbbc0)]  in org.gnome.Terminal (gtk 3.24.52) (0, 0, Terminal)
10:07:20.447714 - EVENT MANAGER: Dequeued window:activate for [frame: 'Terminal' (0x7a29e80bbbc0)]  in org.gnome.Terminal (gtk 3.24.52) (0, 0, Terminal) priority: 2, counter: 26

vvvvv START PRIORITY-2 OBJECT EVENT WINDOW:ACTIVATE (queue size: 47) vvvvv
10:07:20.448453 - EVENT SOURCE:
                  app='org.gnome.Terminal (gtk 3.24.52)' name='Terminal' role='frame' axid='' id=0x7a29e80bbbc0
                  description=''
                  help=''
                  locale='C.UTF-8'
                  states='active, enabled, resizable, sensitive, showing, visible'
                  relations=''
                  actions=''
                  interfaces='Collection, Component'
                  attributes='toolkit:gtk, window-type:normal'
                  text=''
                  path=[-1, 0]
                  
10:07:20.448487 - SCRIPT MANAGER: Active script is: org.gnome.Terminal (module=orca.scripts.toolkits.gtk.script)
10:07:20.448510 - FOCUS MANAGER: Locus of focus is [frame: 'Terminal' (0x7a29e80bbbc0)] 
10:07:20.448527 - EVENT MANAGER: Script for event from locus of focus is org.gnome.Terminal (module=orca.scripts.toolkits.gtk.script)
10:07:20.448534 - EVENT MANAGER: Processing window:activate: script for event is active
10:07:20.448561 - AXObject: Clearing AT-SPI cache on [frame: 'Terminal' (0x7a29e80bbbc0)]  Recursive: False.  Reason: Checking if window can be the active window
10:07:20.449191 - AXUtilities: [frame: 'Terminal' (0x7a29e80bbbc0)]  from [application: 'org.gnome.Terminal' (0x7a29e81246c0)]  can be active window
10:07:20.449209 - FOCUS MANAGER: Active window is [frame: 'Terminal' (0x7a29e80bbbc0)]  event_manager._dequeue_object_event:666 > event_manager._process_object_event:982 > default._on_window_activated:1384 > focus_manager.get_active_window:342
10:07:20.449475 - DEFAULT: Event is for active window.
10:07:20.449500 - SPELL CHECK PRESENTER: Handling window:activate for [frame: 'Terminal' (0x7a29e80bbbc0)] 
10:07:20.449519 - SPELL CHECK PRESENTER: Attempting activation for [frame: 'Terminal' (0x7a29e80bbbc0)] 
10:07:20.449569 - SPELL CHECK PRESENTER: [frame: 'Terminal' (0x7a29e80bbbc0)]  is not spellcheck window
10:07:20.449574 - SPELL CHECK PRESENTER: Not a spellcheck window. Deactivating.
TOTAL PROCESSING TIME: 0.0019
^^^^^ FINISHED PRIORITY-2 OBJECT EVENT WINDOW:ACTIVATE ^^^^^

10:07:20.449629 - EVENT MANAGER: Dequeueing object:state-changed:active for [frame: 'Terminal' (0x7a29e80bbbc0)]  in org.gnome.Terminal (gtk 3.24.52) (1, 0, 0)
10:07:20.449663 - EVENT MANAGER: Dequeued object:state-changed:active for [frame: 'Terminal' (0x7a29e80bbbc0)]  in org.gnome.Terminal (gtk 3.24.52) (1, 0, 0) priority: 2, counter: 28

vvvvv START PRIORITY-2 OBJECT EVENT OBJECT:STATE-CHANGED:ACTIVE (queue size: 46) vvvvv
10:07:20.450304 - EVENT SOURCE:
                  app='org.gnome.Terminal (gtk 3.24.52)' name='Terminal' role='frame' axid='' id=0x7a29e80bbbc0
                  description=''
                  help=''
                  locale='C.UTF-8'
                  states='active, enabled, resizable, sensitive, showing, visible'
                  relations=''
                  actions=''
                  interfaces='Collection, Component'
                  attributes='toolkit:gtk, window-type:normal'
                  text=''
                  path=[-1, 0]
                  
10:07:20.450325 - SCRIPT MANAGER: Active script is: org.gnome.Terminal (module=orca.scripts.toolkits.gtk.script)
10:07:20.450346 - FOCUS MANAGER: Locus of focus is [frame: 'Terminal' (0x7a29e80bbbc0)] 
10:07:20.450361 - EVENT MANAGER: Script for event from locus of focus is org.gnome.Terminal (module=orca.scripts.toolkits.gtk.script)
10:07:20.450366 - EVENT MANAGER: Processing object:state-changed:active: script for event is active
10:07:20.450400 - AXObject: Clearing AT-SPI cache on [frame: 'Terminal' (0x7a29e80bbbc0)]  Recursive: False.  Reason: Checking if window can be the active window
10:07:20.453572 - AXUtilities: [frame: 'Terminal' (0x7a29e80bbbc0)]  from [application: 'org.gnome.Terminal' (0x7a29e81246c0)]  can be active window
10:07:20.453604 - FOCUS MANAGER: Active window is [frame: 'Terminal' (0x7a29e80bbbc0)]  event_manager._dequeue_object_event:666 > event_manager._process_object_event:982 > default._on_active_changed:799 > focus_manager.get_active_window:342
TOTAL PROCESSING TIME: 0.0042
^^^^^ FINISHED PRIORITY-2 OBJECT EVENT OBJECT:STATE-CHANGED:ACTIVE ^^^^^

10:07:20.453960 - EVENT MANAGER: Dequeueing window:activate for [frame: 'Reactive TUI App accessibility round 1' (0x7a29d2f6f0c0)]  in accessibility_probe (AccessKit) (0, 0, Reactive TUI App accessibility round 1)
10:07:20.454008 - EVENT MANAGER: Dequeued window:activate for [frame: 'Reactive TUI App accessibility round 1' (0x7a29d2f6f080)]  in accessibility_probe (AccessKit) (0, 0, Reactive TUI App accessibility round 1) priority: 2, counter: 39

vvvvv START PRIORITY-2 OBJECT EVENT WINDOW:ACTIVATE (queue size: 45) vvvvv
10:07:20.454397 - EVENT MANAGER: window:activate for [frame: 'Reactive TUI App accessibility round 1' (0x7a29e8c67380)]  in accessibility_probe (AccessKit) (0, 0, Reactive TUI App accessibility round 1) obsoleted by window:activate for [frame: 'Reactive TUI App accessibility round 1' (0x7a29d2f6f380)]  in accessibility_probe (AccessKit) (0, 0, Reactive TUI App accessibility round 1) more recent duplicate
TOTAL PROCESSING TIME: 0.0004
^^^^^ FINISHED PRIORITY-2 OBJECT EVENT WINDOW:ACTIVATE ^^^^^

10:07:20.454445 - EVENT MANAGER: Dequeueing object:state-changed:active for [frame: 'Reactive TUI App accessibility round 1' (0x7a29d2f6f300)]  in accessibility_probe (AccessKit) (1, 0, 0)
10:07:20.454480 - EVENT MANAGER: Dequeued object:state-changed:active for [frame: 'Reactive TUI App accessibility round 1' (0x7a29d2f6efc0)]  in accessibility_probe (AccessKit) (1, 0, 0) priority: 2, counter: 40

vvvvv START PRIORITY-2 OBJECT EVENT OBJECT:STATE-CHANGED:ACTIVE (queue size: 44) vvvvv
10:07:20.454841 - EVENT MANAGER: object:state-changed:active for [frame: 'Reactive TUI App accessibility round 1' (0x7a29d2f6d080)]  in accessibility_probe (AccessKit) (1, 0, 0) obsoleted by object:state-changed:active for [frame: 'Reactive TUI App accessibility round 1' (0x7a29d2f6d080)]  in accessibility_probe (AccessKit) (1, 0, 0) more recent duplicate
TOTAL PROCESSING TIME: 0.0004
^^^^^ FINISHED PRIORITY-2 OBJECT EVENT OBJECT:STATE-CHANGED:ACTIVE ^^^^^

10:07:20.454883 - EVENT MANAGER: Dequeueing window:deactivate for [frame: 'Reactive TUI App accessibility round 1' (0x7a29d2f6f3c0)]  in accessibility_probe (AccessKit) (0, 0, Reactive TUI App accessibility round 1)
10:07:20.454916 - EVENT MANAGER: Dequeued window:deactivate for [frame: 'Reactive TUI App accessibility round 1' (0x7a29d2f6f3c0)]  in accessibility_probe (AccessKit) (0, 0, Reactive TUI App accessibility round 1) priority: 2, counter: 43

vvvvv START PRIORITY-2 OBJECT EVENT WINDOW:DEACTIVATE (queue size: 43) vvvvv
10:07:20.455345 - EVENT MANAGER: window:deactivate for [frame: 'Reactive TUI App accessibility round 1' (0x7a29d2f6f400)]  in accessibility_probe (AccessKit) (0, 0, Reactive TUI App accessibility round 1) obsoleted by window:activate for [frame: 'Reactive TUI App accessibility round 1' (0x7a29d2f6f400)]  in accessibility_probe (AccessKit) (0, 0, Reactive TUI App accessibility round 1) more recent window (de)activation event
TOTAL PROCESSING TIME: 0.0004
^^^^^ FINISHED PRIORITY-2 OBJECT EVENT WINDOW:DEACTIVATE ^^^^^

10:07:20.455386 - EVENT MANAGER: Dequeueing object:state-changed:active for [frame: 'Reactive TUI App accessibility round 1' (0x7a29d2f6f5c0)]  in accessibility_probe (AccessKit) (0, 0, 0)
10:07:20.455420 - EVENT MANAGER: Dequeued object:state-changed:active for [frame: 'Reactive TUI App accessibility round 1' (0x7a29d2f6f400)]  in accessibility_probe (AccessKit) (0, 0, 0) priority: 2, counter: 44

vvvvv START PRIORITY-2 OBJECT EVENT OBJECT:STATE-CHANGED:ACTIVE (queue size: 42) vvvvv
10:07:20.455834 - EVENT MANAGER: object:state-changed:active for [frame: 'Reactive TUI App accessibility round 1' (0x7a29d2f6f800)]  in accessibility_probe (AccessKit) (0, 0, 0) obsoleted by object:state-changed:active for [frame: 'Reactive TUI App accessibility round 1' (0x7a29d2f6f480)]  in accessibility_probe (AccessKit) (1, 0, 0) more recent event of same type for same object
TOTAL PROCESSING TIME: 0.0004
^^^^^ FINISHED PRIORITY-2 OBJECT EVENT OBJECT:STATE-CHANGED:ACTIVE ^^^^^

10:07:20.455919 - EVENT MANAGER: Dequeueing window:activate for [frame: 'Reactive TUI App accessibility round 1' (0x7a29e80d78c0)]  in accessibility_probe (AccessKit) (0, 0, Reactive TUI App accessibility round 1)
10:07:20.455951 - EVENT MANAGER: Dequeued window:activate for [frame: 'Reactive TUI App accessibility round 1' (0x7a29d2f6d080)]  in accessibility_probe (AccessKit) (0, 0, Reactive TUI App accessibility round 1) priority: 2, counter: 46

vvvvv START PRIORITY-2 OBJECT EVENT WINDOW:ACTIVATE (queue size: 41) vvvvv
10:07:20.457665 - EVENT SOURCE:
                  app='accessibility_probe (AccessKit )' name='Reactive TUI App accessibility round 1' role='frame' axid='' id=0x7a29d2f6f980
                  description=''
                  help=''
                  locale=''
                  states='active, enabled, sensitive, showing, visible'
                  relations=''
                  actions=''
                  interfaces='Component'
                  attributes=''
                  text=''
                  path=[-1, 0]
                  
10:07:20.457689 - SCRIPT MANAGER: Active script is: org.gnome.Terminal (module=orca.scripts.toolkits.gtk.script)
10:07:20.457706 - FOCUS MANAGER: Locus of focus is [frame: 'Terminal' (0x7a29e80bbbc0)] 
10:07:20.457731 - EVENT MANAGER: Getting script for event for [application: 'accessibility_probe' (0x7a29e8147200)]  [frame: 'Reactive TUI App accessibility round 1' (0x7a29e814f980)] 
10:07:20.457747 - SCRIPT MANAGER: Getting script for [application: 'accessibility_probe' (0x7a29e8147200)]  [frame: 'Reactive TUI App accessibility round 1' (0x7a29e814f980)] 
10:07:20.457882 - SCRIPT MANAGER: Script is app script accessibility_probe (module=orca.scripts.default)
10:07:20.457896 - EVENT MANAGER: Script for event is accessibility_probe (module=orca.scripts.default)
10:07:20.458324 - FOCUS MANAGER: Active window is [frame: 'Terminal' (0x7a29e80bbbc0)]  event_manager._process_object_event:958 > event_manager._is_activatable_event:814 > event_manager._is_activatable_by_event_type:828 > focus_manager.get_active_window:342
10:07:20.458581 - EVENT MANAGER: Change active script: True (Window activation)
10:07:20.458611 - SCRIPT MANAGER: Deactivating org.gnome.Terminal (module=orca.scripts.toolkits.gtk.script) reason: Window activation
10:07:20.458637 - SCRIPT MANAGER: Setting active script to accessibility_probe (module=orca.scripts.default) reason: Window activation
10:07:20.458653 - DEFAULT: Activating script for [application: 'accessibility_probe' (0x7a29e8147200)] 
10:07:20.459065 - SPEECH MANAGER: Speech server is <orca.speechdispatcherfactory.SpeechServer object at 0x7a29e89e96a0>
10:07:20.459126 - GSETTINGS SCHEMA HANDLE: speech/punctuation-level not set [app:accessibility_probe, profile:default]
10:07:20.459133 - GSETTINGS REGISTRY: speech/punctuation-level using default value = 'most'
10:07:20.459548 - SPEECH MANAGER: Speech server is <orca.speechdispatcherfactory.SpeechServer object at 0x7a29e89e96a0>
10:07:20.459594 - GSETTINGS SCHEMA HANDLE: speech/capitalization-style not set [app:accessibility_probe, profile:default]
10:07:20.459603 - GSETTINGS REGISTRY: speech/capitalization-style using default value = 'none'
10:07:20.459965 - SPEECH MANAGER: Speech server is <orca.speechdispatcherfactory.SpeechServer object at 0x7a29e89e96a0>
10:07:20.460130 - GSETTINGS SCHEMA HANDLE: speech/synthesizer not set [app:accessibility_probe, profile:default]
10:07:20.460157 - SCRIPT MANAGER: Active script is: accessibility_probe (module=orca.scripts.default)
10:07:20.460163 - CARET NAVIGATOR: Commands suspended: False: script activation, no prior state
10:07:20.460199 - GSETTINGS SCHEMA HANDLE: keybindings/keyboard-layout not set [app:accessibility_probe, profile:default]
10:07:20.460205 - GSETTINGS REGISTRY: keybindings/keyboard-layout using default value = 'desktop'
10:07:20.460218 - GSETTINGS SCHEMA HANDLE: keybindings/desktop-modifier-keys not set [app:accessibility_probe, profile:default]
10:07:20.460224 - GSETTINGS REGISTRY: keybindings/desktop-modifier-keys using default value = ['Insert', 'KP_Insert']
10:07:20.460256 - SCRIPT MANAGER: Active script is: accessibility_probe (module=orca.scripts.default)
10:07:20.460261 - STRUCTURAL NAVIGATOR: Suspended: False: script activation, no prior state
10:07:20.460275 - GSETTINGS SCHEMA HANDLE: keybindings/keyboard-layout not set [app:accessibility_probe, profile:default]
10:07:20.460279 - GSETTINGS REGISTRY: keybindings/keyboard-layout using default value = 'desktop'
10:07:20.460290 - GSETTINGS SCHEMA HANDLE: keybindings/desktop-modifier-keys not set [app:accessibility_probe, profile:default]
10:07:20.460295 - GSETTINGS REGISTRY: keybindings/desktop-modifier-keys using default value = ['Insert', 'KP_Insert']
10:07:20.460332 - STRUCTURAL NAVIGATOR: Setting mode for accessibility_probe (module=orca.scripts.default) to NavigationMode.OFF
10:07:20.460346 - SCRIPT MANAGER: Active script is: accessibility_probe (module=orca.scripts.default)
10:07:20.460359 - GSETTINGS SCHEMA HANDLE: keybindings/keyboard-layout not set [app:accessibility_probe, profile:default]
10:07:20.460364 - GSETTINGS REGISTRY: keybindings/keyboard-layout using default value = 'desktop'
10:07:20.460374 - GSETTINGS SCHEMA HANDLE: keybindings/desktop-modifier-keys not set [app:accessibility_probe, profile:default]
10:07:20.460378 - GSETTINGS REGISTRY: keybindings/desktop-modifier-keys using default value = ['Insert', 'KP_Insert']
10:07:20.460409 - CARET NAVIGATOR: Setting enabled state for accessibility_probe (module=orca.scripts.default) to False
10:07:20.460422 - SCRIPT MANAGER: Active script is: accessibility_probe (module=orca.scripts.default)
10:07:20.460434 - GSETTINGS SCHEMA HANDLE: keybindings/keyboard-layout not set [app:accessibility_probe, profile:default]
10:07:20.460437 - GSETTINGS REGISTRY: keybindings/keyboard-layout using default value = 'desktop'
10:07:20.460447 - GSETTINGS SCHEMA HANDLE: keybindings/desktop-modifier-keys not set [app:accessibility_probe, profile:default]
10:07:20.460450 - GSETTINGS REGISTRY: keybindings/desktop-modifier-keys using default value = ['Insert', 'KP_Insert']
10:07:20.460461 - COMMAND MANAGER: Activating commands: activated accessibility_probe (module=orca.scripts.default)
10:07:20.460533 - GSETTINGS SCHEMA HANDLE: keybindings/entries no dict values set
10:07:20.460537 - GSETTINGS REGISTRY: keybindings/entries using default value = {}
10:07:20.460540 - COMMAND MANAGER: No user overrides to apply
10:07:20.460583 - GSETTINGS SCHEMA HANDLE: keybindings/keyboard-layout not set [app:accessibility_probe, profile:default]
10:07:20.460587 - GSETTINGS REGISTRY: keybindings/keyboard-layout using default value = 'desktop'
10:07:20.460597 - GSETTINGS SCHEMA HANDLE: keybindings/desktop-modifier-keys not set [app:accessibility_probe, profile:default]
10:07:20.460601 - GSETTINGS REGISTRY: keybindings/desktop-modifier-keys using default value = ['Insert', 'KP_Insert']

vvvvv COMMAND MANAGER: Grab diff: activated accessibility_probe (module=orca.scripts.default) (old: 77, new: 77) vvvvv
10:07:20.460618 -   No grab changes
^^^^^ COMMAND MANAGER: Diff completed in 0.0000s. Removed 0, added 0, transferred 0 ^^^^^

10:07:20.460639 - GSETTINGS SCHEMA HANDLE: speech/enable not set [app:accessibility_probe, profile:default]
10:07:20.460645 - GSETTINGS REGISTRY: speech/enable using default value = True
10:07:20.460649 - SPEECH MANAGER: Speech is enabled.
10:07:20.460679 - SPEECH MANAGER: start_speech. Script: None Event: None notify_user: False
10:07:20.460683 - SPEECH MANAGER: Initializing server
10:07:20.460686 - SPEECH MANAGER: Already initialized
10:07:20.460699 - GSETTINGS SCHEMA HANDLE: keybindings/keyboard-layout not set [app:accessibility_probe, profile:default]
10:07:20.460703 - GSETTINGS REGISTRY: keybindings/keyboard-layout using default value = 'desktop'
10:07:20.460708 - COMMAND MANAGER: Setting keyboard layout is_desktop to True.
10:07:20.460757 - GSETTINGS SCHEMA HANDLE: keybindings/entries no dict values set
10:07:20.460760 - GSETTINGS REGISTRY: keybindings/entries using default value = {}
10:07:20.460764 - COMMAND MANAGER: No user overrides to apply
10:07:20.460803 - GSETTINGS SCHEMA HANDLE: keybindings/keyboard-layout not set [app:accessibility_probe, profile:default]
10:07:20.460807 - GSETTINGS REGISTRY: keybindings/keyboard-layout using default value = 'desktop'
10:07:20.460817 - GSETTINGS SCHEMA HANDLE: keybindings/desktop-modifier-keys not set [app:accessibility_probe, profile:default]
10:07:20.460820 - GSETTINGS REGISTRY: keybindings/desktop-modifier-keys using default value = ['Insert', 'KP_Insert']

vvvvv COMMAND MANAGER: Grab diff: keyboard layout change (old: 77, new: 77) vvvvv
10:07:20.460832 -   No grab changes
^^^^^ COMMAND MANAGER: Diff completed in 0.0000s. Removed 0, added 0, transferred 0 ^^^^^

10:07:20.460840 - COMMAND MANAGER: Keyboard layout set to desktop.
10:07:20.460852 - GSETTINGS SCHEMA HANDLE: keybindings/keyboard-layout not set [app:accessibility_probe, profile:default]
10:07:20.460855 - GSETTINGS REGISTRY: keybindings/keyboard-layout using default value = 'desktop'
10:07:20.460864 - GSETTINGS SCHEMA HANDLE: keybindings/desktop-modifier-keys not set [app:accessibility_probe, profile:default]
10:07:20.460868 - GSETTINGS REGISTRY: keybindings/desktop-modifier-keys using default value = ['Insert', 'KP_Insert']
10:07:20.460877 - EVENT MANAGER: Processing window:activate: script for event is active
10:07:20.460912 - AXObject: Clearing AT-SPI cache on [frame: 'Reactive TUI App accessibility round 1' (0x7a29d2f6f4c0)]  Recursive: False.  Reason: Checking if window can be the active window
10:07:20.462311 - AXUtilities: [frame: 'Reactive TUI App accessibility round 1' (0x7a29d2f6f4c0)]  from [application: 'accessibility_probe' (0x7a29e8147200)]  can be active window
10:07:20.462343 - FOCUS MANAGER: Active window is [frame: 'Terminal' (0x7a29e80bbbc0)]  event_manager._dequeue_object_event:666 > event_manager._process_object_event:982 > default._on_window_activated:1384 > focus_manager.get_active_window:342
10:07:20.462607 - FOCUS MANAGER: Request to set active window to [frame: 'Reactive TUI App accessibility round 1' (0x7a29e814f500)] 
10:07:20.462664 - FOCUS MANAGER: Focus [frame: 'Terminal' (0x7a29e80bbbc0)]  is not in [frame: 'Reactive TUI App accessibility round 1' (0x7a29e814f500)] 
10:07:20.462687 - FOCUS MANAGER: Request to set locus of focus to [frame: 'Reactive TUI App accessibility round 1' (0x7a29e814f500)]  event_manager._process_object_event:982 > default._on_window_activated:1391 > focus_manager.set_active_window:391 > focus_manager.set_locus_of_focus:271
10:07:20.462972 - AXObject: Clearing AT-SPI cache on [frame: 'Reactive TUI App accessibility round 1' (0x7a29e814f500)]  Recursive: False.  Reason: Setting locus of focus.
10:07:20.462998 - SCRIPT MANAGER: Active script is: accessibility_probe (module=orca.scripts.default)
10:07:20.463617 - FOCUS MANAGER: Changing locus of focus from [frame: 'Terminal' (0x7a29e80bbbc0)]  to [frame: 'Reactive TUI App accessibility round 1' (0x7a29e814f500)] . Notify: True
10:07:20.463873 - FOCUS MANAGER: Region of interest: [frame: 'Reactive TUI App accessibility round 1' (0x7a29e814f500)]  (0, 0)
10:07:20.464121 - FOCUS MANAGER: Switching object of interest from [frame: 'Terminal' (0x7a29e80bbbc0)]  to [frame: 'Reactive TUI App accessibility round 1' (0x7a29e814f500)] 
10:07:20.464593 - DOCUMENT PRESENTER: Updating mode for focus change. Old focus: [frame: 'Terminal' (0x7a29e80bbbc0)]  old doc: None New focus: [frame: 'Reactive TUI App accessibility round 1' (0x7a29e814f500)]  new doc: None
10:07:20.464614 - SCRIPT MANAGER: Active script is: accessibility_probe (module=orca.scripts.default)
10:07:20.464619 - CARET NAVIGATOR: Commands suspended: False: locus of focus no longer in document
10:07:20.464645 - GSETTINGS SCHEMA HANDLE: keybindings/keyboard-layout not set [app:accessibility_probe, profile:default]
10:07:20.464651 - GSETTINGS REGISTRY: keybindings/keyboard-layout using default value = 'desktop'
10:07:20.464664 - GSETTINGS SCHEMA HANDLE: keybindings/desktop-modifier-keys not set [app:accessibility_probe, profile:default]
10:07:20.464669 - GSETTINGS REGISTRY: keybindings/desktop-modifier-keys using default value = ['Insert', 'KP_Insert']
10:07:20.464696 - SCRIPT MANAGER: Active script is: accessibility_probe (module=orca.scripts.default)
10:07:20.464701 - STRUCTURAL NAVIGATOR: Suspended: False: locus of focus no longer in document
10:07:20.464713 - GSETTINGS SCHEMA HANDLE: keybindings/keyboard-layout not set [app:accessibility_probe, profile:default]
10:07:20.464717 - GSETTINGS REGISTRY: keybindings/keyboard-layout using default value = 'desktop'
10:07:20.464727 - GSETTINGS SCHEMA HANDLE: keybindings/desktop-modifier-keys not set [app:accessibility_probe, profile:default]
10:07:20.464733 - GSETTINGS REGISTRY: keybindings/desktop-modifier-keys using default value = ['Insert', 'KP_Insert']
10:07:20.464767 - STRUCTURAL NAVIGATOR: Setting mode for accessibility_probe (module=orca.scripts.default) to NavigationMode.OFF
10:07:20.464780 - SCRIPT MANAGER: Active script is: accessibility_probe (module=orca.scripts.default)
10:07:20.464794 - GSETTINGS SCHEMA HANDLE: keybindings/keyboard-layout not set [app:accessibility_probe, profile:default]
10:07:20.464798 - GSETTINGS REGISTRY: keybindings/keyboard-layout using default value = 'desktop'
10:07:20.464808 - GSETTINGS SCHEMA HANDLE: keybindings/desktop-modifier-keys not set [app:accessibility_probe, profile:default]
10:07:20.464812 - GSETTINGS REGISTRY: keybindings/desktop-modifier-keys using default value = ['Insert', 'KP_Insert']
10:07:20.464843 - CARET NAVIGATOR: Setting enabled state for accessibility_probe (module=orca.scripts.default) to False
10:07:20.464856 - SCRIPT MANAGER: Active script is: accessibility_probe (module=orca.scripts.default)
10:07:20.464867 - GSETTINGS SCHEMA HANDLE: keybindings/keyboard-layout not set [app:accessibility_probe, profile:default]
10:07:20.464871 - GSETTINGS REGISTRY: keybindings/keyboard-layout using default value = 'desktop'
10:07:20.464881 - GSETTINGS SCHEMA HANDLE: keybindings/desktop-modifier-keys not set [app:accessibility_probe, profile:default]
10:07:20.464884 - GSETTINGS REGISTRY: keybindings/desktop-modifier-keys using default value = ['Insert', 'KP_Insert']
10:07:20.464926 - SCRIPT UTILITIES: [frame: 'Reactive TUI App accessibility round 1' (0x7a29e814f500)]  is top-level object for: [frame: 'Reactive TUI App accessibility round 1' (0x7a29e814f500)] 
10:07:20.464940 - FOCUS MANAGER: Request to set active window to [frame: 'Reactive TUI App accessibility round 1' (0x7a29e814f500)] 
10:07:20.464944 - FOCUS MANAGER: Setting active window to existing active window
10:07:20.464962 - SCRIPT MANAGER: Getting script for [application: 'accessibility_probe' (0x7a29e8147200)]  [frame: 'Reactive TUI App accessibility round 1' (0x7a29e814f500)] 
10:07:20.465118 - SCRIPT MANAGER: Script is app script accessibility_probe (module=orca.scripts.default)
10:07:20.465128 - PRESENTATION MANAGER: Not interrupting for locusOfFocus change: event is None
10:07:20.465156 - FOCUS MANAGER: Active mode: focus-tracking Object of interest: [frame: 'Reactive TUI App accessibility round 1' (0x7a29e814f500)] 
10:07:20.465175 - GSETTINGS SCHEMA HANDLE: speech/enable not set [app:accessibility_probe, profile:default]
10:07:20.465180 - GSETTINGS REGISTRY: speech/enable using default value = True
10:07:20.465203 - GSETTINGS SCHEMA HANDLE: speech/verbosity-level not set [app:accessibility_probe, profile:default]
10:07:20.465207 - GSETTINGS REGISTRY: speech/verbosity-level using default value = 'verbose'
10:07:20.465221 - FOCUS MANAGER: Locus of focus is [frame: 'Reactive TUI App accessibility round 1' (0x7a29e814f500)] 
10:07:20.465234 - SCRIPT MANAGER: Active script is: accessibility_probe (module=orca.scripts.default)
10:07:20.465249 - GSETTINGS SCHEMA HANDLE: speech/only-speak-displayed-text not set [app:accessibility_probe, profile:default]
10:07:20.465253 - GSETTINGS REGISTRY: speech/only-speak-displayed-text using default value = False
10:07:20.465263 - GSETTINGS SCHEMA HANDLE: speech/speak-description not set [app:accessibility_probe, profile:default]
10:07:20.465266 - GSETTINGS REGISTRY: speech/speak-description using default value = True
10:07:20.465277 - GSETTINGS SCHEMA HANDLE: speech/speak-tutorial-messages not set [app:accessibility_probe, profile:default]
10:07:20.465280 - GSETTINGS REGISTRY: speech/speak-tutorial-messages using default value = True
10:07:20.465290 - GSETTINGS SCHEMA HANDLE: speech/speak-position-in-set not set [app:accessibility_probe, profile:default]
10:07:20.465294 - GSETTINGS REGISTRY: speech/speak-position-in-set using default value = False
10:07:20.465303 - GSETTINGS SCHEMA HANDLE: speech/speak-widget-mnemonic not set [app:accessibility_probe, profile:default]
10:07:20.465306 - GSETTINGS REGISTRY: speech/speak-widget-mnemonic using default value = True
10:07:20.465315 - GSETTINGS SCHEMA HANDLE: speech/speak-blank-lines not set [app:accessibility_probe, profile:default]
10:07:20.465318 - GSETTINGS REGISTRY: speech/speak-blank-lines using default value = True
10:07:20.465329 - GSETTINGS SCHEMA HANDLE: speech/speak-indentation-and-justification not set [app:accessibility_probe, profile:default]
10:07:20.465332 - GSETTINGS REGISTRY: speech/speak-indentation-and-justification using default value = False
10:07:20.465342 - GSETTINGS SCHEMA HANDLE: speech/announce-cell-headers not set [app:accessibility_probe, profile:default]
10:07:20.465346 - GSETTINGS REGISTRY: speech/announce-cell-headers using default value = True
10:07:20.465355 - GSETTINGS SCHEMA HANDLE: speech/announce-cell-coordinates not set [app:accessibility_probe, profile:default]
10:07:20.465359 - GSETTINGS REGISTRY: speech/announce-cell-coordinates using default value = True
10:07:20.465368 - GSETTINGS SCHEMA HANDLE: speech/announce-spreadsheet-cell-coordinates not set [app:accessibility_probe, profile:default]
10:07:20.465372 - GSETTINGS REGISTRY: speech/announce-spreadsheet-cell-coordinates using default value = True
10:07:20.465381 - GSETTINGS SCHEMA HANDLE: speech/announce-blockquote not set [app:accessibility_probe, profile:default]
10:07:20.465384 - GSETTINGS REGISTRY: speech/announce-blockquote using default value = True
10:07:20.465393 - GSETTINGS SCHEMA HANDLE: speech/announce-form not set [app:accessibility_probe, profile:default]
10:07:20.465397 - GSETTINGS REGISTRY: speech/announce-form using default value = True
10:07:20.465407 - GSETTINGS SCHEMA HANDLE: speech/announce-landmark not set [app:accessibility_probe, profile:default]
10:07:20.465410 - GSETTINGS REGISTRY: speech/announce-landmark using default value = True
10:07:20.465419 - GSETTINGS SCHEMA HANDLE: speech/announce-list not set [app:accessibility_probe, profile:default]
10:07:20.465422 - GSETTINGS REGISTRY: speech/announce-list using default value = True
10:07:20.465432 - GSETTINGS SCHEMA HANDLE: speech/announce-grouping not set [app:accessibility_probe, profile:default]
10:07:20.465435 - GSETTINGS REGISTRY: speech/announce-grouping using default value = True
10:07:20.465444 - GSETTINGS SCHEMA HANDLE: speech/announce-table not set [app:accessibility_probe, profile:default]
10:07:20.465447 - GSETTINGS REGISTRY: speech/announce-table using default value = True
10:07:20.466657 - GENERATOR: _get_functional_role: frame
10:07:20.466743 - SPEECH GENERATOR: speech_generator.SpeechGenerator._generate_frame for [frame: 'Reactive TUI App accessibility round 1' (0x7a29e814f500)]  args: {'formatType': 'unfocused', 'priorObj': "[frame: 'Terminal' (0x7a29e80bbbc0)] ", 'role': 'frame'}
10:07:20.466792 - SPEECH GENERATOR: _generate_old_ancestors: []
10:07:20.466816 - SPEECH GENERATOR: _generate_new_ancestors: []
10:07:20.466853 - AXUtilitiesRelation: [frame: 'Reactive TUI App accessibility round 1' (0x7a29e814f500)]  is labelled by: []
10:07:20.466868 - GENERATOR: _generate_accessible_label: []
10:07:20.466882 - SPEECH GENERATOR: _generate_accessible_label: []
10:07:20.466905 - GENERATOR: _generate_accessible_name: [Reactive TUI App accessibility round 1]
10:07:20.466948 - GSETTINGS SCHEMA HANDLE: voice/established not set [app:accessibility_probe, profile:default]
10:07:20.466964 - GSETTINGS SCHEMA HANDLE: voice/rate not set [app:accessibility_probe, profile:default]
10:07:20.466983 - GSETTINGS SCHEMA HANDLE: voice/pitch not set [app:accessibility_probe, profile:default]
10:07:20.466996 - GSETTINGS SCHEMA HANDLE: voice/volume not set [app:accessibility_probe, profile:default]
10:07:20.467008 - GSETTINGS SCHEMA HANDLE: voice/family-name not set [app:accessibility_probe, profile:default]
10:07:20.467019 - GSETTINGS SCHEMA HANDLE: voice/family-lang not set [app:accessibility_probe, profile:default]
10:07:20.467029 - GSETTINGS SCHEMA HANDLE: voice/family-dialect not set [app:accessibility_probe, profile:default]
10:07:20.467039 - GSETTINGS SCHEMA HANDLE: voice/family-gender not set [app:accessibility_probe, profile:default]
10:07:20.467049 - GSETTINGS SCHEMA HANDLE: voice/family-variant not set [app:accessibility_probe, profile:default]
10:07:20.467078 - SPEECH GENERATOR: default voice requested for [frame: 'Reactive TUI App accessibility round 1' (0x7a29e814f500)]  language='', dialect='' Unmodified voice={'established': False}
10:07:20.467103 - SPEECH GENERATOR: Reported locale of [frame: 'Reactive TUI App accessibility round 1' (0x7a29e814f500)]  is 
10:07:20.467120 - SPEECH GENERATOR: Updated to: 'C', ''
10:07:20.467142 - GSETTINGS SCHEMA HANDLE: speech/auto-language-switching not set [app:accessibility_probe, profile:default]
10:07:20.467147 - GSETTINGS REGISTRY: speech/auto-language-switching using default value = True
10:07:20.467157 - SPEECH DISPATCHER: Returning cached result for language='C' dialect='' variant='None'
10:07:20.467199 - SPEECH GENERATOR: Family updated to {'dialect': '', 'lang': 'C', 'name': ''}
10:07:20.467242 - SPEECH GENERATOR: Final voice is {'established': 'False', 'family': "{'dialect': '', 'lang': 'C', 'name': ''}"}
10:07:20.467289 - SPEECH GENERATOR: _generate_accessible_name: [Reactive TUI App accessibility round 1, {'established': 'False', 'family': "{'dialect': '', 'lang': 'C', 'name': ''}"}]
10:07:20.467340 - GENERATOR: _generate_accessible_label_and_name: [Reactive TUI App accessibility round 1, {'established': 'False', 'family': "{'dialect': '', 'lang': 'C', 'name': ''}"}]
10:07:20.467359 - SPEECH PRESENTER: Adjusting 'Reactive TUI App accessibility round 1' from [frame: 'Reactive TUI App accessibility round 1' (0x7a29e814f500)]  start_offset: None
10:07:20.467619 - GSETTINGS SCHEMA HANDLE: speech/speak-numbers-as-digits not set [app:accessibility_probe, profile:default]
10:07:20.467636 - GSETTINGS REGISTRY: speech/speak-numbers-as-digits using default value = False
10:07:20.467672 - GSETTINGS SCHEMA HANDLE: speech/repeated-character-limit not set [app:accessibility_probe, profile:default]
10:07:20.467678 - GSETTINGS REGISTRY: speech/repeated-character-limit using default value = 4
10:07:20.468225 - GSETTINGS SCHEMA HANDLE: speech/use-pronunciation-dictionary not set [app:accessibility_probe, profile:default]
10:07:20.468242 - GSETTINGS REGISTRY: speech/use-pronunciation-dictionary using default value = True
10:07:20.468277 - GSETTINGS SCHEMA HANDLE: pronunciations/entries no dict values set
10:07:20.468283 - GSETTINGS REGISTRY: pronunciations/entries using default value = {}
10:07:20.468290 - SPEECH PRESENTER: Adjusted text: 'Reactive TUI App accessibility round 1'
10:07:20.468347 - SPEECH GENERATOR: _generate_accessible_label_and_name: [Reactive TUI App accessibility round 1, {'established': 'False', 'family': "{'dialect': '', 'lang': 'C', 'name': ''}"}]
10:07:20.469938 - GSETTINGS SCHEMA HANDLE: voice/established not set [app:accessibility_probe, profile:default]
10:07:20.469960 - GSETTINGS SCHEMA HANDLE: voice/rate not set [app:accessibility_probe, profile:default]
10:07:20.469973 - GSETTINGS SCHEMA HANDLE: voice/pitch not set [app:accessibility_probe, profile:default]
10:07:20.469986 - GSETTINGS SCHEMA HANDLE: voice/volume not set [app:accessibility_probe, profile:default]
10:07:20.469998 - GSETTINGS SCHEMA HANDLE: voice/family-name not set [app:accessibility_probe, profile:default]
10:07:20.470008 - GSETTINGS SCHEMA HANDLE: voice/family-lang not set [app:accessibility_probe, profile:default]
10:07:20.470017 - GSETTINGS SCHEMA HANDLE: voice/family-dialect not set [app:accessibility_probe, profile:default]
10:07:20.470027 - GSETTINGS SCHEMA HANDLE: voice/family-gender not set [app:accessibility_probe, profile:default]
10:07:20.470036 - GSETTINGS SCHEMA HANDLE: voice/family-variant not set [app:accessibility_probe, profile:default]
10:07:20.470064 - SPEECH GENERATOR: system voice requested for [frame: 'Reactive TUI App accessibility round 1' (0x7a29e814f500)]  language='', dialect='' Unmodified voice={'established': False}
10:07:20.470087 - SPEECH GENERATOR: Reported locale of [frame: 'Reactive TUI App accessibility round 1' (0x7a29e814f500)]  is 
10:07:20.470099 - SPEECH GENERATOR: Updated to: 'C', ''
10:07:20.470128 - GSETTINGS SCHEMA HANDLE: voice/established not set [app:accessibility_probe, profile:default]
10:07:20.470141 - GSETTINGS SCHEMA HANDLE: voice/rate not set [app:accessibility_probe, profile:default]
10:07:20.470152 - GSETTINGS SCHEMA HANDLE: voice/pitch not set [app:accessibility_probe, profile:default]
10:07:20.470162 - GSETTINGS SCHEMA HANDLE: voice/volume not set [app:accessibility_probe, profile:default]
10:07:20.470173 - GSETTINGS SCHEMA HANDLE: voice/family-name not set [app:accessibility_probe, profile:default]
10:07:20.470183 - GSETTINGS SCHEMA HANDLE: voice/family-lang not set [app:accessibility_probe, profile:default]
10:07:20.470192 - GSETTINGS SCHEMA HANDLE: voice/family-dialect not set [app:accessibility_probe, profile:default]
10:07:20.470202 - GSETTINGS SCHEMA HANDLE: voice/family-gender not set [app:accessibility_probe, profile:default]
10:07:20.470211 - GSETTINGS SCHEMA HANDLE: voice/family-variant not set [app:accessibility_probe, profile:default]
10:07:20.470251 - SPEECH GENERATOR: Final voice is {'established': 'False', 'family': '{}'}
10:07:20.470288 - SPEECH GENERATOR: _generate_accessible_role: [frame, {'established': 'False', 'family': '{}'}]
10:07:20.470353 - AXUtilities: Unfocused alerts and dialogs for [frame: 'Reactive TUI App accessibility round 1' (0x7a29e814f500)] : []
10:07:20.470367 - SPEECH GENERATOR: _generate_unfocused_dialog_count: []
10:07:20.470523 - GENERATOR: _generate_state_current: []
10:07:20.470539 - SPEECH GENERATOR: _generate_state_current: []
10:07:20.470553 - SPEECH GENERATOR: _generate_has_click_action: []
10:07:20.470566 - SPEECH GENERATOR: _generate_has_details: []
10:07:20.470579 - SPEECH GENERATOR: _generate_details_for: []
10:07:20.470757 - AXUtilitiesRelation: [frame: 'Reactive TUI App accessibility round 1' (0x7a29e814f500)]  is described by: []
10:07:20.470772 - GENERATOR: _generate_accessible_description: []
10:07:20.470784 - SPEECH GENERATOR: _generate_accessible_description: []
10:07:20.470807 - SPEECH GENERATOR: _generate_state_has_popup: []
10:07:20.470975 - SPEECH GENERATOR: _generate_tutorial: []
10:07:20.471102 - SPEECH GENERATOR: Results: [Reactive TUI App accessibility round 1, {'established': 'False', 'family': "{'dialect': '', 'lang': 'C', 'name': ''}"}, frame, {'established': 'False', 'family': '{}'}]
10:07:20.471187 - SPEECH: Speak [Reactive TUI App accessibility round 1, {'established': 'False', 'family': "{'dialect': '', 'lang': 'C', 'name': ''}"}, frame, {'established': 'False', 'family': '{}'}], acss: None
10:07:20.471263 - SPEECH: New voice {'established': 'False'}  != active voice {'established': 'False', 'family': "{'dialect': '', 'lang': 'C', 'name': ''}"}
10:07:20.471276 - SPEECH OUTPUT: 'Reactive TUI App accessibility round 1' {'established': False, 'family': {'name': '', 'gender': None, 'lang': 'C', 'dialect': '', 'variant': None}}
10:07:20.471282 - SPEECH DISPATCHER: Speaking 'Reactive TUI App accessibility round 1' as string
10:07:20.471444 - SPEECH DISPATCHER: Speaking '<speak><mark name="0:8"/>Reactive <mark name="9:12"/>TUI <mark name="13:16"/>App <mark name="17:30"/>accessibility <mark name="31:36"/>round <mark name="37:38"/>1</speak>' 
                  ORCA rate 50.0, pitch 5.0, volume 10.0, language C, punctuation: MOST
                  SD rate 2, pitch 10, volume 100, language c
10:07:20.471513 - SPEECH OUTPUT: 'frame' {'established': False}
10:07:20.471518 - SPEECH DISPATCHER: Speaking 'frame' as string
10:07:20.471647 - SPEECH DISPATCHER: Speaking '<speak><mark name="0:5"/>frame</speak>' 
                  ORCA rate 50.0, pitch 5.0, volume 10.0, language C, punctuation: MOST
                  SD rate 2, pitch 10, volume 100, language c
10:07:20.474901 - GSETTINGS SCHEMA HANDLE: braille/enabled not set [app:accessibility_probe, profile:default]
10:07:20.474913 - GSETTINGS REGISTRY: braille/enabled using default value = True
10:07:20.474946 - FOCUS MANAGER: Active mode: focus-tracking Object of interest: [frame: 'Reactive TUI App accessibility round 1' (0x7a29e814f500)] 
10:07:20.474963 - GSETTINGS SCHEMA HANDLE: braille/enabled not set [app:accessibility_probe, profile:default]
10:07:20.474968 - GSETTINGS REGISTRY: braille/enabled using default value = True
10:07:20.474990 - GSETTINGS SCHEMA HANDLE: braille/verbosity-level not set [app:accessibility_probe, profile:default]
10:07:20.474995 - GSETTINGS REGISTRY: braille/verbosity-level using default value = 'verbose'
10:07:20.475014 - FOCUS MANAGER: Locus of focus is [frame: 'Reactive TUI App accessibility round 1' (0x7a29e814f500)] 
10:07:20.475028 - SCRIPT MANAGER: Active script is: accessibility_probe (module=orca.scripts.default)
10:07:20.475043 - GSETTINGS SCHEMA HANDLE: braille/rolename-style not set [app:accessibility_probe, profile:default]
10:07:20.475047 - GSETTINGS REGISTRY: braille/rolename-style using default value = 'verbose'
10:07:20.475058 - GSETTINGS SCHEMA HANDLE: braille/display-ancestors not set [app:accessibility_probe, profile:default]
10:07:20.475062 - GSETTINGS REGISTRY: braille/display-ancestors using default value = True
10:07:20.475072 - GSETTINGS SCHEMA HANDLE: braille/end-of-line-indicator not set [app:accessibility_probe, profile:default]
10:07:20.475075 - GSETTINGS REGISTRY: braille/end-of-line-indicator using default value = True
10:07:20.475085 - GSETTINGS SCHEMA HANDLE: braille/present-mnemonics not set [app:accessibility_probe, profile:default]
10:07:20.475088 - GSETTINGS REGISTRY: braille/present-mnemonics using default value = True
10:07:20.476341 - GENERATOR: _get_functional_role: frame
10:07:20.476408 - BRAILLE GENERATOR: braille_generator.BrailleGenerator._generate_frame for [frame: 'Reactive TUI App accessibility round 1' (0x7a29e814f500)]  args: {'formatType': 'focused', 'priorObj': "[frame: 'Terminal' (0x7a29e80bbbc0)] ", 'role': 'frame'}
10:07:20.477827 - GENERATOR: _get_functional_role: application
10:07:20.477866 - BRAILLE GENERATOR: [application: 'accessibility_probe' (0x7a29e8147200)]  lacks dedicated generator
10:07:20.477929 - BRAILLE GENERATOR: braille_generator.BrailleGenerator._generate_default_presentation for [application: 'accessibility_probe' (0x7a29e8147200)]  args: {'formatType': 'ancestor', 'includeContext': 'False', 'priorObj': "[frame: 'Terminal' (0x7a29e80bbbc0)] ", 'role': 'application'}
10:07:20.478101 - AXUtilitiesRelation: [application: 'accessibility_probe' (0x7a29e8147200)]  is labelled by: []
10:07:20.478119 - GENERATOR: _generate_accessible_label: []
10:07:20.478139 - GENERATOR: _generate_accessible_name: [accessibility_probe]
10:07:20.478158 - GENERATOR: _generate_accessible_label_and_name: [accessibility_probe]
10:07:20.479782 - BRAILLE GENERATOR: _generate_accessible_role: [application]
10:07:20.479817 - BRAILLE: Not contracting 'accessibility_probe application' because contracted braille is not enabled.
10:07:20.479858 - BRAILLE GENERATOR: Results: [COMPONENT: 'accessibility_probe application', cursor offset:0]
10:07:20.479908 - BRAILLE GENERATOR: _generate_ancestors: [COMPONENT: 'accessibility_probe application', cursor offset:0]
10:07:20.479968 - AXUtilitiesRelation: [frame: 'Reactive TUI App accessibility round 1' (0x7a29e814f500)]  is labelled by: []
10:07:20.480005 - GENERATOR: _generate_accessible_label: []
10:07:20.480045 - GENERATOR: _generate_accessible_name: [Reactive TUI App accessibility round 1]
10:07:20.480084 - GENERATOR: _generate_accessible_label_and_name: [Reactive TUI App accessibility round 1]
10:07:20.481880 - BRAILLE GENERATOR: _generate_accessible_role: [frame]
10:07:20.482049 - AXUtilities: Unfocused alerts and dialogs for [frame: 'Reactive TUI App accessibility round 1' (0x7a29e814f500)] : []
10:07:20.482084 - BRAILLE GENERATOR: _generate_alert_and_dialog_count: []
10:07:20.482101 - BRAILLE: Not contracting 'Reactive TUI App accessibility round 1 frame' because contracted braille is not enabled.
10:07:20.482142 - GENERATOR: _generate_accessible_description: []
10:07:20.482371 - GENERATOR: _generate_state_current: []
10:07:20.482426 - BRAILLE GENERATOR: Results: [COMPONENT: 'accessibility_probe application', cursor offset:0, REGION: ' ', cursor offset:0, COMPONENT: 'Reactive TUI App accessibility round 1 frame', cursor offset:0]
10:07:20.482486 - BRAILLE: Refresh. Pan: True target: 0
10:07:20.482500 - BRAILLE: Kill flash message braille.display_line:1618 > braille.refresh:2097 > braille._prepare_refresh:1856 > braille.kill_flash:2182
10:07:20.483281 - GSETTINGS SCHEMA HANDLE: braille/enabled not set [app:accessibility_probe, profile:default]
10:07:20.483298 - GSETTINGS REGISTRY: braille/enabled using default value = True
10:07:20.483335 - BRAILLE: Last text object: None (Caret: 0, Line: 0, Cell: 0)
10:07:20.483377 - BRAILLE: Current text object: None (Caret: 0, Line: 0). On same line: False
10:07:20.483391 - BRAILLE: Line 0: 'accessibility_probe application Reactive TUI App accessibility round 1 frame' focusOffset: 32 [[0, 32], [32, 63], [63, 76]]
10:07:20.483403 - BRAILLE: Cursor offset in line string is: 32
10:07:20.483418 - BRAILLE: Adjusting offset to 32 (unhandled condition)
10:07:20.483430 - BRAILLE: Current range: (32, 64). Target cell: 0
10:07:20.483442 - BRAILLE LINE:  'accessibility_probe application Reactive TUI App accessibility round 1 frame'
10:07:20.483453 -      VISIBLE:  'Reactive TUI App accessibility r', cursor=1
10:07:20.483482 - BRAILLE: Enabling braille. BrlAPI running: False
10:07:20.483492 - BRAILLE: Need to initialize first.
10:07:20.483520 - BRAILLE: Initializing. Callback: input_event_manager.InputEventManager.process_braille_event
10:07:20.483550 - BRAILLE: WINDOWPATH= None
10:07:20.483577 - BRAILLE: XDG_VTNR= 1
10:07:20.483606 - BRAILLE: Attempting connection with BrlAPI.
10:07:20.483861 - AXTable: Setting last cell coordinates to row=-1, column=-1
10:07:20.483915 - FOCUS MANAGER: Setting last cursor position to [frame: 'Reactive TUI App accessibility round 1' (0x7a29e814f500)]  -1
10:07:20.484041 - FOCUS MANAGER: Active window is [frame: 'Reactive TUI App accessibility round 1' (0x7a29e814f500)]  focus_manager.set_locus_of_focus:327 > focus_manager._save_object_details:254 > ax_utilities_event.save_object_info_for_events:195 > focus_manager.get_active_window:342
10:07:20.484437 - BRAILLE: BrlAPI Connection is unavailable (ConnectionError): couldn't connect to b':0' with key b'keyfile:/etc/brlapi.key+polkit': connect: No such file or directory
                  (brlerrno 11, libcerrno 2, gaierrno 0)
                  Is BRLTTY really running?
10:07:20.484546 - SCRIPT MANAGER: Getting script for [application: 'accessibility_probe' (0x7a29e8147200)]  [frame: 'Reactive TUI App accessibility round 1' (0x7a29e814f500)] 
10:07:20.484800 - SCRIPT MANAGER: Script is app script accessibility_probe (module=orca.scripts.default)
10:07:20.485011 - SPELL CHECK PRESENTER: Handling window:activate for [frame: 'Reactive TUI App accessibility round 1' (0x7a29e814f500)] 
10:07:20.485031 - SPELL CHECK PRESENTER: Attempting activation for [frame: 'Reactive TUI App accessibility round 1' (0x7a29e814f500)] 
10:07:20.485353 - SPELL CHECK PRESENTER: [frame: 'Reactive TUI App accessibility round 1' (0x7a29e814f500)]  is not spellcheck window
10:07:20.485373 - SPELL CHECK PRESENTER: Not a spellcheck window. Deactivating.
10:07:20.485411 - FOCUS MANAGER: Request to set locus of focus to [frame: 'Reactive TUI App accessibility round 1' (0x7a29e814f500)]  event_manager._dequeue_object_event:666 > event_manager._process_object_event:982 > default._on_window_activated:1408 > focus_manager.set_locus_of_focus:271
10:07:20.485681 - AXObject: Clearing AT-SPI cache on [frame: 'Reactive TUI App accessibility round 1' (0x7a29e814f500)]  Recursive: False.  Reason: Setting locus of focus.
10:07:20.485690 - FOCUS MANAGER: Setting locus of focus to existing locus of focus
TOTAL PROCESSING TIME: 0.0297
^^^^^ FINISHED PRIORITY-2 OBJECT EVENT WINDOW:ACTIVATE ^^^^^

10:07:20.486716 - EVENT MANAGER: Dequeueing object:state-changed:active for [frame: 'Reactive TUI App accessibility round 1' (0x7a29e814f500)]  in accessibility_probe (AccessKit) (1, 0, 0)
10:07:20.487294 - EVENT MANAGER: Dequeued object:state-changed:active for [frame: 'Reactive TUI App accessibility round 1' (0x7a29e814f500)]  in accessibility_probe (AccessKit) (1, 0, 0) priority: 2, counter: 47

vvvvv START PRIORITY-2 OBJECT EVENT OBJECT:STATE-CHANGED:ACTIVE (queue size: 40) vvvvv
10:07:20.488948 - EVENT SOURCE:
                  app='accessibility_probe (AccessKit )' name='Reactive TUI App accessibility round 1' role='frame' axid='' id=0x7a29e814f500
                  description=''
                  help=''
                  locale=''
                  states='active, enabled, sensitive, showing, visible'
                  relations=''
                  actions=''
                  interfaces='Component'
                  attributes=''
                  text=''
                  path=[-1, 0]
                  
10:07:20.488984 - SCRIPT MANAGER: Active script is: accessibility_probe (module=orca.scripts.default)
10:07:20.489010 - FOCUS MANAGER: Locus of focus is [frame: 'Reactive TUI App accessibility round 1' (0x7a29e814f500)] 
10:07:20.489026 - EVENT MANAGER: Script for event from locus of focus is accessibility_probe (module=orca.scripts.default)
10:07:20.489031 - EVENT MANAGER: Processing object:state-changed:active: script for event is active
10:07:20.489068 - AXObject: Clearing AT-SPI cache on [frame: 'Reactive TUI App accessibility round 1' (0x7a29e814f500)]  Recursive: False.  Reason: Checking if window can be the active window
10:07:20.490302 - AXUtilities: [frame: 'Reactive TUI App accessibility round 1' (0x7a29e814f500)]  from [application: 'accessibility_probe' (0x7a29e8147200)]  can be active window
10:07:20.490320 - FOCUS MANAGER: Active window is [frame: 'Reactive TUI App accessibility round 1' (0x7a29e814f500)]  event_manager._dequeue_object_event:666 > event_manager._process_object_event:982 > default._on_active_changed:799 > focus_manager.get_active_window:342
TOTAL PROCESSING TIME: 0.0033
^^^^^ FINISHED PRIORITY-2 OBJECT EVENT OBJECT:STATE-CHANGED:ACTIVE ^^^^^

10:07:20.490580 - WARNING: Braille initialization failed: BrlAPI connection unavailable.
10:07:20.490591 - BRAILLE: Scheduling BrlAPI retry in 2000 ms.
10:07:20.490653 - EVENT MANAGER: Dequeueing object:state-changed:focused for [terminal: 'Terminal' (0x7a29e8146280)]  in org.gnome.Terminal (gtk 3.24.52) (1, 0, 0)
10:07:20.490689 - EVENT MANAGER: Dequeued object:state-changed:focused for [terminal: 'Terminal' (0x7a29d2f82a80)]  in org.gnome.Terminal (gtk 3.24.52) (1, 0, 0) priority: 3, counter: 9

vvvvv START PRIORITY-3 OBJECT EVENT OBJECT:STATE-CHANGED:FOCUSED (queue size: 39) vvvvv
10:07:20.491162 - EVENT MANAGER: object:state-changed:focused for [terminal: 'Terminal' (0x7a29d2f6e0c0)]  in org.gnome.Terminal (gtk 3.24.52) (1, 0, 0) obsoleted by object:state-changed:focused for [terminal: 'Terminal' (0x7a29d2f83d00)]  in org.gnome.Terminal (gtk 3.24.52) (1, 0, 0) more recent duplicate
TOTAL PROCESSING TIME: 0.0005
^^^^^ FINISHED PRIORITY-3 OBJECT EVENT OBJECT:STATE-CHANGED:FOCUSED ^^^^^

10:07:20.491237 - EVENT MANAGER: Dequeueing object:announcement for [label: 'Background calls 0' (0x7a29d2f6e0c0)]  in accessibility_probe (AccessKit) (1, 0, Background calls 0)
10:07:20.491274 - EVENT MANAGER: Dequeued object:announcement for [label: 'Background calls 0' (0x7a29d2f6f880)]  in accessibility_probe (AccessKit) (1, 0, Background calls 0) priority: 3, counter: 13

vvvvv START PRIORITY-3 OBJECT EVENT OBJECT:ANNOUNCEMENT (queue size: 38) vvvvv
10:07:20.493219 - EVENT SOURCE:
                  app='accessibility_probe (AccessKit )' name='Background calls 0' role='label' axid='' id=0x7a29e813e5c0
                  description=''
                  help=''
                  locale=''
                  states='enabled, sensitive, showing, visible'
                  relations=''
                  actions=''
                  interfaces=''
                  attributes=''
                  text=''
                  path=[-1, 0, 1]
                  
10:07:20.493250 - SCRIPT MANAGER: Active script is: accessibility_probe (module=orca.scripts.default)
10:07:20.493272 - FOCUS MANAGER: Locus of focus is [frame: 'Reactive TUI App accessibility round 1' (0x7a29e814f500)] 
10:07:20.493305 - EVENT MANAGER: Getting script for event for [application: 'accessibility_probe' (0x7a29e810fcc0)]  [label: 'Background calls 0' (0x7a29e813e5c0)] 
10:07:20.493323 - SCRIPT MANAGER: Getting script for [application: 'accessibility_probe' (0x7a29e810fcc0)]  [label: 'Background calls 0' (0x7a29e813e5c0)] 
10:07:20.493813 - SCRIPT MANAGER: Script is app script accessibility_probe (module=orca.scripts.default)
10:07:20.493873 - EVENT MANAGER: Script for event is accessibility_probe (module=orca.scripts.default)
10:07:20.494946 - EVENT MANAGER: Change active script: False (No reason found to activate a different script.)
10:07:20.494990 - EVENT MANAGER: Processing object:announcement: script handles events when inactive
10:07:20.495085 - GSETTINGS SCHEMA HANDLE: speech/enable not set [app:accessibility_probe, profile:default]
10:07:20.495103 - GSETTINGS REGISTRY: speech/enable using default value = True
10:07:20.495144 - GSETTINGS SCHEMA HANDLE: speech/messages-are-detailed not set [app:accessibility_probe, profile:default]
10:07:20.495158 - GSETTINGS REGISTRY: speech/messages-are-detailed using default value = True
10:07:20.495194 - GSETTINGS SCHEMA HANDLE: speech/only-speak-displayed-text not set [app:accessibility_probe, profile:default]
10:07:20.495207 - GSETTINGS REGISTRY: speech/only-speak-displayed-text using default value = False
10:07:20.495246 - GSETTINGS SCHEMA HANDLE: voice/established not set [app:accessibility_probe, profile:default]
10:07:20.495282 - GSETTINGS SCHEMA HANDLE: voice/rate not set [app:accessibility_probe, profile:default]
10:07:20.495317 - GSETTINGS SCHEMA HANDLE: voice/pitch not set [app:accessibility_probe, profile:default]
10:07:20.495349 - GSETTINGS SCHEMA HANDLE: voice/volume not set [app:accessibility_probe, profile:default]
10:07:20.495386 - GSETTINGS SCHEMA HANDLE: voice/family-name not set [app:accessibility_probe, profile:default]
10:07:20.495420 - GSETTINGS SCHEMA HANDLE: voice/family-lang not set [app:accessibility_probe, profile:default]
10:07:20.495453 - GSETTINGS SCHEMA HANDLE: voice/family-dialect not set [app:accessibility_probe, profile:default]
10:07:20.495484 - GSETTINGS SCHEMA HANDLE: voice/family-gender not set [app:accessibility_probe, profile:default]
10:07:20.495515 - GSETTINGS SCHEMA HANDLE: voice/family-variant not set [app:accessibility_probe, profile:default]
10:07:20.495671 - GSETTINGS SCHEMA HANDLE: speech/punctuation-level not set [app:accessibility_probe, profile:default]
10:07:20.495687 - GSETTINGS REGISTRY: speech/punctuation-level using default value = 'most'
10:07:20.495841 - SPEECH PRESENTER: Adjusting 'Background calls 0' from None start_offset: None
10:07:20.495881 - GSETTINGS SCHEMA HANDLE: speech/repeated-character-limit not set [app:accessibility_probe, profile:default]
10:07:20.495894 - GSETTINGS REGISTRY: speech/repeated-character-limit using default value = 4
10:07:20.495934 - GSETTINGS SCHEMA HANDLE: speech/use-pronunciation-dictionary not set [app:accessibility_probe, profile:default]
10:07:20.495946 - GSETTINGS REGISTRY: speech/use-pronunciation-dictionary using default value = True
10:07:20.495967 - SPEECH PRESENTER: Adjusted text: 'Background calls 0'
10:07:20.495985 - SPEECH: Speak 'Background calls 0' acss: {'established': False}
10:07:20.496001 - SPEECH OUTPUT: 'Background calls 0' {'established': False}
10:07:20.496012 - SPEECH DISPATCHER: Speaking 'Background calls 0' as string
10:07:20.496568 - SPEECH DISPATCHER: Speaking '<speak><mark name="0:10"/>Background <mark name="11:16"/>calls <mark name="17:18"/>0</speak>' 
                  ORCA rate 50.0, pitch 5.0, volume 10.0, language C, punctuation: SOME
                  SD rate 2, pitch 10, volume 100, language c
10:07:20.497110 - SPEECH MANAGER: Speech server is <orca.speechdispatcherfactory.SpeechServer object at 0x7a29e89e96a0>
10:07:20.497177 - GSETTINGS SCHEMA HANDLE: speech/capitalization-style not set [app:accessibility_probe, profile:default]
10:07:20.497195 - GSETTINGS REGISTRY: speech/capitalization-style using default value = 'none'
10:07:20.497469 - SPEECH MANAGER: Speech server is <orca.speechdispatcherfactory.SpeechServer object at 0x7a29e89e96a0>
10:07:20.497521 - GSETTINGS SCHEMA HANDLE: speech/punctuation-level not set [app:accessibility_probe, profile:default]
10:07:20.497536 - GSETTINGS REGISTRY: speech/punctuation-level using default value = 'most'
10:07:20.497617 - GSETTINGS SCHEMA HANDLE: braille/enabled not set [app:accessibility_probe, profile:default]
10:07:20.497631 - GSETTINGS REGISTRY: braille/enabled using default value = True
10:07:20.497665 - GSETTINGS SCHEMA HANDLE: braille/flash-messages not set [app:accessibility_probe, profile:default]
10:07:20.497677 - GSETTINGS REGISTRY: braille/flash-messages using default value = True
10:07:20.497709 - GSETTINGS SCHEMA HANDLE: braille/flash-messages-detailed not set [app:accessibility_probe, profile:default]
10:07:20.497721 - GSETTINGS REGISTRY: braille/flash-messages-detailed using default value = True
10:07:20.497754 - GSETTINGS SCHEMA HANDLE: braille/enabled not set [app:accessibility_probe, profile:default]
10:07:20.497765 - GSETTINGS REGISTRY: braille/enabled using default value = True
10:07:20.497798 - GSETTINGS SCHEMA HANDLE: braille/flash-messages-persistent not set [app:accessibility_probe, profile:default]
10:07:20.497810 - GSETTINGS REGISTRY: braille/flash-messages-persistent using default value = False
10:07:20.497840 - GSETTINGS SCHEMA HANDLE: braille/flash-message-duration not set [app:accessibility_probe, profile:default]
10:07:20.497852 - GSETTINGS REGISTRY: braille/flash-message-duration using default value = 5000
10:07:20.497864 - BRAILLE: Display message: 'Background calls 0' (flash_time: 5000)
10:07:20.497876 - BRAILLE: Initializing flash: Source ID: 0
10:07:20.497906 - BRAILLE: Not contracting 'Background calls 0' because contracted braille is not enabled.
10:07:20.497943 - BRAILLE: Refresh. Pan: True target: 0
10:07:20.497989 - GSETTINGS SCHEMA HANDLE: braille/enabled not set [app:accessibility_probe, profile:default]
10:07:20.498003 - GSETTINGS REGISTRY: braille/enabled using default value = True
10:07:20.498042 - BRAILLE: Last text object: None (Caret: 0, Line: 0, Cell: 0)
10:07:20.498086 - BRAILLE: Current text object: None (Caret: 0, Line: 0). On same line: False
10:07:20.498099 - BRAILLE: Line 0: 'Background calls 0' focusOffset: 0 [[0, 18]]
10:07:20.498111 - BRAILLE: Current range: (0, 32). Target cell: 0
10:07:20.498123 - BRAILLE LINE:  'Background calls 0'
10:07:20.498133 -      VISIBLE:  'Background calls 0', cursor=0
10:07:20.498161 - BRAILLE: Enabling braille. BrlAPI running: False
10:07:20.498171 - BRAILLE: Need to initialize first.
10:07:20.498205 - BRAILLE: Initializing. Callback: input_event_manager.InputEventManager.process_braille_event
10:07:20.498237 - BRAILLE: WINDOWPATH= None
10:07:20.498265 - BRAILLE: XDG_VTNR= 1
10:07:20.498292 - BRAILLE: Attempting connection with BrlAPI.
TOTAL PROCESSING TIME: 0.0071
^^^^^ FINISHED PRIORITY-3 OBJECT EVENT OBJECT:ANNOUNCEMENT ^^^^^

10:07:20.498545 - BRAILLE: BrlAPI Connection is unavailable (ConnectionError): couldn't connect to b':0' with key b'keyfile:/etc/brlapi.key+polkit': connect: No such file or directory
                  (brlerrno 11, libcerrno 2, gaierrno 0)
                  Is BRLTTY really running?
10:07:20.498632 - EVENT MANAGER: Dequeueing object:state-changed:focused for [terminal: 'Terminal' (0x7a29d2f90240)]  in org.gnome.Terminal (gtk 3.24.52) (0, 0, 0)
10:07:20.498733 - EVENT MANAGER: Dequeued object:state-changed:focused for [terminal: 'Terminal' (0x7a29d2f900c0)]  in org.gnome.Terminal (gtk 3.24.52) (0, 0, 0) priority: 3, counter: 24

vvvvv START PRIORITY-3 OBJECT EVENT OBJECT:STATE-CHANGED:FOCUSED (queue size: 37) vvvvv
10:07:20.500075 - EVENT MANAGER: object:state-changed:focused for [terminal: 'Terminal' (0x7a29e8146500)]  in org.gnome.Terminal (gtk 3.24.52) (0, 0, 0) obsoleted by object:state-changed:focused for [terminal: 'Terminal' (0x7a29e8146500)]  in org.gnome.Terminal (gtk 3.24.52) (1, 0, 0) more recent event of same type for same object
TOTAL PROCESSING TIME: 0.0014
^^^^^ FINISHED PRIORITY-3 OBJECT EVENT OBJECT:STATE-CHANGED:FOCUSED ^^^^^

10:07:20.500167 - EVENT MANAGER: Dequeueing object:state-changed:focused for [terminal: 'Terminal' (0x7a29e8146500)]  in org.gnome.Terminal (gtk 3.24.52) (1, 0, 0)
10:07:20.500210 - EVENT MANAGER: Dequeued object:state-changed:focused for [terminal: 'Terminal' (0x7a29d2f6e240)]  in org.gnome.Terminal (gtk 3.24.52) (1, 0, 0) priority: 3, counter: 27

vvvvv START PRIORITY-3 OBJECT EVENT OBJECT:STATE-CHANGED:FOCUSED (queue size: 36) vvvvv
10:07:20.500647 - EVENT MANAGER: object:state-changed:focused for [terminal: 'Terminal' (0x7a29d2f90380)]  in org.gnome.Terminal (gtk 3.24.52) (1, 0, 0) obsoleted by object:state-changed:focused for [terminal: 'Terminal' (0x7a29d2f90300)]  in org.gnome.Terminal (gtk 3.24.52) (1, 0, 0) more recent duplicate
TOTAL PROCESSING TIME: 0.0004
^^^^^ FINISHED PRIORITY-3 OBJECT EVENT OBJECT:STATE-CHANGED:FOCUSED ^^^^^

10:07:20.500667 - WARNING: Braille initialization failed: BrlAPI connection unavailable.
10:07:20.500677 - BRAILLE: Scheduling BrlAPI retry in 2000 ms.
10:07:20.500724 - EVENT MANAGER: Dequeueing object:state-changed:focused for [terminal: 'Terminal' (0x7a29d2f6d6c0)]  in org.gnome.Terminal (gtk 3.24.52) (1, 0, 0)
10:07:20.500758 - EVENT MANAGER: Dequeued object:state-changed:focused for [terminal: 'Terminal' (0x7a29d2f6e240)]  in org.gnome.Terminal (gtk 3.24.52) (1, 0, 0) priority: 3, counter: 29

vvvvv START PRIORITY-3 OBJECT EVENT OBJECT:STATE-CHANGED:FOCUSED (queue size: 35) vvvvv
10:07:20.502219 - EVENT SOURCE:
                  app='org.gnome.Terminal (gtk 3.24.52)' name='Terminal' role='terminal' axid='' id=0x7a29d2f90300
                  description=''
                  help=''
                  locale='C.UTF-8'
                  states='enabled, focusable, focused, sensitive, showing, visible'
                  relations=''
                  actions='menu'
                  interfaces='Action, Collection, Component, Text'
                  attributes='toolkit:gtk'
                  text='Download progress \n█████████████████████████▒▒▒▒▒▒▒▒▒▒▒▒▒▒▒▒▒▒▒▒▒▒▒▒▒▒▒▒▒▒▒▒▒▒▒▒▒▒▒▒▒▒▒▒▒▒▒▒▒▒▒▒▒▒▒▒▒▒▒▒▒▒▒▒▒▒▒▒▒▒▒▒▒▒▒\n25.0% \nAdvance download ... \n \n \n \n \n (3264 chars.)'
                  path=[-1, 0, 0, 1, 0, 0, 0, 0]
                  
10:07:20.502247 - SCRIPT MANAGER: Active script is: accessibility_probe (module=orca.scripts.default)
10:07:20.502266 - FOCUS MANAGER: Locus of focus is [frame: 'Reactive TUI App accessibility round 1' (0x7a29e814f500)] 
10:07:20.502297 - EVENT MANAGER: Getting script for event for [application: 'org.gnome.Terminal' (0x7a29e81246c0)]  [terminal: 'Terminal' (0x7a29e8146b80)] 
10:07:20.502314 - SCRIPT MANAGER: Getting script for [application: 'org.gnome.Terminal' (0x7a29e81246c0)]  [terminal: 'Terminal' (0x7a29e8146b80)] 
10:07:20.502339 - SCRIPT MANAGER: Script is custom script org.gnome.Terminal (module=orca.scripts.terminal.script)
10:07:20.502354 - EVENT MANAGER: Script for event is org.gnome.Terminal (module=orca.scripts.terminal.script)
10:07:20.502824 - EVENT MANAGER: Change active script: True (Event source claimed focus.)
10:07:20.502869 - SCRIPT MANAGER: Deactivating accessibility_probe (module=orca.scripts.default) reason: Event source claimed focus.
10:07:20.502897 - SCRIPT MANAGER: Setting active script to org.gnome.Terminal (module=orca.scripts.terminal.script) reason: Event source claimed focus.
10:07:20.502914 - DEFAULT: Activating script for [application: 'org.gnome.Terminal' (0x7a29e81246c0)] 
10:07:20.503137 - SPEECH MANAGER: Speech server is <orca.speechdispatcherfactory.SpeechServer object at 0x7a29e89e96a0>
10:07:20.503171 - GSETTINGS SCHEMA HANDLE: speech/punctuation-level not set [app:org.gnome.Terminal, profile:default]
10:07:20.503177 - GSETTINGS REGISTRY: speech/punctuation-level using default value = 'most'
10:07:20.503577 - SPEECH MANAGER: Speech server is <orca.speechdispatcherfactory.SpeechServer object at 0x7a29e89e96a0>
10:07:20.503597 - GSETTINGS SCHEMA HANDLE: speech/capitalization-style not set [app:org.gnome.Terminal, profile:default]
10:07:20.503602 - GSETTINGS REGISTRY: speech/capitalization-style using default value = 'none'
10:07:20.503912 - SPEECH MANAGER: Speech server is <orca.speechdispatcherfactory.SpeechServer object at 0x7a29e89e96a0>
10:07:20.503952 - GSETTINGS SCHEMA HANDLE: speech/synthesizer not set [app:org.gnome.Terminal, profile:default]
10:07:20.503974 - SCRIPT MANAGER: Active script is: org.gnome.Terminal (module=orca.scripts.terminal.script)
10:07:20.503984 - CARET NAVIGATOR: Commands suspended: False: script activation, no prior state
10:07:20.504002 - GSETTINGS SCHEMA HANDLE: keybindings/keyboard-layout not set [app:org.gnome.Terminal, profile:default]
10:07:20.504006 - GSETTINGS REGISTRY: keybindings/keyboard-layout using default value = 'desktop'
10:07:20.504017 - GSETTINGS SCHEMA HANDLE: keybindings/desktop-modifier-keys not set [app:org.gnome.Terminal, profile:default]
10:07:20.504022 - GSETTINGS REGISTRY: keybindings/desktop-modifier-keys using default value = ['Insert', 'KP_Insert']
10:07:20.504053 - SCRIPT MANAGER: Active script is: org.gnome.Terminal (module=orca.scripts.terminal.script)
10:07:20.504057 - STRUCTURAL NAVIGATOR: Suspended: False: script activation, no prior state
10:07:20.504069 - GSETTINGS SCHEMA HANDLE: keybindings/keyboard-layout not set [app:org.gnome.Terminal, profile:default]
10:07:20.504073 - GSETTINGS REGISTRY: keybindings/keyboard-layout using default value = 'desktop'
10:07:20.504082 - GSETTINGS SCHEMA HANDLE: keybindings/desktop-modifier-keys not set [app:org.gnome.Terminal, profile:default]
10:07:20.504086 - GSETTINGS REGISTRY: keybindings/desktop-modifier-keys using default value = ['Insert', 'KP_Insert']
10:07:20.504120 - STRUCTURAL NAVIGATOR: Setting mode for org.gnome.Terminal (module=orca.scripts.terminal.script) to NavigationMode.OFF
10:07:20.504134 - SCRIPT MANAGER: Active script is: org.gnome.Terminal (module=orca.scripts.terminal.script)
10:07:20.504147 - GSETTINGS SCHEMA HANDLE: keybindings/keyboard-layout not set [app:org.gnome.Terminal, profile:default]
10:07:20.504150 - GSETTINGS REGISTRY: keybindings/keyboard-layout using default value = 'desktop'
10:07:20.504160 - GSETTINGS SCHEMA HANDLE: keybindings/desktop-modifier-keys not set [app:org.gnome.Terminal, profile:default]
10:07:20.504164 - GSETTINGS REGISTRY: keybindings/desktop-modifier-keys using default value = ['Insert', 'KP_Insert']
10:07:20.504195 - CARET NAVIGATOR: Setting enabled state for org.gnome.Terminal (module=orca.scripts.terminal.script) to False
10:07:20.504211 - SCRIPT MANAGER: Active script is: org.gnome.Terminal (module=orca.scripts.terminal.script)
10:07:20.504223 - GSETTINGS SCHEMA HANDLE: keybindings/keyboard-layout not set [app:org.gnome.Terminal, profile:default]
10:07:20.504226 - GSETTINGS REGISTRY: keybindings/keyboard-layout using default value = 'desktop'
10:07:20.504235 - GSETTINGS SCHEMA HANDLE: keybindings/desktop-modifier-keys not set [app:org.gnome.Terminal, profile:default]
10:07:20.504239 - GSETTINGS REGISTRY: keybindings/desktop-modifier-keys using default value = ['Insert', 'KP_Insert']
10:07:20.504249 - COMMAND MANAGER: Activating commands: activated org.gnome.Terminal (module=orca.scripts.terminal.script)
10:07:20.504314 - GSETTINGS SCHEMA HANDLE: keybindings/entries no dict values set
10:07:20.504319 - GSETTINGS REGISTRY: keybindings/entries using default value = {}
10:07:20.504323 - COMMAND MANAGER: No user overrides to apply
10:07:20.504365 - GSETTINGS SCHEMA HANDLE: keybindings/keyboard-layout not set [app:org.gnome.Terminal, profile:default]
10:07:20.504369 - GSETTINGS REGISTRY: keybindings/keyboard-layout using default value = 'desktop'
10:07:20.504378 - GSETTINGS SCHEMA HANDLE: keybindings/desktop-modifier-keys not set [app:org.gnome.Terminal, profile:default]
10:07:20.504382 - GSETTINGS REGISTRY: keybindings/desktop-modifier-keys using default value = ['Insert', 'KP_Insert']

vvvvv COMMAND MANAGER: Grab diff: activated org.gnome.Terminal (module=orca.scripts.terminal.script) (old: 77, new: 77) vvvvv
10:07:20.504399 -   No grab changes
^^^^^ COMMAND MANAGER: Diff completed in 0.0000s. Removed 0, added 0, transferred 0 ^^^^^

10:07:20.504420 - GSETTINGS SCHEMA HANDLE: speech/enable not set [app:org.gnome.Terminal, profile:default]
10:07:20.504424 - GSETTINGS REGISTRY: speech/enable using default value = True
10:07:20.504427 - SPEECH MANAGER: Speech is enabled.
10:07:20.504457 - SPEECH MANAGER: start_speech. Script: None Event: None notify_user: False
10:07:20.504462 - SPEECH MANAGER: Initializing server
10:07:20.504465 - SPEECH MANAGER: Already initialized
10:07:20.504478 - GSETTINGS SCHEMA HANDLE: keybindings/keyboard-layout not set [app:org.gnome.Terminal, profile:default]
10:07:20.504482 - GSETTINGS REGISTRY: keybindings/keyboard-layout using default value = 'desktop'
10:07:20.504487 - COMMAND MANAGER: Setting keyboard layout is_desktop to True.
10:07:20.504539 - GSETTINGS SCHEMA HANDLE: keybindings/entries no dict values set
10:07:20.504543 - GSETTINGS REGISTRY: keybindings/entries using default value = {}
10:07:20.504546 - COMMAND MANAGER: No user overrides to apply
10:07:20.504586 - GSETTINGS SCHEMA HANDLE: keybindings/keyboard-layout not set [app:org.gnome.Terminal, profile:default]
10:07:20.504590 - GSETTINGS REGISTRY: keybindings/keyboard-layout using default value = 'desktop'
10:07:20.504600 - GSETTINGS SCHEMA HANDLE: keybindings/desktop-modifier-keys not set [app:org.gnome.Terminal, profile:default]
10:07:20.504604 - GSETTINGS REGISTRY: keybindings/desktop-modifier-keys using default value = ['Insert', 'KP_Insert']

vvvvv COMMAND MANAGER: Grab diff: keyboard layout change (old: 77, new: 77) vvvvv
10:07:20.504616 -   No grab changes
^^^^^ COMMAND MANAGER: Diff completed in 0.0000s. Removed 0, added 0, transferred 0 ^^^^^

10:07:20.504623 - COMMAND MANAGER: Keyboard layout set to desktop.
10:07:20.504635 - GSETTINGS SCHEMA HANDLE: keybindings/keyboard-layout not set [app:org.gnome.Terminal, profile:default]
10:07:20.504639 - GSETTINGS REGISTRY: keybindings/keyboard-layout using default value = 'desktop'
10:07:20.504649 - GSETTINGS SCHEMA HANDLE: keybindings/desktop-modifier-keys not set [app:org.gnome.Terminal, profile:default]
10:07:20.504652 - GSETTINGS REGISTRY: keybindings/desktop-modifier-keys using default value = ['Insert', 'KP_Insert']
10:07:20.504660 - EVENT MANAGER: Processing object:state-changed:focused: script for event is active
10:07:20.504921 - SCRIPT UTILITIES: [frame: 'Terminal' (0x7a29e80bbbc0)]  is top-level object for: [terminal: 'Terminal' (0x7a29d2f908c0)] 
10:07:20.505110 - SCRIPT UTILITIES: [terminal: 'Terminal' (0x7a29d2f908c0)]  is in frame [frame: 'Terminal' (0x7a29e80bbbc0)]  and dialog None
10:07:20.505136 - AXObject: Clearing AT-SPI cache on [frame: 'Terminal' (0x7a29e80bbbc0)]  Recursive: False.  Reason: Checking if window can be the active window
10:07:20.505692 - AXUtilities: [frame: 'Terminal' (0x7a29e80bbbc0)]  from [application: 'org.gnome.Terminal' (0x7a29e81246c0)]  can be active window
10:07:20.505710 - FOCUS MANAGER: Request to set locus of focus to [terminal: 'Terminal' (0x7a29d2f908c0)]  event_manager._dequeue_object_event:666 > event_manager._process_object_event:982 > default._on_focused_changed:1114 > focus_manager.set_locus_of_focus:271
10:07:20.506036 - AXObject: Clearing AT-SPI cache on [terminal: 'Terminal' (0x7a29d2f908c0)]  Recursive: False.  Reason: Setting locus of focus.
10:07:20.506061 - SCRIPT MANAGER: Active script is: org.gnome.Terminal (module=orca.scripts.terminal.script)
10:07:20.506195 - FOCUS MANAGER: Changing locus of focus from [frame: 'Reactive TUI App accessibility round 1' (0x7a29e814f500)]  to [terminal: 'Terminal' (0x7a29d2f908c0)] . Notify: True
10:07:20.506265 - FOCUS MANAGER: Region of interest: [terminal: 'Terminal' (0x7a29d2f908c0)]  (0, 0)
10:07:20.506329 - FOCUS MANAGER: Switching object of interest from [frame: 'Reactive TUI App accessibility round 1' (0x7a29e814f500)]  to [terminal: 'Terminal' (0x7a29d2f908c0)] 
10:07:20.506695 - DOCUMENT PRESENTER: Updating mode for focus change. Old focus: [frame: 'Reactive TUI App accessibility round 1' (0x7a29e814f500)]  old doc: None New focus: [terminal: 'Terminal' (0x7a29d2f908c0)]  new doc: None
10:07:20.506715 - SCRIPT MANAGER: Active script is: org.gnome.Terminal (module=orca.scripts.terminal.script)
10:07:20.506720 - CARET NAVIGATOR: Commands suspended: False: locus of focus no longer in document
10:07:20.506745 - GSETTINGS SCHEMA HANDLE: keybindings/keyboard-layout not set [app:org.gnome.Terminal, profile:default]
10:07:20.506750 - GSETTINGS REGISTRY: keybindings/keyboard-layout using default value = 'desktop'
10:07:20.506763 - GSETTINGS SCHEMA HANDLE: keybindings/desktop-modifier-keys not set [app:org.gnome.Terminal, profile:default]
10:07:20.506768 - GSETTINGS REGISTRY: keybindings/desktop-modifier-keys using default value = ['Insert', 'KP_Insert']
10:07:20.506795 - SCRIPT MANAGER: Active script is: org.gnome.Terminal (module=orca.scripts.terminal.script)
10:07:20.506800 - STRUCTURAL NAVIGATOR: Suspended: False: locus of focus no longer in document
10:07:20.506812 - GSETTINGS SCHEMA HANDLE: keybindings/keyboard-layout not set [app:org.gnome.Terminal, profile:default]
10:07:20.506815 - GSETTINGS REGISTRY: keybindings/keyboard-layout using default value = 'desktop'
10:07:20.506826 - GSETTINGS SCHEMA HANDLE: keybindings/desktop-modifier-keys not set [app:org.gnome.Terminal, profile:default]
10:07:20.506830 - GSETTINGS REGISTRY: keybindings/desktop-modifier-keys using default value = ['Insert', 'KP_Insert']
10:07:20.506863 - STRUCTURAL NAVIGATOR: Setting mode for org.gnome.Terminal (module=orca.scripts.terminal.script) to NavigationMode.OFF
10:07:20.506875 - SCRIPT MANAGER: Active script is: org.gnome.Terminal (module=orca.scripts.terminal.script)
10:07:20.506888 - GSETTINGS SCHEMA HANDLE: keybindings/keyboard-layout not set [app:org.gnome.Terminal, profile:default]
10:07:20.506892 - GSETTINGS REGISTRY: keybindings/keyboard-layout using default value = 'desktop'
10:07:20.506902 - GSETTINGS SCHEMA HANDLE: keybindings/desktop-modifier-keys not set [app:org.gnome.Terminal, profile:default]
10:07:20.506906 - GSETTINGS REGISTRY: keybindings/desktop-modifier-keys using default value = ['Insert', 'KP_Insert']
10:07:20.506936 - CARET NAVIGATOR: Setting enabled state for org.gnome.Terminal (module=orca.scripts.terminal.script) to False
10:07:20.506948 - SCRIPT MANAGER: Active script is: org.gnome.Terminal (module=orca.scripts.terminal.script)
10:07:20.506960 - GSETTINGS SCHEMA HANDLE: keybindings/keyboard-layout not set [app:org.gnome.Terminal, profile:default]
10:07:20.506967 - GSETTINGS REGISTRY: keybindings/keyboard-layout using default value = 'desktop'
10:07:20.506982 - GSETTINGS SCHEMA HANDLE: keybindings/desktop-modifier-keys not set [app:org.gnome.Terminal, profile:default]
10:07:20.506990 - GSETTINGS REGISTRY: keybindings/desktop-modifier-keys using default value = ['Insert', 'KP_Insert']
10:07:20.507162 - SCRIPT UTILITIES: [frame: 'Terminal' (0x7a29e80bbbc0)]  is top-level object for: [terminal: 'Terminal' (0x7a29d2f908c0)] 
10:07:20.507178 - FOCUS MANAGER: Request to set active window to [frame: 'Terminal' (0x7a29e80bbbc0)] 
10:07:20.507306 - SCRIPT MANAGER: Getting script for [application: 'org.gnome.Terminal' (0x7a29e81246c0)]  [terminal: 'Terminal' (0x7a29d2f908c0)] 
10:07:20.507329 - SCRIPT MANAGER: Script is custom script org.gnome.Terminal (module=orca.scripts.terminal.script)
10:07:20.507578 - AXUtilitiesRelation: [frame: 'Reactive TUI App accessibility round 1' (0x7a29e814f500)]  is controlled by [terminal: 'Terminal' (0x7a29d2f908c0)] : False
10:07:20.507611 - AXUtilitiesRelation: [terminal: 'Terminal' (0x7a29d2f908c0)]  is controlled by [frame: 'Reactive TUI App accessibility round 1' (0x7a29e814f500)] : False
10:07:20.507617 - PRESENTATION MANAGER: Interrupting presentation
10:07:20.507647 - SPEECH MANAGER: interrupt_speech. Script: None Event: None notify_user: False
10:07:20.508000 - SPEECH MANAGER: Speech server is <orca.speechdispatcherfactory.SpeechServer object at 0x7a29e89e96a0>
10:07:20.508088 - BRAILLE: Kill flash message presentation_manager.interrupt_if_needed_for_focus_change:100 > presentation_manager.interrupt_presentation:88 > braille_presenter.kill_flash:1829 > braille.kill_flash:2182
10:07:20.508458 - BRAILLE: Refresh. Pan: False target: 0
10:07:20.508489 - GSETTINGS SCHEMA HANDLE: braille/enabled not set [app:org.gnome.Terminal, profile:default]
10:07:20.508496 - GSETTINGS REGISTRY: braille/enabled using default value = True
10:07:20.508515 - BRAILLE: Last text object: None (Caret: 0, Line: 0, Cell: 0)
10:07:20.508538 - BRAILLE: Current text object: None (Caret: 0, Line: 0). On same line: False
10:07:20.508554 - BRAILLE: Line 0: 'accessibility_probe application Reactive TUI App accessibility round 1 frame' focusOffset: 32 [[0, 32], [32, 63], [63, 76]]
10:07:20.508559 - BRAILLE: Cursor offset in line string is: 32
10:07:20.508563 - BRAILLE: Current range: (32, 64). Target cell: 0
10:07:20.508567 - BRAILLE LINE:  'accessibility_probe application Reactive TUI App accessibility round 1 frame'
10:07:20.508571 -      VISIBLE:  'Reactive TUI App accessibility r', cursor=1
10:07:20.508584 - BRAILLE: Enabling braille. BrlAPI running: False
10:07:20.508588 - BRAILLE: Need to initialize first.
10:07:20.508602 - BRAILLE: Initializing. Callback: input_event_manager.InputEventManager.process_braille_event
10:07:20.508617 - BRAILLE: WINDOWPATH= None
10:07:20.508629 - BRAILLE: XDG_VTNR= 1
10:07:20.508639 - BRAILLE: Attempting connection with BrlAPI.
10:07:20.508789 - FOCUS MANAGER: Active mode: focus-tracking Object of interest: [terminal: 'Terminal' (0x7a29d2f908c0)] 
10:07:20.508809 - GSETTINGS SCHEMA HANDLE: speech/enable not set [app:org.gnome.Terminal, profile:default]
10:07:20.508814 - GSETTINGS REGISTRY: speech/enable using default value = True
10:07:20.508832 - GSETTINGS SCHEMA HANDLE: speech/verbosity-level not set [app:org.gnome.Terminal, profile:default]
10:07:20.508837 - GSETTINGS REGISTRY: speech/verbosity-level using default value = 'verbose'
10:07:20.508851 - FOCUS MANAGER: Locus of focus is [terminal: 'Terminal' (0x7a29d2f908c0)] 
10:07:20.508865 - SCRIPT MANAGER: Active script is: org.gnome.Terminal (module=orca.scripts.terminal.script)
10:07:20.508884 - GSETTINGS SCHEMA HANDLE: speech/only-speak-displayed-text not set [app:org.gnome.Terminal, profile:default]
10:07:20.508889 - GSETTINGS REGISTRY: speech/only-speak-displayed-text using default value = False
10:07:20.508926 - BRAILLE: BrlAPI Connection is unavailable (ConnectionError): couldn't connect to b':0' with key b'keyfile:/etc/brlapi.key+polkit': connect: No such file or directory
                  (brlerrno 11, libcerrno 2, gaierrno 0)
                  Is BRLTTY really running?
10:07:20.508973 - GSETTINGS SCHEMA HANDLE: speech/speak-description not set [app:org.gnome.Terminal, profile:default]
10:07:20.508989 - GSETTINGS REGISTRY: speech/speak-description using default value = True
10:07:20.509022 - GSETTINGS SCHEMA HANDLE: speech/speak-tutorial-messages not set [app:org.gnome.Terminal, profile:default]
10:07:20.509026 - GSETTINGS REGISTRY: speech/speak-tutorial-messages using default value = True
10:07:20.509038 - GSETTINGS SCHEMA HANDLE: speech/speak-position-in-set not set [app:org.gnome.Terminal, profile:default]
10:07:20.509041 - GSETTINGS REGISTRY: speech/speak-position-in-set using default value = False
10:07:20.509051 - GSETTINGS SCHEMA HANDLE: speech/speak-widget-mnemonic not set [app:org.gnome.Terminal, profile:default]
10:07:20.509054 - GSETTINGS REGISTRY: speech/speak-widget-mnemonic using default value = True
10:07:20.509063 - GSETTINGS SCHEMA HANDLE: speech/speak-blank-lines not set [app:org.gnome.Terminal, profile:default]
10:07:20.509066 - GSETTINGS REGISTRY: speech/speak-blank-lines using default value = True
10:07:20.509076 - GSETTINGS SCHEMA HANDLE: speech/speak-indentation-and-justification not set [app:org.gnome.Terminal, profile:default]
10:07:20.509080 - GSETTINGS REGISTRY: speech/speak-indentation-and-justification using default value = False
10:07:20.509090 - GSETTINGS SCHEMA HANDLE: speech/announce-cell-headers not set [app:org.gnome.Terminal, profile:default]
10:07:20.509093 - GSETTINGS REGISTRY: speech/announce-cell-headers using default value = True
10:07:20.509103 - GSETTINGS SCHEMA HANDLE: speech/announce-cell-coordinates not set [app:org.gnome.Terminal, profile:default]
10:07:20.509106 - GSETTINGS REGISTRY: speech/announce-cell-coordinates using default value = True
10:07:20.509115 - GSETTINGS SCHEMA HANDLE: speech/announce-spreadsheet-cell-coordinates not set [app:org.gnome.Terminal, profile:default]
10:07:20.509118 - GSETTINGS REGISTRY: speech/announce-spreadsheet-cell-coordinates using default value = True
10:07:20.509128 - GSETTINGS SCHEMA HANDLE: speech/announce-blockquote not set [app:org.gnome.Terminal, profile:default]
10:07:20.509131 - GSETTINGS REGISTRY: speech/announce-blockquote using default value = True
10:07:20.509140 - GSETTINGS SCHEMA HANDLE: speech/announce-form not set [app:org.gnome.Terminal, profile:default]
10:07:20.509143 - GSETTINGS REGISTRY: speech/announce-form using default value = True
10:07:20.509152 - GSETTINGS SCHEMA HANDLE: speech/announce-landmark not set [app:org.gnome.Terminal, profile:default]
10:07:20.509155 - GSETTINGS REGISTRY: speech/announce-landmark using default value = True
10:07:20.509164 - GSETTINGS SCHEMA HANDLE: speech/announce-list not set [app:org.gnome.Terminal, profile:default]
10:07:20.509167 - GSETTINGS REGISTRY: speech/announce-list using default value = True
10:07:20.509177 - GSETTINGS SCHEMA HANDLE: speech/announce-grouping not set [app:org.gnome.Terminal, profile:default]
10:07:20.509180 - GSETTINGS REGISTRY: speech/announce-grouping using default value = True
10:07:20.509188 - GSETTINGS SCHEMA HANDLE: speech/announce-table not set [app:org.gnome.Terminal, profile:default]
10:07:20.509191 - GSETTINGS REGISTRY: speech/announce-table using default value = True
10:07:20.509265 - GENERATOR: _get_functional_role: terminal
10:07:20.509328 - SPEECH GENERATOR: speech_generator.SpeechGenerator._generate_terminal for [terminal: 'Terminal' (0x7a29d2f908c0)]  args: {'formatType': 'unfocused', 'priorObj': "[frame: 'Reactive TUI App accessibility round 1' (0x7a29e814f500)] ", 'role': 'terminal'}
10:07:20.509362 - SPEECH GENERATOR: _generate_old_ancestors: []
10:07:20.509414 - AXUtilitiesObject: Looking for common ancestor of [frame: 'Reactive TUI App accessibility round 1' (0x7a29e814f500)]  and [terminal: 'Terminal' (0x7a29d2f908c0)] 
10:07:20.509596 - AXUtilitiesObject: Common ancestor of [frame: 'Reactive TUI App accessibility round 1' (0x7a29e814f500)]  and [terminal: 'Terminal' (0x7a29d2f908c0)]  is None
10:07:20.509715 - GENERATOR: _get_functional_role: filler
10:07:20.509744 - AXUtilities: [filler (0x7a29e8c4e740)]  believed to be layout only: True, has layout-only role
10:07:20.509821 - GENERATOR: _get_functional_role: panel
10:07:20.509886 - AXUtilitiesRelation: [panel (0x7a29d2f91c80)]  is labelled by: []
10:07:20.509911 - AXUtilitiesRelation: [panel (0x7a29d2f91c80)]  is described by: []
10:07:20.509929 - AXUtilities: [panel (0x7a29d2f91c80)]  believed to be layout only: True, lacks name, description, and relations
10:07:20.510141 - GENERATOR: _get_functional_role: page-tab
10:07:20.510266 - GENERATOR: _get_functional_role: page-tab-list
10:07:20.510370 - GENERATOR: _get_functional_role: filler
10:07:20.510394 - AXUtilities: [filler (0x7a29d2f82740)]  believed to be layout only: True, has layout-only role
10:07:20.510484 - GENERATOR: _get_functional_role: frame
10:07:20.510714 - GENERATOR: _get_functional_role: application
10:07:20.510807 - SPEECH GENERATOR: speech_generator.SpeechGenerator._generate_page_tab for [page tab (0x7a29d2f91f00)]  args: {'ancestorOf': "[terminal: 'Terminal' (0x7a29d2f908c0)] ",
                   'count': '1',
                   'formatType': 'ancestor',
                   'leaving': 'None',
                   'priorObj': "[frame: 'Reactive TUI App accessibility round 1' (0x7a29e814f500)] ",
                   'role': 'page-tab'}
10:07:20.510880 - AXUtilitiesRelation: [page tab (0x7a29d2f91f00)]  is labelled by: []
10:07:20.510895 - GENERATOR: _generate_accessible_label: []
10:07:20.510908 - SPEECH GENERATOR: _generate_accessible_label: []
10:07:20.510936 - GENERATOR: _generate_accessible_name: []
10:07:20.510948 - SPEECH GENERATOR: _generate_accessible_name: []
10:07:20.510962 - GENERATOR: _generate_accessible_label_and_name: []
10:07:20.510974 - SPEECH GENERATOR: _generate_accessible_label_and_name: []
10:07:20.511297 - GSETTINGS SCHEMA HANDLE: voice/established not set [app:org.gnome.Terminal, profile:default]
10:07:20.511315 - GSETTINGS SCHEMA HANDLE: voice/rate not set [app:org.gnome.Terminal, profile:default]
10:07:20.511329 - GSETTINGS SCHEMA HANDLE: voice/pitch not set [app:org.gnome.Terminal, profile:default]
10:07:20.511340 - GSETTINGS SCHEMA HANDLE: voice/volume not set [app:org.gnome.Terminal, profile:default]
10:07:20.511352 - GSETTINGS SCHEMA HANDLE: voice/family-name not set [app:org.gnome.Terminal, profile:default]
10:07:20.511362 - GSETTINGS SCHEMA HANDLE: voice/family-lang not set [app:org.gnome.Terminal, profile:default]
10:07:20.511372 - GSETTINGS SCHEMA HANDLE: voice/family-dialect not set [app:org.gnome.Terminal, profile:default]
10:07:20.511381 - GSETTINGS SCHEMA HANDLE: voice/family-gender not set [app:org.gnome.Terminal, profile:default]
10:07:20.511391 - GSETTINGS SCHEMA HANDLE: voice/family-variant not set [app:org.gnome.Terminal, profile:default]
10:07:20.511417 - SPEECH GENERATOR: system voice requested for [page tab (0x7a29d2f91f00)]  language='', dialect='' Unmodified voice={'established': False}
10:07:20.511464 - SPEECH GENERATOR: Reported locale of [page tab (0x7a29d2f91f00)]  is C
10:07:20.511475 - SPEECH GENERATOR: Updated to: 'C', ''
10:07:20.511512 - GSETTINGS SCHEMA HANDLE: voice/established not set [app:org.gnome.Terminal, profile:default]
10:07:20.511525 - GSETTINGS SCHEMA HANDLE: voice/rate not set [app:org.gnome.Terminal, profile:default]
10:07:20.511536 - GSETTINGS SCHEMA HANDLE: voice/pitch not set [app:org.gnome.Terminal, profile:default]
10:07:20.511546 - GSETTINGS SCHEMA HANDLE: voice/volume not set [app:org.gnome.Terminal, profile:default]
10:07:20.511556 - GSETTINGS SCHEMA HANDLE: voice/family-name not set [app:org.gnome.Terminal, profile:default]
10:07:20.511565 - GSETTINGS SCHEMA HANDLE: voice/family-lang not set [app:org.gnome.Terminal, profile:default]
10:07:20.511574 - GSETTINGS SCHEMA HANDLE: voice/family-dialect not set [app:org.gnome.Terminal, profile:default]
10:07:20.511584 - GSETTINGS SCHEMA HANDLE: voice/family-gender not set [app:org.gnome.Terminal, profile:default]
10:07:20.511593 - GSETTINGS SCHEMA HANDLE: voice/family-variant not set [app:org.gnome.Terminal, profile:default]
10:07:20.511635 - SPEECH GENERATOR: Final voice is {'established': 'False', 'family': '{}'}
10:07:20.511672 - SPEECH GENERATOR: _generate_accessible_role: [page tab, {'established': 'False', 'family': '{}'}]
10:07:20.511706 - SPEECH GENERATOR: Results: [page tab, {'established': 'False', 'family': '{}'}]
10:07:20.511727 - SPEECH GENERATOR: [page tab list (0x7a29d2f3b180)]  lacks dedicated generator
10:07:20.511802 - SPEECH GENERATOR: speech_generator.SpeechGenerator._generate_default_presentation for [page tab list (0x7a29d2f3b180)]  args: {'ancestorOf': "[terminal: 'Terminal' (0x7a29d2f908c0)] ",
                   'count': '1',
                   'formatType': 'ancestor',
                   'leaving': 'None',
                   'priorObj': "[frame: 'Reactive TUI App accessibility round 1' (0x7a29e814f500)] ",
                   'role': 'page-tab-list'}
10:07:20.511822 - SPEECH GENERATOR: _generate_details_for: []
10:07:20.511836 - SPEECH GENERATOR: Results: []
10:07:20.511903 - SPEECH GENERATOR: speech_generator.SpeechGenerator._generate_frame for [frame: 'Terminal' (0x7a29e80bbbc0)]  args: {'ancestorOf': "[terminal: 'Terminal' (0x7a29d2f908c0)] ",
                   'count': '1',
                   'formatType': 'ancestor',
                   'leaving': 'None',
                   'priorObj': "[frame: 'Reactive TUI App accessibility round 1' (0x7a29e814f500)] ",
                   'role': 'frame'}
10:07:20.511943 - AXUtilitiesRelation: [frame: 'Terminal' (0x7a29e80bbbc0)]  is labelled by: []
10:07:20.511957 - GENERATOR: _generate_accessible_label: []
10:07:20.511969 - SPEECH GENERATOR: _generate_accessible_label: []
10:07:20.511999 - GENERATOR: _generate_accessible_name: [Terminal]
10:07:20.512018 - GSETTINGS SCHEMA HANDLE: voice/established not set [app:org.gnome.Terminal, profile:default]
10:07:20.512031 - GSETTINGS SCHEMA HANDLE: voice/rate not set [app:org.gnome.Terminal, profile:default]
10:07:20.512041 - GSETTINGS SCHEMA HANDLE: voice/pitch not set [app:org.gnome.Terminal, profile:default]
10:07:20.512052 - GSETTINGS SCHEMA HANDLE: voice/volume not set [app:org.gnome.Terminal, profile:default]
10:07:20.512063 - GSETTINGS SCHEMA HANDLE: voice/family-name not set [app:org.gnome.Terminal, profile:default]
10:07:20.512073 - GSETTINGS SCHEMA HANDLE: voice/family-lang not set [app:org.gnome.Terminal, profile:default]
10:07:20.512083 - GSETTINGS SCHEMA HANDLE: voice/family-dialect not set [app:org.gnome.Terminal, profile:default]
10:07:20.512093 - GSETTINGS SCHEMA HANDLE: voice/family-gender not set [app:org.gnome.Terminal, profile:default]
10:07:20.512102 - GSETTINGS SCHEMA HANDLE: voice/family-variant not set [app:org.gnome.Terminal, profile:default]
10:07:20.512129 - SPEECH GENERATOR: default voice requested for [frame: 'Terminal' (0x7a29e80bbbc0)]  language='', dialect='' Unmodified voice={'established': False}
10:07:20.512151 - SPEECH GENERATOR: Reported locale of [frame: 'Terminal' (0x7a29e80bbbc0)]  is C
10:07:20.512160 - SPEECH GENERATOR: Updated to: 'C', ''
10:07:20.512179 - GSETTINGS SCHEMA HANDLE: speech/auto-language-switching not set [app:org.gnome.Terminal, profile:default]
10:07:20.512183 - GSETTINGS REGISTRY: speech/auto-language-switching using default value = True
10:07:20.512191 - SPEECH DISPATCHER: Returning cached result for language='C' dialect='' variant='None'
10:07:20.512224 - SPEECH GENERATOR: Family updated to {'dialect': '', 'lang': 'C', 'name': ''}
10:07:20.512264 - SPEECH GENERATOR: Final voice is {'established': 'False', 'family': "{'dialect': '', 'lang': 'C', 'name': ''}"}
10:07:20.512310 - SPEECH GENERATOR: _generate_accessible_name: [Terminal, {'established': 'False', 'family': "{'dialect': '', 'lang': 'C', 'name': ''}"}]
10:07:20.512360 - GENERATOR: _generate_accessible_label_and_name: [Terminal, {'established': 'False', 'family': "{'dialect': '', 'lang': 'C', 'name': ''}"}]
10:07:20.512379 - SPEECH PRESENTER: Adjusting 'Terminal' from [frame: 'Terminal' (0x7a29e80bbbc0)]  start_offset: None
10:07:20.512402 - GSETTINGS SCHEMA HANDLE: speech/speak-numbers-as-digits not set [app:org.gnome.Terminal, profile:default]
10:07:20.512409 - GSETTINGS REGISTRY: speech/speak-numbers-as-digits using default value = False
10:07:20.512431 - GSETTINGS SCHEMA HANDLE: speech/repeated-character-limit not set [app:org.gnome.Terminal, profile:default]
10:07:20.512436 - GSETTINGS REGISTRY: speech/repeated-character-limit using default value = 4
10:07:20.512526 - GSETTINGS SCHEMA HANDLE: speech/use-pronunciation-dictionary not set [app:org.gnome.Terminal, profile:default]
10:07:20.512533 - GSETTINGS REGISTRY: speech/use-pronunciation-dictionary using default value = True
10:07:20.512550 - GSETTINGS SCHEMA HANDLE: pronunciations/entries no dict values set
10:07:20.512555 - GSETTINGS REGISTRY: pronunciations/entries using default value = {}
10:07:20.512559 - SPEECH PRESENTER: Adjusted text: 'Terminal'
10:07:20.512610 - SPEECH GENERATOR: _generate_accessible_label_and_name: [Terminal, {'established': 'False', 'family': "{'dialect': '', 'lang': 'C', 'name': ''}"}]
10:07:20.512657 - SPEECH GENERATOR: Results: [Terminal, {'established': 'False', 'family': "{'dialect': '', 'lang': 'C', 'name': ''}"}]
10:07:20.512736 - SPEECH GENERATOR: _generate_new_ancestors: [[Terminal, {'established': 'False', 'family': "{'dialect': '', 'lang': 'C', 'name': ''}"}], [], [page tab, {'established': 'False', 'family': '{}'}]]
10:07:20.512768 - GENERATOR: _generate_text_substring: []
10:07:20.512781 - SPEECH GENERATOR: _generate_text_substring: []
10:07:20.512850 - AXText: [terminal: 'Terminal' (0x7a29d2f908c0)]  reports 3832 characters.
10:07:20.512897 - AXText: [terminal: 'Terminal' (0x7a29d2f908c0)]  reports caret offset of 1016.
10:07:20.513016 - AXText: Line at offset 1016 in [terminal: 'Terminal' (0x7a29d2f908c0)]  '100.0%                                                                                              \n' (1010-1111)
10:07:20.513051 - AXText: Getting attributes for [terminal: 'Terminal' (0x7a29d2f908c0)]  chars: 1010-1111
10:07:20.513126 - AXText: Attributes for [terminal: 'Terminal' (0x7a29d2f908c0)]  at offset 1010: ({'bg-color': '0,0,0', 'fg-color': '65535,65535,65535'}, start_offset=1006, end_offset=1106)
10:07:20.513194 - AXText: Attributes for [terminal: 'Terminal' (0x7a29d2f908c0)]  at offset 1106: ({'bg-color': '0,0,0', 'fg-color': '65535,65535,65535'}, start_offset=1006, end_offset=1106)
10:07:20.513256 - AXText: Attributes for [terminal: 'Terminal' (0x7a29d2f908c0)]  at offset 1107: ({'bg-color': '0,0,0', 'fg-color': '61423,17476,17476'}, start_offset=1107, end_offset=1128)
10:07:20.513281 - AXText: 3 attribute ranges found.
10:07:20.513326 - AXText: Text of [terminal: 'Terminal' (0x7a29d2f908c0)]  (1010-1111): '100.0%                                                                                              \n'
10:07:20.513349 - GSETTINGS SCHEMA HANDLE: voice/established not set [app:org.gnome.Terminal, profile:default]
10:07:20.513363 - GSETTINGS SCHEMA HANDLE: voice/rate not set [app:org.gnome.Terminal, profile:default]
10:07:20.513374 - GSETTINGS SCHEMA HANDLE: voice/pitch not set [app:org.gnome.Terminal, profile:default]
10:07:20.513385 - GSETTINGS SCHEMA HANDLE: voice/volume not set [app:org.gnome.Terminal, profile:default]
10:07:20.513396 - GSETTINGS SCHEMA HANDLE: voice/family-name not set [app:org.gnome.Terminal, profile:default]
10:07:20.513407 - GSETTINGS SCHEMA HANDLE: voice/family-lang not set [app:org.gnome.Terminal, profile:default]
10:07:20.513417 - GSETTINGS SCHEMA HANDLE: voice/family-dialect not set [app:org.gnome.Terminal, profile:default]
10:07:20.513427 - GSETTINGS SCHEMA HANDLE: voice/family-gender not set [app:org.gnome.Terminal, profile:default]
10:07:20.513436 - GSETTINGS SCHEMA HANDLE: voice/family-variant not set [app:org.gnome.Terminal, profile:default]
10:07:20.513460 - SPEECH GENERATOR: None voice requested for [terminal: 'Terminal' (0x7a29d2f908c0)]  language='', dialect='' Unmodified voice={'established': False}
10:07:20.513487 - SPEECH GENERATOR: Reported locale of [terminal: 'Terminal' (0x7a29d2f908c0)]  is C
10:07:20.513496 - SPEECH GENERATOR: Updated to: 'C', ''
10:07:20.513519 - GSETTINGS SCHEMA HANDLE: speech/auto-language-switching not set [app:org.gnome.Terminal, profile:default]
10:07:20.513523 - GSETTINGS REGISTRY: speech/auto-language-switching using default value = True
10:07:20.513531 - SPEECH DISPATCHER: Returning cached result for language='C' dialect='' variant='None'
10:07:20.513565 - SPEECH GENERATOR: Family updated to {'dialect': '', 'lang': 'C', 'name': ''}
10:07:20.513605 - SPEECH GENERATOR: Final voice is {'established': 'False', 'family': "{'dialect': '', 'lang': 'C', 'name': ''}"}
10:07:20.513626 - SPEECH PRESENTER: Adjusting '100.0%                                                                                              
                  ' from [terminal: 'Terminal' (0x7a29d2f908c0)]  start_offset: 1010
10:07:20.513658 - AXHypertext: 0 hyperlinks found in [terminal: 'Terminal' (0x7a29d2f908c0)]  between start: 1010 and end: 1111
10:07:20.513675 - GSETTINGS SCHEMA HANDLE: speech/speak-numbers-as-digits not set [app:org.gnome.Terminal, profile:default]
10:07:20.513679 - GSETTINGS REGISTRY: speech/speak-numbers-as-digits using default value = False
10:07:20.513699 - GSETTINGS SCHEMA HANDLE: speech/repeated-character-limit not set [app:org.gnome.Terminal, profile:default]
10:07:20.513703 - GSETTINGS REGISTRY: speech/repeated-character-limit using default value = 4
10:07:20.513947 - GSETTINGS SCHEMA HANDLE: speech/use-pronunciation-dictionary not set [app:org.gnome.Terminal, profile:default]
10:07:20.513953 - GSETTINGS REGISTRY: speech/use-pronunciation-dictionary using default value = True
10:07:20.513962 - SPEECH PRESENTER: Adjusted text: '100.0%                                                                                              
                  '
10:07:20.514019 - SPEECH GENERATOR: _generate_text_line: [100.0%                                                                                              
                  , {'established': 'False', 'family': "{'dialect': '', 'lang': 'C', 'name': ''}"}]
10:07:20.514134 - SPEECH GENERATOR: Results: [[Terminal, {'established': 'False', 'family': "{'dialect': '', 'lang': 'C', 'name': ''}"}], [], [page tab, {'established': 'False', 'family': '{}'}], 100.0%                                                                                              
                  , {'established': 'False', 'family': "{'dialect': '', 'lang': 'C', 'name': ''}"}]
10:07:20.514255 - SPEECH: Speak [[Terminal, {'established': 'False', 'family': "{'dialect': '', 'lang': 'C', 'name': ''}"}], [], [page tab, {'established': 'False', 'family': '{}'}], 100.0%                                                                                              
                  , {'established': 'False', 'family': "{'dialect': '', 'lang': 'C', 'name': ''}"}], acss: None
10:07:20.514271 - SPEECH OUTPUT: 'Terminal' {'established': False, 'family': {'name': '', 'gender': None, 'lang': 'C', 'dialect': '', 'variant': None}}
10:07:20.514276 - SPEECH DISPATCHER: Speaking 'Terminal' as string
10:07:20.514687 - SPEECH DISPATCHER: Speaking '<speak><mark name="0:8"/>Terminal</speak>' 
                  ORCA rate 50.0, pitch 5.0, volume 10.0, language C, punctuation: MOST
                  SD rate 2, pitch 10, volume 100, language c
10:07:20.514752 - SPEECH OUTPUT: 'page tab' {'established': False}
10:07:20.514757 - SPEECH DISPATCHER: Speaking 'page tab' as string
10:07:20.514965 - SPEECH DISPATCHER: Speaking '<speak><mark name="0:4"/>page <mark name="5:8"/>tab</speak>' 
                  ORCA rate 50.0, pitch 5.0, volume 10.0, language C, punctuation: MOST
                  SD rate 2, pitch 10, volume 100, language c
10:07:20.515836 - SPEECH OUTPUT: '100.0%                                                                                              
                  ' {'established': False, 'family': {'name': '', 'gender': None, 'lang': 'C', 'dialect': '', 'variant': None}}
10:07:20.515842 - SPEECH DISPATCHER: Speaking '100.0%                                                                                              
                  ' as string
10:07:20.516008 - SPEECH DISPATCHER: Speaking '<speak><mark name="0:6"/>100.0%                                                                                              
                  </speak>' 
                  ORCA rate 50.0, pitch 5.0, volume 10.0, language C, punctuation: MOST
                  SD rate 2, pitch 10, volume 100, language c
10:07:20.516096 - GSETTINGS SCHEMA HANDLE: braille/enabled not set [app:org.gnome.Terminal, profile:default]
10:07:20.516102 - GSETTINGS REGISTRY: braille/enabled using default value = True
10:07:20.516127 - FOCUS MANAGER: Active mode: focus-tracking Object of interest: [terminal: 'Terminal' (0x7a29d2f908c0)] 
10:07:20.516153 - GSETTINGS SCHEMA HANDLE: braille/enabled not set [app:org.gnome.Terminal, profile:default]
10:07:20.516159 - GSETTINGS REGISTRY: braille/enabled using default value = True
10:07:20.516185 - GSETTINGS SCHEMA HANDLE: braille/verbosity-level not set [app:org.gnome.Terminal, profile:default]
10:07:20.516189 - GSETTINGS REGISTRY: braille/verbosity-level using default value = 'verbose'
10:07:20.516202 - FOCUS MANAGER: Locus of focus is [terminal: 'Terminal' (0x7a29d2f908c0)] 
10:07:20.516215 - SCRIPT MANAGER: Active script is: org.gnome.Terminal (module=orca.scripts.terminal.script)
10:07:20.516230 - GSETTINGS SCHEMA HANDLE: braille/rolename-style not set [app:org.gnome.Terminal, profile:default]
10:07:20.516233 - GSETTINGS REGISTRY: braille/rolename-style using default value = 'verbose'
10:07:20.516244 - GSETTINGS SCHEMA HANDLE: braille/display-ancestors not set [app:org.gnome.Terminal, profile:default]
10:07:20.516247 - GSETTINGS REGISTRY: braille/display-ancestors using default value = True
10:07:20.516258 - GSETTINGS SCHEMA HANDLE: braille/end-of-line-indicator not set [app:org.gnome.Terminal, profile:default]
10:07:20.516261 - GSETTINGS REGISTRY: braille/end-of-line-indicator using default value = True
10:07:20.516271 - GSETTINGS SCHEMA HANDLE: braille/present-mnemonics not set [app:org.gnome.Terminal, profile:default]
10:07:20.516274 - GSETTINGS REGISTRY: braille/present-mnemonics using default value = True
10:07:20.516339 - GENERATOR: _get_functional_role: terminal
10:07:20.516400 - BRAILLE GENERATOR: braille_generator.BrailleGenerator._generate_terminal for [terminal: 'Terminal' (0x7a29d2f908c0)]  args: {'formatType': 'focused', 'priorObj': "[frame: 'Reactive TUI App accessibility round 1' (0x7a29e814f500)] ", 'role': 'terminal'}
10:07:20.516424 - BRAILLE: Creating text region for [terminal: 'Terminal' (0x7a29d2f908c0)]  label:'', offsets: None-None, caret: None
10:07:20.516476 - AXText: [terminal: 'Terminal' (0x7a29d2f908c0)]  reports caret offset of 1016.
10:07:20.516517 - AXText: [terminal: 'Terminal' (0x7a29d2f908c0)]  reports 3832 characters.
10:07:20.516585 - AXText: Line at offset 1016 in [terminal: 'Terminal' (0x7a29d2f908c0)]  '100.0%                                                                                              \n' (1010-1111)
10:07:20.516599 - BRAILLE: Not contracting '100.0%                                                                                              
                  ' because contracted braille is not enabled.
10:07:20.516623 - BRAILLE GENERATOR: Results: [TEXT: '100.0%                                                                                              ', cursor offset:6 start offset:0, line offset:1010]
10:07:20.516675 - AXText: [terminal: 'Terminal' (0x7a29d2f908c0)]  reports 3832 characters.
10:07:20.516751 - AXText: Text of [terminal: 'Terminal' (0x7a29d2f908c0)]  'Download progress                                                                                   \n█████████████████████████▒▒▒▒▒▒▒▒▒▒▒▒▒▒▒▒▒▒▒▒▒▒▒▒▒▒▒▒▒▒▒▒▒▒▒▒▒▒▒▒▒▒▒▒▒▒▒▒▒▒▒▒▒▒▒▒▒▒▒▒▒▒▒▒▒▒▒▒▒▒▒▒▒▒▒\n25.0%                                                                                               \nAdvance download                                                                                    \nWaiting for download                                                                                \n▒▒▒▒▒▒▒▒▒▒▒▒▒▒▒▒▒▒▒▒▒▒▒▒▒▒▒▒▒▒▒▒▒▒▒▒▒█████████████████████████▒▒▒▒▒▒▒▒▒▒▒▒▒▒▒▒▒▒▒▒▒▒▒▒▒▒▒▒▒▒▒▒▒▒▒▒▒▒\nLoading...                                                                                          \nInvalid value or range                                                                              \nCompleted download                                                                                  \n████████████████████████████████████████████████████████████████████████████████████████████████████\n100.0%                                                                                              \n                                                                                                    \n                                                                                                    \n                                                                                                    \n                                                                                                    \n                                                                                                    \n                                                                                                    \n                                                                                                    \n                                                                                                    \n                                                                                                    \n                                                                                                    \n                                                                                                    \n                                                                                                    \n                                                                                                    \n                                                                                                    \n                                                                                                    \n                                                                                                    \n                                                                                                    \n                                                                                                    \n                                                                                                    \n                                                                                                    \n                                                                                                    \n'
10:07:20.516774 - SCRIPT MANAGER: Active script is: org.gnome.Terminal (module=orca.scripts.terminal.script)
10:07:20.516793 - AXHypertext: 0 hyperlinks found in [terminal: 'Terminal' (0x7a29d2f908c0)] 
10:07:20.516838 - AXText: [terminal: 'Terminal' (0x7a29d2f908c0)]  reports 0 selection(s).
10:07:20.516855 - BRAILLE: Refresh. Pan: True target: 0
10:07:20.516860 - BRAILLE: Kill flash message braille.display_line:1618 > braille.refresh:2097 > braille._prepare_refresh:1856 > braille.kill_flash:2182
10:07:20.517275 - GSETTINGS SCHEMA HANDLE: braille/enabled not set [app:org.gnome.Terminal, profile:default]
10:07:20.517283 - GSETTINGS REGISTRY: braille/enabled using default value = True
10:07:20.517301 - BRAILLE: Last text object: None (Caret: 0, Line: 0, Cell: 0)
10:07:20.517329 - BRAILLE: Current text object: [terminal: 'Terminal' (0x7a29d2f908c0)]  (Caret: 1016, Line: 1010). On same line: False
10:07:20.517336 - BRAILLE: Line 0: '100.0%                                                                                              ' focusOffset: 0 [[0, 32], [32, 64], [64, 96], [96, 100]]
10:07:20.517340 - BRAILLE: Cursor offset in line string is: 6
10:07:20.517345 - BRAILLE: Adjusting offset to 0 (unhandled condition)
10:07:20.517349 - BRAILLE: Current range: (0, 32). Target cell: 0
10:07:20.517354 - BRAILLE LINE:  '100.0%                                                                                              '
10:07:20.517357 -      VISIBLE:  '100.0%                          ', cursor=7
10:07:20.517371 - BRAILLE: Enabling braille. BrlAPI running: False
10:07:20.517374 - BRAILLE: Need to initialize first.
10:07:20.517387 - BRAILLE: Initializing. Callback: input_event_manager.InputEventManager.process_braille_event
10:07:20.517391 - BRAILLE: BrlAPI connection already in progress.
10:07:20.517581 - AXTable: Setting last cell coordinates to row=-1, column=-1
10:07:20.517627 - AXText: [terminal: 'Terminal' (0x7a29d2f908c0)]  reports caret offset of 1016.
10:07:20.517644 - FOCUS MANAGER: Setting last cursor position to [terminal: 'Terminal' (0x7a29d2f908c0)]  1016
10:07:20.517681 - AXText: [terminal: 'Terminal' (0x7a29d2f908c0)]  reports 0 selection(s).
10:07:20.517739 - FOCUS MANAGER: Active window is [frame: 'Terminal' (0x7a29e80bbbc0)]  focus_manager.set_locus_of_focus:327 > focus_manager._save_object_details:254 > ax_utilities_event.save_object_info_for_events:195 > focus_manager.get_active_window:342
TOTAL PROCESSING TIME: 0.0176
^^^^^ FINISHED PRIORITY-3 OBJECT EVENT OBJECT:STATE-CHANGED:FOCUSED ^^^^^

10:07:20.518371 - EVENT MANAGER: Dequeueing object:active-descendant-changed for [application: 'accessibility_probe' (0x7a29e8147200)]  in accessibility_probe (AccessKit) (0, 0, [frame: 'Reactive TUI App accessibility round 1' (0x7a29e814f500)])
10:07:20.518408 - EVENT MANAGER: Dequeued object:active-descendant-changed for [application: 'accessibility_probe' (0x7a29e8147200)]  in accessibility_probe (AccessKit) (0, 0, [frame: 'Reactive TUI App accessibility round 1' (0x7a29e814f500)]) priority: 3, counter: 41

vvvvv START PRIORITY-3 OBJECT EVENT OBJECT:ACTIVE-DESCENDANT-CHANGED (queue size: 34) vvvvv
10:07:20.520520 - EVENT SOURCE:
                  app='accessibility_probe (AccessKit )' name='accessibility_probe' role='application' axid='' id=0x7a29e8147200
                  description=''
                  help=''
                  locale=''
                  states=''
                  relations=''
                  actions=''
                  interfaces=''
                  attributes=''
                  text=''
                  path=[-1]
                  
                  EVENT ANY DATA:
                  name='Reactive TUI App accessibility round 1' role='frame' axid='' id=0x7a29e814f500
                  description=''
                  help=''
                  locale=''
                  states='active, enabled, sensitive, showing, visible'
                  relations=''
                  actions=''
                  interfaces='Component'
                  attributes=''
                  text=''
                  path=[-1, 0]
                  
10:07:20.520543 - SCRIPT MANAGER: Active script is: org.gnome.Terminal (module=orca.scripts.terminal.script)
10:07:20.520561 - FOCUS MANAGER: Locus of focus is [terminal: 'Terminal' (0x7a29d2f908c0)] 
10:07:20.520585 - EVENT MANAGER: Getting script for event for [application: 'accessibility_probe' (0x7a29e8147200)]  [application: 'accessibility_probe' (0x7a29e8147200)] 
10:07:20.520601 - SCRIPT MANAGER: Getting script for [application: 'accessibility_probe' (0x7a29e8147200)]  [application: 'accessibility_probe' (0x7a29e8147200)] 
10:07:20.520721 - SCRIPT MANAGER: Script is app script accessibility_probe (module=orca.scripts.default)
10:07:20.520734 - EVENT MANAGER: Script for event is accessibility_probe (module=orca.scripts.default)
10:07:20.521155 - EVENT MANAGER: Change active script: False (No reason found to activate a different script.)
10:07:20.521163 - EVENT MANAGER: Processing object:active-descendant-changed: script handles events when inactive
10:07:20.521185 - AXUtilitiesEvent: Neither source nor child have focused state.
TOTAL PROCESSING TIME: 0.0028
^^^^^ FINISHED PRIORITY-3 OBJECT EVENT OBJECT:ACTIVE-DESCENDANT-CHANGED ^^^^^

10:07:20.521201 - WARNING: Braille initialization failed: BrlAPI connection unavailable.
10:07:20.521208 - BRAILLE: Scheduling BrlAPI retry in 2000 ms.
10:07:20.521260 - EVENT MANAGER: Dequeueing object:state-changed:focused for [button: 'Advance download' (0x7a29d2f93d00)]  in accessibility_probe (AccessKit) (1, 0, 0)
10:07:20.521295 - EVENT MANAGER: Dequeued object:state-changed:focused for [button: 'Advance download' (0x7a29d2f93d00)]  in accessibility_probe (AccessKit) (1, 0, 0) priority: 3, counter: 42

vvvvv START PRIORITY-3 OBJECT EVENT OBJECT:STATE-CHANGED:FOCUSED (queue size: 33) vvvvv
10:07:20.521664 - EVENT MANAGER: object:state-changed:focused for [button: 'Advance download' (0x7a29d2f90e80)]  in accessibility_probe (AccessKit) (1, 0, 0) obsoleted by object:state-changed:focused for [button: 'Advance download' (0x7a29d2f90e80)]  in accessibility_probe (AccessKit) (1, 0, 0) more recent duplicate
TOTAL PROCESSING TIME: 0.0004
^^^^^ FINISHED PRIORITY-3 OBJECT EVENT OBJECT:STATE-CHANGED:FOCUSED ^^^^^

10:07:20.521709 - EVENT MANAGER: Dequeueing object:state-changed:focused for [button: 'Advance download' (0x7a29d2f93d00)]  in accessibility_probe (AccessKit) (0, 0, 0)
10:07:20.521740 - EVENT MANAGER: Dequeued object:state-changed:focused for [button: 'Advance download' (0x7a29d2f93d00)]  in accessibility_probe (AccessKit) (0, 0, 0) priority: 3, counter: 45

vvvvv START PRIORITY-3 OBJECT EVENT OBJECT:STATE-CHANGED:FOCUSED (queue size: 32) vvvvv
10:07:20.522087 - EVENT MANAGER: object:state-changed:focused for [button: 'Advance download' (0x7a29d2f93e80)]  in accessibility_probe (AccessKit) (0, 0, 0) obsoleted by object:state-changed:focused for [button: 'Advance download' (0x7a29e8133e80)]  in accessibility_probe (AccessKit) (1, 0, 0) more recent event of same type for same object
TOTAL PROCESSING TIME: 0.0003
^^^^^ FINISHED PRIORITY-3 OBJECT EVENT OBJECT:STATE-CHANGED:FOCUSED ^^^^^

10:07:20.522129 - EVENT MANAGER: Dequeueing object:state-changed:focused for [button: 'Advance download' (0x7a29e8133e80)]  in accessibility_probe (AccessKit) (1, 0, 0)
10:07:20.522161 - EVENT MANAGER: Dequeued object:state-changed:focused for [button: 'Advance download' (0x7a29e8a03d00)]  in accessibility_probe (AccessKit) (1, 0, 0) priority: 3, counter: 48

vvvvv START PRIORITY-3 OBJECT EVENT OBJECT:STATE-CHANGED:FOCUSED (queue size: 31) vvvvv
10:07:20.525960 - EVENT SOURCE:
                  app='accessibility_probe (AccessKit )' name='Advance download' role='button' axid='' id=0x7a29e8130e80
                  description=''
                  help=''
                  locale=''
                  states='enabled, focusable, focused, sensitive, showing, visible'
                  relations=''
                  actions='click'
                  interfaces='Action, Component'
                  attributes=''
                  text=''
                  path=[-1, 0, 1]
                  
10:07:20.526022 - SCRIPT MANAGER: Active script is: org.gnome.Terminal (module=orca.scripts.terminal.script)
10:07:20.526052 - FOCUS MANAGER: Locus of focus is [terminal: 'Terminal' (0x7a29d2f908c0)] 
10:07:20.526084 - EVENT MANAGER: Getting script for event for [application: 'accessibility_probe' (0x7a29e8147200)]  [button: 'Advance download' (0x7a29d2f90e80)] 
10:07:20.526102 - SCRIPT MANAGER: Getting script for [application: 'accessibility_probe' (0x7a29e8147200)]  [button: 'Advance download' (0x7a29d2f90e80)] 
10:07:20.526252 - SCRIPT MANAGER: Script is app script accessibility_probe (module=orca.scripts.default)
10:07:20.526268 - EVENT MANAGER: Script for event is accessibility_probe (module=orca.scripts.default)
10:07:20.526717 - EVENT MANAGER: Change active script: True (Event source claimed focus.)
10:07:20.526744 - SCRIPT MANAGER: Deactivating org.gnome.Terminal (module=orca.scripts.terminal.script) reason: Event source claimed focus.
10:07:20.526769 - SCRIPT MANAGER: Setting active script to accessibility_probe (module=orca.scripts.default) reason: Event source claimed focus.
10:07:20.526784 - DEFAULT: Activating script for [application: 'accessibility_probe' (0x7a29e8147200)] 
10:07:20.526998 - SPEECH MANAGER: Speech server is <orca.speechdispatcherfactory.SpeechServer object at 0x7a29e89e96a0>
10:07:20.527048 - GSETTINGS SCHEMA HANDLE: speech/punctuation-level not set [app:accessibility_probe, profile:default]
10:07:20.527054 - GSETTINGS REGISTRY: speech/punctuation-level using default value = 'most'
10:07:20.527308 - SPEECH MANAGER: Speech server is <orca.speechdispatcherfactory.SpeechServer object at 0x7a29e89e96a0>
10:07:20.527329 - GSETTINGS SCHEMA HANDLE: speech/capitalization-style not set [app:accessibility_probe, profile:default]
10:07:20.527334 - GSETTINGS REGISTRY: speech/capitalization-style using default value = 'none'
10:07:20.527488 - SPEECH MANAGER: Speech server is <orca.speechdispatcherfactory.SpeechServer object at 0x7a29e89e96a0>
10:07:20.527532 - GSETTINGS SCHEMA HANDLE: speech/synthesizer not set [app:accessibility_probe, profile:default]
10:07:20.527554 - SCRIPT MANAGER: Active script is: accessibility_probe (module=orca.scripts.default)
10:07:20.527560 - CARET NAVIGATOR: Commands suspended: False: script activation, no prior state
10:07:20.527579 - GSETTINGS SCHEMA HANDLE: keybindings/keyboard-layout not set [app:accessibility_probe, profile:default]
10:07:20.527584 - GSETTINGS REGISTRY: keybindings/keyboard-layout using default value = 'desktop'
10:07:20.527597 - GSETTINGS SCHEMA HANDLE: keybindings/desktop-modifier-keys not set [app:accessibility_probe, profile:default]
10:07:20.527602 - GSETTINGS REGISTRY: keybindings/desktop-modifier-keys using default value = ['Insert', 'KP_Insert']
10:07:20.527632 - SCRIPT MANAGER: Active script is: accessibility_probe (module=orca.scripts.default)
10:07:20.527636 - STRUCTURAL NAVIGATOR: Suspended: False: script activation, no prior state
10:07:20.527649 - GSETTINGS SCHEMA HANDLE: keybindings/keyboard-layout not set [app:accessibility_probe, profile:default]
10:07:20.527653 - GSETTINGS REGISTRY: keybindings/keyboard-layout using default value = 'desktop'
10:07:20.527663 - GSETTINGS SCHEMA HANDLE: keybindings/desktop-modifier-keys not set [app:accessibility_probe, profile:default]
10:07:20.527667 - GSETTINGS REGISTRY: keybindings/desktop-modifier-keys using default value = ['Insert', 'KP_Insert']
10:07:20.527701 - STRUCTURAL NAVIGATOR: Setting mode for accessibility_probe (module=orca.scripts.default) to NavigationMode.OFF
10:07:20.527715 - SCRIPT MANAGER: Active script is: accessibility_probe (module=orca.scripts.default)
10:07:20.527729 - GSETTINGS SCHEMA HANDLE: keybindings/keyboard-layout not set [app:accessibility_probe, profile:default]
10:07:20.527733 - GSETTINGS REGISTRY: keybindings/keyboard-layout using default value = 'desktop'
10:07:20.527744 - GSETTINGS SCHEMA HANDLE: keybindings/desktop-modifier-keys not set [app:accessibility_probe, profile:default]
10:07:20.527748 - GSETTINGS REGISTRY: keybindings/desktop-modifier-keys using default value = ['Insert', 'KP_Insert']
10:07:20.527780 - CARET NAVIGATOR: Setting enabled state for accessibility_probe (module=orca.scripts.default) to False
10:07:20.527792 - SCRIPT MANAGER: Active script is: accessibility_probe (module=orca.scripts.default)
10:07:20.527804 - GSETTINGS SCHEMA HANDLE: keybindings/keyboard-layout not set [app:accessibility_probe, profile:default]
10:07:20.527808 - GSETTINGS REGISTRY: keybindings/keyboard-layout using default value = 'desktop'
10:07:20.527817 - GSETTINGS SCHEMA HANDLE: keybindings/desktop-modifier-keys not set [app:accessibility_probe, profile:default]
10:07:20.527821 - GSETTINGS REGISTRY: keybindings/desktop-modifier-keys using default value = ['Insert', 'KP_Insert']
10:07:20.527835 - COMMAND MANAGER: Activating commands: activated accessibility_probe (module=orca.scripts.default)
10:07:20.527904 - GSETTINGS SCHEMA HANDLE: keybindings/entries no dict values set
10:07:20.527909 - GSETTINGS REGISTRY: keybindings/entries using default value = {}
10:07:20.527912 - COMMAND MANAGER: No user overrides to apply
10:07:20.527955 - GSETTINGS SCHEMA HANDLE: keybindings/keyboard-layout not set [app:accessibility_probe, profile:default]
10:07:20.527959 - GSETTINGS REGISTRY: keybindings/keyboard-layout using default value = 'desktop'
10:07:20.527968 - GSETTINGS SCHEMA HANDLE: keybindings/desktop-modifier-keys not set [app:accessibility_probe, profile:default]
10:07:20.527972 - GSETTINGS REGISTRY: keybindings/desktop-modifier-keys using default value = ['Insert', 'KP_Insert']

vvvvv COMMAND MANAGER: Grab diff: activated accessibility_probe (module=orca.scripts.default) (old: 77, new: 77) vvvvv
10:07:20.527998 -   No grab changes
^^^^^ COMMAND MANAGER: Diff completed in 0.0000s. Removed 0, added 0, transferred 0 ^^^^^

10:07:20.528020 - GSETTINGS SCHEMA HANDLE: speech/enable not set [app:accessibility_probe, profile:default]
10:07:20.528024 - GSETTINGS REGISTRY: speech/enable using default value = True
10:07:20.528028 - SPEECH MANAGER: Speech is enabled.
10:07:20.528058 - SPEECH MANAGER: start_speech. Script: None Event: None notify_user: False
10:07:20.528062 - SPEECH MANAGER: Initializing server
10:07:20.528066 - SPEECH MANAGER: Already initialized
10:07:20.528079 - GSETTINGS SCHEMA HANDLE: keybindings/keyboard-layout not set [app:accessibility_probe, profile:default]
10:07:20.528083 - GSETTINGS REGISTRY: keybindings/keyboard-layout using default value = 'desktop'
10:07:20.528087 - COMMAND MANAGER: Setting keyboard layout is_desktop to True.
10:07:20.528138 - GSETTINGS SCHEMA HANDLE: keybindings/entries no dict values set
10:07:20.528142 - GSETTINGS REGISTRY: keybindings/entries using default value = {}
10:07:20.528145 - COMMAND MANAGER: No user overrides to apply
10:07:20.528186 - GSETTINGS SCHEMA HANDLE: keybindings/keyboard-layout not set [app:accessibility_probe, profile:default]
10:07:20.528189 - GSETTINGS REGISTRY: keybindings/keyboard-layout using default value = 'desktop'
10:07:20.528199 - GSETTINGS SCHEMA HANDLE: keybindings/desktop-modifier-keys not set [app:accessibility_probe, profile:default]
10:07:20.528203 - GSETTINGS REGISTRY: keybindings/desktop-modifier-keys using default value = ['Insert', 'KP_Insert']

vvvvv COMMAND MANAGER: Grab diff: keyboard layout change (old: 77, new: 77) vvvvv
10:07:20.528216 -   No grab changes
^^^^^ COMMAND MANAGER: Diff completed in 0.0000s. Removed 0, added 0, transferred 0 ^^^^^

10:07:20.528224 - COMMAND MANAGER: Keyboard layout set to desktop.
10:07:20.528236 - GSETTINGS SCHEMA HANDLE: keybindings/keyboard-layout not set [app:accessibility_probe, profile:default]
10:07:20.528239 - GSETTINGS REGISTRY: keybindings/keyboard-layout using default value = 'desktop'
10:07:20.528249 - GSETTINGS SCHEMA HANDLE: keybindings/desktop-modifier-keys not set [app:accessibility_probe, profile:default]
10:07:20.528252 - GSETTINGS REGISTRY: keybindings/desktop-modifier-keys using default value = ['Insert', 'KP_Insert']
10:07:20.528260 - EVENT MANAGER: Processing object:state-changed:focused: script for event is active
10:07:20.528690 - SCRIPT UTILITIES: [frame: 'Reactive TUI App accessibility round 1' (0x7a29e814f500)]  is top-level object for: [button: 'Advance download' (0x7a29e8a6ad40)] 
10:07:20.529307 - SCRIPT UTILITIES: [button: 'Advance download' (0x7a29e8a6ad40)]  is in frame [frame: 'Reactive TUI App accessibility round 1' (0x7a29e814f500)]  and dialog None
10:07:20.529384 - AXObject: Clearing AT-SPI cache on [frame: 'Reactive TUI App accessibility round 1' (0x7a29e814f500)]  Recursive: False.  Reason: Checking if window can be the active window
10:07:20.531576 - AXUtilities: [frame: 'Reactive TUI App accessibility round 1' (0x7a29e814f500)]  from [application: 'accessibility_probe' (0x7a29e8147200)]  can be active window
10:07:20.531796 - FOCUS MANAGER: Request to set locus of focus to [button: 'Advance download' (0x7a29e8a6ad40)]  event_manager._dequeue_object_event:666 > event_manager._process_object_event:982 > default._on_focused_changed:1114 > focus_manager.set_locus_of_focus:271
10:07:20.532137 - AXObject: Clearing AT-SPI cache on [button: 'Advance download' (0x7a29e8a6ad40)]  Recursive: False.  Reason: Setting locus of focus.
10:07:20.532160 - SCRIPT MANAGER: Active script is: accessibility_probe (module=orca.scripts.default)
10:07:20.532824 - FOCUS MANAGER: Changing locus of focus from [terminal: 'Terminal' (0x7a29d2f908c0)]  to [button: 'Advance download' (0x7a29e8a6ad40)] . Notify: True
10:07:20.533086 - FOCUS MANAGER: Region of interest: [button: 'Advance download' (0x7a29e8a6ad40)]  (0, 0)
10:07:20.533332 - FOCUS MANAGER: Switching object of interest from [terminal: 'Terminal' (0x7a29d2f908c0)]  to [button: 'Advance download' (0x7a29e8a6ad40)] 
10:07:20.534296 - DOCUMENT PRESENTER: Updating mode for focus change. Old focus: [terminal: 'Terminal' (0x7a29d2f908c0)]  old doc: None New focus: [button: 'Advance download' (0x7a29e8a6ad40)]  new doc: None
10:07:20.534319 - SCRIPT MANAGER: Active script is: accessibility_probe (module=orca.scripts.default)
10:07:20.534325 - CARET NAVIGATOR: Commands suspended: False: locus of focus no longer in document
10:07:20.534360 - GSETTINGS SCHEMA HANDLE: keybindings/keyboard-layout not set [app:accessibility_probe, profile:default]
10:07:20.534366 - GSETTINGS REGISTRY: keybindings/keyboard-layout using default value = 'desktop'
10:07:20.534379 - GSETTINGS SCHEMA HANDLE: keybindings/desktop-modifier-keys not set [app:accessibility_probe, profile:default]
10:07:20.534384 - GSETTINGS REGISTRY: keybindings/desktop-modifier-keys using default value = ['Insert', 'KP_Insert']
10:07:20.534411 - SCRIPT MANAGER: Active script is: accessibility_probe (module=orca.scripts.default)
10:07:20.534415 - STRUCTURAL NAVIGATOR: Suspended: False: locus of focus no longer in document
10:07:20.534428 - GSETTINGS SCHEMA HANDLE: keybindings/keyboard-layout not set [app:accessibility_probe, profile:default]
10:07:20.534432 - GSETTINGS REGISTRY: keybindings/keyboard-layout using default value = 'desktop'
10:07:20.534442 - GSETTINGS SCHEMA HANDLE: keybindings/desktop-modifier-keys not set [app:accessibility_probe, profile:default]
10:07:20.534445 - GSETTINGS REGISTRY: keybindings/desktop-modifier-keys using default value = ['Insert', 'KP_Insert']
10:07:20.534479 - STRUCTURAL NAVIGATOR: Setting mode for accessibility_probe (module=orca.scripts.default) to NavigationMode.OFF
10:07:20.534492 - SCRIPT MANAGER: Active script is: accessibility_probe (module=orca.scripts.default)
10:07:20.534507 - GSETTINGS SCHEMA HANDLE: keybindings/keyboard-layout not set [app:accessibility_probe, profile:default]
10:07:20.534510 - GSETTINGS REGISTRY: keybindings/keyboard-layout using default value = 'desktop'
10:07:20.534521 - GSETTINGS SCHEMA HANDLE: keybindings/desktop-modifier-keys not set [app:accessibility_probe, profile:default]
10:07:20.534525 - GSETTINGS REGISTRY: keybindings/desktop-modifier-keys using default value = ['Insert', 'KP_Insert']
10:07:20.534556 - CARET NAVIGATOR: Setting enabled state for accessibility_probe (module=orca.scripts.default) to False
10:07:20.534568 - SCRIPT MANAGER: Active script is: accessibility_probe (module=orca.scripts.default)
10:07:20.534579 - GSETTINGS SCHEMA HANDLE: keybindings/keyboard-layout not set [app:accessibility_probe, profile:default]
10:07:20.534583 - GSETTINGS REGISTRY: keybindings/keyboard-layout using default value = 'desktop'
10:07:20.534592 - GSETTINGS SCHEMA HANDLE: keybindings/desktop-modifier-keys not set [app:accessibility_probe, profile:default]
10:07:20.534596 - GSETTINGS REGISTRY: keybindings/desktop-modifier-keys using default value = ['Insert', 'KP_Insert']
10:07:20.535005 - SCRIPT UTILITIES: [frame: 'Reactive TUI App accessibility round 1' (0x7a29e814f500)]  is top-level object for: [button: 'Advance download' (0x7a29e8a6ad40)] 
10:07:20.535023 - FOCUS MANAGER: Request to set active window to [frame: 'Reactive TUI App accessibility round 1' (0x7a29e814f500)] 
10:07:20.535325 - SCRIPT MANAGER: Getting script for [application: 'accessibility_probe' (0x7a29e8147200)]  [button: 'Advance download' (0x7a29e8a6ad40)] 
10:07:20.535461 - SCRIPT MANAGER: Script is app script accessibility_probe (module=orca.scripts.default)
10:07:20.535789 - AXUtilitiesRelation: [terminal: 'Terminal' (0x7a29d2f908c0)]  is controlled by [button: 'Advance download' (0x7a29e8a6ad40)] : False
10:07:20.535819 - AXUtilitiesRelation: [button: 'Advance download' (0x7a29e8a6ad40)]  is controlled by [terminal: 'Terminal' (0x7a29d2f908c0)] : False
10:07:20.535825 - PRESENTATION MANAGER: Interrupting presentation
10:07:20.535853 - SPEECH MANAGER: interrupt_speech. Script: None Event: None notify_user: False
10:07:20.536086 - SPEECH MANAGER: Speech server is <orca.speechdispatcherfactory.SpeechServer object at 0x7a29e89e96a0>
10:07:20.536236 - BRAILLE: Kill flash message presentation_manager.interrupt_if_needed_for_focus_change:100 > presentation_manager.interrupt_presentation:88 > braille_presenter.kill_flash:1829 > braille.kill_flash:2182
10:07:20.536625 - FOCUS MANAGER: Active mode: focus-tracking Object of interest: [button: 'Advance download' (0x7a29e8a6ad40)] 
10:07:20.536654 - GSETTINGS SCHEMA HANDLE: speech/enable not set [app:accessibility_probe, profile:default]
10:07:20.536660 - GSETTINGS REGISTRY: speech/enable using default value = True
10:07:20.536677 - GSETTINGS SCHEMA HANDLE: speech/verbosity-level not set [app:accessibility_probe, profile:default]
10:07:20.536681 - GSETTINGS REGISTRY: speech/verbosity-level using default value = 'verbose'
10:07:20.536695 - FOCUS MANAGER: Locus of focus is [button: 'Advance download' (0x7a29e8a6ad40)] 
10:07:20.536709 - SCRIPT MANAGER: Active script is: accessibility_probe (module=orca.scripts.default)
10:07:20.536724 - GSETTINGS SCHEMA HANDLE: speech/only-speak-displayed-text not set [app:accessibility_probe, profile:default]
10:07:20.536728 - GSETTINGS REGISTRY: speech/only-speak-displayed-text using default value = False
10:07:20.536739 - GSETTINGS SCHEMA HANDLE: speech/speak-description not set [app:accessibility_probe, profile:default]
10:07:20.536742 - GSETTINGS REGISTRY: speech/speak-description using default value = True
10:07:20.536753 - GSETTINGS SCHEMA HANDLE: speech/speak-tutorial-messages not set [app:accessibility_probe, profile:default]
10:07:20.536756 - GSETTINGS REGISTRY: speech/speak-tutorial-messages using default value = True
10:07:20.536765 - GSETTINGS SCHEMA HANDLE: speech/speak-position-in-set not set [app:accessibility_probe, profile:default]
10:07:20.536768 - GSETTINGS REGISTRY: speech/speak-position-in-set using default value = False
10:07:20.536777 - GSETTINGS SCHEMA HANDLE: speech/speak-widget-mnemonic not set [app:accessibility_probe, profile:default]
10:07:20.536780 - GSETTINGS REGISTRY: speech/speak-widget-mnemonic using default value = True
10:07:20.536789 - GSETTINGS SCHEMA HANDLE: speech/speak-blank-lines not set [app:accessibility_probe, profile:default]
10:07:20.536794 - GSETTINGS REGISTRY: speech/speak-blank-lines using default value = True
10:07:20.536804 - GSETTINGS SCHEMA HANDLE: speech/speak-indentation-and-justification not set [app:accessibility_probe, profile:default]
10:07:20.536808 - GSETTINGS REGISTRY: speech/speak-indentation-and-justification using default value = False
10:07:20.536818 - GSETTINGS SCHEMA HANDLE: speech/announce-cell-headers not set [app:accessibility_probe, profile:default]
10:07:20.536821 - GSETTINGS REGISTRY: speech/announce-cell-headers using default value = True
10:07:20.536831 - GSETTINGS SCHEMA HANDLE: speech/announce-cell-coordinates not set [app:accessibility_probe, profile:default]
10:07:20.536835 - GSETTINGS REGISTRY: speech/announce-cell-coordinates using default value = True
10:07:20.536844 - GSETTINGS SCHEMA HANDLE: speech/announce-spreadsheet-cell-coordinates not set [app:accessibility_probe, profile:default]
10:07:20.536847 - GSETTINGS REGISTRY: speech/announce-spreadsheet-cell-coordinates using default value = True
10:07:20.536860 - GSETTINGS SCHEMA HANDLE: speech/announce-blockquote not set [app:accessibility_probe, profile:default]
10:07:20.536863 - GSETTINGS REGISTRY: speech/announce-blockquote using default value = True
10:07:20.536872 - GSETTINGS SCHEMA HANDLE: speech/announce-form not set [app:accessibility_probe, profile:default]
10:07:20.536875 - GSETTINGS REGISTRY: speech/announce-form using default value = True
10:07:20.536884 - GSETTINGS SCHEMA HANDLE: speech/announce-landmark not set [app:accessibility_probe, profile:default]
10:07:20.536888 - GSETTINGS REGISTRY: speech/announce-landmark using default value = True
10:07:20.536897 - GSETTINGS SCHEMA HANDLE: speech/announce-list not set [app:accessibility_probe, profile:default]
10:07:20.536900 - GSETTINGS REGISTRY: speech/announce-list using default value = True
10:07:20.536909 - GSETTINGS SCHEMA HANDLE: speech/announce-grouping not set [app:accessibility_probe, profile:default]
10:07:20.536912 - GSETTINGS REGISTRY: speech/announce-grouping using default value = True
10:07:20.536921 - GSETTINGS SCHEMA HANDLE: speech/announce-table not set [app:accessibility_probe, profile:default]
10:07:20.536925 - GSETTINGS REGISTRY: speech/announce-table using default value = True
10:07:20.538114 - GENERATOR: _get_functional_role: button
10:07:20.538190 - SPEECH GENERATOR: speech_generator.SpeechGenerator._generate_push_button for [button: 'Advance download' (0x7a29e8a6ad40)]  args: {'formatType': 'unfocused', 'priorObj': "[terminal: 'Terminal' (0x7a29d2f908c0)] ", 'role': 'button'}
10:07:20.538224 - SPEECH GENERATOR: _generate_old_ancestors: []
10:07:20.538276 - AXUtilitiesObject: Looking for common ancestor of [terminal: 'Terminal' (0x7a29d2f908c0)]  and [button: 'Advance download' (0x7a29e8a6ad40)] 
10:07:20.538921 - AXUtilitiesObject: Common ancestor of [terminal: 'Terminal' (0x7a29d2f908c0)]  and [button: 'Advance download' (0x7a29e8a6ad40)]  is None
10:07:20.540430 - GENERATOR: _get_functional_role: frame
10:07:20.541619 - GENERATOR: _get_functional_role: application
10:07:20.541719 - SPEECH GENERATOR: speech_generator.SpeechGenerator._generate_frame for [frame: 'Reactive TUI App accessibility round 1' (0x7a29e814f500)]  args: {'ancestorOf': "[button: 'Advance download' (0x7a29e8a6ad40)] ",
                   'count': '1',
                   'formatType': 'ancestor',
                   'leaving': 'None',
                   'priorObj': "[terminal: 'Terminal' (0x7a29d2f908c0)] ",
                   'role': 'frame'}
10:07:20.541771 - AXUtilitiesRelation: [frame: 'Reactive TUI App accessibility round 1' (0x7a29e814f500)]  is labelled by: []
10:07:20.541787 - GENERATOR: _generate_accessible_label: []
10:07:20.541800 - SPEECH GENERATOR: _generate_accessible_label: []
10:07:20.541824 - GENERATOR: _generate_accessible_name: [Reactive TUI App accessibility round 1]
10:07:20.541856 - GSETTINGS SCHEMA HANDLE: voice/established not set [app:accessibility_probe, profile:default]
10:07:20.541872 - GSETTINGS SCHEMA HANDLE: voice/rate not set [app:accessibility_probe, profile:default]
10:07:20.541885 - GSETTINGS SCHEMA HANDLE: voice/pitch not set [app:accessibility_probe, profile:default]
10:07:20.541896 - GSETTINGS SCHEMA HANDLE: voice/volume not set [app:accessibility_probe, profile:default]
10:07:20.541908 - GSETTINGS SCHEMA HANDLE: voice/family-name not set [app:accessibility_probe, profile:default]
10:07:20.541919 - GSETTINGS SCHEMA HANDLE: voice/family-lang not set [app:accessibility_probe, profile:default]
10:07:20.541928 - GSETTINGS SCHEMA HANDLE: voice/family-dialect not set [app:accessibility_probe, profile:default]
10:07:20.541938 - GSETTINGS SCHEMA HANDLE: voice/family-gender not set [app:accessibility_probe, profile:default]
10:07:20.541948 - GSETTINGS SCHEMA HANDLE: voice/family-variant not set [app:accessibility_probe, profile:default]
10:07:20.541978 - SPEECH GENERATOR: default voice requested for [frame: 'Reactive TUI App accessibility round 1' (0x7a29e814f500)]  language='', dialect='' Unmodified voice={'established': False}
10:07:20.542003 - SPEECH GENERATOR: Reported locale of [frame: 'Reactive TUI App accessibility round 1' (0x7a29e814f500)]  is 
10:07:20.542022 - SPEECH GENERATOR: Updated to: 'C', ''
10:07:20.542042 - GSETTINGS SCHEMA HANDLE: speech/auto-language-switching not set [app:accessibility_probe, profile:default]
10:07:20.542046 - GSETTINGS REGISTRY: speech/auto-language-switching using default value = True
10:07:20.542055 - SPEECH DISPATCHER: Returning cached result for language='C' dialect='' variant='None'
10:07:20.542088 - SPEECH GENERATOR: Family updated to {'dialect': '', 'lang': 'C', 'name': ''}
10:07:20.542130 - SPEECH GENERATOR: Final voice is {'established': 'False', 'family': "{'dialect': '', 'lang': 'C', 'name': ''}"}
10:07:20.542177 - SPEECH GENERATOR: _generate_accessible_name: [Reactive TUI App accessibility round 1, {'established': 'False', 'family': "{'dialect': '', 'lang': 'C', 'name': ''}"}]
10:07:20.542225 - GENERATOR: _generate_accessible_label_and_name: [Reactive TUI App accessibility round 1, {'established': 'False', 'family': "{'dialect': '', 'lang': 'C', 'name': ''}"}]
10:07:20.542244 - SPEECH PRESENTER: Adjusting 'Reactive TUI App accessibility round 1' from [frame: 'Reactive TUI App accessibility round 1' (0x7a29e814f500)]  start_offset: None
10:07:20.542413 - GSETTINGS SCHEMA HANDLE: speech/speak-numbers-as-digits not set [app:accessibility_probe, profile:default]
10:07:20.542418 - GSETTINGS REGISTRY: speech/speak-numbers-as-digits using default value = False
10:07:20.542441 - GSETTINGS SCHEMA HANDLE: speech/repeated-character-limit not set [app:accessibility_probe, profile:default]
10:07:20.542446 - GSETTINGS REGISTRY: speech/repeated-character-limit using default value = 4
10:07:20.542971 - GSETTINGS SCHEMA HANDLE: speech/use-pronunciation-dictionary not set [app:accessibility_probe, profile:default]
10:07:20.542985 - GSETTINGS REGISTRY: speech/use-pronunciation-dictionary using default value = True
10:07:20.543007 - GSETTINGS SCHEMA HANDLE: pronunciations/entries no dict values set
10:07:20.543012 - GSETTINGS REGISTRY: pronunciations/entries using default value = {}
10:07:20.543019 - SPEECH PRESENTER: Adjusted text: 'Reactive TUI App accessibility round 1'
10:07:20.543077 - SPEECH GENERATOR: _generate_accessible_label_and_name: [Reactive TUI App accessibility round 1, {'established': 'False', 'family': "{'dialect': '', 'lang': 'C', 'name': ''}"}]
10:07:20.543126 - SPEECH GENERATOR: Results: [Reactive TUI App accessibility round 1, {'established': 'False', 'family': "{'dialect': '', 'lang': 'C', 'name': ''}"}]
10:07:20.543177 - SPEECH GENERATOR: _generate_new_ancestors: [[Reactive TUI App accessibility round 1, {'established': 'False', 'family': "{'dialect': '', 'lang': 'C', 'name': ''}"}]]
10:07:20.543214 - AXUtilitiesRelation: [button: 'Advance download' (0x7a29e8a6ad40)]  is labelled by: []
10:07:20.543228 - GENERATOR: _generate_accessible_label: []
10:07:20.543241 - SPEECH GENERATOR: _generate_accessible_label: []
10:07:20.543262 - GENERATOR: _generate_accessible_name: [Advance download]
10:07:20.543279 - GSETTINGS SCHEMA HANDLE: voice/established not set [app:accessibility_probe, profile:default]
10:07:20.543296 - GSETTINGS SCHEMA HANDLE: voice/rate not set [app:accessibility_probe, profile:default]
10:07:20.543307 - GSETTINGS SCHEMA HANDLE: voice/pitch not set [app:accessibility_probe, profile:default]
10:07:20.543317 - GSETTINGS SCHEMA HANDLE: voice/volume not set [app:accessibility_probe, profile:default]
10:07:20.543328 - GSETTINGS SCHEMA HANDLE: voice/family-name not set [app:accessibility_probe, profile:default]
10:07:20.543338 - GSETTINGS SCHEMA HANDLE: voice/family-lang not set [app:accessibility_probe, profile:default]
10:07:20.543348 - GSETTINGS SCHEMA HANDLE: voice/family-dialect not set [app:accessibility_probe, profile:default]
10:07:20.543358 - GSETTINGS SCHEMA HANDLE: voice/family-gender not set [app:accessibility_probe, profile:default]
10:07:20.543367 - GSETTINGS SCHEMA HANDLE: voice/family-variant not set [app:accessibility_probe, profile:default]
10:07:20.543392 - SPEECH GENERATOR: default voice requested for [button: 'Advance download' (0x7a29e8a6ad40)]  language='', dialect='' Unmodified voice={'established': False}
10:07:20.543417 - SPEECH GENERATOR: Reported locale of [button: 'Advance download' (0x7a29e8a6ad40)]  is 
10:07:20.543427 - SPEECH GENERATOR: Updated to: 'C', ''
10:07:20.543444 - GSETTINGS SCHEMA HANDLE: speech/auto-language-switching not set [app:accessibility_probe, profile:default]
10:07:20.543448 - GSETTINGS REGISTRY: speech/auto-language-switching using default value = True
10:07:20.543456 - SPEECH DISPATCHER: Returning cached result for language='C' dialect='' variant='None'
10:07:20.543486 - SPEECH GENERATOR: Family updated to {'dialect': '', 'lang': 'C', 'name': ''}
10:07:20.543525 - SPEECH GENERATOR: Final voice is {'established': 'False', 'family': "{'dialect': '', 'lang': 'C', 'name': ''}"}
10:07:20.543570 - SPEECH GENERATOR: _generate_accessible_name: [Advance download, {'established': 'False', 'family': "{'dialect': '', 'lang': 'C', 'name': ''}"}]
10:07:20.543619 - GENERATOR: _generate_accessible_label_and_name: [Advance download, {'established': 'False', 'family': "{'dialect': '', 'lang': 'C', 'name': ''}"}]
10:07:20.543636 - SPEECH PRESENTER: Adjusting 'Advance download' from [button: 'Advance download' (0x7a29e8a6ad40)]  start_offset: None
10:07:20.543851 - GSETTINGS SCHEMA HANDLE: speech/speak-numbers-as-digits not set [app:accessibility_probe, profile:default]
10:07:20.543856 - GSETTINGS REGISTRY: speech/speak-numbers-as-digits using default value = False
10:07:20.543876 - GSETTINGS SCHEMA HANDLE: speech/repeated-character-limit not set [app:accessibility_probe, profile:default]
10:07:20.543880 - GSETTINGS REGISTRY: speech/repeated-character-limit using default value = 4
10:07:20.544890 - GSETTINGS SCHEMA HANDLE: speech/use-pronunciation-dictionary not set [app:accessibility_probe, profile:default]
10:07:20.544901 - GSETTINGS REGISTRY: speech/use-pronunciation-dictionary using default value = True
10:07:20.544909 - SPEECH PRESENTER: Adjusted text: 'Advance download'
10:07:20.544962 - SPEECH GENERATOR: _generate_accessible_label_and_name: [Advance download, {'established': 'False', 'family': "{'dialect': '', 'lang': 'C', 'name': ''}"}]
10:07:20.545005 - GENERATOR: _generate_state_expanded: []
10:07:20.545020 - SPEECH GENERATOR: _generate_state_expanded: []
10:07:20.546595 - GSETTINGS SCHEMA HANDLE: voice/established not set [app:accessibility_probe, profile:default]
10:07:20.546625 - GSETTINGS SCHEMA HANDLE: voice/rate not set [app:accessibility_probe, profile:default]
10:07:20.546639 - GSETTINGS SCHEMA HANDLE: voice/pitch not set [app:accessibility_probe, profile:default]
10:07:20.546650 - GSETTINGS SCHEMA HANDLE: voice/volume not set [app:accessibility_probe, profile:default]
10:07:20.546662 - GSETTINGS SCHEMA HANDLE: voice/family-name not set [app:accessibility_probe, profile:default]
10:07:20.546672 - GSETTINGS SCHEMA HANDLE: voice/family-lang not set [app:accessibility_probe, profile:default]
10:07:20.546682 - GSETTINGS SCHEMA HANDLE: voice/family-dialect not set [app:accessibility_probe, profile:default]
10:07:20.546692 - GSETTINGS SCHEMA HANDLE: voice/family-gender not set [app:accessibility_probe, profile:default]
10:07:20.546701 - GSETTINGS SCHEMA HANDLE: voice/family-variant not set [app:accessibility_probe, profile:default]
10:07:20.546733 - SPEECH GENERATOR: system voice requested for [button: 'Advance download' (0x7a29e8a6ad40)]  language='', dialect='' Unmodified voice={'established': False}
10:07:20.546756 - SPEECH GENERATOR: Reported locale of [button: 'Advance download' (0x7a29e8a6ad40)]  is 
10:07:20.546766 - SPEECH GENERATOR: Updated to: 'C', ''
10:07:20.546781 - GSETTINGS SCHEMA HANDLE: voice/established not set [app:accessibility_probe, profile:default]
10:07:20.546792 - GSETTINGS SCHEMA HANDLE: voice/rate not set [app:accessibility_probe, profile:default]
10:07:20.546803 - GSETTINGS SCHEMA HANDLE: voice/pitch not set [app:accessibility_probe, profile:default]
10:07:20.546812 - GSETTINGS SCHEMA HANDLE: voice/volume not set [app:accessibility_probe, profile:default]
10:07:20.546823 - GSETTINGS SCHEMA HANDLE: voice/family-name not set [app:accessibility_probe, profile:default]
10:07:20.546837 - GSETTINGS SCHEMA HANDLE: voice/family-lang not set [app:accessibility_probe, profile:default]
10:07:20.546846 - GSETTINGS SCHEMA HANDLE: voice/family-dialect not set [app:accessibility_probe, profile:default]
10:07:20.546860 - GSETTINGS SCHEMA HANDLE: voice/family-gender not set [app:accessibility_probe, profile:default]
10:07:20.546869 - GSETTINGS SCHEMA HANDLE: voice/family-variant not set [app:accessibility_probe, profile:default]
10:07:20.546911 - SPEECH GENERATOR: Final voice is {'established': 'False', 'family': '{}'}
10:07:20.546948 - SPEECH GENERATOR: _generate_accessible_role: [button, {'established': 'False', 'family': '{}'}]
10:07:20.546983 - GENERATOR: _generate_state_sensitive: []
10:07:20.547000 - SPEECH GENERATOR: _generate_state_sensitive: []
10:07:20.547018 - GSETTINGS SCHEMA HANDLE: speech/insert-pauses-between-utterances not set [app:accessibility_probe, profile:default]
10:07:20.547023 - GSETTINGS REGISTRY: speech/insert-pauses-between-utterances using default value = True
10:07:20.547037 - GSETTINGS SCHEMA HANDLE: speech/punctuation-level not set [app:accessibility_probe, profile:default]
10:07:20.547041 - GSETTINGS REGISTRY: speech/punctuation-level using default value = 'most'
10:07:20.547742 - GENERATOR: _generate_keyboard_mnemonic: []
10:07:20.547767 - SPEECH GENERATOR: _generate_keyboard_mnemonic: []
10:07:20.547792 - GSETTINGS SCHEMA HANDLE: speech/insert-pauses-between-utterances not set [app:accessibility_probe, profile:default]
10:07:20.547798 - GSETTINGS REGISTRY: speech/insert-pauses-between-utterances using default value = True
10:07:20.547813 - GSETTINGS SCHEMA HANDLE: speech/punctuation-level not set [app:accessibility_probe, profile:default]
10:07:20.547817 - GSETTINGS REGISTRY: speech/punctuation-level using default value = 'most'
10:07:20.548518 - SPEECH GENERATOR: _generate_keyboard_accelerator: []
10:07:20.548564 - GENERATOR: _generate_state_current: []
10:07:20.548580 - SPEECH GENERATOR: _generate_state_current: []
10:07:20.548593 - SPEECH GENERATOR: _generate_has_click_action: []
10:07:20.548606 - SPEECH GENERATOR: _generate_has_details: []
10:07:20.548619 - SPEECH GENERATOR: _generate_details_for: []
10:07:20.548848 - AXUtilitiesRelation: [button: 'Advance download' (0x7a29e8a6ad40)]  is described by: []
10:07:20.548871 - GENERATOR: _generate_accessible_description: []
10:07:20.548885 - SPEECH GENERATOR: _generate_accessible_description: []
10:07:20.548913 - SPEECH GENERATOR: _generate_state_has_popup: []
10:07:20.549480 - SPEECH GENERATOR: _generate_tutorial: []
10:07:20.549621 - SPEECH GENERATOR: Results: [[Reactive TUI App accessibility round 1, {'established': 'False', 'family': "{'dialect': '', 'lang': 'C', 'name': ''}"}], Advance download, {'established': 'False', 'family': "{'dialect': '', 'lang': 'C', 'name': ''}"}, button, {'established': 'False', 'family': '{}'}, PAUSE, PAUSE]
10:07:20.549745 - SPEECH: Speak [[Reactive TUI App accessibility round 1, {'established': 'False', 'family': "{'dialect': '', 'lang': 'C', 'name': ''}"}], Advance download, {'established': 'False', 'family': "{'dialect': '', 'lang': 'C', 'name': ''}"}, button, {'established': 'False', 'family': '{}'}, PAUSE, PAUSE], acss: None
10:07:20.549766 - SPEECH OUTPUT: 'Reactive TUI App accessibility round 1' {'established': False, 'family': {'name': '', 'gender': None, 'lang': 'C', 'dialect': '', 'variant': None}}
10:07:20.549774 - SPEECH DISPATCHER: Speaking 'Reactive TUI App accessibility round 1' as string
10:07:20.549962 - SPEECH DISPATCHER: Speaking '<speak><mark name="0:8"/>Reactive <mark name="9:12"/>TUI <mark name="13:16"/>App <mark name="17:30"/>accessibility <mark name="31:36"/>round <mark name="37:38"/>1</speak>' 
                  ORCA rate 50.0, pitch 5.0, volume 10.0, language C, punctuation: MOST
                  SD rate 2, pitch 10, volume 100, language c
10:07:20.550154 - SPEECH: New voice {'established': 'False'}  != active voice {'established': 'False', 'family': "{'dialect': '', 'lang': 'C', 'name': ''}"}
10:07:20.550171 - SPEECH OUTPUT: 'Advance download' {'established': False, 'family': {'name': '', 'gender': None, 'lang': 'C', 'dialect': '', 'variant': None}}
10:07:20.550176 - SPEECH DISPATCHER: Speaking 'Advance download' as string
10:07:20.550280 - SPEECH DISPATCHER: Speaking '<speak><mark name="0:7"/>Advance <mark name="8:16"/>download</speak>' 
                  ORCA rate 50.0, pitch 5.0, volume 10.0, language C, punctuation: MOST
                  SD rate 2, pitch 10, volume 100, language c
10:07:20.557624 - SPEECH OUTPUT: 'button.' {'established': False}
10:07:20.557645 - SPEECH DISPATCHER: Speaking 'button.' as string
10:07:20.558065 - SPEECH DISPATCHER: Speaking '<speak><mark name="0:7"/>button.</speak>' 
                  ORCA rate 50.0, pitch 5.0, volume 10.0, language C, punctuation: MOST
                  SD rate 2, pitch 10, volume 100, language c
10:07:20.558146 - GSETTINGS SCHEMA HANDLE: braille/enabled not set [app:accessibility_probe, profile:default]
10:07:20.558155 - GSETTINGS REGISTRY: braille/enabled using default value = True
10:07:20.558190 - FOCUS MANAGER: Active mode: focus-tracking Object of interest: [button: 'Advance download' (0x7a29e8a6ad40)] 
10:07:20.558204 - GSETTINGS SCHEMA HANDLE: braille/enabled not set [app:accessibility_probe, profile:default]
10:07:20.558208 - GSETTINGS REGISTRY: braille/enabled using default value = True
10:07:20.558223 - GSETTINGS SCHEMA HANDLE: braille/verbosity-level not set [app:accessibility_probe, profile:default]
10:07:20.558227 - GSETTINGS REGISTRY: braille/verbosity-level using default value = 'verbose'
10:07:20.558240 - FOCUS MANAGER: Locus of focus is [button: 'Advance download' (0x7a29e8a6ad40)] 
10:07:20.558256 - SCRIPT MANAGER: Active script is: accessibility_probe (module=orca.scripts.default)
10:07:20.558271 - GSETTINGS SCHEMA HANDLE: braille/rolename-style not set [app:accessibility_probe, profile:default]
10:07:20.558275 - GSETTINGS REGISTRY: braille/rolename-style using default value = 'verbose'
10:07:20.558285 - GSETTINGS SCHEMA HANDLE: braille/display-ancestors not set [app:accessibility_probe, profile:default]
10:07:20.558288 - GSETTINGS REGISTRY: braille/display-ancestors using default value = True
10:07:20.558299 - GSETTINGS SCHEMA HANDLE: braille/end-of-line-indicator not set [app:accessibility_probe, profile:default]
10:07:20.558302 - GSETTINGS REGISTRY: braille/end-of-line-indicator using default value = True
10:07:20.558311 - GSETTINGS SCHEMA HANDLE: braille/present-mnemonics not set [app:accessibility_probe, profile:default]
10:07:20.558314 - GSETTINGS REGISTRY: braille/present-mnemonics using default value = True
10:07:20.560384 - GENERATOR: _get_functional_role: button
10:07:20.560522 - BRAILLE GENERATOR: braille_generator.BrailleGenerator._generate_push_button for [button: 'Advance download' (0x7a29e8a6ad40)]  args: {'formatType': 'focused', 'priorObj': "[terminal: 'Terminal' (0x7a29d2f908c0)] ", 'role': 'button'}
10:07:20.564476 - GENERATOR: _get_functional_role: frame
10:07:20.564626 - BRAILLE GENERATOR: braille_generator.BrailleGenerator._generate_frame for [frame: 'Reactive TUI App accessibility round 1' (0x7a29e814f500)]  args: {'formatType': 'ancestor', 'includeContext': 'False', 'priorObj': "[terminal: 'Terminal' (0x7a29d2f908c0)] ", 'role': 'frame'}
10:07:20.564715 - AXUtilitiesRelation: [frame: 'Reactive TUI App accessibility round 1' (0x7a29e814f500)]  is labelled by: []
10:07:20.564747 - GENERATOR: _generate_accessible_label: []
10:07:20.564791 - GENERATOR: _generate_accessible_name: [Reactive TUI App accessibility round 1]
10:07:20.564832 - GENERATOR: _generate_accessible_label_and_name: [Reactive TUI App accessibility round 1]
10:07:20.567057 - BRAILLE GENERATOR: _generate_accessible_role: [frame]
10:07:20.567210 - AXUtilities: Unfocused alerts and dialogs for [frame: 'Reactive TUI App accessibility round 1' (0x7a29e814f500)] : []
10:07:20.567242 - BRAILLE GENERATOR: _generate_alert_and_dialog_count: []
10:07:20.567260 - BRAILLE: Not contracting 'Reactive TUI App accessibility round 1 frame' because contracted braille is not enabled.
10:07:20.567309 - GENERATOR: _generate_accessible_description: []
10:07:20.567674 - GENERATOR: _generate_state_current: []
10:07:20.567731 - BRAILLE GENERATOR: Results: [COMPONENT: 'Reactive TUI App accessibility round 1 frame', cursor offset:0]
10:07:20.570185 - GENERATOR: _get_functional_role: application
10:07:20.570244 - BRAILLE GENERATOR: [application: 'accessibility_probe' (0x7a29e8147200)]  lacks dedicated generator
10:07:20.570361 - BRAILLE GENERATOR: braille_generator.BrailleGenerator._generate_default_presentation for [application: 'accessibility_probe' (0x7a29e8147200)]  args: {'formatType': 'ancestor', 'includeContext': 'False', 'priorObj': "[terminal: 'Terminal' (0x7a29d2f908c0)] ", 'role': 'application'}
10:07:20.570476 - AXUtilitiesRelation: [application: 'accessibility_probe' (0x7a29e8147200)]  is labelled by: []
10:07:20.570507 - GENERATOR: _generate_accessible_label: []
10:07:20.570539 - GENERATOR: _generate_accessible_name: [accessibility_probe]
10:07:20.570562 - GENERATOR: _generate_accessible_label_and_name: [accessibility_probe]
10:07:20.572438 - BRAILLE GENERATOR: _generate_accessible_role: [application]
10:07:20.572467 - BRAILLE: Not contracting 'accessibility_probe application' because contracted braille is not enabled.
10:07:20.572508 - BRAILLE GENERATOR: Results: [COMPONENT: 'accessibility_probe application', cursor offset:0]
10:07:20.572577 - BRAILLE GENERATOR: _generate_ancestors: [COMPONENT: 'accessibility_probe application', cursor offset:0, REGION: ' ', cursor offset:0, COMPONENT: 'Reactive TUI App accessibility round 1 frame', cursor offset:0]
10:07:20.572641 - AXUtilitiesRelation: [button: 'Advance download' (0x7a29e8a6ad40)]  is labelled by: []
10:07:20.572672 - GENERATOR: _generate_accessible_label: []
10:07:20.572714 - GENERATOR: _generate_accessible_name: [Advance download]
10:07:20.572756 - GENERATOR: _generate_accessible_label_and_name: [Advance download]
10:07:20.572837 - GENERATOR: _generate_state_expanded: []
10:07:20.574553 - BRAILLE GENERATOR: _generate_accessible_role: [button]
10:07:20.575090 - GENERATOR: _generate_keyboard_mnemonic: []
10:07:20.575680 - BRAILLE: Not contracting 'Advance download button' because contracted braille is not enabled.
10:07:20.575722 - GENERATOR: _generate_accessible_description: []
10:07:20.575749 - GENERATOR: _generate_state_current: []
10:07:20.575788 - BRAILLE GENERATOR: Results: [COMPONENT: 'accessibility_probe application', cursor offset:0, REGION: ' ', cursor offset:0, COMPONENT: 'Reactive TUI App accessibility round 1 frame', cursor offset:0, REGION: ' ', cursor offset:0, COMPONENT: 'Advance download button', cursor offset:0]
10:07:20.575832 - BRAILLE: Refresh. Pan: True target: 0
10:07:20.575839 - BRAILLE: Kill flash message braille.display_line:1618 > braille.refresh:2097 > braille._prepare_refresh:1856 > braille.kill_flash:2182
10:07:20.576296 - GSETTINGS SCHEMA HANDLE: braille/enabled not set [app:accessibility_probe, profile:default]
10:07:20.576307 - GSETTINGS REGISTRY: braille/enabled using default value = True
10:07:20.576338 - BRAILLE: Last text object: [terminal: 'Terminal' (0x7a29d2f908c0)]  (Caret: 1016, Line: 1010, Cell: 7)
10:07:20.576363 - BRAILLE: Current text object: None (Caret: 0, Line: 0). On same line: False
10:07:20.576371 - BRAILLE: Line 0: 'accessibility_probe application Reactive TUI App accessibility round 1 frame Advance download button' focusOffset: 77 [[0, 32], [32, 63], [63, 77], [77, 100]]
10:07:20.576375 - BRAILLE: Cursor offset in line string is: 77
10:07:20.576381 - BRAILLE: Adjusting offset to 77 (unhandled condition)
10:07:20.576385 - BRAILLE: Current range: (77, 109). Target cell: 0
10:07:20.576390 - BRAILLE LINE:  'accessibility_probe application Reactive TUI App accessibility round 1 frame Advance download button'
10:07:20.576394 -      VISIBLE:  'Advance download button', cursor=1
10:07:20.576408 - BRAILLE: Enabling braille. BrlAPI running: False
10:07:20.576411 - BRAILLE: Need to initialize first.
10:07:20.576426 - BRAILLE: Initializing. Callback: input_event_manager.InputEventManager.process_braille_event
10:07:20.576446 - BRAILLE: WINDOWPATH= None
10:07:20.576459 - BRAILLE: XDG_VTNR= 1
10:07:20.576478 - BRAILLE: Attempting connection with BrlAPI.
10:07:20.576795 - BRAILLE: BrlAPI Connection is unavailable (ConnectionError): couldn't connect to b':0' with key b'keyfile:/etc/brlapi.key+polkit': connect: No such file or directory
                  (brlerrno 11, libcerrno 2, gaierrno 0)
                  Is BRLTTY really running?
10:07:20.577005 - AXTable: Setting last cell coordinates to row=-1, column=-1
10:07:20.577040 - FOCUS MANAGER: Setting last cursor position to [button: 'Advance download' (0x7a29e8a6ad40)]  -1
10:07:20.577086 - FOCUS MANAGER: Active window is [frame: 'Reactive TUI App accessibility round 1' (0x7a29e814f500)]  focus_manager.set_locus_of_focus:327 > focus_manager._save_object_details:254 > ax_utilities_event.save_object_info_for_events:195 > focus_manager.get_active_window:342
TOTAL PROCESSING TIME: 0.0554
^^^^^ FINISHED PRIORITY-3 OBJECT EVENT OBJECT:STATE-CHANGED:FOCUSED ^^^^^

10:07:20.577920 - GSETTINGS SCHEMA HANDLE: keybindings/keyboard-layout not set [app:accessibility_probe, profile:default]
10:07:20.577946 - GSETTINGS REGISTRY: keybindings/keyboard-layout using default value = 'desktop'
10:07:20.578005 - GSETTINGS SCHEMA HANDLE: keybindings/desktop-modifier-keys not set [app:accessibility_probe, profile:default]
10:07:20.578026 - GSETTINGS REGISTRY: keybindings/desktop-modifier-keys using default value = ['Insert', 'KP_Insert']
10:07:20.578073 - FOCUS MANAGER: Active window is [frame: 'Reactive TUI App accessibility round 1' (0x7a29e814f500)]  <unknown>.<module>:373 > input_event_manager._on_key_pressed:261 > input_event_manager.process_keyboard_event:297 > focus_manager.get_active_window:342
10:07:20.578406 - AXObject: Clearing AT-SPI cache on [frame: 'Reactive TUI App accessibility round 1' (0x7a29e814f500)]  Recursive: False.  Reason: Checking if window can be the active window

10:07:20.578724 - EVENT MANAGER: object:state-changed:sensitive for [menu item: 'Paste' (0x7a29e813e280)]  in org.gnome.Terminal (gtk 3.24.52) (1, 0, 0)
10:07:20.578750 - FOCUS MANAGER: Locus of focus is [button: 'Advance download' (0x7a29e8a6ad40)] 
10:07:20.578825 - EVENT MANAGER: Ignoring object:state-changed:sensitive due to role of unfocused source
10:07:20.580561 - AXUtilities: [frame: 'Reactive TUI App accessibility round 1' (0x7a29e814f500)]  from [application: 'accessibility_probe' (0x7a29e8147200)]  can be active window
10:07:20.580743 - FOCUS MANAGER: Locus of focus is [button: 'Advance download' (0x7a29e8a6ad40)] 
10:07:20.580891 - SCRIPT MANAGER: Active script is: accessibility_probe (module=orca.scripts.default)

KEYBOARD_EVENT:  type=ATSPI_KEY_PRESSED_EVENT
                 id=65507
                 hw_code=37
                 modifiers=0
                 text=''
                 keyval_name='Control_L'
                 timestamp=1789049240.5778644
                 clickCount=1

vvvvv PROCESS ATSPI_KEY_PRESSED_EVENT: 'Control_L' (37) vvvvv
10:07:20.581072 - SCRIPT: accessibility_probe (module=orca.scripts.default)
10:07:20.581088 - WINDOW: [frame: 'Reactive TUI App accessibility round 1' (0x7a29e814f500)] 
10:07:20.581101 - LOCATION: [button: 'Advance download' (0x7a29e8a6ad40)] 
10:07:20.581137 - GSETTINGS SCHEMA HANDLE: keybindings/keyboard-layout not set [app:accessibility_probe, profile:default]
10:07:20.581143 - GSETTINGS REGISTRY: keybindings/keyboard-layout using default value = 'desktop'
10:07:20.581155 - GSETTINGS SCHEMA HANDLE: keybindings/desktop-modifier-keys not set [app:accessibility_probe, profile:default]
10:07:20.581160 - GSETTINGS REGISTRY: keybindings/desktop-modifier-keys using default value = ['Insert', 'KP_Insert']
10:07:20.581169 - PRESENTATION MANAGER: Interrupting presentation
10:07:20.581199 - SPEECH MANAGER: interrupt_speech. Script: None Event: None notify_user: False
10:07:20.581427 - SPEECH MANAGER: Speech server is <orca.speechdispatcherfactory.SpeechServer object at 0x7a29e89e96a0>
10:07:20.581544 - BRAILLE: Kill flash message input_event._present:603 > presentation_manager.interrupt_presentation:88 > braille_presenter.kill_flash:1829 > braille.kill_flash:2182
10:07:20.581857 - TYPING ECHO PRESENTER: should_echo_keyboard_event: 'left control'?
10:07:20.581881 - GSETTINGS SCHEMA HANDLE: keybindings/keyboard-layout not set [app:accessibility_probe, profile:default]
10:07:20.581886 - GSETTINGS REGISTRY: keybindings/keyboard-layout using default value = 'desktop'
10:07:20.581898 - GSETTINGS SCHEMA HANDLE: keybindings/desktop-modifier-keys not set [app:accessibility_probe, profile:default]
10:07:20.581903 - GSETTINGS REGISTRY: keybindings/desktop-modifier-keys using default value = ['Insert', 'KP_Insert']
10:07:20.581944 - GSETTINGS SCHEMA HANDLE: typing-echo/character-echo not set [app:accessibility_probe, profile:default]
10:07:20.581949 - GSETTINGS REGISTRY: typing-echo/character-echo using default value = False
10:07:20.581962 - GSETTINGS SCHEMA HANDLE: keybindings/keyboard-layout not set [app:accessibility_probe, profile:default]
10:07:20.581966 - GSETTINGS REGISTRY: keybindings/keyboard-layout using default value = 'desktop'
10:07:20.581987 - GSETTINGS SCHEMA HANDLE: keybindings/desktop-modifier-keys not set [app:accessibility_probe, profile:default]
10:07:20.581992 - GSETTINGS REGISTRY: keybindings/desktop-modifier-keys using default value = ['Insert', 'KP_Insert']
10:07:20.582008 - GSETTINGS SCHEMA HANDLE: typing-echo/key-echo not set [app:accessibility_probe, profile:default]
10:07:20.582012 - GSETTINGS REGISTRY: typing-echo/key-echo using default value = True
10:07:20.582063 - GSETTINGS SCHEMA HANDLE: typing-echo/modifier-keys not set [app:accessibility_probe, profile:default]
10:07:20.582068 - GSETTINGS REGISTRY: typing-echo/modifier-keys using default value = True
10:07:20.582073 - TYPING ECHO PRESENTER: Echoing modifier keyboard event: True.
10:07:20.582093 - GSETTINGS SCHEMA HANDLE: keybindings/keyboard-layout not set [app:accessibility_probe, profile:default]
10:07:20.582097 - GSETTINGS REGISTRY: keybindings/keyboard-layout using default value = 'desktop'
10:07:20.582107 - GSETTINGS SCHEMA HANDLE: keybindings/desktop-modifier-keys not set [app:accessibility_probe, profile:default]
10:07:20.582112 - GSETTINGS REGISTRY: keybindings/desktop-modifier-keys using default value = ['Insert', 'KP_Insert']
10:07:20.582138 - SCRIPT MANAGER: Active script is: accessibility_probe (module=orca.scripts.default)
10:07:20.582164 - FOCUS MANAGER: Active mode: focus-tracking Object of interest: [button: 'Advance download' (0x7a29e8a6ad40)] 
10:07:20.582180 - GSETTINGS SCHEMA HANDLE: speech/enable not set [app:accessibility_probe, profile:default]
10:07:20.582184 - GSETTINGS REGISTRY: speech/enable using default value = True
10:07:20.582198 - GSETTINGS SCHEMA HANDLE: speech/verbosity-level not set [app:accessibility_probe, profile:default]
10:07:20.582202 - GSETTINGS REGISTRY: speech/verbosity-level using default value = 'verbose'
10:07:20.582215 - FOCUS MANAGER: Locus of focus is [button: 'Advance download' (0x7a29e8a6ad40)] 
10:07:20.582228 - SCRIPT MANAGER: Active script is: accessibility_probe (module=orca.scripts.default)
10:07:20.582242 - GSETTINGS SCHEMA HANDLE: speech/only-speak-displayed-text not set [app:accessibility_probe, profile:default]
10:07:20.582246 - GSETTINGS REGISTRY: speech/only-speak-displayed-text using default value = False
10:07:20.582257 - GSETTINGS SCHEMA HANDLE: speech/speak-description not set [app:accessibility_probe, profile:default]
10:07:20.582260 - GSETTINGS REGISTRY: speech/speak-description using default value = True
10:07:20.582271 - GSETTINGS SCHEMA HANDLE: speech/speak-tutorial-messages not set [app:accessibility_probe, profile:default]
10:07:20.582274 - GSETTINGS REGISTRY: speech/speak-tutorial-messages using default value = True
10:07:20.582284 - GSETTINGS SCHEMA HANDLE: speech/speak-position-in-set not set [app:accessibility_probe, profile:default]
10:07:20.582287 - GSETTINGS REGISTRY: speech/speak-position-in-set using default value = False
10:07:20.582296 - GSETTINGS SCHEMA HANDLE: speech/speak-widget-mnemonic not set [app:accessibility_probe, profile:default]
10:07:20.582302 - GSETTINGS REGISTRY: speech/speak-widget-mnemonic using default value = True
10:07:20.582311 - GSETTINGS SCHEMA HANDLE: speech/speak-blank-lines not set [app:accessibility_probe, profile:default]
10:07:20.582314 - GSETTINGS REGISTRY: speech/speak-blank-lines using default value = True
10:07:20.582325 - GSETTINGS SCHEMA HANDLE: speech/speak-indentation-and-justification not set [app:accessibility_probe, profile:default]
10:07:20.582331 - GSETTINGS REGISTRY: speech/speak-indentation-and-justification using default value = False
10:07:20.582341 - GSETTINGS SCHEMA HANDLE: speech/announce-cell-headers not set [app:accessibility_probe, profile:default]
10:07:20.582345 - GSETTINGS REGISTRY: speech/announce-cell-headers using default value = True
10:07:20.582355 - GSETTINGS SCHEMA HANDLE: speech/announce-cell-coordinates not set [app:accessibility_probe, profile:default]
10:07:20.582358 - GSETTINGS REGISTRY: speech/announce-cell-coordinates using default value = True
10:07:20.582368 - GSETTINGS SCHEMA HANDLE: speech/announce-spreadsheet-cell-coordinates not set [app:accessibility_probe, profile:default]
10:07:20.582372 - GSETTINGS REGISTRY: speech/announce-spreadsheet-cell-coordinates using default value = True
10:07:20.582381 - GSETTINGS SCHEMA HANDLE: speech/announce-blockquote not set [app:accessibility_probe, profile:default]
10:07:20.582385 - GSETTINGS REGISTRY: speech/announce-blockquote using default value = True
10:07:20.582394 - GSETTINGS SCHEMA HANDLE: speech/announce-form not set [app:accessibility_probe, profile:default]
10:07:20.582397 - GSETTINGS REGISTRY: speech/announce-form using default value = True
10:07:20.582407 - GSETTINGS SCHEMA HANDLE: speech/announce-landmark not set [app:accessibility_probe, profile:default]
10:07:20.582410 - GSETTINGS REGISTRY: speech/announce-landmark using default value = True
10:07:20.582420 - GSETTINGS SCHEMA HANDLE: speech/announce-list not set [app:accessibility_probe, profile:default]
10:07:20.582423 - GSETTINGS REGISTRY: speech/announce-list using default value = True
10:07:20.582433 - GSETTINGS SCHEMA HANDLE: speech/announce-grouping not set [app:accessibility_probe, profile:default]
10:07:20.582436 - GSETTINGS REGISTRY: speech/announce-grouping using default value = True
10:07:20.582445 - GSETTINGS SCHEMA HANDLE: speech/announce-table not set [app:accessibility_probe, profile:default]
10:07:20.582449 - GSETTINGS REGISTRY: speech/announce-table using default value = True
10:07:20.582470 - GSETTINGS SCHEMA HANDLE: voice/established not set [app:accessibility_probe, profile:default]
10:07:20.582482 - GSETTINGS SCHEMA HANDLE: voice/rate not set [app:accessibility_probe, profile:default]
10:07:20.582493 - GSETTINGS SCHEMA HANDLE: voice/pitch not set [app:accessibility_probe, profile:default]
10:07:20.582503 - GSETTINGS SCHEMA HANDLE: voice/volume not set [app:accessibility_probe, profile:default]
10:07:20.582514 - GSETTINGS SCHEMA HANDLE: voice/family-name not set [app:accessibility_probe, profile:default]
10:07:20.582524 - GSETTINGS SCHEMA HANDLE: voice/family-lang not set [app:accessibility_probe, profile:default]
10:07:20.582534 - GSETTINGS SCHEMA HANDLE: voice/family-dialect not set [app:accessibility_probe, profile:default]
10:07:20.582544 - GSETTINGS SCHEMA HANDLE: voice/family-gender not set [app:accessibility_probe, profile:default]
10:07:20.582553 - GSETTINGS SCHEMA HANDLE: voice/family-variant not set [app:accessibility_probe, profile:default]
10:07:20.582579 - SPEECH GENERATOR: None voice requested for None language='', dialect='' Unmodified voice={'established': False}
10:07:20.582602 - SPEECH GENERATOR: Reported locale of None is 
10:07:20.582615 - SPEECH GENERATOR: Updated to: 'C', ''
10:07:20.582631 - GSETTINGS SCHEMA HANDLE: speech/auto-language-switching not set [app:accessibility_probe, profile:default]
10:07:20.582635 - GSETTINGS REGISTRY: speech/auto-language-switching using default value = True
10:07:20.582644 - SPEECH DISPATCHER: Returning cached result for language='C' dialect='' variant='None'
10:07:20.582683 - SPEECH GENERATOR: Family updated to {'dialect': '', 'lang': 'C', 'name': ''}
10:07:20.582725 - SPEECH GENERATOR: Final voice is {'established': 'False', 'family': "{'dialect': '', 'lang': 'C', 'name': ''}"}
10:07:20.582746 - GSETTINGS SCHEMA HANDLE: keybindings/keyboard-layout not set [app:accessibility_probe, profile:default]
10:07:20.582751 - GSETTINGS REGISTRY: keybindings/keyboard-layout using default value = 'desktop'
10:07:20.582763 - GSETTINGS SCHEMA HANDLE: keybindings/desktop-modifier-keys not set [app:accessibility_probe, profile:default]
10:07:20.582767 - GSETTINGS REGISTRY: keybindings/desktop-modifier-keys using default value = ['Insert', 'KP_Insert']
10:07:20.582776 - SPEECH OUTPUT: 'left control' {'established': False, 'family': {'name': '', 'gender': None, 'lang': 'C', 'dialect': '', 'variant': None}}
10:07:20.582789 - GSETTINGS SCHEMA HANDLE: keybindings/keyboard-layout not set [app:accessibility_probe, profile:default]
10:07:20.582793 - GSETTINGS REGISTRY: keybindings/keyboard-layout using default value = 'desktop'
10:07:20.582803 - GSETTINGS SCHEMA HANDLE: keybindings/desktop-modifier-keys not set [app:accessibility_probe, profile:default]
10:07:20.582807 - GSETTINGS REGISTRY: keybindings/desktop-modifier-keys using default value = ['Insert', 'KP_Insert']
10:07:20.582814 - SPEECH DISPATCHER: Speaking 'left control' as string
10:07:20.582819 - SPEECH DISPATCHER: Speaking 'left control' as string
10:07:20.583009 - SPEECH DISPATCHER: Speaking '<speak><mark name="0:4"/>left <mark name="5:12"/>control</speak>' 
                  ORCA rate 50.0, pitch 5.0, volume 10.0, language C, punctuation: MOST
                  SD rate 2, pitch 10, volume 100, language c
10:07:20.583122 - TOTAL PROCESSING TIME: 0.0021
^^^^^ PROCESS ATSPI_KEY_PRESSED_EVENT: 'Control_L' (37) ^^^^^

10:07:20.584301 - GSETTINGS SCHEMA HANDLE: keybindings/keyboard-layout not set [app:accessibility_probe, profile:default]
10:07:20.584315 - GSETTINGS REGISTRY: keybindings/keyboard-layout using default value = 'desktop'
10:07:20.584329 - GSETTINGS SCHEMA HANDLE: keybindings/desktop-modifier-keys not set [app:accessibility_probe, profile:default]
10:07:20.584335 - GSETTINGS REGISTRY: keybindings/desktop-modifier-keys using default value = ['Insert', 'KP_Insert']
10:07:20.584342 - ORCA MODIFIER MANAGER: Setting pressed state to True
10:07:20.584374 - FOCUS MANAGER: Active window is [frame: 'Reactive TUI App accessibility round 1' (0x7a29e814f500)]  <unknown>.<module>:373 > input_event_manager._on_key_pressed:261 > input_event_manager.process_keyboard_event:297 > focus_manager.get_active_window:342
10:07:20.584610 - AXObject: Clearing AT-SPI cache on [frame: 'Reactive TUI App accessibility round 1' (0x7a29e814f500)]  Recursive: False.  Reason: Checking if window can be the active window
10:07:20.586012 - AXUtilities: [frame: 'Reactive TUI App accessibility round 1' (0x7a29e814f500)]  from [application: 'accessibility_probe' (0x7a29e8147200)]  can be active window
10:07:20.586204 - FOCUS MANAGER: Locus of focus is [button: 'Advance download' (0x7a29e8a6ad40)] 
10:07:20.586349 - SCRIPT MANAGER: Active script is: accessibility_probe (module=orca.scripts.default)
10:07:20.586504 - GSETTINGS SCHEMA HANDLE: keybindings/keyboard-layout not set [app:accessibility_probe, profile:default]
10:07:20.586512 - GSETTINGS REGISTRY: keybindings/keyboard-layout using default value = 'desktop'
10:07:20.586525 - GSETTINGS SCHEMA HANDLE: keybindings/desktop-modifier-keys not set [app:accessibility_probe, profile:default]
10:07:20.586530 - GSETTINGS REGISTRY: keybindings/desktop-modifier-keys using default value = ['Insert', 'KP_Insert']

KEYBOARD_EVENT:  type=ATSPI_KEY_PRESSED_EVENT
                 id=65379
                 hw_code=118
                 modifiers=4356
                 text=''
                 keyval_name='Insert'
                 timestamp=1789049240.5842767
                 clickCount=1

vvvvv PROCESS ATSPI_KEY_PRESSED_EVENT: 'Insert' (118) vvvvv
10:07:20.586566 - SCRIPT: accessibility_probe (module=orca.scripts.default)
10:07:20.586584 - WINDOW: [frame: 'Reactive TUI App accessibility round 1' (0x7a29e814f500)] 
10:07:20.586596 - LOCATION: [button: 'Advance download' (0x7a29e8a6ad40)] 
10:07:20.586618 - GSETTINGS SCHEMA HANDLE: keybindings/keyboard-layout not set [app:accessibility_probe, profile:default]
10:07:20.586623 - GSETTINGS REGISTRY: keybindings/keyboard-layout using default value = 'desktop'
10:07:20.586634 - GSETTINGS SCHEMA HANDLE: keybindings/desktop-modifier-keys not set [app:accessibility_probe, profile:default]
10:07:20.586638 - GSETTINGS REGISTRY: keybindings/desktop-modifier-keys using default value = ['Insert', 'KP_Insert']
10:07:20.586645 - PRESENTATION MANAGER: Interrupting presentation
10:07:20.586674 - SPEECH MANAGER: interrupt_speech. Script: None Event: None notify_user: False
10:07:20.586901 - SPEECH MANAGER: Speech server is <orca.speechdispatcherfactory.SpeechServer object at 0x7a29e89e96a0>
10:07:20.590412 - BRAILLE: Kill flash message input_event._present:603 > presentation_manager.interrupt_presentation:88 > braille_presenter.kill_flash:1829 > braille.kill_flash:2182
10:07:20.590762 - TYPING ECHO PRESENTER: should_echo_keyboard_event: 'insert'?
10:07:20.590789 - GSETTINGS SCHEMA HANDLE: keybindings/keyboard-layout not set [app:accessibility_probe, profile:default]
10:07:20.590795 - GSETTINGS REGISTRY: keybindings/keyboard-layout using default value = 'desktop'
10:07:20.590807 - GSETTINGS SCHEMA HANDLE: keybindings/desktop-modifier-keys not set [app:accessibility_probe, profile:default]
10:07:20.590813 - GSETTINGS REGISTRY: keybindings/desktop-modifier-keys using default value = ['Insert', 'KP_Insert']
10:07:20.590828 - GSETTINGS SCHEMA HANDLE: typing-echo/key-echo not set [app:accessibility_probe, profile:default]
10:07:20.590832 - GSETTINGS REGISTRY: typing-echo/key-echo using default value = True
10:07:20.590844 - GSETTINGS SCHEMA HANDLE: typing-echo/modifier-keys not set [app:accessibility_probe, profile:default]
10:07:20.590848 - GSETTINGS REGISTRY: typing-echo/modifier-keys using default value = True
10:07:20.590852 - TYPING ECHO PRESENTER: Echoing modifier Orca modifier event: True.
10:07:20.590871 - GSETTINGS SCHEMA HANDLE: keybindings/keyboard-layout not set [app:accessibility_probe, profile:default]
10:07:20.590875 - GSETTINGS REGISTRY: keybindings/keyboard-layout using default value = 'desktop'
10:07:20.590884 - GSETTINGS SCHEMA HANDLE: keybindings/desktop-modifier-keys not set [app:accessibility_probe, profile:default]
10:07:20.590888 - GSETTINGS REGISTRY: keybindings/desktop-modifier-keys using default value = ['Insert', 'KP_Insert']
10:07:20.590908 - SCRIPT MANAGER: Active script is: accessibility_probe (module=orca.scripts.default)
10:07:20.590934 - FOCUS MANAGER: Active mode: focus-tracking Object of interest: [button: 'Advance download' (0x7a29e8a6ad40)] 
10:07:20.590949 - GSETTINGS SCHEMA HANDLE: speech/enable not set [app:accessibility_probe, profile:default]
10:07:20.590952 - GSETTINGS REGISTRY: speech/enable using default value = True
10:07:20.590968 - GSETTINGS SCHEMA HANDLE: speech/verbosity-level not set [app:accessibility_probe, profile:default]
10:07:20.590974 - GSETTINGS REGISTRY: speech/verbosity-level using default value = 'verbose'
10:07:20.591003 - FOCUS MANAGER: Locus of focus is [button: 'Advance download' (0x7a29e8a6ad40)] 
10:07:20.591021 - SCRIPT MANAGER: Active script is: accessibility_probe (module=orca.scripts.default)
10:07:20.591036 - GSETTINGS SCHEMA HANDLE: speech/only-speak-displayed-text not set [app:accessibility_probe, profile:default]
10:07:20.591040 - GSETTINGS REGISTRY: speech/only-speak-displayed-text using default value = False
10:07:20.591050 - GSETTINGS SCHEMA HANDLE: speech/speak-description not set [app:accessibility_probe, profile:default]
10:07:20.591053 - GSETTINGS REGISTRY: speech/speak-description using default value = True
10:07:20.591063 - GSETTINGS SCHEMA HANDLE: speech/speak-tutorial-messages not set [app:accessibility_probe, profile:default]
10:07:20.591066 - GSETTINGS REGISTRY: speech/speak-tutorial-messages using default value = True
10:07:20.591078 - GSETTINGS SCHEMA HANDLE: speech/speak-position-in-set not set [app:accessibility_probe, profile:default]
10:07:20.591081 - GSETTINGS REGISTRY: speech/speak-position-in-set using default value = False
10:07:20.591090 - GSETTINGS SCHEMA HANDLE: speech/speak-widget-mnemonic not set [app:accessibility_probe, profile:default]
10:07:20.591094 - GSETTINGS REGISTRY: speech/speak-widget-mnemonic using default value = True
10:07:20.591103 - GSETTINGS SCHEMA HANDLE: speech/speak-blank-lines not set [app:accessibility_probe, profile:default]
10:07:20.591106 - GSETTINGS REGISTRY: speech/speak-blank-lines using default value = True
10:07:20.591115 - GSETTINGS SCHEMA HANDLE: speech/speak-indentation-and-justification not set [app:accessibility_probe, profile:default]
10:07:20.591120 - GSETTINGS REGISTRY: speech/speak-indentation-and-justification using default value = False
10:07:20.591129 - GSETTINGS SCHEMA HANDLE: speech/announce-cell-headers not set [app:accessibility_probe, profile:default]
10:07:20.591133 - GSETTINGS REGISTRY: speech/announce-cell-headers using default value = True
10:07:20.591141 - GSETTINGS SCHEMA HANDLE: speech/announce-cell-coordinates not set [app:accessibility_probe, profile:default]
10:07:20.591144 - GSETTINGS REGISTRY: speech/announce-cell-coordinates using default value = True
10:07:20.591155 - GSETTINGS SCHEMA HANDLE: speech/announce-spreadsheet-cell-coordinates not set [app:accessibility_probe, profile:default]
10:07:20.591158 - GSETTINGS REGISTRY: speech/announce-spreadsheet-cell-coordinates using default value = True
10:07:20.591167 - GSETTINGS SCHEMA HANDLE: speech/announce-blockquote not set [app:accessibility_probe, profile:default]
10:07:20.591170 - GSETTINGS REGISTRY: speech/announce-blockquote using default value = True
10:07:20.591179 - GSETTINGS SCHEMA HANDLE: speech/announce-form not set [app:accessibility_probe, profile:default]
10:07:20.591182 - GSETTINGS REGISTRY: speech/announce-form using default value = True
10:07:20.591191 - GSETTINGS SCHEMA HANDLE: speech/announce-landmark not set [app:accessibility_probe, profile:default]
10:07:20.591194 - GSETTINGS REGISTRY: speech/announce-landmark using default value = True
10:07:20.591202 - GSETTINGS SCHEMA HANDLE: speech/announce-list not set [app:accessibility_probe, profile:default]
10:07:20.591205 - GSETTINGS REGISTRY: speech/announce-list using default value = True
10:07:20.591214 - GSETTINGS SCHEMA HANDLE: speech/announce-grouping not set [app:accessibility_probe, profile:default]
10:07:20.591217 - GSETTINGS REGISTRY: speech/announce-grouping using default value = True
10:07:20.591226 - GSETTINGS SCHEMA HANDLE: speech/announce-table not set [app:accessibility_probe, profile:default]
10:07:20.591229 - GSETTINGS REGISTRY: speech/announce-table using default value = True
10:07:20.591256 - GSETTINGS SCHEMA HANDLE: voice/established not set [app:accessibility_probe, profile:default]
10:07:20.591274 - GSETTINGS SCHEMA HANDLE: voice/rate not set [app:accessibility_probe, profile:default]
10:07:20.591293 - GSETTINGS SCHEMA HANDLE: voice/pitch not set [app:accessibility_probe, profile:default]
10:07:20.591310 - GSETTINGS SCHEMA HANDLE: voice/volume not set [app:accessibility_probe, profile:default]
10:07:20.591328 - GSETTINGS SCHEMA HANDLE: voice/family-name not set [app:accessibility_probe, profile:default]
10:07:20.591345 - GSETTINGS SCHEMA HANDLE: voice/family-lang not set [app:accessibility_probe, profile:default]
10:07:20.591362 - GSETTINGS SCHEMA HANDLE: voice/family-dialect not set [app:accessibility_probe, profile:default]
10:07:20.591379 - GSETTINGS SCHEMA HANDLE: voice/family-gender not set [app:accessibility_probe, profile:default]
10:07:20.591397 - GSETTINGS SCHEMA HANDLE: voice/family-variant not set [app:accessibility_probe, profile:default]
10:07:20.591445 - SPEECH GENERATOR: None voice requested for None language='', dialect='' Unmodified voice={'established': False}
10:07:20.591488 - SPEECH GENERATOR: Reported locale of None is 
10:07:20.591511 - SPEECH GENERATOR: Updated to: 'C', ''
10:07:20.591547 - GSETTINGS SCHEMA HANDLE: speech/auto-language-switching not set [app:accessibility_probe, profile:default]
10:07:20.591564 - GSETTINGS REGISTRY: speech/auto-language-switching using default value = True
10:07:20.591576 - SPEECH DISPATCHER: Returning cached result for language='C' dialect='' variant='None'
10:07:20.591639 - SPEECH GENERATOR: Family updated to {'dialect': '', 'lang': 'C', 'name': ''}
10:07:20.591713 - SPEECH GENERATOR: Final voice is {'established': 'False', 'family': "{'dialect': '', 'lang': 'C', 'name': ''}"}
10:07:20.591747 - GSETTINGS SCHEMA HANDLE: keybindings/keyboard-layout not set [app:accessibility_probe, profile:default]
10:07:20.591755 - GSETTINGS REGISTRY: keybindings/keyboard-layout using default value = 'desktop'
10:07:20.591772 - GSETTINGS SCHEMA HANDLE: keybindings/desktop-modifier-keys not set [app:accessibility_probe, profile:default]
10:07:20.591778 - GSETTINGS REGISTRY: keybindings/desktop-modifier-keys using default value = ['Insert', 'KP_Insert']
10:07:20.591788 - SPEECH OUTPUT: 'insert' {'established': False, 'family': {'name': '', 'gender': None, 'lang': 'C', 'dialect': '', 'variant': None}}
10:07:20.591810 - GSETTINGS SCHEMA HANDLE: keybindings/keyboard-layout not set [app:accessibility_probe, profile:default]
10:07:20.591817 - GSETTINGS REGISTRY: keybindings/keyboard-layout using default value = 'desktop'
10:07:20.591832 - GSETTINGS SCHEMA HANDLE: keybindings/desktop-modifier-keys not set [app:accessibility_probe, profile:default]
10:07:20.591838 - GSETTINGS REGISTRY: keybindings/desktop-modifier-keys using default value = ['Insert', 'KP_Insert']
10:07:20.591846 - SPEECH DISPATCHER: Speaking 'insert' as string
10:07:20.591852 - SPEECH DISPATCHER: Speaking 'insert' as string
10:07:20.592094 - SPEECH DISPATCHER: Speaking '<speak><mark name="0:6"/>insert</speak>' 
                  ORCA rate 50.0, pitch 5.0, volume 10.0, language C, punctuation: MOST
                  SD rate 2, pitch 10, volume 100, language c
10:07:20.592163 - TOTAL PROCESSING TIME: 0.0056
^^^^^ PROCESS ATSPI_KEY_PRESSED_EVENT: 'Insert' (118) ^^^^^

10:07:20.592210 - GSETTINGS SCHEMA HANDLE: keybindings/keyboard-layout not set [app:accessibility_probe, profile:default]
10:07:20.592218 - GSETTINGS REGISTRY: keybindings/keyboard-layout using default value = 'desktop'
10:07:20.592237 - GSETTINGS SCHEMA HANDLE: keybindings/desktop-modifier-keys not set [app:accessibility_probe, profile:default]
10:07:20.592243 - GSETTINGS REGISTRY: keybindings/desktop-modifier-keys using default value = ['Insert', 'KP_Insert']
10:07:20.592331 - GSETTINGS SCHEMA HANDLE: keybindings/keyboard-layout not set [app:accessibility_probe, profile:default]
10:07:20.592340 - GSETTINGS REGISTRY: keybindings/keyboard-layout using default value = 'desktop'
10:07:20.592352 - GSETTINGS SCHEMA HANDLE: keybindings/desktop-modifier-keys not set [app:accessibility_probe, profile:default]
10:07:20.592357 - GSETTINGS REGISTRY: keybindings/desktop-modifier-keys using default value = ['Insert', 'KP_Insert']
10:07:20.592382 - FOCUS MANAGER: Active window is [frame: 'Reactive TUI App accessibility round 1' (0x7a29e814f500)]  <unknown>.<module>:373 > input_event_manager._on_key_pressed:261 > input_event_manager.process_keyboard_event:297 > focus_manager.get_active_window:342
10:07:20.592617 - AXObject: Clearing AT-SPI cache on [frame: 'Reactive TUI App accessibility round 1' (0x7a29e814f500)]  Recursive: False.  Reason: Checking if window can be the active window
10:07:20.595023 - AXUtilities: [frame: 'Reactive TUI App accessibility round 1' (0x7a29e814f500)]  from [application: 'accessibility_probe' (0x7a29e8147200)]  can be active window
10:07:20.595229 - FOCUS MANAGER: Locus of focus is [button: 'Advance download' (0x7a29e8a6ad40)] 
10:07:20.595375 - SCRIPT MANAGER: Active script is: accessibility_probe (module=orca.scripts.default)
10:07:20.595537 - GSETTINGS SCHEMA HANDLE: keybindings/keyboard-layout not set [app:accessibility_probe, profile:default]
10:07:20.595546 - GSETTINGS REGISTRY: keybindings/keyboard-layout using default value = 'desktop'
10:07:20.595561 - GSETTINGS SCHEMA HANDLE: keybindings/desktop-modifier-keys not set [app:accessibility_probe, profile:default]
10:07:20.595572 - GSETTINGS REGISTRY: keybindings/desktop-modifier-keys using default value = ['Insert', 'KP_Insert']

KEYBOARD_EVENT:  type=ATSPI_KEY_PRESSED_EVENT
                 id=65361
                 hw_code=113
                 modifiers=4356
                 text=''
                 keyval_name='Left'
                 timestamp=1789049240.592312
                 clickCount=1

vvvvv PROCESS ATSPI_KEY_PRESSED_EVENT: 'Left' (113) vvvvv
10:07:20.595613 - SCRIPT: accessibility_probe (module=orca.scripts.default)
10:07:20.595630 - WINDOW: [frame: 'Reactive TUI App accessibility round 1' (0x7a29e814f500)] 
10:07:20.595641 - LOCATION: [button: 'Advance download' (0x7a29e8a6ad40)] 
10:07:20.595680 - COMMAND: object_navigator_previous
10:07:20.595707 - GSETTINGS SCHEMA HANDLE: keybindings/keyboard-layout not set [app:accessibility_probe, profile:default]
10:07:20.595712 - GSETTINGS REGISTRY: keybindings/keyboard-layout using default value = 'desktop'
10:07:20.595725 - GSETTINGS SCHEMA HANDLE: keybindings/desktop-modifier-keys not set [app:accessibility_probe, profile:default]
10:07:20.595729 - GSETTINGS REGISTRY: keybindings/desktop-modifier-keys using default value = ['Insert', 'KP_Insert']
10:07:20.595738 - PRESENTATION MANAGER: Interrupting presentation
10:07:20.595766 - SPEECH MANAGER: interrupt_speech. Script: None Event: None notify_user: False
10:07:20.595984 - SPEECH MANAGER: Speech server is <orca.speechdispatcherfactory.SpeechServer object at 0x7a29e89e96a0>
10:07:20.596094 - BRAILLE: Kill flash message input_event._present:603 > presentation_manager.interrupt_presentation:88 > braille_presenter.kill_flash:1829 > braille.kill_flash:2182
10:07:20.596414 - TYPING ECHO PRESENTER: should_echo_keyboard_event: 'left'?
10:07:20.596437 - GSETTINGS SCHEMA HANDLE: keybindings/keyboard-layout not set [app:accessibility_probe, profile:default]
10:07:20.596443 - GSETTINGS REGISTRY: keybindings/keyboard-layout using default value = 'desktop'
10:07:20.596455 - GSETTINGS SCHEMA HANDLE: keybindings/desktop-modifier-keys not set [app:accessibility_probe, profile:default]
10:07:20.596459 - GSETTINGS REGISTRY: keybindings/desktop-modifier-keys using default value = ['Insert', 'KP_Insert']
10:07:20.596468 - TYPING ECHO PRESENTER: Not echoing keyboard event: modifier.
10:07:20.596483 - TOTAL PROCESSING TIME: 0.0009
^^^^^ PROCESS ATSPI_KEY_PRESSED_EVENT: 'Left' (113) ^^^^^

10:07:20.596507 - GSETTINGS SCHEMA HANDLE: keybindings/keyboard-layout not set [app:accessibility_probe, profile:default]
10:07:20.596511 - GSETTINGS REGISTRY: keybindings/keyboard-layout using default value = 'desktop'
10:07:20.596521 - GSETTINGS SCHEMA HANDLE: keybindings/desktop-modifier-keys not set [app:accessibility_probe, profile:default]
10:07:20.596525 - GSETTINGS REGISTRY: keybindings/desktop-modifier-keys using default value = ['Insert', 'KP_Insert']
10:07:20.596625 - GSETTINGS SCHEMA HANDLE: keybindings/keyboard-layout not set [app:accessibility_probe, profile:default]
10:07:20.596631 - GSETTINGS REGISTRY: keybindings/keyboard-layout using default value = 'desktop'
10:07:20.596641 - GSETTINGS SCHEMA HANDLE: keybindings/desktop-modifier-keys not set [app:accessibility_probe, profile:default]
10:07:20.596646 - GSETTINGS REGISTRY: keybindings/desktop-modifier-keys using default value = ['Insert', 'KP_Insert']
10:07:20.597076 - GSETTINGS SCHEMA HANDLE: keybindings/keyboard-layout not set [app:accessibility_probe, profile:default]
10:07:20.597085 - GSETTINGS REGISTRY: keybindings/keyboard-layout using default value = 'desktop'
10:07:20.597096 - GSETTINGS SCHEMA HANDLE: keybindings/desktop-modifier-keys not set [app:accessibility_probe, profile:default]
10:07:20.597101 - GSETTINGS REGISTRY: keybindings/desktop-modifier-keys using default value = ['Insert', 'KP_Insert']

KEYBOARD_EVENT:  type=ATSPI_KEY_RELEASED_EVENT
                 id=65361
                 hw_code=113
                 modifiers=4356
                 text=''
                 keyval_name='Left'
                 timestamp=1789049240.596614
                 clickCount=1

vvvvv PROCESS ATSPI_KEY_RELEASED_EVENT: 'Left' (113) vvvvv
10:07:20.597138 - SCRIPT: accessibility_probe (module=orca.scripts.default)
10:07:20.597153 - WINDOW: [frame: 'Reactive TUI App accessibility round 1' (0x7a29e814f500)] 
10:07:20.597165 - LOCATION: [button: 'Advance download' (0x7a29e8a6ad40)] 
10:07:20.597186 - COMMAND: object_navigator_previous
10:07:20.597205 - GSETTINGS SCHEMA HANDLE: keybindings/keyboard-layout not set [app:accessibility_probe, profile:default]
10:07:20.597209 - GSETTINGS REGISTRY: keybindings/keyboard-layout using default value = 'desktop'
10:07:20.597220 - GSETTINGS SCHEMA HANDLE: keybindings/desktop-modifier-keys not set [app:accessibility_probe, profile:default]
10:07:20.597225 - GSETTINGS REGISTRY: keybindings/desktop-modifier-keys using default value = ['Insert', 'KP_Insert']
10:07:20.597238 - TOTAL PROCESSING TIME: 0.0001
^^^^^ PROCESS ATSPI_KEY_RELEASED_EVENT: 'Left' (113) ^^^^^

10:07:20.597260 - GSETTINGS SCHEMA HANDLE: keybindings/keyboard-layout not set [app:accessibility_probe, profile:default]
10:07:20.597264 - GSETTINGS REGISTRY: keybindings/keyboard-layout using default value = 'desktop'
10:07:20.597273 - GSETTINGS SCHEMA HANDLE: keybindings/desktop-modifier-keys not set [app:accessibility_probe, profile:default]
10:07:20.597277 - GSETTINGS REGISTRY: keybindings/desktop-modifier-keys using default value = ['Insert', 'KP_Insert']
10:07:20.597344 - GSETTINGS SCHEMA HANDLE: keybindings/keyboard-layout not set [app:accessibility_probe, profile:default]
10:07:20.597349 - GSETTINGS REGISTRY: keybindings/keyboard-layout using default value = 'desktop'
10:07:20.597359 - GSETTINGS SCHEMA HANDLE: keybindings/desktop-modifier-keys not set [app:accessibility_probe, profile:default]
10:07:20.597363 - GSETTINGS REGISTRY: keybindings/desktop-modifier-keys using default value = ['Insert', 'KP_Insert']
10:07:20.597369 - ORCA MODIFIER MANAGER: Setting pressed state to False
10:07:20.597783 - GSETTINGS SCHEMA HANDLE: keybindings/keyboard-layout not set [app:accessibility_probe, profile:default]
10:07:20.597789 - GSETTINGS REGISTRY: keybindings/keyboard-layout using default value = 'desktop'
10:07:20.597800 - GSETTINGS SCHEMA HANDLE: keybindings/desktop-modifier-keys not set [app:accessibility_probe, profile:default]
10:07:20.597804 - GSETTINGS REGISTRY: keybindings/desktop-modifier-keys using default value = ['Insert', 'KP_Insert']

KEYBOARD_EVENT:  type=ATSPI_KEY_RELEASED_EVENT
                 id=65379
                 hw_code=118
                 modifiers=4
                 text=''
                 keyval_name='Insert'
                 timestamp=1789049240.597333
                 clickCount=1

vvvvv PROCESS ATSPI_KEY_RELEASED_EVENT: 'Insert' (118) vvvvv
10:07:20.597834 - SCRIPT: accessibility_probe (module=orca.scripts.default)
10:07:20.597848 - WINDOW: [frame: 'Reactive TUI App accessibility round 1' (0x7a29e814f500)] 
10:07:20.597860 - LOCATION: [button: 'Advance download' (0x7a29e8a6ad40)] 
10:07:20.597877 - GSETTINGS SCHEMA HANDLE: keybindings/keyboard-layout not set [app:accessibility_probe, profile:default]
10:07:20.597881 - GSETTINGS REGISTRY: keybindings/keyboard-layout using default value = 'desktop'
10:07:20.597891 - GSETTINGS SCHEMA HANDLE: keybindings/desktop-modifier-keys not set [app:accessibility_probe, profile:default]
10:07:20.597895 - GSETTINGS REGISTRY: keybindings/desktop-modifier-keys using default value = ['Insert', 'KP_Insert']
10:07:20.597906 - TOTAL PROCESSING TIME: 0.0001
^^^^^ PROCESS ATSPI_KEY_RELEASED_EVENT: 'Insert' (118) ^^^^^

10:07:20.597926 - GSETTINGS SCHEMA HANDLE: keybindings/keyboard-layout not set [app:accessibility_probe, profile:default]
10:07:20.597929 - GSETTINGS REGISTRY: keybindings/keyboard-layout using default value = 'desktop'
10:07:20.597939 - GSETTINGS SCHEMA HANDLE: keybindings/desktop-modifier-keys not set [app:accessibility_probe, profile:default]
10:07:20.597943 - GSETTINGS REGISTRY: keybindings/desktop-modifier-keys using default value = ['Insert', 'KP_Insert']
10:07:20.598294 - GSETTINGS SCHEMA HANDLE: keybindings/keyboard-layout not set [app:accessibility_probe, profile:default]
10:07:20.598300 - GSETTINGS REGISTRY: keybindings/keyboard-layout using default value = 'desktop'
10:07:20.598310 - GSETTINGS SCHEMA HANDLE: keybindings/desktop-modifier-keys not set [app:accessibility_probe, profile:default]
10:07:20.598313 - GSETTINGS REGISTRY: keybindings/desktop-modifier-keys using default value = ['Insert', 'KP_Insert']

KEYBOARD_EVENT:  type=ATSPI_KEY_RELEASED_EVENT
                 id=65507
                 hw_code=37
                 modifiers=4
                 text=''
                 keyval_name='Control_L'
                 timestamp=1789049240.598284
                 clickCount=1

vvvvv PROCESS ATSPI_KEY_RELEASED_EVENT: 'Control_L' (37) vvvvv
10:07:20.598734 - SCRIPT: accessibility_probe (module=orca.scripts.default)
10:07:20.598753 - WINDOW: [frame: 'Reactive TUI App accessibility round 1' (0x7a29e814f500)] 
10:07:20.598765 - LOCATION: [button: 'Advance download' (0x7a29e8a6ad40)] 
10:07:20.598782 - GSETTINGS SCHEMA HANDLE: keybindings/keyboard-layout not set [app:accessibility_probe, profile:default]
10:07:20.598787 - GSETTINGS REGISTRY: keybindings/keyboard-layout using default value = 'desktop'
10:07:20.598797 - GSETTINGS SCHEMA HANDLE: keybindings/desktop-modifier-keys not set [app:accessibility_probe, profile:default]
10:07:20.598801 - GSETTINGS REGISTRY: keybindings/desktop-modifier-keys using default value = ['Insert', 'KP_Insert']
10:07:20.598811 - TOTAL PROCESSING TIME: 0.0001
^^^^^ PROCESS ATSPI_KEY_RELEASED_EVENT: 'Control_L' (37) ^^^^^


vvvvv HANDLE ATSPI_KEY_PRESSED_EVENT: 'Left' (113) vvvvv
10:07:20.598913 - OBJECT NAVIGATOR: move_to_previous_sibling. Script: accessibility_probe (module=orca.scripts.default) Event: KEYBOARD_EVENT:  type=ATSPI_KEY_PRESSED_EVENT
                                   id=65361
                                   hw_code=113
                                   modifiers=4356
                                   text=''
                                   keyval_name='Left'
                                   timestamp=1789049240.592312
                                   clickCount=1 notify_user: True
10:07:20.598938 - FOCUS MANAGER: Active mode: focus-tracking Object of interest: [button: 'Advance download' (0x7a29e8a6ad40)] 
10:07:20.598965 - OBJECT NAVIGATOR: Not excluding [frame: 'Reactive TUI App accessibility round 1' (0x7a29e814f500)] 
10:07:20.603273 - OBJECT NAVIGATOR: Not excluding [progress bar: 'Download progress' (0x7a29d2f91740)] 
10:07:20.603651 - OBJECT NAVIGATOR: Not excluding [button: 'Advance download' (0x7a29e8a6ad40)] 
10:07:20.604028 - OBJECT NAVIGATOR: Not excluding [progress bar: 'Waiting for download' (0x7a29d2fb8c80)] 
10:07:20.604571 - OBJECT NAVIGATOR: Not excluding [progress bar: 'Invalid download' (0x7a29d2fb8e80)] 
10:07:20.604928 - OBJECT NAVIGATOR: Not excluding [progress bar: 'Completed download' (0x7a29d2fb8d80)] 
10:07:20.604973 - OBJECT NAVIGATOR: Presenting [progress bar: 'Download progress' (0x7a29d2f91740)] 
10:07:20.605066 - FOCUS MANAGER: Switching mode from focus-tracking to object-navigator
10:07:20.605115 - FOCUS MANAGER: Region of interest: [progress bar: 'Download progress' (0x7a29d2f91740)]  (0, 0)
10:07:20.605192 - FOCUS MANAGER: Switching object of interest from [button: 'Advance download' (0x7a29e8a6ad40)]  to [progress bar: 'Download progress' (0x7a29d2f91740)] 
10:07:20.605242 - DEFAULT: Presenting object [progress bar: 'Download progress' (0x7a29d2f91740)] . Interrupt: False
10:07:20.605299 - FOCUS MANAGER: Active mode: object-navigator Object of interest: [progress bar: 'Download progress' (0x7a29d2f91740)] 
10:07:20.605352 - GSETTINGS SCHEMA HANDLE: speech/enable not set [app:accessibility_probe, profile:default]
10:07:20.605367 - GSETTINGS REGISTRY: speech/enable using default value = True
10:07:20.605431 - GSETTINGS SCHEMA HANDLE: speech/verbosity-level not set [app:accessibility_probe, profile:default]
10:07:20.605452 - GSETTINGS REGISTRY: speech/verbosity-level using default value = 'verbose'
10:07:20.605487 - FOCUS MANAGER: Locus of focus is [button: 'Advance download' (0x7a29e8a6ad40)] 
10:07:20.605506 - SCRIPT MANAGER: Active script is: accessibility_probe (module=orca.scripts.default)
10:07:20.605531 - GSETTINGS SCHEMA HANDLE: speech/only-speak-displayed-text not set [app:accessibility_probe, profile:default]
10:07:20.605579 - GSETTINGS REGISTRY: speech/only-speak-displayed-text using default value = False
10:07:20.605668 - GSETTINGS SCHEMA HANDLE: speech/speak-description not set [app:accessibility_probe, profile:default]
10:07:20.605728 - GSETTINGS REGISTRY: speech/speak-description using default value = True
10:07:20.605789 - GSETTINGS SCHEMA HANDLE: speech/speak-tutorial-messages not set [app:accessibility_probe, profile:default]
10:07:20.605806 - GSETTINGS REGISTRY: speech/speak-tutorial-messages using default value = True
10:07:20.605843 - GSETTINGS SCHEMA HANDLE: speech/speak-position-in-set not set [app:accessibility_probe, profile:default]
10:07:20.605856 - GSETTINGS REGISTRY: speech/speak-position-in-set using default value = False
10:07:20.605888 - GSETTINGS SCHEMA HANDLE: speech/speak-widget-mnemonic not set [app:accessibility_probe, profile:default]
10:07:20.605901 - GSETTINGS REGISTRY: speech/speak-widget-mnemonic using default value = True
10:07:20.605931 - GSETTINGS SCHEMA HANDLE: speech/speak-blank-lines not set [app:accessibility_probe, profile:default]
10:07:20.605943 - GSETTINGS REGISTRY: speech/speak-blank-lines using default value = True
10:07:20.605973 - GSETTINGS SCHEMA HANDLE: speech/speak-indentation-and-justification not set [app:accessibility_probe, profile:default]
10:07:20.605997 - GSETTINGS REGISTRY: speech/speak-indentation-and-justification using default value = False
10:07:20.606030 - GSETTINGS SCHEMA HANDLE: speech/announce-cell-headers not set [app:accessibility_probe, profile:default]
10:07:20.606041 - GSETTINGS REGISTRY: speech/announce-cell-headers using default value = True
10:07:20.606071 - GSETTINGS SCHEMA HANDLE: speech/announce-cell-coordinates not set [app:accessibility_probe, profile:default]
10:07:20.606083 - GSETTINGS REGISTRY: speech/announce-cell-coordinates using default value = True
10:07:20.606112 - GSETTINGS SCHEMA HANDLE: speech/announce-spreadsheet-cell-coordinates not set [app:accessibility_probe, profile:default]
10:07:20.606124 - GSETTINGS REGISTRY: speech/announce-spreadsheet-cell-coordinates using default value = True
10:07:20.606153 - GSETTINGS SCHEMA HANDLE: speech/announce-blockquote not set [app:accessibility_probe, profile:default]
10:07:20.606164 - GSETTINGS REGISTRY: speech/announce-blockquote using default value = True
10:07:20.606194 - GSETTINGS SCHEMA HANDLE: speech/announce-form not set [app:accessibility_probe, profile:default]
10:07:20.606205 - GSETTINGS REGISTRY: speech/announce-form using default value = True
10:07:20.606234 - GSETTINGS SCHEMA HANDLE: speech/announce-landmark not set [app:accessibility_probe, profile:default]
10:07:20.606245 - GSETTINGS REGISTRY: speech/announce-landmark using default value = True
10:07:20.606274 - GSETTINGS SCHEMA HANDLE: speech/announce-list not set [app:accessibility_probe, profile:default]
10:07:20.606285 - GSETTINGS REGISTRY: speech/announce-list using default value = True
10:07:20.606313 - GSETTINGS SCHEMA HANDLE: speech/announce-grouping not set [app:accessibility_probe, profile:default]
10:07:20.606324 - GSETTINGS REGISTRY: speech/announce-grouping using default value = True
10:07:20.606352 - GSETTINGS SCHEMA HANDLE: speech/announce-table not set [app:accessibility_probe, profile:default]
10:07:20.606363 - GSETTINGS REGISTRY: speech/announce-table using default value = True
10:07:20.608271 - GENERATOR: _get_functional_role: progress-bar
10:07:20.608358 - SPEECH GENERATOR: speech_generator.SpeechGenerator._generate_progress_bar for [progress bar: 'Download progress' (0x7a29d2f91740)]  args: {'formatType': 'unfocused', 'priorObj': "[button: 'Advance download' (0x7a29e8a6ad40)] ", 'role': 'progress-bar'}
10:07:20.608380 - SPEECH GENERATOR: _generate_progress_bar_index: []
10:07:20.608573 - AXUtilitiesRelation: [progress bar: 'Download progress' (0x7a29d2f91740)]  is labelled by: []
10:07:20.608589 - GENERATOR: _generate_accessible_label: []
10:07:20.608602 - SPEECH GENERATOR: _generate_accessible_label: []
10:07:20.608624 - GENERATOR: _generate_accessible_name: [Download progress]
10:07:20.608653 - GSETTINGS SCHEMA HANDLE: voice/established not set [app:accessibility_probe, profile:default]
10:07:20.608668 - GSETTINGS SCHEMA HANDLE: voice/rate not set [app:accessibility_probe, profile:default]
10:07:20.608681 - GSETTINGS SCHEMA HANDLE: voice/pitch not set [app:accessibility_probe, profile:default]
10:07:20.608692 - GSETTINGS SCHEMA HANDLE: voice/volume not set [app:accessibility_probe, profile:default]
10:07:20.608706 - GSETTINGS SCHEMA HANDLE: voice/family-name not set [app:accessibility_probe, profile:default]
10:07:20.608716 - GSETTINGS SCHEMA HANDLE: voice/family-lang not set [app:accessibility_probe, profile:default]
10:07:20.608726 - GSETTINGS SCHEMA HANDLE: voice/family-dialect not set [app:accessibility_probe, profile:default]
10:07:20.608736 - GSETTINGS SCHEMA HANDLE: voice/family-gender not set [app:accessibility_probe, profile:default]
10:07:20.608747 - GSETTINGS SCHEMA HANDLE: voice/family-variant not set [app:accessibility_probe, profile:default]
10:07:20.608775 - SPEECH GENERATOR: default voice requested for [progress bar: 'Download progress' (0x7a29d2f91740)]  language='', dialect='' Unmodified voice={'established': False}
10:07:20.608948 - SPEECH GENERATOR: Reported locale of [progress bar: 'Download progress' (0x7a29d2f91740)]  is 
10:07:20.608966 - SPEECH GENERATOR: Updated to: 'C', ''
10:07:20.608991 - GSETTINGS SCHEMA HANDLE: speech/auto-language-switching not set [app:accessibility_probe, profile:default]
10:07:20.608997 - GSETTINGS REGISTRY: speech/auto-language-switching using default value = True
10:07:20.609006 - SPEECH DISPATCHER: Returning cached result for language='C' dialect='' variant='None'
10:07:20.609042 - SPEECH GENERATOR: Family updated to {'dialect': '', 'lang': 'C', 'name': ''}
10:07:20.609085 - SPEECH GENERATOR: Final voice is {'established': 'False', 'family': "{'dialect': '', 'lang': 'C', 'name': ''}"}
10:07:20.609133 - SPEECH GENERATOR: _generate_accessible_name: [Download progress, {'established': 'False', 'family': "{'dialect': '', 'lang': 'C', 'name': ''}"}]
10:07:20.609188 - GENERATOR: _generate_accessible_label_and_name: [Download progress, {'established': 'False', 'family': "{'dialect': '', 'lang': 'C', 'name': ''}"}]
10:07:20.609208 - SPEECH PRESENTER: Adjusting 'Download progress' from [progress bar: 'Download progress' (0x7a29d2f91740)]  start_offset: None
10:07:20.609366 - GSETTINGS SCHEMA HANDLE: speech/speak-numbers-as-digits not set [app:accessibility_probe, profile:default]
10:07:20.609372 - GSETTINGS REGISTRY: speech/speak-numbers-as-digits using default value = False
10:07:20.609397 - GSETTINGS SCHEMA HANDLE: speech/repeated-character-limit not set [app:accessibility_probe, profile:default]
10:07:20.609402 - GSETTINGS REGISTRY: speech/repeated-character-limit using default value = 4
10:07:20.610374 - GSETTINGS SCHEMA HANDLE: speech/use-pronunciation-dictionary not set [app:accessibility_probe, profile:default]
10:07:20.610385 - GSETTINGS REGISTRY: speech/use-pronunciation-dictionary using default value = True
10:07:20.610396 - SPEECH PRESENTER: Adjusted text: 'Download progress'
10:07:20.610451 - SPEECH GENERATOR: _generate_accessible_label_and_name: [Download progress, {'established': 'False', 'family': "{'dialect': '', 'lang': 'C', 'name': ''}"}]
10:07:20.610751 - AXValue: Current value of [progress bar: 'Download progress' (0x7a29d2f91740)]  is 50.0
10:07:20.610912 - AXValue: Minimum value of [progress bar: 'Download progress' (0x7a29d2f91740)]  is 0.0
10:07:20.611066 - AXValue: Maximum value of [progress bar: 'Download progress' (0x7a29d2f91740)]  is 200.0
10:07:20.611085 - AXValue: Current value of [progress bar: 'Download progress' (0x7a29d2f91740)]  as percent is is 25
10:07:20.611153 - GSETTINGS SCHEMA HANDLE: voice/established not set [app:accessibility_probe, profile:default]
10:07:20.611171 - GSETTINGS SCHEMA HANDLE: voice/rate not set [app:accessibility_probe, profile:default]
10:07:20.611183 - GSETTINGS SCHEMA HANDLE: voice/pitch not set [app:accessibility_probe, profile:default]
10:07:20.611194 - GSETTINGS SCHEMA HANDLE: voice/volume not set [app:accessibility_probe, profile:default]
10:07:20.611206 - GSETTINGS SCHEMA HANDLE: voice/family-name not set [app:accessibility_probe, profile:default]
10:07:20.611216 - GSETTINGS SCHEMA HANDLE: voice/family-lang not set [app:accessibility_probe, profile:default]
10:07:20.611226 - GSETTINGS SCHEMA HANDLE: voice/family-dialect not set [app:accessibility_probe, profile:default]
10:07:20.611236 - GSETTINGS SCHEMA HANDLE: voice/family-gender not set [app:accessibility_probe, profile:default]
10:07:20.611245 - GSETTINGS SCHEMA HANDLE: voice/family-variant not set [app:accessibility_probe, profile:default]
10:07:20.611272 - SPEECH GENERATOR: system voice requested for [progress bar: 'Download progress' (0x7a29d2f91740)]  language='', dialect='' Unmodified voice={'established': False}
10:07:20.611294 - SPEECH GENERATOR: Reported locale of [progress bar: 'Download progress' (0x7a29d2f91740)]  is 
10:07:20.611303 - SPEECH GENERATOR: Updated to: 'C', ''
10:07:20.611318 - GSETTINGS SCHEMA HANDLE: voice/established not set [app:accessibility_probe, profile:default]
10:07:20.611329 - GSETTINGS SCHEMA HANDLE: voice/rate not set [app:accessibility_probe, profile:default]
10:07:20.611339 - GSETTINGS SCHEMA HANDLE: voice/pitch not set [app:accessibility_probe, profile:default]
10:07:20.611349 - GSETTINGS SCHEMA HANDLE: voice/volume not set [app:accessibility_probe, profile:default]
10:07:20.611359 - GSETTINGS SCHEMA HANDLE: voice/family-name not set [app:accessibility_probe, profile:default]
10:07:20.611368 - GSETTINGS SCHEMA HANDLE: voice/family-lang not set [app:accessibility_probe, profile:default]
10:07:20.611378 - GSETTINGS SCHEMA HANDLE: voice/family-dialect not set [app:accessibility_probe, profile:default]
10:07:20.611388 - GSETTINGS SCHEMA HANDLE: voice/family-gender not set [app:accessibility_probe, profile:default]
10:07:20.611397 - GSETTINGS SCHEMA HANDLE: voice/family-variant not set [app:accessibility_probe, profile:default]
10:07:20.611432 - SPEECH GENERATOR: Final voice is {'established': 'False', 'family': '{}'}
10:07:20.611467 - SPEECH GENERATOR: _generate_progress_bar_value: [25 percent., {'established': 'False', 'family': '{}'}]
10:07:20.611496 - GENERATOR: _generate_state_current: []
10:07:20.611510 - SPEECH GENERATOR: _generate_state_current: []
10:07:20.611524 - SPEECH GENERATOR: _generate_has_click_action: []
10:07:20.611536 - SPEECH GENERATOR: _generate_has_details: []
10:07:20.611548 - SPEECH GENERATOR: _generate_details_for: []
10:07:20.611737 - AXUtilitiesRelation: [progress bar: 'Download progress' (0x7a29d2f91740)]  is described by: []
10:07:20.611753 - GENERATOR: _generate_accessible_description: []
10:07:20.611766 - SPEECH GENERATOR: _generate_accessible_description: []
10:07:20.611787 - SPEECH GENERATOR: _generate_state_has_popup: []
10:07:20.612258 - SPEECH GENERATOR: _generate_tutorial: []
10:07:20.612340 - SPEECH GENERATOR: Results: [Download progress, {'established': 'False', 'family': "{'dialect': '', 'lang': 'C', 'name': ''}"}, 25 percent., {'established': 'False', 'family': '{}'}]
10:07:20.612421 - SPEECH: Speak [Download progress, {'established': 'False', 'family': "{'dialect': '', 'lang': 'C', 'name': ''}"}, 25 percent., {'established': 'False', 'family': '{}'}], acss: None
10:07:20.612485 - SPEECH: New voice {'established': 'False'}  != active voice {'established': 'False', 'family': "{'dialect': '', 'lang': 'C', 'name': ''}"}
10:07:20.612495 - SPEECH OUTPUT: 'Download progress' {'established': False, 'family': {'name': '', 'gender': None, 'lang': 'C', 'dialect': '', 'variant': None}}
10:07:20.612500 - SPEECH DISPATCHER: Speaking 'Download progress' as string
10:07:20.612710 - SPEECH DISPATCHER: Speaking '<speak><mark name="0:8"/>Download <mark name="9:17"/>progress</speak>' 
                  ORCA rate 50.0, pitch 5.0, volume 10.0, language C, punctuation: MOST
                  SD rate 2, pitch 10, volume 100, language c
10:07:20.612794 - SPEECH OUTPUT: '25 percent.' {'established': False}
10:07:20.612799 - SPEECH DISPATCHER: Speaking '25 percent.' as string
10:07:20.612971 - SPEECH DISPATCHER: Speaking '<speak><mark name="0:2"/>25 <mark name="3:11"/>percent.</speak>' 
                  ORCA rate 50.0, pitch 5.0, volume 10.0, language C, punctuation: MOST
                  SD rate 2, pitch 10, volume 100, language c
10:07:20.615950 - GSETTINGS SCHEMA HANDLE: braille/enabled not set [app:accessibility_probe, profile:default]
10:07:20.615963 - GSETTINGS REGISTRY: braille/enabled using default value = True
10:07:20.616001 - FOCUS MANAGER: Active mode: object-navigator Object of interest: [progress bar: 'Download progress' (0x7a29d2f91740)] 
10:07:20.616016 - GSETTINGS SCHEMA HANDLE: braille/enabled not set [app:accessibility_probe, profile:default]
10:07:20.616020 - GSETTINGS REGISTRY: braille/enabled using default value = True
10:07:20.616037 - GSETTINGS SCHEMA HANDLE: braille/verbosity-level not set [app:accessibility_probe, profile:default]
10:07:20.616041 - GSETTINGS REGISTRY: braille/verbosity-level using default value = 'verbose'
10:07:20.616055 - FOCUS MANAGER: Locus of focus is [button: 'Advance download' (0x7a29e8a6ad40)] 
10:07:20.616070 - SCRIPT MANAGER: Active script is: accessibility_probe (module=orca.scripts.default)
10:07:20.616085 - GSETTINGS SCHEMA HANDLE: braille/rolename-style not set [app:accessibility_probe, profile:default]
10:07:20.616088 - GSETTINGS REGISTRY: braille/rolename-style using default value = 'verbose'
10:07:20.616099 - GSETTINGS SCHEMA HANDLE: braille/display-ancestors not set [app:accessibility_probe, profile:default]
10:07:20.616103 - GSETTINGS REGISTRY: braille/display-ancestors using default value = True
10:07:20.616121 - GSETTINGS SCHEMA HANDLE: braille/end-of-line-indicator not set [app:accessibility_probe, profile:default]
10:07:20.616125 - GSETTINGS REGISTRY: braille/end-of-line-indicator using default value = True
10:07:20.616166 - GSETTINGS SCHEMA HANDLE: braille/present-mnemonics not set [app:accessibility_probe, profile:default]
10:07:20.616170 - GSETTINGS REGISTRY: braille/present-mnemonics using default value = True
10:07:20.617462 - GENERATOR: _get_functional_role: progress-bar
10:07:20.617535 - BRAILLE GENERATOR: braille_generator.BrailleGenerator._generate_progress_bar for [progress bar: 'Download progress' (0x7a29d2f91740)]  args: {'formatType': 'unfocused', 'priorObj': "[button: 'Advance download' (0x7a29e8a6ad40)] ", 'role': 'progress-bar'}
10:07:20.617553 - BRAILLE GENERATOR: Results: []
10:07:20.617578 - BRAILLE GENERATOR: Could not determine focused region for [progress bar: 'Download progress' (0x7a29d2f91740)]  Candidates: []
10:07:20.617591 - TOTAL PROCESSING TIME: 0.0187
^^^^^ HANDLE ATSPI_KEY_PRESSED_EVENT: 'Left' (113) ^^^^^

10:07:20.617706 - FALLBACK: Contents changed. (<Gtk.Clipboard object at 0x7a29d2f6d300 (GtkClipboard at 0x21515c60)>, <Gdk.EventOwnerChange object at 0x7a29e8d8a990 (void at 0x21564280)>) {}
10:07:20.646517 - GSETTINGS SCHEMA HANDLE: keybindings/keyboard-layout not set [app:accessibility_probe, profile:default]
10:07:20.646586 - GSETTINGS REGISTRY: keybindings/keyboard-layout using default value = 'desktop'
10:07:20.646631 - GSETTINGS SCHEMA HANDLE: keybindings/desktop-modifier-keys not set [app:accessibility_probe, profile:default]
10:07:20.646651 - GSETTINGS REGISTRY: keybindings/desktop-modifier-keys using default value = ['Insert', 'KP_Insert']
10:07:20.646730 - FOCUS MANAGER: Active window is [frame: 'Reactive TUI App accessibility round 1' (0x7a29e814f500)]  clipboard._get_contents:140 > input_event_manager._on_key_pressed:261 > input_event_manager.process_keyboard_event:297 > focus_manager.get_active_window:342
10:07:20.647453 - AXObject: Clearing AT-SPI cache on [frame: 'Reactive TUI App accessibility round 1' (0x7a29e814f500)]  Recursive: False.  Reason: Checking if window can be the active window
10:07:20.650575 - AXUtilities: [frame: 'Reactive TUI App accessibility round 1' (0x7a29e814f500)]  from [application: 'accessibility_probe' (0x7a29e8147200)]  can be active window
10:07:20.650957 - FOCUS MANAGER: Locus of focus is [button: 'Advance download' (0x7a29e8a6ad40)] 
10:07:20.651238 - SCRIPT MANAGER: Active script is: accessibility_probe (module=orca.scripts.default)
10:07:20.651464 - GSETTINGS SCHEMA HANDLE: keybindings/keyboard-layout not set [app:accessibility_probe, profile:default]
10:07:20.651477 - GSETTINGS REGISTRY: keybindings/keyboard-layout using default value = 'desktop'
10:07:20.651493 - GSETTINGS SCHEMA HANDLE: keybindings/desktop-modifier-keys not set [app:accessibility_probe, profile:default]
10:07:20.651499 - GSETTINGS REGISTRY: keybindings/desktop-modifier-keys using default value = ['Insert', 'KP_Insert']

KEYBOARD_EVENT:  type=ATSPI_KEY_PRESSED_EVENT
                 id=65507
                 hw_code=37
                 modifiers=0
                 text=''
                 keyval_name='Control_L'
                 timestamp=1789049240.6464088
                 clickCount=1

vvvvv PROCESS ATSPI_KEY_PRESSED_EVENT: 'Control_L' (37) vvvvv
10:07:20.651553 - SCRIPT: accessibility_probe (module=orca.scripts.default)
10:07:20.651570 - WINDOW: [frame: 'Reactive TUI App accessibility round 1' (0x7a29e814f500)] 
10:07:20.651582 - LOCATION: [button: 'Advance download' (0x7a29e8a6ad40)] 
10:07:20.651602 - GSETTINGS SCHEMA HANDLE: keybindings/keyboard-layout not set [app:accessibility_probe, profile:default]
10:07:20.651606 - GSETTINGS REGISTRY: keybindings/keyboard-layout using default value = 'desktop'
10:07:20.651617 - GSETTINGS SCHEMA HANDLE: keybindings/desktop-modifier-keys not set [app:accessibility_probe, profile:default]
10:07:20.651621 - GSETTINGS REGISTRY: keybindings/desktop-modifier-keys using default value = ['Insert', 'KP_Insert']
10:07:20.651628 - PRESENTATION MANAGER: Interrupting presentation
10:07:20.651657 - SPEECH MANAGER: interrupt_speech. Script: None Event: None notify_user: False
10:07:20.651862 - SPEECH MANAGER: Speech server is <orca.speechdispatcherfactory.SpeechServer object at 0x7a29e89e96a0>
10:07:20.651960 - BRAILLE: Kill flash message input_event._present:603 > presentation_manager.interrupt_presentation:88 > braille_presenter.kill_flash:1829 > braille.kill_flash:2182
10:07:20.652297 - TYPING ECHO PRESENTER: should_echo_keyboard_event: 'left control'?
10:07:20.652320 - GSETTINGS SCHEMA HANDLE: keybindings/keyboard-layout not set [app:accessibility_probe, profile:default]
10:07:20.652325 - GSETTINGS REGISTRY: keybindings/keyboard-layout using default value = 'desktop'
10:07:20.652338 - GSETTINGS SCHEMA HANDLE: keybindings/desktop-modifier-keys not set [app:accessibility_probe, profile:default]
10:07:20.652342 - GSETTINGS REGISTRY: keybindings/desktop-modifier-keys using default value = ['Insert', 'KP_Insert']
10:07:20.652361 - GSETTINGS SCHEMA HANDLE: typing-echo/character-echo not set [app:accessibility_probe, profile:default]
10:07:20.652365 - GSETTINGS REGISTRY: typing-echo/character-echo using default value = False
10:07:20.652377 - GSETTINGS SCHEMA HANDLE: keybindings/keyboard-layout not set [app:accessibility_probe, profile:default]
10:07:20.652381 - GSETTINGS REGISTRY: keybindings/keyboard-layout using default value = 'desktop'
10:07:20.652390 - GSETTINGS SCHEMA HANDLE: keybindings/desktop-modifier-keys not set [app:accessibility_probe, profile:default]
10:07:20.652394 - GSETTINGS REGISTRY: keybindings/desktop-modifier-keys using default value = ['Insert', 'KP_Insert']
10:07:20.652408 - GSETTINGS SCHEMA HANDLE: typing-echo/key-echo not set [app:accessibility_probe, profile:default]
10:07:20.652411 - GSETTINGS REGISTRY: typing-echo/key-echo using default value = True
10:07:20.652442 - GSETTINGS SCHEMA HANDLE: typing-echo/modifier-keys not set [app:accessibility_probe, profile:default]
10:07:20.652446 - GSETTINGS REGISTRY: typing-echo/modifier-keys using default value = True
10:07:20.652451 - TYPING ECHO PRESENTER: Echoing modifier keyboard event: True.
10:07:20.652469 - GSETTINGS SCHEMA HANDLE: keybindings/keyboard-layout not set [app:accessibility_probe, profile:default]
10:07:20.652477 - GSETTINGS REGISTRY: keybindings/keyboard-layout using default value = 'desktop'
10:07:20.652487 - GSETTINGS SCHEMA HANDLE: keybindings/desktop-modifier-keys not set [app:accessibility_probe, profile:default]
10:07:20.652491 - GSETTINGS REGISTRY: keybindings/desktop-modifier-keys using default value = ['Insert', 'KP_Insert']
10:07:20.652515 - SCRIPT MANAGER: Active script is: accessibility_probe (module=orca.scripts.default)
10:07:20.652541 - FOCUS MANAGER: Active mode: object-navigator Object of interest: [progress bar: 'Download progress' (0x7a29d2f91740)] 
10:07:20.652557 - GSETTINGS SCHEMA HANDLE: speech/enable not set [app:accessibility_probe, profile:default]
10:07:20.652561 - GSETTINGS REGISTRY: speech/enable using default value = True
10:07:20.652575 - GSETTINGS SCHEMA HANDLE: speech/verbosity-level not set [app:accessibility_probe, profile:default]
10:07:20.652578 - GSETTINGS REGISTRY: speech/verbosity-level using default value = 'verbose'
10:07:20.652591 - FOCUS MANAGER: Locus of focus is [button: 'Advance download' (0x7a29e8a6ad40)] 
10:07:20.652606 - SCRIPT MANAGER: Active script is: accessibility_probe (module=orca.scripts.default)
10:07:20.652621 - GSETTINGS SCHEMA HANDLE: speech/only-speak-displayed-text not set [app:accessibility_probe, profile:default]
10:07:20.652624 - GSETTINGS REGISTRY: speech/only-speak-displayed-text using default value = False
10:07:20.652634 - GSETTINGS SCHEMA HANDLE: speech/speak-description not set [app:accessibility_probe, profile:default]
10:07:20.652638 - GSETTINGS REGISTRY: speech/speak-description using default value = True
10:07:20.652647 - GSETTINGS SCHEMA HANDLE: speech/speak-tutorial-messages not set [app:accessibility_probe, profile:default]
10:07:20.652651 - GSETTINGS REGISTRY: speech/speak-tutorial-messages using default value = True
10:07:20.652660 - GSETTINGS SCHEMA HANDLE: speech/speak-position-in-set not set [app:accessibility_probe, profile:default]
10:07:20.652664 - GSETTINGS REGISTRY: speech/speak-position-in-set using default value = False
10:07:20.652673 - GSETTINGS SCHEMA HANDLE: speech/speak-widget-mnemonic not set [app:accessibility_probe, profile:default]
10:07:20.652676 - GSETTINGS REGISTRY: speech/speak-widget-mnemonic using default value = True
10:07:20.652685 - GSETTINGS SCHEMA HANDLE: speech/speak-blank-lines not set [app:accessibility_probe, profile:default]
10:07:20.652688 - GSETTINGS REGISTRY: speech/speak-blank-lines using default value = True
10:07:20.652698 - GSETTINGS SCHEMA HANDLE: speech/speak-indentation-and-justification not set [app:accessibility_probe, profile:default]
10:07:20.652701 - GSETTINGS REGISTRY: speech/speak-indentation-and-justification using default value = False
10:07:20.652711 - GSETTINGS SCHEMA HANDLE: speech/announce-cell-headers not set [app:accessibility_probe, profile:default]
10:07:20.652714 - GSETTINGS REGISTRY: speech/announce-cell-headers using default value = True
10:07:20.652723 - GSETTINGS SCHEMA HANDLE: speech/announce-cell-coordinates not set [app:accessibility_probe, profile:default]
10:07:20.652727 - GSETTINGS REGISTRY: speech/announce-cell-coordinates using default value = True
10:07:20.652736 - GSETTINGS SCHEMA HANDLE: speech/announce-spreadsheet-cell-coordinates not set [app:accessibility_probe, profile:default]
10:07:20.652739 - GSETTINGS REGISTRY: speech/announce-spreadsheet-cell-coordinates using default value = True
10:07:20.652748 - GSETTINGS SCHEMA HANDLE: speech/announce-blockquote not set [app:accessibility_probe, profile:default]
10:07:20.652751 - GSETTINGS REGISTRY: speech/announce-blockquote using default value = True
10:07:20.652760 - GSETTINGS SCHEMA HANDLE: speech/announce-form not set [app:accessibility_probe, profile:default]
10:07:20.652763 - GSETTINGS REGISTRY: speech/announce-form using default value = True
10:07:20.652772 - GSETTINGS SCHEMA HANDLE: speech/announce-landmark not set [app:accessibility_probe, profile:default]
10:07:20.652775 - GSETTINGS REGISTRY: speech/announce-landmark using default value = True
10:07:20.652786 - GSETTINGS SCHEMA HANDLE: speech/announce-list not set [app:accessibility_probe, profile:default]
10:07:20.652789 - GSETTINGS REGISTRY: speech/announce-list using default value = True
10:07:20.652799 - GSETTINGS SCHEMA HANDLE: speech/announce-grouping not set [app:accessibility_probe, profile:default]
10:07:20.652802 - GSETTINGS REGISTRY: speech/announce-grouping using default value = True
10:07:20.652810 - GSETTINGS SCHEMA HANDLE: speech/announce-table not set [app:accessibility_probe, profile:default]
10:07:20.652813 - GSETTINGS REGISTRY: speech/announce-table using default value = True
10:07:20.652834 - GSETTINGS SCHEMA HANDLE: voice/established not set [app:accessibility_probe, profile:default]
10:07:20.652845 - GSETTINGS SCHEMA HANDLE: voice/rate not set [app:accessibility_probe, profile:default]
10:07:20.652856 - GSETTINGS SCHEMA HANDLE: voice/pitch not set [app:accessibility_probe, profile:default]
10:07:20.652866 - GSETTINGS SCHEMA HANDLE: voice/volume not set [app:accessibility_probe, profile:default]
10:07:20.652878 - GSETTINGS SCHEMA HANDLE: voice/family-name not set [app:accessibility_probe, profile:default]
10:07:20.652887 - GSETTINGS SCHEMA HANDLE: voice/family-lang not set [app:accessibility_probe, profile:default]
10:07:20.652897 - GSETTINGS SCHEMA HANDLE: voice/family-dialect not set [app:accessibility_probe, profile:default]
10:07:20.652908 - GSETTINGS SCHEMA HANDLE: voice/family-gender not set [app:accessibility_probe, profile:default]
10:07:20.652918 - GSETTINGS SCHEMA HANDLE: voice/family-variant not set [app:accessibility_probe, profile:default]
10:07:20.652948 - SPEECH GENERATOR: None voice requested for None language='', dialect='' Unmodified voice={'established': False}
10:07:20.652971 - SPEECH GENERATOR: Reported locale of None is 
10:07:20.652991 - SPEECH GENERATOR: Updated to: 'C', ''
10:07:20.653011 - GSETTINGS SCHEMA HANDLE: speech/auto-language-switching not set [app:accessibility_probe, profile:default]
10:07:20.653015 - GSETTINGS REGISTRY: speech/auto-language-switching using default value = True
10:07:20.653023 - SPEECH DISPATCHER: Returning cached result for language='C' dialect='' variant='None'
10:07:20.653066 - SPEECH GENERATOR: Family updated to {'dialect': '', 'lang': 'C', 'name': ''}
10:07:20.653107 - SPEECH GENERATOR: Final voice is {'established': 'False', 'family': "{'dialect': '', 'lang': 'C', 'name': ''}"}
10:07:20.653128 - GSETTINGS SCHEMA HANDLE: keybindings/keyboard-layout not set [app:accessibility_probe, profile:default]
10:07:20.653132 - GSETTINGS REGISTRY: keybindings/keyboard-layout using default value = 'desktop'
10:07:20.653143 - GSETTINGS SCHEMA HANDLE: keybindings/desktop-modifier-keys not set [app:accessibility_probe, profile:default]
10:07:20.653147 - GSETTINGS REGISTRY: keybindings/desktop-modifier-keys using default value = ['Insert', 'KP_Insert']
10:07:20.653156 - SPEECH OUTPUT: 'left control' {'established': False, 'family': {'name': '', 'gender': None, 'lang': 'C', 'dialect': '', 'variant': None}}
10:07:20.653170 - GSETTINGS SCHEMA HANDLE: keybindings/keyboard-layout not set [app:accessibility_probe, profile:default]
10:07:20.653174 - GSETTINGS REGISTRY: keybindings/keyboard-layout using default value = 'desktop'
10:07:20.653183 - GSETTINGS SCHEMA HANDLE: keybindings/desktop-modifier-keys not set [app:accessibility_probe, profile:default]
10:07:20.653187 - GSETTINGS REGISTRY: keybindings/desktop-modifier-keys using default value = ['Insert', 'KP_Insert']
10:07:20.653193 - SPEECH DISPATCHER: Speaking 'left control' as string
10:07:20.653198 - SPEECH DISPATCHER: Speaking 'left control' as string
10:07:20.653361 - SPEECH DISPATCHER: Speaking '<speak><mark name="0:4"/>left <mark name="5:12"/>control</speak>' 
                  ORCA rate 50.0, pitch 5.0, volume 10.0, language C, punctuation: MOST
                  SD rate 2, pitch 10, volume 100, language c
10:07:20.653421 - TOTAL PROCESSING TIME: 0.0019
^^^^^ PROCESS ATSPI_KEY_PRESSED_EVENT: 'Control_L' (37) ^^^^^

10:07:20.654980 - GSETTINGS SCHEMA HANDLE: keybindings/keyboard-layout not set [app:accessibility_probe, profile:default]
10:07:20.655003 - GSETTINGS REGISTRY: keybindings/keyboard-layout using default value = 'desktop'
10:07:20.655020 - GSETTINGS SCHEMA HANDLE: keybindings/desktop-modifier-keys not set [app:accessibility_probe, profile:default]
10:07:20.655026 - GSETTINGS REGISTRY: keybindings/desktop-modifier-keys using default value = ['Insert', 'KP_Insert']
10:07:20.655032 - ORCA MODIFIER MANAGER: Setting pressed state to True
10:07:20.655059 - FOCUS MANAGER: Active window is [frame: 'Reactive TUI App accessibility round 1' (0x7a29e814f500)]  clipboard._get_contents:140 > input_event_manager._on_key_pressed:261 > input_event_manager.process_keyboard_event:297 > focus_manager.get_active_window:342
10:07:20.655302 - AXObject: Clearing AT-SPI cache on [frame: 'Reactive TUI App accessibility round 1' (0x7a29e814f500)]  Recursive: False.  Reason: Checking if window can be the active window
10:07:20.656796 - AXUtilities: [frame: 'Reactive TUI App accessibility round 1' (0x7a29e814f500)]  from [application: 'accessibility_probe' (0x7a29e8147200)]  can be active window
10:07:20.656985 - FOCUS MANAGER: Locus of focus is [button: 'Advance download' (0x7a29e8a6ad40)] 
10:07:20.657144 - SCRIPT MANAGER: Active script is: accessibility_probe (module=orca.scripts.default)
10:07:20.657311 - GSETTINGS SCHEMA HANDLE: keybindings/keyboard-layout not set [app:accessibility_probe, profile:default]
10:07:20.657320 - GSETTINGS REGISTRY: keybindings/keyboard-layout using default value = 'desktop'
10:07:20.657333 - GSETTINGS SCHEMA HANDLE: keybindings/desktop-modifier-keys not set [app:accessibility_probe, profile:default]
10:07:20.657338 - GSETTINGS REGISTRY: keybindings/desktop-modifier-keys using default value = ['Insert', 'KP_Insert']

KEYBOARD_EVENT:  type=ATSPI_KEY_PRESSED_EVENT
                 id=65379
                 hw_code=118
                 modifiers=4356
                 text=''
                 keyval_name='Insert'
                 timestamp=1789049240.6549492
                 clickCount=1

vvvvv PROCESS ATSPI_KEY_PRESSED_EVENT: 'Insert' (118) vvvvv
10:07:20.657375 - SCRIPT: accessibility_probe (module=orca.scripts.default)
10:07:20.657389 - WINDOW: [frame: 'Reactive TUI App accessibility round 1' (0x7a29e814f500)] 
10:07:20.657400 - LOCATION: [button: 'Advance download' (0x7a29e8a6ad40)] 
10:07:20.657422 - GSETTINGS SCHEMA HANDLE: keybindings/keyboard-layout not set [app:accessibility_probe, profile:default]
10:07:20.657426 - GSETTINGS REGISTRY: keybindings/keyboard-layout using default value = 'desktop'
10:07:20.657437 - GSETTINGS SCHEMA HANDLE: keybindings/desktop-modifier-keys not set [app:accessibility_probe, profile:default]
10:07:20.657441 - GSETTINGS REGISTRY: keybindings/desktop-modifier-keys using default value = ['Insert', 'KP_Insert']
10:07:20.657448 - PRESENTATION MANAGER: Interrupting presentation
10:07:20.657477 - SPEECH MANAGER: interrupt_speech. Script: None Event: None notify_user: False
10:07:20.657767 - SPEECH MANAGER: Speech server is <orca.speechdispatcherfactory.SpeechServer object at 0x7a29e89e96a0>
10:07:20.660821 - BRAILLE: Kill flash message input_event._present:603 > presentation_manager.interrupt_presentation:88 > braille_presenter.kill_flash:1829 > braille.kill_flash:2182
10:07:20.661172 - TYPING ECHO PRESENTER: should_echo_keyboard_event: 'insert'?
10:07:20.661200 - GSETTINGS SCHEMA HANDLE: keybindings/keyboard-layout not set [app:accessibility_probe, profile:default]
10:07:20.661207 - GSETTINGS REGISTRY: keybindings/keyboard-layout using default value = 'desktop'
10:07:20.661220 - GSETTINGS SCHEMA HANDLE: keybindings/desktop-modifier-keys not set [app:accessibility_probe, profile:default]
10:07:20.661225 - GSETTINGS REGISTRY: keybindings/desktop-modifier-keys using default value = ['Insert', 'KP_Insert']
10:07:20.661244 - GSETTINGS SCHEMA HANDLE: typing-echo/key-echo not set [app:accessibility_probe, profile:default]
10:07:20.661248 - GSETTINGS REGISTRY: typing-echo/key-echo using default value = True
10:07:20.661258 - GSETTINGS SCHEMA HANDLE: typing-echo/modifier-keys not set [app:accessibility_probe, profile:default]
10:07:20.661266 - GSETTINGS REGISTRY: typing-echo/modifier-keys using default value = True
10:07:20.661270 - TYPING ECHO PRESENTER: Echoing modifier Orca modifier event: True.
10:07:20.661288 - GSETTINGS SCHEMA HANDLE: keybindings/keyboard-layout not set [app:accessibility_probe, profile:default]
10:07:20.661292 - GSETTINGS REGISTRY: keybindings/keyboard-layout using default value = 'desktop'
10:07:20.661302 - GSETTINGS SCHEMA HANDLE: keybindings/desktop-modifier-keys not set [app:accessibility_probe, profile:default]
10:07:20.661306 - GSETTINGS REGISTRY: keybindings/desktop-modifier-keys using default value = ['Insert', 'KP_Insert']
10:07:20.661326 - SCRIPT MANAGER: Active script is: accessibility_probe (module=orca.scripts.default)
10:07:20.661354 - FOCUS MANAGER: Active mode: object-navigator Object of interest: [progress bar: 'Download progress' (0x7a29d2f91740)] 
10:07:20.661369 - GSETTINGS SCHEMA HANDLE: speech/enable not set [app:accessibility_probe, profile:default]
10:07:20.661373 - GSETTINGS REGISTRY: speech/enable using default value = True
10:07:20.661385 - GSETTINGS SCHEMA HANDLE: speech/verbosity-level not set [app:accessibility_probe, profile:default]
10:07:20.661389 - GSETTINGS REGISTRY: speech/verbosity-level using default value = 'verbose'
10:07:20.661402 - FOCUS MANAGER: Locus of focus is [button: 'Advance download' (0x7a29e8a6ad40)] 
10:07:20.661415 - SCRIPT MANAGER: Active script is: accessibility_probe (module=orca.scripts.default)
10:07:20.661430 - GSETTINGS SCHEMA HANDLE: speech/only-speak-displayed-text not set [app:accessibility_probe, profile:default]
10:07:20.661434 - GSETTINGS REGISTRY: speech/only-speak-displayed-text using default value = False
10:07:20.661445 - GSETTINGS SCHEMA HANDLE: speech/speak-description not set [app:accessibility_probe, profile:default]
10:07:20.661449 - GSETTINGS REGISTRY: speech/speak-description using default value = True
10:07:20.661459 - GSETTINGS SCHEMA HANDLE: speech/speak-tutorial-messages not set [app:accessibility_probe, profile:default]
10:07:20.661462 - GSETTINGS REGISTRY: speech/speak-tutorial-messages using default value = True
10:07:20.661472 - GSETTINGS SCHEMA HANDLE: speech/speak-position-in-set not set [app:accessibility_probe, profile:default]
10:07:20.661475 - GSETTINGS REGISTRY: speech/speak-position-in-set using default value = False
10:07:20.661484 - GSETTINGS SCHEMA HANDLE: speech/speak-widget-mnemonic not set [app:accessibility_probe, profile:default]
10:07:20.661489 - GSETTINGS REGISTRY: speech/speak-widget-mnemonic using default value = True
10:07:20.661498 - GSETTINGS SCHEMA HANDLE: speech/speak-blank-lines not set [app:accessibility_probe, profile:default]
10:07:20.661501 - GSETTINGS REGISTRY: speech/speak-blank-lines using default value = True
10:07:20.661511 - GSETTINGS SCHEMA HANDLE: speech/speak-indentation-and-justification not set [app:accessibility_probe, profile:default]
10:07:20.661514 - GSETTINGS REGISTRY: speech/speak-indentation-and-justification using default value = False
10:07:20.661523 - GSETTINGS SCHEMA HANDLE: speech/announce-cell-headers not set [app:accessibility_probe, profile:default]
10:07:20.661527 - GSETTINGS REGISTRY: speech/announce-cell-headers using default value = True
10:07:20.661535 - GSETTINGS SCHEMA HANDLE: speech/announce-cell-coordinates not set [app:accessibility_probe, profile:default]
10:07:20.661538 - GSETTINGS REGISTRY: speech/announce-cell-coordinates using default value = True
10:07:20.661547 - GSETTINGS SCHEMA HANDLE: speech/announce-spreadsheet-cell-coordinates not set [app:accessibility_probe, profile:default]
10:07:20.661551 - GSETTINGS REGISTRY: speech/announce-spreadsheet-cell-coordinates using default value = True
10:07:20.661559 - GSETTINGS SCHEMA HANDLE: speech/announce-blockquote not set [app:accessibility_probe, profile:default]
10:07:20.661563 - GSETTINGS REGISTRY: speech/announce-blockquote using default value = True
10:07:20.661571 - GSETTINGS SCHEMA HANDLE: speech/announce-form not set [app:accessibility_probe, profile:default]
10:07:20.661576 - GSETTINGS REGISTRY: speech/announce-form using default value = True
10:07:20.661585 - GSETTINGS SCHEMA HANDLE: speech/announce-landmark not set [app:accessibility_probe, profile:default]
10:07:20.661588 - GSETTINGS REGISTRY: speech/announce-landmark using default value = True
10:07:20.661597 - GSETTINGS SCHEMA HANDLE: speech/announce-list not set [app:accessibility_probe, profile:default]
10:07:20.661600 - GSETTINGS REGISTRY: speech/announce-list using default value = True
10:07:20.661609 - GSETTINGS SCHEMA HANDLE: speech/announce-grouping not set [app:accessibility_probe, profile:default]
10:07:20.661612 - GSETTINGS REGISTRY: speech/announce-grouping using default value = True
10:07:20.661620 - GSETTINGS SCHEMA HANDLE: speech/announce-table not set [app:accessibility_probe, profile:default]
10:07:20.661623 - GSETTINGS REGISTRY: speech/announce-table using default value = True
10:07:20.661644 - GSETTINGS SCHEMA HANDLE: voice/established not set [app:accessibility_probe, profile:default]
10:07:20.661656 - GSETTINGS SCHEMA HANDLE: voice/rate not set [app:accessibility_probe, profile:default]
10:07:20.661666 - GSETTINGS SCHEMA HANDLE: voice/pitch not set [app:accessibility_probe, profile:default]
10:07:20.661677 - GSETTINGS SCHEMA HANDLE: voice/volume not set [app:accessibility_probe, profile:default]
10:07:20.661689 - GSETTINGS SCHEMA HANDLE: voice/family-name not set [app:accessibility_probe, profile:default]
10:07:20.661698 - GSETTINGS SCHEMA HANDLE: voice/family-lang not set [app:accessibility_probe, profile:default]
10:07:20.661708 - GSETTINGS SCHEMA HANDLE: voice/family-dialect not set [app:accessibility_probe, profile:default]
10:07:20.661718 - GSETTINGS SCHEMA HANDLE: voice/family-gender not set [app:accessibility_probe, profile:default]
10:07:20.661727 - GSETTINGS SCHEMA HANDLE: voice/family-variant not set [app:accessibility_probe, profile:default]
10:07:20.661753 - SPEECH GENERATOR: None voice requested for None language='', dialect='' Unmodified voice={'established': False}
10:07:20.661775 - SPEECH GENERATOR: Reported locale of None is 
10:07:20.661790 - SPEECH GENERATOR: Updated to: 'C', ''
10:07:20.661807 - GSETTINGS SCHEMA HANDLE: speech/auto-language-switching not set [app:accessibility_probe, profile:default]
10:07:20.661810 - GSETTINGS REGISTRY: speech/auto-language-switching using default value = True
10:07:20.661819 - SPEECH DISPATCHER: Returning cached result for language='C' dialect='' variant='None'
10:07:20.661861 - SPEECH GENERATOR: Family updated to {'dialect': '', 'lang': 'C', 'name': ''}
10:07:20.661904 - SPEECH GENERATOR: Final voice is {'established': 'False', 'family': "{'dialect': '', 'lang': 'C', 'name': ''}"}
10:07:20.661925 - GSETTINGS SCHEMA HANDLE: keybindings/keyboard-layout not set [app:accessibility_probe, profile:default]
10:07:20.661930 - GSETTINGS REGISTRY: keybindings/keyboard-layout using default value = 'desktop'
10:07:20.661941 - GSETTINGS SCHEMA HANDLE: keybindings/desktop-modifier-keys not set [app:accessibility_probe, profile:default]
10:07:20.661945 - GSETTINGS REGISTRY: keybindings/desktop-modifier-keys using default value = ['Insert', 'KP_Insert']
10:07:20.661951 - SPEECH OUTPUT: 'insert' {'established': False, 'family': {'name': '', 'gender': None, 'lang': 'C', 'dialect': '', 'variant': None}}
10:07:20.661966 - GSETTINGS SCHEMA HANDLE: keybindings/keyboard-layout not set [app:accessibility_probe, profile:default]
10:07:20.661969 - GSETTINGS REGISTRY: keybindings/keyboard-layout using default value = 'desktop'
10:07:20.662004 - GSETTINGS SCHEMA HANDLE: keybindings/desktop-modifier-keys not set [app:accessibility_probe, profile:default]
10:07:20.662019 - GSETTINGS REGISTRY: keybindings/desktop-modifier-keys using default value = ['Insert', 'KP_Insert']
10:07:20.662024 - SPEECH DISPATCHER: Speaking 'insert' as string
10:07:20.662028 - SPEECH DISPATCHER: Speaking 'insert' as string
10:07:20.662232 - SPEECH DISPATCHER: Speaking '<speak><mark name="0:6"/>insert</speak>' 
                  ORCA rate 50.0, pitch 5.0, volume 10.0, language C, punctuation: MOST
                  SD rate 2, pitch 10, volume 100, language c
10:07:20.662285 - TOTAL PROCESSING TIME: 0.0049
^^^^^ PROCESS ATSPI_KEY_PRESSED_EVENT: 'Insert' (118) ^^^^^

10:07:20.662314 - GSETTINGS SCHEMA HANDLE: keybindings/keyboard-layout not set [app:accessibility_probe, profile:default]
10:07:20.662320 - GSETTINGS REGISTRY: keybindings/keyboard-layout using default value = 'desktop'
10:07:20.662330 - GSETTINGS SCHEMA HANDLE: keybindings/desktop-modifier-keys not set [app:accessibility_probe, profile:default]
10:07:20.662335 - GSETTINGS REGISTRY: keybindings/desktop-modifier-keys using default value = ['Insert', 'KP_Insert']
10:07:20.662398 - GSETTINGS SCHEMA HANDLE: keybindings/keyboard-layout not set [app:accessibility_probe, profile:default]
10:07:20.662403 - GSETTINGS REGISTRY: keybindings/keyboard-layout using default value = 'desktop'
10:07:20.662414 - GSETTINGS SCHEMA HANDLE: keybindings/desktop-modifier-keys not set [app:accessibility_probe, profile:default]
10:07:20.662418 - GSETTINGS REGISTRY: keybindings/desktop-modifier-keys using default value = ['Insert', 'KP_Insert']
10:07:20.662441 - FOCUS MANAGER: Active window is [frame: 'Reactive TUI App accessibility round 1' (0x7a29e814f500)]  clipboard._get_contents:140 > input_event_manager._on_key_pressed:261 > input_event_manager.process_keyboard_event:297 > focus_manager.get_active_window:342
10:07:20.662682 - AXObject: Clearing AT-SPI cache on [frame: 'Reactive TUI App accessibility round 1' (0x7a29e814f500)]  Recursive: False.  Reason: Checking if window can be the active window
10:07:20.663990 - AXUtilities: [frame: 'Reactive TUI App accessibility round 1' (0x7a29e814f500)]  from [application: 'accessibility_probe' (0x7a29e8147200)]  can be active window
10:07:20.664168 - FOCUS MANAGER: Locus of focus is [button: 'Advance download' (0x7a29e8a6ad40)] 
10:07:20.664322 - SCRIPT MANAGER: Active script is: accessibility_probe (module=orca.scripts.default)
10:07:20.664486 - GSETTINGS SCHEMA HANDLE: keybindings/keyboard-layout not set [app:accessibility_probe, profile:default]
10:07:20.664493 - GSETTINGS REGISTRY: keybindings/keyboard-layout using default value = 'desktop'
10:07:20.664505 - GSETTINGS SCHEMA HANDLE: keybindings/desktop-modifier-keys not set [app:accessibility_probe, profile:default]
10:07:20.664510 - GSETTINGS REGISTRY: keybindings/desktop-modifier-keys using default value = ['Insert', 'KP_Insert']

KEYBOARD_EVENT:  type=ATSPI_KEY_PRESSED_EVENT
                 id=65363
                 hw_code=114
                 modifiers=4356
                 text=''
                 keyval_name='Right'
                 timestamp=1789049240.662387
                 clickCount=1

vvvvv PROCESS ATSPI_KEY_PRESSED_EVENT: 'Right' (114) vvvvv
10:07:20.664545 - SCRIPT: accessibility_probe (module=orca.scripts.default)
10:07:20.664559 - WINDOW: [frame: 'Reactive TUI App accessibility round 1' (0x7a29e814f500)] 
10:07:20.664570 - LOCATION: [button: 'Advance download' (0x7a29e8a6ad40)] 
10:07:20.664593 - COMMAND: object_navigator_next
10:07:20.664612 - GSETTINGS SCHEMA HANDLE: keybindings/keyboard-layout not set [app:accessibility_probe, profile:default]
10:07:20.664616 - GSETTINGS REGISTRY: keybindings/keyboard-layout using default value = 'desktop'
10:07:20.664627 - GSETTINGS SCHEMA HANDLE: keybindings/desktop-modifier-keys not set [app:accessibility_probe, profile:default]
10:07:20.664631 - GSETTINGS REGISTRY: keybindings/desktop-modifier-keys using default value = ['Insert', 'KP_Insert']
10:07:20.664636 - PRESENTATION MANAGER: Interrupting presentation
10:07:20.664665 - SPEECH MANAGER: interrupt_speech. Script: None Event: None notify_user: False
10:07:20.664827 - SPEECH MANAGER: Speech server is <orca.speechdispatcherfactory.SpeechServer object at 0x7a29e89e96a0>
10:07:20.664860 - BRAILLE: Kill flash message input_event._present:603 > presentation_manager.interrupt_presentation:88 > braille_presenter.kill_flash:1829 > braille.kill_flash:2182
10:07:20.665171 - TYPING ECHO PRESENTER: should_echo_keyboard_event: 'right'?
10:07:20.665195 - GSETTINGS SCHEMA HANDLE: keybindings/keyboard-layout not set [app:accessibility_probe, profile:default]
10:07:20.665200 - GSETTINGS REGISTRY: keybindings/keyboard-layout using default value = 'desktop'
10:07:20.665212 - GSETTINGS SCHEMA HANDLE: keybindings/desktop-modifier-keys not set [app:accessibility_probe, profile:default]
10:07:20.665217 - GSETTINGS REGISTRY: keybindings/desktop-modifier-keys using default value = ['Insert', 'KP_Insert']
10:07:20.665225 - TYPING ECHO PRESENTER: Not echoing keyboard event: modifier.
10:07:20.665239 - TOTAL PROCESSING TIME: 0.0007
^^^^^ PROCESS ATSPI_KEY_PRESSED_EVENT: 'Right' (114) ^^^^^

10:07:20.665261 - GSETTINGS SCHEMA HANDLE: keybindings/keyboard-layout not set [app:accessibility_probe, profile:default]
10:07:20.665265 - GSETTINGS REGISTRY: keybindings/keyboard-layout using default value = 'desktop'
10:07:20.665274 - GSETTINGS SCHEMA HANDLE: keybindings/desktop-modifier-keys not set [app:accessibility_probe, profile:default]
10:07:20.665278 - GSETTINGS REGISTRY: keybindings/desktop-modifier-keys using default value = ['Insert', 'KP_Insert']
10:07:20.665331 - GSETTINGS SCHEMA HANDLE: keybindings/keyboard-layout not set [app:accessibility_probe, profile:default]
10:07:20.665335 - GSETTINGS REGISTRY: keybindings/keyboard-layout using default value = 'desktop'
10:07:20.665345 - GSETTINGS SCHEMA HANDLE: keybindings/desktop-modifier-keys not set [app:accessibility_probe, profile:default]
10:07:20.665348 - GSETTINGS REGISTRY: keybindings/desktop-modifier-keys using default value = ['Insert', 'KP_Insert']
10:07:20.665801 - GSETTINGS SCHEMA HANDLE: keybindings/keyboard-layout not set [app:accessibility_probe, profile:default]
10:07:20.665807 - GSETTINGS REGISTRY: keybindings/keyboard-layout using default value = 'desktop'
10:07:20.665818 - GSETTINGS SCHEMA HANDLE: keybindings/desktop-modifier-keys not set [app:accessibility_probe, profile:default]
10:07:20.665822 - GSETTINGS REGISTRY: keybindings/desktop-modifier-keys using default value = ['Insert', 'KP_Insert']

KEYBOARD_EVENT:  type=ATSPI_KEY_RELEASED_EVENT
                 id=65363
                 hw_code=114
                 modifiers=4356
                 text=''
                 keyval_name='Right'
                 timestamp=1789049240.66532
                 clickCount=1

vvvvv PROCESS ATSPI_KEY_RELEASED_EVENT: 'Right' (114) vvvvv
10:07:20.665857 - SCRIPT: accessibility_probe (module=orca.scripts.default)
10:07:20.665872 - WINDOW: [frame: 'Reactive TUI App accessibility round 1' (0x7a29e814f500)] 
10:07:20.665884 - LOCATION: [button: 'Advance download' (0x7a29e8a6ad40)] 
10:07:20.665903 - COMMAND: object_navigator_next
10:07:20.665920 - GSETTINGS SCHEMA HANDLE: keybindings/keyboard-layout not set [app:accessibility_probe, profile:default]
10:07:20.665924 - GSETTINGS REGISTRY: keybindings/keyboard-layout using default value = 'desktop'
10:07:20.665934 - GSETTINGS SCHEMA HANDLE: keybindings/desktop-modifier-keys not set [app:accessibility_probe, profile:default]
10:07:20.665938 - GSETTINGS REGISTRY: keybindings/desktop-modifier-keys using default value = ['Insert', 'KP_Insert']
10:07:20.665949 - TOTAL PROCESSING TIME: 0.0001
^^^^^ PROCESS ATSPI_KEY_RELEASED_EVENT: 'Right' (114) ^^^^^

10:07:20.665969 - GSETTINGS SCHEMA HANDLE: keybindings/keyboard-layout not set [app:accessibility_probe, profile:default]
10:07:20.665973 - GSETTINGS REGISTRY: keybindings/keyboard-layout using default value = 'desktop'
10:07:20.665990 - GSETTINGS SCHEMA HANDLE: keybindings/desktop-modifier-keys not set [app:accessibility_probe, profile:default]
10:07:20.665995 - GSETTINGS REGISTRY: keybindings/desktop-modifier-keys using default value = ['Insert', 'KP_Insert']
10:07:20.666095 - GSETTINGS SCHEMA HANDLE: keybindings/keyboard-layout not set [app:accessibility_probe, profile:default]
10:07:20.666100 - GSETTINGS REGISTRY: keybindings/keyboard-layout using default value = 'desktop'
10:07:20.666110 - GSETTINGS SCHEMA HANDLE: keybindings/desktop-modifier-keys not set [app:accessibility_probe, profile:default]
10:07:20.666114 - GSETTINGS REGISTRY: keybindings/desktop-modifier-keys using default value = ['Insert', 'KP_Insert']
10:07:20.666121 - ORCA MODIFIER MANAGER: Setting pressed state to False
10:07:20.666567 - GSETTINGS SCHEMA HANDLE: keybindings/keyboard-layout not set [app:accessibility_probe, profile:default]
10:07:20.666572 - GSETTINGS REGISTRY: keybindings/keyboard-layout using default value = 'desktop'
10:07:20.666583 - GSETTINGS SCHEMA HANDLE: keybindings/desktop-modifier-keys not set [app:accessibility_probe, profile:default]
10:07:20.666587 - GSETTINGS REGISTRY: keybindings/desktop-modifier-keys using default value = ['Insert', 'KP_Insert']

KEYBOARD_EVENT:  type=ATSPI_KEY_RELEASED_EVENT
                 id=65379
                 hw_code=118
                 modifiers=4
                 text=''
                 keyval_name='Insert'
                 timestamp=1789049240.666084
                 clickCount=1

vvvvv PROCESS ATSPI_KEY_RELEASED_EVENT: 'Insert' (118) vvvvv
10:07:20.666615 - SCRIPT: accessibility_probe (module=orca.scripts.default)
10:07:20.666629 - WINDOW: [frame: 'Reactive TUI App accessibility round 1' (0x7a29e814f500)] 
10:07:20.666640 - LOCATION: [button: 'Advance download' (0x7a29e8a6ad40)] 
10:07:20.666656 - GSETTINGS SCHEMA HANDLE: keybindings/keyboard-layout not set [app:accessibility_probe, profile:default]
10:07:20.666660 - GSETTINGS REGISTRY: keybindings/keyboard-layout using default value = 'desktop'
10:07:20.666670 - GSETTINGS SCHEMA HANDLE: keybindings/desktop-modifier-keys not set [app:accessibility_probe, profile:default]
10:07:20.666674 - GSETTINGS REGISTRY: keybindings/desktop-modifier-keys using default value = ['Insert', 'KP_Insert']
10:07:20.666684 - TOTAL PROCESSING TIME: 0.0001
^^^^^ PROCESS ATSPI_KEY_RELEASED_EVENT: 'Insert' (118) ^^^^^

10:07:20.666703 - GSETTINGS SCHEMA HANDLE: keybindings/keyboard-layout not set [app:accessibility_probe, profile:default]
10:07:20.666707 - GSETTINGS REGISTRY: keybindings/keyboard-layout using default value = 'desktop'
10:07:20.666716 - GSETTINGS SCHEMA HANDLE: keybindings/desktop-modifier-keys not set [app:accessibility_probe, profile:default]
10:07:20.666719 - GSETTINGS REGISTRY: keybindings/desktop-modifier-keys using default value = ['Insert', 'KP_Insert']
10:07:20.667041 - GSETTINGS SCHEMA HANDLE: keybindings/keyboard-layout not set [app:accessibility_probe, profile:default]
10:07:20.667047 - GSETTINGS REGISTRY: keybindings/keyboard-layout using default value = 'desktop'
10:07:20.667057 - GSETTINGS SCHEMA HANDLE: keybindings/desktop-modifier-keys not set [app:accessibility_probe, profile:default]
10:07:20.667061 - GSETTINGS REGISTRY: keybindings/desktop-modifier-keys using default value = ['Insert', 'KP_Insert']

KEYBOARD_EVENT:  type=ATSPI_KEY_RELEASED_EVENT
                 id=65507
                 hw_code=37
                 modifiers=4
                 text=''
                 keyval_name='Control_L'
                 timestamp=1789049240.6670256
                 clickCount=1

vvvvv PROCESS ATSPI_KEY_RELEASED_EVENT: 'Control_L' (37) vvvvv
10:07:20.667517 - SCRIPT: accessibility_probe (module=orca.scripts.default)
10:07:20.667532 - WINDOW: [frame: 'Reactive TUI App accessibility round 1' (0x7a29e814f500)] 
10:07:20.667544 - LOCATION: [button: 'Advance download' (0x7a29e8a6ad40)] 
10:07:20.667561 - GSETTINGS SCHEMA HANDLE: keybindings/keyboard-layout not set [app:accessibility_probe, profile:default]
10:07:20.667565 - GSETTINGS REGISTRY: keybindings/keyboard-layout using default value = 'desktop'
10:07:20.667575 - GSETTINGS SCHEMA HANDLE: keybindings/desktop-modifier-keys not set [app:accessibility_probe, profile:default]
10:07:20.667579 - GSETTINGS REGISTRY: keybindings/desktop-modifier-keys using default value = ['Insert', 'KP_Insert']
10:07:20.667589 - TOTAL PROCESSING TIME: 0.0001
^^^^^ PROCESS ATSPI_KEY_RELEASED_EVENT: 'Control_L' (37) ^^^^^


vvvvv HANDLE ATSPI_KEY_PRESSED_EVENT: 'Right' (114) vvvvv
10:07:20.667674 - OBJECT NAVIGATOR: move_to_next_sibling. Script: accessibility_probe (module=orca.scripts.default) Event: KEYBOARD_EVENT:  type=ATSPI_KEY_PRESSED_EVENT
                                   id=65363
                                   hw_code=114
                                   modifiers=4356
                                   text=''
                                   keyval_name='Right'
                                   timestamp=1789049240.662387
                                   clickCount=1 notify_user: True
10:07:20.667702 - FOCUS MANAGER: Active mode: object-navigator Object of interest: [progress bar: 'Download progress' (0x7a29d2f91740)] 
10:07:20.667731 - OBJECT NAVIGATOR: Not excluding [frame: 'Reactive TUI App accessibility round 1' (0x7a29e814f500)] 

10:07:20.668098 - EVENT MANAGER: object:state-changed:sensitive for [menu item: 'Paste' (0x7a29d2fd5500)]  in org.gnome.Terminal (gtk 3.24.52) (0, 0, 0)
10:07:20.668123 - FOCUS MANAGER: Locus of focus is [button: 'Advance download' (0x7a29e8a6ad40)] 
10:07:20.668181 - EVENT_MANAGER: Ignoring object:state-changed:sensitive due to multiple instances in short time
10:07:20.669730 - OBJECT NAVIGATOR: Not excluding [progress bar: 'Download progress' (0x7a29d2f91740)] 
10:07:20.669749 - OBJECT NAVIGATOR: Not excluding [button: 'Advance download' (0x7a29e8a6ad40)] 
10:07:20.669764 - OBJECT NAVIGATOR: Not excluding [progress bar: 'Waiting for download' (0x7a29d2fd5880)] 
10:07:20.669779 - OBJECT NAVIGATOR: Not excluding [progress bar: 'Invalid download' (0x7a29d2fd5940)] 
10:07:20.669793 - OBJECT NAVIGATOR: Not excluding [progress bar: 'Completed download' (0x7a29d2fd59c0)] 
10:07:20.669808 - OBJECT NAVIGATOR: Presenting [button: 'Advance download' (0x7a29e8a6ad40)] 
10:07:20.669841 - FOCUS MANAGER: Region of interest: [button: 'Advance download' (0x7a29e8a6ad40)]  (0, 0)
10:07:20.669870 - FOCUS MANAGER: Switching object of interest from [progress bar: 'Download progress' (0x7a29d2f91740)]  to [button: 'Advance download' (0x7a29e8a6ad40)] 
10:07:20.669892 - DEFAULT: Presenting object [button: 'Advance download' (0x7a29e8a6ad40)] . Interrupt: False
10:07:20.669919 - FOCUS MANAGER: Active mode: object-navigator Object of interest: [button: 'Advance download' (0x7a29e8a6ad40)] 
10:07:20.669942 - GSETTINGS SCHEMA HANDLE: speech/enable not set [app:accessibility_probe, profile:default]
10:07:20.669946 - GSETTINGS REGISTRY: speech/enable using default value = True
10:07:20.669962 - GSETTINGS SCHEMA HANDLE: speech/verbosity-level not set [app:accessibility_probe, profile:default]
10:07:20.669966 - GSETTINGS REGISTRY: speech/verbosity-level using default value = 'verbose'
10:07:20.669982 - FOCUS MANAGER: Locus of focus is [button: 'Advance download' (0x7a29e8a6ad40)] 
10:07:20.669996 - SCRIPT MANAGER: Active script is: accessibility_probe (module=orca.scripts.default)
10:07:20.670012 - GSETTINGS SCHEMA HANDLE: speech/only-speak-displayed-text not set [app:accessibility_probe, profile:default]
10:07:20.670015 - GSETTINGS REGISTRY: speech/only-speak-displayed-text using default value = False
10:07:20.670026 - GSETTINGS SCHEMA HANDLE: speech/speak-description not set [app:accessibility_probe, profile:default]
10:07:20.670029 - GSETTINGS REGISTRY: speech/speak-description using default value = True
10:07:20.670039 - GSETTINGS SCHEMA HANDLE: speech/speak-tutorial-messages not set [app:accessibility_probe, profile:default]
10:07:20.670042 - GSETTINGS REGISTRY: speech/speak-tutorial-messages using default value = True
10:07:20.670052 - GSETTINGS SCHEMA HANDLE: speech/speak-position-in-set not set [app:accessibility_probe, profile:default]
10:07:20.670055 - GSETTINGS REGISTRY: speech/speak-position-in-set using default value = False
10:07:20.670064 - GSETTINGS SCHEMA HANDLE: speech/speak-widget-mnemonic not set [app:accessibility_probe, profile:default]
10:07:20.670067 - GSETTINGS REGISTRY: speech/speak-widget-mnemonic using default value = True
10:07:20.670076 - GSETTINGS SCHEMA HANDLE: speech/speak-blank-lines not set [app:accessibility_probe, profile:default]
10:07:20.670079 - GSETTINGS REGISTRY: speech/speak-blank-lines using default value = True
10:07:20.670088 - GSETTINGS SCHEMA HANDLE: speech/speak-indentation-and-justification not set [app:accessibility_probe, profile:default]
10:07:20.670095 - GSETTINGS REGISTRY: speech/speak-indentation-and-justification using default value = False
10:07:20.670105 - GSETTINGS SCHEMA HANDLE: speech/announce-cell-headers not set [app:accessibility_probe, profile:default]
10:07:20.670108 - GSETTINGS REGISTRY: speech/announce-cell-headers using default value = True
10:07:20.670117 - GSETTINGS SCHEMA HANDLE: speech/announce-cell-coordinates not set [app:accessibility_probe, profile:default]
10:07:20.670120 - GSETTINGS REGISTRY: speech/announce-cell-coordinates using default value = True
10:07:20.670129 - GSETTINGS SCHEMA HANDLE: speech/announce-spreadsheet-cell-coordinates not set [app:accessibility_probe, profile:default]
10:07:20.670133 - GSETTINGS REGISTRY: speech/announce-spreadsheet-cell-coordinates using default value = True
10:07:20.670141 - GSETTINGS SCHEMA HANDLE: speech/announce-blockquote not set [app:accessibility_probe, profile:default]
10:07:20.670144 - GSETTINGS REGISTRY: speech/announce-blockquote using default value = True
10:07:20.670153 - GSETTINGS SCHEMA HANDLE: speech/announce-form not set [app:accessibility_probe, profile:default]
10:07:20.670156 - GSETTINGS REGISTRY: speech/announce-form using default value = True
10:07:20.670165 - GSETTINGS SCHEMA HANDLE: speech/announce-landmark not set [app:accessibility_probe, profile:default]
10:07:20.670168 - GSETTINGS REGISTRY: speech/announce-landmark using default value = True
10:07:20.670177 - GSETTINGS SCHEMA HANDLE: speech/announce-list not set [app:accessibility_probe, profile:default]
10:07:20.670180 - GSETTINGS REGISTRY: speech/announce-list using default value = True
10:07:20.670189 - GSETTINGS SCHEMA HANDLE: speech/announce-grouping not set [app:accessibility_probe, profile:default]
10:07:20.670192 - GSETTINGS REGISTRY: speech/announce-grouping using default value = True
10:07:20.670200 - GSETTINGS SCHEMA HANDLE: speech/announce-table not set [app:accessibility_probe, profile:default]
10:07:20.670203 - GSETTINGS REGISTRY: speech/announce-table using default value = True
10:07:20.671400 - GENERATOR: _get_functional_role: button
10:07:20.671471 - SPEECH GENERATOR: speech_generator.SpeechGenerator._generate_push_button for [button: 'Advance download' (0x7a29e8a6ad40)]  args: {'formatType': 'unfocused', 'priorObj': "[progress bar: 'Download progress' (0x7a29d2f91740)] ", 'role': 'button'}
10:07:20.672084 - SCRIPT UTILITIES: [frame: 'Reactive TUI App accessibility round 1' (0x7a29e814f500)]  is top-level object for: [button: 'Advance download' (0x7a29e8a6ad40)] 
10:07:20.672410 - SCRIPT UTILITIES: [button: 'Advance download' (0x7a29e8a6ad40)]  is in frame [frame: 'Reactive TUI App accessibility round 1' (0x7a29e814f500)]  and dialog None
10:07:20.672560 - SPEECH GENERATOR: _generate_old_ancestors: []
10:07:20.672594 - SPEECH GENERATOR: _generate_new_ancestors: []
10:07:20.672625 - AXUtilitiesRelation: [button: 'Advance download' (0x7a29e8a6ad40)]  is labelled by: []
10:07:20.672639 - GENERATOR: _generate_accessible_label: []
10:07:20.672651 - SPEECH GENERATOR: _generate_accessible_label: []
10:07:20.672673 - GENERATOR: _generate_accessible_name: [Advance download]
10:07:20.672697 - GSETTINGS SCHEMA HANDLE: voice/established not set [app:accessibility_probe, profile:default]
10:07:20.672714 - GSETTINGS SCHEMA HANDLE: voice/rate not set [app:accessibility_probe, profile:default]
10:07:20.672726 - GSETTINGS SCHEMA HANDLE: voice/pitch not set [app:accessibility_probe, profile:default]
10:07:20.672737 - GSETTINGS SCHEMA HANDLE: voice/volume not set [app:accessibility_probe, profile:default]
10:07:20.672749 - GSETTINGS SCHEMA HANDLE: voice/family-name not set [app:accessibility_probe, profile:default]
10:07:20.672759 - GSETTINGS SCHEMA HANDLE: voice/family-lang not set [app:accessibility_probe, profile:default]
10:07:20.672769 - GSETTINGS SCHEMA HANDLE: voice/family-dialect not set [app:accessibility_probe, profile:default]
10:07:20.672781 - GSETTINGS SCHEMA HANDLE: voice/family-gender not set [app:accessibility_probe, profile:default]
10:07:20.672798 - GSETTINGS SCHEMA HANDLE: voice/family-variant not set [app:accessibility_probe, profile:default]
10:07:20.672825 - SPEECH GENERATOR: default voice requested for [button: 'Advance download' (0x7a29e8a6ad40)]  language='', dialect='' Unmodified voice={'established': False}
10:07:20.672849 - SPEECH GENERATOR: Reported locale of [button: 'Advance download' (0x7a29e8a6ad40)]  is 
10:07:20.672863 - SPEECH GENERATOR: Updated to: 'C', ''
10:07:20.672881 - GSETTINGS SCHEMA HANDLE: speech/auto-language-switching not set [app:accessibility_probe, profile:default]
10:07:20.672885 - GSETTINGS REGISTRY: speech/auto-language-switching using default value = True
10:07:20.672894 - SPEECH DISPATCHER: Returning cached result for language='C' dialect='' variant='None'
10:07:20.672929 - SPEECH GENERATOR: Family updated to {'dialect': '', 'lang': 'C', 'name': ''}
10:07:20.672972 - SPEECH GENERATOR: Final voice is {'established': 'False', 'family': "{'dialect': '', 'lang': 'C', 'name': ''}"}
10:07:20.673027 - SPEECH GENERATOR: _generate_accessible_name: [Advance download, {'established': 'False', 'family': "{'dialect': '', 'lang': 'C', 'name': ''}"}]
10:07:20.673077 - GENERATOR: _generate_accessible_label_and_name: [Advance download, {'established': 'False', 'family': "{'dialect': '', 'lang': 'C', 'name': ''}"}]
10:07:20.673095 - SPEECH PRESENTER: Adjusting 'Advance download' from [button: 'Advance download' (0x7a29e8a6ad40)]  start_offset: None
10:07:20.673248 - GSETTINGS SCHEMA HANDLE: speech/speak-numbers-as-digits not set [app:accessibility_probe, profile:default]
10:07:20.673252 - GSETTINGS REGISTRY: speech/speak-numbers-as-digits using default value = False
10:07:20.673274 - GSETTINGS SCHEMA HANDLE: speech/repeated-character-limit not set [app:accessibility_probe, profile:default]
10:07:20.673279 - GSETTINGS REGISTRY: speech/repeated-character-limit using default value = 4
10:07:20.674203 - GSETTINGS SCHEMA HANDLE: speech/use-pronunciation-dictionary not set [app:accessibility_probe, profile:default]
10:07:20.674213 - GSETTINGS REGISTRY: speech/use-pronunciation-dictionary using default value = True
10:07:20.674223 - SPEECH PRESENTER: Adjusted text: 'Advance download'
10:07:20.674279 - SPEECH GENERATOR: _generate_accessible_label_and_name: [Advance download, {'established': 'False', 'family': "{'dialect': '', 'lang': 'C', 'name': ''}"}]
10:07:20.674316 - GENERATOR: _generate_state_expanded: []
10:07:20.674329 - SPEECH GENERATOR: _generate_state_expanded: []
10:07:20.675412 - GSETTINGS SCHEMA HANDLE: voice/established not set [app:accessibility_probe, profile:default]
10:07:20.675429 - GSETTINGS SCHEMA HANDLE: voice/rate not set [app:accessibility_probe, profile:default]
10:07:20.675441 - GSETTINGS SCHEMA HANDLE: voice/pitch not set [app:accessibility_probe, profile:default]
10:07:20.675451 - GSETTINGS SCHEMA HANDLE: voice/volume not set [app:accessibility_probe, profile:default]
10:07:20.675468 - GSETTINGS SCHEMA HANDLE: voice/family-name not set [app:accessibility_probe, profile:default]
10:07:20.675478 - GSETTINGS SCHEMA HANDLE: voice/family-lang not set [app:accessibility_probe, profile:default]
10:07:20.675488 - GSETTINGS SCHEMA HANDLE: voice/family-dialect not set [app:accessibility_probe, profile:default]
10:07:20.675498 - GSETTINGS SCHEMA HANDLE: voice/family-gender not set [app:accessibility_probe, profile:default]
10:07:20.675508 - GSETTINGS SCHEMA HANDLE: voice/family-variant not set [app:accessibility_probe, profile:default]
10:07:20.675535 - SPEECH GENERATOR: system voice requested for [button: 'Advance download' (0x7a29e8a6ad40)]  language='', dialect='' Unmodified voice={'established': False}
10:07:20.675557 - SPEECH GENERATOR: Reported locale of [button: 'Advance download' (0x7a29e8a6ad40)]  is 
10:07:20.675568 - SPEECH GENERATOR: Updated to: 'C', ''
10:07:20.675583 - GSETTINGS SCHEMA HANDLE: voice/established not set [app:accessibility_probe, profile:default]
10:07:20.675594 - GSETTINGS SCHEMA HANDLE: voice/rate not set [app:accessibility_probe, profile:default]
10:07:20.675604 - GSETTINGS SCHEMA HANDLE: voice/pitch not set [app:accessibility_probe, profile:default]
10:07:20.675616 - GSETTINGS SCHEMA HANDLE: voice/volume not set [app:accessibility_probe, profile:default]
10:07:20.675627 - GSETTINGS SCHEMA HANDLE: voice/family-name not set [app:accessibility_probe, profile:default]
10:07:20.675636 - GSETTINGS SCHEMA HANDLE: voice/family-lang not set [app:accessibility_probe, profile:default]
10:07:20.675646 - GSETTINGS SCHEMA HANDLE: voice/family-dialect not set [app:accessibility_probe, profile:default]
10:07:20.675656 - GSETTINGS SCHEMA HANDLE: voice/family-gender not set [app:accessibility_probe, profile:default]
10:07:20.675665 - GSETTINGS SCHEMA HANDLE: voice/family-variant not set [app:accessibility_probe, profile:default]
10:07:20.675699 - SPEECH GENERATOR: Final voice is {'established': 'False', 'family': '{}'}
10:07:20.675734 - SPEECH GENERATOR: _generate_accessible_role: [button, {'established': 'False', 'family': '{}'}]
10:07:20.675758 - GENERATOR: _generate_state_sensitive: []
10:07:20.675770 - SPEECH GENERATOR: _generate_state_sensitive: []
10:07:20.675785 - GSETTINGS SCHEMA HANDLE: speech/insert-pauses-between-utterances not set [app:accessibility_probe, profile:default]
10:07:20.675788 - GSETTINGS REGISTRY: speech/insert-pauses-between-utterances using default value = True
10:07:20.675802 - GSETTINGS SCHEMA HANDLE: speech/punctuation-level not set [app:accessibility_probe, profile:default]
10:07:20.675806 - GSETTINGS REGISTRY: speech/punctuation-level using default value = 'most'
10:07:20.676329 - GENERATOR: _generate_keyboard_mnemonic: []
10:07:20.676345 - SPEECH GENERATOR: _generate_keyboard_mnemonic: []
10:07:20.676359 - GSETTINGS SCHEMA HANDLE: speech/insert-pauses-between-utterances not set [app:accessibility_probe, profile:default]
10:07:20.676363 - GSETTINGS REGISTRY: speech/insert-pauses-between-utterances using default value = True
10:07:20.676375 - GSETTINGS SCHEMA HANDLE: speech/punctuation-level not set [app:accessibility_probe, profile:default]
10:07:20.676378 - GSETTINGS REGISTRY: speech/punctuation-level using default value = 'most'
10:07:20.676859 - SPEECH GENERATOR: _generate_keyboard_accelerator: []
10:07:20.676882 - GENERATOR: _generate_state_current: []
10:07:20.676905 - SPEECH GENERATOR: _generate_state_current: []
10:07:20.676927 - SPEECH GENERATOR: _generate_has_click_action: []
10:07:20.676948 - SPEECH GENERATOR: _generate_has_details: []
10:07:20.676971 - SPEECH GENERATOR: _generate_details_for: []
10:07:20.677009 - GENERATOR: _generate_accessible_description: []
10:07:20.677022 - SPEECH GENERATOR: _generate_accessible_description: []
10:07:20.677042 - SPEECH GENERATOR: _generate_state_has_popup: []
10:07:20.677639 - SPEECH GENERATOR: _generate_tutorial: []
10:07:20.677728 - SPEECH GENERATOR: Results: [Advance download, {'established': 'False', 'family': "{'dialect': '', 'lang': 'C', 'name': ''}"}, button, {'established': 'False', 'family': '{}'}, PAUSE, PAUSE]
10:07:20.677813 - SPEECH: Speak [Advance download, {'established': 'False', 'family': "{'dialect': '', 'lang': 'C', 'name': ''}"}, button, {'established': 'False', 'family': '{}'}, PAUSE, PAUSE], acss: None
10:07:20.677880 - SPEECH: New voice {'established': 'False'}  != active voice {'established': 'False', 'family': "{'dialect': '', 'lang': 'C', 'name': ''}"}
10:07:20.677891 - SPEECH OUTPUT: 'Advance download' {'established': False, 'family': {'name': '', 'gender': None, 'lang': 'C', 'dialect': '', 'variant': None}}
10:07:20.677896 - SPEECH DISPATCHER: Speaking 'Advance download' as string
10:07:20.678035 - SPEECH DISPATCHER: Speaking '<speak><mark name="0:7"/>Advance <mark name="8:16"/>download</speak>' 
                  ORCA rate 50.0, pitch 5.0, volume 10.0, language C, punctuation: MOST
                  SD rate 2, pitch 10, volume 100, language c
10:07:20.678090 - SPEECH OUTPUT: 'button.' {'established': False}
10:07:20.678095 - SPEECH DISPATCHER: Speaking 'button.' as string
10:07:20.678236 - SPEECH DISPATCHER: Speaking '<speak><mark name="0:7"/>button.</speak>' 
                  ORCA rate 50.0, pitch 5.0, volume 10.0, language C, punctuation: MOST
                  SD rate 2, pitch 10, volume 100, language c
10:07:20.681117 - GSETTINGS SCHEMA HANDLE: braille/enabled not set [app:accessibility_probe, profile:default]
10:07:20.681125 - GSETTINGS REGISTRY: braille/enabled using default value = True
10:07:20.681153 - FOCUS MANAGER: Active mode: object-navigator Object of interest: [button: 'Advance download' (0x7a29e8a6ad40)] 
10:07:20.681167 - GSETTINGS SCHEMA HANDLE: braille/enabled not set [app:accessibility_probe, profile:default]
10:07:20.681171 - GSETTINGS REGISTRY: braille/enabled using default value = True
10:07:20.681185 - GSETTINGS SCHEMA HANDLE: braille/verbosity-level not set [app:accessibility_probe, profile:default]
10:07:20.681189 - GSETTINGS REGISTRY: braille/verbosity-level using default value = 'verbose'
10:07:20.681203 - FOCUS MANAGER: Locus of focus is [button: 'Advance download' (0x7a29e8a6ad40)] 
10:07:20.681217 - SCRIPT MANAGER: Active script is: accessibility_probe (module=orca.scripts.default)
10:07:20.681231 - GSETTINGS SCHEMA HANDLE: braille/rolename-style not set [app:accessibility_probe, profile:default]
10:07:20.681235 - GSETTINGS REGISTRY: braille/rolename-style using default value = 'verbose'
10:07:20.681246 - GSETTINGS SCHEMA HANDLE: braille/display-ancestors not set [app:accessibility_probe, profile:default]
10:07:20.681249 - GSETTINGS REGISTRY: braille/display-ancestors using default value = True
10:07:20.681259 - GSETTINGS SCHEMA HANDLE: braille/end-of-line-indicator not set [app:accessibility_probe, profile:default]
10:07:20.681262 - GSETTINGS REGISTRY: braille/end-of-line-indicator using default value = True
10:07:20.681271 - GSETTINGS SCHEMA HANDLE: braille/present-mnemonics not set [app:accessibility_probe, profile:default]
10:07:20.681274 - GSETTINGS REGISTRY: braille/present-mnemonics using default value = True
10:07:20.685129 - GENERATOR: _get_functional_role: button
10:07:20.685267 - BRAILLE GENERATOR: braille_generator.BrailleGenerator._generate_push_button for [button: 'Advance download' (0x7a29e8a6ad40)]  args: {'formatType': 'focused', 'priorObj': "[progress bar: 'Download progress' (0x7a29d2f91740)] ", 'role': 'button'}
10:07:20.687670 - GENERATOR: _get_functional_role: frame
10:07:20.687802 - BRAILLE GENERATOR: braille_generator.BrailleGenerator._generate_frame for [frame: 'Reactive TUI App accessibility round 1' (0x7a29e814f500)]  args: {'formatType': 'ancestor', 'includeContext': 'False', 'priorObj': "[progress bar: 'Download progress' (0x7a29d2f91740)] ", 'role': 'frame'}
10:07:20.687885 - AXUtilitiesRelation: [frame: 'Reactive TUI App accessibility round 1' (0x7a29e814f500)]  is labelled by: []
10:07:20.687919 - GENERATOR: _generate_accessible_label: []
10:07:20.687965 - GENERATOR: _generate_accessible_name: [Reactive TUI App accessibility round 1]
10:07:20.688013 - GENERATOR: _generate_accessible_label_and_name: [Reactive TUI App accessibility round 1]
10:07:20.689445 - BRAILLE GENERATOR: _generate_accessible_role: [frame]
10:07:20.689594 - AXUtilities: Unfocused alerts and dialogs for [frame: 'Reactive TUI App accessibility round 1' (0x7a29e814f500)] : []
10:07:20.689626 - BRAILLE GENERATOR: _generate_alert_and_dialog_count: []
10:07:20.689643 - BRAILLE: Not contracting 'Reactive TUI App accessibility round 1 frame' because contracted braille is not enabled.
10:07:20.689686 - GENERATOR: _generate_accessible_description: []
10:07:20.689962 - GENERATOR: _generate_state_current: []
10:07:20.690023 - BRAILLE GENERATOR: Results: [COMPONENT: 'Reactive TUI App accessibility round 1 frame', cursor offset:0]
10:07:20.691075 - GENERATOR: _get_functional_role: application
10:07:20.691104 - BRAILLE GENERATOR: [application: 'accessibility_probe' (0x7a29e8147200)]  lacks dedicated generator
10:07:20.691175 - BRAILLE GENERATOR: braille_generator.BrailleGenerator._generate_default_presentation for [application: 'accessibility_probe' (0x7a29e8147200)]  args: {'formatType': 'ancestor', 'includeContext': 'False', 'priorObj': "[progress bar: 'Download progress' (0x7a29d2f91740)] ", 'role': 'application'}
10:07:20.691222 - AXUtilitiesRelation: [application: 'accessibility_probe' (0x7a29e8147200)]  is labelled by: []
10:07:20.691236 - GENERATOR: _generate_accessible_label: []
10:07:20.691255 - GENERATOR: _generate_accessible_name: [accessibility_probe]
10:07:20.691273 - GENERATOR: _generate_accessible_label_and_name: [accessibility_probe]
10:07:20.692612 - BRAILLE GENERATOR: _generate_accessible_role: [application]
10:07:20.692623 - BRAILLE: Not contracting 'accessibility_probe application' because contracted braille is not enabled.
10:07:20.692643 - BRAILLE GENERATOR: Results: [COMPONENT: 'accessibility_probe application', cursor offset:0]
10:07:20.692678 - BRAILLE GENERATOR: _generate_ancestors: [COMPONENT: 'accessibility_probe application', cursor offset:0, REGION: ' ', cursor offset:0, COMPONENT: 'Reactive TUI App accessibility round 1 frame', cursor offset:0]
10:07:20.692705 - AXUtilitiesRelation: [button: 'Advance download' (0x7a29e8a6ad40)]  is labelled by: []
10:07:20.692718 - GENERATOR: _generate_accessible_label: []
10:07:20.692736 - GENERATOR: _generate_accessible_name: [Advance download]
10:07:20.692754 - GENERATOR: _generate_accessible_label_and_name: [Advance download]
10:07:20.692796 - GENERATOR: _generate_state_expanded: []
10:07:20.694314 - BRAILLE GENERATOR: _generate_accessible_role: [button]
10:07:20.694858 - GENERATOR: _generate_keyboard_mnemonic: []
10:07:20.695478 - BRAILLE: Not contracting 'Advance download button' because contracted braille is not enabled.
10:07:20.695510 - GENERATOR: _generate_accessible_description: []
10:07:20.695534 - GENERATOR: _generate_state_current: []
10:07:20.695572 - BRAILLE GENERATOR: Results: [COMPONENT: 'accessibility_probe application', cursor offset:0, REGION: ' ', cursor offset:0, COMPONENT: 'Reactive TUI App accessibility round 1 frame', cursor offset:0, REGION: ' ', cursor offset:0, COMPONENT: 'Advance download button', cursor offset:0]
10:07:20.695619 - BRAILLE: Refresh. Pan: True target: 0
10:07:20.695625 - BRAILLE: Kill flash message braille.display_line:1618 > braille.refresh:2097 > braille._prepare_refresh:1856 > braille.kill_flash:2182
10:07:20.696287 - GSETTINGS SCHEMA HANDLE: braille/enabled not set [app:accessibility_probe, profile:default]
10:07:20.696299 - GSETTINGS REGISTRY: braille/enabled using default value = True
10:07:20.696319 - BRAILLE: Last text object: None (Caret: 0, Line: 0, Cell: 0)
10:07:20.696345 - BRAILLE: Current text object: None (Caret: 0, Line: 0). On same line: False
10:07:20.696354 - BRAILLE: Line 0: 'accessibility_probe application Reactive TUI App accessibility round 1 frame Advance download button' focusOffset: 77 [[0, 32], [32, 63], [63, 77], [77, 100]]
10:07:20.696358 - BRAILLE: Cursor offset in line string is: 77
10:07:20.696365 - BRAILLE: Adjusting offset to 77 (unhandled condition)
10:07:20.696370 - BRAILLE: Current range: (77, 109). Target cell: 0
10:07:20.696376 - BRAILLE LINE:  'accessibility_probe application Reactive TUI App accessibility round 1 frame Advance download button'
10:07:20.696379 -      VISIBLE:  'Advance download button', cursor=1
10:07:20.696393 - BRAILLE: Enabling braille. BrlAPI running: False
10:07:20.696397 - BRAILLE: Need to initialize first.
10:07:20.696412 - BRAILLE: Initializing. Callback: input_event_manager.InputEventManager.process_braille_event
10:07:20.696416 - BRAILLE: BrlAPI connection already in progress.
10:07:20.696430 - TOTAL PROCESSING TIME: 0.0288
^^^^^ HANDLE ATSPI_KEY_PRESSED_EVENT: 'Right' (114) ^^^^^

10:07:20.696500 - FALLBACK: Contents changed. (<Gtk.Clipboard object at 0x7a29d2f6d300 (GtkClipboard at 0x21515c60)>, <Gdk.EventOwnerChange object at 0x7a29e8d8ac50 (void at 0x215ff0e0)>) {}
10:07:20.696981 - FALLBACK: Clipboard contents: 
10:07:20.697005 - CLIPBOARD PRESENTER: Contents changed to: ''
10:07:20.697036 - SCRIPT MANAGER: Active script is: accessibility_probe (module=orca.scripts.default)
10:07:20.697049 - CLIPBOARD PRESENTER: Not presenting change: is not cut, copy, or paste
10:07:20.697059 - FALLBACK: Clipboard contents: 
10:07:20.697064 - CLIPBOARD PRESENTER: Contents changed to: ''
10:07:20.697074 - CLIPBOARD PRESENTER: Not presenting change: likely duplicate.
10:07:20.697163 - EVENT MANAGER: Dequeueing object:property-change:accessible-name for [frame: 'Terminal' (0x7a29e80bbbc0)]  in org.gnome.Terminal (gtk 3.24.52) (0, 0, Terminal)
10:07:20.697201 - EVENT MANAGER: Dequeued object:property-change:accessible-name for [frame: 'Terminal' (0x7a29e80bbbc0)]  in org.gnome.Terminal (gtk 3.24.52) (0, 0, Terminal) priority: 4, counter: 4

vvvvv START PRIORITY-4 OBJECT EVENT OBJECT:PROPERTY-CHANGE:ACCESSIBLE-NAME (queue size: 30) vvvvv

10:07:20.697652 - EVENT MANAGER: object:state-changed:sensitive for [menu item: 'Paste' (0x7a29e8146dc0)]  in org.gnome.Terminal (gtk 3.24.52) (1, 0, 0)
10:07:20.697676 - FOCUS MANAGER: Locus of focus is [button: 'Advance download' (0x7a29e8a6ad40)] 
10:07:20.697732 - EVENT_MANAGER: Ignoring object:state-changed:sensitive due to multiple instances in short time
10:07:20.697898 - EVENT SOURCE:
                  app='org.gnome.Terminal (gtk 3.24.52)' name='Terminal' role='frame' axid='' id=0x7a29e80bbbc0
                  description=''
                  help=''
                  locale='C.UTF-8'
                  states='active, enabled, resizable, sensitive, showing, visible'
                  relations=''
                  actions=''
                  interfaces='Collection, Component'
                  attributes='toolkit:gtk, window-type:normal'
                  text=''
                  path=[-1, 0]
                  
10:07:20.697921 - SCRIPT MANAGER: Active script is: accessibility_probe (module=orca.scripts.default)
10:07:20.697939 - FOCUS MANAGER: Locus of focus is [button: 'Advance download' (0x7a29e8a6ad40)] 
10:07:20.697964 - EVENT MANAGER: Getting script for event for [application: 'org.gnome.Terminal' (0x7a29e81246c0)]  [frame: 'Terminal' (0x7a29e80bbbc0)] 
10:07:20.697984 - SCRIPT MANAGER: Getting script for [application: 'org.gnome.Terminal' (0x7a29e81246c0)]  [frame: 'Terminal' (0x7a29e80bbbc0)] 
10:07:20.698013 - SCRIPT MANAGER: Script is app script org.gnome.Terminal (module=orca.scripts.toolkits.gtk.script)
10:07:20.698026 - EVENT MANAGER: Script for event is org.gnome.Terminal (module=orca.scripts.toolkits.gtk.script)
10:07:20.698482 - EVENT MANAGER: Change active script: False (No reason found to activate a different script.)
10:07:20.698491 - EVENT MANAGER: Processing object:property-change:accessible-name: script handles events when inactive
10:07:20.698511 - AXUtilitiesEvent: The new name matches the old name.
TOTAL PROCESSING TIME: 0.0013
^^^^^ FINISHED PRIORITY-4 OBJECT EVENT OBJECT:PROPERTY-CHANGE:ACCESSIBLE-NAME ^^^^^

10:07:20.698534 - WARNING: Braille initialization failed: BrlAPI connection unavailable.
10:07:20.698546 - BRAILLE: Scheduling BrlAPI retry in 2000 ms.
10:07:20.698630 - EVENT MANAGER: Dequeueing object:state-changed:showing for [frame: 'Terminal' (0x7a29e80bbbc0)]  in org.gnome.Terminal (gtk 3.24.52) (1, 0, 0)
10:07:20.698664 - EVENT MANAGER: Dequeued object:state-changed:showing for [frame: 'Terminal' (0x7a29e80bbbc0)]  in org.gnome.Terminal (gtk 3.24.52) (1, 0, 0) priority: 4, counter: 5

vvvvv START PRIORITY-4 OBJECT EVENT OBJECT:STATE-CHANGED:SHOWING (queue size: 29) vvvvv
10:07:20.699149 - EVENT SOURCE:
                  app='org.gnome.Terminal (gtk 3.24.52)' name='Terminal' role='frame' axid='' id=0x7a29e80bbbc0
                  description=''
                  help=''
                  locale='C.UTF-8'
                  states='active, enabled, resizable, sensitive, showing, visible'
                  relations=''
                  actions=''
                  interfaces='Collection, Component'
                  attributes='toolkit:gtk, window-type:normal'
                  text=''
                  path=[-1, 0]
                  
10:07:20.699169 - SCRIPT MANAGER: Active script is: accessibility_probe (module=orca.scripts.default)
10:07:20.699186 - FOCUS MANAGER: Locus of focus is [button: 'Advance download' (0x7a29e8a6ad40)] 
10:07:20.699210 - EVENT MANAGER: Getting script for event for [application: 'org.gnome.Terminal' (0x7a29e81246c0)]  [frame: 'Terminal' (0x7a29e80bbbc0)] 
10:07:20.699231 - SCRIPT MANAGER: Getting script for [application: 'org.gnome.Terminal' (0x7a29e81246c0)]  [frame: 'Terminal' (0x7a29e80bbbc0)] 
10:07:20.699255 - SCRIPT MANAGER: Script is app script org.gnome.Terminal (module=orca.scripts.toolkits.gtk.script)
10:07:20.699268 - EVENT MANAGER: Script for event is org.gnome.Terminal (module=orca.scripts.toolkits.gtk.script)
10:07:20.700115 - EVENT MANAGER: Change active script: False (No reason found to activate a different script.)
10:07:20.700144 - EVENT MANAGER: Processing object:state-changed:showing: script handles events when inactive
10:07:20.700223 - AXUtilitiesRelation: [frame: 'Terminal' (0x7a29e80bbbc0)]  is popup for: []
TOTAL PROCESSING TIME: 0.0016
^^^^^ FINISHED PRIORITY-4 OBJECT EVENT OBJECT:STATE-CHANGED:SHOWING ^^^^^

10:07:20.700402 - EVENT MANAGER: Dequeueing object:text-changed:insert for [terminal: 'Terminal' (0x7a29d2f908c0)]  in org.gnome.Terminal (gtk 3.24.52) (0, 32, \n\n\n\n\n\n\n\n\n\n\n\n\n\n\n\n\n\n\n\n\n\n\n\n\n\n\n\n\n\n\n\n)
10:07:20.700494 - EVENT MANAGER: Dequeued object:text-changed:insert for [terminal: 'Terminal' (0x7a29d2f908c0)]  in org.gnome.Terminal (gtk 3.24.52) (0, 32, \n\n\n\n\n\n\n\n\n\n\n\n\n\n\n\n\n\n\n\n\n\n\n\n\n\n\n\n\n\n\n\n) priority: 4, counter: 10

vvvvv START PRIORITY-4 OBJECT EVENT OBJECT:TEXT-CHANGED:INSERT (queue size: 28) vvvvv
10:07:20.701960 - EVENT SOURCE:
                  app='org.gnome.Terminal (gtk 3.24.52)' name='Terminal' role='terminal' axid='' id=0x7a29d2f908c0
                  description=''
                  help=''
                  locale='C.UTF-8'
                  states='enabled, focusable, focused, sensitive, showing, visible'
                  relations=''
                  actions='menu'
                  interfaces='Action, Collection, Component, Text'
                  attributes='toolkit:gtk'
                  text='Download progress \n███████████████████████████████████████████████████████████████████████████▒▒▒▒▒▒▒▒▒▒▒▒▒▒▒▒▒▒▒▒▒▒▒▒▒\n75.0% \nAdvance download ... \n \n \n \n \n (3264 chars.)'
                  path=[-1, 0, 0, 1, 0, 0, 0, 0]
                  
10:07:20.701996 - SCRIPT MANAGER: Active script is: accessibility_probe (module=orca.scripts.default)
10:07:20.702018 - FOCUS MANAGER: Locus of focus is [button: 'Advance download' (0x7a29e8a6ad40)] 
10:07:20.702046 - EVENT MANAGER: Getting script for event for [application: 'org.gnome.Terminal' (0x7a29e81246c0)]  [terminal: 'Terminal' (0x7a29d2f908c0)] 
10:07:20.702064 - SCRIPT MANAGER: Getting script for [application: 'org.gnome.Terminal' (0x7a29e81246c0)]  [terminal: 'Terminal' (0x7a29d2f908c0)] 
10:07:20.702089 - SCRIPT MANAGER: Script is custom script org.gnome.Terminal (module=orca.scripts.terminal.script)
10:07:20.702102 - EVENT MANAGER: Script for event is org.gnome.Terminal (module=orca.scripts.terminal.script)
10:07:20.703041 - EVENT MANAGER: Change active script: False (No reason found to activate a different script.)
10:07:20.703077 - EVENT MANAGER: Not processing object:text-changed:insert due to lack of reason
TOTAL PROCESSING TIME: 0.0026
^^^^^ FINISHED PRIORITY-4 OBJECT EVENT OBJECT:TEXT-CHANGED:INSERT ^^^^^

10:07:20.703260 - EVENT MANAGER: Dequeueing object:text-caret-moved for [terminal: 'Terminal' (0x7a29d2f908c0)]  in org.gnome.Terminal (gtk 3.24.52) (0, 0, 0)
10:07:20.703358 - EVENT MANAGER: Dequeued object:text-caret-moved for [terminal: 'Terminal' (0x7a29d2f908c0)]  in org.gnome.Terminal (gtk 3.24.52) (0, 0, 0) priority: 4, counter: 11

vvvvv START PRIORITY-4 OBJECT EVENT OBJECT:TEXT-CARET-MOVED (queue size: 27) vvvvv
10:07:20.703949 - EVENT MANAGER: object:text-caret-moved for [terminal: 'Terminal' (0x7a29d2f908c0)]  in org.gnome.Terminal (gtk 3.24.52) (0, 0, 0) obsoleted by object:text-caret-moved for [terminal: 'Terminal' (0x7a29d2f908c0)]  in org.gnome.Terminal (gtk 3.24.52) (1016, 0, 0) more recent event of same type for same object
TOTAL PROCESSING TIME: 0.0006
^^^^^ FINISHED PRIORITY-4 OBJECT EVENT OBJECT:TEXT-CARET-MOVED ^^^^^

10:07:20.704081 - CLIPBOARD PRESENTER: Possible change event object:text-changed:delete for [terminal: 'Terminal' (0x7a29d2f908c0)]  in org.gnome.Terminal (gtk 3.24.52) (127, 77, ▒▒▒▒▒▒▒▒▒▒▒▒▒▒▒▒▒▒▒▒▒▒▒▒▒▒▒▒▒▒▒▒▒▒▒▒▒▒▒▒▒▒▒▒▒▒▒▒▒▒▒▒▒▒▒▒▒▒▒▒▒▒▒▒▒▒▒▒▒▒▒▒▒▒\n25)
10:07:20.704142 - INPUT EVENT MANAGER: Last event was command.
10:07:20.704315 - EVENT MANAGER: Dequeueing object:text-changed:delete for [terminal: 'Terminal' (0x7a29d2f908c0)]  in org.gnome.Terminal (gtk 3.24.52) (0, 2, \n\n)
10:07:20.704354 - EVENT MANAGER: Dequeued object:text-changed:delete for [terminal: 'Terminal' (0x7a29d2f908c0)]  in org.gnome.Terminal (gtk 3.24.52) (0, 2, \n\n) priority: 4, counter: 16

vvvvv START PRIORITY-4 OBJECT EVENT OBJECT:TEXT-CHANGED:DELETE (queue size: 26) vvvvv
10:07:20.705062 - EVENT SOURCE:
                  app='org.gnome.Terminal (gtk 3.24.52)' name='Terminal' role='terminal' axid='' id=0x7a29d2f908c0
                  description=''
                  help=''
                  locale='C.UTF-8'
                  states='enabled, focusable, focused, sensitive, showing, visible'
                  relations=''
                  actions='menu'
                  interfaces='Action, Collection, Component, Text'
                  attributes='toolkit:gtk'
                  text='Download progress \n███████████████████████████████████████████████████████████████████████████▒▒▒▒▒▒▒▒▒▒▒▒▒▒▒▒▒▒▒▒▒▒▒▒▒\n75.0% \nAdvance download ... \n \n \n \n \n (3264 chars.)'
                  path=[-1, 0, 0, 1, 0, 0, 0, 0]
                  
10:07:20.705102 - SCRIPT MANAGER: Active script is: accessibility_probe (module=orca.scripts.default)
10:07:20.705130 - FOCUS MANAGER: Locus of focus is [button: 'Advance download' (0x7a29e8a6ad40)] 
10:07:20.705163 - EVENT MANAGER: Getting script for event for [application: 'org.gnome.Terminal' (0x7a29e81246c0)]  [terminal: 'Terminal' (0x7a29d2f908c0)] 
10:07:20.705180 - SCRIPT MANAGER: Getting script for [application: 'org.gnome.Terminal' (0x7a29e81246c0)]  [terminal: 'Terminal' (0x7a29d2f908c0)] 
10:07:20.705204 - SCRIPT MANAGER: Script is custom script org.gnome.Terminal (module=orca.scripts.terminal.script)
10:07:20.705217 - EVENT MANAGER: Script for event is org.gnome.Terminal (module=orca.scripts.terminal.script)
10:07:20.705655 - EVENT MANAGER: Change active script: False (No reason found to activate a different script.)
10:07:20.705665 - EVENT MANAGER: Not processing object:text-changed:delete due to lack of reason
TOTAL PROCESSING TIME: 0.0013
^^^^^ FINISHED PRIORITY-4 OBJECT EVENT OBJECT:TEXT-CHANGED:DELETE ^^^^^

10:07:20.705724 - FALLBACK: Clipboard contents: 
10:07:20.705733 - CLIPBOARD PRESENTER: Current contents: 

10:07:20.705782 - EVENT MANAGER: object:text-changed:delete for [terminal: 'Terminal' (0x7a29d2f908c0)]  in org.gnome.Terminal (gtk 3.24.52) (127, 77, ▒▒▒▒▒▒▒▒▒▒▒▒▒▒▒▒▒▒▒▒▒▒▒▒▒▒▒▒▒▒▒▒▒▒▒▒▒▒▒▒▒▒▒▒▒▒▒▒▒▒▒▒▒▒▒▒▒▒▒▒▒▒▒▒▒▒▒▒▒▒▒▒▒▒\n25)
10:07:20.705800 - FOCUS MANAGER: Locus of focus is [button: 'Advance download' (0x7a29e8a6ad40)] 
10:07:20.705852 - EVENT_MANAGER: Not ignoring object:text-changed:delete due to source being focused
10:07:20.705886 - EVENT MANAGER: Queueing object:text-changed:delete for [terminal: 'Terminal' (0x7a29d2f908c0)]  in org.gnome.Terminal (gtk 3.24.52) (127, 77, ▒▒▒▒▒▒▒▒▒▒▒▒▒▒▒▒▒▒▒▒▒▒▒▒▒▒▒▒▒▒▒▒▒▒▒▒▒▒▒▒▒▒▒▒▒▒▒▒▒▒▒▒▒▒▒▒▒▒▒▒▒▒▒▒▒▒▒▒▒▒▒▒▒▒\n25)
10:07:20.705907 - EVENT MANAGER: App for event source is [application: 'org.gnome.Terminal' (0x7a29e81246c0)] 
10:07:20.705923 - SCRIPT MANAGER: Getting script for [application: 'org.gnome.Terminal' (0x7a29e81246c0)]  [terminal: 'Terminal' (0x7a29d2f908c0)] 
10:07:20.705944 - SCRIPT MANAGER: Script is custom script org.gnome.Terminal (module=orca.scripts.terminal.script)
10:07:20.706001 - EVENT MANAGER: object:text-changed:delete for [terminal: 'Terminal' (0x7a29d2f908c0)]  in org.gnome.Terminal (gtk 3.24.52) (127, 77, ▒▒▒▒▒▒▒▒▒▒▒▒▒▒▒▒▒▒▒▒▒▒▒▒▒▒▒▒▒▒▒▒▒▒▒▒▒▒▒▒▒▒▒▒▒▒▒▒▒▒▒▒▒▒▒▒▒▒▒▒▒▒▒▒▒▒▒▒▒▒▒▒▒▒\n25) has priority level: 4
10:07:20.706043 - EVENT MANAGER: Queued object:text-changed:delete for [terminal: 'Terminal' (0x7a29d2f908c0)]  in org.gnome.Terminal (gtk 3.24.52) (127, 77, ▒▒▒▒▒▒▒▒▒▒▒▒▒▒▒▒▒▒▒▒▒▒▒▒▒▒▒▒▒▒▒▒▒▒▒▒▒▒▒▒▒▒▒▒▒▒▒▒▒▒▒▒▒▒▒▒▒▒▒▒▒▒▒▒▒▒▒▒▒▒▒▒▒▒\n25) priority: 4, counter: 56
10:07:20.706081 - CLIPBOARD PRESENTER: Possible change event object:text-changed:insert for [terminal: 'Terminal' (0x7a29d2f908c0)]  in org.gnome.Terminal (gtk 3.24.52) (127, 77, █████████████████████████████████████████████████▒▒▒▒▒▒▒▒▒▒▒▒▒▒▒▒▒▒▒▒▒▒▒▒▒\n75)
10:07:20.706099 - INPUT EVENT MANAGER: Last event was command.
10:07:20.706209 - EVENT MANAGER: Dequeueing object:text-changed:insert for [terminal: 'Terminal' (0x7a29d2f908c0)]  in org.gnome.Terminal (gtk 3.24.52) (29, 2, \n\n)
10:07:20.706267 - EVENT MANAGER: Dequeued object:text-changed:insert for [terminal: 'Terminal' (0x7a29d2f908c0)]  in org.gnome.Terminal (gtk 3.24.52) (29, 2, \n\n) priority: 4, counter: 17

vvvvv START PRIORITY-4 OBJECT EVENT OBJECT:TEXT-CHANGED:INSERT (queue size: 26) vvvvv
10:07:20.706950 - EVENT SOURCE:
                  app='org.gnome.Terminal (gtk 3.24.52)' name='Terminal' role='terminal' axid='' id=0x7a29d2f908c0
                  description=''
                  help=''
                  locale='C.UTF-8'
                  states='enabled, focusable, focused, sensitive, showing, visible'
                  relations=''
                  actions='menu'
                  interfaces='Action, Collection, Component, Text'
                  attributes='toolkit:gtk'
                  text='Download progress \n███████████████████████████████████████████████████████████████████████████▒▒▒▒▒▒▒▒▒▒▒▒▒▒▒▒▒▒▒▒▒▒▒▒▒\n75.0% \nAdvance download ... \n \n \n \n \n (3264 chars.)'
                  path=[-1, 0, 0, 1, 0, 0, 0, 0]
                  
10:07:20.706991 - SCRIPT MANAGER: Active script is: accessibility_probe (module=orca.scripts.default)
10:07:20.707010 - FOCUS MANAGER: Locus of focus is [button: 'Advance download' (0x7a29e8a6ad40)] 
10:07:20.707035 - EVENT MANAGER: Getting script for event for [application: 'org.gnome.Terminal' (0x7a29e81246c0)]  [terminal: 'Terminal' (0x7a29d2f908c0)] 
10:07:20.707051 - SCRIPT MANAGER: Getting script for [application: 'org.gnome.Terminal' (0x7a29e81246c0)]  [terminal: 'Terminal' (0x7a29d2f908c0)] 
10:07:20.707072 - SCRIPT MANAGER: Script is custom script org.gnome.Terminal (module=orca.scripts.terminal.script)
10:07:20.707085 - EVENT MANAGER: Script for event is org.gnome.Terminal (module=orca.scripts.terminal.script)
10:07:20.707504 - EVENT MANAGER: Change active script: False (No reason found to activate a different script.)
10:07:20.707519 - EVENT MANAGER: Not processing object:text-changed:insert due to lack of reason
TOTAL PROCESSING TIME: 0.0013
^^^^^ FINISHED PRIORITY-4 OBJECT EVENT OBJECT:TEXT-CHANGED:INSERT ^^^^^

10:07:20.707574 - FALLBACK: Clipboard contents: 
10:07:20.707580 - CLIPBOARD PRESENTER: Current contents: 

10:07:20.707631 - EVENT MANAGER: object:text-changed:insert for [terminal: 'Terminal' (0x7a29d2f908c0)]  in org.gnome.Terminal (gtk 3.24.52) (127, 77, █████████████████████████████████████████████████▒▒▒▒▒▒▒▒▒▒▒▒▒▒▒▒▒▒▒▒▒▒▒▒▒\n75)
10:07:20.707648 - FOCUS MANAGER: Locus of focus is [button: 'Advance download' (0x7a29e8a6ad40)] 
10:07:20.707703 - EVENT_MANAGER: Not ignoring object:text-changed:insert due to source being focused
10:07:20.707737 - EVENT MANAGER: Queueing object:text-changed:insert for [terminal: 'Terminal' (0x7a29d2f908c0)]  in org.gnome.Terminal (gtk 3.24.52) (127, 77, █████████████████████████████████████████████████▒▒▒▒▒▒▒▒▒▒▒▒▒▒▒▒▒▒▒▒▒▒▒▒▒\n75)
10:07:20.707754 - EVENT MANAGER: App for event source is [application: 'org.gnome.Terminal' (0x7a29e81246c0)] 
10:07:20.707770 - SCRIPT MANAGER: Getting script for [application: 'org.gnome.Terminal' (0x7a29e81246c0)]  [terminal: 'Terminal' (0x7a29d2f908c0)] 
10:07:20.707793 - SCRIPT MANAGER: Script is custom script org.gnome.Terminal (module=orca.scripts.terminal.script)
10:07:20.707831 - EVENT MANAGER: object:text-changed:insert for [terminal: 'Terminal' (0x7a29d2f908c0)]  in org.gnome.Terminal (gtk 3.24.52) (127, 77, █████████████████████████████████████████████████▒▒▒▒▒▒▒▒▒▒▒▒▒▒▒▒▒▒▒▒▒▒▒▒▒\n75) has priority level: 4
10:07:20.707870 - EVENT MANAGER: Queued object:text-changed:insert for [terminal: 'Terminal' (0x7a29d2f908c0)]  in org.gnome.Terminal (gtk 3.24.52) (127, 77, █████████████████████████████████████████████████▒▒▒▒▒▒▒▒▒▒▒▒▒▒▒▒▒▒▒▒▒▒▒▒▒\n75) priority: 4, counter: 57

10:07:20.707911 - EVENT MANAGER: object:text-caret-moved for [terminal: 'Terminal' (0x7a29d2f908c0)]  in org.gnome.Terminal (gtk 3.24.52) (203, 0, 0)
10:07:20.707925 - FOCUS MANAGER: Locus of focus is [button: 'Advance download' (0x7a29e8a6ad40)] 
10:07:20.707970 - EVENT_MANAGER: Not ignoring object:text-caret-moved due to source being focused
10:07:20.708005 - EVENT MANAGER: Queueing object:text-caret-moved for [terminal: 'Terminal' (0x7a29d2f908c0)]  in org.gnome.Terminal (gtk 3.24.52) (203, 0, 0)
10:07:20.708022 - EVENT MANAGER: App for event source is [application: 'org.gnome.Terminal' (0x7a29e81246c0)] 
10:07:20.708039 - SCRIPT MANAGER: Getting script for [application: 'org.gnome.Terminal' (0x7a29e81246c0)]  [terminal: 'Terminal' (0x7a29d2f908c0)] 
10:07:20.708059 - SCRIPT MANAGER: Script is custom script org.gnome.Terminal (module=orca.scripts.terminal.script)
10:07:20.708100 - EVENT MANAGER: object:text-caret-moved for [terminal: 'Terminal' (0x7a29d2f908c0)]  in org.gnome.Terminal (gtk 3.24.52) (203, 0, 0) has priority level: 4
10:07:20.708134 - EVENT MANAGER: Queued object:text-caret-moved for [terminal: 'Terminal' (0x7a29d2f908c0)]  in org.gnome.Terminal (gtk 3.24.52) (203, 0, 0) priority: 4, counter: 58

10:07:20.708647 - EVENT MANAGER: object:property-change:accessible-name for [label: '75.0%' (0x7a29d2d542c0)]  in accessibility_probe (AccessKit) (0, 0, 75.0%)
10:07:20.708673 - FOCUS MANAGER: Locus of focus is [button: 'Advance download' (0x7a29e8a6ad40)] 
10:07:20.708906 - EVENT MANAGER: Queueing object:property-change:accessible-name for [label: '75.0%' (0x7a29d2fb8ac0)]  in accessibility_probe (AccessKit) (0, 0, 75.0%)
10:07:20.708925 - EVENT MANAGER: App for event source is [application: 'accessibility_probe' (0x7a29e8147200)] 
10:07:20.708946 - SCRIPT MANAGER: Getting script for [application: 'accessibility_probe' (0x7a29e8147200)]  [label: '75.0%' (0x7a29d2fb8ac0)] 
10:07:20.709099 - SCRIPT MANAGER: Script is app script accessibility_probe (module=orca.scripts.default)
10:07:20.709141 - EVENT MANAGER: object:property-change:accessible-name for [label: '75.0%' (0x7a29d2fd4940)]  in accessibility_probe (AccessKit) (0, 0, 75.0%) has priority level: 4
10:07:20.709178 - EVENT MANAGER: Queued object:property-change:accessible-name for [label: '75.0%' (0x7a29d2d54880)]  in accessibility_probe (AccessKit) (0, 0, 75.0%) priority: 4, counter: 59

10:07:20.709492 - EVENT MANAGER: object:property-change:accessible-name for [label: '▒▒▒▒▒▒▒▒▒▒▒▒▒▒▒▒▒▒▒▒▒▒▒▒▒' (0x7a29d2d54dc0)]  in accessibility_probe (AccessKit) (0, 0, ▒▒▒▒▒▒▒▒▒▒▒▒▒▒▒▒▒▒▒▒▒▒▒▒▒)
10:07:20.709521 - FOCUS MANAGER: Locus of focus is [button: 'Advance download' (0x7a29e8a6ad40)] 
10:07:20.709687 - EVENT_MANAGER: Ignoring object:property-change:accessible-name due to multiple instances in short time

10:07:20.709997 - EVENT MANAGER: object:property-change:accessible-name for [label: '███████████████████████████████████████████████████████████████████████████' (0x7a29d2d54e40)]  in accessibility_probe (AccessKit) (0, 0, ███████████████████████████████████████████████████████████████████████████)
10:07:20.710026 - FOCUS MANAGER: Locus of focus is [button: 'Advance download' (0x7a29e8a6ad40)] 
10:07:20.710196 - EVENT_MANAGER: Ignoring object:property-change:accessible-name due to multiple instances in short time

10:07:20.710237 - EVENT MANAGER: object:property-change:accessible-value for [progress bar: 'Download progress' (0x7a29d2f91740)]  in accessibility_probe (AccessKit) (0, 0, 0)
10:07:20.710251 - FOCUS MANAGER: Locus of focus is [button: 'Advance download' (0x7a29e8a6ad40)] 
10:07:20.710330 - EVENT MANAGER: Queueing object:property-change:accessible-value for [progress bar: 'Download progress' (0x7a29d2f91740)]  in accessibility_probe (AccessKit) (0, 0, 0)
10:07:20.710346 - EVENT MANAGER: App for event source is [application: 'accessibility_probe' (0x7a29e8147200)] 
10:07:20.710363 - SCRIPT MANAGER: Getting script for [application: 'accessibility_probe' (0x7a29e8147200)]  [progress bar: 'Download progress' (0x7a29d2f91740)] 
10:07:20.710500 - SCRIPT MANAGER: Script is app script accessibility_probe (module=orca.scripts.default)
10:07:20.710546 - EVENT MANAGER: object:property-change:accessible-value for [progress bar: 'Download progress' (0x7a29d2f91740)]  in accessibility_probe (AccessKit) (0, 0, 0) has priority level: 4
10:07:20.710581 - EVENT MANAGER: Queued object:property-change:accessible-value for [progress bar: 'Download progress' (0x7a29d2f91740)]  in accessibility_probe (AccessKit) (0, 0, 0) priority: 4, counter: 60
10:07:20.710630 - EVENT MANAGER: Dequeueing object:text-caret-moved for [terminal: 'Terminal' (0x7a29d2f908c0)]  in org.gnome.Terminal (gtk 3.24.52) (3, 0, 0)
10:07:20.710663 - EVENT MANAGER: Dequeued object:text-caret-moved for [terminal: 'Terminal' (0x7a29d2f908c0)]  in org.gnome.Terminal (gtk 3.24.52) (3, 0, 0) priority: 4, counter: 30

vvvvv START PRIORITY-4 OBJECT EVENT OBJECT:TEXT-CARET-MOVED (queue size: 29) vvvvv
10:07:20.710904 - EVENT MANAGER: object:text-caret-moved for [terminal: 'Terminal' (0x7a29d2f908c0)]  in org.gnome.Terminal (gtk 3.24.52) (3, 0, 0) obsoleted by object:text-caret-moved for [terminal: 'Terminal' (0x7a29d2f908c0)]  in org.gnome.Terminal (gtk 3.24.52) (3231, 0, 0) more recent event of same type for same object
TOTAL PROCESSING TIME: 0.0002
^^^^^ FINISHED PRIORITY-4 OBJECT EVENT OBJECT:TEXT-CARET-MOVED ^^^^^

10:07:20.710972 - EVENT MANAGER: Dequeueing object:text-changed:delete for [terminal: 'Terminal' (0x7a29d2f908c0)]  in org.gnome.Terminal (gtk 3.24.52) (0, 3, \n\n\n)
10:07:20.711031 - EVENT MANAGER: Dequeued object:text-changed:delete for [terminal: 'Terminal' (0x7a29d2f908c0)]  in org.gnome.Terminal (gtk 3.24.52) (0, 3, \n\n\n) priority: 4, counter: 31

vvvvv START PRIORITY-4 OBJECT EVENT OBJECT:TEXT-CHANGED:DELETE (queue size: 28) vvvvv
10:07:20.711761 - EVENT SOURCE:
                  app='org.gnome.Terminal (gtk 3.24.52)' name='Terminal' role='terminal' axid='' id=0x7a29d2f908c0
                  description=''
                  help=''
                  locale='C.UTF-8'
                  states='enabled, focusable, focused, sensitive, showing, visible'
                  relations=''
                  actions='menu'
                  interfaces='Action, Collection, Component, Text'
                  attributes='toolkit:gtk'
                  text='Download progress \n███████████████████████████████████████████████████████████████████████████▒▒▒▒▒▒▒▒▒▒▒▒▒▒▒▒▒▒▒▒▒▒▒▒▒\n75.0% \nAdvance download ... \n \n \n \n \n (3264 chars.)'
                  path=[-1, 0, 0, 1, 0, 0, 0, 0]
                  
10:07:20.711783 - SCRIPT MANAGER: Active script is: accessibility_probe (module=orca.scripts.default)
10:07:20.711801 - FOCUS MANAGER: Locus of focus is [button: 'Advance download' (0x7a29e8a6ad40)] 
10:07:20.711825 - EVENT MANAGER: Getting script for event for [application: 'org.gnome.Terminal' (0x7a29e81246c0)]  [terminal: 'Terminal' (0x7a29d2f908c0)] 
10:07:20.711842 - SCRIPT MANAGER: Getting script for [application: 'org.gnome.Terminal' (0x7a29e81246c0)]  [terminal: 'Terminal' (0x7a29d2f908c0)] 
10:07:20.711863 - SCRIPT MANAGER: Script is custom script org.gnome.Terminal (module=orca.scripts.terminal.script)
10:07:20.711875 - EVENT MANAGER: Script for event is org.gnome.Terminal (module=orca.scripts.terminal.script)
10:07:20.712842 - EVENT MANAGER: Change active script: False (No reason found to activate a different script.)
10:07:20.712871 - EVENT MANAGER: Not processing object:text-changed:delete due to lack of reason
TOTAL PROCESSING TIME: 0.0018
^^^^^ FINISHED PRIORITY-4 OBJECT EVENT OBJECT:TEXT-CHANGED:DELETE ^^^^^

10:07:20.713005 - EVENT MANAGER: Dequeueing object:text-changed:insert for [terminal: 'Terminal' (0x7a29d2f908c0)]  in org.gnome.Terminal (gtk 3.24.52) (0, 368, \n \n \nAdvance download... \n \n \nAdvance download (371 chars.))
10:07:20.713103 - EVENT MANAGER: Dequeued object:text-changed:insert for [terminal: 'Terminal' (0x7a29d2f908c0)]  in org.gnome.Terminal (gtk 3.24.52) (0, 368, \n \n \nAdvance download... \n \n \nAdvance download (371 chars.)) priority: 4, counter: 32

vvvvv START PRIORITY-4 OBJECT EVENT OBJECT:TEXT-CHANGED:INSERT (queue size: 27) vvvvv
10:07:20.714174 - EVENT SOURCE:
                  app='org.gnome.Terminal (gtk 3.24.52)' name='Terminal' role='terminal' axid='' id=0x7a29d2f908c0
                  description=''
                  help=''
                  locale='C.UTF-8'
                  states='enabled, focusable, focused, sensitive, showing, visible'
                  relations=''
                  actions='menu'
                  interfaces='Action, Collection, Component, Text'
                  attributes='toolkit:gtk'
                  text='Download progress \n███████████████████████████████████████████████████████████████████████████▒▒▒▒▒▒▒▒▒▒▒▒▒▒▒▒▒▒▒▒▒▒▒▒▒\n75.0% \nAdvance download ... \n \n \n \n \n (3264 chars.)'
                  path=[-1, 0, 0, 1, 0, 0, 0, 0]
                  
10:07:20.714207 - SCRIPT MANAGER: Active script is: accessibility_probe (module=orca.scripts.default)
10:07:20.714232 - FOCUS MANAGER: Locus of focus is [button: 'Advance download' (0x7a29e8a6ad40)] 
10:07:20.714260 - EVENT MANAGER: Getting script for event for [application: 'org.gnome.Terminal' (0x7a29e81246c0)]  [terminal: 'Terminal' (0x7a29d2f908c0)] 
10:07:20.714278 - SCRIPT MANAGER: Getting script for [application: 'org.gnome.Terminal' (0x7a29e81246c0)]  [terminal: 'Terminal' (0x7a29d2f908c0)] 
10:07:20.714301 - SCRIPT MANAGER: Script is custom script org.gnome.Terminal (module=orca.scripts.terminal.script)
10:07:20.714314 - EVENT MANAGER: Script for event is org.gnome.Terminal (module=orca.scripts.terminal.script)
10:07:20.715433 - EVENT MANAGER: Change active script: False (No reason found to activate a different script.)
10:07:20.715459 - EVENT MANAGER: Not processing object:text-changed:insert due to lack of reason
TOTAL PROCESSING TIME: 0.0024
^^^^^ FINISHED PRIORITY-4 OBJECT EVENT OBJECT:TEXT-CHANGED:INSERT ^^^^^

10:07:20.715576 - EVENT MANAGER: Dequeueing object:text-caret-moved for [terminal: 'Terminal' (0x7a29d2f908c0)]  in org.gnome.Terminal (gtk 3.24.52) (368, 0, 0)
10:07:20.715666 - EVENT MANAGER: Dequeued object:text-caret-moved for [terminal: 'Terminal' (0x7a29d2f908c0)]  in org.gnome.Terminal (gtk 3.24.52) (368, 0, 0) priority: 4, counter: 33

vvvvv START PRIORITY-4 OBJECT EVENT OBJECT:TEXT-CARET-MOVED (queue size: 26) vvvvv
10:07:20.716319 - EVENT MANAGER: object:text-caret-moved for [terminal: 'Terminal' (0x7a29d2f908c0)]  in org.gnome.Terminal (gtk 3.24.52) (368, 0, 0) obsoleted by object:text-caret-moved for [terminal: 'Terminal' (0x7a29d2f908c0)]  in org.gnome.Terminal (gtk 3.24.52) (3231, 0, 0) more recent event of same type for same object
TOTAL PROCESSING TIME: 0.0007
^^^^^ FINISHED PRIORITY-4 OBJECT EVENT OBJECT:TEXT-CARET-MOVED ^^^^^

10:07:20.716431 - EVENT MANAGER: Dequeueing object:text-caret-moved for [terminal: 'Terminal' (0x7a29d2f908c0)]  in org.gnome.Terminal (gtk 3.24.52) (396, 0, 0)
10:07:20.716517 - EVENT MANAGER: Dequeued object:text-caret-moved for [terminal: 'Terminal' (0x7a29d2f908c0)]  in org.gnome.Terminal (gtk 3.24.52) (396, 0, 0) priority: 4, counter: 49

vvvvv START PRIORITY-4 OBJECT EVENT OBJECT:TEXT-CARET-MOVED (queue size: 25) vvvvv
10:07:20.717186 - EVENT MANAGER: object:text-caret-moved for [terminal: 'Terminal' (0x7a29d2f908c0)]  in org.gnome.Terminal (gtk 3.24.52) (396, 0, 0) obsoleted by object:text-caret-moved for [terminal: 'Terminal' (0x7a29d2f908c0)]  in org.gnome.Terminal (gtk 3.24.52) (203, 0, 0) more recent event of same type for same object
TOTAL PROCESSING TIME: 0.0007
^^^^^ FINISHED PRIORITY-4 OBJECT EVENT OBJECT:TEXT-CARET-MOVED ^^^^^

10:07:20.717296 - EVENT MANAGER: Dequeueing object:text-changed:delete for [terminal: 'Terminal' (0x7a29d2f908c0)]  in org.gnome.Terminal (gtk 3.24.52) (368, 28, \n\n\n\n\n\n\n\n\n\n\n\n\n\n\n\n\n\n\n\n\n\n\n\n\n\n\n\n)
10:07:20.717382 - EVENT MANAGER: Dequeued object:text-changed:delete for [terminal: 'Terminal' (0x7a29d2f908c0)]  in org.gnome.Terminal (gtk 3.24.52) (368, 28, \n\n\n\n\n\n\n\n\n\n\n\n\n\n\n\n\n\n\n\n\n\n\n\n\n\n\n\n) priority: 4, counter: 50

vvvvv START PRIORITY-4 OBJECT EVENT OBJECT:TEXT-CHANGED:DELETE (queue size: 24) vvvvv
10:07:20.718507 - EVENT SOURCE:
                  app='org.gnome.Terminal (gtk 3.24.52)' name='Terminal' role='terminal' axid='' id=0x7a29d2f908c0
                  description=''
                  help=''
                  locale='C.UTF-8'
                  states='enabled, focusable, focused, sensitive, showing, visible'
                  relations=''
                  actions='menu'
                  interfaces='Action, Collection, Component, Text'
                  attributes='toolkit:gtk'
                  text='Download progress \n███████████████████████████████████████████████████████████████████████████▒▒▒▒▒▒▒▒▒▒▒▒▒▒▒▒▒▒▒▒▒▒▒▒▒\n75.0% \nAdvance download ... \n \n \n \n \n (3264 chars.)'
                  path=[-1, 0, 0, 1, 0, 0, 0, 0]
                  
10:07:20.718546 - SCRIPT MANAGER: Active script is: accessibility_probe (module=orca.scripts.default)
10:07:20.718568 - FOCUS MANAGER: Locus of focus is [button: 'Advance download' (0x7a29e8a6ad40)] 
10:07:20.718596 - EVENT MANAGER: Getting script for event for [application: 'org.gnome.Terminal' (0x7a29e81246c0)]  [terminal: 'Terminal' (0x7a29d2f908c0)] 
10:07:20.718614 - SCRIPT MANAGER: Getting script for [application: 'org.gnome.Terminal' (0x7a29e81246c0)]  [terminal: 'Terminal' (0x7a29d2f908c0)] 
10:07:20.718636 - SCRIPT MANAGER: Script is custom script org.gnome.Terminal (module=orca.scripts.terminal.script)
10:07:20.718649 - EVENT MANAGER: Script for event is org.gnome.Terminal (module=orca.scripts.terminal.script)
10:07:20.719541 - EVENT MANAGER: Change active script: False (No reason found to activate a different script.)
10:07:20.719565 - EVENT MANAGER: Not processing object:text-changed:delete due to lack of reason
TOTAL PROCESSING TIME: 0.0022
^^^^^ FINISHED PRIORITY-4 OBJECT EVENT OBJECT:TEXT-CHANGED:DELETE ^^^^^

10:07:20.719689 - EVENT MANAGER: Dequeueing object:text-changed:insert for [terminal: 'Terminal' (0x7a29d2f908c0)]  in org.gnome.Terminal (gtk 3.24.52) (368, 2863, \n \n \n \n \n... \n \n \n \n \n (2891 chars.))
10:07:20.719785 - EVENT MANAGER: Dequeued object:text-changed:insert for [terminal: 'Terminal' (0x7a29d2f908c0)]  in org.gnome.Terminal (gtk 3.24.52) (368, 2863, \n \n \n \n \n... \n \n \n \n \n (2891 chars.)) priority: 4, counter: 51

vvvvv START PRIORITY-4 OBJECT EVENT OBJECT:TEXT-CHANGED:INSERT (queue size: 23) vvvvv
10:07:20.722006 - EVENT SOURCE:
                  app='org.gnome.Terminal (gtk 3.24.52)' name='Terminal' role='terminal' axid='' id=0x7a29d2f908c0
                  description=''
                  help=''
                  locale='C.UTF-8'
                  states='enabled, focusable, focused, sensitive, showing, visible'
                  relations=''
                  actions='menu'
                  interfaces='Action, Collection, Component, Text'
                  attributes='toolkit:gtk'
                  text='Download progress \n███████████████████████████████████████████████████████████████████████████▒▒▒▒▒▒▒▒▒▒▒▒▒▒▒▒▒▒▒▒▒▒▒▒▒\n75.0% \nAdvance download ... \n \n \n \n \n (3264 chars.)'
                  path=[-1, 0, 0, 1, 0, 0, 0, 0]
                  
10:07:20.722062 - SCRIPT MANAGER: Active script is: accessibility_probe (module=orca.scripts.default)
10:07:20.722113 - FOCUS MANAGER: Locus of focus is [button: 'Advance download' (0x7a29e8a6ad40)] 
10:07:20.722193 - EVENT MANAGER: Getting script for event for [application: 'org.gnome.Terminal' (0x7a29e81246c0)]  [terminal: 'Terminal' (0x7a29d2f908c0)] 
10:07:20.722241 - SCRIPT MANAGER: Getting script for [application: 'org.gnome.Terminal' (0x7a29e81246c0)]  [terminal: 'Terminal' (0x7a29d2f908c0)] 
10:07:20.722289 - SCRIPT MANAGER: Script is custom script org.gnome.Terminal (module=orca.scripts.terminal.script)
10:07:20.722317 - EVENT MANAGER: Script for event is org.gnome.Terminal (module=orca.scripts.terminal.script)
10:07:20.723907 - EVENT MANAGER: Change active script: False (No reason found to activate a different script.)
10:07:20.723944 - EVENT MANAGER: Not processing object:text-changed:insert due to lack of reason
TOTAL PROCESSING TIME: 0.0042
^^^^^ FINISHED PRIORITY-4 OBJECT EVENT OBJECT:TEXT-CHANGED:INSERT ^^^^^

10:07:20.724198 - GSETTINGS SCHEMA HANDLE: keybindings/keyboard-layout not set [app:accessibility_probe, profile:default]
10:07:20.724230 - GSETTINGS REGISTRY: keybindings/keyboard-layout using default value = 'desktop'
10:07:20.724271 - GSETTINGS SCHEMA HANDLE: keybindings/desktop-modifier-keys not set [app:accessibility_probe, profile:default]
10:07:20.724288 - GSETTINGS REGISTRY: keybindings/desktop-modifier-keys using default value = ['Insert', 'KP_Insert']
10:07:20.724344 - FOCUS MANAGER: Active window is [frame: 'Reactive TUI App accessibility round 1' (0x7a29e814f500)]  <unknown>.<module>:373 > input_event_manager._on_key_pressed:261 > input_event_manager.process_keyboard_event:297 > focus_manager.get_active_window:342
10:07:20.724836 - AXObject: Clearing AT-SPI cache on [frame: 'Reactive TUI App accessibility round 1' (0x7a29e814f500)]  Recursive: False.  Reason: Checking if window can be the active window

10:07:20.725340 - EVENT MANAGER: object:state-changed:sensitive for [menu item: 'Paste' (0x7a29d2f6dbc0)]  in org.gnome.Terminal (gtk 3.24.52) (0, 0, 0)
10:07:20.725367 - FOCUS MANAGER: Locus of focus is [button: 'Advance download' (0x7a29e8a6ad40)] 
10:07:20.725427 - EVENT_MANAGER: Ignoring object:state-changed:sensitive due to multiple instances in short time
10:07:20.726717 - AXUtilities: [frame: 'Reactive TUI App accessibility round 1' (0x7a29e814f500)]  from [application: 'accessibility_probe' (0x7a29e8147200)]  can be active window
10:07:20.726900 - FOCUS MANAGER: Locus of focus is [button: 'Advance download' (0x7a29e8a6ad40)] 
10:07:20.727052 - SCRIPT MANAGER: Active script is: accessibility_probe (module=orca.scripts.default)
10:07:20.727227 - GSETTINGS SCHEMA HANDLE: keybindings/keyboard-layout not set [app:accessibility_probe, profile:default]
10:07:20.727235 - GSETTINGS REGISTRY: keybindings/keyboard-layout using default value = 'desktop'
10:07:20.727249 - GSETTINGS SCHEMA HANDLE: keybindings/desktop-modifier-keys not set [app:accessibility_probe, profile:default]
10:07:20.727254 - GSETTINGS REGISTRY: keybindings/desktop-modifier-keys using default value = ['Insert', 'KP_Insert']

KEYBOARD_EVENT:  type=ATSPI_KEY_PRESSED_EVENT
                 id=65507
                 hw_code=37
                 modifiers=0
                 text=''
                 keyval_name='Control_L'
                 timestamp=1789049240.7241142
                 clickCount=1

vvvvv PROCESS ATSPI_KEY_PRESSED_EVENT: 'Control_L' (37) vvvvv
10:07:20.727304 - SCRIPT: accessibility_probe (module=orca.scripts.default)
10:07:20.727320 - WINDOW: [frame: 'Reactive TUI App accessibility round 1' (0x7a29e814f500)] 
10:07:20.727331 - LOCATION: [button: 'Advance download' (0x7a29e8a6ad40)] 
10:07:20.727352 - GSETTINGS SCHEMA HANDLE: keybindings/keyboard-layout not set [app:accessibility_probe, profile:default]
10:07:20.727356 - GSETTINGS REGISTRY: keybindings/keyboard-layout using default value = 'desktop'
10:07:20.727367 - GSETTINGS SCHEMA HANDLE: keybindings/desktop-modifier-keys not set [app:accessibility_probe, profile:default]
10:07:20.727371 - GSETTINGS REGISTRY: keybindings/desktop-modifier-keys using default value = ['Insert', 'KP_Insert']
10:07:20.727378 - PRESENTATION MANAGER: Interrupting presentation
10:07:20.727408 - SPEECH MANAGER: interrupt_speech. Script: None Event: None notify_user: False
10:07:20.727879 - SPEECH MANAGER: Speech server is <orca.speechdispatcherfactory.SpeechServer object at 0x7a29e89e96a0>
10:07:20.728033 - BRAILLE: Kill flash message input_event._present:603 > presentation_manager.interrupt_presentation:88 > braille_presenter.kill_flash:1829 > braille.kill_flash:2182
10:07:20.728351 - TYPING ECHO PRESENTER: should_echo_keyboard_event: 'left control'?
10:07:20.728374 - GSETTINGS SCHEMA HANDLE: keybindings/keyboard-layout not set [app:accessibility_probe, profile:default]
10:07:20.728380 - GSETTINGS REGISTRY: keybindings/keyboard-layout using default value = 'desktop'
10:07:20.728392 - GSETTINGS SCHEMA HANDLE: keybindings/desktop-modifier-keys not set [app:accessibility_probe, profile:default]
10:07:20.728397 - GSETTINGS REGISTRY: keybindings/desktop-modifier-keys using default value = ['Insert', 'KP_Insert']
10:07:20.728414 - GSETTINGS SCHEMA HANDLE: typing-echo/character-echo not set [app:accessibility_probe, profile:default]
10:07:20.728418 - GSETTINGS REGISTRY: typing-echo/character-echo using default value = False
10:07:20.728430 - GSETTINGS SCHEMA HANDLE: keybindings/keyboard-layout not set [app:accessibility_probe, profile:default]
10:07:20.728438 - GSETTINGS REGISTRY: keybindings/keyboard-layout using default value = 'desktop'
10:07:20.728448 - GSETTINGS SCHEMA HANDLE: keybindings/desktop-modifier-keys not set [app:accessibility_probe, profile:default]
10:07:20.728452 - GSETTINGS REGISTRY: keybindings/desktop-modifier-keys using default value = ['Insert', 'KP_Insert']
10:07:20.728467 - GSETTINGS SCHEMA HANDLE: typing-echo/key-echo not set [app:accessibility_probe, profile:default]
10:07:20.728471 - GSETTINGS REGISTRY: typing-echo/key-echo using default value = True
10:07:20.728502 - GSETTINGS SCHEMA HANDLE: typing-echo/modifier-keys not set [app:accessibility_probe, profile:default]
10:07:20.728507 - GSETTINGS REGISTRY: typing-echo/modifier-keys using default value = True
10:07:20.728512 - TYPING ECHO PRESENTER: Echoing modifier keyboard event: True.
10:07:20.728529 - GSETTINGS SCHEMA HANDLE: keybindings/keyboard-layout not set [app:accessibility_probe, profile:default]
10:07:20.728533 - GSETTINGS REGISTRY: keybindings/keyboard-layout using default value = 'desktop'
10:07:20.728543 - GSETTINGS SCHEMA HANDLE: keybindings/desktop-modifier-keys not set [app:accessibility_probe, profile:default]
10:07:20.728547 - GSETTINGS REGISTRY: keybindings/desktop-modifier-keys using default value = ['Insert', 'KP_Insert']
10:07:20.728570 - SCRIPT MANAGER: Active script is: accessibility_probe (module=orca.scripts.default)
10:07:20.728595 - FOCUS MANAGER: Active mode: object-navigator Object of interest: [button: 'Advance download' (0x7a29e8a6ad40)] 
10:07:20.728611 - GSETTINGS SCHEMA HANDLE: speech/enable not set [app:accessibility_probe, profile:default]
10:07:20.728615 - GSETTINGS REGISTRY: speech/enable using default value = True
10:07:20.728628 - GSETTINGS SCHEMA HANDLE: speech/verbosity-level not set [app:accessibility_probe, profile:default]
10:07:20.728632 - GSETTINGS REGISTRY: speech/verbosity-level using default value = 'verbose'
10:07:20.728644 - FOCUS MANAGER: Locus of focus is [button: 'Advance download' (0x7a29e8a6ad40)] 
10:07:20.728658 - SCRIPT MANAGER: Active script is: accessibility_probe (module=orca.scripts.default)
10:07:20.728673 - GSETTINGS SCHEMA HANDLE: speech/only-speak-displayed-text not set [app:accessibility_probe, profile:default]
10:07:20.728677 - GSETTINGS REGISTRY: speech/only-speak-displayed-text using default value = False
10:07:20.728687 - GSETTINGS SCHEMA HANDLE: speech/speak-description not set [app:accessibility_probe, profile:default]
10:07:20.728690 - GSETTINGS REGISTRY: speech/speak-description using default value = True
10:07:20.728700 - GSETTINGS SCHEMA HANDLE: speech/speak-tutorial-messages not set [app:accessibility_probe, profile:default]
10:07:20.728703 - GSETTINGS REGISTRY: speech/speak-tutorial-messages using default value = True
10:07:20.728713 - GSETTINGS SCHEMA HANDLE: speech/speak-position-in-set not set [app:accessibility_probe, profile:default]
10:07:20.728716 - GSETTINGS REGISTRY: speech/speak-position-in-set using default value = False
10:07:20.728725 - GSETTINGS SCHEMA HANDLE: speech/speak-widget-mnemonic not set [app:accessibility_probe, profile:default]
10:07:20.728728 - GSETTINGS REGISTRY: speech/speak-widget-mnemonic using default value = True
10:07:20.728737 - GSETTINGS SCHEMA HANDLE: speech/speak-blank-lines not set [app:accessibility_probe, profile:default]
10:07:20.728740 - GSETTINGS REGISTRY: speech/speak-blank-lines using default value = True
10:07:20.728749 - GSETTINGS SCHEMA HANDLE: speech/speak-indentation-and-justification not set [app:accessibility_probe, profile:default]
10:07:20.728752 - GSETTINGS REGISTRY: speech/speak-indentation-and-justification using default value = False
10:07:20.728762 - GSETTINGS SCHEMA HANDLE: speech/announce-cell-headers not set [app:accessibility_probe, profile:default]
10:07:20.728765 - GSETTINGS REGISTRY: speech/announce-cell-headers using default value = True
10:07:20.728774 - GSETTINGS SCHEMA HANDLE: speech/announce-cell-coordinates not set [app:accessibility_probe, profile:default]
10:07:20.728777 - GSETTINGS REGISTRY: speech/announce-cell-coordinates using default value = True
10:07:20.728788 - GSETTINGS SCHEMA HANDLE: speech/announce-spreadsheet-cell-coordinates not set [app:accessibility_probe, profile:default]
10:07:20.728792 - GSETTINGS REGISTRY: speech/announce-spreadsheet-cell-coordinates using default value = True
10:07:20.728800 - GSETTINGS SCHEMA HANDLE: speech/announce-blockquote not set [app:accessibility_probe, profile:default]
10:07:20.728803 - GSETTINGS REGISTRY: speech/announce-blockquote using default value = True
10:07:20.728813 - GSETTINGS SCHEMA HANDLE: speech/announce-form not set [app:accessibility_probe, profile:default]
10:07:20.728816 - GSETTINGS REGISTRY: speech/announce-form using default value = True
10:07:20.728824 - GSETTINGS SCHEMA HANDLE: speech/announce-landmark not set [app:accessibility_probe, profile:default]
10:07:20.728827 - GSETTINGS REGISTRY: speech/announce-landmark using default value = True
10:07:20.728836 - GSETTINGS SCHEMA HANDLE: speech/announce-list not set [app:accessibility_probe, profile:default]
10:07:20.728839 - GSETTINGS REGISTRY: speech/announce-list using default value = True
10:07:20.728848 - GSETTINGS SCHEMA HANDLE: speech/announce-grouping not set [app:accessibility_probe, profile:default]
10:07:20.728851 - GSETTINGS REGISTRY: speech/announce-grouping using default value = True
10:07:20.728860 - GSETTINGS SCHEMA HANDLE: speech/announce-table not set [app:accessibility_probe, profile:default]
10:07:20.728864 - GSETTINGS REGISTRY: speech/announce-table using default value = True
10:07:20.728885 - GSETTINGS SCHEMA HANDLE: voice/established not set [app:accessibility_probe, profile:default]
10:07:20.728897 - GSETTINGS SCHEMA HANDLE: voice/rate not set [app:accessibility_probe, profile:default]
10:07:20.728908 - GSETTINGS SCHEMA HANDLE: voice/pitch not set [app:accessibility_probe, profile:default]
10:07:20.728918 - GSETTINGS SCHEMA HANDLE: voice/volume not set [app:accessibility_probe, profile:default]
10:07:20.728930 - GSETTINGS SCHEMA HANDLE: voice/family-name not set [app:accessibility_probe, profile:default]
10:07:20.728940 - GSETTINGS SCHEMA HANDLE: voice/family-lang not set [app:accessibility_probe, profile:default]
10:07:20.728950 - GSETTINGS SCHEMA HANDLE: voice/family-dialect not set [app:accessibility_probe, profile:default]
10:07:20.728959 - GSETTINGS SCHEMA HANDLE: voice/family-gender not set [app:accessibility_probe, profile:default]
10:07:20.728969 - GSETTINGS SCHEMA HANDLE: voice/family-variant not set [app:accessibility_probe, profile:default]
10:07:20.728999 - SPEECH GENERATOR: None voice requested for None language='', dialect='' Unmodified voice={'established': False}
10:07:20.729022 - SPEECH GENERATOR: Reported locale of None is 
10:07:20.729038 - SPEECH GENERATOR: Updated to: 'C', ''
10:07:20.729057 - GSETTINGS SCHEMA HANDLE: speech/auto-language-switching not set [app:accessibility_probe, profile:default]
10:07:20.729060 - GSETTINGS REGISTRY: speech/auto-language-switching using default value = True
10:07:20.729069 - SPEECH DISPATCHER: Returning cached result for language='C' dialect='' variant='None'
10:07:20.729112 - SPEECH GENERATOR: Family updated to {'dialect': '', 'lang': 'C', 'name': ''}
10:07:20.729155 - SPEECH GENERATOR: Final voice is {'established': 'False', 'family': "{'dialect': '', 'lang': 'C', 'name': ''}"}
10:07:20.729177 - GSETTINGS SCHEMA HANDLE: keybindings/keyboard-layout not set [app:accessibility_probe, profile:default]
10:07:20.729182 - GSETTINGS REGISTRY: keybindings/keyboard-layout using default value = 'desktop'
10:07:20.729193 - GSETTINGS SCHEMA HANDLE: keybindings/desktop-modifier-keys not set [app:accessibility_probe, profile:default]
10:07:20.729198 - GSETTINGS REGISTRY: keybindings/desktop-modifier-keys using default value = ['Insert', 'KP_Insert']
10:07:20.729207 - SPEECH OUTPUT: 'left control' {'established': False, 'family': {'name': '', 'gender': None, 'lang': 'C', 'dialect': '', 'variant': None}}
10:07:20.729219 - GSETTINGS SCHEMA HANDLE: keybindings/keyboard-layout not set [app:accessibility_probe, profile:default]
10:07:20.729223 - GSETTINGS REGISTRY: keybindings/keyboard-layout using default value = 'desktop'
10:07:20.729244 - GSETTINGS SCHEMA HANDLE: keybindings/desktop-modifier-keys not set [app:accessibility_probe, profile:default]
10:07:20.729248 - GSETTINGS REGISTRY: keybindings/desktop-modifier-keys using default value = ['Insert', 'KP_Insert']
10:07:20.729254 - SPEECH DISPATCHER: Speaking 'left control' as string
10:07:20.729259 - SPEECH DISPATCHER: Speaking 'left control' as string
10:07:20.729410 - SPEECH DISPATCHER: Speaking '<speak><mark name="0:4"/>left <mark name="5:12"/>control</speak>' 
                  ORCA rate 50.0, pitch 5.0, volume 10.0, language C, punctuation: MOST
                  SD rate 2, pitch 10, volume 100, language c
10:07:20.729524 - TOTAL PROCESSING TIME: 0.0023
^^^^^ PROCESS ATSPI_KEY_PRESSED_EVENT: 'Control_L' (37) ^^^^^

10:07:20.731377 - GSETTINGS SCHEMA HANDLE: keybindings/keyboard-layout not set [app:accessibility_probe, profile:default]
10:07:20.731406 - GSETTINGS REGISTRY: keybindings/keyboard-layout using default value = 'desktop'
10:07:20.731447 - GSETTINGS SCHEMA HANDLE: keybindings/desktop-modifier-keys not set [app:accessibility_probe, profile:default]
10:07:20.731464 - GSETTINGS REGISTRY: keybindings/desktop-modifier-keys using default value = ['Insert', 'KP_Insert']
10:07:20.731479 - ORCA MODIFIER MANAGER: Setting pressed state to True
10:07:20.731546 - FOCUS MANAGER: Active window is [frame: 'Reactive TUI App accessibility round 1' (0x7a29e814f500)]  <unknown>.<module>:373 > input_event_manager._on_key_pressed:261 > input_event_manager.process_keyboard_event:297 > focus_manager.get_active_window:342
10:07:20.731808 - AXObject: Clearing AT-SPI cache on [frame: 'Reactive TUI App accessibility round 1' (0x7a29e814f500)]  Recursive: False.  Reason: Checking if window can be the active window
10:07:20.733250 - AXUtilities: [frame: 'Reactive TUI App accessibility round 1' (0x7a29e814f500)]  from [application: 'accessibility_probe' (0x7a29e8147200)]  can be active window
10:07:20.733426 - FOCUS MANAGER: Locus of focus is [button: 'Advance download' (0x7a29e8a6ad40)] 
10:07:20.733596 - SCRIPT MANAGER: Active script is: accessibility_probe (module=orca.scripts.default)
10:07:20.733752 - GSETTINGS SCHEMA HANDLE: keybindings/keyboard-layout not set [app:accessibility_probe, profile:default]
10:07:20.733759 - GSETTINGS REGISTRY: keybindings/keyboard-layout using default value = 'desktop'
10:07:20.733772 - GSETTINGS SCHEMA HANDLE: keybindings/desktop-modifier-keys not set [app:accessibility_probe, profile:default]
10:07:20.733776 - GSETTINGS REGISTRY: keybindings/desktop-modifier-keys using default value = ['Insert', 'KP_Insert']

KEYBOARD_EVENT:  type=ATSPI_KEY_PRESSED_EVENT
                 id=65379
                 hw_code=118
                 modifiers=4356
                 text=''
                 keyval_name='Insert'
                 timestamp=1789049240.7313335
                 clickCount=1

vvvvv PROCESS ATSPI_KEY_PRESSED_EVENT: 'Insert' (118) vvvvv
10:07:20.733812 - SCRIPT: accessibility_probe (module=orca.scripts.default)
10:07:20.733827 - WINDOW: [frame: 'Reactive TUI App accessibility round 1' (0x7a29e814f500)] 
10:07:20.733840 - LOCATION: [button: 'Advance download' (0x7a29e8a6ad40)] 
10:07:20.733862 - GSETTINGS SCHEMA HANDLE: keybindings/keyboard-layout not set [app:accessibility_probe, profile:default]
10:07:20.733867 - GSETTINGS REGISTRY: keybindings/keyboard-layout using default value = 'desktop'
10:07:20.733878 - GSETTINGS SCHEMA HANDLE: keybindings/desktop-modifier-keys not set [app:accessibility_probe, profile:default]
10:07:20.733883 - GSETTINGS REGISTRY: keybindings/desktop-modifier-keys using default value = ['Insert', 'KP_Insert']
10:07:20.733889 - PRESENTATION MANAGER: Interrupting presentation
10:07:20.733919 - SPEECH MANAGER: interrupt_speech. Script: None Event: None notify_user: False
10:07:20.734118 - SPEECH MANAGER: Speech server is <orca.speechdispatcherfactory.SpeechServer object at 0x7a29e89e96a0>
10:07:20.734159 - BRAILLE: Kill flash message input_event._present:603 > presentation_manager.interrupt_presentation:88 > braille_presenter.kill_flash:1829 > braille.kill_flash:2182
10:07:20.734473 - TYPING ECHO PRESENTER: should_echo_keyboard_event: 'insert'?
10:07:20.734498 - GSETTINGS SCHEMA HANDLE: keybindings/keyboard-layout not set [app:accessibility_probe, profile:default]
10:07:20.734504 - GSETTINGS REGISTRY: keybindings/keyboard-layout using default value = 'desktop'
10:07:20.734516 - GSETTINGS SCHEMA HANDLE: keybindings/desktop-modifier-keys not set [app:accessibility_probe, profile:default]
10:07:20.734521 - GSETTINGS REGISTRY: keybindings/desktop-modifier-keys using default value = ['Insert', 'KP_Insert']
10:07:20.734536 - GSETTINGS SCHEMA HANDLE: typing-echo/key-echo not set [app:accessibility_probe, profile:default]
10:07:20.734540 - GSETTINGS REGISTRY: typing-echo/key-echo using default value = True
10:07:20.734551 - GSETTINGS SCHEMA HANDLE: typing-echo/modifier-keys not set [app:accessibility_probe, profile:default]
10:07:20.734554 - GSETTINGS REGISTRY: typing-echo/modifier-keys using default value = True
10:07:20.734558 - TYPING ECHO PRESENTER: Echoing modifier Orca modifier event: True.
10:07:20.734575 - GSETTINGS SCHEMA HANDLE: keybindings/keyboard-layout not set [app:accessibility_probe, profile:default]
10:07:20.734579 - GSETTINGS REGISTRY: keybindings/keyboard-layout using default value = 'desktop'
10:07:20.734588 - GSETTINGS SCHEMA HANDLE: keybindings/desktop-modifier-keys not set [app:accessibility_probe, profile:default]
10:07:20.734592 - GSETTINGS REGISTRY: keybindings/desktop-modifier-keys using default value = ['Insert', 'KP_Insert']
10:07:20.734611 - SCRIPT MANAGER: Active script is: accessibility_probe (module=orca.scripts.default)
10:07:20.734637 - FOCUS MANAGER: Active mode: object-navigator Object of interest: [button: 'Advance download' (0x7a29e8a6ad40)] 
10:07:20.734653 - GSETTINGS SCHEMA HANDLE: speech/enable not set [app:accessibility_probe, profile:default]
10:07:20.734657 - GSETTINGS REGISTRY: speech/enable using default value = True
10:07:20.734670 - GSETTINGS SCHEMA HANDLE: speech/verbosity-level not set [app:accessibility_probe, profile:default]
10:07:20.734674 - GSETTINGS REGISTRY: speech/verbosity-level using default value = 'verbose'
10:07:20.734686 - FOCUS MANAGER: Locus of focus is [button: 'Advance download' (0x7a29e8a6ad40)] 
10:07:20.734699 - SCRIPT MANAGER: Active script is: accessibility_probe (module=orca.scripts.default)
10:07:20.734714 - GSETTINGS SCHEMA HANDLE: speech/only-speak-displayed-text not set [app:accessibility_probe, profile:default]
10:07:20.734718 - GSETTINGS REGISTRY: speech/only-speak-displayed-text using default value = False
10:07:20.734728 - GSETTINGS SCHEMA HANDLE: speech/speak-description not set [app:accessibility_probe, profile:default]
10:07:20.734731 - GSETTINGS REGISTRY: speech/speak-description using default value = True
10:07:20.734741 - GSETTINGS SCHEMA HANDLE: speech/speak-tutorial-messages not set [app:accessibility_probe, profile:default]
10:07:20.734744 - GSETTINGS REGISTRY: speech/speak-tutorial-messages using default value = True
10:07:20.734754 - GSETTINGS SCHEMA HANDLE: speech/speak-position-in-set not set [app:accessibility_probe, profile:default]
10:07:20.734757 - GSETTINGS REGISTRY: speech/speak-position-in-set using default value = False
10:07:20.734766 - GSETTINGS SCHEMA HANDLE: speech/speak-widget-mnemonic not set [app:accessibility_probe, profile:default]
10:07:20.734769 - GSETTINGS REGISTRY: speech/speak-widget-mnemonic using default value = True
10:07:20.734778 - GSETTINGS SCHEMA HANDLE: speech/speak-blank-lines not set [app:accessibility_probe, profile:default]
10:07:20.734781 - GSETTINGS REGISTRY: speech/speak-blank-lines using default value = True
10:07:20.734790 - GSETTINGS SCHEMA HANDLE: speech/speak-indentation-and-justification not set [app:accessibility_probe, profile:default]
10:07:20.734794 - GSETTINGS REGISTRY: speech/speak-indentation-and-justification using default value = False
10:07:20.734803 - GSETTINGS SCHEMA HANDLE: speech/announce-cell-headers not set [app:accessibility_probe, profile:default]
10:07:20.734809 - GSETTINGS REGISTRY: speech/announce-cell-headers using default value = True
10:07:20.734818 - GSETTINGS SCHEMA HANDLE: speech/announce-cell-coordinates not set [app:accessibility_probe, profile:default]
10:07:20.734822 - GSETTINGS REGISTRY: speech/announce-cell-coordinates using default value = True
10:07:20.734831 - GSETTINGS SCHEMA HANDLE: speech/announce-spreadsheet-cell-coordinates not set [app:accessibility_probe, profile:default]
10:07:20.734835 - GSETTINGS REGISTRY: speech/announce-spreadsheet-cell-coordinates using default value = True
10:07:20.734844 - GSETTINGS SCHEMA HANDLE: speech/announce-blockquote not set [app:accessibility_probe, profile:default]
10:07:20.734847 - GSETTINGS REGISTRY: speech/announce-blockquote using default value = True
10:07:20.734857 - GSETTINGS SCHEMA HANDLE: speech/announce-form not set [app:accessibility_probe, profile:default]
10:07:20.734860 - GSETTINGS REGISTRY: speech/announce-form using default value = True
10:07:20.734869 - GSETTINGS SCHEMA HANDLE: speech/announce-landmark not set [app:accessibility_probe, profile:default]
10:07:20.734872 - GSETTINGS REGISTRY: speech/announce-landmark using default value = True
10:07:20.734882 - GSETTINGS SCHEMA HANDLE: speech/announce-list not set [app:accessibility_probe, profile:default]
10:07:20.734885 - GSETTINGS REGISTRY: speech/announce-list using default value = True
10:07:20.734894 - GSETTINGS SCHEMA HANDLE: speech/announce-grouping not set [app:accessibility_probe, profile:default]
10:07:20.734897 - GSETTINGS REGISTRY: speech/announce-grouping using default value = True
10:07:20.734906 - GSETTINGS SCHEMA HANDLE: speech/announce-table not set [app:accessibility_probe, profile:default]
10:07:20.734909 - GSETTINGS REGISTRY: speech/announce-table using default value = True
10:07:20.734928 - GSETTINGS SCHEMA HANDLE: voice/established not set [app:accessibility_probe, profile:default]
10:07:20.734940 - GSETTINGS SCHEMA HANDLE: voice/rate not set [app:accessibility_probe, profile:default]
10:07:20.734950 - GSETTINGS SCHEMA HANDLE: voice/pitch not set [app:accessibility_probe, profile:default]
10:07:20.734961 - GSETTINGS SCHEMA HANDLE: voice/volume not set [app:accessibility_probe, profile:default]
10:07:20.734973 - GSETTINGS SCHEMA HANDLE: voice/family-name not set [app:accessibility_probe, profile:default]
10:07:20.734987 - GSETTINGS SCHEMA HANDLE: voice/family-lang not set [app:accessibility_probe, profile:default]
10:07:20.735001 - GSETTINGS SCHEMA HANDLE: voice/family-dialect not set [app:accessibility_probe, profile:default]
10:07:20.735011 - GSETTINGS SCHEMA HANDLE: voice/family-gender not set [app:accessibility_probe, profile:default]
10:07:20.735021 - GSETTINGS SCHEMA HANDLE: voice/family-variant not set [app:accessibility_probe, profile:default]
10:07:20.735046 - SPEECH GENERATOR: None voice requested for None language='', dialect='' Unmodified voice={'established': False}
10:07:20.735069 - SPEECH GENERATOR: Reported locale of None is 
10:07:20.735083 - SPEECH GENERATOR: Updated to: 'C', ''
10:07:20.735100 - GSETTINGS SCHEMA HANDLE: speech/auto-language-switching not set [app:accessibility_probe, profile:default]
10:07:20.735104 - GSETTINGS REGISTRY: speech/auto-language-switching using default value = True
10:07:20.735112 - SPEECH DISPATCHER: Returning cached result for language='C' dialect='' variant='None'
10:07:20.735151 - SPEECH GENERATOR: Family updated to {'dialect': '', 'lang': 'C', 'name': ''}
10:07:20.735193 - SPEECH GENERATOR: Final voice is {'established': 'False', 'family': "{'dialect': '', 'lang': 'C', 'name': ''}"}
10:07:20.735212 - GSETTINGS SCHEMA HANDLE: keybindings/keyboard-layout not set [app:accessibility_probe, profile:default]
10:07:20.735216 - GSETTINGS REGISTRY: keybindings/keyboard-layout using default value = 'desktop'
10:07:20.735226 - GSETTINGS SCHEMA HANDLE: keybindings/desktop-modifier-keys not set [app:accessibility_probe, profile:default]
10:07:20.735230 - GSETTINGS REGISTRY: keybindings/desktop-modifier-keys using default value = ['Insert', 'KP_Insert']
10:07:20.735236 - SPEECH OUTPUT: 'insert' {'established': False, 'family': {'name': '', 'gender': None, 'lang': 'C', 'dialect': '', 'variant': None}}
10:07:20.735251 - GSETTINGS SCHEMA HANDLE: keybindings/keyboard-layout not set [app:accessibility_probe, profile:default]
10:07:20.735254 - GSETTINGS REGISTRY: keybindings/keyboard-layout using default value = 'desktop'
10:07:20.735264 - GSETTINGS SCHEMA HANDLE: keybindings/desktop-modifier-keys not set [app:accessibility_probe, profile:default]
10:07:20.735268 - GSETTINGS REGISTRY: keybindings/desktop-modifier-keys using default value = ['Insert', 'KP_Insert']
10:07:20.735272 - SPEECH DISPATCHER: Speaking 'insert' as string
10:07:20.735275 - SPEECH DISPATCHER: Speaking 'insert' as string
10:07:20.735396 - SPEECH DISPATCHER: Speaking '<speak><mark name="0:6"/>insert</speak>' 
                  ORCA rate 50.0, pitch 5.0, volume 10.0, language C, punctuation: MOST
                  SD rate 2, pitch 10, volume 100, language c
10:07:20.735454 - TOTAL PROCESSING TIME: 0.0017
^^^^^ PROCESS ATSPI_KEY_PRESSED_EVENT: 'Insert' (118) ^^^^^

10:07:20.735520 - GSETTINGS SCHEMA HANDLE: keybindings/keyboard-layout not set [app:accessibility_probe, profile:default]
10:07:20.735527 - GSETTINGS REGISTRY: keybindings/keyboard-layout using default value = 'desktop'
10:07:20.735540 - GSETTINGS SCHEMA HANDLE: keybindings/desktop-modifier-keys not set [app:accessibility_probe, profile:default]
10:07:20.735544 - GSETTINGS REGISTRY: keybindings/desktop-modifier-keys using default value = ['Insert', 'KP_Insert']
10:07:20.735605 - GSETTINGS SCHEMA HANDLE: keybindings/keyboard-layout not set [app:accessibility_probe, profile:default]
10:07:20.735611 - GSETTINGS REGISTRY: keybindings/keyboard-layout using default value = 'desktop'
10:07:20.735621 - GSETTINGS SCHEMA HANDLE: keybindings/desktop-modifier-keys not set [app:accessibility_probe, profile:default]
10:07:20.735625 - GSETTINGS REGISTRY: keybindings/desktop-modifier-keys using default value = ['Insert', 'KP_Insert']
10:07:20.735649 - FOCUS MANAGER: Active window is [frame: 'Reactive TUI App accessibility round 1' (0x7a29e814f500)]  <unknown>.<module>:373 > input_event_manager._on_key_pressed:261 > input_event_manager.process_keyboard_event:297 > focus_manager.get_active_window:342
10:07:20.735884 - AXObject: Clearing AT-SPI cache on [frame: 'Reactive TUI App accessibility round 1' (0x7a29e814f500)]  Recursive: False.  Reason: Checking if window can be the active window
10:07:20.737230 - AXUtilities: [frame: 'Reactive TUI App accessibility round 1' (0x7a29e814f500)]  from [application: 'accessibility_probe' (0x7a29e8147200)]  can be active window
10:07:20.737390 - FOCUS MANAGER: Locus of focus is [button: 'Advance download' (0x7a29e8a6ad40)] 
10:07:20.737552 - SCRIPT MANAGER: Active script is: accessibility_probe (module=orca.scripts.default)
10:07:20.737704 - GSETTINGS SCHEMA HANDLE: keybindings/keyboard-layout not set [app:accessibility_probe, profile:default]
10:07:20.737712 - GSETTINGS REGISTRY: keybindings/keyboard-layout using default value = 'desktop'
10:07:20.737724 - GSETTINGS SCHEMA HANDLE: keybindings/desktop-modifier-keys not set [app:accessibility_probe, profile:default]
10:07:20.737729 - GSETTINGS REGISTRY: keybindings/desktop-modifier-keys using default value = ['Insert', 'KP_Insert']

KEYBOARD_EVENT:  type=ATSPI_KEY_PRESSED_EVENT
                 id=65361
                 hw_code=113
                 modifiers=4356
                 text=''
                 keyval_name='Left'
                 timestamp=1789049240.7355933
                 clickCount=1

vvvvv PROCESS ATSPI_KEY_PRESSED_EVENT: 'Left' (113) vvvvv
10:07:20.737763 - SCRIPT: accessibility_probe (module=orca.scripts.default)
10:07:20.737777 - WINDOW: [frame: 'Reactive TUI App accessibility round 1' (0x7a29e814f500)] 
10:07:20.737789 - LOCATION: [button: 'Advance download' (0x7a29e8a6ad40)] 
10:07:20.737812 - COMMAND: object_navigator_previous
10:07:20.737829 - GSETTINGS SCHEMA HANDLE: keybindings/keyboard-layout not set [app:accessibility_probe, profile:default]
10:07:20.737834 - GSETTINGS REGISTRY: keybindings/keyboard-layout using default value = 'desktop'
10:07:20.737848 - GSETTINGS SCHEMA HANDLE: keybindings/desktop-modifier-keys not set [app:accessibility_probe, profile:default]
10:07:20.737852 - GSETTINGS REGISTRY: keybindings/desktop-modifier-keys using default value = ['Insert', 'KP_Insert']
10:07:20.737858 - PRESENTATION MANAGER: Interrupting presentation
10:07:20.737885 - SPEECH MANAGER: interrupt_speech. Script: None Event: None notify_user: False
10:07:20.738131 - SPEECH MANAGER: Speech server is <orca.speechdispatcherfactory.SpeechServer object at 0x7a29e89e96a0>
10:07:20.741123 - BRAILLE: Kill flash message input_event._present:603 > presentation_manager.interrupt_presentation:88 > braille_presenter.kill_flash:1829 > braille.kill_flash:2182
10:07:20.741480 - TYPING ECHO PRESENTER: should_echo_keyboard_event: 'left'?
10:07:20.741512 - GSETTINGS SCHEMA HANDLE: keybindings/keyboard-layout not set [app:accessibility_probe, profile:default]
10:07:20.741519 - GSETTINGS REGISTRY: keybindings/keyboard-layout using default value = 'desktop'
10:07:20.741531 - GSETTINGS SCHEMA HANDLE: keybindings/desktop-modifier-keys not set [app:accessibility_probe, profile:default]
10:07:20.741536 - GSETTINGS REGISTRY: keybindings/desktop-modifier-keys using default value = ['Insert', 'KP_Insert']
10:07:20.741544 - TYPING ECHO PRESENTER: Not echoing keyboard event: modifier.
10:07:20.741558 - TOTAL PROCESSING TIME: 0.0038
^^^^^ PROCESS ATSPI_KEY_PRESSED_EVENT: 'Left' (113) ^^^^^

10:07:20.741581 - GSETTINGS SCHEMA HANDLE: keybindings/keyboard-layout not set [app:accessibility_probe, profile:default]
10:07:20.741585 - GSETTINGS REGISTRY: keybindings/keyboard-layout using default value = 'desktop'
10:07:20.741594 - GSETTINGS SCHEMA HANDLE: keybindings/desktop-modifier-keys not set [app:accessibility_probe, profile:default]
10:07:20.741598 - GSETTINGS REGISTRY: keybindings/desktop-modifier-keys using default value = ['Insert', 'KP_Insert']
10:07:20.741648 - GSETTINGS SCHEMA HANDLE: keybindings/keyboard-layout not set [app:accessibility_probe, profile:default]
10:07:20.741652 - GSETTINGS REGISTRY: keybindings/keyboard-layout using default value = 'desktop'
10:07:20.741661 - GSETTINGS SCHEMA HANDLE: keybindings/desktop-modifier-keys not set [app:accessibility_probe, profile:default]
10:07:20.741665 - GSETTINGS REGISTRY: keybindings/desktop-modifier-keys using default value = ['Insert', 'KP_Insert']
10:07:20.742077 - GSETTINGS SCHEMA HANDLE: keybindings/keyboard-layout not set [app:accessibility_probe, profile:default]
10:07:20.742085 - GSETTINGS REGISTRY: keybindings/keyboard-layout using default value = 'desktop'
10:07:20.742096 - GSETTINGS SCHEMA HANDLE: keybindings/desktop-modifier-keys not set [app:accessibility_probe, profile:default]
10:07:20.742101 - GSETTINGS REGISTRY: keybindings/desktop-modifier-keys using default value = ['Insert', 'KP_Insert']

KEYBOARD_EVENT:  type=ATSPI_KEY_RELEASED_EVENT
                 id=65361
                 hw_code=113
                 modifiers=4356
                 text=''
                 keyval_name='Left'
                 timestamp=1789049240.7416368
                 clickCount=1

vvvvv PROCESS ATSPI_KEY_RELEASED_EVENT: 'Left' (113) vvvvv
10:07:20.742136 - SCRIPT: accessibility_probe (module=orca.scripts.default)
10:07:20.742152 - WINDOW: [frame: 'Reactive TUI App accessibility round 1' (0x7a29e814f500)] 
10:07:20.742164 - LOCATION: [button: 'Advance download' (0x7a29e8a6ad40)] 
10:07:20.742184 - COMMAND: object_navigator_previous
10:07:20.742200 - GSETTINGS SCHEMA HANDLE: keybindings/keyboard-layout not set [app:accessibility_probe, profile:default]
10:07:20.742208 - GSETTINGS REGISTRY: keybindings/keyboard-layout using default value = 'desktop'
10:07:20.742218 - GSETTINGS SCHEMA HANDLE: keybindings/desktop-modifier-keys not set [app:accessibility_probe, profile:default]
10:07:20.742222 - GSETTINGS REGISTRY: keybindings/desktop-modifier-keys using default value = ['Insert', 'KP_Insert']
10:07:20.742234 - TOTAL PROCESSING TIME: 0.0001
^^^^^ PROCESS ATSPI_KEY_RELEASED_EVENT: 'Left' (113) ^^^^^

10:07:20.742258 - GSETTINGS SCHEMA HANDLE: keybindings/keyboard-layout not set [app:accessibility_probe, profile:default]
10:07:20.742261 - GSETTINGS REGISTRY: keybindings/keyboard-layout using default value = 'desktop'
10:07:20.742270 - GSETTINGS SCHEMA HANDLE: keybindings/desktop-modifier-keys not set [app:accessibility_probe, profile:default]
10:07:20.742274 - GSETTINGS REGISTRY: keybindings/desktop-modifier-keys using default value = ['Insert', 'KP_Insert']
10:07:20.742365 - GSETTINGS SCHEMA HANDLE: keybindings/keyboard-layout not set [app:accessibility_probe, profile:default]
10:07:20.742369 - GSETTINGS REGISTRY: keybindings/keyboard-layout using default value = 'desktop'
10:07:20.742379 - GSETTINGS SCHEMA HANDLE: keybindings/desktop-modifier-keys not set [app:accessibility_probe, profile:default]
10:07:20.742382 - GSETTINGS REGISTRY: keybindings/desktop-modifier-keys using default value = ['Insert', 'KP_Insert']
10:07:20.742387 - ORCA MODIFIER MANAGER: Setting pressed state to False
10:07:20.742788 - GSETTINGS SCHEMA HANDLE: keybindings/keyboard-layout not set [app:accessibility_probe, profile:default]
10:07:20.742794 - GSETTINGS REGISTRY: keybindings/keyboard-layout using default value = 'desktop'
10:07:20.742805 - GSETTINGS SCHEMA HANDLE: keybindings/desktop-modifier-keys not set [app:accessibility_probe, profile:default]
10:07:20.742808 - GSETTINGS REGISTRY: keybindings/desktop-modifier-keys using default value = ['Insert', 'KP_Insert']

KEYBOARD_EVENT:  type=ATSPI_KEY_RELEASED_EVENT
                 id=65379
                 hw_code=118
                 modifiers=4
                 text=''
                 keyval_name='Insert'
                 timestamp=1789049240.7423546
                 clickCount=1

vvvvv PROCESS ATSPI_KEY_RELEASED_EVENT: 'Insert' (118) vvvvv
10:07:20.742838 - SCRIPT: accessibility_probe (module=orca.scripts.default)
10:07:20.742852 - WINDOW: [frame: 'Reactive TUI App accessibility round 1' (0x7a29e814f500)] 
10:07:20.742865 - LOCATION: [button: 'Advance download' (0x7a29e8a6ad40)] 
10:07:20.742881 - GSETTINGS SCHEMA HANDLE: keybindings/keyboard-layout not set [app:accessibility_probe, profile:default]
10:07:20.742885 - GSETTINGS REGISTRY: keybindings/keyboard-layout using default value = 'desktop'
10:07:20.742896 - GSETTINGS SCHEMA HANDLE: keybindings/desktop-modifier-keys not set [app:accessibility_probe, profile:default]
10:07:20.742900 - GSETTINGS REGISTRY: keybindings/desktop-modifier-keys using default value = ['Insert', 'KP_Insert']
10:07:20.742910 - TOTAL PROCESSING TIME: 0.0001
^^^^^ PROCESS ATSPI_KEY_RELEASED_EVENT: 'Insert' (118) ^^^^^

10:07:20.742930 - GSETTINGS SCHEMA HANDLE: keybindings/keyboard-layout not set [app:accessibility_probe, profile:default]
10:07:20.742934 - GSETTINGS REGISTRY: keybindings/keyboard-layout using default value = 'desktop'
10:07:20.742944 - GSETTINGS SCHEMA HANDLE: keybindings/desktop-modifier-keys not set [app:accessibility_probe, profile:default]
10:07:20.742948 - GSETTINGS REGISTRY: keybindings/desktop-modifier-keys using default value = ['Insert', 'KP_Insert']
10:07:20.743271 - GSETTINGS SCHEMA HANDLE: keybindings/keyboard-layout not set [app:accessibility_probe, profile:default]
10:07:20.743278 - GSETTINGS REGISTRY: keybindings/keyboard-layout using default value = 'desktop'
10:07:20.743288 - GSETTINGS SCHEMA HANDLE: keybindings/desktop-modifier-keys not set [app:accessibility_probe, profile:default]
10:07:20.743292 - GSETTINGS REGISTRY: keybindings/desktop-modifier-keys using default value = ['Insert', 'KP_Insert']

KEYBOARD_EVENT:  type=ATSPI_KEY_RELEASED_EVENT
                 id=65507
                 hw_code=37
                 modifiers=4
                 text=''
                 keyval_name='Control_L'
                 timestamp=1789049240.7432594
                 clickCount=1

vvvvv PROCESS ATSPI_KEY_RELEASED_EVENT: 'Control_L' (37) vvvvv
10:07:20.743714 - SCRIPT: accessibility_probe (module=orca.scripts.default)
10:07:20.743730 - WINDOW: [frame: 'Reactive TUI App accessibility round 1' (0x7a29e814f500)] 
10:07:20.743743 - LOCATION: [button: 'Advance download' (0x7a29e8a6ad40)] 
10:07:20.743765 - GSETTINGS SCHEMA HANDLE: keybindings/keyboard-layout not set [app:accessibility_probe, profile:default]
10:07:20.743769 - GSETTINGS REGISTRY: keybindings/keyboard-layout using default value = 'desktop'
10:07:20.743780 - GSETTINGS SCHEMA HANDLE: keybindings/desktop-modifier-keys not set [app:accessibility_probe, profile:default]
10:07:20.743784 - GSETTINGS REGISTRY: keybindings/desktop-modifier-keys using default value = ['Insert', 'KP_Insert']
10:07:20.743794 - TOTAL PROCESSING TIME: 0.0001
^^^^^ PROCESS ATSPI_KEY_RELEASED_EVENT: 'Control_L' (37) ^^^^^


vvvvv HANDLE ATSPI_KEY_PRESSED_EVENT: 'Left' (113) vvvvv
10:07:20.743872 - OBJECT NAVIGATOR: move_to_previous_sibling. Script: accessibility_probe (module=orca.scripts.default) Event: KEYBOARD_EVENT:  type=ATSPI_KEY_PRESSED_EVENT
                                   id=65361
                                   hw_code=113
                                   modifiers=4356
                                   text=''
                                   keyval_name='Left'
                                   timestamp=1789049240.7355933
                                   clickCount=1 notify_user: True
10:07:20.743895 - FOCUS MANAGER: Active mode: object-navigator Object of interest: [button: 'Advance download' (0x7a29e8a6ad40)] 
10:07:20.743921 - OBJECT NAVIGATOR: Not excluding [frame: 'Reactive TUI App accessibility round 1' (0x7a29e814f500)] 
10:07:20.745672 - OBJECT NAVIGATOR: Not excluding [progress bar: 'Download progress' (0x7a29d2f91740)] 
10:07:20.745691 - OBJECT NAVIGATOR: Not excluding [button: 'Advance download' (0x7a29e8a6ad40)] 
10:07:20.745707 - OBJECT NAVIGATOR: Not excluding [progress bar: 'Waiting for download' (0x7a29d2fd5880)] 
10:07:20.745721 - OBJECT NAVIGATOR: Not excluding [progress bar: 'Invalid download' (0x7a29d2fd5940)] 
10:07:20.745735 - OBJECT NAVIGATOR: Not excluding [progress bar: 'Completed download' (0x7a29d2fd59c0)] 
10:07:20.745750 - OBJECT NAVIGATOR: Presenting [progress bar: 'Download progress' (0x7a29d2f91740)] 
10:07:20.745787 - FOCUS MANAGER: Region of interest: [progress bar: 'Download progress' (0x7a29d2f91740)]  (0, 0)
10:07:20.745815 - FOCUS MANAGER: Switching object of interest from [button: 'Advance download' (0x7a29e8a6ad40)]  to [progress bar: 'Download progress' (0x7a29d2f91740)] 
10:07:20.745836 - DEFAULT: Presenting object [progress bar: 'Download progress' (0x7a29d2f91740)] . Interrupt: False
10:07:20.745862 - FOCUS MANAGER: Active mode: object-navigator Object of interest: [progress bar: 'Download progress' (0x7a29d2f91740)] 
10:07:20.745880 - GSETTINGS SCHEMA HANDLE: speech/enable not set [app:accessibility_probe, profile:default]
10:07:20.745885 - GSETTINGS REGISTRY: speech/enable using default value = True
10:07:20.745899 - GSETTINGS SCHEMA HANDLE: speech/verbosity-level not set [app:accessibility_probe, profile:default]
10:07:20.745903 - GSETTINGS REGISTRY: speech/verbosity-level using default value = 'verbose'
10:07:20.745916 - FOCUS MANAGER: Locus of focus is [button: 'Advance download' (0x7a29e8a6ad40)] 
10:07:20.745930 - SCRIPT MANAGER: Active script is: accessibility_probe (module=orca.scripts.default)
10:07:20.745944 - GSETTINGS SCHEMA HANDLE: speech/only-speak-displayed-text not set [app:accessibility_probe, profile:default]
10:07:20.745949 - GSETTINGS REGISTRY: speech/only-speak-displayed-text using default value = False
10:07:20.745960 - GSETTINGS SCHEMA HANDLE: speech/speak-description not set [app:accessibility_probe, profile:default]
10:07:20.745963 - GSETTINGS REGISTRY: speech/speak-description using default value = True
10:07:20.745973 - GSETTINGS SCHEMA HANDLE: speech/speak-tutorial-messages not set [app:accessibility_probe, profile:default]
10:07:20.745980 - GSETTINGS REGISTRY: speech/speak-tutorial-messages using default value = True
10:07:20.745990 - GSETTINGS SCHEMA HANDLE: speech/speak-position-in-set not set [app:accessibility_probe, profile:default]
10:07:20.745993 - GSETTINGS REGISTRY: speech/speak-position-in-set using default value = False
10:07:20.746005 - GSETTINGS SCHEMA HANDLE: speech/speak-widget-mnemonic not set [app:accessibility_probe, profile:default]
10:07:20.746009 - GSETTINGS REGISTRY: speech/speak-widget-mnemonic using default value = True
10:07:20.746018 - GSETTINGS SCHEMA HANDLE: speech/speak-blank-lines not set [app:accessibility_probe, profile:default]
10:07:20.746021 - GSETTINGS REGISTRY: speech/speak-blank-lines using default value = True
10:07:20.746030 - GSETTINGS SCHEMA HANDLE: speech/speak-indentation-and-justification not set [app:accessibility_probe, profile:default]
10:07:20.746034 - GSETTINGS REGISTRY: speech/speak-indentation-and-justification using default value = False
10:07:20.746043 - GSETTINGS SCHEMA HANDLE: speech/announce-cell-headers not set [app:accessibility_probe, profile:default]
10:07:20.746046 - GSETTINGS REGISTRY: speech/announce-cell-headers using default value = True
10:07:20.746056 - GSETTINGS SCHEMA HANDLE: speech/announce-cell-coordinates not set [app:accessibility_probe, profile:default]
10:07:20.746059 - GSETTINGS REGISTRY: speech/announce-cell-coordinates using default value = True
10:07:20.746069 - GSETTINGS SCHEMA HANDLE: speech/announce-spreadsheet-cell-coordinates not set [app:accessibility_probe, profile:default]
10:07:20.746072 - GSETTINGS REGISTRY: speech/announce-spreadsheet-cell-coordinates using default value = True
10:07:20.746081 - GSETTINGS SCHEMA HANDLE: speech/announce-blockquote not set [app:accessibility_probe, profile:default]
10:07:20.746085 - GSETTINGS REGISTRY: speech/announce-blockquote using default value = True
10:07:20.746094 - GSETTINGS SCHEMA HANDLE: speech/announce-form not set [app:accessibility_probe, profile:default]
10:07:20.746097 - GSETTINGS REGISTRY: speech/announce-form using default value = True
10:07:20.746106 - GSETTINGS SCHEMA HANDLE: speech/announce-landmark not set [app:accessibility_probe, profile:default]
10:07:20.746109 - GSETTINGS REGISTRY: speech/announce-landmark using default value = True
10:07:20.746118 - GSETTINGS SCHEMA HANDLE: speech/announce-list not set [app:accessibility_probe, profile:default]
10:07:20.746121 - GSETTINGS REGISTRY: speech/announce-list using default value = True
10:07:20.746130 - GSETTINGS SCHEMA HANDLE: speech/announce-grouping not set [app:accessibility_probe, profile:default]
10:07:20.746134 - GSETTINGS REGISTRY: speech/announce-grouping using default value = True
10:07:20.746142 - GSETTINGS SCHEMA HANDLE: speech/announce-table not set [app:accessibility_probe, profile:default]
10:07:20.746146 - GSETTINGS REGISTRY: speech/announce-table using default value = True
10:07:20.747201 - GENERATOR: _get_functional_role: progress-bar
10:07:20.747268 - SPEECH GENERATOR: speech_generator.SpeechGenerator._generate_progress_bar for [progress bar: 'Download progress' (0x7a29d2f91740)]  args: {'formatType': 'unfocused', 'priorObj': "[button: 'Advance download' (0x7a29e8a6ad40)] ", 'role': 'progress-bar'}
10:07:20.747287 - SPEECH GENERATOR: _generate_progress_bar_index: []
10:07:20.747332 - AXUtilitiesRelation: [progress bar: 'Download progress' (0x7a29d2f91740)]  is labelled by: []
10:07:20.747345 - GENERATOR: _generate_accessible_label: []
10:07:20.747357 - SPEECH GENERATOR: _generate_accessible_label: []
10:07:20.747379 - GENERATOR: _generate_accessible_name: [Download progress]
10:07:20.747399 - GSETTINGS SCHEMA HANDLE: voice/established not set [app:accessibility_probe, profile:default]
10:07:20.747412 - GSETTINGS SCHEMA HANDLE: voice/rate not set [app:accessibility_probe, profile:default]
10:07:20.747422 - GSETTINGS SCHEMA HANDLE: voice/pitch not set [app:accessibility_probe, profile:default]
10:07:20.747432 - GSETTINGS SCHEMA HANDLE: voice/volume not set [app:accessibility_probe, profile:default]
10:07:20.747443 - GSETTINGS SCHEMA HANDLE: voice/family-name not set [app:accessibility_probe, profile:default]
10:07:20.747453 - GSETTINGS SCHEMA HANDLE: voice/family-lang not set [app:accessibility_probe, profile:default]
10:07:20.747462 - GSETTINGS SCHEMA HANDLE: voice/family-dialect not set [app:accessibility_probe, profile:default]
10:07:20.747474 - GSETTINGS SCHEMA HANDLE: voice/family-gender not set [app:accessibility_probe, profile:default]
10:07:20.747483 - GSETTINGS SCHEMA HANDLE: voice/family-variant not set [app:accessibility_probe, profile:default]
10:07:20.747508 - SPEECH GENERATOR: default voice requested for [progress bar: 'Download progress' (0x7a29d2f91740)]  language='', dialect='' Unmodified voice={'established': False}
10:07:20.747531 - SPEECH GENERATOR: Reported locale of [progress bar: 'Download progress' (0x7a29d2f91740)]  is 
10:07:20.747544 - SPEECH GENERATOR: Updated to: 'C', ''
10:07:20.747560 - GSETTINGS SCHEMA HANDLE: speech/auto-language-switching not set [app:accessibility_probe, profile:default]
10:07:20.747564 - GSETTINGS REGISTRY: speech/auto-language-switching using default value = True
10:07:20.747572 - SPEECH DISPATCHER: Returning cached result for language='C' dialect='' variant='None'
10:07:20.747604 - SPEECH GENERATOR: Family updated to {'dialect': '', 'lang': 'C', 'name': ''}
10:07:20.747646 - SPEECH GENERATOR: Final voice is {'established': 'False', 'family': "{'dialect': '', 'lang': 'C', 'name': ''}"}
10:07:20.747692 - SPEECH GENERATOR: _generate_accessible_name: [Download progress, {'established': 'False', 'family': "{'dialect': '', 'lang': 'C', 'name': ''}"}]
10:07:20.747741 - GENERATOR: _generate_accessible_label_and_name: [Download progress, {'established': 'False', 'family': "{'dialect': '', 'lang': 'C', 'name': ''}"}]
10:07:20.747761 - SPEECH PRESENTER: Adjusting 'Download progress' from [progress bar: 'Download progress' (0x7a29d2f91740)]  start_offset: None
10:07:20.747940 - GSETTINGS SCHEMA HANDLE: speech/speak-numbers-as-digits not set [app:accessibility_probe, profile:default]
10:07:20.747945 - GSETTINGS REGISTRY: speech/speak-numbers-as-digits using default value = False
10:07:20.747968 - GSETTINGS SCHEMA HANDLE: speech/repeated-character-limit not set [app:accessibility_probe, profile:default]
10:07:20.747973 - GSETTINGS REGISTRY: speech/repeated-character-limit using default value = 4
10:07:20.749475 - GSETTINGS SCHEMA HANDLE: speech/use-pronunciation-dictionary not set [app:accessibility_probe, profile:default]
10:07:20.749496 - GSETTINGS REGISTRY: speech/use-pronunciation-dictionary using default value = True
10:07:20.749509 - SPEECH PRESENTER: Adjusted text: 'Download progress'
10:07:20.749575 - SPEECH GENERATOR: _generate_accessible_label_and_name: [Download progress, {'established': 'False', 'family': "{'dialect': '', 'lang': 'C', 'name': ''}"}]
10:07:20.749779 - AXValue: Current value of [progress bar: 'Download progress' (0x7a29d2f91740)]  is 150.0
10:07:20.749956 - AXValue: Minimum value of [progress bar: 'Download progress' (0x7a29d2f91740)]  is 0.0
10:07:20.750135 - AXValue: Maximum value of [progress bar: 'Download progress' (0x7a29d2f91740)]  is 200.0
10:07:20.750154 - AXValue: Current value of [progress bar: 'Download progress' (0x7a29d2f91740)]  as percent is is 75
10:07:20.750218 - GSETTINGS SCHEMA HANDLE: voice/established not set [app:accessibility_probe, profile:default]
10:07:20.750234 - GSETTINGS SCHEMA HANDLE: voice/rate not set [app:accessibility_probe, profile:default]
10:07:20.750245 - GSETTINGS SCHEMA HANDLE: voice/pitch not set [app:accessibility_probe, profile:default]
10:07:20.750255 - GSETTINGS SCHEMA HANDLE: voice/volume not set [app:accessibility_probe, profile:default]
10:07:20.750267 - GSETTINGS SCHEMA HANDLE: voice/family-name not set [app:accessibility_probe, profile:default]
10:07:20.750277 - GSETTINGS SCHEMA HANDLE: voice/family-lang not set [app:accessibility_probe, profile:default]
10:07:20.750286 - GSETTINGS SCHEMA HANDLE: voice/family-dialect not set [app:accessibility_probe, profile:default]
10:07:20.750295 - GSETTINGS SCHEMA HANDLE: voice/family-gender not set [app:accessibility_probe, profile:default]
10:07:20.750304 - GSETTINGS SCHEMA HANDLE: voice/family-variant not set [app:accessibility_probe, profile:default]
10:07:20.750332 - SPEECH GENERATOR: system voice requested for [progress bar: 'Download progress' (0x7a29d2f91740)]  language='', dialect='' Unmodified voice={'established': False}
10:07:20.750359 - SPEECH GENERATOR: Reported locale of [progress bar: 'Download progress' (0x7a29d2f91740)]  is 
10:07:20.750368 - SPEECH GENERATOR: Updated to: 'C', ''
10:07:20.750383 - GSETTINGS SCHEMA HANDLE: voice/established not set [app:accessibility_probe, profile:default]
10:07:20.750394 - GSETTINGS SCHEMA HANDLE: voice/rate not set [app:accessibility_probe, profile:default]
10:07:20.750404 - GSETTINGS SCHEMA HANDLE: voice/pitch not set [app:accessibility_probe, profile:default]
10:07:20.750413 - GSETTINGS SCHEMA HANDLE: voice/volume not set [app:accessibility_probe, profile:default]
10:07:20.750423 - GSETTINGS SCHEMA HANDLE: voice/family-name not set [app:accessibility_probe, profile:default]
10:07:20.750433 - GSETTINGS SCHEMA HANDLE: voice/family-lang not set [app:accessibility_probe, profile:default]
10:07:20.750442 - GSETTINGS SCHEMA HANDLE: voice/family-dialect not set [app:accessibility_probe, profile:default]
10:07:20.750451 - GSETTINGS SCHEMA HANDLE: voice/family-gender not set [app:accessibility_probe, profile:default]
10:07:20.750460 - GSETTINGS SCHEMA HANDLE: voice/family-variant not set [app:accessibility_probe, profile:default]
10:07:20.750496 - SPEECH GENERATOR: Final voice is {'established': 'False', 'family': '{}'}
10:07:20.750532 - SPEECH GENERATOR: _generate_progress_bar_value: [75 percent., {'established': 'False', 'family': '{}'}]
10:07:20.750562 - GENERATOR: _generate_state_current: []
10:07:20.750575 - SPEECH GENERATOR: _generate_state_current: []
10:07:20.750588 - SPEECH GENERATOR: _generate_has_click_action: []
10:07:20.750601 - SPEECH GENERATOR: _generate_has_details: []
10:07:20.750613 - SPEECH GENERATOR: _generate_details_for: []
10:07:20.750636 - GENERATOR: _generate_accessible_description: []
10:07:20.750650 - SPEECH GENERATOR: _generate_accessible_description: []
10:07:20.750671 - SPEECH GENERATOR: _generate_state_has_popup: []
10:07:20.751191 - SPEECH GENERATOR: _generate_tutorial: []
10:07:20.751269 - SPEECH GENERATOR: Results: [Download progress, {'established': 'False', 'family': "{'dialect': '', 'lang': 'C', 'name': ''}"}, 75 percent., {'established': 'False', 'family': '{}'}]
10:07:20.751346 - SPEECH: Speak [Download progress, {'established': 'False', 'family': "{'dialect': '', 'lang': 'C', 'name': ''}"}, 75 percent., {'established': 'False', 'family': '{}'}], acss: None
10:07:20.751407 - SPEECH: New voice {'established': 'False'}  != active voice {'established': 'False', 'family': "{'dialect': '', 'lang': 'C', 'name': ''}"}
10:07:20.751417 - SPEECH OUTPUT: 'Download progress' {'established': False, 'family': {'name': '', 'gender': None, 'lang': 'C', 'dialect': '', 'variant': None}}
10:07:20.751422 - SPEECH DISPATCHER: Speaking 'Download progress' as string
10:07:20.751592 - SPEECH DISPATCHER: Speaking '<speak><mark name="0:8"/>Download <mark name="9:17"/>progress</speak>' 
                  ORCA rate 50.0, pitch 5.0, volume 10.0, language C, punctuation: MOST
                  SD rate 2, pitch 10, volume 100, language c
10:07:20.751640 - SPEECH OUTPUT: '75 percent.' {'established': False}
10:07:20.751645 - SPEECH DISPATCHER: Speaking '75 percent.' as string
10:07:20.751769 - SPEECH DISPATCHER: Speaking '<speak><mark name="0:2"/>75 <mark name="3:11"/>percent.</speak>' 
                  ORCA rate 50.0, pitch 5.0, volume 10.0, language C, punctuation: MOST
                  SD rate 2, pitch 10, volume 100, language c
10:07:20.751842 - GSETTINGS SCHEMA HANDLE: braille/enabled not set [app:accessibility_probe, profile:default]
10:07:20.751851 - GSETTINGS REGISTRY: braille/enabled using default value = True
10:07:20.751894 - FOCUS MANAGER: Active mode: object-navigator Object of interest: [progress bar: 'Download progress' (0x7a29d2f91740)] 
10:07:20.751915 - GSETTINGS SCHEMA HANDLE: braille/enabled not set [app:accessibility_probe, profile:default]
10:07:20.751921 - GSETTINGS REGISTRY: braille/enabled using default value = True
10:07:20.751957 - GSETTINGS SCHEMA HANDLE: braille/verbosity-level not set [app:accessibility_probe, profile:default]
10:07:20.751969 - GSETTINGS REGISTRY: braille/verbosity-level using default value = 'verbose'
10:07:20.751997 - FOCUS MANAGER: Locus of focus is [button: 'Advance download' (0x7a29e8a6ad40)] 
10:07:20.752025 - SCRIPT MANAGER: Active script is: accessibility_probe (module=orca.scripts.default)
10:07:20.752052 - GSETTINGS SCHEMA HANDLE: braille/rolename-style not set [app:accessibility_probe, profile:default]
10:07:20.752059 - GSETTINGS REGISTRY: braille/rolename-style using default value = 'verbose'
10:07:20.752079 - GSETTINGS SCHEMA HANDLE: braille/display-ancestors not set [app:accessibility_probe, profile:default]
10:07:20.752086 - GSETTINGS REGISTRY: braille/display-ancestors using default value = True
10:07:20.752103 - GSETTINGS SCHEMA HANDLE: braille/end-of-line-indicator not set [app:accessibility_probe, profile:default]
10:07:20.752109 - GSETTINGS REGISTRY: braille/end-of-line-indicator using default value = True
10:07:20.752123 - GSETTINGS SCHEMA HANDLE: braille/present-mnemonics not set [app:accessibility_probe, profile:default]
10:07:20.752129 - GSETTINGS REGISTRY: braille/present-mnemonics using default value = True
10:07:20.753772 - GENERATOR: _get_functional_role: progress-bar
10:07:20.753850 - BRAILLE GENERATOR: braille_generator.BrailleGenerator._generate_progress_bar for [progress bar: 'Download progress' (0x7a29d2f91740)]  args: {'formatType': 'unfocused', 'priorObj': "[button: 'Advance download' (0x7a29e8a6ad40)] ", 'role': 'progress-bar'}
10:07:20.753868 - BRAILLE GENERATOR: Results: []
10:07:20.753893 - BRAILLE GENERATOR: Could not determine focused region for [progress bar: 'Download progress' (0x7a29d2f91740)]  Candidates: []
10:07:20.753904 - TOTAL PROCESSING TIME: 0.0101
^^^^^ HANDLE ATSPI_KEY_PRESSED_EVENT: 'Left' (113) ^^^^^

10:07:20.753967 - FALLBACK: Contents changed. (<Gtk.Clipboard object at 0x7a29d2f6d300 (GtkClipboard at 0x21515c60)>, <Gdk.EventOwnerChange object at 0x7a29d2d601a0 (void at 0x21564280)>) {}
10:07:20.754109 - EVENT MANAGER: Dequeueing object:text-caret-moved for [terminal: 'Terminal' (0x7a29d2f908c0)]  in org.gnome.Terminal (gtk 3.24.52) (3231, 0, 0)
10:07:20.754148 - EVENT MANAGER: Dequeued object:text-caret-moved for [terminal: 'Terminal' (0x7a29d2f908c0)]  in org.gnome.Terminal (gtk 3.24.52) (3231, 0, 0) priority: 4, counter: 52

vvvvv START PRIORITY-4 OBJECT EVENT OBJECT:TEXT-CARET-MOVED (queue size: 22) vvvvv
10:07:20.754365 - EVENT MANAGER: object:text-caret-moved for [terminal: 'Terminal' (0x7a29d2f908c0)]  in org.gnome.Terminal (gtk 3.24.52) (3231, 0, 0) obsoleted by object:text-caret-moved for [terminal: 'Terminal' (0x7a29d2f908c0)]  in org.gnome.Terminal (gtk 3.24.52) (203, 0, 0) more recent event of same type for same object
TOTAL PROCESSING TIME: 0.0002
^^^^^ FINISHED PRIORITY-4 OBJECT EVENT OBJECT:TEXT-CARET-MOVED ^^^^^


10:07:20.754416 - EVENT MANAGER: object:state-changed:sensitive for [menu item: 'Paste' (0x7a29d2d68240)]  in org.gnome.Terminal (gtk 3.24.52) (1, 0, 0)
10:07:20.754431 - FOCUS MANAGER: Locus of focus is [button: 'Advance download' (0x7a29e8a6ad40)] 
10:07:20.754482 - EVENT_MANAGER: Ignoring object:state-changed:sensitive due to multiple instances in short time
10:07:20.754569 - GSETTINGS SCHEMA HANDLE: keybindings/keyboard-layout not set [app:accessibility_probe, profile:default]
10:07:20.754576 - GSETTINGS REGISTRY: keybindings/keyboard-layout using default value = 'desktop'
10:07:20.754590 - GSETTINGS SCHEMA HANDLE: keybindings/desktop-modifier-keys not set [app:accessibility_probe, profile:default]
10:07:20.754594 - GSETTINGS REGISTRY: keybindings/desktop-modifier-keys using default value = ['Insert', 'KP_Insert']
10:07:20.754611 - FOCUS MANAGER: Active window is [frame: 'Reactive TUI App accessibility round 1' (0x7a29e814f500)]  clipboard._get_contents:140 > input_event_manager._on_key_pressed:261 > input_event_manager.process_keyboard_event:297 > focus_manager.get_active_window:342
10:07:20.754891 - AXObject: Clearing AT-SPI cache on [frame: 'Reactive TUI App accessibility round 1' (0x7a29e814f500)]  Recursive: False.  Reason: Checking if window can be the active window
10:07:20.757362 - AXUtilities: [frame: 'Reactive TUI App accessibility round 1' (0x7a29e814f500)]  from [application: 'accessibility_probe' (0x7a29e8147200)]  can be active window
10:07:20.757588 - FOCUS MANAGER: Locus of focus is [button: 'Advance download' (0x7a29e8a6ad40)] 
10:07:20.757750 - SCRIPT MANAGER: Active script is: accessibility_probe (module=orca.scripts.default)
10:07:20.757935 - GSETTINGS SCHEMA HANDLE: keybindings/keyboard-layout not set [app:accessibility_probe, profile:default]
10:07:20.757944 - GSETTINGS REGISTRY: keybindings/keyboard-layout using default value = 'desktop'
10:07:20.757957 - GSETTINGS SCHEMA HANDLE: keybindings/desktop-modifier-keys not set [app:accessibility_probe, profile:default]
10:07:20.757962 - GSETTINGS REGISTRY: keybindings/desktop-modifier-keys using default value = ['Insert', 'KP_Insert']

KEYBOARD_EVENT:  type=ATSPI_KEY_PRESSED_EVENT
                 id=65478
                 hw_code=75
                 modifiers=0
                 text=''
                 keyval_name='F9'
                 timestamp=1789049240.75454
                 clickCount=1

vvvvv PROCESS ATSPI_KEY_PRESSED_EVENT: 'F9' (75) vvvvv
10:07:20.758017 - SCRIPT: accessibility_probe (module=orca.scripts.default)
10:07:20.758032 - WINDOW: [frame: 'Reactive TUI App accessibility round 1' (0x7a29e814f500)] 
10:07:20.758044 - LOCATION: [button: 'Advance download' (0x7a29e8a6ad40)] 
10:07:20.758072 - GSETTINGS SCHEMA HANDLE: keybindings/keyboard-layout not set [app:accessibility_probe, profile:default]
10:07:20.758077 - GSETTINGS REGISTRY: keybindings/keyboard-layout using default value = 'desktop'
10:07:20.758087 - GSETTINGS SCHEMA HANDLE: keybindings/desktop-modifier-keys not set [app:accessibility_probe, profile:default]
10:07:20.758092 - GSETTINGS REGISTRY: keybindings/desktop-modifier-keys using default value = ['Insert', 'KP_Insert']
10:07:20.758099 - PRESENTATION MANAGER: Interrupting presentation
10:07:20.758130 - SPEECH MANAGER: interrupt_speech. Script: None Event: None notify_user: False
10:07:20.758471 - SPEECH MANAGER: Speech server is <orca.speechdispatcherfactory.SpeechServer object at 0x7a29e89e96a0>
10:07:20.762347 - BRAILLE: Kill flash message input_event._present:603 > presentation_manager.interrupt_presentation:88 > braille_presenter.kill_flash:1829 > braille.kill_flash:2182
10:07:20.762781 - TYPING ECHO PRESENTER: should_echo_keyboard_event: 'F9'?
10:07:20.762821 - GSETTINGS SCHEMA HANDLE: keybindings/keyboard-layout not set [app:accessibility_probe, profile:default]
10:07:20.762828 - GSETTINGS REGISTRY: keybindings/keyboard-layout using default value = 'desktop'
10:07:20.762840 - GSETTINGS SCHEMA HANDLE: keybindings/desktop-modifier-keys not set [app:accessibility_probe, profile:default]
10:07:20.762846 - GSETTINGS REGISTRY: keybindings/desktop-modifier-keys using default value = ['Insert', 'KP_Insert']
10:07:20.762864 - GSETTINGS SCHEMA HANDLE: typing-echo/character-echo not set [app:accessibility_probe, profile:default]
10:07:20.762868 - GSETTINGS REGISTRY: typing-echo/character-echo using default value = False
10:07:20.762880 - GSETTINGS SCHEMA HANDLE: keybindings/keyboard-layout not set [app:accessibility_probe, profile:default]
10:07:20.762884 - GSETTINGS REGISTRY: keybindings/keyboard-layout using default value = 'desktop'
10:07:20.762894 - GSETTINGS SCHEMA HANDLE: keybindings/desktop-modifier-keys not set [app:accessibility_probe, profile:default]
10:07:20.762897 - GSETTINGS REGISTRY: keybindings/desktop-modifier-keys using default value = ['Insert', 'KP_Insert']
10:07:20.762913 - GSETTINGS SCHEMA HANDLE: typing-echo/key-echo not set [app:accessibility_probe, profile:default]
10:07:20.762917 - GSETTINGS REGISTRY: typing-echo/key-echo using default value = True
10:07:20.762949 - GSETTINGS SCHEMA HANDLE: keybindings/keyboard-layout not set [app:accessibility_probe, profile:default]
10:07:20.762954 - GSETTINGS REGISTRY: keybindings/keyboard-layout using default value = 'desktop'
10:07:20.762963 - GSETTINGS SCHEMA HANDLE: keybindings/desktop-modifier-keys not set [app:accessibility_probe, profile:default]
10:07:20.762971 - GSETTINGS REGISTRY: keybindings/desktop-modifier-keys using default value = ['Insert', 'KP_Insert']
10:07:20.763019 - GSETTINGS SCHEMA HANDLE: typing-echo/function-keys not set [app:accessibility_probe, profile:default]
10:07:20.763024 - GSETTINGS REGISTRY: typing-echo/function-keys using default value = True
10:07:20.763029 - TYPING ECHO PRESENTER: Echoing function keyboard event: True.
10:07:20.763050 - GSETTINGS SCHEMA HANDLE: keybindings/keyboard-layout not set [app:accessibility_probe, profile:default]
10:07:20.763054 - GSETTINGS REGISTRY: keybindings/keyboard-layout using default value = 'desktop'
10:07:20.763063 - GSETTINGS SCHEMA HANDLE: keybindings/desktop-modifier-keys not set [app:accessibility_probe, profile:default]
10:07:20.763067 - GSETTINGS REGISTRY: keybindings/desktop-modifier-keys using default value = ['Insert', 'KP_Insert']
10:07:20.763094 - SCRIPT MANAGER: Active script is: accessibility_probe (module=orca.scripts.default)
10:07:20.763125 - FOCUS MANAGER: Active mode: object-navigator Object of interest: [progress bar: 'Download progress' (0x7a29d2f91740)] 
10:07:20.763142 - GSETTINGS SCHEMA HANDLE: speech/enable not set [app:accessibility_probe, profile:default]
10:07:20.763145 - GSETTINGS REGISTRY: speech/enable using default value = True
10:07:20.763159 - GSETTINGS SCHEMA HANDLE: speech/verbosity-level not set [app:accessibility_probe, profile:default]
10:07:20.763163 - GSETTINGS REGISTRY: speech/verbosity-level using default value = 'verbose'
10:07:20.763175 - FOCUS MANAGER: Locus of focus is [button: 'Advance download' (0x7a29e8a6ad40)] 
10:07:20.763190 - SCRIPT MANAGER: Active script is: accessibility_probe (module=orca.scripts.default)
10:07:20.763205 - GSETTINGS SCHEMA HANDLE: speech/only-speak-displayed-text not set [app:accessibility_probe, profile:default]
10:07:20.763208 - GSETTINGS REGISTRY: speech/only-speak-displayed-text using default value = False
10:07:20.763218 - GSETTINGS SCHEMA HANDLE: speech/speak-description not set [app:accessibility_probe, profile:default]
10:07:20.763221 - GSETTINGS REGISTRY: speech/speak-description using default value = True
10:07:20.763231 - GSETTINGS SCHEMA HANDLE: speech/speak-tutorial-messages not set [app:accessibility_probe, profile:default]
10:07:20.763234 - GSETTINGS REGISTRY: speech/speak-tutorial-messages using default value = True
10:07:20.763243 - GSETTINGS SCHEMA HANDLE: speech/speak-position-in-set not set [app:accessibility_probe, profile:default]
10:07:20.763246 - GSETTINGS REGISTRY: speech/speak-position-in-set using default value = False
10:07:20.763255 - GSETTINGS SCHEMA HANDLE: speech/speak-widget-mnemonic not set [app:accessibility_probe, profile:default]
10:07:20.763258 - GSETTINGS REGISTRY: speech/speak-widget-mnemonic using default value = True
10:07:20.763267 - GSETTINGS SCHEMA HANDLE: speech/speak-blank-lines not set [app:accessibility_probe, profile:default]
10:07:20.763270 - GSETTINGS REGISTRY: speech/speak-blank-lines using default value = True
10:07:20.763280 - GSETTINGS SCHEMA HANDLE: speech/speak-indentation-and-justification not set [app:accessibility_probe, profile:default]
10:07:20.763283 - GSETTINGS REGISTRY: speech/speak-indentation-and-justification using default value = False
10:07:20.763292 - GSETTINGS SCHEMA HANDLE: speech/announce-cell-headers not set [app:accessibility_probe, profile:default]
10:07:20.763295 - GSETTINGS REGISTRY: speech/announce-cell-headers using default value = True
10:07:20.763304 - GSETTINGS SCHEMA HANDLE: speech/announce-cell-coordinates not set [app:accessibility_probe, profile:default]
10:07:20.763307 - GSETTINGS REGISTRY: speech/announce-cell-coordinates using default value = True
10:07:20.763317 - GSETTINGS SCHEMA HANDLE: speech/announce-spreadsheet-cell-coordinates not set [app:accessibility_probe, profile:default]
10:07:20.763320 - GSETTINGS REGISTRY: speech/announce-spreadsheet-cell-coordinates using default value = True
10:07:20.763329 - GSETTINGS SCHEMA HANDLE: speech/announce-blockquote not set [app:accessibility_probe, profile:default]
10:07:20.763334 - GSETTINGS REGISTRY: speech/announce-blockquote using default value = True
10:07:20.763343 - GSETTINGS SCHEMA HANDLE: speech/announce-form not set [app:accessibility_probe, profile:default]
10:07:20.763346 - GSETTINGS REGISTRY: speech/announce-form using default value = True
10:07:20.763355 - GSETTINGS SCHEMA HANDLE: speech/announce-landmark not set [app:accessibility_probe, profile:default]
10:07:20.763358 - GSETTINGS REGISTRY: speech/announce-landmark using default value = True
10:07:20.763367 - GSETTINGS SCHEMA HANDLE: speech/announce-list not set [app:accessibility_probe, profile:default]
10:07:20.763370 - GSETTINGS REGISTRY: speech/announce-list using default value = True
10:07:20.763379 - GSETTINGS SCHEMA HANDLE: speech/announce-grouping not set [app:accessibility_probe, profile:default]
10:07:20.763382 - GSETTINGS REGISTRY: speech/announce-grouping using default value = True
10:07:20.763390 - GSETTINGS SCHEMA HANDLE: speech/announce-table not set [app:accessibility_probe, profile:default]
10:07:20.763393 - GSETTINGS REGISTRY: speech/announce-table using default value = True
10:07:20.763417 - GSETTINGS SCHEMA HANDLE: voice/established not set [app:accessibility_probe, profile:default]
10:07:20.763429 - GSETTINGS SCHEMA HANDLE: voice/rate not set [app:accessibility_probe, profile:default]
10:07:20.763440 - GSETTINGS SCHEMA HANDLE: voice/pitch not set [app:accessibility_probe, profile:default]
10:07:20.763450 - GSETTINGS SCHEMA HANDLE: voice/volume not set [app:accessibility_probe, profile:default]
10:07:20.763462 - GSETTINGS SCHEMA HANDLE: voice/family-name not set [app:accessibility_probe, profile:default]
10:07:20.763472 - GSETTINGS SCHEMA HANDLE: voice/family-lang not set [app:accessibility_probe, profile:default]
10:07:20.763482 - GSETTINGS SCHEMA HANDLE: voice/family-dialect not set [app:accessibility_probe, profile:default]
10:07:20.763491 - GSETTINGS SCHEMA HANDLE: voice/family-gender not set [app:accessibility_probe, profile:default]
10:07:20.763501 - GSETTINGS SCHEMA HANDLE: voice/family-variant not set [app:accessibility_probe, profile:default]
10:07:20.763528 - SPEECH GENERATOR: None voice requested for None language='', dialect='' Unmodified voice={'established': False}
10:07:20.763550 - SPEECH GENERATOR: Reported locale of None is 
10:07:20.763566 - SPEECH GENERATOR: Updated to: 'C', ''
10:07:20.763583 - GSETTINGS SCHEMA HANDLE: speech/auto-language-switching not set [app:accessibility_probe, profile:default]
10:07:20.763587 - GSETTINGS REGISTRY: speech/auto-language-switching using default value = True
10:07:20.763594 - SPEECH DISPATCHER: Returning cached result for language='C' dialect='' variant='None'
10:07:20.763638 - SPEECH GENERATOR: Family updated to {'dialect': '', 'lang': 'C', 'name': ''}
10:07:20.763681 - SPEECH GENERATOR: Final voice is {'established': 'False', 'family': "{'dialect': '', 'lang': 'C', 'name': ''}"}
10:07:20.763704 - GSETTINGS SCHEMA HANDLE: keybindings/keyboard-layout not set [app:accessibility_probe, profile:default]
10:07:20.763708 - GSETTINGS REGISTRY: keybindings/keyboard-layout using default value = 'desktop'
10:07:20.763719 - GSETTINGS SCHEMA HANDLE: keybindings/desktop-modifier-keys not set [app:accessibility_probe, profile:default]
10:07:20.763723 - GSETTINGS REGISTRY: keybindings/desktop-modifier-keys using default value = ['Insert', 'KP_Insert']
10:07:20.763732 - SPEECH OUTPUT: 'F9' {'established': False, 'family': {'name': '', 'gender': None, 'lang': 'C', 'dialect': '', 'variant': None}}
10:07:20.763746 - GSETTINGS SCHEMA HANDLE: keybindings/keyboard-layout not set [app:accessibility_probe, profile:default]
10:07:20.763750 - GSETTINGS REGISTRY: keybindings/keyboard-layout using default value = 'desktop'
10:07:20.763759 - GSETTINGS SCHEMA HANDLE: keybindings/desktop-modifier-keys not set [app:accessibility_probe, profile:default]
10:07:20.763763 - GSETTINGS REGISTRY: keybindings/desktop-modifier-keys using default value = ['Insert', 'KP_Insert']
10:07:20.763769 - SPEECH DISPATCHER: Speaking 'F9' as string
10:07:20.763773 - SPEECH DISPATCHER: Speaking 'F9' as string
10:07:20.764027 - SPEECH DISPATCHER: Speaking '<speak><mark name="0:2"/>F9</speak>' 
                  ORCA rate 50.0, pitch 5.0, volume 10.0, language C, punctuation: MOST
                  SD rate 2, pitch 10, volume 100, language c
10:07:20.764079 - TOTAL PROCESSING TIME: 0.0061
^^^^^ PROCESS ATSPI_KEY_PRESSED_EVENT: 'F9' (75) ^^^^^

10:07:20.764108 - GSETTINGS SCHEMA HANDLE: keybindings/keyboard-layout not set [app:accessibility_probe, profile:default]
10:07:20.764113 - GSETTINGS REGISTRY: keybindings/keyboard-layout using default value = 'desktop'
10:07:20.764124 - GSETTINGS SCHEMA HANDLE: keybindings/desktop-modifier-keys not set [app:accessibility_probe, profile:default]
10:07:20.764128 - GSETTINGS REGISTRY: keybindings/desktop-modifier-keys using default value = ['Insert', 'KP_Insert']
10:07:20.764216 - GSETTINGS SCHEMA HANDLE: keybindings/keyboard-layout not set [app:accessibility_probe, profile:default]
10:07:20.764222 - GSETTINGS REGISTRY: keybindings/keyboard-layout using default value = 'desktop'
10:07:20.764232 - GSETTINGS SCHEMA HANDLE: keybindings/desktop-modifier-keys not set [app:accessibility_probe, profile:default]
10:07:20.764236 - GSETTINGS REGISTRY: keybindings/desktop-modifier-keys using default value = ['Insert', 'KP_Insert']
10:07:20.764744 - GSETTINGS SCHEMA HANDLE: keybindings/keyboard-layout not set [app:accessibility_probe, profile:default]
10:07:20.764751 - GSETTINGS REGISTRY: keybindings/keyboard-layout using default value = 'desktop'
10:07:20.764762 - GSETTINGS SCHEMA HANDLE: keybindings/desktop-modifier-keys not set [app:accessibility_probe, profile:default]
10:07:20.764766 - GSETTINGS REGISTRY: keybindings/desktop-modifier-keys using default value = ['Insert', 'KP_Insert']

KEYBOARD_EVENT:  type=ATSPI_KEY_RELEASED_EVENT
                 id=65478
                 hw_code=75
                 modifiers=0
                 text=''
                 keyval_name='F9'
                 timestamp=1789049240.7642045
                 clickCount=1

vvvvv PROCESS ATSPI_KEY_RELEASED_EVENT: 'F9' (75) vvvvv
10:07:20.764807 - SCRIPT: accessibility_probe (module=orca.scripts.default)
10:07:20.764823 - WINDOW: [frame: 'Reactive TUI App accessibility round 1' (0x7a29e814f500)] 
10:07:20.764835 - LOCATION: [button: 'Advance download' (0x7a29e8a6ad40)] 
10:07:20.764856 - GSETTINGS SCHEMA HANDLE: keybindings/keyboard-layout not set [app:accessibility_probe, profile:default]
10:07:20.764861 - GSETTINGS REGISTRY: keybindings/keyboard-layout using default value = 'desktop'
10:07:20.764871 - GSETTINGS SCHEMA HANDLE: keybindings/desktop-modifier-keys not set [app:accessibility_probe, profile:default]
10:07:20.764875 - GSETTINGS REGISTRY: keybindings/desktop-modifier-keys using default value = ['Insert', 'KP_Insert']
10:07:20.764888 - TOTAL PROCESSING TIME: 0.0001
^^^^^ PROCESS ATSPI_KEY_RELEASED_EVENT: 'F9' (75) ^^^^^

10:07:20.764909 - GSETTINGS SCHEMA HANDLE: keybindings/keyboard-layout not set [app:accessibility_probe, profile:default]
10:07:20.764913 - GSETTINGS REGISTRY: keybindings/keyboard-layout using default value = 'desktop'
10:07:20.764923 - GSETTINGS SCHEMA HANDLE: keybindings/desktop-modifier-keys not set [app:accessibility_probe, profile:default]
10:07:20.764927 - GSETTINGS REGISTRY: keybindings/desktop-modifier-keys using default value = ['Insert', 'KP_Insert']
10:07:20.765027 - FALLBACK: Clipboard contents: 
10:07:20.765035 - CLIPBOARD PRESENTER: Contents changed to: ''
10:07:20.765041 - CLIPBOARD PRESENTER: Not presenting change: likely duplicate.
10:07:20.765116 - EVENT MANAGER: Dequeueing object:text-caret-moved for [terminal: 'Terminal' (0x7a29d2f908c0)]  in org.gnome.Terminal (gtk 3.24.52) (1016, 0, 0)
10:07:20.765152 - EVENT MANAGER: Dequeued object:text-caret-moved for [terminal: 'Terminal' (0x7a29d2f908c0)]  in org.gnome.Terminal (gtk 3.24.52) (1016, 0, 0) priority: 4, counter: 53

vvvvv START PRIORITY-4 OBJECT EVENT OBJECT:TEXT-CARET-MOVED (queue size: 21) vvvvv
10:07:20.765363 - EVENT MANAGER: object:text-caret-moved for [terminal: 'Terminal' (0x7a29d2f908c0)]  in org.gnome.Terminal (gtk 3.24.52) (1016, 0, 0) obsoleted by object:text-caret-moved for [terminal: 'Terminal' (0x7a29d2f908c0)]  in org.gnome.Terminal (gtk 3.24.52) (203, 0, 0) more recent event of same type for same object
TOTAL PROCESSING TIME: 0.0002
^^^^^ FINISHED PRIORITY-4 OBJECT EVENT OBJECT:TEXT-CARET-MOVED ^^^^^

10:07:20.765454 - EVENT MANAGER: Dequeueing object:text-changed:delete for [terminal: 'Terminal' (0x7a29d2f908c0)]  in org.gnome.Terminal (gtk 3.24.52) (0, 1016, \n \n \nAdvance download \n... \n \n \n \n \n (1026 chars.))
10:07:20.765491 - EVENT MANAGER: Dequeued object:text-changed:delete for [terminal: 'Terminal' (0x7a29d2f908c0)]  in org.gnome.Terminal (gtk 3.24.52) (0, 1016, \n \n \nAdvance download \n... \n \n \n \n \n (1026 chars.)) priority: 4, counter: 54

vvvvv START PRIORITY-4 OBJECT EVENT OBJECT:TEXT-CHANGED:DELETE (queue size: 20) vvvvv
10:07:20.768351 - EVENT SOURCE:
                  app='org.gnome.Terminal (gtk 3.24.52)' name='Terminal' role='terminal' axid='' id=0x7a29d2f908c0
                  description=''
                  help=''
                  locale='C.UTF-8'
                  states='enabled, focusable, focused, sensitive, showing, visible'
                  relations=''
                  actions='menu'
                  interfaces='Action, Collection, Component, Text'
                  attributes='toolkit:gtk'
                  text='\n\n\n\n\n\n\n\n\n\n\n\n\n\n\n\n\n\n\n\n\n\n\n\n\n\n\n\n\n\n\n\n'
                  path=[-1, 0, 0, 1, 0, 0, 0, 0]
                  
10:07:20.768386 - SCRIPT MANAGER: Active script is: accessibility_probe (module=orca.scripts.default)
10:07:20.768407 - FOCUS MANAGER: Locus of focus is [button: 'Advance download' (0x7a29e8a6ad40)] 
10:07:20.768433 - EVENT MANAGER: Getting script for event for [application: 'org.gnome.Terminal' (0x7a29e81246c0)]  [terminal: 'Terminal' (0x7a29d2f908c0)] 
10:07:20.768450 - SCRIPT MANAGER: Getting script for [application: 'org.gnome.Terminal' (0x7a29e81246c0)]  [terminal: 'Terminal' (0x7a29d2f908c0)] 
10:07:20.768478 - SCRIPT MANAGER: Script is custom script org.gnome.Terminal (module=orca.scripts.terminal.script)
10:07:20.768491 - EVENT MANAGER: Script for event is org.gnome.Terminal (module=orca.scripts.terminal.script)
10:07:20.769605 - EVENT MANAGER: Change active script: False (No reason found to activate a different script.)
10:07:20.769652 - EVENT MANAGER: Not processing object:text-changed:delete due to lack of reason
TOTAL PROCESSING TIME: 0.0042
^^^^^ FINISHED PRIORITY-4 OBJECT EVENT OBJECT:TEXT-CHANGED:DELETE ^^^^^

10:07:20.769884 - EVENT MANAGER: Dequeueing object:text-changed:insert for [terminal: 'Terminal' (0x7a29d2f908c0)]  in org.gnome.Terminal (gtk 3.24.52) (0, 1016, Download progress \n█████████████████████████▒▒▒▒▒▒▒▒▒▒▒▒▒▒▒▒▒▒▒▒▒▒▒▒▒▒▒▒▒▒▒▒▒▒▒▒▒▒▒▒▒▒▒▒▒▒▒▒▒▒▒▒▒▒▒▒▒▒▒▒▒▒▒▒▒▒▒▒▒▒▒▒▒▒▒\n25.0% \nAdvance download... or range \nCompleted download \n████████████████████████████████████████████████████████████████████████████████████████████████████\n100.0% (1026 chars.))
10:07:20.770003 - EVENT MANAGER: Dequeued object:text-changed:insert for [terminal: 'Terminal' (0x7a29d2f908c0)]  in org.gnome.Terminal (gtk 3.24.52) (0, 1016, Download progress \n█████████████████████████▒▒▒▒▒▒▒▒▒▒▒▒▒▒▒▒▒▒▒▒▒▒▒▒▒▒▒▒▒▒▒▒▒▒▒▒▒▒▒▒▒▒▒▒▒▒▒▒▒▒▒▒▒▒▒▒▒▒▒▒▒▒▒▒▒▒▒▒▒▒▒▒▒▒▒\n25.0% \nAdvance download... or range \nCompleted download \n████████████████████████████████████████████████████████████████████████████████████████████████████\n100.0% (1026 chars.)) priority: 4, counter: 55

vvvvv START PRIORITY-4 OBJECT EVENT OBJECT:TEXT-CHANGED:INSERT (queue size: 19) vvvvv

10:07:20.771003 - AXObject: Exception in get_role_name: app no longer exists
10:07:20.771031 - AXObject: Adding to known dead objects ax_utilities_debugging._accessible_as_string:62 > ax_object.get_role_name:661 > ax_object.handle_error:193 > ax_object._set_known_dead_status:170
10:07:20.771664 - EVENT MANAGER: object:children-changed:remove for [desktop frame: 'main' (0x7a29d2d81d40)]  in  (4, 0, [DEAD (0x7a29d2d69840)])
10:07:20.771704 - AXObject: Exception in get_role_name: app no longer exists
10:07:20.771714 - AXObject: Adding to known dead objects ax_utilities_debugging._accessible_as_string:62 > ax_object.get_role_name:661 > ax_object.handle_error:193 > ax_object._set_known_dead_status:170
10:07:20.772039 - FOCUS MANAGER: Locus of focus is [DEAD (0x7a29e8a6ad40)] 
10:07:20.772134 - EVENT MANAGER: Queueing object:children-changed:remove for [desktop frame: 'main' (0x7a29d2d81e40)]  in  (4, 0, [DEAD (0x7a29d2d69840)])
10:07:20.772152 - EVENT MANAGER: App for event source is None
10:07:20.772172 - SCRIPT MANAGER: Getting script for None [desktop frame: 'main' (0x7a29e8131700)] 
10:07:20.772595 - SCRIPT MANAGER: Script is app script default (module=orca.scripts.default)
10:07:20.772714 - EVENT MANAGER: object:children-changed:remove for [desktop frame: 'main' (0x7a29d2d82940)]  in  (4, 0, [DEAD (0x7a29d2d69840)]) has priority level: 6
10:07:20.772799 - EVENT MANAGER: Queued object:children-changed:remove for [desktop frame: 'main' (0x7a29d2d828c0)]  in  (4, 0, [DEAD (0x7a29d2d69840)]) priority: 6, counter: 61
10:07:20.772926 - CLIPBOARD PRESENTER: Possible change event object:text-changed:delete for [terminal: 'Terminal' (0x7a29d2f908c0)]  in org.gnome.Terminal (gtk 3.24.52) (101, 3130, ███████████████████████████████████████████████████████████████████████████▒▒▒▒▒▒▒▒▒▒▒▒▒▒▒▒▒▒▒▒▒▒▒▒▒\n75.0% \nAdvance download \nWaiting for... \n \n \n \n \n (3160 chars.))

10:07:20.773099 - EVENT MANAGER: object:text-changed:delete for [terminal: 'Terminal' (0x7a29d2f908c0)]  in org.gnome.Terminal (gtk 3.24.52) (101, 3130, ███████████████████████████████████████████████████████████████████████████▒▒▒▒▒▒▒▒▒▒▒▒▒▒▒▒▒▒▒▒▒▒▒▒▒\n75.0% \nAdvance download \nWaiting for... \n \n \n \n \n (3160 chars.))
10:07:20.773136 - FOCUS MANAGER: Locus of focus is [DEAD (0x7a29e8a6ad40)] 
10:07:20.773286 - EVENT_MANAGER: Not ignoring object:text-changed:delete due to source being focused
10:07:20.773384 - EVENT MANAGER: Queueing object:text-changed:delete for [terminal: 'Terminal' (0x7a29d2f908c0)]  in org.gnome.Terminal (gtk 3.24.52) (101, 3130, ███████████████████████████████████████████████████████████████████████████▒▒▒▒▒▒▒▒▒▒▒▒▒▒▒▒▒▒▒▒▒▒▒▒▒\n75.0% \nAdvance download \nWaiting for... \n \n \n \n \n (3160 chars.))
10:07:20.773430 - EVENT MANAGER: App for event source is [application: 'org.gnome.Terminal' (0x7a29e81246c0)] 
10:07:20.773477 - SCRIPT MANAGER: Getting script for [application: 'org.gnome.Terminal' (0x7a29e81246c0)]  [terminal: 'Terminal' (0x7a29d2f908c0)] 
10:07:20.773524 - SCRIPT MANAGER: Script is custom script org.gnome.Terminal (module=orca.scripts.terminal.script)
10:07:20.773632 - EVENT MANAGER: object:text-changed:delete for [terminal: 'Terminal' (0x7a29d2f908c0)]  in org.gnome.Terminal (gtk 3.24.52) (101, 3130, ███████████████████████████████████████████████████████████████████████████▒▒▒▒▒▒▒▒▒▒▒▒▒▒▒▒▒▒▒▒▒▒▒▒▒\n75.0% \nAdvance download \nWaiting for... \n \n \n \n \n (3160 chars.)) has priority level: 4
10:07:20.773745 - EVENT MANAGER: Queued object:text-changed:delete for [terminal: 'Terminal' (0x7a29d2f908c0)]  in org.gnome.Terminal (gtk 3.24.52) (101, 3130, ███████████████████████████████████████████████████████████████████████████▒▒▒▒▒▒▒▒▒▒▒▒▒▒▒▒▒▒▒▒▒▒▒▒▒\n75.0% \nAdvance download \nWaiting for... \n \n \n \n \n (3160 chars.)) priority: 4, counter: 62
10:07:20.773840 - CLIPBOARD PRESENTER: Possible change event object:text-changed:delete for [terminal: 'Terminal' (0x7a29d2f908c0)]  in org.gnome.Terminal (gtk 3.24.52) (0, 101, Download progress \n... Download progress \n (102 chars.))

10:07:20.773965 - EVENT MANAGER: object:text-changed:delete for [terminal: 'Terminal' (0x7a29d2f908c0)]  in org.gnome.Terminal (gtk 3.24.52) (0, 101, Download progress \n... Download progress \n (102 chars.))
10:07:20.774002 - FOCUS MANAGER: Locus of focus is [DEAD (0x7a29e8a6ad40)] 
10:07:20.774142 - EVENT_MANAGER: Not ignoring object:text-changed:delete due to source being focused
10:07:20.774224 - EVENT MANAGER: Queueing object:text-changed:delete for [terminal: 'Terminal' (0x7a29d2f908c0)]  in org.gnome.Terminal (gtk 3.24.52) (0, 101, Download progress \n... Download progress \n (102 chars.))
10:07:20.774264 - EVENT MANAGER: App for event source is [application: 'org.gnome.Terminal' (0x7a29e81246c0)] 
10:07:20.774328 - SCRIPT MANAGER: Getting script for [application: 'org.gnome.Terminal' (0x7a29e81246c0)]  [terminal: 'Terminal' (0x7a29d2f908c0)] 
10:07:20.774377 - SCRIPT MANAGER: Script is custom script org.gnome.Terminal (module=orca.scripts.terminal.script)
10:07:20.774472 - EVENT MANAGER: object:text-changed:delete for [terminal: 'Terminal' (0x7a29d2f908c0)]  in org.gnome.Terminal (gtk 3.24.52) (0, 101, Download progress \n... Download progress \n (102 chars.)) has priority level: 4
10:07:20.774560 - EVENT MANAGER: Queued object:text-changed:delete for [terminal: 'Terminal' (0x7a29d2f908c0)]  in org.gnome.Terminal (gtk 3.24.52) (0, 101, Download progress \n... Download progress \n (102 chars.)) priority: 4, counter: 63
10:07:20.774649 - CLIPBOARD PRESENTER: Possible change event object:text-changed:insert for [terminal: 'Terminal' (0x7a29d2f908c0)]  in org.gnome.Terminal (gtk 3.24.52) (0, 31, \n\n\n\n\n\n\n\n\n\n\n\n\n\n\n\n\n\n\n\n\n\n\n\n\n\n\n\n\n\n\n)

10:07:20.774768 - EVENT MANAGER: object:text-changed:insert for [terminal: 'Terminal' (0x7a29d2f908c0)]  in org.gnome.Terminal (gtk 3.24.52) (0, 31, \n\n\n\n\n\n\n\n\n\n\n\n\n\n\n\n\n\n\n\n\n\n\n\n\n\n\n\n\n\n\n)
10:07:20.774796 - FOCUS MANAGER: Locus of focus is [DEAD (0x7a29e8a6ad40)] 
10:07:20.774931 - EVENT_MANAGER: Not ignoring object:text-changed:insert due to source being focused
10:07:20.775015 - EVENT MANAGER: Queueing object:text-changed:insert for [terminal: 'Terminal' (0x7a29d2f908c0)]  in org.gnome.Terminal (gtk 3.24.52) (0, 31, \n\n\n\n\n\n\n\n\n\n\n\n\n\n\n\n\n\n\n\n\n\n\n\n\n\n\n\n\n\n\n)
10:07:20.775060 - EVENT MANAGER: App for event source is [application: 'org.gnome.Terminal' (0x7a29e81246c0)] 
10:07:20.775104 - SCRIPT MANAGER: Getting script for [application: 'org.gnome.Terminal' (0x7a29e81246c0)]  [terminal: 'Terminal' (0x7a29d2f908c0)] 
10:07:20.775148 - SCRIPT MANAGER: Script is custom script org.gnome.Terminal (module=orca.scripts.terminal.script)
10:07:20.775236 - EVENT MANAGER: object:text-changed:insert for [terminal: 'Terminal' (0x7a29d2f908c0)]  in org.gnome.Terminal (gtk 3.24.52) (0, 31, \n\n\n\n\n\n\n\n\n\n\n\n\n\n\n\n\n\n\n\n\n\n\n\n\n\n\n\n\n\n\n) has priority level: 4
10:07:20.775327 - EVENT MANAGER: Queued object:text-changed:insert for [terminal: 'Terminal' (0x7a29d2f908c0)]  in org.gnome.Terminal (gtk 3.24.52) (0, 31, \n\n\n\n\n\n\n\n\n\n\n\n\n\n\n\n\n\n\n\n\n\n\n\n\n\n\n\n\n\n\n) priority: 4, counter: 64

10:07:20.775420 - EVENT MANAGER: object:text-caret-moved for [terminal: 'Terminal' (0x7a29d2f908c0)]  in org.gnome.Terminal (gtk 3.24.52) (0, 0, 0)
10:07:20.775450 - FOCUS MANAGER: Locus of focus is [DEAD (0x7a29e8a6ad40)] 
10:07:20.775585 - EVENT_MANAGER: Not ignoring object:text-caret-moved due to source being focused
10:07:20.775664 - EVENT MANAGER: Queueing object:text-caret-moved for [terminal: 'Terminal' (0x7a29d2f908c0)]  in org.gnome.Terminal (gtk 3.24.52) (0, 0, 0)
10:07:20.775703 - EVENT MANAGER: App for event source is [application: 'org.gnome.Terminal' (0x7a29e81246c0)] 
10:07:20.775747 - SCRIPT MANAGER: Getting script for [application: 'org.gnome.Terminal' (0x7a29e81246c0)]  [terminal: 'Terminal' (0x7a29d2f908c0)] 
10:07:20.775790 - SCRIPT MANAGER: Script is custom script org.gnome.Terminal (module=orca.scripts.terminal.script)
10:07:20.775878 - EVENT MANAGER: object:text-caret-moved for [terminal: 'Terminal' (0x7a29d2f908c0)]  in org.gnome.Terminal (gtk 3.24.52) (0, 0, 0) has priority level: 4
10:07:20.775964 - EVENT MANAGER: Queued object:text-caret-moved for [terminal: 'Terminal' (0x7a29d2f908c0)]  in org.gnome.Terminal (gtk 3.24.52) (0, 0, 0) priority: 4, counter: 65
10:07:20.777434 - EVENT SOURCE:
                  app='org.gnome.Terminal (gtk 3.24.52)' name='Terminal' role='terminal' axid='' id=0x7a29d2f908c0
                  description=''
                  help=''
                  locale='C.UTF-8'
                  states='enabled, focusable, focused, sensitive, showing, visible'
                  relations=''
                  actions='menu'
                  interfaces='Action, Collection, Component, Text'
                  attributes='toolkit:gtk'
                  text='\n\n\n\n\n\n\n\n\n\n\n\n\n\n\n\n\n\n\n\n\n\n\n\n\n\n\n\n\n\n\n\n'
                  path=[-1, 0, 0, 1, 0, 0, 0, 0]
                  
10:07:20.777473 - SCRIPT MANAGER: Active script is: accessibility_probe (module=orca.scripts.default)
10:07:20.777495 - FOCUS MANAGER: Locus of focus is [DEAD (0x7a29e8a6ad40)] 
10:07:20.777526 - EVENT MANAGER: Getting script for event for [application: 'org.gnome.Terminal' (0x7a29e81246c0)]  [terminal: 'Terminal' (0x7a29d2f908c0)] 
10:07:20.777544 - SCRIPT MANAGER: Getting script for [application: 'org.gnome.Terminal' (0x7a29e81246c0)]  [terminal: 'Terminal' (0x7a29d2f908c0)] 
10:07:20.777568 - SCRIPT MANAGER: Script is custom script org.gnome.Terminal (module=orca.scripts.terminal.script)
10:07:20.777581 - EVENT MANAGER: Script for event is org.gnome.Terminal (module=orca.scripts.terminal.script)
10:07:20.778412 - EVENT MANAGER: Change active script: False (No reason found to activate a different script.)
10:07:20.778424 - EVENT MANAGER: Not processing object:text-changed:insert due to lack of reason
TOTAL PROCESSING TIME: 0.0084
^^^^^ FINISHED PRIORITY-4 OBJECT EVENT OBJECT:TEXT-CHANGED:INSERT ^^^^^

10:07:20.778553 - EVENT MANAGER: Dequeueing object:text-changed:delete for [terminal: 'Terminal' (0x7a29d2f908c0)]  in org.gnome.Terminal (gtk 3.24.52) (127, 77, ▒▒▒▒▒▒▒▒▒▒▒▒▒▒▒▒▒▒▒▒▒▒▒▒▒▒▒▒▒▒▒▒▒▒▒▒▒▒▒▒▒▒▒▒▒▒▒▒▒▒▒▒▒▒▒▒▒▒▒▒▒▒▒▒▒▒▒▒▒▒▒▒▒▒\n25)
10:07:20.778592 - EVENT MANAGER: Dequeued object:text-changed:delete for [terminal: 'Terminal' (0x7a29d2f908c0)]  in org.gnome.Terminal (gtk 3.24.52) (127, 77, ▒▒▒▒▒▒▒▒▒▒▒▒▒▒▒▒▒▒▒▒▒▒▒▒▒▒▒▒▒▒▒▒▒▒▒▒▒▒▒▒▒▒▒▒▒▒▒▒▒▒▒▒▒▒▒▒▒▒▒▒▒▒▒▒▒▒▒▒▒▒▒▒▒▒\n25) priority: 4, counter: 56

vvvvv START PRIORITY-4 OBJECT EVENT OBJECT:TEXT-CHANGED:DELETE (queue size: 23) vvvvv

10:07:20.779091 - EVENT MANAGER: object:children-changed:add for [desktop frame: 'main' (0x7a29e89fad00)]  in  (5, 0, [application: 'accessibility_probe' (0x7a29d2d82d00)])
10:07:20.779111 - FOCUS MANAGER: Locus of focus is [DEAD (0x7a29e8a6ad40)] 
10:07:20.779189 - SCRIPT MANAGER: Active script is: accessibility_probe (module=orca.scripts.default)
10:07:20.779199 - EVENT MANAGER: Ignoring object:children-changed:add because event is not from active app

10:07:20.780547 - EVENT MANAGER: object:children-changed:add for [application: 'accessibility_probe' (0x7a29d2f9dec0)]  in accessibility_probe (AccessKit) (0, 0, [frame: 'Reactive TUI App accessibility round 2' (0x7a29d2fd5ec0)])
10:07:20.780588 - FOCUS MANAGER: Locus of focus is [DEAD (0x7a29e8a6ad40)] 
10:07:20.780794 - SCRIPT MANAGER: Active script is: accessibility_probe (module=orca.scripts.default)
10:07:20.780807 - EVENT MANAGER: Ignoring object:children-changed:add because event is not from active app

10:07:20.781567 - EVENT MANAGER: object:children-changed:add for [frame: 'Reactive TUI App accessibility round 2' (0x7a29d2d82d00)]  in accessibility_probe (AccessKit) (0, 0, [progress bar: 'Download progress' (0x7a29d2d83200)])
10:07:20.781585 - FOCUS MANAGER: Locus of focus is [DEAD (0x7a29e8a6ad40)] 
10:07:20.781605 - EVENT MANAGER: Not ignoring object:children-changed:add based on role
10:07:20.781639 - EVENT MANAGER: Queueing object:children-changed:add for [frame: 'Reactive TUI App accessibility round 2' (0x7a29d2d83300)]  in accessibility_probe (AccessKit) (0, 0, [progress bar: 'Download progress' (0x7a29d2d83340)])
10:07:20.781655 - EVENT MANAGER: App for event source is [application: 'accessibility_probe' (0x7a29d2d83380)] 
10:07:20.781671 - SCRIPT MANAGER: Getting script for [application: 'accessibility_probe' (0x7a29d2d83380)]  [frame: 'Reactive TUI App accessibility round 2' (0x7a29d2f93280)] 
10:07:20.781811 - SCRIPT MANAGER: Creating app script for [application: 'accessibility_probe' (0x7a29d2d83380)] 
10:07:20.781840 - SCRIPT MANAGER: Mapped [application: 'accessibility_probe' (0x7a29d2d83380)]  to accessibility_probe
10:07:20.782274 - DEFAULT: Setting up commands for [application: 'accessibility_probe' (0x7a29d2d83380)] 
10:07:20.782288 - DEFAULT: Commands already initialized.
10:07:20.782295 - SCRIPT: accessibility_probe (module=orca.scripts.default) initialized
10:07:20.782331 - SCRIPT MANAGER: Default script created for [application: 'accessibility_probe' (0x7a29d2d83380)]  (obj:  None)
10:07:20.782354 - SCRIPT MANAGER: Script is app script accessibility_probe (module=orca.scripts.default)
10:07:20.782414 - EVENT MANAGER: object:children-changed:add for [frame: 'Reactive TUI App accessibility round 2' (0x7a29d2d9b440)]  in accessibility_probe (AccessKit) (0, 0, [progress bar: 'Download progress' (0x7a29d2d9b340)]) has priority level: 6
10:07:20.782465 - EVENT MANAGER: Queued object:children-changed:add for [frame: 'Reactive TUI App accessibility round 2' (0x7a29d2d83300)]  in accessibility_probe (AccessKit) (0, 0, [progress bar: 'Download progress' (0x7a29d2d9b300)]) priority: 6, counter: 66

10:07:20.783230 - EVENT MANAGER: object:children-changed:add for [frame: 'Reactive TUI App accessibility round 2' (0x7a29d2d9b300)]  in accessibility_probe (AccessKit) (1, 0, [button: 'Advance download' (0x7a29d2d9b480)])
10:07:20.783286 - FOCUS MANAGER: Locus of focus is [DEAD (0x7a29e8a6ad40)] 
10:07:20.783350 - EVENT MANAGER: Not ignoring object:children-changed:add based on role
10:07:20.783442 - EVENT MANAGER: Queueing object:children-changed:add for [frame: 'Reactive TUI App accessibility round 2' (0x7a29d2d9b4c0)]  in accessibility_probe (AccessKit) (1, 0, [button: 'Advance download' (0x7a29d2d9b500)])
10:07:20.783486 - EVENT MANAGER: App for event source is [application: 'accessibility_probe' (0x7a29d2d83380)] 
10:07:20.783535 - SCRIPT MANAGER: Getting script for [application: 'accessibility_probe' (0x7a29d2d83380)]  [frame: 'Reactive TUI App accessibility round 2' (0x7a29d2d9b340)] 
10:07:20.783858 - SCRIPT MANAGER: Script is app script accessibility_probe (module=orca.scripts.default)
10:07:20.783963 - EVENT MANAGER: object:children-changed:add for [frame: 'Reactive TUI App accessibility round 2' (0x7a29e8133740)]  in accessibility_probe (AccessKit) (1, 0, [button: 'Advance download' (0x7a29d2d9b740)]) has priority level: 6
10:07:20.784023 - EVENT MANAGER: Queued object:children-changed:add for [frame: 'Reactive TUI App accessibility round 2' (0x7a29e8133780)]  in accessibility_probe (AccessKit) (1, 0, [button: 'Advance download' (0x7a29d2d9b780)]) priority: 6, counter: 67

10:07:20.784395 - EVENT MANAGER: object:children-changed:add for [frame: 'Reactive TUI App accessibility round 2' (0x7a29e8133780)]  in accessibility_probe (AccessKit) (2, 0, [progress bar: 'Waiting for download' (0x7a29d2d9b780)])
10:07:20.784412 - FOCUS MANAGER: Locus of focus is [DEAD (0x7a29e8a6ad40)] 
10:07:20.784433 - EVENT MANAGER: Not ignoring object:children-changed:add based on role
10:07:20.784464 - EVENT MANAGER: Queueing object:children-changed:add for [frame: 'Reactive TUI App accessibility round 2' (0x7a29e8133780)]  in accessibility_probe (AccessKit) (2, 0, [progress bar: 'Waiting for download' (0x7a29d2d9b780)])
10:07:20.784479 - EVENT MANAGER: App for event source is [application: 'accessibility_probe' (0x7a29d2d83380)] 
10:07:20.784496 - SCRIPT MANAGER: Getting script for [application: 'accessibility_probe' (0x7a29d2d83380)]  [frame: 'Reactive TUI App accessibility round 2' (0x7a29d2d9b780)] 
10:07:20.784631 - SCRIPT MANAGER: Script is app script accessibility_probe (module=orca.scripts.default)
10:07:20.784668 - EVENT MANAGER: object:children-changed:add for [frame: 'Reactive TUI App accessibility round 2' (0x7a29d2d9b880)]  in accessibility_probe (AccessKit) (2, 0, [progress bar: 'Waiting for download' (0x7a29d2d9b740)]) has priority level: 6
10:07:20.784701 - EVENT MANAGER: Queued object:children-changed:add for [frame: 'Reactive TUI App accessibility round 2' (0x7a29d2d9b8c0)]  in accessibility_probe (AccessKit) (2, 0, [progress bar: 'Waiting for download' (0x7a29d2d9b840)]) priority: 6, counter: 68

10:07:20.785169 - EVENT MANAGER: object:children-changed:add for [frame: 'Reactive TUI App accessibility round 2' (0x7a29d2f93900)]  in accessibility_probe (AccessKit) (3, 0, [progress bar: 'Invalid download' (0x7a29d2d9b900)])
10:07:20.785185 - FOCUS MANAGER: Locus of focus is [DEAD (0x7a29e8a6ad40)] 
10:07:20.785204 - EVENT MANAGER: Not ignoring object:children-changed:add based on role
10:07:20.785232 - EVENT MANAGER: Queueing object:children-changed:add for [frame: 'Reactive TUI App accessibility round 2' (0x7a29d2d9b980)]  in accessibility_probe (AccessKit) (3, 0, [progress bar: 'Invalid download' (0x7a29d2d9b9c0)])
10:07:20.785246 - EVENT MANAGER: App for event source is [application: 'accessibility_probe' (0x7a29d2d83380)] 
10:07:20.785262 - SCRIPT MANAGER: Getting script for [application: 'accessibility_probe' (0x7a29d2d83380)]  [frame: 'Reactive TUI App accessibility round 2' (0x7a29d2f93940)] 
10:07:20.785466 - SCRIPT MANAGER: Script is app script accessibility_probe (module=orca.scripts.default)
10:07:20.785502 - EVENT MANAGER: object:children-changed:add for [frame: 'Reactive TUI App accessibility round 2' (0x7a29d2f93a40)]  in accessibility_probe (AccessKit) (3, 0, [progress bar: 'Invalid download' (0x7a29d2d9ba40)]) has priority level: 6
10:07:20.785535 - EVENT MANAGER: Queued object:children-changed:add for [frame: 'Reactive TUI App accessibility round 2' (0x7a29d2d9ba40)]  in accessibility_probe (AccessKit) (3, 0, [progress bar: 'Invalid download' (0x7a29d2d9bac0)]) priority: 6, counter: 69

10:07:20.785819 - EVENT MANAGER: object:children-changed:add for [frame: 'Reactive TUI App accessibility round 2' (0x7a29d2d9b900)]  in accessibility_probe (AccessKit) (4, 0, [progress bar: 'Completed download' (0x7a29d2d9bb00)])
10:07:20.785832 - FOCUS MANAGER: Locus of focus is [DEAD (0x7a29e8a6ad40)] 
10:07:20.785849 - EVENT MANAGER: Not ignoring object:children-changed:add based on role
10:07:20.785877 - EVENT MANAGER: Queueing object:children-changed:add for [frame: 'Reactive TUI App accessibility round 2' (0x7a29d2d9ba00)]  in accessibility_probe (AccessKit) (4, 0, [progress bar: 'Completed download' (0x7a29d2d9ba00)])
10:07:20.785896 - EVENT MANAGER: App for event source is [application: 'accessibility_probe' (0x7a29d2d83380)] 
10:07:20.785912 - SCRIPT MANAGER: Getting script for [application: 'accessibility_probe' (0x7a29d2d83380)]  [frame: 'Reactive TUI App accessibility round 2' (0x7a29d2f93f80)] 
10:07:20.786118 - SCRIPT MANAGER: Script is app script accessibility_probe (module=orca.scripts.default)
10:07:20.786153 - EVENT MANAGER: object:children-changed:add for [frame: 'Reactive TUI App accessibility round 2' (0x7a29d2d9b980)]  in accessibility_probe (AccessKit) (4, 0, [progress bar: 'Completed download' (0x7a29d2d9bb80)]) has priority level: 6
10:07:20.786185 - EVENT MANAGER: Queued object:children-changed:add for [frame: 'Reactive TUI App accessibility round 2' (0x7a29d2f93a00)]  in accessibility_probe (AccessKit) (4, 0, [progress bar: 'Completed download' (0x7a29d2d9ba00)]) priority: 6, counter: 70
10:07:20.786629 - EVENT SOURCE:
                  app='org.gnome.Terminal (gtk 3.24.52)' name='Terminal' role='terminal' axid='' id=0x7a29d2f908c0
                  description=''
                  help=''
                  locale='C.UTF-8'
                  states='enabled, focusable, focused, sensitive, showing, visible'
                  relations=''
                  actions='menu'
                  interfaces='Action, Collection, Component, Text'
                  attributes='toolkit:gtk'
                  text='\n \n \nAdvance download \n ... \n \n \n \n \n (3264 chars.)'
                  path=[-1, 0, 0, 1, 0, 0, 0, 0]
                  
10:07:20.786653 - SCRIPT MANAGER: Active script is: accessibility_probe (module=orca.scripts.default)
10:07:20.786670 - FOCUS MANAGER: Locus of focus is [DEAD (0x7a29e8a6ad40)] 
10:07:20.786698 - EVENT MANAGER: Getting script for event for [application: 'org.gnome.Terminal' (0x7a29e81246c0)]  [terminal: 'Terminal' (0x7a29d2f908c0)] 
10:07:20.786716 - SCRIPT MANAGER: Getting script for [application: 'org.gnome.Terminal' (0x7a29e81246c0)]  [terminal: 'Terminal' (0x7a29d2f908c0)] 
10:07:20.786739 - SCRIPT MANAGER: Script is custom script org.gnome.Terminal (module=orca.scripts.terminal.script)
10:07:20.786752 - EVENT MANAGER: Script for event is org.gnome.Terminal (module=orca.scripts.terminal.script)
10:07:20.787217 - EVENT MANAGER: Change active script: False (No reason found to activate a different script.)
10:07:20.787227 - EVENT MANAGER: Not processing object:text-changed:delete due to lack of reason
TOTAL PROCESSING TIME: 0.0086
^^^^^ FINISHED PRIORITY-4 OBJECT EVENT OBJECT:TEXT-CHANGED:DELETE ^^^^^

10:07:20.787363 - EVENT MANAGER: Dequeueing object:text-changed:insert for [terminal: 'Terminal' (0x7a29d2f908c0)]  in org.gnome.Terminal (gtk 3.24.52) (127, 77, █████████████████████████████████████████████████▒▒▒▒▒▒▒▒▒▒▒▒▒▒▒▒▒▒▒▒▒▒▒▒▒\n75)
10:07:20.787402 - EVENT MANAGER: Dequeued object:text-changed:insert for [terminal: 'Terminal' (0x7a29d2f908c0)]  in org.gnome.Terminal (gtk 3.24.52) (127, 77, █████████████████████████████████████████████████▒▒▒▒▒▒▒▒▒▒▒▒▒▒▒▒▒▒▒▒▒▒▒▒▒\n75) priority: 4, counter: 57

vvvvv START PRIORITY-4 OBJECT EVENT OBJECT:TEXT-CHANGED:INSERT (queue size: 27) vvvvv
10:07:20.787754 - CLIPBOARD PRESENTER: Possible change event object:text-changed:delete for [terminal: 'Terminal' (0x7a29d2f908c0)]  in org.gnome.Terminal (gtk 3.24.52) (0, 32, \n\n\n\n\n\n\n\n\n\n\n\n\n\n\n\n\n\n\n\n\n\n\n\n\n\n\n\n\n\n\n\n)

10:07:20.787805 - EVENT MANAGER: object:text-changed:delete for [terminal: 'Terminal' (0x7a29d2f908c0)]  in org.gnome.Terminal (gtk 3.24.52) (0, 32, \n\n\n\n\n\n\n\n\n\n\n\n\n\n\n\n\n\n\n\n\n\n\n\n\n\n\n\n\n\n\n\n)
10:07:20.787820 - FOCUS MANAGER: Locus of focus is [DEAD (0x7a29e8a6ad40)] 
10:07:20.787867 - EVENT_MANAGER: Not ignoring object:text-changed:delete due to source being focused
10:07:20.787899 - EVENT MANAGER: Queueing object:text-changed:delete for [terminal: 'Terminal' (0x7a29d2f908c0)]  in org.gnome.Terminal (gtk 3.24.52) (0, 32, \n\n\n\n\n\n\n\n\n\n\n\n\n\n\n\n\n\n\n\n\n\n\n\n\n\n\n\n\n\n\n\n)
10:07:20.787914 - EVENT MANAGER: App for event source is [application: 'org.gnome.Terminal' (0x7a29e81246c0)] 
10:07:20.787930 - SCRIPT MANAGER: Getting script for [application: 'org.gnome.Terminal' (0x7a29e81246c0)]  [terminal: 'Terminal' (0x7a29d2f908c0)] 
10:07:20.787952 - SCRIPT MANAGER: Script is custom script org.gnome.Terminal (module=orca.scripts.terminal.script)
10:07:20.787990 - EVENT MANAGER: object:text-changed:delete for [terminal: 'Terminal' (0x7a29d2f908c0)]  in org.gnome.Terminal (gtk 3.24.52) (0, 32, \n\n\n\n\n\n\n\n\n\n\n\n\n\n\n\n\n\n\n\n\n\n\n\n\n\n\n\n\n\n\n\n) has priority level: 4
10:07:20.788027 - EVENT MANAGER: Queued object:text-changed:delete for [terminal: 'Terminal' (0x7a29d2f908c0)]  in org.gnome.Terminal (gtk 3.24.52) (0, 32, \n\n\n\n\n\n\n\n\n\n\n\n\n\n\n\n\n\n\n\n\n\n\n\n\n\n\n\n\n\n\n\n) priority: 4, counter: 71
10:07:20.788060 - CLIPBOARD PRESENTER: Possible change event object:text-changed:insert for [terminal: 'Terminal' (0x7a29d2f908c0)]  in org.gnome.Terminal (gtk 3.24.52) (0, 32, \n\n\n\n\n\n\n\n\n\n\n\n\n\n\n\n\n\n\n\n\n\n\n\n\n\n\n\n\n\n\n\n)

10:07:20.788102 - EVENT MANAGER: object:text-changed:insert for [terminal: 'Terminal' (0x7a29d2f908c0)]  in org.gnome.Terminal (gtk 3.24.52) (0, 32, \n\n\n\n\n\n\n\n\n\n\n\n\n\n\n\n\n\n\n\n\n\n\n\n\n\n\n\n\n\n\n\n)
10:07:20.788114 - FOCUS MANAGER: Locus of focus is [DEAD (0x7a29e8a6ad40)] 
10:07:20.788156 - EVENT_MANAGER: Not ignoring object:text-changed:insert due to source being focused
10:07:20.788186 - EVENT MANAGER: Queueing object:text-changed:insert for [terminal: 'Terminal' (0x7a29d2f908c0)]  in org.gnome.Terminal (gtk 3.24.52) (0, 32, \n\n\n\n\n\n\n\n\n\n\n\n\n\n\n\n\n\n\n\n\n\n\n\n\n\n\n\n\n\n\n\n)
10:07:20.788201 - EVENT MANAGER: App for event source is [application: 'org.gnome.Terminal' (0x7a29e81246c0)] 
10:07:20.788217 - SCRIPT MANAGER: Getting script for [application: 'org.gnome.Terminal' (0x7a29e81246c0)]  [terminal: 'Terminal' (0x7a29d2f908c0)] 
10:07:20.788237 - SCRIPT MANAGER: Script is custom script org.gnome.Terminal (module=orca.scripts.terminal.script)
10:07:20.788272 - EVENT MANAGER: object:text-changed:insert for [terminal: 'Terminal' (0x7a29d2f908c0)]  in org.gnome.Terminal (gtk 3.24.52) (0, 32, \n\n\n\n\n\n\n\n\n\n\n\n\n\n\n\n\n\n\n\n\n\n\n\n\n\n\n\n\n\n\n\n) has priority level: 4
10:07:20.788306 - EVENT MANAGER: Queued object:text-changed:insert for [terminal: 'Terminal' (0x7a29d2f908c0)]  in org.gnome.Terminal (gtk 3.24.52) (0, 32, \n\n\n\n\n\n\n\n\n\n\n\n\n\n\n\n\n\n\n\n\n\n\n\n\n\n\n\n\n\n\n\n) priority: 4, counter: 72

10:07:20.788343 - EVENT MANAGER: window:activate for [frame: 'Reactive TUI App accessibility round 2' (0x7a29e80c3f00)]  in accessibility_probe (AccessKit) (0, 0, Reactive TUI App accessibility round 2)
10:07:20.788372 - EVENT MANAGER: Queueing window:activate for [frame: 'Reactive TUI App accessibility round 2' (0x7a29e80c3f00)]  in accessibility_probe (AccessKit) (0, 0, Reactive TUI App accessibility round 2)
10:07:20.788386 - EVENT MANAGER: App for event source is [application: 'accessibility_probe' (0x7a29d2d83380)] 
10:07:20.788402 - SCRIPT MANAGER: Getting script for [application: 'accessibility_probe' (0x7a29d2d83380)]  [frame: 'Reactive TUI App accessibility round 2' (0x7a29d2d9be00)] 
10:07:20.788588 - SCRIPT MANAGER: Script is app script accessibility_probe (module=orca.scripts.default)
10:07:20.788629 - EVENT MANAGER: window:activate for [frame: 'Reactive TUI App accessibility round 2' (0x7a29d2f83fc0)]  in accessibility_probe (AccessKit) (0, 0, Reactive TUI App accessibility round 2) has priority level: 2
10:07:20.788664 - EVENT MANAGER: Queued window:activate for [frame: 'Reactive TUI App accessibility round 2' (0x7a29e814bf80)]  in accessibility_probe (AccessKit) (0, 0, Reactive TUI App accessibility round 2) priority: 2, counter: 73

10:07:20.788728 - EVENT MANAGER: object:state-changed:active for [frame: 'Reactive TUI App accessibility round 2' (0x7a29e814be00)]  in accessibility_probe (AccessKit) (1, 0, 0)
10:07:20.788741 - FOCUS MANAGER: Locus of focus is [DEAD (0x7a29e8a6ad40)] 
10:07:20.788759 - EVENT MANAGER: Not ignoring object:state-changed:active based on role
10:07:20.788789 - EVENT MANAGER: Queueing object:state-changed:active for [frame: 'Reactive TUI App accessibility round 2' (0x7a29e80c3f00)]  in accessibility_probe (AccessKit) (1, 0, 0)
10:07:20.788803 - EVENT MANAGER: App for event source is [application: 'accessibility_probe' (0x7a29d2d83380)] 
10:07:20.788819 - SCRIPT MANAGER: Getting script for [application: 'accessibility_probe' (0x7a29d2d83380)]  [frame: 'Reactive TUI App accessibility round 2' (0x7a29e814bf00)] 
10:07:20.788957 - SCRIPT MANAGER: Script is app script accessibility_probe (module=orca.scripts.default)
10:07:20.789000 - EVENT MANAGER: object:state-changed:active for [frame: 'Reactive TUI App accessibility round 2' (0x7a29e814bf80)]  in accessibility_probe (AccessKit) (1, 0, 0) has priority level: 2
10:07:20.789034 - EVENT MANAGER: Queued object:state-changed:active for [frame: 'Reactive TUI App accessibility round 2' (0x7a29d2d9be00)]  in accessibility_probe (AccessKit) (1, 0, 0) priority: 2, counter: 74

10:07:20.789067 - EVENT MANAGER: object:active-descendant-changed for [application: 'accessibility_probe' (0x7a29d2d83380)]  in accessibility_probe (AccessKit) (0, 0, [frame: 'Reactive TUI App accessibility round 2' (0x7a29d2d9ba40)])
10:07:20.789079 - FOCUS MANAGER: Locus of focus is [DEAD (0x7a29e8a6ad40)] 
10:07:20.789154 - EVENT MANAGER: Queueing object:active-descendant-changed for [application: 'accessibility_probe' (0x7a29d2d83380)]  in accessibility_probe (AccessKit) (0, 0, [frame: 'Reactive TUI App accessibility round 2' (0x7a29d2d9bf00)])
10:07:20.789169 - EVENT MANAGER: App for event source is [application: 'accessibility_probe' (0x7a29d2d83380)] 
10:07:20.789185 - SCRIPT MANAGER: Getting script for [application: 'accessibility_probe' (0x7a29d2d83380)]  [application: 'accessibility_probe' (0x7a29d2d83380)] 
10:07:20.789314 - SCRIPT MANAGER: Script is app script accessibility_probe (module=orca.scripts.default)
10:07:20.789348 - EVENT MANAGER: object:active-descendant-changed for [application: 'accessibility_probe' (0x7a29d2d83380)]  in accessibility_probe (AccessKit) (0, 0, [frame: 'Reactive TUI App accessibility round 2' (0x7a29d2f6d600)]) has priority level: 3
10:07:20.789380 - EVENT MANAGER: Queued object:active-descendant-changed for [application: 'accessibility_probe' (0x7a29d2d83380)]  in accessibility_probe (AccessKit) (0, 0, [frame: 'Reactive TUI App accessibility round 2' (0x7a29d2f6d600)]) priority: 3, counter: 75

10:07:20.789415 - EVENT MANAGER: object:state-changed:focused for [button: 'Advance download' (0x7a29d2d9bf80)]  in accessibility_probe (AccessKit) (1, 0, 0)
10:07:20.789427 - FOCUS MANAGER: Locus of focus is [DEAD (0x7a29e8a6ad40)] 
10:07:20.789475 - EVENT_MANAGER: Not ignoring object:state-changed:focused due to source being focused
10:07:20.789505 - EVENT MANAGER: Queueing object:state-changed:focused for [button: 'Advance download' (0x7a29e8133e00)]  in accessibility_probe (AccessKit) (1, 0, 0)
10:07:20.789520 - EVENT MANAGER: App for event source is [application: 'accessibility_probe' (0x7a29d2d83380)] 
10:07:20.789537 - SCRIPT MANAGER: Getting script for [application: 'accessibility_probe' (0x7a29d2d83380)]  [button: 'Advance download' (0x7a29d2f93f80)] 
10:07:20.789685 - SCRIPT MANAGER: Script is app script accessibility_probe (module=orca.scripts.default)
10:07:20.789722 - EVENT MANAGER: object:state-changed:focused for [button: 'Advance download' (0x7a29e814c080)]  in accessibility_probe (AccessKit) (1, 0, 0) has priority level: 3
10:07:20.789755 - EVENT MANAGER: Queued object:state-changed:focused for [button: 'Advance download' (0x7a29e8133e00)]  in accessibility_probe (AccessKit) (1, 0, 0) priority: 3, counter: 76

10:07:20.789792 - EVENT MANAGER: object:text-caret-moved for [terminal: 'Terminal' (0x7a29d2f908c0)]  in org.gnome.Terminal (gtk 3.24.52) (31, 0, 0)
10:07:20.789803 - FOCUS MANAGER: Locus of focus is [DEAD (0x7a29e8a6ad40)] 
10:07:20.789845 - EVENT_MANAGER: Not ignoring object:text-caret-moved due to source being focused
10:07:20.789876 - EVENT MANAGER: Queueing object:text-caret-moved for [terminal: 'Terminal' (0x7a29d2f908c0)]  in org.gnome.Terminal (gtk 3.24.52) (31, 0, 0)
10:07:20.789891 - EVENT MANAGER: App for event source is [application: 'org.gnome.Terminal' (0x7a29e81246c0)] 
10:07:20.789906 - SCRIPT MANAGER: Getting script for [application: 'org.gnome.Terminal' (0x7a29e81246c0)]  [terminal: 'Terminal' (0x7a29d2f908c0)] 
10:07:20.789927 - SCRIPT MANAGER: Script is custom script org.gnome.Terminal (module=orca.scripts.terminal.script)
10:07:20.789961 - EVENT MANAGER: object:text-caret-moved for [terminal: 'Terminal' (0x7a29d2f908c0)]  in org.gnome.Terminal (gtk 3.24.52) (31, 0, 0) has priority level: 4
10:07:20.790002 - EVENT MANAGER: Queued object:text-caret-moved for [terminal: 'Terminal' (0x7a29d2f908c0)]  in org.gnome.Terminal (gtk 3.24.52) (31, 0, 0) priority: 4, counter: 77
10:07:20.790036 - CLIPBOARD PRESENTER: Possible change event object:text-changed:delete for [terminal: 'Terminal' (0x7a29d2f908c0)]  in org.gnome.Terminal (gtk 3.24.52) (0, 31, \n\n\n\n\n\n\n\n\n\n\n\n\n\n\n\n\n\n\n\n\n\n\n\n\n\n\n\n\n\n\n)

10:07:20.790083 - EVENT MANAGER: object:text-changed:delete for [terminal: 'Terminal' (0x7a29d2f908c0)]  in org.gnome.Terminal (gtk 3.24.52) (0, 31, \n\n\n\n\n\n\n\n\n\n\n\n\n\n\n\n\n\n\n\n\n\n\n\n\n\n\n\n\n\n\n)
10:07:20.790095 - FOCUS MANAGER: Locus of focus is [DEAD (0x7a29e8a6ad40)] 
10:07:20.790138 - EVENT_MANAGER: Not ignoring object:text-changed:delete due to source being focused
10:07:20.790170 - EVENT MANAGER: Queueing object:text-changed:delete for [terminal: 'Terminal' (0x7a29d2f908c0)]  in org.gnome.Terminal (gtk 3.24.52) (0, 31, \n\n\n\n\n\n\n\n\n\n\n\n\n\n\n\n\n\n\n\n\n\n\n\n\n\n\n\n\n\n\n)
10:07:20.790184 - EVENT MANAGER: App for event source is [application: 'org.gnome.Terminal' (0x7a29e81246c0)] 
10:07:20.790200 - SCRIPT MANAGER: Getting script for [application: 'org.gnome.Terminal' (0x7a29e81246c0)]  [terminal: 'Terminal' (0x7a29d2f908c0)] 
10:07:20.790221 - SCRIPT MANAGER: Script is custom script org.gnome.Terminal (module=orca.scripts.terminal.script)
10:07:20.790256 - EVENT MANAGER: object:text-changed:delete for [terminal: 'Terminal' (0x7a29d2f908c0)]  in org.gnome.Terminal (gtk 3.24.52) (0, 31, \n\n\n\n\n\n\n\n\n\n\n\n\n\n\n\n\n\n\n\n\n\n\n\n\n\n\n\n\n\n\n) has priority level: 4
10:07:20.790290 - EVENT MANAGER: Queued object:text-changed:delete for [terminal: 'Terminal' (0x7a29d2f908c0)]  in org.gnome.Terminal (gtk 3.24.52) (0, 31, \n\n\n\n\n\n\n\n\n\n\n\n\n\n\n\n\n\n\n\n\n\n\n\n\n\n\n\n\n\n\n) priority: 4, counter: 78
10:07:20.790328 - CLIPBOARD PRESENTER: Possible change event object:text-changed:insert for [terminal: 'Terminal' (0x7a29d2f908c0)]  in org.gnome.Terminal (gtk 3.24.52) (0, 3231, \n \n \nAdvance download \n... \n \n \n \n \n (3262 chars.))

10:07:20.790376 - EVENT MANAGER: object:text-changed:insert for [terminal: 'Terminal' (0x7a29d2f908c0)]  in org.gnome.Terminal (gtk 3.24.52) (0, 3231, \n \n \nAdvance download \n... \n \n \n \n \n (3262 chars.))
10:07:20.790387 - FOCUS MANAGER: Locus of focus is [DEAD (0x7a29e8a6ad40)] 
10:07:20.790430 - EVENT_MANAGER: Not ignoring object:text-changed:insert due to source being focused
10:07:20.790463 - EVENT MANAGER: Queueing object:text-changed:insert for [terminal: 'Terminal' (0x7a29d2f908c0)]  in org.gnome.Terminal (gtk 3.24.52) (0, 3231, \n \n \nAdvance download \n... \n \n \n \n \n (3262 chars.))
10:07:20.790477 - EVENT MANAGER: App for event source is [application: 'org.gnome.Terminal' (0x7a29e81246c0)] 
10:07:20.790492 - SCRIPT MANAGER: Getting script for [application: 'org.gnome.Terminal' (0x7a29e81246c0)]  [terminal: 'Terminal' (0x7a29d2f908c0)] 
10:07:20.790514 - SCRIPT MANAGER: Script is custom script org.gnome.Terminal (module=orca.scripts.terminal.script)
10:07:20.790552 - EVENT MANAGER: object:text-changed:insert for [terminal: 'Terminal' (0x7a29d2f908c0)]  in org.gnome.Terminal (gtk 3.24.52) (0, 3231, \n \n \nAdvance download \n... \n \n \n \n \n (3262 chars.)) has priority level: 4
10:07:20.790589 - EVENT MANAGER: Queued object:text-changed:insert for [terminal: 'Terminal' (0x7a29d2f908c0)]  in org.gnome.Terminal (gtk 3.24.52) (0, 3231, \n \n \nAdvance download \n... \n \n \n \n \n (3262 chars.)) priority: 4, counter: 79

10:07:20.790622 - EVENT MANAGER: object:text-caret-moved for [terminal: 'Terminal' (0x7a29d2f908c0)]  in org.gnome.Terminal (gtk 3.24.52) (3231, 0, 0)
10:07:20.790633 - FOCUS MANAGER: Locus of focus is [DEAD (0x7a29e8a6ad40)] 
10:07:20.790676 - EVENT_MANAGER: Not ignoring object:text-caret-moved due to source being focused
10:07:20.790705 - EVENT MANAGER: Queueing object:text-caret-moved for [terminal: 'Terminal' (0x7a29d2f908c0)]  in org.gnome.Terminal (gtk 3.24.52) (3231, 0, 0)
10:07:20.790719 - EVENT MANAGER: App for event source is [application: 'org.gnome.Terminal' (0x7a29e81246c0)] 
10:07:20.790734 - SCRIPT MANAGER: Getting script for [application: 'org.gnome.Terminal' (0x7a29e81246c0)]  [terminal: 'Terminal' (0x7a29d2f908c0)] 
10:07:20.790753 - SCRIPT MANAGER: Script is custom script org.gnome.Terminal (module=orca.scripts.terminal.script)
10:07:20.790787 - EVENT MANAGER: object:text-caret-moved for [terminal: 'Terminal' (0x7a29d2f908c0)]  in org.gnome.Terminal (gtk 3.24.52) (3231, 0, 0) has priority level: 4
10:07:20.790818 - EVENT MANAGER: Queued object:text-caret-moved for [terminal: 'Terminal' (0x7a29d2f908c0)]  in org.gnome.Terminal (gtk 3.24.52) (3231, 0, 0) priority: 4, counter: 80
10:07:20.791329 - EVENT SOURCE:
                  app='org.gnome.Terminal (gtk 3.24.52)' name='Terminal' role='terminal' axid='' id=0x7a29d2f908c0
                  description=''
                  help=''
                  locale='C.UTF-8'
                  states='enabled, focusable, focused, sensitive, showing, visible'
                  relations=''
                  actions='menu'
                  interfaces='Action, Collection, Component, Text'
                  attributes='toolkit:gtk'
                  text='\n \n \nAdvance download \n ... \n \n \n \n \n (3264 chars.)'
                  path=[-1, 0, 0, 1, 0, 0, 0, 0]
                  
10:07:20.791356 - SCRIPT MANAGER: Active script is: accessibility_probe (module=orca.scripts.default)
10:07:20.791371 - FOCUS MANAGER: Locus of focus is [DEAD (0x7a29e8a6ad40)] 
10:07:20.791398 - EVENT MANAGER: Getting script for event for [application: 'org.gnome.Terminal' (0x7a29e81246c0)]  [terminal: 'Terminal' (0x7a29d2f908c0)] 
10:07:20.791414 - SCRIPT MANAGER: Getting script for [application: 'org.gnome.Terminal' (0x7a29e81246c0)]  [terminal: 'Terminal' (0x7a29d2f908c0)] 
10:07:20.791435 - SCRIPT MANAGER: Script is custom script org.gnome.Terminal (module=orca.scripts.terminal.script)
10:07:20.791448 - EVENT MANAGER: Script for event is org.gnome.Terminal (module=orca.scripts.terminal.script)
10:07:20.791909 - EVENT MANAGER: Change active script: False (No reason found to activate a different script.)
10:07:20.791919 - EVENT MANAGER: Not processing object:text-changed:insert due to lack of reason
TOTAL PROCESSING TIME: 0.0045
^^^^^ FINISHED PRIORITY-4 OBJECT EVENT OBJECT:TEXT-CHANGED:INSERT ^^^^^

10:07:20.792014 - EVENT MANAGER: Dequeueing window:activate for [frame: 'Reactive TUI App accessibility round 2' (0x7a29d2d9cb40)]  in accessibility_probe (AccessKit) (0, 0, Reactive TUI App accessibility round 2)
10:07:20.792066 - EVENT MANAGER: Dequeued window:activate for [frame: 'Reactive TUI App accessibility round 2' (0x7a29d2d54740)]  in accessibility_probe (AccessKit) (0, 0, Reactive TUI App accessibility round 2) priority: 2, counter: 73

vvvvv START PRIORITY-2 OBJECT EVENT WINDOW:ACTIVATE (queue size: 36) vvvvv
10:07:20.795300 - EVENT SOURCE:
                  app='accessibility_probe (AccessKit )' name='Reactive TUI App accessibility round 2' role='frame' axid='' id=0x7a29d2d9c740
                  description=''
                  help=''
                  locale=''
                  states='active, enabled, sensitive, showing, visible'
                  relations=''
                  actions=''
                  interfaces='Component'
                  attributes=''
                  text=''
                  path=[-1, 0]
                  
10:07:20.795372 - SCRIPT MANAGER: Active script is: accessibility_probe (module=orca.scripts.default)
10:07:20.795398 - FOCUS MANAGER: Locus of focus is [DEAD (0x7a29e8a6ad40)] 
10:07:20.795438 - EVENT MANAGER: Getting script for event for [application: 'accessibility_probe' (0x7a29d2d83380)]  [frame: 'Reactive TUI App accessibility round 2' (0x7a29d2d54740)] 
10:07:20.795464 - SCRIPT MANAGER: Getting script for [application: 'accessibility_probe' (0x7a29d2d83380)]  [frame: 'Reactive TUI App accessibility round 2' (0x7a29d2d54740)] 
10:07:20.795788 - SCRIPT MANAGER: Script is app script accessibility_probe (module=orca.scripts.default)
10:07:20.795840 - EVENT MANAGER: Script for event is accessibility_probe (module=orca.scripts.default)
10:07:20.797192 - AXObject: Exception in get_role_name: app no longer exists
10:07:20.797215 - AXObject: Adding to known dead objects ax_utilities_debugging._accessible_as_string:62 > ax_object.get_role_name:661 > ax_object.handle_error:193 > ax_object._set_known_dead_status:170
10:07:20.797578 - FOCUS MANAGER: Active window is [DEAD (0x7a29e814f500)]  event_manager._process_object_event:958 > event_manager._is_activatable_event:814 > event_manager._is_activatable_by_event_type:828 > focus_manager.get_active_window:342
10:07:20.797803 - EVENT MANAGER: Change active script: True (Window activation)
10:07:20.797829 - SCRIPT MANAGER: Deactivating accessibility_probe (module=orca.scripts.default) reason: Window activation
10:07:20.797856 - SCRIPT MANAGER: Setting active script to accessibility_probe (module=orca.scripts.default) reason: Window activation
10:07:20.797873 - DEFAULT: Activating script for [application: 'accessibility_probe' (0x7a29d2d83380)] 
10:07:20.798094 - SPEECH MANAGER: Speech server is <orca.speechdispatcherfactory.SpeechServer object at 0x7a29e89e96a0>
10:07:20.798152 - GSETTINGS SCHEMA HANDLE: speech/punctuation-level not set [app:accessibility_probe, profile:default]
10:07:20.798159 - GSETTINGS REGISTRY: speech/punctuation-level using default value = 'most'
10:07:20.798322 - SPEECH MANAGER: Speech server is <orca.speechdispatcherfactory.SpeechServer object at 0x7a29e89e96a0>
10:07:20.798343 - GSETTINGS SCHEMA HANDLE: speech/capitalization-style not set [app:accessibility_probe, profile:default]
10:07:20.798348 - GSETTINGS REGISTRY: speech/capitalization-style using default value = 'none'
10:07:20.798523 - SPEECH MANAGER: Speech server is <orca.speechdispatcherfactory.SpeechServer object at 0x7a29e89e96a0>
10:07:20.798581 - GSETTINGS SCHEMA HANDLE: speech/synthesizer not set [app:accessibility_probe, profile:default]
10:07:20.798607 - SCRIPT MANAGER: Active script is: accessibility_probe (module=orca.scripts.default)
10:07:20.798612 - CARET NAVIGATOR: Commands suspended: False: script activation, no prior state
10:07:20.798631 - GSETTINGS SCHEMA HANDLE: keybindings/keyboard-layout not set [app:accessibility_probe, profile:default]
10:07:20.798635 - GSETTINGS REGISTRY: keybindings/keyboard-layout using default value = 'desktop'
10:07:20.798647 - GSETTINGS SCHEMA HANDLE: keybindings/desktop-modifier-keys not set [app:accessibility_probe, profile:default]
10:07:20.798652 - GSETTINGS REGISTRY: keybindings/desktop-modifier-keys using default value = ['Insert', 'KP_Insert']
10:07:20.798683 - SCRIPT MANAGER: Active script is: accessibility_probe (module=orca.scripts.default)
10:07:20.798688 - STRUCTURAL NAVIGATOR: Suspended: False: script activation, no prior state
10:07:20.798700 - GSETTINGS SCHEMA HANDLE: keybindings/keyboard-layout not set [app:accessibility_probe, profile:default]
10:07:20.798707 - GSETTINGS REGISTRY: keybindings/keyboard-layout using default value = 'desktop'
10:07:20.798717 - GSETTINGS SCHEMA HANDLE: keybindings/desktop-modifier-keys not set [app:accessibility_probe, profile:default]
10:07:20.798721 - GSETTINGS REGISTRY: keybindings/desktop-modifier-keys using default value = ['Insert', 'KP_Insert']
10:07:20.798757 - STRUCTURAL NAVIGATOR: Setting mode for accessibility_probe (module=orca.scripts.default) to NavigationMode.OFF
10:07:20.798770 - SCRIPT MANAGER: Active script is: accessibility_probe (module=orca.scripts.default)
10:07:20.798784 - GSETTINGS SCHEMA HANDLE: keybindings/keyboard-layout not set [app:accessibility_probe, profile:default]
10:07:20.798788 - GSETTINGS REGISTRY: keybindings/keyboard-layout using default value = 'desktop'
10:07:20.798797 - GSETTINGS SCHEMA HANDLE: keybindings/desktop-modifier-keys not set [app:accessibility_probe, profile:default]
10:07:20.798801 - GSETTINGS REGISTRY: keybindings/desktop-modifier-keys using default value = ['Insert', 'KP_Insert']
10:07:20.798833 - CARET NAVIGATOR: Setting enabled state for accessibility_probe (module=orca.scripts.default) to False
10:07:20.798846 - SCRIPT MANAGER: Active script is: accessibility_probe (module=orca.scripts.default)
10:07:20.798857 - GSETTINGS SCHEMA HANDLE: keybindings/keyboard-layout not set [app:accessibility_probe, profile:default]
10:07:20.798861 - GSETTINGS REGISTRY: keybindings/keyboard-layout using default value = 'desktop'
10:07:20.798871 - GSETTINGS SCHEMA HANDLE: keybindings/desktop-modifier-keys not set [app:accessibility_probe, profile:default]
10:07:20.798875 - GSETTINGS REGISTRY: keybindings/desktop-modifier-keys using default value = ['Insert', 'KP_Insert']
10:07:20.798885 - COMMAND MANAGER: Activating commands: activated accessibility_probe (module=orca.scripts.default)
10:07:20.798954 - GSETTINGS SCHEMA HANDLE: keybindings/entries no dict values set
10:07:20.798960 - GSETTINGS REGISTRY: keybindings/entries using default value = {}
10:07:20.798963 - COMMAND MANAGER: No user overrides to apply
10:07:20.799011 - GSETTINGS SCHEMA HANDLE: keybindings/keyboard-layout not set [app:accessibility_probe, profile:default]
10:07:20.799018 - GSETTINGS REGISTRY: keybindings/keyboard-layout using default value = 'desktop'
10:07:20.799029 - GSETTINGS SCHEMA HANDLE: keybindings/desktop-modifier-keys not set [app:accessibility_probe, profile:default]
10:07:20.799033 - GSETTINGS REGISTRY: keybindings/desktop-modifier-keys using default value = ['Insert', 'KP_Insert']

vvvvv COMMAND MANAGER: Grab diff: activated accessibility_probe (module=orca.scripts.default) (old: 77, new: 77) vvvvv
10:07:20.799051 -   No grab changes
^^^^^ COMMAND MANAGER: Diff completed in 0.0000s. Removed 0, added 0, transferred 0 ^^^^^

10:07:20.799074 - GSETTINGS SCHEMA HANDLE: speech/enable not set [app:accessibility_probe, profile:default]
10:07:20.799077 - GSETTINGS REGISTRY: speech/enable using default value = True
10:07:20.799081 - SPEECH MANAGER: Speech is enabled.
10:07:20.799111 - SPEECH MANAGER: start_speech. Script: None Event: None notify_user: False
10:07:20.799115 - SPEECH MANAGER: Initializing server
10:07:20.799119 - SPEECH MANAGER: Already initialized
10:07:20.799131 - GSETTINGS SCHEMA HANDLE: keybindings/keyboard-layout not set [app:accessibility_probe, profile:default]
10:07:20.799135 - GSETTINGS REGISTRY: keybindings/keyboard-layout using default value = 'desktop'
10:07:20.799140 - COMMAND MANAGER: Setting keyboard layout is_desktop to True.
10:07:20.799190 - GSETTINGS SCHEMA HANDLE: keybindings/entries no dict values set
10:07:20.799195 - GSETTINGS REGISTRY: keybindings/entries using default value = {}
10:07:20.799198 - COMMAND MANAGER: No user overrides to apply
10:07:20.799238 - GSETTINGS SCHEMA HANDLE: keybindings/keyboard-layout not set [app:accessibility_probe, profile:default]
10:07:20.799242 - GSETTINGS REGISTRY: keybindings/keyboard-layout using default value = 'desktop'
10:07:20.799252 - GSETTINGS SCHEMA HANDLE: keybindings/desktop-modifier-keys not set [app:accessibility_probe, profile:default]
10:07:20.799258 - GSETTINGS REGISTRY: keybindings/desktop-modifier-keys using default value = ['Insert', 'KP_Insert']

vvvvv COMMAND MANAGER: Grab diff: keyboard layout change (old: 77, new: 77) vvvvv
10:07:20.799270 -   No grab changes
^^^^^ COMMAND MANAGER: Diff completed in 0.0000s. Removed 0, added 0, transferred 0 ^^^^^

10:07:20.799278 - COMMAND MANAGER: Keyboard layout set to desktop.
10:07:20.799290 - GSETTINGS SCHEMA HANDLE: keybindings/keyboard-layout not set [app:accessibility_probe, profile:default]
10:07:20.799294 - GSETTINGS REGISTRY: keybindings/keyboard-layout using default value = 'desktop'
10:07:20.799303 - GSETTINGS SCHEMA HANDLE: keybindings/desktop-modifier-keys not set [app:accessibility_probe, profile:default]
10:07:20.799306 - GSETTINGS REGISTRY: keybindings/desktop-modifier-keys using default value = ['Insert', 'KP_Insert']
10:07:20.799315 - EVENT MANAGER: Processing window:activate: script for event is active
10:07:20.799350 - AXObject: Clearing AT-SPI cache on [frame: 'Reactive TUI App accessibility round 2' (0x7a29d2f9dc00)]  Recursive: False.  Reason: Checking if window can be the active window
10:07:20.802254 - AXUtilities: [frame: 'Reactive TUI App accessibility round 2' (0x7a29d2f9dc00)]  from [application: 'accessibility_probe' (0x7a29d2d83380)]  can be active window
10:07:20.802306 - FOCUS MANAGER: Active window is [DEAD (0x7a29e814f500)]  event_manager._dequeue_object_event:666 > event_manager._process_object_event:982 > default._on_window_activated:1384 > focus_manager.get_active_window:342
10:07:20.802826 - FOCUS MANAGER: Request to set active window to [frame: 'Reactive TUI App accessibility round 2' (0x7a29d2d9cc80)] 
10:07:20.802883 - FOCUS MANAGER: Focus [DEAD (0x7a29e8a6ad40)]  is not in [frame: 'Reactive TUI App accessibility round 2' (0x7a29d2d9cc80)] 
10:07:20.802933 - FOCUS MANAGER: Request to set locus of focus to [frame: 'Reactive TUI App accessibility round 2' (0x7a29d2d9cc80)]  event_manager._process_object_event:982 > default._on_window_activated:1391 > focus_manager.set_active_window:391 > focus_manager.set_locus_of_focus:271
10:07:20.803480 - AXObject: Clearing AT-SPI cache on [frame: 'Reactive TUI App accessibility round 2' (0x7a29d2d9cc80)]  Recursive: False.  Reason: Setting locus of focus.
10:07:20.803540 - SCRIPT MANAGER: Active script is: accessibility_probe (module=orca.scripts.default)
10:07:20.804330 - FOCUS MANAGER: Changing locus of focus from None to [frame: 'Reactive TUI App accessibility round 2' (0x7a29d2d9cc80)] . Notify: True
10:07:20.804381 - FOCUS MANAGER: Switching mode from object-navigator to focus-tracking
10:07:20.805016 - FOCUS MANAGER: Region of interest: [frame: 'Reactive TUI App accessibility round 2' (0x7a29d2d9cc80)]  (0, 0)
10:07:20.805081 - AXObject: Exception in get_role_name: app no longer exists
10:07:20.805092 - AXObject: Adding to known dead objects ax_utilities_debugging._accessible_as_string:62 > ax_object.get_role_name:661 > ax_object.handle_error:193 > ax_object._set_known_dead_status:170
10:07:20.806073 - FOCUS MANAGER: Switching object of interest from [DEAD (0x7a29d2f91740)]  to [frame: 'Reactive TUI App accessibility round 2' (0x7a29d2d9cc80)] 
10:07:20.808372 - DOCUMENT PRESENTER: Updating mode for focus change. Old focus: None old doc: None New focus: [frame: 'Reactive TUI App accessibility round 2' (0x7a29d2d9cc80)]  new doc: None
10:07:20.808401 - SCRIPT MANAGER: Active script is: accessibility_probe (module=orca.scripts.default)
10:07:20.808408 - CARET NAVIGATOR: Commands suspended: False: locus of focus no longer in document
10:07:20.808444 - GSETTINGS SCHEMA HANDLE: keybindings/keyboard-layout not set [app:accessibility_probe, profile:default]
10:07:20.808450 - GSETTINGS REGISTRY: keybindings/keyboard-layout using default value = 'desktop'
10:07:20.808463 - GSETTINGS SCHEMA HANDLE: keybindings/desktop-modifier-keys not set [app:accessibility_probe, profile:default]
10:07:20.808469 - GSETTINGS REGISTRY: keybindings/desktop-modifier-keys using default value = ['Insert', 'KP_Insert']
10:07:20.808500 - SCRIPT MANAGER: Active script is: accessibility_probe (module=orca.scripts.default)
10:07:20.808512 - STRUCTURAL NAVIGATOR: Suspended: False: locus of focus no longer in document
10:07:20.808524 - GSETTINGS SCHEMA HANDLE: keybindings/keyboard-layout not set [app:accessibility_probe, profile:default]
10:07:20.808528 - GSETTINGS REGISTRY: keybindings/keyboard-layout using default value = 'desktop'
10:07:20.808538 - GSETTINGS SCHEMA HANDLE: keybindings/desktop-modifier-keys not set [app:accessibility_probe, profile:default]
10:07:20.808543 - GSETTINGS REGISTRY: keybindings/desktop-modifier-keys using default value = ['Insert', 'KP_Insert']
10:07:20.808576 - STRUCTURAL NAVIGATOR: Setting mode for accessibility_probe (module=orca.scripts.default) to NavigationMode.OFF
10:07:20.808590 - SCRIPT MANAGER: Active script is: accessibility_probe (module=orca.scripts.default)
10:07:20.808603 - GSETTINGS SCHEMA HANDLE: keybindings/keyboard-layout not set [app:accessibility_probe, profile:default]
10:07:20.808607 - GSETTINGS REGISTRY: keybindings/keyboard-layout using default value = 'desktop'
10:07:20.808618 - GSETTINGS SCHEMA HANDLE: keybindings/desktop-modifier-keys not set [app:accessibility_probe, profile:default]
10:07:20.808622 - GSETTINGS REGISTRY: keybindings/desktop-modifier-keys using default value = ['Insert', 'KP_Insert']
10:07:20.808653 - CARET NAVIGATOR: Setting enabled state for accessibility_probe (module=orca.scripts.default) to False
10:07:20.808666 - SCRIPT MANAGER: Active script is: accessibility_probe (module=orca.scripts.default)
10:07:20.808678 - GSETTINGS SCHEMA HANDLE: keybindings/keyboard-layout not set [app:accessibility_probe, profile:default]
10:07:20.808682 - GSETTINGS REGISTRY: keybindings/keyboard-layout using default value = 'desktop'
10:07:20.808691 - GSETTINGS SCHEMA HANDLE: keybindings/desktop-modifier-keys not set [app:accessibility_probe, profile:default]
10:07:20.808695 - GSETTINGS REGISTRY: keybindings/desktop-modifier-keys using default value = ['Insert', 'KP_Insert']
10:07:20.808770 - SCRIPT UTILITIES: [frame: 'Reactive TUI App accessibility round 2' (0x7a29d2d9cc80)]  is top-level object for: [frame: 'Reactive TUI App accessibility round 2' (0x7a29d2d9cc80)] 
10:07:20.808799 - FOCUS MANAGER: Request to set active window to [frame: 'Reactive TUI App accessibility round 2' (0x7a29d2d9cc80)] 
10:07:20.808807 - FOCUS MANAGER: Setting active window to existing active window
10:07:20.808826 - SCRIPT MANAGER: Getting script for [application: 'accessibility_probe' (0x7a29d2d83380)]  [frame: 'Reactive TUI App accessibility round 2' (0x7a29d2d9cc80)] 
10:07:20.809050 - SCRIPT MANAGER: Script is app script accessibility_probe (module=orca.scripts.default)
10:07:20.809073 - PRESENTATION MANAGER: Not interrupting for locusOfFocus change: event is None
10:07:20.809130 - FOCUS MANAGER: Active mode: focus-tracking Object of interest: [frame: 'Reactive TUI App accessibility round 2' (0x7a29d2d9cc80)] 
10:07:20.809167 - GSETTINGS SCHEMA HANDLE: speech/enable not set [app:accessibility_probe, profile:default]
10:07:20.809176 - GSETTINGS REGISTRY: speech/enable using default value = True
10:07:20.809201 - GSETTINGS SCHEMA HANDLE: speech/verbosity-level not set [app:accessibility_probe, profile:default]
10:07:20.809208 - GSETTINGS REGISTRY: speech/verbosity-level using default value = 'verbose'
10:07:20.809233 - FOCUS MANAGER: Locus of focus is [frame: 'Reactive TUI App accessibility round 2' (0x7a29d2d9cc80)] 
10:07:20.809252 - SCRIPT MANAGER: Active script is: accessibility_probe (module=orca.scripts.default)
10:07:20.809271 - GSETTINGS SCHEMA HANDLE: speech/only-speak-displayed-text not set [app:accessibility_probe, profile:default]
10:07:20.809275 - GSETTINGS REGISTRY: speech/only-speak-displayed-text using default value = False
10:07:20.809287 - GSETTINGS SCHEMA HANDLE: speech/speak-description not set [app:accessibility_probe, profile:default]
10:07:20.809290 - GSETTINGS REGISTRY: speech/speak-description using default value = True
10:07:20.809301 - GSETTINGS SCHEMA HANDLE: speech/speak-tutorial-messages not set [app:accessibility_probe, profile:default]
10:07:20.809308 - GSETTINGS REGISTRY: speech/speak-tutorial-messages using default value = True
10:07:20.809318 - GSETTINGS SCHEMA HANDLE: speech/speak-position-in-set not set [app:accessibility_probe, profile:default]
10:07:20.809321 - GSETTINGS REGISTRY: speech/speak-position-in-set using default value = False
10:07:20.809330 - GSETTINGS SCHEMA HANDLE: speech/speak-widget-mnemonic not set [app:accessibility_probe, profile:default]
10:07:20.809333 - GSETTINGS REGISTRY: speech/speak-widget-mnemonic using default value = True
10:07:20.809342 - GSETTINGS SCHEMA HANDLE: speech/speak-blank-lines not set [app:accessibility_probe, profile:default]
10:07:20.809345 - GSETTINGS REGISTRY: speech/speak-blank-lines using default value = True
10:07:20.809354 - GSETTINGS SCHEMA HANDLE: speech/speak-indentation-and-justification not set [app:accessibility_probe, profile:default]
10:07:20.809358 - GSETTINGS REGISTRY: speech/speak-indentation-and-justification using default value = False
10:07:20.809367 - GSETTINGS SCHEMA HANDLE: speech/announce-cell-headers not set [app:accessibility_probe, profile:default]
10:07:20.809371 - GSETTINGS REGISTRY: speech/announce-cell-headers using default value = True
10:07:20.809380 - GSETTINGS SCHEMA HANDLE: speech/announce-cell-coordinates not set [app:accessibility_probe, profile:default]
10:07:20.809383 - GSETTINGS REGISTRY: speech/announce-cell-coordinates using default value = True
10:07:20.809393 - GSETTINGS SCHEMA HANDLE: speech/announce-spreadsheet-cell-coordinates not set [app:accessibility_probe, profile:default]
10:07:20.809396 - GSETTINGS REGISTRY: speech/announce-spreadsheet-cell-coordinates using default value = True
10:07:20.809405 - GSETTINGS SCHEMA HANDLE: speech/announce-blockquote not set [app:accessibility_probe, profile:default]
10:07:20.809409 - GSETTINGS REGISTRY: speech/announce-blockquote using default value = True
10:07:20.809418 - GSETTINGS SCHEMA HANDLE: speech/announce-form not set [app:accessibility_probe, profile:default]
10:07:20.809422 - GSETTINGS REGISTRY: speech/announce-form using default value = True
10:07:20.809431 - GSETTINGS SCHEMA HANDLE: speech/announce-landmark not set [app:accessibility_probe, profile:default]
10:07:20.809434 - GSETTINGS REGISTRY: speech/announce-landmark using default value = True
10:07:20.809443 - GSETTINGS SCHEMA HANDLE: speech/announce-list not set [app:accessibility_probe, profile:default]
10:07:20.809446 - GSETTINGS REGISTRY: speech/announce-list using default value = True
10:07:20.809455 - GSETTINGS SCHEMA HANDLE: speech/announce-grouping not set [app:accessibility_probe, profile:default]
10:07:20.809458 - GSETTINGS REGISTRY: speech/announce-grouping using default value = True
10:07:20.809467 - GSETTINGS SCHEMA HANDLE: speech/announce-table not set [app:accessibility_probe, profile:default]
10:07:20.809470 - GSETTINGS REGISTRY: speech/announce-table using default value = True
10:07:20.811416 - GENERATOR: _get_functional_role: frame
10:07:20.811544 - SPEECH GENERATOR: speech_generator.SpeechGenerator._generate_frame for [frame: 'Reactive TUI App accessibility round 2' (0x7a29d2d9cc80)]  args: {'formatType': 'unfocused', 'priorObj': "[frame: 'Reactive TUI App accessibility round 2' (0x7a29d2d9cc80)] ", 'role': 'frame'}
10:07:20.811604 - SPEECH GENERATOR: _generate_old_ancestors: []
10:07:20.811643 - SPEECH GENERATOR: _generate_new_ancestors: []
10:07:20.811699 - AXUtilitiesRelation: [frame: 'Reactive TUI App accessibility round 2' (0x7a29d2d9cc80)]  is labelled by: []
10:07:20.811718 - GENERATOR: _generate_accessible_label: []
10:07:20.811741 - SPEECH GENERATOR: _generate_accessible_label: []
10:07:20.811781 - GENERATOR: _generate_accessible_name: [Reactive TUI App accessibility round 2]
10:07:20.811820 - GSETTINGS SCHEMA HANDLE: voice/established not set [app:accessibility_probe, profile:default]
10:07:20.811843 - GSETTINGS SCHEMA HANDLE: voice/rate not set [app:accessibility_probe, profile:default]
10:07:20.811862 - GSETTINGS SCHEMA HANDLE: voice/pitch not set [app:accessibility_probe, profile:default]
10:07:20.811887 - GSETTINGS SCHEMA HANDLE: voice/volume not set [app:accessibility_probe, profile:default]
10:07:20.811907 - GSETTINGS SCHEMA HANDLE: voice/family-name not set [app:accessibility_probe, profile:default]
10:07:20.811923 - GSETTINGS SCHEMA HANDLE: voice/family-lang not set [app:accessibility_probe, profile:default]
10:07:20.811936 - GSETTINGS SCHEMA HANDLE: voice/family-dialect not set [app:accessibility_probe, profile:default]
10:07:20.811951 - GSETTINGS SCHEMA HANDLE: voice/family-gender not set [app:accessibility_probe, profile:default]
10:07:20.811967 - GSETTINGS SCHEMA HANDLE: voice/family-variant not set [app:accessibility_probe, profile:default]
10:07:20.812025 - SPEECH GENERATOR: default voice requested for [frame: 'Reactive TUI App accessibility round 2' (0x7a29d2d9cc80)]  language='', dialect='' Unmodified voice={'established': False}
10:07:20.812073 - SPEECH GENERATOR: Reported locale of [frame: 'Reactive TUI App accessibility round 2' (0x7a29d2d9cc80)]  is 
10:07:20.812096 - SPEECH GENERATOR: Updated to: 'C', ''
10:07:20.812132 - GSETTINGS SCHEMA HANDLE: speech/auto-language-switching not set [app:accessibility_probe, profile:default]
10:07:20.812141 - GSETTINGS REGISTRY: speech/auto-language-switching using default value = True
10:07:20.812155 - SPEECH DISPATCHER: Returning cached result for language='C' dialect='' variant='None'
10:07:20.812202 - SPEECH GENERATOR: Family updated to {'dialect': '', 'lang': 'C', 'name': ''}
10:07:20.812276 - SPEECH GENERATOR: Final voice is {'established': 'False', 'family': "{'dialect': '', 'lang': 'C', 'name': ''}"}
10:07:20.812366 - SPEECH GENERATOR: _generate_accessible_name: [Reactive TUI App accessibility round 2, {'established': 'False', 'family': "{'dialect': '', 'lang': 'C', 'name': ''}"}]
10:07:20.812456 - GENERATOR: _generate_accessible_label_and_name: [Reactive TUI App accessibility round 2, {'established': 'False', 'family': "{'dialect': '', 'lang': 'C', 'name': ''}"}]
10:07:20.812495 - SPEECH PRESENTER: Adjusting 'Reactive TUI App accessibility round 2' from [frame: 'Reactive TUI App accessibility round 2' (0x7a29d2d9cc80)]  start_offset: None
10:07:20.812743 - GSETTINGS SCHEMA HANDLE: speech/speak-numbers-as-digits not set [app:accessibility_probe, profile:default]
10:07:20.812763 - GSETTINGS REGISTRY: speech/speak-numbers-as-digits using default value = False
10:07:20.812808 - GSETTINGS SCHEMA HANDLE: speech/repeated-character-limit not set [app:accessibility_probe, profile:default]
10:07:20.812817 - GSETTINGS REGISTRY: speech/repeated-character-limit using default value = 4
10:07:20.813616 - GSETTINGS SCHEMA HANDLE: speech/use-pronunciation-dictionary not set [app:accessibility_probe, profile:default]
10:07:20.813636 - GSETTINGS REGISTRY: speech/use-pronunciation-dictionary using default value = True
10:07:20.813650 - SPEECH PRESENTER: Adjusted text: 'Reactive TUI App accessibility round 2'
10:07:20.813713 - SPEECH GENERATOR: _generate_accessible_label_and_name: [Reactive TUI App accessibility round 2, {'established': 'False', 'family': "{'dialect': '', 'lang': 'C', 'name': ''}"}]
10:07:20.814075 - SPEECH GENERATOR: _generate_accessible_role: []
10:07:20.814145 - AXUtilities: Unfocused alerts and dialogs for [frame: 'Reactive TUI App accessibility round 2' (0x7a29d2d9cc80)] : []
10:07:20.814160 - SPEECH GENERATOR: _generate_unfocused_dialog_count: []
10:07:20.814217 - SPEECH GENERATOR: Results: [Reactive TUI App accessibility round 2, {'established': 'False', 'family': "{'dialect': '', 'lang': 'C', 'name': ''}"}]
10:07:20.814277 - SPEECH: Speak [Reactive TUI App accessibility round 2, {'established': 'False', 'family': "{'dialect': '', 'lang': 'C', 'name': ''}"}], acss: None
10:07:20.814294 - SPEECH OUTPUT: 'Reactive TUI App accessibility round 2' {'established': False, 'family': {'name': '', 'gender': None, 'lang': 'C', 'dialect': '', 'variant': None}}
10:07:20.814299 - SPEECH DISPATCHER: Speaking 'Reactive TUI App accessibility round 2' as string
10:07:20.814608 - SPEECH DISPATCHER: Speaking '<speak><mark name="0:8"/>Reactive <mark name="9:12"/>TUI <mark name="13:16"/>App <mark name="17:30"/>accessibility <mark name="31:36"/>round <mark name="37:38"/>2</speak>' 
                  ORCA rate 50.0, pitch 5.0, volume 10.0, language C, punctuation: MOST
                  SD rate 2, pitch 10, volume 100, language c
10:07:20.814812 - GSETTINGS SCHEMA HANDLE: braille/enabled not set [app:accessibility_probe, profile:default]
10:07:20.814836 - GSETTINGS REGISTRY: braille/enabled using default value = True
10:07:20.814895 - FOCUS MANAGER: Active mode: focus-tracking Object of interest: [frame: 'Reactive TUI App accessibility round 2' (0x7a29d2d9cc80)] 
10:07:20.814935 - GSETTINGS SCHEMA HANDLE: braille/enabled not set [app:accessibility_probe, profile:default]
10:07:20.814952 - GSETTINGS REGISTRY: braille/enabled using default value = True
10:07:20.814997 - GSETTINGS SCHEMA HANDLE: braille/verbosity-level not set [app:accessibility_probe, profile:default]
10:07:20.815013 - GSETTINGS REGISTRY: braille/verbosity-level using default value = 'verbose'
10:07:20.815049 - FOCUS MANAGER: Locus of focus is [frame: 'Reactive TUI App accessibility round 2' (0x7a29d2d9cc80)] 
10:07:20.815079 - SCRIPT MANAGER: Active script is: accessibility_probe (module=orca.scripts.default)
10:07:20.815119 - GSETTINGS SCHEMA HANDLE: braille/rolename-style not set [app:accessibility_probe, profile:default]
10:07:20.815132 - GSETTINGS REGISTRY: braille/rolename-style using default value = 'verbose'
10:07:20.815182 - GSETTINGS SCHEMA HANDLE: braille/display-ancestors not set [app:accessibility_probe, profile:default]
10:07:20.815200 - GSETTINGS REGISTRY: braille/display-ancestors using default value = True
10:07:20.815221 - GSETTINGS SCHEMA HANDLE: braille/end-of-line-indicator not set [app:accessibility_probe, profile:default]
10:07:20.815226 - GSETTINGS REGISTRY: braille/end-of-line-indicator using default value = True
10:07:20.815238 - GSETTINGS SCHEMA HANDLE: braille/present-mnemonics not set [app:accessibility_probe, profile:default]
10:07:20.815242 - GSETTINGS REGISTRY: braille/present-mnemonics using default value = True
10:07:20.816896 - GENERATOR: _get_functional_role: frame
10:07:20.816969 - BRAILLE GENERATOR: braille_generator.BrailleGenerator._generate_frame for [frame: 'Reactive TUI App accessibility round 2' (0x7a29d2d9cc80)]  args: {'formatType': 'focused', 'priorObj': "[frame: 'Reactive TUI App accessibility round 2' (0x7a29d2d9cc80)] ", 'role': 'frame'}
10:07:20.818804 - GENERATOR: _get_functional_role: application
10:07:20.818842 - BRAILLE GENERATOR: [application: 'accessibility_probe' (0x7a29d2d83380)]  lacks dedicated generator
10:07:20.818918 - BRAILLE GENERATOR: braille_generator.BrailleGenerator._generate_default_presentation for [application: 'accessibility_probe' (0x7a29d2d83380)]  args: {'formatType': 'ancestor',
                   'includeContext': 'False',
                   'priorObj': "[frame: 'Reactive TUI App accessibility round 2' (0x7a29d2d9cc80)] ",
                   'role': 'application'}
10:07:20.819262 - AXUtilitiesRelation: [application: 'accessibility_probe' (0x7a29d2d83380)]  is labelled by: []
10:07:20.819288 - GENERATOR: _generate_accessible_label: []
10:07:20.819312 - GENERATOR: _generate_accessible_name: [accessibility_probe]
10:07:20.819333 - GENERATOR: _generate_accessible_label_and_name: [accessibility_probe]
10:07:20.820469 - BRAILLE GENERATOR: _generate_accessible_role: [application]
10:07:20.820495 - BRAILLE: Not contracting 'accessibility_probe application' because contracted braille is not enabled.
10:07:20.820519 - BRAILLE GENERATOR: Results: [COMPONENT: 'accessibility_probe application', cursor offset:0]
10:07:20.820546 - BRAILLE GENERATOR: _generate_ancestors: [COMPONENT: 'accessibility_probe application', cursor offset:0]
10:07:20.820580 - AXUtilitiesRelation: [frame: 'Reactive TUI App accessibility round 2' (0x7a29d2d9cc80)]  is labelled by: []
10:07:20.820593 - GENERATOR: _generate_accessible_label: []
10:07:20.820615 - GENERATOR: _generate_accessible_name: [Reactive TUI App accessibility round 2]
10:07:20.820634 - GENERATOR: _generate_accessible_label_and_name: [Reactive TUI App accessibility round 2]
10:07:20.821513 - AXObject: Exception in get_attributes_dict: atspi_error: The process appears to be hung. (1)
10:07:20.821557 - BRAILLE GENERATOR: _generate_accessible_role: [frame]
10:07:20.821631 - AXUtilities: Unfocused alerts and dialogs for [frame: 'Reactive TUI App accessibility round 2' (0x7a29d2d9cc80)] : []
10:07:20.821651 - BRAILLE GENERATOR: _generate_alert_and_dialog_count: []
10:07:20.821666 - BRAILLE: Not contracting 'Reactive TUI App accessibility round 2 frame' because contracted braille is not enabled.
10:07:20.821705 - AXUtilitiesRelation: [frame: 'Reactive TUI App accessibility round 2' (0x7a29d2d9cc80)]  is described by: []
10:07:20.821719 - GENERATOR: _generate_accessible_description: []
10:07:20.821740 - AXObject: Exception in get_attributes_dict: atspi_error: The process appears to be hung. (1)
10:07:20.821762 - GENERATOR: _generate_state_current: []
10:07:20.821810 - BRAILLE GENERATOR: Results: [COMPONENT: 'accessibility_probe application', cursor offset:0, REGION: ' ', cursor offset:0, COMPONENT: 'Reactive TUI App accessibility round 2 frame', cursor offset:0]
10:07:20.821859 - BRAILLE: Refresh. Pan: True target: 0
10:07:20.821868 - BRAILLE: Kill flash message braille.display_line:1618 > braille.refresh:2097 > braille._prepare_refresh:1856 > braille.kill_flash:2182
10:07:20.822726 - GSETTINGS SCHEMA HANDLE: braille/enabled not set [app:accessibility_probe, profile:default]
10:07:20.822753 - GSETTINGS REGISTRY: braille/enabled using default value = True
10:07:20.822797 - BRAILLE: Last text object: None (Caret: 0, Line: 0, Cell: 0)
10:07:20.822848 - BRAILLE: Current text object: None (Caret: 0, Line: 0). On same line: False
10:07:20.822866 - BRAILLE: Line 0: 'accessibility_probe application Reactive TUI App accessibility round 2 frame' focusOffset: 32 [[0, 32], [32, 63], [63, 76]]
10:07:20.822879 - BRAILLE: Cursor offset in line string is: 32
10:07:20.822893 - BRAILLE: Adjusting offset to 32 (unhandled condition)
10:07:20.822905 - BRAILLE: Current range: (32, 64). Target cell: 0
10:07:20.822918 - BRAILLE LINE:  'accessibility_probe application Reactive TUI App accessibility round 2 frame'
10:07:20.822929 -      VISIBLE:  'Reactive TUI App accessibility r', cursor=1
10:07:20.822959 - BRAILLE: Enabling braille. BrlAPI running: False
10:07:20.822970 - BRAILLE: Need to initialize first.
10:07:20.823011 - BRAILLE: Initializing. Callback: input_event_manager.InputEventManager.process_braille_event
10:07:20.823064 - BRAILLE: WINDOWPATH= None
10:07:20.823095 - BRAILLE: XDG_VTNR= 1
10:07:20.823123 - BRAILLE: Attempting connection with BrlAPI.
10:07:20.823295 - AXTable: Setting last cell coordinates to row=-1, column=-1
10:07:20.823325 - FOCUS MANAGER: Setting last cursor position to [frame: 'Reactive TUI App accessibility round 2' (0x7a29d2d9cc80)]  -1
10:07:20.823373 - FOCUS MANAGER: Active window is [frame: 'Reactive TUI App accessibility round 2' (0x7a29d2d9cc80)]  focus_manager.set_locus_of_focus:327 > focus_manager._save_object_details:254 > ax_utilities_event.save_object_info_for_events:195 > focus_manager.get_active_window:342
10:07:20.823804 - BRAILLE: BrlAPI Connection is unavailable (ConnectionError): couldn't connect to b':0' with key b'keyfile:/etc/brlapi.key+polkit': connect: No such file or directory
                  (brlerrno 11, libcerrno 2, gaierrno 0)
                  Is BRLTTY really running?
10:07:20.823866 - SCRIPT MANAGER: Getting script for [application: 'accessibility_probe' (0x7a29d2d83380)]  [frame: 'Reactive TUI App accessibility round 2' (0x7a29d2d9cc80)] 
10:07:20.823975 - AXObject: Exception in get_attributes_dict: atspi_error: The process appears to be hung. (1)
10:07:20.824053 - SCRIPT MANAGER: Script is app script accessibility_probe (module=orca.scripts.default)
10:07:20.824125 - AXObject: Exception in get_child_count: atspi_error: The process appears to be hung. (1)
10:07:20.824195 - SPELL CHECK PRESENTER: Handling window:activate for [frame: 'Reactive TUI App accessibility round 2' (0x7a29d2d9cc80)] 
10:07:20.824311 - SPELL CHECK PRESENTER: Attempting activation for [frame: 'Reactive TUI App accessibility round 2' (0x7a29d2d9cc80)] 
10:07:20.824367 - AXObject: Exception in get_accessible_id: atspi_error: The process appears to be hung. (1)
10:07:20.824397 - AXObject: Exception in get_attributes_dict: atspi_error: The process appears to be hung. (1)
10:07:20.824443 - SPELL CHECK PRESENTER: [frame: 'Reactive TUI App accessibility round 2' (0x7a29d2d9cc80)]  is not spellcheck window
10:07:20.824456 - SPELL CHECK PRESENTER: Not a spellcheck window. Deactivating.
10:07:20.824499 - FOCUS MANAGER: Request to set locus of focus to [frame: 'Reactive TUI App accessibility round 2' (0x7a29d2d9cc80)]  event_manager._dequeue_object_event:666 > event_manager._process_object_event:982 > default._on_window_activated:1408 > focus_manager.set_locus_of_focus:271
10:07:20.825033 - AXObject: Clearing AT-SPI cache on [frame: 'Reactive TUI App accessibility round 2' (0x7a29d2d9cc80)]  Recursive: False.  Reason: Setting locus of focus.
10:07:20.825062 - FOCUS MANAGER: Setting locus of focus to existing locus of focus
TOTAL PROCESSING TIME: 0.0330
^^^^^ FINISHED PRIORITY-2 OBJECT EVENT WINDOW:ACTIVATE ^^^^^

10:07:20.825292 - GSETTINGS SCHEMA HANDLE: keybindings/keyboard-layout not set [app:accessibility_probe, profile:default]
10:07:20.825312 - GSETTINGS REGISTRY: keybindings/keyboard-layout using default value = 'desktop'
10:07:20.825328 - GSETTINGS SCHEMA HANDLE: keybindings/desktop-modifier-keys not set [app:accessibility_probe, profile:default]
10:07:20.825335 - GSETTINGS REGISTRY: keybindings/desktop-modifier-keys using default value = ['Insert', 'KP_Insert']
10:07:20.825361 - AXObject: Exception in get_role_name: atspi_error: The process appears to be hung. (1)
10:07:20.825372 - AXObject: Exception in get_name: atspi_error: The process appears to be hung. (1)
10:07:20.825378 - FOCUS MANAGER: Active window is [DEAD (0x7a29d2d9cc80)]  <unknown>.<module>:373 > input_event_manager._on_key_pressed:261 > input_event_manager.process_keyboard_event:297 > focus_manager.get_active_window:342
10:07:20.825612 - AXObject: Exception in get_role_name: atspi_error: The process appears to be hung. (1)
10:07:20.825624 - AXObject: Exception in get_name: atspi_error: The process appears to be hung. (1)
10:07:20.825640 - AXObject: Clearing AT-SPI cache on [DEAD (0x7a29d2d9cc80)]  Recursive: False.  Reason: Checking if window can be the active window
10:07:20.825788 - AXObject: Exception in get_role_name: atspi_error: The process appears to be hung. (1)
10:07:20.825798 - AXObject: Exception in get_name: atspi_error: The process appears to be hung. (1)
10:07:20.825818 - AXUtilities: [DEAD (0x7a29d2d9cc80)]  from [application: 'accessibility_probe' (0x7a29d2d83380)]  lacks active state
10:07:20.826334 - AXObject: Clearing AT-SPI cache on [frame: 'Terminal' (0x7a29e80bbbc0)]  Recursive: False.  Reason: Checking if window can be the active window
10:07:20.827401 - AXUtilities: [frame: 'Terminal' (0x7a29e80bbbc0)]  from [application: 'org.gnome.Terminal' (0x7a29e81246c0)]  can be active window
10:07:20.827451 - AXObject: Clearing AT-SPI cache on [frame: 'Independent background App' (0x7a29d2da9b40)]  Recursive: False.  Reason: Checking if window can be the active window
10:07:20.828962 - AXUtilities: [frame: 'Independent background App' (0x7a29d2da9b40)]  from [application: 'accessibility_probe' (0x7a29e810fcc0)]  lacks active state
10:07:20.829002 - AXUtilities: Active window is [frame: 'Terminal' (0x7a29e80bbbc0)] 
10:07:20.829019 - INPUT EVENT MANAGER: Updating window and active window to [frame: 'Terminal' (0x7a29e80bbbc0)] 
10:07:20.829032 - FOCUS MANAGER: Request to set active window to [frame: 'Terminal' (0x7a29e80bbbc0)] 
10:07:20.829051 - AXObject: Exception in get_role: atspi_error: The process appears to be hung. (1)
10:07:20.829068 - AXObject: Exception in get_role_name: atspi_error: The process appears to be hung. (1)
10:07:20.829075 - AXObject: Exception in get_name: atspi_error: The process appears to be hung. (1)
10:07:20.829088 - FOCUS MANAGER: Focus [DEAD (0x7a29d2d9cc80)]  is not in [frame: 'Terminal' (0x7a29e80bbbc0)] 
10:07:20.829100 - AXObject: Exception in get_role: atspi_error: The process appears to be hung. (1)
10:07:20.829175 - FOCUS MANAGER: Request to set locus of focus to [frame: 'Terminal' (0x7a29e80bbbc0)]  input_event_manager._on_key_pressed:261 > input_event_manager.process_keyboard_event:304 > focus_manager.set_active_window:391 > focus_manager.set_locus_of_focus:271
10:07:20.829492 - AXObject: Clearing AT-SPI cache on [frame: 'Terminal' (0x7a29e80bbbc0)]  Recursive: False.  Reason: Setting locus of focus.
10:07:20.829516 - SCRIPT MANAGER: Active script is: accessibility_probe (module=orca.scripts.default)
10:07:20.829528 - AXObject: Accessible is dead: atspi_error: The process appears to be hung. (1)
10:07:20.829670 - FOCUS MANAGER: Changing locus of focus from None to [frame: 'Terminal' (0x7a29e80bbbc0)] . Notify: True
10:07:20.829741 - FOCUS MANAGER: Region of interest: [frame: 'Terminal' (0x7a29e80bbbc0)]  (0, 0)
10:07:20.829767 - AXObject: Exception in get_role_name: atspi_error: The process appears to be hung. (1)
10:07:20.829776 - AXObject: Exception in get_name: atspi_error: The process appears to be hung. (1)
10:07:20.829823 - FOCUS MANAGER: Switching object of interest from [DEAD (0x7a29d2d9cc80)]  to [frame: 'Terminal' (0x7a29e80bbbc0)] 
10:07:20.829985 - DOCUMENT PRESENTER: Updating mode for focus change. Old focus: None old doc: None New focus: [frame: 'Terminal' (0x7a29e80bbbc0)]  new doc: None
10:07:20.830008 - SCRIPT MANAGER: Active script is: accessibility_probe (module=orca.scripts.default)
10:07:20.830013 - CARET NAVIGATOR: Commands suspended: False: locus of focus no longer in document
10:07:20.830054 - GSETTINGS SCHEMA HANDLE: keybindings/keyboard-layout not set [app:accessibility_probe, profile:default]
10:07:20.830059 - GSETTINGS REGISTRY: keybindings/keyboard-layout using default value = 'desktop'
10:07:20.830072 - GSETTINGS SCHEMA HANDLE: keybindings/desktop-modifier-keys not set [app:accessibility_probe, profile:default]
10:07:20.830077 - GSETTINGS REGISTRY: keybindings/desktop-modifier-keys using default value = ['Insert', 'KP_Insert']
10:07:20.830110 - SCRIPT MANAGER: Active script is: accessibility_probe (module=orca.scripts.default)
10:07:20.830117 - STRUCTURAL NAVIGATOR: Suspended: False: locus of focus no longer in document
10:07:20.830137 - GSETTINGS SCHEMA HANDLE: keybindings/keyboard-layout not set [app:accessibility_probe, profile:default]
10:07:20.830143 - GSETTINGS REGISTRY: keybindings/keyboard-layout using default value = 'desktop'
10:07:20.830157 - GSETTINGS SCHEMA HANDLE: keybindings/desktop-modifier-keys not set [app:accessibility_probe, profile:default]
10:07:20.830163 - GSETTINGS REGISTRY: keybindings/desktop-modifier-keys using default value = ['Insert', 'KP_Insert']
10:07:20.830205 - STRUCTURAL NAVIGATOR: Setting mode for accessibility_probe (module=orca.scripts.default) to NavigationMode.OFF
10:07:20.830224 - SCRIPT MANAGER: Active script is: accessibility_probe (module=orca.scripts.default)
10:07:20.830239 - GSETTINGS SCHEMA HANDLE: keybindings/keyboard-layout not set [app:accessibility_probe, profile:default]
10:07:20.830243 - GSETTINGS REGISTRY: keybindings/keyboard-layout using default value = 'desktop'
10:07:20.830253 - GSETTINGS SCHEMA HANDLE: keybindings/desktop-modifier-keys not set [app:accessibility_probe, profile:default]
10:07:20.830258 - GSETTINGS REGISTRY: keybindings/desktop-modifier-keys using default value = ['Insert', 'KP_Insert']
10:07:20.830291 - CARET NAVIGATOR: Setting enabled state for accessibility_probe (module=orca.scripts.default) to False
10:07:20.830304 - SCRIPT MANAGER: Active script is: accessibility_probe (module=orca.scripts.default)
10:07:20.830318 - GSETTINGS SCHEMA HANDLE: keybindings/keyboard-layout not set [app:accessibility_probe, profile:default]
10:07:20.830321 - GSETTINGS REGISTRY: keybindings/keyboard-layout using default value = 'desktop'
10:07:20.830331 - GSETTINGS SCHEMA HANDLE: keybindings/desktop-modifier-keys not set [app:accessibility_probe, profile:default]
10:07:20.830343 - GSETTINGS REGISTRY: keybindings/desktop-modifier-keys using default value = ['Insert', 'KP_Insert']
10:07:20.830400 - SCRIPT UTILITIES: [frame: 'Terminal' (0x7a29e80bbbc0)]  is top-level object for: [frame: 'Terminal' (0x7a29e80bbbc0)] 
10:07:20.830421 - FOCUS MANAGER: Request to set active window to [frame: 'Terminal' (0x7a29e80bbbc0)] 
10:07:20.830429 - FOCUS MANAGER: Setting active window to existing active window
10:07:20.830454 - SCRIPT MANAGER: Getting script for [application: 'org.gnome.Terminal' (0x7a29e81246c0)]  [frame: 'Terminal' (0x7a29e80bbbc0)] 
10:07:20.830496 - SCRIPT MANAGER: Script is app script org.gnome.Terminal (module=orca.scripts.toolkits.gtk.script)
10:07:20.830532 - SCRIPT MANAGER: Deactivating accessibility_probe (module=orca.scripts.default) reason: Setting active window
10:07:20.830571 - SCRIPT MANAGER: Setting active script to org.gnome.Terminal (module=orca.scripts.toolkits.gtk.script) reason: Setting active window
10:07:20.830586 - DEFAULT: Activating script for [application: 'org.gnome.Terminal' (0x7a29e81246c0)] 
10:07:20.830981 - SPEECH MANAGER: Speech server is <orca.speechdispatcherfactory.SpeechServer object at 0x7a29e89e96a0>
10:07:20.831027 - GSETTINGS SCHEMA HANDLE: speech/punctuation-level not set [app:org.gnome.Terminal, profile:default]
10:07:20.831033 - GSETTINGS REGISTRY: speech/punctuation-level using default value = 'most'
10:07:20.831309 - SPEECH MANAGER: Speech server is <orca.speechdispatcherfactory.SpeechServer object at 0x7a29e89e96a0>
10:07:20.831335 - GSETTINGS SCHEMA HANDLE: speech/capitalization-style not set [app:org.gnome.Terminal, profile:default]
10:07:20.831340 - GSETTINGS REGISTRY: speech/capitalization-style using default value = 'none'
10:07:20.831519 - SPEECH MANAGER: Speech server is <orca.speechdispatcherfactory.SpeechServer object at 0x7a29e89e96a0>
10:07:20.831591 - GSETTINGS SCHEMA HANDLE: speech/synthesizer not set [app:org.gnome.Terminal, profile:default]
10:07:20.831618 - SCRIPT MANAGER: Active script is: org.gnome.Terminal (module=orca.scripts.toolkits.gtk.script)
10:07:20.831624 - CARET NAVIGATOR: Commands suspended: False: script activation, no prior state
10:07:20.831645 - GSETTINGS SCHEMA HANDLE: keybindings/keyboard-layout not set [app:org.gnome.Terminal, profile:default]
10:07:20.831649 - GSETTINGS REGISTRY: keybindings/keyboard-layout using default value = 'desktop'
10:07:20.831661 - GSETTINGS SCHEMA HANDLE: keybindings/desktop-modifier-keys not set [app:org.gnome.Terminal, profile:default]
10:07:20.831665 - GSETTINGS REGISTRY: keybindings/desktop-modifier-keys using default value = ['Insert', 'KP_Insert']
10:07:20.831696 - SCRIPT MANAGER: Active script is: org.gnome.Terminal (module=orca.scripts.toolkits.gtk.script)
10:07:20.831701 - STRUCTURAL NAVIGATOR: Suspended: False: script activation, no prior state
10:07:20.831714 - GSETTINGS SCHEMA HANDLE: keybindings/keyboard-layout not set [app:org.gnome.Terminal, profile:default]
10:07:20.831718 - GSETTINGS REGISTRY: keybindings/keyboard-layout using default value = 'desktop'
10:07:20.831728 - GSETTINGS SCHEMA HANDLE: keybindings/desktop-modifier-keys not set [app:org.gnome.Terminal, profile:default]
10:07:20.831732 - GSETTINGS REGISTRY: keybindings/desktop-modifier-keys using default value = ['Insert', 'KP_Insert']
10:07:20.831767 - STRUCTURAL NAVIGATOR: Setting mode for org.gnome.Terminal (module=orca.scripts.toolkits.gtk.script) to NavigationMode.OFF
10:07:20.831781 - SCRIPT MANAGER: Active script is: org.gnome.Terminal (module=orca.scripts.toolkits.gtk.script)
10:07:20.831796 - GSETTINGS SCHEMA HANDLE: keybindings/keyboard-layout not set [app:org.gnome.Terminal, profile:default]
10:07:20.831800 - GSETTINGS REGISTRY: keybindings/keyboard-layout using default value = 'desktop'
10:07:20.831810 - GSETTINGS SCHEMA HANDLE: keybindings/desktop-modifier-keys not set [app:org.gnome.Terminal, profile:default]
10:07:20.831813 - GSETTINGS REGISTRY: keybindings/desktop-modifier-keys using default value = ['Insert', 'KP_Insert']
10:07:20.831844 - CARET NAVIGATOR: Setting enabled state for org.gnome.Terminal (module=orca.scripts.toolkits.gtk.script) to False
10:07:20.831863 - SCRIPT MANAGER: Active script is: org.gnome.Terminal (module=orca.scripts.toolkits.gtk.script)
10:07:20.831876 - GSETTINGS SCHEMA HANDLE: keybindings/keyboard-layout not set [app:org.gnome.Terminal, profile:default]
10:07:20.831880 - GSETTINGS REGISTRY: keybindings/keyboard-layout using default value = 'desktop'
10:07:20.831889 - GSETTINGS SCHEMA HANDLE: keybindings/desktop-modifier-keys not set [app:org.gnome.Terminal, profile:default]
10:07:20.831893 - GSETTINGS REGISTRY: keybindings/desktop-modifier-keys using default value = ['Insert', 'KP_Insert']
10:07:20.831905 - COMMAND MANAGER: Activating commands: activated org.gnome.Terminal (module=orca.scripts.toolkits.gtk.script)
10:07:20.831981 - GSETTINGS SCHEMA HANDLE: keybindings/entries no dict values set
10:07:20.831988 - GSETTINGS REGISTRY: keybindings/entries using default value = {}
10:07:20.831991 - COMMAND MANAGER: No user overrides to apply
10:07:20.832037 - GSETTINGS SCHEMA HANDLE: keybindings/keyboard-layout not set [app:org.gnome.Terminal, profile:default]
10:07:20.832041 - GSETTINGS REGISTRY: keybindings/keyboard-layout using default value = 'desktop'
10:07:20.832051 - GSETTINGS SCHEMA HANDLE: keybindings/desktop-modifier-keys not set [app:org.gnome.Terminal, profile:default]
10:07:20.832055 - GSETTINGS REGISTRY: keybindings/desktop-modifier-keys using default value = ['Insert', 'KP_Insert']

vvvvv COMMAND MANAGER: Grab diff: activated org.gnome.Terminal (module=orca.scripts.toolkits.gtk.script) (old: 77, new: 77) vvvvv
10:07:20.832074 -   No grab changes
^^^^^ COMMAND MANAGER: Diff completed in 0.0000s. Removed 0, added 0, transferred 0 ^^^^^

10:07:20.832098 - GSETTINGS SCHEMA HANDLE: speech/enable not set [app:org.gnome.Terminal, profile:default]
10:07:20.832102 - GSETTINGS REGISTRY: speech/enable using default value = True
10:07:20.832105 - SPEECH MANAGER: Speech is enabled.
10:07:20.832135 - SPEECH MANAGER: start_speech. Script: None Event: None notify_user: False
10:07:20.832139 - SPEECH MANAGER: Initializing server
10:07:20.832143 - SPEECH MANAGER: Already initialized
10:07:20.832157 - GSETTINGS SCHEMA HANDLE: keybindings/keyboard-layout not set [app:org.gnome.Terminal, profile:default]
10:07:20.832161 - GSETTINGS REGISTRY: keybindings/keyboard-layout using default value = 'desktop'
10:07:20.832166 - COMMAND MANAGER: Setting keyboard layout is_desktop to True.
10:07:20.832217 - GSETTINGS SCHEMA HANDLE: keybindings/entries no dict values set
10:07:20.832221 - GSETTINGS REGISTRY: keybindings/entries using default value = {}
10:07:20.832225 - COMMAND MANAGER: No user overrides to apply
10:07:20.832266 - GSETTINGS SCHEMA HANDLE: keybindings/keyboard-layout not set [app:org.gnome.Terminal, profile:default]
10:07:20.832271 - GSETTINGS REGISTRY: keybindings/keyboard-layout using default value = 'desktop'
10:07:20.832281 - GSETTINGS SCHEMA HANDLE: keybindings/desktop-modifier-keys not set [app:org.gnome.Terminal, profile:default]
10:07:20.832285 - GSETTINGS REGISTRY: keybindings/desktop-modifier-keys using default value = ['Insert', 'KP_Insert']

vvvvv COMMAND MANAGER: Grab diff: keyboard layout change (old: 77, new: 77) vvvvv
10:07:20.832297 -   No grab changes
^^^^^ COMMAND MANAGER: Diff completed in 0.0000s. Removed 0, added 0, transferred 0 ^^^^^

10:07:20.832305 - COMMAND MANAGER: Keyboard layout set to desktop.
10:07:20.832318 - GSETTINGS SCHEMA HANDLE: keybindings/keyboard-layout not set [app:org.gnome.Terminal, profile:default]
10:07:20.832321 - GSETTINGS REGISTRY: keybindings/keyboard-layout using default value = 'desktop'
10:07:20.832331 - GSETTINGS SCHEMA HANDLE: keybindings/desktop-modifier-keys not set [app:org.gnome.Terminal, profile:default]
10:07:20.832334 - GSETTINGS REGISTRY: keybindings/desktop-modifier-keys using default value = ['Insert', 'KP_Insert']
10:07:20.832342 - PRESENTATION MANAGER: Not interrupting for locusOfFocus change: event is None
10:07:20.832380 - FOCUS MANAGER: Active mode: focus-tracking Object of interest: [frame: 'Terminal' (0x7a29e80bbbc0)] 
10:07:20.832396 - GSETTINGS SCHEMA HANDLE: speech/enable not set [app:org.gnome.Terminal, profile:default]
10:07:20.832400 - GSETTINGS REGISTRY: speech/enable using default value = True
10:07:20.832413 - GSETTINGS SCHEMA HANDLE: speech/verbosity-level not set [app:org.gnome.Terminal, profile:default]
10:07:20.832416 - GSETTINGS REGISTRY: speech/verbosity-level using default value = 'verbose'
10:07:20.832430 - FOCUS MANAGER: Locus of focus is [frame: 'Terminal' (0x7a29e80bbbc0)] 
10:07:20.832443 - SCRIPT MANAGER: Active script is: org.gnome.Terminal (module=orca.scripts.toolkits.gtk.script)
10:07:20.832458 - GSETTINGS SCHEMA HANDLE: speech/only-speak-displayed-text not set [app:org.gnome.Terminal, profile:default]
10:07:20.832461 - GSETTINGS REGISTRY: speech/only-speak-displayed-text using default value = False
10:07:20.832472 - GSETTINGS SCHEMA HANDLE: speech/speak-description not set [app:org.gnome.Terminal, profile:default]
10:07:20.832475 - GSETTINGS REGISTRY: speech/speak-description using default value = True
10:07:20.832485 - GSETTINGS SCHEMA HANDLE: speech/speak-tutorial-messages not set [app:org.gnome.Terminal, profile:default]
10:07:20.832489 - GSETTINGS REGISTRY: speech/speak-tutorial-messages using default value = True
10:07:20.832498 - GSETTINGS SCHEMA HANDLE: speech/speak-position-in-set not set [app:org.gnome.Terminal, profile:default]
10:07:20.832502 - GSETTINGS REGISTRY: speech/speak-position-in-set using default value = False
10:07:20.832511 - GSETTINGS SCHEMA HANDLE: speech/speak-widget-mnemonic not set [app:org.gnome.Terminal, profile:default]
10:07:20.832514 - GSETTINGS REGISTRY: speech/speak-widget-mnemonic using default value = True
10:07:20.832523 - GSETTINGS SCHEMA HANDLE: speech/speak-blank-lines not set [app:org.gnome.Terminal, profile:default]
10:07:20.832526 - GSETTINGS REGISTRY: speech/speak-blank-lines using default value = True
10:07:20.832536 - GSETTINGS SCHEMA HANDLE: speech/speak-indentation-and-justification not set [app:org.gnome.Terminal, profile:default]
10:07:20.832539 - GSETTINGS REGISTRY: speech/speak-indentation-and-justification using default value = False
10:07:20.832549 - GSETTINGS SCHEMA HANDLE: speech/announce-cell-headers not set [app:org.gnome.Terminal, profile:default]
10:07:20.832552 - GSETTINGS REGISTRY: speech/announce-cell-headers using default value = True
10:07:20.832562 - GSETTINGS SCHEMA HANDLE: speech/announce-cell-coordinates not set [app:org.gnome.Terminal, profile:default]
10:07:20.832566 - GSETTINGS REGISTRY: speech/announce-cell-coordinates using default value = True
10:07:20.832575 - GSETTINGS SCHEMA HANDLE: speech/announce-spreadsheet-cell-coordinates not set [app:org.gnome.Terminal, profile:default]
10:07:20.832578 - GSETTINGS REGISTRY: speech/announce-spreadsheet-cell-coordinates using default value = True
10:07:20.832587 - GSETTINGS SCHEMA HANDLE: speech/announce-blockquote not set [app:org.gnome.Terminal, profile:default]
10:07:20.832590 - GSETTINGS REGISTRY: speech/announce-blockquote using default value = True
10:07:20.832600 - GSETTINGS SCHEMA HANDLE: speech/announce-form not set [app:org.gnome.Terminal, profile:default]
10:07:20.832603 - GSETTINGS REGISTRY: speech/announce-form using default value = True
10:07:20.832612 - GSETTINGS SCHEMA HANDLE: speech/announce-landmark not set [app:org.gnome.Terminal, profile:default]
10:07:20.832615 - GSETTINGS REGISTRY: speech/announce-landmark using default value = True
10:07:20.832624 - GSETTINGS SCHEMA HANDLE: speech/announce-list not set [app:org.gnome.Terminal, profile:default]
10:07:20.832628 - GSETTINGS REGISTRY: speech/announce-list using default value = True
10:07:20.832637 - GSETTINGS SCHEMA HANDLE: speech/announce-grouping not set [app:org.gnome.Terminal, profile:default]
10:07:20.832640 - GSETTINGS REGISTRY: speech/announce-grouping using default value = True
10:07:20.832649 - GSETTINGS SCHEMA HANDLE: speech/announce-table not set [app:org.gnome.Terminal, profile:default]
10:07:20.832652 - GSETTINGS REGISTRY: speech/announce-table using default value = True
10:07:20.832730 - GENERATOR: _get_functional_role: frame
10:07:20.832799 - SPEECH GENERATOR: speech_generator.SpeechGenerator._generate_frame for [frame: 'Terminal' (0x7a29e80bbbc0)]  args: {'formatType': 'unfocused', 'priorObj': "[frame: 'Terminal' (0x7a29e80bbbc0)] ", 'role': 'frame'}
10:07:20.832824 - SPEECH GENERATOR: _generate_old_ancestors: []
10:07:20.832842 - SPEECH GENERATOR: _generate_new_ancestors: []
10:07:20.832879 - AXUtilitiesRelation: [frame: 'Terminal' (0x7a29e80bbbc0)]  is labelled by: []
10:07:20.832892 - GENERATOR: _generate_accessible_label: []
10:07:20.832905 - SPEECH GENERATOR: _generate_accessible_label: []
10:07:20.832927 - GENERATOR: _generate_accessible_name: [Terminal]
10:07:20.832948 - GSETTINGS SCHEMA HANDLE: voice/established not set [app:org.gnome.Terminal, profile:default]
10:07:20.832962 - GSETTINGS SCHEMA HANDLE: voice/rate not set [app:org.gnome.Terminal, profile:default]
10:07:20.832974 - GSETTINGS SCHEMA HANDLE: voice/pitch not set [app:org.gnome.Terminal, profile:default]
10:07:20.832991 - GSETTINGS SCHEMA HANDLE: voice/volume not set [app:org.gnome.Terminal, profile:default]
10:07:20.833003 - GSETTINGS SCHEMA HANDLE: voice/family-name not set [app:org.gnome.Terminal, profile:default]
10:07:20.833014 - GSETTINGS SCHEMA HANDLE: voice/family-lang not set [app:org.gnome.Terminal, profile:default]
10:07:20.833025 - GSETTINGS SCHEMA HANDLE: voice/family-dialect not set [app:org.gnome.Terminal, profile:default]
10:07:20.833035 - GSETTINGS SCHEMA HANDLE: voice/family-gender not set [app:org.gnome.Terminal, profile:default]
10:07:20.833045 - GSETTINGS SCHEMA HANDLE: voice/family-variant not set [app:org.gnome.Terminal, profile:default]
10:07:20.833074 - SPEECH GENERATOR: default voice requested for [frame: 'Terminal' (0x7a29e80bbbc0)]  language='', dialect='' Unmodified voice={'established': False}
10:07:20.833098 - SPEECH GENERATOR: Reported locale of [frame: 'Terminal' (0x7a29e80bbbc0)]  is C
10:07:20.833117 - SPEECH GENERATOR: Updated to: 'C', ''
10:07:20.833135 - GSETTINGS SCHEMA HANDLE: speech/auto-language-switching not set [app:org.gnome.Terminal, profile:default]
10:07:20.833139 - GSETTINGS REGISTRY: speech/auto-language-switching using default value = True
10:07:20.833148 - SPEECH DISPATCHER: Returning cached result for language='C' dialect='' variant='None'
10:07:20.833182 - SPEECH GENERATOR: Family updated to {'dialect': '', 'lang': 'C', 'name': ''}
10:07:20.833225 - SPEECH GENERATOR: Final voice is {'established': 'False', 'family': "{'dialect': '', 'lang': 'C', 'name': ''}"}
10:07:20.833275 - SPEECH GENERATOR: _generate_accessible_name: [Terminal, {'established': 'False', 'family': "{'dialect': '', 'lang': 'C', 'name': ''}"}]
10:07:20.833325 - GENERATOR: _generate_accessible_label_and_name: [Terminal, {'established': 'False', 'family': "{'dialect': '', 'lang': 'C', 'name': ''}"}]
10:07:20.833345 - SPEECH PRESENTER: Adjusting 'Terminal' from [frame: 'Terminal' (0x7a29e80bbbc0)]  start_offset: None
10:07:20.833366 - GSETTINGS SCHEMA HANDLE: speech/speak-numbers-as-digits not set [app:org.gnome.Terminal, profile:default]
10:07:20.833371 - GSETTINGS REGISTRY: speech/speak-numbers-as-digits using default value = False
10:07:20.833394 - GSETTINGS SCHEMA HANDLE: speech/repeated-character-limit not set [app:org.gnome.Terminal, profile:default]
10:07:20.833398 - GSETTINGS REGISTRY: speech/repeated-character-limit using default value = 4
10:07:20.838600 - GSETTINGS SCHEMA HANDLE: speech/use-pronunciation-dictionary not set [app:org.gnome.Terminal, profile:default]
10:07:20.838640 - GSETTINGS REGISTRY: speech/use-pronunciation-dictionary using default value = True
10:07:20.838666 - GSETTINGS SCHEMA HANDLE: pronunciations/entries no dict values set
10:07:20.838672 - GSETTINGS REGISTRY: pronunciations/entries using default value = {}
10:07:20.838676 - SPEECH PRESENTER: Adjusted text: 'Terminal'
10:07:20.838751 - SPEECH GENERATOR: _generate_accessible_label_and_name: [Terminal, {'established': 'False', 'family': "{'dialect': '', 'lang': 'C', 'name': ''}"}]
10:07:20.838833 - SPEECH GENERATOR: _generate_accessible_role: []
10:07:20.838915 - AXUtilities: Unfocused alerts and dialogs for [frame: 'Terminal' (0x7a29e80bbbc0)] : []
10:07:20.838930 - SPEECH GENERATOR: _generate_unfocused_dialog_count: []
10:07:20.838997 - SPEECH GENERATOR: Results: [Terminal, {'established': 'False', 'family': "{'dialect': '', 'lang': 'C', 'name': ''}"}]
10:07:20.839059 - SPEECH: Speak [Terminal, {'established': 'False', 'family': "{'dialect': '', 'lang': 'C', 'name': ''}"}], acss: None
10:07:20.839079 - SPEECH OUTPUT: 'Terminal' {'established': False, 'family': {'name': '', 'gender': None, 'lang': 'C', 'dialect': '', 'variant': None}}
10:07:20.839084 - SPEECH DISPATCHER: Speaking 'Terminal' as string
10:07:20.839272 - SPEECH DISPATCHER: Speaking '<speak><mark name="0:8"/>Terminal</speak>' 
                  ORCA rate 50.0, pitch 5.0, volume 10.0, language C, punctuation: MOST
                  SD rate 2, pitch 10, volume 100, language c
10:07:20.839356 - GSETTINGS SCHEMA HANDLE: braille/enabled not set [app:org.gnome.Terminal, profile:default]
10:07:20.839362 - GSETTINGS REGISTRY: braille/enabled using default value = True
10:07:20.839389 - FOCUS MANAGER: Active mode: focus-tracking Object of interest: [frame: 'Terminal' (0x7a29e80bbbc0)] 
10:07:20.839403 - GSETTINGS SCHEMA HANDLE: braille/enabled not set [app:org.gnome.Terminal, profile:default]
10:07:20.839407 - GSETTINGS REGISTRY: braille/enabled using default value = True
10:07:20.839424 - GSETTINGS SCHEMA HANDLE: braille/verbosity-level not set [app:org.gnome.Terminal, profile:default]
10:07:20.839428 - GSETTINGS REGISTRY: braille/verbosity-level using default value = 'verbose'
10:07:20.839441 - FOCUS MANAGER: Locus of focus is [frame: 'Terminal' (0x7a29e80bbbc0)] 
10:07:20.839458 - SCRIPT MANAGER: Active script is: org.gnome.Terminal (module=orca.scripts.toolkits.gtk.script)
10:07:20.839476 - GSETTINGS SCHEMA HANDLE: braille/rolename-style not set [app:org.gnome.Terminal, profile:default]
10:07:20.839480 - GSETTINGS REGISTRY: braille/rolename-style using default value = 'verbose'
10:07:20.839490 - GSETTINGS SCHEMA HANDLE: braille/display-ancestors not set [app:org.gnome.Terminal, profile:default]
10:07:20.839494 - GSETTINGS REGISTRY: braille/display-ancestors using default value = True
10:07:20.839504 - GSETTINGS SCHEMA HANDLE: braille/end-of-line-indicator not set [app:org.gnome.Terminal, profile:default]
10:07:20.839507 - GSETTINGS REGISTRY: braille/end-of-line-indicator using default value = True
10:07:20.839517 - GSETTINGS SCHEMA HANDLE: braille/present-mnemonics not set [app:org.gnome.Terminal, profile:default]
10:07:20.839520 - GSETTINGS REGISTRY: braille/present-mnemonics using default value = True
10:07:20.839591 - GENERATOR: _get_functional_role: frame
10:07:20.839645 - BRAILLE GENERATOR: braille_generator.BrailleGenerator._generate_frame for [frame: 'Terminal' (0x7a29e80bbbc0)]  args: {'formatType': 'focused', 'priorObj': "[frame: 'Terminal' (0x7a29e80bbbc0)] ", 'role': 'frame'}
10:07:20.840066 - GENERATOR: _get_functional_role: application
10:07:20.840089 - BRAILLE GENERATOR: [application: 'org.gnome.Terminal' (0x7a29e81246c0)]  lacks dedicated generator
10:07:20.840147 - BRAILLE GENERATOR: braille_generator.BrailleGenerator._generate_default_presentation for [application: 'org.gnome.Terminal' (0x7a29e81246c0)]  args: {'formatType': 'ancestor', 'includeContext': 'False', 'priorObj': "[frame: 'Terminal' (0x7a29e80bbbc0)] ", 'role': 'application'}
10:07:20.840221 - AXObject: Exception in get_description: object no longer exists
10:07:20.840229 - AXObject: Adding to known dead objects generator._generate_accessible_label_and_name:474 > ax_object.get_description:734 > ax_object.handle_error:193 > ax_object._set_known_dead_status:170
10:07:20.841472 - AXUtilitiesRelation: [application: 'org.gnome.Terminal' (0x7a29e81246c0)]  is labelled by: []
10:07:20.841503 - GENERATOR: _generate_accessible_label: []
10:07:20.841528 - GENERATOR: _generate_accessible_name: [org.gnome.Terminal]
10:07:20.841552 - GENERATOR: _generate_accessible_label_and_name: [org.gnome.Terminal]
10:07:20.841806 - BRAILLE GENERATOR: _generate_accessible_role: [application]
10:07:20.841832 - BRAILLE: Not contracting 'org.gnome.Terminal application' because contracted braille is not enabled.
10:07:20.841859 - BRAILLE GENERATOR: Results: [COMPONENT: 'org.gnome.Terminal application', cursor offset:0]
10:07:20.841885 - BRAILLE GENERATOR: _generate_ancestors: [COMPONENT: 'org.gnome.Terminal application', cursor offset:0]
10:07:20.841917 - AXUtilitiesRelation: [DEAD (0x7a29e80bbbc0)]  is labelled by: []
10:07:20.841932 - GENERATOR: _generate_accessible_label: []
10:07:20.841956 - GENERATOR: _generate_accessible_name: []
10:07:20.841971 - GENERATOR: _generate_accessible_label_and_name: []
10:07:20.842022 - BRAILLE GENERATOR: _generate_accessible_role: [frame]
10:07:20.842064 - AXUtilities: Unfocused alerts and dialogs for [DEAD (0x7a29e80bbbc0)] : []
10:07:20.842078 - BRAILLE GENERATOR: _generate_alert_and_dialog_count: []
10:07:20.842084 - BRAILLE: Not contracting 'frame' because contracted braille is not enabled.
10:07:20.842102 - GENERATOR: _generate_accessible_description: []
10:07:20.842120 - GENERATOR: _generate_state_current: []
10:07:20.842148 - BRAILLE GENERATOR: Results: [COMPONENT: 'org.gnome.Terminal application', cursor offset:0, REGION: ' ', cursor offset:0, COMPONENT: 'frame', cursor offset:0]
10:07:20.842180 - BRAILLE: Refresh. Pan: True target: 0
10:07:20.842186 - BRAILLE: Kill flash message braille.display_line:1618 > braille.refresh:2097 > braille._prepare_refresh:1856 > braille.kill_flash:2182
10:07:20.842616 - GSETTINGS SCHEMA HANDLE: braille/enabled not set [app:org.gnome.Terminal, profile:default]
10:07:20.842626 - GSETTINGS REGISTRY: braille/enabled using default value = True
10:07:20.842646 - BRAILLE: Last text object: None (Caret: 0, Line: 0, Cell: 0)
10:07:20.842672 - BRAILLE: Current text object: None (Caret: 0, Line: 0). On same line: False
10:07:20.842679 - BRAILLE: Line 0: 'org.gnome.Terminal application frame' focusOffset: 31 [[0, 31], [31, 36]]
10:07:20.842683 - BRAILLE: Cursor offset in line string is: 31
10:07:20.842689 - BRAILLE: Adjusting offset to 31 (unhandled condition)
10:07:20.842693 - BRAILLE: Current range: (31, 63). Target cell: 0
10:07:20.842699 - BRAILLE LINE:  'org.gnome.Terminal application frame'
10:07:20.842702 -      VISIBLE:  'frame', cursor=1
10:07:20.842716 - BRAILLE: Enabling braille. BrlAPI running: False
10:07:20.842720 - BRAILLE: Need to initialize first.
10:07:20.842734 - BRAILLE: Initializing. Callback: input_event_manager.InputEventManager.process_braille_event
10:07:20.842738 - BRAILLE: BrlAPI connection already in progress.
10:07:20.842762 - AXTable: Setting last cell coordinates to row=-1, column=-1
10:07:20.842784 - FOCUS MANAGER: Setting last cursor position to [DEAD (0x7a29e80bbbc0)]  -1
10:07:20.842815 - FOCUS MANAGER: Active window is [DEAD (0x7a29e80bbbc0)]  focus_manager.set_locus_of_focus:327 > focus_manager._save_object_details:254 > ax_utilities_event.save_object_info_for_events:195 > focus_manager.get_active_window:342
10:07:20.843149 - SCRIPT MANAGER: Getting script for [application: 'org.gnome.Terminal' (0x7a29e81246c0)]  [DEAD (0x7a29e80bbbc0)] 
10:07:20.843174 - SCRIPT MANAGER: Script is app script org.gnome.Terminal (module=orca.scripts.toolkits.gtk.script)
10:07:20.843399 - FOCUS MANAGER: Locus of focus is [DEAD (0x7a29e80bbbc0)] 
10:07:20.843541 - SCRIPT MANAGER: Active script is: org.gnome.Terminal (module=orca.scripts.toolkits.gtk.script)
10:07:20.843710 - GSETTINGS SCHEMA HANDLE: keybindings/keyboard-layout not set [app:org.gnome.Terminal, profile:default]
10:07:20.843717 - GSETTINGS REGISTRY: keybindings/keyboard-layout using default value = 'desktop'
10:07:20.843731 - GSETTINGS SCHEMA HANDLE: keybindings/desktop-modifier-keys not set [app:org.gnome.Terminal, profile:default]
10:07:20.843737 - GSETTINGS REGISTRY: keybindings/desktop-modifier-keys using default value = ['Insert', 'KP_Insert']

KEYBOARD_EVENT:  type=ATSPI_KEY_PRESSED_EVENT
                 id=65478
                 hw_code=75
                 modifiers=0
                 text=''
                 keyval_name='F9'
                 timestamp=1789049240.825249
                 clickCount=1

vvvvv PROCESS ATSPI_KEY_PRESSED_EVENT: 'F9' (75) vvvvv
10:07:20.843775 - SCRIPT: org.gnome.Terminal (module=orca.scripts.toolkits.gtk.script)
10:07:20.843787 - WINDOW: [DEAD (0x7a29e80bbbc0)] 
10:07:20.843797 - LOCATION: [DEAD (0x7a29e80bbbc0)] 
10:07:20.843821 - GSETTINGS SCHEMA HANDLE: keybindings/keyboard-layout not set [app:org.gnome.Terminal, profile:default]
10:07:20.843827 - GSETTINGS REGISTRY: keybindings/keyboard-layout using default value = 'desktop'
10:07:20.843838 - GSETTINGS SCHEMA HANDLE: keybindings/desktop-modifier-keys not set [app:org.gnome.Terminal, profile:default]
10:07:20.843843 - GSETTINGS REGISTRY: keybindings/desktop-modifier-keys using default value = ['Insert', 'KP_Insert']
10:07:20.843850 - PRESENTATION MANAGER: Interrupting presentation
10:07:20.843880 - SPEECH MANAGER: interrupt_speech. Script: None Event: None notify_user: False
10:07:20.844215 - SPEECH MANAGER: Speech server is <orca.speechdispatcherfactory.SpeechServer object at 0x7a29e89e96a0>
10:07:20.847451 - BRAILLE: Kill flash message input_event._present:603 > presentation_manager.interrupt_presentation:88 > braille_presenter.kill_flash:1829 > braille.kill_flash:2182
10:07:20.847821 - TYPING ECHO PRESENTER: should_echo_keyboard_event: 'F9'?
10:07:20.847853 - GSETTINGS SCHEMA HANDLE: keybindings/keyboard-layout not set [app:org.gnome.Terminal, profile:default]
10:07:20.847860 - GSETTINGS REGISTRY: keybindings/keyboard-layout using default value = 'desktop'
10:07:20.847874 - GSETTINGS SCHEMA HANDLE: keybindings/desktop-modifier-keys not set [app:org.gnome.Terminal, profile:default]
10:07:20.847879 - GSETTINGS REGISTRY: keybindings/desktop-modifier-keys using default value = ['Insert', 'KP_Insert']
10:07:20.847896 - GSETTINGS SCHEMA HANDLE: typing-echo/character-echo not set [app:org.gnome.Terminal, profile:default]
10:07:20.847901 - GSETTINGS REGISTRY: typing-echo/character-echo using default value = False
10:07:20.847916 - GSETTINGS SCHEMA HANDLE: keybindings/keyboard-layout not set [app:org.gnome.Terminal, profile:default]
10:07:20.847920 - GSETTINGS REGISTRY: keybindings/keyboard-layout using default value = 'desktop'
10:07:20.847929 - GSETTINGS SCHEMA HANDLE: keybindings/desktop-modifier-keys not set [app:org.gnome.Terminal, profile:default]
10:07:20.847933 - GSETTINGS REGISTRY: keybindings/desktop-modifier-keys using default value = ['Insert', 'KP_Insert']
10:07:20.847948 - GSETTINGS SCHEMA HANDLE: typing-echo/key-echo not set [app:org.gnome.Terminal, profile:default]
10:07:20.847953 - GSETTINGS REGISTRY: typing-echo/key-echo using default value = True
10:07:20.847989 - GSETTINGS SCHEMA HANDLE: keybindings/keyboard-layout not set [app:org.gnome.Terminal, profile:default]
10:07:20.847994 - GSETTINGS REGISTRY: keybindings/keyboard-layout using default value = 'desktop'
10:07:20.848004 - GSETTINGS SCHEMA HANDLE: keybindings/desktop-modifier-keys not set [app:org.gnome.Terminal, profile:default]
10:07:20.848008 - GSETTINGS REGISTRY: keybindings/desktop-modifier-keys using default value = ['Insert', 'KP_Insert']
10:07:20.848029 - GSETTINGS SCHEMA HANDLE: typing-echo/function-keys not set [app:org.gnome.Terminal, profile:default]
10:07:20.848033 - GSETTINGS REGISTRY: typing-echo/function-keys using default value = True
10:07:20.848038 - TYPING ECHO PRESENTER: Echoing function keyboard event: True.
10:07:20.848055 - GSETTINGS SCHEMA HANDLE: keybindings/keyboard-layout not set [app:org.gnome.Terminal, profile:default]
10:07:20.848059 - GSETTINGS REGISTRY: keybindings/keyboard-layout using default value = 'desktop'
10:07:20.848069 - GSETTINGS SCHEMA HANDLE: keybindings/desktop-modifier-keys not set [app:org.gnome.Terminal, profile:default]
10:07:20.848073 - GSETTINGS REGISTRY: keybindings/desktop-modifier-keys using default value = ['Insert', 'KP_Insert']
10:07:20.848099 - SCRIPT MANAGER: Active script is: org.gnome.Terminal (module=orca.scripts.toolkits.gtk.script)
10:07:20.848123 - FOCUS MANAGER: Active mode: focus-tracking Object of interest: [DEAD (0x7a29e80bbbc0)] 
10:07:20.848142 - GSETTINGS SCHEMA HANDLE: speech/enable not set [app:org.gnome.Terminal, profile:default]
10:07:20.848146 - GSETTINGS REGISTRY: speech/enable using default value = True
10:07:20.848160 - GSETTINGS SCHEMA HANDLE: speech/verbosity-level not set [app:org.gnome.Terminal, profile:default]
10:07:20.848163 - GSETTINGS REGISTRY: speech/verbosity-level using default value = 'verbose'
10:07:20.848175 - FOCUS MANAGER: Locus of focus is [DEAD (0x7a29e80bbbc0)] 
10:07:20.848189 - SCRIPT MANAGER: Active script is: org.gnome.Terminal (module=orca.scripts.toolkits.gtk.script)
10:07:20.848203 - GSETTINGS SCHEMA HANDLE: speech/only-speak-displayed-text not set [app:org.gnome.Terminal, profile:default]
10:07:20.848207 - GSETTINGS REGISTRY: speech/only-speak-displayed-text using default value = False
10:07:20.848218 - GSETTINGS SCHEMA HANDLE: speech/speak-description not set [app:org.gnome.Terminal, profile:default]
10:07:20.848222 - GSETTINGS REGISTRY: speech/speak-description using default value = True
10:07:20.848233 - GSETTINGS SCHEMA HANDLE: speech/speak-tutorial-messages not set [app:org.gnome.Terminal, profile:default]
10:07:20.848237 - GSETTINGS REGISTRY: speech/speak-tutorial-messages using default value = True
10:07:20.848246 - GSETTINGS SCHEMA HANDLE: speech/speak-position-in-set not set [app:org.gnome.Terminal, profile:default]
10:07:20.848250 - GSETTINGS REGISTRY: speech/speak-position-in-set using default value = False
10:07:20.848259 - GSETTINGS SCHEMA HANDLE: speech/speak-widget-mnemonic not set [app:org.gnome.Terminal, profile:default]
10:07:20.848262 - GSETTINGS REGISTRY: speech/speak-widget-mnemonic using default value = True
10:07:20.848272 - GSETTINGS SCHEMA HANDLE: speech/speak-blank-lines not set [app:org.gnome.Terminal, profile:default]
10:07:20.848275 - GSETTINGS REGISTRY: speech/speak-blank-lines using default value = True
10:07:20.848285 - GSETTINGS SCHEMA HANDLE: speech/speak-indentation-and-justification not set [app:org.gnome.Terminal, profile:default]
10:07:20.848288 - GSETTINGS REGISTRY: speech/speak-indentation-and-justification using default value = False
10:07:20.848299 - GSETTINGS SCHEMA HANDLE: speech/announce-cell-headers not set [app:org.gnome.Terminal, profile:default]
10:07:20.848302 - GSETTINGS REGISTRY: speech/announce-cell-headers using default value = True
10:07:20.848311 - GSETTINGS SCHEMA HANDLE: speech/announce-cell-coordinates not set [app:org.gnome.Terminal, profile:default]
10:07:20.848314 - GSETTINGS REGISTRY: speech/announce-cell-coordinates using default value = True
10:07:20.848324 - GSETTINGS SCHEMA HANDLE: speech/announce-spreadsheet-cell-coordinates not set [app:org.gnome.Terminal, profile:default]
10:07:20.848327 - GSETTINGS REGISTRY: speech/announce-spreadsheet-cell-coordinates using default value = True
10:07:20.848336 - GSETTINGS SCHEMA HANDLE: speech/announce-blockquote not set [app:org.gnome.Terminal, profile:default]
10:07:20.848339 - GSETTINGS REGISTRY: speech/announce-blockquote using default value = True
10:07:20.848348 - GSETTINGS SCHEMA HANDLE: speech/announce-form not set [app:org.gnome.Terminal, profile:default]
10:07:20.848351 - GSETTINGS REGISTRY: speech/announce-form using default value = True
10:07:20.848360 - GSETTINGS SCHEMA HANDLE: speech/announce-landmark not set [app:org.gnome.Terminal, profile:default]
10:07:20.848364 - GSETTINGS REGISTRY: speech/announce-landmark using default value = True
10:07:20.848373 - GSETTINGS SCHEMA HANDLE: speech/announce-list not set [app:org.gnome.Terminal, profile:default]
10:07:20.848376 - GSETTINGS REGISTRY: speech/announce-list using default value = True
10:07:20.848386 - GSETTINGS SCHEMA HANDLE: speech/announce-grouping not set [app:org.gnome.Terminal, profile:default]
10:07:20.848389 - GSETTINGS REGISTRY: speech/announce-grouping using default value = True
10:07:20.848398 - GSETTINGS SCHEMA HANDLE: speech/announce-table not set [app:org.gnome.Terminal, profile:default]
10:07:20.848401 - GSETTINGS REGISTRY: speech/announce-table using default value = True
10:07:20.848423 - GSETTINGS SCHEMA HANDLE: voice/established not set [app:org.gnome.Terminal, profile:default]
10:07:20.848437 - GSETTINGS SCHEMA HANDLE: voice/rate not set [app:org.gnome.Terminal, profile:default]
10:07:20.848449 - GSETTINGS SCHEMA HANDLE: voice/pitch not set [app:org.gnome.Terminal, profile:default]
10:07:20.848460 - GSETTINGS SCHEMA HANDLE: voice/volume not set [app:org.gnome.Terminal, profile:default]
10:07:20.848473 - GSETTINGS SCHEMA HANDLE: voice/family-name not set [app:org.gnome.Terminal, profile:default]
10:07:20.848483 - GSETTINGS SCHEMA HANDLE: voice/family-lang not set [app:org.gnome.Terminal, profile:default]
10:07:20.848494 - GSETTINGS SCHEMA HANDLE: voice/family-dialect not set [app:org.gnome.Terminal, profile:default]
10:07:20.848505 - GSETTINGS SCHEMA HANDLE: voice/family-gender not set [app:org.gnome.Terminal, profile:default]
10:07:20.848515 - GSETTINGS SCHEMA HANDLE: voice/family-variant not set [app:org.gnome.Terminal, profile:default]
10:07:20.848542 - SPEECH GENERATOR: None voice requested for None language='', dialect='' Unmodified voice={'established': False}
10:07:20.848564 - SPEECH GENERATOR: Reported locale of None is 
10:07:20.848580 - SPEECH GENERATOR: Updated to: 'C', ''
10:07:20.848598 - GSETTINGS SCHEMA HANDLE: speech/auto-language-switching not set [app:org.gnome.Terminal, profile:default]
10:07:20.848602 - GSETTINGS REGISTRY: speech/auto-language-switching using default value = True
10:07:20.848611 - SPEECH DISPATCHER: Returning cached result for language='C' dialect='' variant='None'
10:07:20.848650 - SPEECH GENERATOR: Family updated to {'dialect': '', 'lang': 'C', 'name': ''}
10:07:20.848692 - SPEECH GENERATOR: Final voice is {'established': 'False', 'family': "{'dialect': '', 'lang': 'C', 'name': ''}"}
10:07:20.848715 - GSETTINGS SCHEMA HANDLE: keybindings/keyboard-layout not set [app:org.gnome.Terminal, profile:default]
10:07:20.848720 - GSETTINGS REGISTRY: keybindings/keyboard-layout using default value = 'desktop'
10:07:20.848731 - GSETTINGS SCHEMA HANDLE: keybindings/desktop-modifier-keys not set [app:org.gnome.Terminal, profile:default]
10:07:20.848735 - GSETTINGS REGISTRY: keybindings/desktop-modifier-keys using default value = ['Insert', 'KP_Insert']
10:07:20.848743 - SPEECH OUTPUT: 'F9' {'established': False, 'family': {'name': '', 'gender': None, 'lang': 'C', 'dialect': '', 'variant': None}}
10:07:20.848759 - GSETTINGS SCHEMA HANDLE: keybindings/keyboard-layout not set [app:org.gnome.Terminal, profile:default]
10:07:20.848763 - GSETTINGS REGISTRY: keybindings/keyboard-layout using default value = 'desktop'
10:07:20.848773 - GSETTINGS SCHEMA HANDLE: keybindings/desktop-modifier-keys not set [app:org.gnome.Terminal, profile:default]
10:07:20.848776 - GSETTINGS REGISTRY: keybindings/desktop-modifier-keys using default value = ['Insert', 'KP_Insert']
10:07:20.848783 - SPEECH DISPATCHER: Speaking 'F9' as string
10:07:20.848787 - SPEECH DISPATCHER: Speaking 'F9' as string
10:07:20.849014 - SPEECH DISPATCHER: Speaking '<speak><mark name="0:2"/>F9</speak>' 
                  ORCA rate 50.0, pitch 5.0, volume 10.0, language C, punctuation: MOST
                  SD rate 2, pitch 10, volume 100, language c
10:07:20.849080 - TOTAL PROCESSING TIME: 0.0053
^^^^^ PROCESS ATSPI_KEY_PRESSED_EVENT: 'F9' (75) ^^^^^

10:07:20.849113 - GSETTINGS SCHEMA HANDLE: keybindings/keyboard-layout not set [app:org.gnome.Terminal, profile:default]
10:07:20.849119 - GSETTINGS REGISTRY: keybindings/keyboard-layout using default value = 'desktop'
10:07:20.849130 - GSETTINGS SCHEMA HANDLE: keybindings/desktop-modifier-keys not set [app:org.gnome.Terminal, profile:default]
10:07:20.849134 - GSETTINGS REGISTRY: keybindings/desktop-modifier-keys using default value = ['Insert', 'KP_Insert']
10:07:20.849253 - GSETTINGS SCHEMA HANDLE: keybindings/keyboard-layout not set [app:org.gnome.Terminal, profile:default]
10:07:20.849258 - GSETTINGS REGISTRY: keybindings/keyboard-layout using default value = 'desktop'
10:07:20.849268 - GSETTINGS SCHEMA HANDLE: keybindings/desktop-modifier-keys not set [app:org.gnome.Terminal, profile:default]
10:07:20.849275 - GSETTINGS REGISTRY: keybindings/desktop-modifier-keys using default value = ['Insert', 'KP_Insert']
10:07:20.849744 - GSETTINGS SCHEMA HANDLE: keybindings/keyboard-layout not set [app:org.gnome.Terminal, profile:default]
10:07:20.849751 - GSETTINGS REGISTRY: keybindings/keyboard-layout using default value = 'desktop'
10:07:20.849763 - GSETTINGS SCHEMA HANDLE: keybindings/desktop-modifier-keys not set [app:org.gnome.Terminal, profile:default]
10:07:20.849767 - GSETTINGS REGISTRY: keybindings/desktop-modifier-keys using default value = ['Insert', 'KP_Insert']

KEYBOARD_EVENT:  type=ATSPI_KEY_RELEASED_EVENT
                 id=65478
                 hw_code=75
                 modifiers=0
                 text=''
                 keyval_name='F9'
                 timestamp=1789049240.8492403
                 clickCount=1

vvvvv PROCESS ATSPI_KEY_RELEASED_EVENT: 'F9' (75) vvvvv
10:07:20.849805 - SCRIPT: org.gnome.Terminal (module=orca.scripts.toolkits.gtk.script)
10:07:20.849818 - WINDOW: [DEAD (0x7a29e80bbbc0)] 
10:07:20.849828 - LOCATION: [DEAD (0x7a29e80bbbc0)] 
10:07:20.849849 - GSETTINGS SCHEMA HANDLE: keybindings/keyboard-layout not set [app:org.gnome.Terminal, profile:default]
10:07:20.849853 - GSETTINGS REGISTRY: keybindings/keyboard-layout using default value = 'desktop'
10:07:20.849863 - GSETTINGS SCHEMA HANDLE: keybindings/desktop-modifier-keys not set [app:org.gnome.Terminal, profile:default]
10:07:20.849867 - GSETTINGS REGISTRY: keybindings/desktop-modifier-keys using default value = ['Insert', 'KP_Insert']
10:07:20.849879 - TOTAL PROCESSING TIME: 0.0001
^^^^^ PROCESS ATSPI_KEY_RELEASED_EVENT: 'F9' (75) ^^^^^

10:07:20.849901 - GSETTINGS SCHEMA HANDLE: keybindings/keyboard-layout not set [app:org.gnome.Terminal, profile:default]
10:07:20.849905 - GSETTINGS REGISTRY: keybindings/keyboard-layout using default value = 'desktop'
10:07:20.849915 - GSETTINGS SCHEMA HANDLE: keybindings/desktop-modifier-keys not set [app:org.gnome.Terminal, profile:default]
10:07:20.849919 - GSETTINGS REGISTRY: keybindings/desktop-modifier-keys using default value = ['Insert', 'KP_Insert']
10:07:20.850432 - FALLBACK: Contents changed. (<Gtk.Clipboard object at 0x7a29d2f6d300 (GtkClipboard at 0x21515c60)>, <Gdk.EventOwnerChange object at 0x7a29d2d61010 (void at 0x21564280)>) {}
10:07:20.850732 - FALLBACK: Clipboard contents: 
10:07:20.850745 - CLIPBOARD PRESENTER: Contents changed to: ''
10:07:20.850751 - CLIPBOARD PRESENTER: Not presenting change: likely duplicate.

10:07:20.853312 - AXObject: Exception in get_role_name: atspi_error: The name :1.9 was not provided by any .service files (1)
10:07:20.853715 - EVENT MANAGER: object:children-changed:add for [progress bar: 'Download progress' (0x7a29d2f9ccc0)]  in accessibility_probe (AccessKit) (0, 0, [DEAD (0x7a29d2e14b40)])
10:07:20.853733 - FOCUS MANAGER: Locus of focus is [DEAD (0x7a29e80bbbc0)] 
10:07:20.853906 - EVENT_MANAGER: Ignoring object:children-changed:add due to multiple instances in short time

10:07:20.853970 - AXObject: Exception in get_role_name: atspi_error: The name :1.9 was not provided by any .service files (1)
10:07:20.854779 - EVENT MANAGER: object:children-changed:add for [progress bar: 'Download progress' (0x7a29e8a79ac0)]  in accessibility_probe (AccessKit) (1, 0, [DEAD (0x7a29d2e14c80)])
10:07:20.854842 - FOCUS MANAGER: Locus of focus is [DEAD (0x7a29e80bbbc0)] 
10:07:20.855122 - EVENT_MANAGER: Ignoring object:children-changed:add due to multiple instances in short time

10:07:20.855189 - AXObject: Exception in get_role_name: atspi_error: The name :1.9 was not provided by any .service files (1)
10:07:20.855609 - EVENT MANAGER: object:children-changed:add for [progress bar: 'Download progress' (0x7a29d2d9cb40)]  in accessibility_probe (AccessKit) (2, 0, [DEAD (0x7a29d2d9cb40)])
10:07:20.855629 - FOCUS MANAGER: Locus of focus is [DEAD (0x7a29e80bbbc0)] 
10:07:20.855792 - EVENT_MANAGER: Ignoring object:children-changed:add due to multiple instances in short time

10:07:20.855858 - AXObject: Exception in get_role_name: atspi_error: The name :1.9 was not provided by any .service files (1)
10:07:20.856239 - EVENT MANAGER: object:children-changed:add for [progress bar: 'Download progress' (0x7a29d2d54dc0)]  in accessibility_probe (AccessKit) (3, 0, [DEAD (0x7a29e8a79ac0)])
10:07:20.856256 - FOCUS MANAGER: Locus of focus is [DEAD (0x7a29e80bbbc0)] 
10:07:20.856409 - EVENT_MANAGER: Ignoring object:children-changed:add due to multiple instances in short time

10:07:20.856464 - AXObject: Exception in get_role_name: atspi_error: The name :1.9 was not provided by any .service files (1)
10:07:20.856829 - EVENT MANAGER: object:children-changed:add for [progress bar: 'Completed download' (0x7a29d2e14c80)]  in accessibility_probe (AccessKit) (0, 0, [DEAD (0x7a29e8131f80)])
10:07:20.856843 - FOCUS MANAGER: Locus of focus is [DEAD (0x7a29e80bbbc0)] 
10:07:20.856996 - EVENT_MANAGER: Ignoring object:children-changed:add due to multiple instances in short time

10:07:20.857049 - AXObject: Exception in get_role_name: atspi_error: The name :1.9 was not provided by any .service files (1)
10:07:20.857417 - EVENT MANAGER: object:children-changed:add for [progress bar: 'Completed download' (0x7a29d2e14d40)]  in accessibility_probe (AccessKit) (1, 0, [DEAD (0x7a29e8131f80)])
10:07:20.857430 - FOCUS MANAGER: Locus of focus is [DEAD (0x7a29e80bbbc0)] 
10:07:20.857583 - EVENT_MANAGER: Ignoring object:children-changed:add due to multiple instances in short time

10:07:20.857634 - AXObject: Exception in get_role_name: atspi_error: The name :1.9 was not provided by any .service files (1)
10:07:20.858000 - EVENT MANAGER: object:children-changed:add for [progress bar: 'Completed download' (0x7a29e8130040)]  in accessibility_probe (AccessKit) (2, 0, [DEAD (0x7a29e8131f80)])
10:07:20.858019 - FOCUS MANAGER: Locus of focus is [DEAD (0x7a29e80bbbc0)] 
10:07:20.858201 - EVENT_MANAGER: Ignoring object:children-changed:add due to multiple instances in short time

10:07:20.858261 - AXObject: Exception in get_role_name: atspi_error: The name :1.9 was not provided by any .service files (1)
10:07:20.858629 - EVENT MANAGER: object:children-changed:add for [progress bar: 'Waiting for download' (0x7a29e8130040)]  in accessibility_probe (AccessKit) (0, 0, [DEAD (0x7a29d2d68e80)])
10:07:20.858645 - FOCUS MANAGER: Locus of focus is [DEAD (0x7a29e80bbbc0)] 
10:07:20.858800 - EVENT_MANAGER: Ignoring object:children-changed:add due to multiple instances in short time

10:07:20.858853 - AXObject: Exception in get_role_name: atspi_error: The name :1.9 was not provided by any .service files (1)
10:07:20.859220 - EVENT MANAGER: object:children-changed:add for [progress bar: 'Waiting for download' (0x7a29e8131f80)]  in accessibility_probe (AccessKit) (1, 0, [DEAD (0x7a29e8131f80)])
10:07:20.859235 - FOCUS MANAGER: Locus of focus is [DEAD (0x7a29e80bbbc0)] 
10:07:20.859388 - EVENT_MANAGER: Ignoring object:children-changed:add due to multiple instances in short time

10:07:20.859442 - AXObject: Exception in get_role_name: atspi_error: The name :1.9 was not provided by any .service files (1)
10:07:20.859808 - EVENT MANAGER: object:children-changed:add for [progress bar: 'Waiting for download' (0x7a29e8130bc0)]  in accessibility_probe (AccessKit) (2, 0, [DEAD (0x7a29e8c64c80)])
10:07:20.859824 - FOCUS MANAGER: Locus of focus is [DEAD (0x7a29e80bbbc0)] 
10:07:20.859974 - EVENT_MANAGER: Ignoring object:children-changed:add due to multiple instances in short time

10:07:20.860035 - AXObject: Exception in get_role_name: atspi_error: The name :1.9 was not provided by any .service files (1)
10:07:20.860399 - EVENT MANAGER: object:children-changed:add for [progress bar: 'Waiting for download' (0x7a29d2e14a80)]  in accessibility_probe (AccessKit) (3, 0, [DEAD (0x7a29e8c64c80)])
10:07:20.860414 - FOCUS MANAGER: Locus of focus is [DEAD (0x7a29e80bbbc0)] 
10:07:20.860565 - EVENT_MANAGER: Ignoring object:children-changed:add due to multiple instances in short time

10:07:20.860616 - AXObject: Exception in get_role_name: atspi_error: The name :1.9 was not provided by any .service files (1)
10:07:20.860984 - EVENT MANAGER: object:children-changed:add for [progress bar: 'Waiting for download' (0x7a29d2f9ff80)]  in accessibility_probe (AccessKit) (4, 0, [DEAD (0x7a29e8130bc0)])
10:07:20.861003 - FOCUS MANAGER: Locus of focus is [DEAD (0x7a29e80bbbc0)] 
10:07:20.861157 - EVENT_MANAGER: Ignoring object:children-changed:add due to multiple instances in short time

10:07:20.861208 - AXObject: Exception in get_role_name: atspi_error: The name :1.9 was not provided by any .service files (1)
10:07:20.861570 - EVENT MANAGER: object:children-changed:add for [progress bar: 'Invalid download' (0x7a29e810cc80)]  in accessibility_probe (AccessKit) (0, 0, [DEAD (0x7a29e810cc80)])
10:07:20.861585 - FOCUS MANAGER: Locus of focus is [DEAD (0x7a29e80bbbc0)] 
10:07:20.861738 - EVENT_MANAGER: Ignoring object:children-changed:add due to multiple instances in short time
10:07:20.861786 - CLIPBOARD PRESENTER: Possible change event object:text-changed:delete for [terminal: 'Terminal' (0x7a29d2f908c0)]  in org.gnome.Terminal (gtk 3.24.52) (0, 1016, \n \n \nAdvance download \n... \n \n \n \n \n (1026 chars.))

10:07:20.861838 - EVENT MANAGER: object:text-changed:delete for [terminal: 'Terminal' (0x7a29d2f908c0)]  in org.gnome.Terminal (gtk 3.24.52) (0, 1016, \n \n \nAdvance download \n... \n \n \n \n \n (1026 chars.))
10:07:20.861850 - FOCUS MANAGER: Locus of focus is [DEAD (0x7a29e80bbbc0)] 
10:07:20.861894 - EVENT_MANAGER: Not ignoring object:text-changed:delete due to source being focused
10:07:20.861931 - EVENT MANAGER: Queueing object:text-changed:delete for [terminal: 'Terminal' (0x7a29d2f908c0)]  in org.gnome.Terminal (gtk 3.24.52) (0, 1016, \n \n \nAdvance download \n... \n \n \n \n \n (1026 chars.))
10:07:20.861946 - EVENT MANAGER: App for event source is [application: 'org.gnome.Terminal' (0x7a29e81246c0)] 
10:07:20.861963 - SCRIPT MANAGER: Getting script for [application: 'org.gnome.Terminal' (0x7a29e81246c0)]  [terminal: 'Terminal' (0x7a29d2f908c0)] 
10:07:20.861997 - SCRIPT MANAGER: Script is custom script org.gnome.Terminal (module=orca.scripts.terminal.script)
10:07:20.862040 - EVENT MANAGER: object:text-changed:delete for [terminal: 'Terminal' (0x7a29d2f908c0)]  in org.gnome.Terminal (gtk 3.24.52) (0, 1016, \n \n \nAdvance download \n... \n \n \n \n \n (1026 chars.)) has priority level: 4
10:07:20.862079 - EVENT MANAGER: Queued object:text-changed:delete for [terminal: 'Terminal' (0x7a29d2f908c0)]  in org.gnome.Terminal (gtk 3.24.52) (0, 1016, \n \n \nAdvance download \n... \n \n \n \n \n (1026 chars.)) priority: 4, counter: 81
10:07:20.862126 - CLIPBOARD PRESENTER: Possible change event object:text-changed:insert for [terminal: 'Terminal' (0x7a29d2f908c0)]  in org.gnome.Terminal (gtk 3.24.52) (0, 1016, Download progress \n█████████████████████████▒▒▒▒▒▒▒▒▒▒▒▒▒▒▒▒▒▒▒▒▒▒▒▒▒▒▒▒▒▒▒▒▒▒▒▒▒▒▒▒▒▒▒▒▒▒▒▒▒▒▒▒▒▒▒▒▒▒▒▒▒▒▒▒▒▒▒▒▒▒▒▒▒▒▒\n25.0% \nAdvance download... or range \nCompleted download \n████████████████████████████████████████████████████████████████████████████████████████████████████\n100.0% (1026 chars.))

10:07:20.862181 - EVENT MANAGER: object:text-changed:insert for [terminal: 'Terminal' (0x7a29d2f908c0)]  in org.gnome.Terminal (gtk 3.24.52) (0, 1016, Download progress \n█████████████████████████▒▒▒▒▒▒▒▒▒▒▒▒▒▒▒▒▒▒▒▒▒▒▒▒▒▒▒▒▒▒▒▒▒▒▒▒▒▒▒▒▒▒▒▒▒▒▒▒▒▒▒▒▒▒▒▒▒▒▒▒▒▒▒▒▒▒▒▒▒▒▒▒▒▒▒\n25.0% \nAdvance download... or range \nCompleted download \n████████████████████████████████████████████████████████████████████████████████████████████████████\n100.0% (1026 chars.))
10:07:20.862197 - FOCUS MANAGER: Locus of focus is [DEAD (0x7a29e80bbbc0)] 
10:07:20.862243 - EVENT_MANAGER: Not ignoring object:text-changed:insert due to source being focused
10:07:20.862278 - EVENT MANAGER: Queueing object:text-changed:insert for [terminal: 'Terminal' (0x7a29d2f908c0)]  in org.gnome.Terminal (gtk 3.24.52) (0, 1016, Download progress \n█████████████████████████▒▒▒▒▒▒▒▒▒▒▒▒▒▒▒▒▒▒▒▒▒▒▒▒▒▒▒▒▒▒▒▒▒▒▒▒▒▒▒▒▒▒▒▒▒▒▒▒▒▒▒▒▒▒▒▒▒▒▒▒▒▒▒▒▒▒▒▒▒▒▒▒▒▒▒\n25.0% \nAdvance download... or range \nCompleted download \n████████████████████████████████████████████████████████████████████████████████████████████████████\n100.0% (1026 chars.))
10:07:20.862294 - EVENT MANAGER: App for event source is [application: 'org.gnome.Terminal' (0x7a29e81246c0)] 
10:07:20.862310 - SCRIPT MANAGER: Getting script for [application: 'org.gnome.Terminal' (0x7a29e81246c0)]  [terminal: 'Terminal' (0x7a29d2f908c0)] 
10:07:20.862330 - SCRIPT MANAGER: Script is custom script org.gnome.Terminal (module=orca.scripts.terminal.script)
10:07:20.862371 - EVENT MANAGER: object:text-changed:insert for [terminal: 'Terminal' (0x7a29d2f908c0)]  in org.gnome.Terminal (gtk 3.24.52) (0, 1016, Download progress \n█████████████████████████▒▒▒▒▒▒▒▒▒▒▒▒▒▒▒▒▒▒▒▒▒▒▒▒▒▒▒▒▒▒▒▒▒▒▒▒▒▒▒▒▒▒▒▒▒▒▒▒▒▒▒▒▒▒▒▒▒▒▒▒▒▒▒▒▒▒▒▒▒▒▒▒▒▒▒\n25.0% \nAdvance download... or range \nCompleted download \n████████████████████████████████████████████████████████████████████████████████████████████████████\n100.0% (1026 chars.)) has priority level: 4
10:07:20.862410 - EVENT MANAGER: Queued object:text-changed:insert for [terminal: 'Terminal' (0x7a29d2f908c0)]  in org.gnome.Terminal (gtk 3.24.52) (0, 1016, Download progress \n█████████████████████████▒▒▒▒▒▒▒▒▒▒▒▒▒▒▒▒▒▒▒▒▒▒▒▒▒▒▒▒▒▒▒▒▒▒▒▒▒▒▒▒▒▒▒▒▒▒▒▒▒▒▒▒▒▒▒▒▒▒▒▒▒▒▒▒▒▒▒▒▒▒▒▒▒▒▒\n25.0% \nAdvance download... or range \nCompleted download \n████████████████████████████████████████████████████████████████████████████████████████████████████\n100.0% (1026 chars.)) priority: 4, counter: 82

10:07:20.862448 - EVENT MANAGER: object:text-caret-moved for [terminal: 'Terminal' (0x7a29d2f908c0)]  in org.gnome.Terminal (gtk 3.24.52) (1016, 0, 0)
10:07:20.862459 - FOCUS MANAGER: Locus of focus is [DEAD (0x7a29e80bbbc0)] 
10:07:20.862502 - EVENT_MANAGER: Not ignoring object:text-caret-moved due to source being focused
10:07:20.862531 - EVENT MANAGER: Queueing object:text-caret-moved for [terminal: 'Terminal' (0x7a29d2f908c0)]  in org.gnome.Terminal (gtk 3.24.52) (1016, 0, 0)
10:07:20.862545 - EVENT MANAGER: App for event source is [application: 'org.gnome.Terminal' (0x7a29e81246c0)] 
10:07:20.862561 - SCRIPT MANAGER: Getting script for [application: 'org.gnome.Terminal' (0x7a29e81246c0)]  [terminal: 'Terminal' (0x7a29d2f908c0)] 
10:07:20.862582 - SCRIPT MANAGER: Script is custom script org.gnome.Terminal (module=orca.scripts.terminal.script)
10:07:20.862616 - EVENT MANAGER: object:text-caret-moved for [terminal: 'Terminal' (0x7a29d2f908c0)]  in org.gnome.Terminal (gtk 3.24.52) (1016, 0, 0) has priority level: 4
10:07:20.862649 - EVENT MANAGER: Queued object:text-caret-moved for [terminal: 'Terminal' (0x7a29d2f908c0)]  in org.gnome.Terminal (gtk 3.24.52) (1016, 0, 0) priority: 4, counter: 83

10:07:20.862719 - AXObject: Exception in get_role_name: app no longer exists
10:07:20.862726 - AXObject: Adding to known dead objects ax_utilities_debugging._accessible_as_string:62 > ax_object.get_role_name:661 > ax_object.handle_error:193 > ax_object._set_known_dead_status:170
10:07:20.863108 - EVENT MANAGER: object:children-changed:remove for [desktop frame: 'main' (0x7a29d2e15500)]  in  (5, 0, [DEAD (0x7a29d2f90440)])
10:07:20.863127 - FOCUS MANAGER: Locus of focus is [DEAD (0x7a29e80bbbc0)] 
10:07:20.863175 - EVENT_MANAGER: Ignoring object:children-changed:remove due to multiple instances in short time

10:07:20.863229 - AXObject: Exception in get_role_name: app no longer exists
10:07:20.863236 - AXObject: Adding to known dead objects ax_utilities_debugging._accessible_as_string:62 > ax_object.get_role_name:661 > ax_object.handle_error:193 > ax_object._set_known_dead_status:170
10:07:20.863558 - EVENT MANAGER: object:children-changed:remove for [desktop frame: 'main' (0x7a29d2e16280)]  in  (4, 0, [DEAD (0x7a29d2d9bc00)])
10:07:20.863573 - FOCUS MANAGER: Locus of focus is [DEAD (0x7a29e80bbbc0)] 
10:07:20.863616 - EVENT_MANAGER: Ignoring object:children-changed:remove due to multiple instances in short time
10:07:20.863668 - CLIPBOARD PRESENTER: Possible change event object:text-changed:delete for [terminal: 'Terminal' (0x7a29d2f908c0)]  in org.gnome.Terminal (gtk 3.24.52) (101, 3130, █████████████████████████▒▒▒▒▒▒▒▒▒▒▒▒▒▒▒▒▒▒▒▒▒▒▒▒▒▒▒▒▒▒▒▒▒▒▒▒▒▒▒▒▒▒▒▒▒▒▒▒▒▒▒▒▒▒▒▒▒▒▒▒▒▒▒▒▒▒▒▒▒▒▒▒▒▒▒\n25.0% \nAdvance download \nWaiting for... \n \n \n \n \n (3160 chars.))

10:07:20.863726 - EVENT MANAGER: object:text-changed:delete for [terminal: 'Terminal' (0x7a29d2f908c0)]  in org.gnome.Terminal (gtk 3.24.52) (101, 3130, █████████████████████████▒▒▒▒▒▒▒▒▒▒▒▒▒▒▒▒▒▒▒▒▒▒▒▒▒▒▒▒▒▒▒▒▒▒▒▒▒▒▒▒▒▒▒▒▒▒▒▒▒▒▒▒▒▒▒▒▒▒▒▒▒▒▒▒▒▒▒▒▒▒▒▒▒▒▒\n25.0% \nAdvance download \nWaiting for... \n \n \n \n \n (3160 chars.))
10:07:20.863740 - FOCUS MANAGER: Locus of focus is [DEAD (0x7a29e80bbbc0)] 
10:07:20.863785 - EVENT_MANAGER: Not ignoring object:text-changed:delete due to source being focused
10:07:20.863823 - EVENT MANAGER: Queueing object:text-changed:delete for [terminal: 'Terminal' (0x7a29d2f908c0)]  in org.gnome.Terminal (gtk 3.24.52) (101, 3130, █████████████████████████▒▒▒▒▒▒▒▒▒▒▒▒▒▒▒▒▒▒▒▒▒▒▒▒▒▒▒▒▒▒▒▒▒▒▒▒▒▒▒▒▒▒▒▒▒▒▒▒▒▒▒▒▒▒▒▒▒▒▒▒▒▒▒▒▒▒▒▒▒▒▒▒▒▒▒\n25.0% \nAdvance download \nWaiting for... \n \n \n \n \n (3160 chars.))
10:07:20.863840 - EVENT MANAGER: App for event source is [application: 'org.gnome.Terminal' (0x7a29e81246c0)] 
10:07:20.863856 - SCRIPT MANAGER: Getting script for [application: 'org.gnome.Terminal' (0x7a29e81246c0)]  [terminal: 'Terminal' (0x7a29d2f908c0)] 
10:07:20.863878 - SCRIPT MANAGER: Script is custom script org.gnome.Terminal (module=orca.scripts.terminal.script)
10:07:20.863922 - EVENT MANAGER: object:text-changed:delete for [terminal: 'Terminal' (0x7a29d2f908c0)]  in org.gnome.Terminal (gtk 3.24.52) (101, 3130, █████████████████████████▒▒▒▒▒▒▒▒▒▒▒▒▒▒▒▒▒▒▒▒▒▒▒▒▒▒▒▒▒▒▒▒▒▒▒▒▒▒▒▒▒▒▒▒▒▒▒▒▒▒▒▒▒▒▒▒▒▒▒▒▒▒▒▒▒▒▒▒▒▒▒▒▒▒▒\n25.0% \nAdvance download \nWaiting for... \n \n \n \n \n (3160 chars.)) has priority level: 4
10:07:20.863968 - EVENT MANAGER: Queued object:text-changed:delete for [terminal: 'Terminal' (0x7a29d2f908c0)]  in org.gnome.Terminal (gtk 3.24.52) (101, 3130, █████████████████████████▒▒▒▒▒▒▒▒▒▒▒▒▒▒▒▒▒▒▒▒▒▒▒▒▒▒▒▒▒▒▒▒▒▒▒▒▒▒▒▒▒▒▒▒▒▒▒▒▒▒▒▒▒▒▒▒▒▒▒▒▒▒▒▒▒▒▒▒▒▒▒▒▒▒▒\n25.0% \nAdvance download \nWaiting for... \n \n \n \n \n (3160 chars.)) priority: 4, counter: 84
10:07:20.864011 - CLIPBOARD PRESENTER: Possible change event object:text-changed:delete for [terminal: 'Terminal' (0x7a29d2f908c0)]  in org.gnome.Terminal (gtk 3.24.52) (0, 101, Download progress \n... Download progress \n (102 chars.))

10:07:20.864058 - EVENT MANAGER: object:text-changed:delete for [terminal: 'Terminal' (0x7a29d2f908c0)]  in org.gnome.Terminal (gtk 3.24.52) (0, 101, Download progress \n... Download progress \n (102 chars.))
10:07:20.864070 - FOCUS MANAGER: Locus of focus is [DEAD (0x7a29e80bbbc0)] 
10:07:20.864112 - EVENT_MANAGER: Not ignoring object:text-changed:delete due to source being focused
10:07:20.864143 - EVENT MANAGER: Queueing object:text-changed:delete for [terminal: 'Terminal' (0x7a29d2f908c0)]  in org.gnome.Terminal (gtk 3.24.52) (0, 101, Download progress \n... Download progress \n (102 chars.))
10:07:20.864158 - EVENT MANAGER: App for event source is [application: 'org.gnome.Terminal' (0x7a29e81246c0)] 
10:07:20.864174 - SCRIPT MANAGER: Getting script for [application: 'org.gnome.Terminal' (0x7a29e81246c0)]  [terminal: 'Terminal' (0x7a29d2f908c0)] 
10:07:20.864194 - SCRIPT MANAGER: Script is custom script org.gnome.Terminal (module=orca.scripts.terminal.script)
10:07:20.864231 - EVENT MANAGER: object:text-changed:delete for [terminal: 'Terminal' (0x7a29d2f908c0)]  in org.gnome.Terminal (gtk 3.24.52) (0, 101, Download progress \n... Download progress \n (102 chars.)) has priority level: 4
10:07:20.864266 - EVENT MANAGER: Queued object:text-changed:delete for [terminal: 'Terminal' (0x7a29d2f908c0)]  in org.gnome.Terminal (gtk 3.24.52) (0, 101, Download progress \n... Download progress \n (102 chars.)) priority: 4, counter: 85
10:07:20.864299 - CLIPBOARD PRESENTER: Possible change event object:text-changed:insert for [terminal: 'Terminal' (0x7a29d2f908c0)]  in org.gnome.Terminal (gtk 3.24.52) (0, 31, \n\n\n\n\n\n\n\n\n\n\n\n\n\n\n\n\n\n\n\n\n\n\n\n\n\n\n\n\n\n\n)

10:07:20.864342 - EVENT MANAGER: object:text-changed:insert for [terminal: 'Terminal' (0x7a29d2f908c0)]  in org.gnome.Terminal (gtk 3.24.52) (0, 31, \n\n\n\n\n\n\n\n\n\n\n\n\n\n\n\n\n\n\n\n\n\n\n\n\n\n\n\n\n\n\n)
10:07:20.864355 - FOCUS MANAGER: Locus of focus is [DEAD (0x7a29e80bbbc0)] 
10:07:20.864397 - EVENT_MANAGER: Not ignoring object:text-changed:insert due to source being focused
10:07:20.864427 - EVENT MANAGER: Queueing object:text-changed:insert for [terminal: 'Terminal' (0x7a29d2f908c0)]  in org.gnome.Terminal (gtk 3.24.52) (0, 31, \n\n\n\n\n\n\n\n\n\n\n\n\n\n\n\n\n\n\n\n\n\n\n\n\n\n\n\n\n\n\n)
10:07:20.864441 - EVENT MANAGER: App for event source is [application: 'org.gnome.Terminal' (0x7a29e81246c0)] 
10:07:20.864456 - SCRIPT MANAGER: Getting script for [application: 'org.gnome.Terminal' (0x7a29e81246c0)]  [terminal: 'Terminal' (0x7a29d2f908c0)] 
10:07:20.864475 - SCRIPT MANAGER: Script is custom script org.gnome.Terminal (module=orca.scripts.terminal.script)
10:07:20.864510 - EVENT MANAGER: object:text-changed:insert for [terminal: 'Terminal' (0x7a29d2f908c0)]  in org.gnome.Terminal (gtk 3.24.52) (0, 31, \n\n\n\n\n\n\n\n\n\n\n\n\n\n\n\n\n\n\n\n\n\n\n\n\n\n\n\n\n\n\n) has priority level: 4
10:07:20.864543 - EVENT MANAGER: Queued object:text-changed:insert for [terminal: 'Terminal' (0x7a29d2f908c0)]  in org.gnome.Terminal (gtk 3.24.52) (0, 31, \n\n\n\n\n\n\n\n\n\n\n\n\n\n\n\n\n\n\n\n\n\n\n\n\n\n\n\n\n\n\n) priority: 4, counter: 86

10:07:20.864580 - EVENT MANAGER: object:text-caret-moved for [terminal: 'Terminal' (0x7a29d2f908c0)]  in org.gnome.Terminal (gtk 3.24.52) (0, 0, 0)
10:07:20.864591 - FOCUS MANAGER: Locus of focus is [DEAD (0x7a29e80bbbc0)] 
10:07:20.864633 - EVENT_MANAGER: Not ignoring object:text-caret-moved due to source being focused
10:07:20.864663 - EVENT MANAGER: Queueing object:text-caret-moved for [terminal: 'Terminal' (0x7a29d2f908c0)]  in org.gnome.Terminal (gtk 3.24.52) (0, 0, 0)
10:07:20.864677 - EVENT MANAGER: App for event source is [application: 'org.gnome.Terminal' (0x7a29e81246c0)] 
10:07:20.864692 - SCRIPT MANAGER: Getting script for [application: 'org.gnome.Terminal' (0x7a29e81246c0)]  [terminal: 'Terminal' (0x7a29d2f908c0)] 
10:07:20.864711 - SCRIPT MANAGER: Script is custom script org.gnome.Terminal (module=orca.scripts.terminal.script)
10:07:20.864747 - EVENT MANAGER: object:text-caret-moved for [terminal: 'Terminal' (0x7a29d2f908c0)]  in org.gnome.Terminal (gtk 3.24.52) (0, 0, 0) has priority level: 4
10:07:20.864780 - EVENT MANAGER: Queued object:text-caret-moved for [terminal: 'Terminal' (0x7a29d2f908c0)]  in org.gnome.Terminal (gtk 3.24.52) (0, 0, 0) priority: 4, counter: 87

10:07:20.864813 - EVENT MANAGER: object:state-changed:focused for [terminal: 'Terminal' (0x7a29d2f908c0)]  in org.gnome.Terminal (gtk 3.24.52) (0, 0, 0)
10:07:20.864824 - FOCUS MANAGER: Locus of focus is [DEAD (0x7a29e80bbbc0)] 
10:07:20.864909 - EVENT MANAGER: Queueing object:state-changed:focused for [terminal: 'Terminal' (0x7a29d2f908c0)]  in org.gnome.Terminal (gtk 3.24.52) (0, 0, 0)
10:07:20.864925 - EVENT MANAGER: App for event source is [application: 'org.gnome.Terminal' (0x7a29e81246c0)] 
10:07:20.864941 - SCRIPT MANAGER: Getting script for [application: 'org.gnome.Terminal' (0x7a29e81246c0)]  [terminal: 'Terminal' (0x7a29d2f908c0)] 
10:07:20.864959 - SCRIPT MANAGER: Script is custom script org.gnome.Terminal (module=orca.scripts.terminal.script)
10:07:20.864997 - EVENT MANAGER: object:state-changed:focused for [terminal: 'Terminal' (0x7a29d2f908c0)]  in org.gnome.Terminal (gtk 3.24.52) (0, 0, 0) has priority level: 3
10:07:20.865031 - EVENT MANAGER: Queued object:state-changed:focused for [terminal: 'Terminal' (0x7a29d2f908c0)]  in org.gnome.Terminal (gtk 3.24.52) (0, 0, 0) priority: 3, counter: 88

10:07:20.865064 - EVENT MANAGER: object:state-changed:showing for [terminal: 'Terminal' (0x7a29d2f908c0)]  in org.gnome.Terminal (gtk 3.24.52) (0, 0, 0)
10:07:20.865074 - FOCUS MANAGER: Locus of focus is [DEAD (0x7a29e80bbbc0)] 
10:07:20.865126 - EVENT MANAGER: Ignoring object:state-changed:showing due to role

10:07:20.865173 - EVENT MANAGER: object:state-changed:showing for [scroll bar (0x7a29e8146800)]  in org.gnome.Terminal (gtk 3.24.52) (0, 0, 0)
10:07:20.865185 - FOCUS MANAGER: Locus of focus is [DEAD (0x7a29e80bbbc0)] 
10:07:20.865226 - EVENT_MANAGER: Ignoring object:state-changed:showing due to multiple instances in short time

10:07:20.865268 - EVENT MANAGER: object:state-changed:showing for [filler (0x7a29e81467c0)]  in org.gnome.Terminal (gtk 3.24.52) (0, 0, 0)
10:07:20.865279 - FOCUS MANAGER: Locus of focus is [DEAD (0x7a29e80bbbc0)] 
10:07:20.865322 - EVENT_MANAGER: Ignoring object:state-changed:showing due to multiple instances in short time

10:07:20.865356 - EVENT MANAGER: object:state-changed:showing for [filler (0x7a29d2e16a80)]  in org.gnome.Terminal (gtk 3.24.52) (0, 0, 0)
10:07:20.865367 - FOCUS MANAGER: Locus of focus is [DEAD (0x7a29e80bbbc0)] 
10:07:20.865407 - EVENT_MANAGER: Ignoring object:state-changed:showing due to multiple instances in short time

10:07:20.865441 - EVENT MANAGER: object:state-changed:showing for [panel (0x7a29e8146b00)]  in org.gnome.Terminal (gtk 3.24.52) (0, 0, 0)
10:07:20.865452 - FOCUS MANAGER: Locus of focus is [DEAD (0x7a29e80bbbc0)] 
10:07:20.865492 - EVENT_MANAGER: Ignoring object:state-changed:showing due to multiple instances in short time

10:07:20.865527 - EVENT MANAGER: object:children-changed:remove for [page tab list (0x7a29e8132240)]  in org.gnome.Terminal (gtk 3.24.52) (0, 0, [page tab (0x7a29e8132400)])
10:07:20.865538 - FOCUS MANAGER: Locus of focus is [DEAD (0x7a29e80bbbc0)] 
10:07:20.865605 - EVENT MANAGER: Queueing object:children-changed:remove for [page tab list (0x7a29d2f6eb80)]  in org.gnome.Terminal (gtk 3.24.52) (0, 0, [page tab (0x7a29d2e16b80)])
10:07:20.865620 - EVENT MANAGER: App for event source is [application: 'org.gnome.Terminal' (0x7a29e81246c0)] 
10:07:20.865635 - SCRIPT MANAGER: Getting script for [application: 'org.gnome.Terminal' (0x7a29e81246c0)]  [page tab list (0x7a29d2fbbe80)] 
10:07:20.865659 - SCRIPT MANAGER: Script is app script org.gnome.Terminal (module=orca.scripts.toolkits.gtk.script)
10:07:20.865695 - EVENT MANAGER: object:children-changed:remove for [page tab list (0x7a29d2e16b80)]  in org.gnome.Terminal (gtk 3.24.52) (0, 0, [page tab (0x7a29d2d57a00)]) has priority level: 6
10:07:20.865726 - EVENT MANAGER: Queued object:children-changed:remove for [page tab list (0x7a29d2e16c40)]  in org.gnome.Terminal (gtk 3.24.52) (0, 0, [page tab (0x7a29d2e16b40)]) priority: 6, counter: 89

10:07:20.865770 - EVENT MANAGER: object:state-changed:showing for [button: 'New Tab' (0x7a29e8146c40)]  in org.gnome.Terminal (gtk 3.24.52) (0, 0, 0)
10:07:20.865782 - FOCUS MANAGER: Locus of focus is [DEAD (0x7a29e80bbbc0)] 
10:07:20.865824 - EVENT_MANAGER: Ignoring object:state-changed:showing due to multiple instances in short time

10:07:20.865858 - EVENT MANAGER: object:state-changed:showing for [filler (0x7a29d2e169c0)]  in org.gnome.Terminal (gtk 3.24.52) (0, 0, 0)
10:07:20.865869 - FOCUS MANAGER: Locus of focus is [DEAD (0x7a29e80bbbc0)] 
10:07:20.865909 - EVENT_MANAGER: Ignoring object:state-changed:showing due to multiple instances in short time

10:07:20.865952 - EVENT MANAGER: object:state-changed:showing for [label: 'Terminal' (0x7a29e8c66d00)]  in org.gnome.Terminal (gtk 3.24.52) (0, 0, 0)
10:07:20.865962 - FOCUS MANAGER: Locus of focus is [DEAD (0x7a29e80bbbc0)] 
10:07:20.866007 - EVENT_MANAGER: Ignoring object:state-changed:showing due to multiple instances in short time

10:07:20.866050 - EVENT MANAGER: object:state-changed:showing for [filler (0x7a29d2e16e00)]  in org.gnome.Terminal (gtk 3.24.52) (0, 0, 0)
10:07:20.866072 - FOCUS MANAGER: Locus of focus is [DEAD (0x7a29e80bbbc0)] 
10:07:20.866114 - EVENT_MANAGER: Ignoring object:state-changed:showing due to multiple instances in short time

10:07:20.866150 - EVENT MANAGER: object:state-changed:showing for [toggle button: 'Menu' (0x7a29d2e16f40)]  in org.gnome.Terminal (gtk 3.24.52) (0, 0, 0)
10:07:20.866162 - FOCUS MANAGER: Locus of focus is [DEAD (0x7a29e80bbbc0)] 
10:07:20.866201 - EVENT_MANAGER: Ignoring object:state-changed:showing due to multiple instances in short time

10:07:20.866244 - EVENT MANAGER: object:state-changed:showing for [button: 'Find' (0x7a29d2e17000)]  in org.gnome.Terminal (gtk 3.24.52) (0, 0, 0)
10:07:20.866256 - FOCUS MANAGER: Locus of focus is [DEAD (0x7a29e80bbbc0)] 
10:07:20.866297 - EVENT_MANAGER: Ignoring object:state-changed:showing due to multiple instances in short time

10:07:20.866341 - EVENT MANAGER: object:state-changed:showing for [separator (0x7a29d2e17140)]  in org.gnome.Terminal (gtk 3.24.52) (0, 0, 0)
10:07:20.866353 - FOCUS MANAGER: Locus of focus is [DEAD (0x7a29e80bbbc0)] 
10:07:20.866394 - EVENT_MANAGER: Ignoring object:state-changed:showing due to multiple instances in short time

10:07:20.866435 - EVENT MANAGER: object:state-changed:showing for [button: 'Minimize' (0x7a29d2e17440)]  in org.gnome.Terminal (gtk 3.24.52) (0, 0, 0)
10:07:20.866447 - FOCUS MANAGER: Locus of focus is [DEAD (0x7a29e80bbbc0)] 
10:07:20.866487 - EVENT_MANAGER: Ignoring object:state-changed:showing due to multiple instances in short time

10:07:20.866528 - EVENT MANAGER: object:state-changed:showing for [button: 'Maximize' (0x7a29d2e17280)]  in org.gnome.Terminal (gtk 3.24.52) (0, 0, 0)
10:07:20.866541 - FOCUS MANAGER: Locus of focus is [DEAD (0x7a29e80bbbc0)] 
10:07:20.866581 - EVENT_MANAGER: Ignoring object:state-changed:showing due to multiple instances in short time

10:07:20.866621 - EVENT MANAGER: object:state-changed:showing for [button: 'Close' (0x7a29d2e17700)]  in org.gnome.Terminal (gtk 3.24.52) (0, 0, 0)
10:07:20.866633 - FOCUS MANAGER: Locus of focus is [DEAD (0x7a29e80bbbc0)] 
10:07:20.866674 - EVENT_MANAGER: Ignoring object:state-changed:showing due to multiple instances in short time

10:07:20.866715 - EVENT MANAGER: object:state-changed:showing for [filler (0x7a29d2e17a40)]  in org.gnome.Terminal (gtk 3.24.52) (0, 0, 0)
10:07:20.866726 - FOCUS MANAGER: Locus of focus is [DEAD (0x7a29e80bbbc0)] 
10:07:20.866767 - EVENT_MANAGER: Ignoring object:state-changed:showing due to multiple instances in short time

10:07:20.866800 - EVENT MANAGER: object:state-changed:showing for [panel (0x7a29d2e17ac0)]  in org.gnome.Terminal (gtk 3.24.52) (0, 0, 0)
10:07:20.866811 - FOCUS MANAGER: Locus of focus is [DEAD (0x7a29e80bbbc0)] 
10:07:20.866849 - EVENT_MANAGER: Ignoring object:state-changed:showing due to multiple instances in short time

10:07:20.866881 - EVENT MANAGER: object:state-changed:showing for [page tab list (0x7a29d2e17940)]  in org.gnome.Terminal (gtk 3.24.52) (0, 0, 0)
10:07:20.866891 - FOCUS MANAGER: Locus of focus is [DEAD (0x7a29e80bbbc0)] 
10:07:20.866931 - EVENT_MANAGER: Ignoring object:state-changed:showing due to multiple instances in short time

10:07:20.866962 - EVENT MANAGER: object:state-changed:showing for [filler (0x7a29d2e17ac0)]  in org.gnome.Terminal (gtk 3.24.52) (0, 0, 0)
10:07:20.866972 - FOCUS MANAGER: Locus of focus is [DEAD (0x7a29e80bbbc0)] 
10:07:20.867017 - EVENT_MANAGER: Ignoring object:state-changed:showing due to multiple instances in short time

10:07:20.867048 - EVENT MANAGER: object:state-changed:showing for [DEAD (0x7a29e80bbbc0)]  in org.gnome.Terminal (gtk 3.24.52) (0, 0, 0)
10:07:20.867059 - FOCUS MANAGER: Locus of focus is [DEAD (0x7a29e80bbbc0)] 
10:07:20.867083 - EVENT_MANAGER: Not ignoring object:state-changed:showing due to source being locus of focus
10:07:20.867110 - EVENT MANAGER: Queueing object:state-changed:showing for [DEAD (0x7a29e80bbbc0)]  in org.gnome.Terminal (gtk 3.24.52) (0, 0, 0)
10:07:20.867124 - EVENT MANAGER: App for event source is [application: 'org.gnome.Terminal' (0x7a29e81246c0)] 
10:07:20.867138 - SCRIPT MANAGER: Getting script for [application: 'org.gnome.Terminal' (0x7a29e81246c0)]  [DEAD (0x7a29e80bbbc0)] 
10:07:20.867156 - SCRIPT MANAGER: Script is app script org.gnome.Terminal (module=orca.scripts.toolkits.gtk.script)
10:07:20.867188 - EVENT MANAGER: object:state-changed:showing for [DEAD (0x7a29e80bbbc0)]  in org.gnome.Terminal (gtk 3.24.52) (0, 0, 0) has priority level: 4
10:07:20.867218 - EVENT MANAGER: Queued object:state-changed:showing for [DEAD (0x7a29e80bbbc0)]  in org.gnome.Terminal (gtk 3.24.52) (0, 0, 0) priority: 4, counter: 90

10:07:20.867249 - EVENT MANAGER: object:children-changed:remove for [application: 'org.gnome.Terminal' (0x7a29e81246c0)]  in org.gnome.Terminal (gtk 3.24.52) (0, 0, [DEAD (0x7a29e80bbbc0)])
10:07:20.867259 - FOCUS MANAGER: Locus of focus is [DEAD (0x7a29e80bbbc0)] 
10:07:20.867288 - EVENT_MANAGER: Not ignoring object:children-changed:remove due to any_data being locus of focus
10:07:20.867313 - EVENT MANAGER: Queueing object:children-changed:remove for [application: 'org.gnome.Terminal' (0x7a29e81246c0)]  in org.gnome.Terminal (gtk 3.24.52) (0, 0, [DEAD (0x7a29e80bbbc0)])
10:07:20.867326 - EVENT MANAGER: App for event source is [application: 'org.gnome.Terminal' (0x7a29e81246c0)] 
10:07:20.867340 - SCRIPT MANAGER: Getting script for [application: 'org.gnome.Terminal' (0x7a29e81246c0)]  [application: 'org.gnome.Terminal' (0x7a29e81246c0)] 
10:07:20.867433 - SCRIPT MANAGER: Script is app script org.gnome.Terminal (module=orca.scripts.toolkits.gtk.script)
10:07:20.867466 - EVENT MANAGER: object:children-changed:remove for [application: 'org.gnome.Terminal' (0x7a29e81246c0)]  in org.gnome.Terminal (gtk 3.24.52) (0, 0, [DEAD (0x7a29e80bbbc0)]) has priority level: 6
10:07:20.867497 - EVENT MANAGER: Queued object:children-changed:remove for [application: 'org.gnome.Terminal' (0x7a29e81246c0)]  in org.gnome.Terminal (gtk 3.24.52) (0, 0, [DEAD (0x7a29e80bbbc0)]) priority: 6, counter: 91

10:07:20.867528 - EVENT MANAGER: window:deactivate for [DEAD (0x7a29e80bbbc0)]  in org.gnome.Terminal (gtk 3.24.52) (0, 0, Terminal)
10:07:20.867553 - EVENT MANAGER: Queueing window:deactivate for [DEAD (0x7a29e80bbbc0)]  in org.gnome.Terminal (gtk 3.24.52) (0, 0, Terminal)
10:07:20.867566 - EVENT MANAGER: App for event source is [application: 'org.gnome.Terminal' (0x7a29e81246c0)] 
10:07:20.867580 - SCRIPT MANAGER: Getting script for [application: 'org.gnome.Terminal' (0x7a29e81246c0)]  [DEAD (0x7a29e80bbbc0)] 
10:07:20.867596 - SCRIPT MANAGER: Script is app script org.gnome.Terminal (module=orca.scripts.toolkits.gtk.script)
10:07:20.867629 - EVENT MANAGER: window:deactivate for [DEAD (0x7a29e80bbbc0)]  in org.gnome.Terminal (gtk 3.24.52) (0, 0, Terminal) has priority level: 2
10:07:20.867659 - EVENT MANAGER: Queued window:deactivate for [DEAD (0x7a29e80bbbc0)]  in org.gnome.Terminal (gtk 3.24.52) (0, 0, Terminal) priority: 2, counter: 92

10:07:20.867747 - EVENT MANAGER: window:destroy for [DEAD (0x7a29e80bbbc0)]  in org.gnome.Terminal (gtk 3.24.52) (0, 0, Terminal)
10:07:20.867773 - EVENT MANAGER: Queueing window:destroy for [DEAD (0x7a29e80bbbc0)]  in org.gnome.Terminal (gtk 3.24.52) (0, 0, Terminal)
10:07:20.867787 - EVENT MANAGER: App for event source is [application: 'org.gnome.Terminal' (0x7a29e81246c0)] 
10:07:20.867807 - SCRIPT MANAGER: Getting script for [application: 'org.gnome.Terminal' (0x7a29e81246c0)]  [DEAD (0x7a29e80bbbc0)] 
10:07:20.867824 - SCRIPT MANAGER: Script is app script org.gnome.Terminal (module=orca.scripts.toolkits.gtk.script)
10:07:20.867854 - EVENT MANAGER: window:destroy for [DEAD (0x7a29e80bbbc0)]  in org.gnome.Terminal (gtk 3.24.52) (0, 0, Terminal) has priority level: 2
10:07:20.867884 - EVENT MANAGER: Queued window:destroy for [DEAD (0x7a29e80bbbc0)]  in org.gnome.Terminal (gtk 3.24.52) (0, 0, Terminal) priority: 2, counter: 93

10:07:20.867929 - EVENT MANAGER: object:state-changed:sensitive for [menu item: 'Zoom Out' (0x7a29d2e2c040)]  in org.gnome.Terminal (gtk 3.24.52) (0, 0, 0)
10:07:20.867941 - FOCUS MANAGER: Locus of focus is [DEAD (0x7a29e80bbbc0)] 
10:07:20.868006 - EVENT MANAGER: Ignoring object:state-changed:sensitive due to role of unfocused source

10:07:20.868054 - EVENT MANAGER: object:state-changed:sensitive for [menu item: '1. 80×24' (0x7a29d2e28100)]  in org.gnome.Terminal (gtk 3.24.52) (0, 0, 0)
10:07:20.868067 - FOCUS MANAGER: Locus of focus is [DEAD (0x7a29e80bbbc0)] 
10:07:20.868109 - EVENT_MANAGER: Ignoring object:state-changed:sensitive due to multiple instances in short time

10:07:20.868167 - EVENT MANAGER: object:state-changed:sensitive for [menu item: '2. 80×43' (0x7a29d2e28240)]  in org.gnome.Terminal (gtk 3.24.52) (0, 0, 0)
10:07:20.868184 - FOCUS MANAGER: Locus of focus is [DEAD (0x7a29e80bbbc0)] 
10:07:20.868227 - EVENT_MANAGER: Ignoring object:state-changed:sensitive due to multiple instances in short time

10:07:20.868272 - EVENT MANAGER: object:state-changed:sensitive for [menu item: '3. 132×24' (0x7a29d2e17d00)]  in org.gnome.Terminal (gtk 3.24.52) (0, 0, 0)
10:07:20.868284 - FOCUS MANAGER: Locus of focus is [DEAD (0x7a29e80bbbc0)] 
10:07:20.868324 - EVENT_MANAGER: Ignoring object:state-changed:sensitive due to multiple instances in short time

10:07:20.868367 - EVENT MANAGER: object:state-changed:sensitive for [menu item: '4. 132×43' (0x7a29d2f6d340)]  in org.gnome.Terminal (gtk 3.24.52) (0, 0, 0)
10:07:20.868378 - FOCUS MANAGER: Locus of focus is [DEAD (0x7a29e80bbbc0)] 
10:07:20.868420 - EVENT_MANAGER: Ignoring object:state-changed:sensitive due to multiple instances in short time

10:07:20.868462 - EVENT MANAGER: object:state-changed:sensitive for [menu item: 'Preferences' (0x7a29d2e28580)]  in org.gnome.Terminal (gtk 3.24.52) (0, 0, 0)
10:07:20.868474 - FOCUS MANAGER: Locus of focus is [DEAD (0x7a29e80bbbc0)] 
10:07:20.868517 - EVENT_MANAGER: Ignoring object:state-changed:sensitive due to multiple instances in short time

10:07:20.868627 - AXObject: Exception in get_name: object no longer exists
10:07:20.868649 - EVENT MANAGER: object:children-changed:remove for [invalid (0x7a29e8130580)]  in org.gnome.Terminal (gtk 3.24.52) (0, 0, [check menu item: 'Show Menubar' (0x7a29d2e28580)])
10:07:20.868662 - FOCUS MANAGER: Locus of focus is [DEAD (0x7a29e80bbbc0)] 
10:07:20.868846 - EVENT_MANAGER: Ignoring object:children-changed:remove due to multiple instances in short time

10:07:20.868911 - EVENT MANAGER: object:state-changed:sensitive for [menu item: 'Select All' (0x7a29d2e28940)]  in org.gnome.Terminal (gtk 3.24.52) (0, 0, 0)
10:07:20.868925 - FOCUS MANAGER: Locus of focus is [DEAD (0x7a29e80bbbc0)] 
10:07:20.868968 - EVENT_MANAGER: Ignoring object:state-changed:sensitive due to multiple instances in short time

10:07:20.869044 - EVENT MANAGER: object:state-changed:sensitive for [menu item: 'Find…' (0x7a29d2e289c0)]  in org.gnome.Terminal (gtk 3.24.52) (0, 0, 0)
10:07:20.869057 - FOCUS MANAGER: Locus of focus is [DEAD (0x7a29e80bbbc0)] 
10:07:20.869100 - EVENT_MANAGER: Ignoring object:state-changed:sensitive due to multiple instances in short time

10:07:20.869145 - EVENT MANAGER: object:state-changed:sensitive for [menu item: 'Normal Size' (0x7a29d2e28a80)]  in org.gnome.Terminal (gtk 3.24.52) (0, 0, 0)
10:07:20.869156 - FOCUS MANAGER: Locus of focus is [DEAD (0x7a29e80bbbc0)] 
10:07:20.869197 - EVENT_MANAGER: Ignoring object:state-changed:sensitive due to multiple instances in short time

10:07:20.869240 - EVENT MANAGER: object:state-changed:sensitive for [check menu item: 'Read-Only' (0x7a29d2e28c80)]  in org.gnome.Terminal (gtk 3.24.52) (0, 0, 0)
10:07:20.869252 - FOCUS MANAGER: Locus of focus is [DEAD (0x7a29e80bbbc0)] 
10:07:20.869297 - EVENT_MANAGER: Ignoring object:state-changed:sensitive due to multiple instances in short time

10:07:20.869334 - EVENT MANAGER: object:state-changed:sensitive for [menu item: 'Paste' (0x7a29d2e28ec0)]  in org.gnome.Terminal (gtk 3.24.52) (0, 0, 0)
10:07:20.869345 - FOCUS MANAGER: Locus of focus is [DEAD (0x7a29e80bbbc0)] 
10:07:20.869384 - EVENT_MANAGER: Ignoring object:state-changed:sensitive due to multiple instances in short time

10:07:20.869428 - EVENT MANAGER: object:state-changed:sensitive for [menu item: 'New Tab' (0x7a29d2e28a00)]  in org.gnome.Terminal (gtk 3.24.52) (0, 0, 0)
10:07:20.869440 - FOCUS MANAGER: Locus of focus is [DEAD (0x7a29e80bbbc0)] 
10:07:20.869480 - EVENT_MANAGER: Ignoring object:state-changed:sensitive due to multiple instances in short time

10:07:20.869524 - EVENT MANAGER: object:state-changed:sensitive for [menu item: 'New Window' (0x7a29d2e14840)]  in org.gnome.Terminal (gtk 3.24.52) (0, 0, 0)
10:07:20.869535 - FOCUS MANAGER: Locus of focus is [DEAD (0x7a29e80bbbc0)] 
10:07:20.869576 - EVENT_MANAGER: Ignoring object:state-changed:sensitive due to multiple instances in short time

10:07:20.869618 - EVENT MANAGER: object:state-changed:sensitive for [menu item: 'Reset' (0x7a29e8171300)]  in org.gnome.Terminal (gtk 3.24.52) (0, 0, 0)
10:07:20.869629 - FOCUS MANAGER: Locus of focus is [DEAD (0x7a29e80bbbc0)] 
10:07:20.869670 - EVENT_MANAGER: Ignoring object:state-changed:sensitive due to multiple instances in short time

10:07:20.869713 - EVENT MANAGER: object:state-changed:sensitive for [menu item: 'Reset and Clear' (0x7a29d2e294c0)]  in org.gnome.Terminal (gtk 3.24.52) (0, 0, 0)
10:07:20.869725 - FOCUS MANAGER: Locus of focus is [DEAD (0x7a29e80bbbc0)] 
10:07:20.869765 - EVENT_MANAGER: Ignoring object:state-changed:sensitive due to multiple instances in short time

10:07:20.869807 - EVENT MANAGER: object:state-changed:sensitive for [menu item: 'Zoom In' (0x7a29d2e296c0)]  in org.gnome.Terminal (gtk 3.24.52) (0, 0, 0)
10:07:20.869818 - FOCUS MANAGER: Locus of focus is [DEAD (0x7a29e80bbbc0)] 
10:07:20.869858 - EVENT_MANAGER: Ignoring object:state-changed:sensitive due to multiple instances in short time

10:07:20.869903 - EVENT MANAGER: object:state-changed:sensitive for [menu item: 'About' (0x7a29d2e29680)]  in org.gnome.Terminal (gtk 3.24.52) (0, 0, 0)
10:07:20.869914 - FOCUS MANAGER: Locus of focus is [DEAD (0x7a29e80bbbc0)] 
10:07:20.869954 - EVENT_MANAGER: Ignoring object:state-changed:sensitive due to multiple instances in short time

10:07:20.870005 - EVENT MANAGER: object:state-changed:sensitive for [menu item: 'Close Tab' (0x7a29d2e29900)]  in org.gnome.Terminal (gtk 3.24.52) (0, 0, 0)
10:07:20.870018 - FOCUS MANAGER: Locus of focus is [DEAD (0x7a29e80bbbc0)] 
10:07:20.870059 - EVENT_MANAGER: Ignoring object:state-changed:sensitive due to multiple instances in short time

10:07:20.870113 - EVENT MANAGER: object:state-changed:sensitive for [menu item: 'Close Window' (0x7a29d2e29940)]  in org.gnome.Terminal (gtk 3.24.52) (0, 0, 0)
10:07:20.870126 - FOCUS MANAGER: Locus of focus is [DEAD (0x7a29e80bbbc0)] 
10:07:20.870169 - EVENT_MANAGER: Ignoring object:state-changed:sensitive due to multiple instances in short time

10:07:20.870213 - EVENT MANAGER: object:state-changed:sensitive for [check menu item: 'Full Screen' (0x7a29e8a69bc0)]  in org.gnome.Terminal (gtk 3.24.52) (0, 0, 0)
10:07:20.870225 - FOCUS MANAGER: Locus of focus is [DEAD (0x7a29e80bbbc0)] 
10:07:20.870266 - EVENT_MANAGER: Ignoring object:state-changed:sensitive due to multiple instances in short time

10:07:20.870310 - EVENT MANAGER: object:state-changed:sensitive for [menu item: 'Contents' (0x7a29e8a69bc0)]  in org.gnome.Terminal (gtk 3.24.52) (0, 0, 0)
10:07:20.870322 - FOCUS MANAGER: Locus of focus is [DEAD (0x7a29e80bbbc0)] 
10:07:20.870363 - EVENT_MANAGER: Ignoring object:state-changed:sensitive due to multiple instances in short time

10:07:20.870404 - EVENT MANAGER: object:children-changed:remove for [DEAD (0x7a29e80bbbc0)]  in org.gnome.Terminal (gtk 3.24.52) (0, 0, [filler (0x7a29d2e29cc0)])
10:07:20.870423 - FOCUS MANAGER: Locus of focus is [DEAD (0x7a29e80bbbc0)] 
10:07:20.870459 - EVENT_MANAGER: Not ignoring object:children-changed:remove due to source being locus of focus
10:07:20.870489 - EVENT MANAGER: Queueing object:children-changed:remove for [DEAD (0x7a29e80bbbc0)]  in org.gnome.Terminal (gtk 3.24.52) (0, 0, [filler (0x7a29d2f6dd80)])
10:07:20.870505 - EVENT MANAGER: App for event source is [application: 'org.gnome.Terminal' (0x7a29e81246c0)] 
10:07:20.870520 - SCRIPT MANAGER: Getting script for [application: 'org.gnome.Terminal' (0x7a29e81246c0)]  [DEAD (0x7a29e80bbbc0)] 
10:07:20.870541 - SCRIPT MANAGER: Script is app script org.gnome.Terminal (module=orca.scripts.toolkits.gtk.script)
10:07:20.870576 - EVENT MANAGER: object:children-changed:remove for [DEAD (0x7a29e80bbbc0)]  in org.gnome.Terminal (gtk 3.24.52) (0, 0, [filler (0x7a29d2f6dd80)]) has priority level: 6
10:07:20.870609 - EVENT MANAGER: Queued object:children-changed:remove for [DEAD (0x7a29e80bbbc0)]  in org.gnome.Terminal (gtk 3.24.52) (0, 0, [filler (0x7a29d2e29700)]) priority: 6, counter: 94

10:07:20.870653 - EVENT MANAGER: object:children-changed:remove for [filler (0x7a29d2e29700)]  in org.gnome.Terminal (gtk 3.24.52) (0, 0, [menu bar (0x7a29d2e14ac0)])
10:07:20.870665 - FOCUS MANAGER: Locus of focus is [DEAD (0x7a29e80bbbc0)] 
10:07:20.870710 - EVENT_MANAGER: Ignoring object:children-changed:remove due to multiple instances in short time

10:07:20.870753 - EVENT MANAGER: object:children-changed:remove for [menu bar (0x7a29e8131f00)]  in org.gnome.Terminal (gtk 3.24.52) (0, 0, [menu: 'File' (0x7a29d2e29e00)])
10:07:20.870764 - FOCUS MANAGER: Locus of focus is [DEAD (0x7a29e80bbbc0)] 
10:07:20.870808 - EVENT_MANAGER: Ignoring object:children-changed:remove due to multiple instances in short time

10:07:20.870888 - EVENT MANAGER: object:children-changed:remove for [menu bar (0x7a29d2e290c0)]  in org.gnome.Terminal (gtk 3.24.52) (0, 0, [menu: 'Edit' (0x7a29d2e290c0)])
10:07:20.870901 - FOCUS MANAGER: Locus of focus is [DEAD (0x7a29e80bbbc0)] 
10:07:20.870943 - EVENT_MANAGER: Ignoring object:children-changed:remove due to multiple instances in short time

10:07:20.871037 - AXObject: Exception in get_role_name: app no longer exists
10:07:20.871045 - AXObject: Adding to known dead objects ax_utilities_debugging._accessible_as_string:62 > ax_object.get_role_name:661 > ax_object.handle_error:193 > ax_object._set_known_dead_status:170
10:07:20.871409 - EVENT MANAGER: object:children-changed:remove for [desktop frame: 'main' (0x7a29e8146bc0)]  in  (3, 0, [DEAD (0x7a29d2e17ec0)])
10:07:20.871427 - FOCUS MANAGER: Locus of focus is [DEAD (0x7a29e80bbbc0)] 
10:07:20.871496 - EVENT MANAGER: Queueing object:children-changed:remove for [desktop frame: 'main' (0x7a29d2e2a8c0)]  in  (3, 0, [DEAD (0x7a29d2e17ec0)])
10:07:20.871513 - EVENT MANAGER: App for event source is None
10:07:20.871530 - SCRIPT MANAGER: Getting script for None [desktop frame: 'main' (0x7a29d2e2aa40)] 
10:07:20.871763 - SCRIPT MANAGER: Script is app script default (module=orca.scripts.default)
10:07:20.871802 - EVENT MANAGER: object:children-changed:remove for [desktop frame: 'main' (0x7a29d2e29a80)]  in  (3, 0, [DEAD (0x7a29d2e17ec0)]) has priority level: 6
10:07:20.871839 - EVENT MANAGER: Queued object:children-changed:remove for [desktop frame: 'main' (0x7a29d2e2a9c0)]  in  (3, 0, [DEAD (0x7a29d2e17ec0)]) priority: 6, counter: 95

10:07:20.871907 - EVENT MANAGER: object:children-changed:remove for [menu bar (0x7a29d2e2ab40)]  in org.gnome.Terminal (gtk 3.24.52) (0, 0, [menu: 'View' (0x7a29d2e28bc0)])
10:07:20.871920 - FOCUS MANAGER: Locus of focus is [DEAD (0x7a29e80bbbc0)] 
10:07:20.872001 - EVENT MANAGER: Queueing object:children-changed:remove for [menu bar (0x7a29d2e2ab00)]  in org.gnome.Terminal (gtk 3.24.52) (0, 0, [menu: 'View' (0x7a29d2e2a9c0)])
10:07:20.872018 - EVENT MANAGER: App for event source is [application: 'org.gnome.Terminal' (0x7a29e81246c0)] 
10:07:20.872035 - SCRIPT MANAGER: Getting script for [application: 'org.gnome.Terminal' (0x7a29e81246c0)]  [menu bar (0x7a29d2e2ac00)] 
10:07:20.872110 - AXObject: Exception in get_attributes_dict: object no longer exists
10:07:20.872117 - AXObject: Adding to known dead objects ax_object.get_attribute:1019 > ax_object.get_attributes_dict:1003 > ax_object.handle_error:193 > ax_object._set_known_dead_status:170
10:07:20.872453 - SCRIPT MANAGER: Script is app script org.gnome.Terminal (module=orca.scripts.toolkits.gtk.script)
10:07:20.872495 - EVENT MANAGER: object:children-changed:remove for [DEAD (0x7a29d2e2ac00)]  in org.gnome.Terminal (gtk 3.24.52) (0, 0, [menu: 'View' (0x7a29d2e2b7c0)]) has priority level: 6
10:07:20.872528 - EVENT MANAGER: Queued object:children-changed:remove for [DEAD (0x7a29d2e2ac00)]  in org.gnome.Terminal (gtk 3.24.52) (0, 0, [menu: 'View' (0x7a29d2e2b780)]) priority: 6, counter: 96

10:07:20.872644 - AXObject: Exception in get_name: object no longer exists
10:07:20.872653 - AXObject: Adding to known dead objects ax_utilities_debugging._accessible_as_string:63 > ax_object.get_name:707 > ax_object.handle_error:193 > ax_object._set_known_dead_status:170
10:07:20.873092 - EVENT MANAGER: object:children-changed:remove for [invalid (0x7a29d2e2b680)]  in org.gnome.Terminal (gtk 3.24.52) (0, 0, [check menu item: 'Full Screen' (0x7a29d2e2b6c0)])
10:07:20.873113 - FOCUS MANAGER: Locus of focus is [DEAD (0x7a29e80bbbc0)] 
10:07:20.873187 - EVENT_MANAGER: Ignoring object:children-changed:remove due to multiple instances in short time

10:07:20.873350 - EVENT MANAGER: object:children-changed:remove for [DEAD (0x7a29d2e2b680)]  in org.gnome.Terminal (gtk 3.24.52) (0, 0, [separator (0x7a29d2c40500)])
10:07:20.873367 - FOCUS MANAGER: Locus of focus is [DEAD (0x7a29e80bbbc0)] 
10:07:20.873437 - EVENT_MANAGER: Ignoring object:children-changed:remove due to multiple instances in short time

10:07:20.873585 - EVENT MANAGER: object:children-changed:remove for [DEAD (0x7a29d2e2b680)]  in org.gnome.Terminal (gtk 3.24.52) (0, 0, [menu item: 'Zoom In' (0x7a29d2c40640)])
10:07:20.873600 - FOCUS MANAGER: Locus of focus is [DEAD (0x7a29e80bbbc0)] 
10:07:20.873668 - EVENT_MANAGER: Ignoring object:children-changed:remove due to multiple instances in short time

10:07:20.873816 - EVENT MANAGER: object:children-changed:remove for [DEAD (0x7a29d2e2b680)]  in org.gnome.Terminal (gtk 3.24.52) (0, 0, [menu item: 'Normal Size' (0x7a29d2c407c0)])
10:07:20.873830 - FOCUS MANAGER: Locus of focus is [DEAD (0x7a29e80bbbc0)] 
10:07:20.873896 - EVENT_MANAGER: Ignoring object:children-changed:remove due to multiple instances in short time

10:07:20.874049 - EVENT MANAGER: object:children-changed:remove for [DEAD (0x7a29d2e2b680)]  in org.gnome.Terminal (gtk 3.24.52) (0, 0, [menu item: 'Zoom Out' (0x7a29d2c40740)])
10:07:20.874064 - FOCUS MANAGER: Locus of focus is [DEAD (0x7a29e80bbbc0)] 
10:07:20.874131 - EVENT_MANAGER: Ignoring object:children-changed:remove due to multiple instances in short time

10:07:20.874191 - EVENT MANAGER: object:children-changed:remove for [DEAD (0x7a29d2e2ac00)]  in org.gnome.Terminal (gtk 3.24.52) (0, 0, [menu: 'Search' (0x7a29d2e17e00)])
10:07:20.874203 - FOCUS MANAGER: Locus of focus is [DEAD (0x7a29e80bbbc0)] 
10:07:20.874236 - EVENT_MANAGER: Ignoring object:children-changed:remove due to multiple instances in short time

10:07:20.874305 - EVENT MANAGER: object:children-changed:remove for [DEAD (0x7a29d2e2ac00)]  in org.gnome.Terminal (gtk 3.24.52) (0, 0, [menu: 'Terminal' (0x7a29d2d9c580)])
10:07:20.874317 - FOCUS MANAGER: Locus of focus is [DEAD (0x7a29e80bbbc0)] 
10:07:20.874350 - EVENT_MANAGER: Ignoring object:children-changed:remove due to multiple instances in short time

10:07:20.874530 - EVENT MANAGER: object:children-changed:remove for [DEAD (0x7a29d2e2ac00)]  in org.gnome.Terminal (gtk 3.24.52) (0, 0, [menu: 'Help' (0x7a29d2c40900)])
10:07:20.874556 - FOCUS MANAGER: Locus of focus is [DEAD (0x7a29e80bbbc0)] 
10:07:20.874596 - EVENT_MANAGER: Ignoring object:children-changed:remove due to multiple instances in short time

10:07:20.874666 - EVENT MANAGER: object:children-changed:remove for [filler (0x7a29d2c40840)]  in org.gnome.Terminal (gtk 3.24.52) (0, 0, [page tab list (0x7a29e80c3ac0)])
10:07:20.874680 - FOCUS MANAGER: Locus of focus is [DEAD (0x7a29e80bbbc0)] 
10:07:20.874728 - EVENT_MANAGER: Ignoring object:children-changed:remove due to multiple instances in short time

10:07:20.874789 - EVENT MANAGER: object:state-changed:sensitive for [button: 'Zoom Out' (0x7a29e8130900)]  in org.gnome.Terminal (gtk 3.24.52) (0, 0, 0)
10:07:20.874802 - FOCUS MANAGER: Locus of focus is [DEAD (0x7a29e80bbbc0)] 
10:07:20.874845 - EVENT_MANAGER: Ignoring object:state-changed:sensitive due to multiple instances in short time

10:07:20.874892 - EVENT MANAGER: object:state-changed:sensitive for [button: 'Full Screen' (0x7a29d2c40940)]  in org.gnome.Terminal (gtk 3.24.52) (0, 0, 0)
10:07:20.874904 - FOCUS MANAGER: Locus of focus is [DEAD (0x7a29e80bbbc0)] 
10:07:20.874946 - EVENT_MANAGER: Ignoring object:state-changed:sensitive due to multiple instances in short time

10:07:20.874988 - EVENT MANAGER: object:state-changed:sensitive for [button: 'Find' (0x7a29d2c40980)]  in org.gnome.Terminal (gtk 3.24.52) (0, 0, 0)
10:07:20.875003 - FOCUS MANAGER: Locus of focus is [DEAD (0x7a29e80bbbc0)] 
10:07:20.875044 - EVENT_MANAGER: Ignoring object:state-changed:sensitive due to multiple instances in short time

10:07:20.875080 - EVENT MANAGER: object:state-changed:sensitive for [panel (0x7a29d2c40a00)]  in org.gnome.Terminal (gtk 3.24.52) (0, 0, 0)
10:07:20.875093 - FOCUS MANAGER: Locus of focus is [DEAD (0x7a29e80bbbc0)] 
10:07:20.875133 - EVENT_MANAGER: Ignoring object:state-changed:sensitive due to multiple instances in short time

10:07:20.875169 - EVENT MANAGER: object:state-changed:sensitive for [toggle button: 'Menu' (0x7a29d2c40a00)]  in org.gnome.Terminal (gtk 3.24.52) (0, 0, 0)
10:07:20.875181 - FOCUS MANAGER: Locus of focus is [DEAD (0x7a29e80bbbc0)] 
10:07:20.875220 - EVENT_MANAGER: Ignoring object:state-changed:sensitive due to multiple instances in short time

10:07:20.875266 - EVENT MANAGER: object:state-changed:sensitive for [button: '100%' (0x7a29d2c40c40)]  in org.gnome.Terminal (gtk 3.24.52) (0, 0, 0)
10:07:20.875278 - FOCUS MANAGER: Locus of focus is [DEAD (0x7a29e80bbbc0)] 
10:07:20.875326 - EVENT_MANAGER: Ignoring object:state-changed:sensitive due to multiple instances in short time

10:07:20.875408 - EVENT MANAGER: object:state-changed:sensitive for [check box: 'Read-Only' (0x7a29d2e28b80)]  in org.gnome.Terminal (gtk 3.24.52) (0, 0, 0)
10:07:20.875422 - FOCUS MANAGER: Locus of focus is [DEAD (0x7a29e80bbbc0)] 
10:07:20.875552 - EVENT_MANAGER: Ignoring object:state-changed:sensitive due to multiple instances in short time

10:07:20.875593 - EVENT MANAGER: object:state-changed:sensitive for [button: 'New Tab' (0x7a29d2c40c40)]  in org.gnome.Terminal (gtk 3.24.52) (0, 0, 0)
10:07:20.875605 - FOCUS MANAGER: Locus of focus is [DEAD (0x7a29e80bbbc0)] 
10:07:20.875646 - EVENT_MANAGER: Ignoring object:state-changed:sensitive due to multiple instances in short time

10:07:20.875691 - EVENT MANAGER: object:state-changed:sensitive for [button: 'New Window' (0x7a29d2c40e80)]  in org.gnome.Terminal (gtk 3.24.52) (0, 0, 0)
10:07:20.875702 - FOCUS MANAGER: Locus of focus is [DEAD (0x7a29e80bbbc0)] 
10:07:20.875743 - EVENT_MANAGER: Ignoring object:state-changed:sensitive due to multiple instances in short time

10:07:20.875787 - EVENT MANAGER: object:state-changed:sensitive for [button: 'Zoom In' (0x7a29d2c40d00)]  in org.gnome.Terminal (gtk 3.24.52) (0, 0, 0)
10:07:20.875800 - FOCUS MANAGER: Locus of focus is [DEAD (0x7a29e80bbbc0)] 
10:07:20.875841 - EVENT_MANAGER: Ignoring object:state-changed:sensitive due to multiple instances in short time

10:07:20.875885 - EVENT MANAGER: object:state-changed:sensitive for [button: 'Preferences' (0x7a29d2fb8ec0)]  in org.gnome.Terminal (gtk 3.24.52) (0, 0, 0)
10:07:20.875897 - FOCUS MANAGER: Locus of focus is [DEAD (0x7a29e80bbbc0)] 
10:07:20.875938 - EVENT_MANAGER: Ignoring object:state-changed:sensitive due to multiple instances in short time

10:07:20.875987 - EVENT MANAGER: object:state-changed:sensitive for [button: 'Help' (0x7a29d2c40f40)]  in org.gnome.Terminal (gtk 3.24.52) (0, 0, 0)
10:07:20.876000 - FOCUS MANAGER: Locus of focus is [DEAD (0x7a29e80bbbc0)] 
10:07:20.876043 - EVENT_MANAGER: Ignoring object:state-changed:sensitive due to multiple instances in short time

10:07:20.876090 - EVENT MANAGER: object:state-changed:sensitive for [button: 'About' (0x7a29d2e28fc0)]  in org.gnome.Terminal (gtk 3.24.52) (0, 0, 0)
10:07:20.876101 - FOCUS MANAGER: Locus of focus is [DEAD (0x7a29e80bbbc0)] 
10:07:20.876145 - EVENT_MANAGER: Ignoring object:state-changed:sensitive due to multiple instances in short time

10:07:20.876179 - EVENT MANAGER: object:children-changed:remove for [DEAD (0x7a29e80bbbc0)]  in org.gnome.Terminal (gtk 3.24.52) (-1, 0, [panel (0x7a29d2c40fc0)])
10:07:20.876190 - FOCUS MANAGER: Locus of focus is [DEAD (0x7a29e80bbbc0)] 
10:07:20.876215 - EVENT_MANAGER: Not ignoring object:children-changed:remove due to source being locus of focus
10:07:20.876241 - EVENT MANAGER: Queueing object:children-changed:remove for [DEAD (0x7a29e80bbbc0)]  in org.gnome.Terminal (gtk 3.24.52) (-1, 0, [panel (0x7a29d2c40fc0)])
10:07:20.876255 - EVENT MANAGER: App for event source is [application: 'org.gnome.Terminal' (0x7a29e81246c0)] 
10:07:20.876270 - SCRIPT MANAGER: Getting script for [application: 'org.gnome.Terminal' (0x7a29e81246c0)]  [DEAD (0x7a29e80bbbc0)] 
10:07:20.876289 - SCRIPT MANAGER: Script is app script org.gnome.Terminal (module=orca.scripts.toolkits.gtk.script)
10:07:20.876320 - EVENT MANAGER: object:children-changed:remove for [DEAD (0x7a29e80bbbc0)]  in org.gnome.Terminal (gtk 3.24.52) (-1, 0, [panel (0x7a29d2d9bac0)]) has priority level: 6
10:07:20.876351 - EVENT MANAGER: Queued object:children-changed:remove for [DEAD (0x7a29e80bbbc0)]  in org.gnome.Terminal (gtk 3.24.52) (-1, 0, [panel (0x7a29d2d9bac0)]) priority: 6, counter: 97

10:07:20.876380 - EVENT MANAGER: object:children-changed:remove for [DEAD (0x7a29e80bbbc0)]  in org.gnome.Terminal (gtk 3.24.52) (0, 0, [panel (0x7a29d2c40ec0)])
10:07:20.876391 - FOCUS MANAGER: Locus of focus is [DEAD (0x7a29e80bbbc0)] 
10:07:20.876415 - EVENT_MANAGER: Not ignoring object:children-changed:remove due to source being locus of focus
10:07:20.876443 - EVENT MANAGER: Queueing object:children-changed:remove for [DEAD (0x7a29e80bbbc0)]  in org.gnome.Terminal (gtk 3.24.52) (0, 0, [panel (0x7a29d2d9bac0)])
10:07:20.876456 - EVENT MANAGER: App for event source is [application: 'org.gnome.Terminal' (0x7a29e81246c0)] 
10:07:20.876470 - SCRIPT MANAGER: Getting script for [application: 'org.gnome.Terminal' (0x7a29e81246c0)]  [DEAD (0x7a29e80bbbc0)] 
10:07:20.876487 - SCRIPT MANAGER: Script is app script org.gnome.Terminal (module=orca.scripts.toolkits.gtk.script)
10:07:20.876517 - EVENT MANAGER: object:children-changed:remove for [DEAD (0x7a29e80bbbc0)]  in org.gnome.Terminal (gtk 3.24.52) (0, 0, [panel (0x7a29d2d9bac0)]) has priority level: 6
10:07:20.876548 - EVENT MANAGER: Queued object:children-changed:remove for [DEAD (0x7a29e80bbbc0)]  in org.gnome.Terminal (gtk 3.24.52) (0, 0, [panel (0x7a29d2d9bac0)]) priority: 6, counter: 98

10:07:20.876580 - EVENT MANAGER: object:children-changed:remove for [filler (0x7a29d2fb8ec0)]  in org.gnome.Terminal (gtk 3.24.52) (0, 0, [label: 'Terminal' (0x7a29d2c40ec0)])
10:07:20.876591 - FOCUS MANAGER: Locus of focus is [DEAD (0x7a29e80bbbc0)] 
10:07:20.876634 - EVENT_MANAGER: Ignoring object:children-changed:remove due to multiple instances in short time

10:07:20.876684 - EVENT MANAGER: object:children-changed:remove for [filler (0x7a29d2c412c0)]  in org.gnome.Terminal (gtk 3.24.52) (0, 0, [label (0x7a29d2c412c0)])
10:07:20.876696 - FOCUS MANAGER: Locus of focus is [DEAD (0x7a29e80bbbc0)] 
10:07:20.876738 - EVENT_MANAGER: Ignoring object:children-changed:remove due to multiple instances in short time

10:07:20.876785 - EVENT MANAGER: object:children-changed:remove for [filler (0x7a29d2c413c0)]  in org.gnome.Terminal (gtk 3.24.52) (0, 0, [separator (0x7a29d2d9bac0)])
10:07:20.876797 - FOCUS MANAGER: Locus of focus is [DEAD (0x7a29e80bbbc0)] 
10:07:20.876839 - EVENT_MANAGER: Ignoring object:children-changed:remove due to multiple instances in short time

10:07:20.876879 - EVENT MANAGER: object:children-changed:remove for [filler (0x7a29d2c414c0)]  in org.gnome.Terminal (gtk 3.24.52) (0, 0, [button: 'Minimize' (0x7a29d2c41480)])
10:07:20.876891 - FOCUS MANAGER: Locus of focus is [DEAD (0x7a29e80bbbc0)] 
10:07:20.876931 - EVENT_MANAGER: Ignoring object:children-changed:remove due to multiple instances in short time

10:07:20.876970 - EVENT MANAGER: object:children-changed:remove for [filler (0x7a29d2c41540)]  in org.gnome.Terminal (gtk 3.24.52) (0, 0, [button: 'Maximize' (0x7a29d2d9bac0)])
10:07:20.876986 - FOCUS MANAGER: Locus of focus is [DEAD (0x7a29e80bbbc0)] 
10:07:20.877028 - EVENT_MANAGER: Ignoring object:children-changed:remove due to multiple instances in short time

10:07:20.877068 - EVENT MANAGER: object:children-changed:remove for [filler (0x7a29d2c41280)]  in org.gnome.Terminal (gtk 3.24.52) (0, 0, [button: 'Close' (0x7a29d2d69280)])
10:07:20.877080 - FOCUS MANAGER: Locus of focus is [DEAD (0x7a29e80bbbc0)] 
10:07:20.877121 - EVENT_MANAGER: Ignoring object:children-changed:remove due to multiple instances in short time

10:07:20.877167 - EVENT MANAGER: object:children-changed:remove for [panel (0x7a29d2c41440)]  in org.gnome.Terminal (gtk 3.24.52) (0, 0, [filler (0x7a29d2e17340)])
10:07:20.877178 - FOCUS MANAGER: Locus of focus is [DEAD (0x7a29e80bbbc0)] 
10:07:20.877233 - EVENT_MANAGER: Ignoring object:children-changed:remove due to multiple instances in short time

10:07:20.877278 - EVENT MANAGER: object:children-changed:remove for [filler (0x7a29d2fb8ec0)]  in org.gnome.Terminal (gtk 3.24.52) (0, 0, [button: 'New Tab' (0x7a29d2c40ec0)])
10:07:20.877290 - FOCUS MANAGER: Locus of focus is [DEAD (0x7a29e80bbbc0)] 
10:07:20.877332 - EVENT_MANAGER: Ignoring object:children-changed:remove due to multiple instances in short time

10:07:20.877382 - EVENT MANAGER: object:children-changed:remove for [filler (0x7a29d2c41600)]  in org.gnome.Terminal (gtk 3.24.52) (0, 0, [toggle button: 'Profiles' (0x7a29d2e17340)])
10:07:20.877394 - FOCUS MANAGER: Locus of focus is [DEAD (0x7a29e80bbbc0)] 
10:07:20.877437 - EVENT_MANAGER: Ignoring object:children-changed:remove due to multiple instances in short time

10:07:20.877491 - EVENT MANAGER: object:children-changed:remove for [panel (0x7a29d2e17fc0)]  in org.gnome.Terminal (gtk 3.24.52) (0, 0, [panel (0x7a29d2c41680)])
10:07:20.877503 - FOCUS MANAGER: Locus of focus is [DEAD (0x7a29e80bbbc0)] 
10:07:20.877545 - EVENT_MANAGER: Ignoring object:children-changed:remove due to multiple instances in short time

10:07:20.877592 - EVENT MANAGER: object:children-changed:remove for [filler (0x7a29d2d69680)]  in org.gnome.Terminal (gtk 3.24.52) (0, 0, [filler (0x7a29d2d9bac0)])
10:07:20.877604 - FOCUS MANAGER: Locus of focus is [DEAD (0x7a29e80bbbc0)] 
10:07:20.877646 - EVENT_MANAGER: Ignoring object:children-changed:remove due to multiple instances in short time

10:07:20.877685 - EVENT MANAGER: object:children-changed:remove for [filler (0x7a29d2e29700)]  in org.gnome.Terminal (gtk 3.24.52) (0, 0, [filler (0x7a29d2c41700)])
10:07:20.877696 - FOCUS MANAGER: Locus of focus is [DEAD (0x7a29e80bbbc0)] 
10:07:20.877737 - EVENT_MANAGER: Ignoring object:children-changed:remove due to multiple instances in short time

10:07:20.877777 - EVENT MANAGER: object:children-changed:remove for [filler (0x7a29d2c41740)]  in org.gnome.Terminal (gtk 3.24.52) (0, 0, [filler (0x7a29d2c41740)])
10:07:20.877788 - FOCUS MANAGER: Locus of focus is [DEAD (0x7a29e80bbbc0)] 
10:07:20.877829 - EVENT_MANAGER: Ignoring object:children-changed:remove due to multiple instances in short time

10:07:20.877862 - EVENT MANAGER: object:children-changed:remove for [filler (0x7a29e80c1200)]  in org.gnome.Terminal (gtk 3.24.52) (0, 0, [button: 'Zoom Out' (0x7a29d2c41200)])
10:07:20.877873 - FOCUS MANAGER: Locus of focus is [DEAD (0x7a29e80bbbc0)] 
10:07:20.877913 - EVENT_MANAGER: Ignoring object:children-changed:remove due to multiple instances in short time

10:07:20.877955 - EVENT MANAGER: object:children-changed:remove for [filler (0x7a29d2c41980)]  in org.gnome.Terminal (gtk 3.24.52) (0, 0, [button: '100%' (0x7a29d2c419c0)])
10:07:20.877966 - FOCUS MANAGER: Locus of focus is [DEAD (0x7a29e80bbbc0)] 
10:07:20.878009 - EVENT_MANAGER: Ignoring object:children-changed:remove due to multiple instances in short time

10:07:20.878050 - EVENT MANAGER: object:children-changed:remove for [filler (0x7a29d2e29940)]  in org.gnome.Terminal (gtk 3.24.52) (0, 0, [button: 'Zoom In' (0x7a29d2c41940)])
10:07:20.878062 - FOCUS MANAGER: Locus of focus is [DEAD (0x7a29e80bbbc0)] 
10:07:20.878102 - EVENT_MANAGER: Ignoring object:children-changed:remove due to multiple instances in short time

10:07:20.878164 - EVENT MANAGER: object:children-changed:remove for [filler (0x7a29d2c41940)]  in org.gnome.Terminal (gtk 3.24.52) (0, 0, [filler (0x7a29d2c41a00)])
10:07:20.878177 - FOCUS MANAGER: Locus of focus is [DEAD (0x7a29e80bbbc0)] 
10:07:20.878220 - EVENT_MANAGER: Ignoring object:children-changed:remove due to multiple instances in short time

10:07:20.878260 - EVENT MANAGER: object:children-changed:remove for [filler (0x7a29d2c41a80)]  in org.gnome.Terminal (gtk 3.24.52) (0, 0, [filler (0x7a29d2c40bc0)])
10:07:20.878271 - FOCUS MANAGER: Locus of focus is [DEAD (0x7a29e80bbbc0)] 
10:07:20.878312 - EVENT_MANAGER: Ignoring object:children-changed:remove due to multiple instances in short time

10:07:20.878346 - EVENT MANAGER: object:children-changed:remove for [filler (0x7a29e8a69bc0)]  in org.gnome.Terminal (gtk 3.24.52) (0, 0, [button: 'New Window' (0x7a29d2c41bc0)])
10:07:20.878358 - FOCUS MANAGER: Locus of focus is [DEAD (0x7a29e80bbbc0)] 
10:07:20.878398 - EVENT_MANAGER: Ignoring object:children-changed:remove due to multiple instances in short time

10:07:20.878439 - EVENT MANAGER: object:children-changed:remove for [filler (0x7a29d2d81e40)]  in org.gnome.Terminal (gtk 3.24.52) (0, 0, [button: 'Full Screen' (0x7a29d2e28680)])
10:07:20.878450 - FOCUS MANAGER: Locus of focus is [DEAD (0x7a29e80bbbc0)] 
10:07:20.878491 - EVENT_MANAGER: Ignoring object:children-changed:remove due to multiple instances in short time

10:07:20.878552 - EVENT MANAGER: object:children-changed:remove for [filler (0x7a29e813de40)]  in org.gnome.Terminal (gtk 3.24.52) (0, 0, [filler (0x7a29e8c65e40)])
10:07:20.878564 - FOCUS MANAGER: Locus of focus is [DEAD (0x7a29e80bbbc0)] 
10:07:20.878605 - EVENT_MANAGER: Ignoring object:children-changed:remove due to multiple instances in short time

10:07:20.878645 - EVENT MANAGER: object:children-changed:remove for [filler (0x7a29d2c41b80)]  in org.gnome.Terminal (gtk 3.24.52) (0, 0, [separator (0x7a29e8131c40)])
10:07:20.878659 - FOCUS MANAGER: Locus of focus is [DEAD (0x7a29e80bbbc0)] 
10:07:20.878700 - EVENT_MANAGER: Ignoring object:children-changed:remove due to multiple instances in short time

10:07:20.878747 - EVENT MANAGER: object:children-changed:remove for [filler (0x7a29d2e28680)]  in org.gnome.Terminal (gtk 3.24.52) (0, 0, [filler (0x7a29d2d68680)])
10:07:20.878758 - FOCUS MANAGER: Locus of focus is [DEAD (0x7a29e80bbbc0)] 
10:07:20.878799 - EVENT_MANAGER: Ignoring object:children-changed:remove due to multiple instances in short time

10:07:20.878907 - EVENT MANAGER: object:children-changed:remove for [filler (0x7a29e89f9c80)]  in org.gnome.Terminal (gtk 3.24.52) (0, 0, [check box: 'Read-Only' (0x7a29d2c41c80)])
10:07:20.878919 - FOCUS MANAGER: Locus of focus is [DEAD (0x7a29e80bbbc0)] 
10:07:20.878961 - EVENT_MANAGER: Ignoring object:children-changed:remove due to multiple instances in short time

10:07:20.879019 - EVENT MANAGER: object:children-changed:remove for [filler (0x7a29d2d81d40)]  in org.gnome.Terminal (gtk 3.24.52) (0, 0, [filler (0x7a29d2c41d40)])
10:07:20.879031 - FOCUS MANAGER: Locus of focus is [DEAD (0x7a29e80bbbc0)] 
10:07:20.879074 - EVENT_MANAGER: Ignoring object:children-changed:remove due to multiple instances in short time

10:07:20.879115 - EVENT MANAGER: object:children-changed:remove for [filler (0x7a29d2c41d40)]  in org.gnome.Terminal (gtk 3.24.52) (0, 0, [filler (0x7a29d2c41d40)])
10:07:20.879127 - FOCUS MANAGER: Locus of focus is [DEAD (0x7a29e80bbbc0)] 
10:07:20.879168 - EVENT_MANAGER: Ignoring object:children-changed:remove due to multiple instances in short time

10:07:20.879222 - EVENT MANAGER: object:children-changed:remove for [filler (0x7a29d2f902c0)]  in org.gnome.Terminal (gtk 3.24.52) (0, 0, [button: 'Advanced' (0x7a29d2e282c0)])
10:07:20.879234 - FOCUS MANAGER: Locus of focus is [DEAD (0x7a29e80bbbc0)] 
10:07:20.879276 - EVENT_MANAGER: Ignoring object:children-changed:remove due to multiple instances in short time

10:07:20.879334 - EVENT MANAGER: object:children-changed:remove for [filler (0x7a29d2c41e40)]  in org.gnome.Terminal (gtk 3.24.52) (0, 0, [filler (0x7a29d2c41e40)])
10:07:20.879346 - FOCUS MANAGER: Locus of focus is [DEAD (0x7a29e80bbbc0)] 
10:07:20.879387 - EVENT_MANAGER: Ignoring object:children-changed:remove due to multiple instances in short time

10:07:20.879427 - EVENT MANAGER: object:children-changed:remove for [filler (0x7a29d2e29e00)]  in org.gnome.Terminal (gtk 3.24.52) (0, 0, [separator (0x7a29d2c41e00)])
10:07:20.879438 - FOCUS MANAGER: Locus of focus is [DEAD (0x7a29e80bbbc0)] 
10:07:20.879480 - EVENT_MANAGER: Ignoring object:children-changed:remove due to multiple instances in short time

10:07:20.879526 - EVENT MANAGER: object:children-changed:remove for [filler (0x7a29d2c41f00)]  in org.gnome.Terminal (gtk 3.24.52) (0, 0, [filler (0x7a29d2c41f00)])
10:07:20.879537 - FOCUS MANAGER: Locus of focus is [DEAD (0x7a29e80bbbc0)] 
10:07:20.879579 - EVENT_MANAGER: Ignoring object:children-changed:remove due to multiple instances in short time

10:07:20.879615 - EVENT MANAGER: object:children-changed:remove for [filler (0x7a29d2c42040)]  in org.gnome.Terminal (gtk 3.24.52) (0, 0, [button: 'Preferences' (0x7a29d2c41e80)])
10:07:20.879626 - FOCUS MANAGER: Locus of focus is [DEAD (0x7a29e80bbbc0)] 
10:07:20.879667 - EVENT_MANAGER: Ignoring object:children-changed:remove due to multiple instances in short time

10:07:20.879707 - EVENT MANAGER: object:children-changed:remove for [filler (0x7a29d2f91e40)]  in org.gnome.Terminal (gtk 3.24.52) (0, 0, [button: 'Help' (0x7a29d2f91e40)])
10:07:20.879721 - FOCUS MANAGER: Locus of focus is [DEAD (0x7a29e80bbbc0)] 
10:07:20.879761 - EVENT_MANAGER: Ignoring object:children-changed:remove due to multiple instances in short time

10:07:20.879800 - EVENT MANAGER: object:children-changed:remove for [filler (0x7a29d2c42140)]  in org.gnome.Terminal (gtk 3.24.52) (0, 0, [button: 'About' (0x7a29d2c41f80)])
10:07:20.879811 - FOCUS MANAGER: Locus of focus is [DEAD (0x7a29e80bbbc0)] 
10:07:20.879853 - EVENT_MANAGER: Ignoring object:children-changed:remove due to multiple instances in short time

10:07:20.879926 - EVENT MANAGER: object:children-changed:remove for [panel (0x7a29e8131f00)]  in org.gnome.Terminal (gtk 3.24.52) (0, 0, [toggle button: 'Menu' (0x7a29d2c41f00)])
10:07:20.879938 - FOCUS MANAGER: Locus of focus is [DEAD (0x7a29e80bbbc0)] 
10:07:20.879983 - EVENT_MANAGER: Ignoring object:children-changed:remove due to multiple instances in short time

10:07:20.880024 - EVENT MANAGER: object:children-changed:remove for [panel (0x7a29d2c42200)]  in org.gnome.Terminal (gtk 3.24.52) (0, 0, [button: 'Find' (0x7a29d2d9c580)])
10:07:20.880036 - FOCUS MANAGER: Locus of focus is [DEAD (0x7a29e80bbbc0)] 
10:07:20.880077 - EVENT_MANAGER: Ignoring object:children-changed:remove due to multiple instances in short time

10:07:20.880126 - EVENT MANAGER: object:children-changed:remove for [panel (0x7a29d2c42300)]  in org.gnome.Terminal (gtk 3.24.52) (0, 0, [filler (0x7a29d2c42300)])
10:07:20.880138 - FOCUS MANAGER: Locus of focus is [DEAD (0x7a29e80bbbc0)] 
10:07:20.880180 - EVENT_MANAGER: Ignoring object:children-changed:remove due to multiple instances in short time

10:07:20.880213 - EVENT MANAGER: object:children-changed:remove for [filler (0x7a29d2c42240)]  in org.gnome.Terminal (gtk 3.24.52) (0, 0, [terminal: 'Terminal' (0x7a29d2f908c0)])
10:07:20.880224 - FOCUS MANAGER: Locus of focus is [DEAD (0x7a29e80bbbc0)] 
10:07:20.880264 - EVENT_MANAGER: Ignoring object:children-changed:remove due to multiple instances in short time

10:07:20.880302 - EVENT MANAGER: object:children-changed:remove for [filler (0x7a29e812a300)]  in org.gnome.Terminal (gtk 3.24.52) (0, 0, [filler (0x7a29d2c42300)])
10:07:20.880313 - FOCUS MANAGER: Locus of focus is [DEAD (0x7a29e80bbbc0)] 
10:07:20.880353 - EVENT_MANAGER: Ignoring object:children-changed:remove due to multiple instances in short time

10:07:20.880384 - EVENT MANAGER: object:children-changed:remove for [filler (0x7a29d2c42180)]  in org.gnome.Terminal (gtk 3.24.52) (0, 0, [scroll bar (0x7a29d2f922c0)])
10:07:20.880395 - FOCUS MANAGER: Locus of focus is [DEAD (0x7a29e80bbbc0)] 
10:07:20.880436 - EVENT_MANAGER: Ignoring object:children-changed:remove due to multiple instances in short time
10:07:20.880470 - AXObject: Exception in get_role_name: app no longer exists
10:07:20.880477 - AXObject: Adding to known dead objects ax_utilities_debugging._accessible_as_string:62 > ax_object.get_role_name:661 > ax_object.handle_error:193 > ax_object._set_known_dead_status:170
10:07:20.880771 - EVENT MANAGER: Dequeueing object:state-changed:active for [DEAD (0x7a29d2d9cc80)]  in  (None None) (1, 0, 0)
10:07:20.880804 - EVENT MANAGER: Dequeued object:state-changed:active for [DEAD (0x7a29d2d9cc80)]  in  (None None) (1, 0, 0) priority: 2, counter: 74

vvvvv START PRIORITY-2 OBJECT EVENT OBJECT:STATE-CHANGED:ACTIVE (queue size: 53) vvvvv
10:07:20.881312 - EVENT MANAGER: Ignoring defunct object: [DEAD (0x7a29d2d9cc80)] 
TOTAL PROCESSING TIME: 0.0005
^^^^^ FINISHED PRIORITY-2 OBJECT EVENT OBJECT:STATE-CHANGED:ACTIVE ^^^^^

10:07:20.881338 - WARNING: Braille initialization failed: BrlAPI connection unavailable.
10:07:20.881351 - BRAILLE: Scheduling BrlAPI retry in 2000 ms.
10:07:20.881428 - EVENT MANAGER: Dequeueing window:deactivate for [DEAD (0x7a29e80bbbc0)]  in  (None None) (0, 0, Terminal)
10:07:20.881458 - EVENT MANAGER: Dequeued window:deactivate for [DEAD (0x7a29e80bbbc0)]  in  (None None) (0, 0, Terminal) priority: 2, counter: 92

vvvvv START PRIORITY-2 OBJECT EVENT WINDOW:DEACTIVATE (queue size: 52) vvvvv
10:07:20.881935 - EVENT MANAGER: Ignoring defunct object: [DEAD (0x7a29e80bbbc0)] 
10:07:20.881955 - FOCUS MANAGER: Active window is [DEAD (0x7a29e80bbbc0)]  event_manager._dequeue_object_event:666 > event_manager._process_object_event:942 > event_manager._handle_early_event_processing:909 > focus_manager.get_active_window:342
10:07:20.882199 - FOCUS MANAGER: Clearing all state: Active window is dead or defunct
10:07:20.882227 - SCRIPT MANAGER: Deactivating org.gnome.Terminal (module=orca.scripts.toolkits.gtk.script) reason: Active window is dead or defunct
10:07:20.882274 - GSETTINGS SCHEMA HANDLE: keybindings/keyboard-layout not set [profile:default]
10:07:20.882280 - GSETTINGS REGISTRY: keybindings/keyboard-layout using default value = 'desktop'
10:07:20.882285 - COMMAND MANAGER: Setting keyboard layout is_desktop to True.
10:07:20.882356 - GSETTINGS SCHEMA HANDLE: keybindings/entries no dict values set
10:07:20.882362 - GSETTINGS REGISTRY: keybindings/entries using default value = {}
10:07:20.882366 - COMMAND MANAGER: No user overrides to apply
10:07:20.882408 - GSETTINGS SCHEMA HANDLE: keybindings/keyboard-layout not set [profile:default]
10:07:20.882413 - GSETTINGS REGISTRY: keybindings/keyboard-layout using default value = 'desktop'
10:07:20.882421 - GSETTINGS SCHEMA HANDLE: keybindings/desktop-modifier-keys not set [profile:default]
10:07:20.882426 - GSETTINGS REGISTRY: keybindings/desktop-modifier-keys using default value = ['Insert', 'KP_Insert']

vvvvv COMMAND MANAGER: Grab diff: keyboard layout change (old: 77, new: 77) vvvvv
10:07:20.882444 -   No grab changes
^^^^^ COMMAND MANAGER: Diff completed in 0.0000s. Removed 0, added 0, transferred 0 ^^^^^

10:07:20.882453 - COMMAND MANAGER: Keyboard layout set to desktop.
10:07:20.882464 - GSETTINGS SCHEMA HANDLE: keybindings/keyboard-layout not set [profile:default]
10:07:20.882468 - GSETTINGS REGISTRY: keybindings/keyboard-layout using default value = 'desktop'
10:07:20.882474 - GSETTINGS SCHEMA HANDLE: keybindings/desktop-modifier-keys not set [profile:default]
10:07:20.882478 - GSETTINGS REGISTRY: keybindings/desktop-modifier-keys using default value = ['Insert', 'KP_Insert']
TOTAL PROCESSING TIME: 0.0010
^^^^^ FINISHED PRIORITY-2 OBJECT EVENT WINDOW:DEACTIVATE ^^^^^

10:07:20.882490 - ORCA: GLib handler received shutdown signal
10:07:20.882496 - ORCA: Shutting down
10:07:20.882514 - PRESENTATION MANAGER: Interrupting presentation
10:07:20.882545 - SPEECH MANAGER: interrupt_speech. Script: None Event: None notify_user: False
10:07:20.882820 - SPEECH MANAGER: Speech server is <orca.speechdispatcherfactory.SpeechServer object at 0x7a29e89e96a0>
10:07:20.882909 - BRAILLE: Kill flash message orca.shutdown:118 > presentation_manager.interrupt_presentation:88 > braille_presenter.kill_flash:1829 > braille.kill_flash:2182
10:07:20.883188 - GSETTINGS SCHEMA HANDLE: speech/enable not set [profile:default]
10:07:20.883198 - GSETTINGS REGISTRY: speech/enable using default value = True
10:07:20.883213 - GSETTINGS SCHEMA HANDLE: speech/messages-are-detailed not set [profile:default]
10:07:20.883217 - GSETTINGS REGISTRY: speech/messages-are-detailed using default value = True
10:07:20.883226 - GSETTINGS SCHEMA HANDLE: speech/only-speak-displayed-text not set [profile:default]
10:07:20.883229 - GSETTINGS REGISTRY: speech/only-speak-displayed-text using default value = False
10:07:20.883242 - GSETTINGS SCHEMA HANDLE: voice/established not set [profile:default]
10:07:20.883251 - GSETTINGS SCHEMA HANDLE: voice/rate not set [profile:default]
10:07:20.883261 - GSETTINGS SCHEMA HANDLE: voice/pitch not set [profile:default]
10:07:20.883269 - GSETTINGS SCHEMA HANDLE: voice/volume not set [profile:default]
10:07:20.883279 - GSETTINGS SCHEMA HANDLE: voice/family-name not set [profile:default]
10:07:20.883286 - GSETTINGS SCHEMA HANDLE: voice/family-lang not set [profile:default]
10:07:20.883294 - GSETTINGS SCHEMA HANDLE: voice/family-dialect not set [profile:default]
10:07:20.883302 - GSETTINGS SCHEMA HANDLE: voice/family-gender not set [profile:default]
10:07:20.883309 - GSETTINGS SCHEMA HANDLE: voice/family-variant not set [profile:default]
10:07:20.883377 - GSETTINGS SCHEMA HANDLE: speech/punctuation-level not set [profile:default]
10:07:20.883396 - GSETTINGS REGISTRY: speech/punctuation-level using default value = 'most'
10:07:20.883453 - SPEECH PRESENTER: Adjusting 'Screen reader off.' from None start_offset: None
10:07:20.883471 - GSETTINGS SCHEMA HANDLE: speech/repeated-character-limit not set [profile:default]
10:07:20.883476 - GSETTINGS REGISTRY: speech/repeated-character-limit using default value = 4
10:07:20.883493 - GSETTINGS SCHEMA HANDLE: speech/use-pronunciation-dictionary not set [profile:default]
10:07:20.883497 - GSETTINGS REGISTRY: speech/use-pronunciation-dictionary using default value = True
10:07:20.883515 - GSETTINGS SCHEMA HANDLE: pronunciations/entries no dict values set
10:07:20.883520 - GSETTINGS REGISTRY: pronunciations/entries using default value = {}
10:07:20.883526 - SPEECH PRESENTER: Adjusted text: 'Screen reader off.'
10:07:20.883532 - SPEECH: Speak 'Screen reader off.' acss: {'established': False}
10:07:20.883537 - SPEECH OUTPUT: 'Screen reader off.' {'established': False}
10:07:20.883542 - SPEECH DISPATCHER: Speaking 'Screen reader off.' as string
10:07:20.883733 - SPEECH DISPATCHER: Speaking '<speak><mark name="0:6"/>Screen <mark name="7:13"/>reader <mark name="14:18"/>off.</speak>' 
                  ORCA rate 50.0, pitch 5.0, volume 10.0, language C, punctuation: SOME
                  SD rate 2, pitch 10, volume 100, language c
10:07:20.884085 - SPEECH MANAGER: Speech server is <orca.speechdispatcherfactory.SpeechServer object at 0x7a29e89e96a0>
10:07:20.884110 - GSETTINGS SCHEMA HANDLE: speech/capitalization-style not set [profile:default]
10:07:20.884116 - GSETTINGS REGISTRY: speech/capitalization-style using default value = 'none'
10:07:20.884446 - SPEECH MANAGER: Speech server is <orca.speechdispatcherfactory.SpeechServer object at 0x7a29e89e96a0>
10:07:20.884462 - GSETTINGS SCHEMA HANDLE: speech/punctuation-level not set [profile:default]
10:07:20.884467 - GSETTINGS REGISTRY: speech/punctuation-level using default value = 'most'
10:07:20.884503 - GSETTINGS SCHEMA HANDLE: braille/enabled not set [profile:default]
10:07:20.884507 - GSETTINGS REGISTRY: braille/enabled using default value = True
10:07:20.884516 - GSETTINGS SCHEMA HANDLE: braille/flash-messages not set [profile:default]
10:07:20.884520 - GSETTINGS REGISTRY: braille/flash-messages using default value = True
10:07:20.884528 - GSETTINGS SCHEMA HANDLE: braille/flash-messages-detailed not set [profile:default]
10:07:20.884532 - GSETTINGS REGISTRY: braille/flash-messages-detailed using default value = True
10:07:20.884539 - GSETTINGS SCHEMA HANDLE: braille/enabled not set [profile:default]
10:07:20.884542 - GSETTINGS REGISTRY: braille/enabled using default value = True
10:07:20.884549 - GSETTINGS SCHEMA HANDLE: braille/flash-messages-persistent not set [profile:default]
10:07:20.884552 - GSETTINGS REGISTRY: braille/flash-messages-persistent using default value = False
10:07:20.884560 - GSETTINGS SCHEMA HANDLE: braille/flash-message-duration not set [profile:default]
10:07:20.884563 - GSETTINGS REGISTRY: braille/flash-message-duration using default value = 5000
10:07:20.884567 - BRAILLE: Display message: 'Screen reader off.' (flash_time: 5000)
10:07:20.884571 - BRAILLE: Initializing flash: Source ID: 0
10:07:20.884585 - BRAILLE: Not contracting 'Screen reader off.' because contracted braille is not enabled.
10:07:20.884609 - BRAILLE: Refresh. Pan: True target: 0
10:07:20.884625 - GSETTINGS SCHEMA HANDLE: braille/enabled not set [profile:default]
10:07:20.884629 - GSETTINGS REGISTRY: braille/enabled using default value = True
10:07:20.884648 - BRAILLE: Last text object: None (Caret: 0, Line: 0, Cell: 0)
10:07:20.884672 - BRAILLE: Current text object: None (Caret: 0, Line: 0). On same line: False
10:07:20.884678 - BRAILLE: Line 0: 'Screen reader off.' focusOffset: 0 [[0, 18]]
10:07:20.884683 - BRAILLE: Current range: (0, 32). Target cell: 0
10:07:20.884688 - BRAILLE LINE:  'Screen reader off.'
10:07:20.884691 -      VISIBLE:  'Screen reader off.', cursor=0
10:07:20.884709 - BRAILLE: Enabling braille. BrlAPI running: False
10:07:20.884713 - BRAILLE: Need to initialize first.
10:07:20.884728 - BRAILLE: Initializing. Callback: input_event_manager.InputEventManager.process_braille_event
10:07:20.884743 - BRAILLE: WINDOWPATH= None
10:07:20.884756 - BRAILLE: XDG_VTNR= 1
10:07:20.884767 - BRAILLE: Attempting connection with BrlAPI.
10:07:20.884853 - REMOTE CONTROLLER: Attempting to shut down D-Bus service.
10:07:20.884860 - DBUS SERVICE: Releasing D-Bus resources for service.
10:07:20.884866 - DBUS SERVICE: Shutting down and unpublishing module SpellCheckPresenter from main service.
10:07:20.884902 - DBUS SERVICE: Shutting down and unpublishing module CommandManager from main service.
10:07:20.884916 - DBUS SERVICE: Shutting down and unpublishing module ClipboardPresenter from main service.
10:07:20.884926 - DBUS SERVICE: Shutting down and unpublishing module FlatReviewPresenter from main service.
10:07:20.884935 - DBUS SERVICE: Shutting down and unpublishing module TextAttributeManager from main service.
10:07:20.884945 - DBUS SERVICE: Shutting down and unpublishing module SpeechPresenter from main service.
10:07:20.884955 - DBUS SERVICE: Shutting down and unpublishing module WhereAmIPresenter from main service.
10:07:20.884964 - DBUS SERVICE: Shutting down and unpublishing module CaretNavigator from main service.
10:07:20.884973 - DBUS SERVICE: Shutting down and unpublishing module SoundPresenter from main service.
10:07:20.884989 - DBUS SERVICE: Shutting down and unpublishing module ChatPresenter from main service.
10:07:20.884999 - DBUS SERVICE: Shutting down and unpublishing module BraillePresenter from main service.
10:07:20.885011 - DBUS SERVICE: Shutting down and unpublishing module MouseReviewer from main service.
10:07:20.885020 - DBUS SERVICE: Shutting down and unpublishing module StructuralNavigator from main service.
10:07:20.885028 - DBUS SERVICE: Shutting down and unpublishing module ObjectNavigator from main service.
10:07:20.885037 - DBUS SERVICE: Shutting down and unpublishing module DocumentPresenter from main service.
10:07:20.885046 - DBUS SERVICE: Shutting down and unpublishing module SpeechManager from main service.
10:07:20.885089 - BRAILLE: BrlAPI Connection is unavailable (ConnectionError): couldn't connect to b':0' with key b'keyfile:/etc/brlapi.key+polkit': connect: No such file or directory
                  (brlerrno 11, libcerrno 2, gaierrno 0)
                  Is BRLTTY really running?
10:07:20.885113 - DBUS SERVICE: Shutting down and unpublishing module SleepModeManager from main service.
10:07:20.885153 - DBUS SERVICE: Shutting down and unpublishing module SayAllPresenter from main service.
10:07:20.885180 - DBUS SERVICE: Shutting down and unpublishing module SystemInformationPresenter from main service.
10:07:20.885190 - DBUS SERVICE: Shutting down and unpublishing module NotificationPresenter from main service.
10:07:20.885198 - DBUS SERVICE: Shutting down and unpublishing module TableNavigator from main service.
10:07:20.885206 - DBUS SERVICE: Shutting down and unpublishing module ActionPresenter from main service.
10:07:20.885215 - DBUS SERVICE: Shutting down and unpublishing module TypingEchoPresenter from main service.
10:07:20.885223 - DBUS SERVICE: Shutting down and unpublishing module ProfileManager from main service.
10:07:20.885514 - REMOTE CONTROLLER: D-Bus service shut down.
10:07:20.885530 - ORCA MODIFIER MANAGER: Unsetting Orca modifiers: Shutting down.
10:07:20.892275 - ORCA MODIFIER MANAGER: Original xmodmap restored
10:07:20.892392 - EVENT MANAGER: Pause queueing: True. Clear queue: True. Shutting down.
10:07:20.892448 - INPUT EVENT MANAGER: Pause queueing: True. Shutting down.
10:07:20.892457 - SCRIPT MANAGER: Deactivating <unknown>.<module>:373 > orca._glib_shutdown_handler:182 > orca.shutdown:129 > script_manager.deactivate:70
10:07:20.892731 - EVENT MANAGER: De-registering listeners for: default (module=orca.scripts.default)
10:07:20.892739 - EVENT MANAGER: deregistering listener for: document:attributes-changed
10:07:20.892975 - EVENT MANAGER: deregistering listener for: document:load-complete
10:07:20.893110 - EVENT MANAGER: deregistering listener for: document:load-stopped
10:07:20.893175 - EVENT MANAGER: deregistering listener for: document:page-changed
10:07:20.893231 - EVENT MANAGER: deregistering listener for: document:reload
10:07:20.893286 - EVENT MANAGER: deregistering listener for: mouse:button
10:07:20.893341 - EVENT MANAGER: deregistering listener for: object:active-descendant-changed
10:07:20.893398 - EVENT MANAGER: deregistering listener for: object:announcement
10:07:20.893450 - EVENT MANAGER: deregistering listener for: object:attributes-changed
10:07:20.893505 - EVENT MANAGER: deregistering listener for: object:children-changed:add
10:07:20.893567 - EVENT MANAGER: deregistering listener for: object:children-changed:remove
10:07:20.893647 - EVENT MANAGER: deregistering listener for: object:column-reordered
10:07:20.893786 - EVENT MANAGER: deregistering listener for: object:property-change:accessible-description
10:07:20.893911 - EVENT MANAGER: deregistering listener for: object:property-change:accessible-name
10:07:20.894027 - EVENT MANAGER: deregistering listener for: object:property-change:accessible-value
10:07:20.894139 - EVENT MANAGER: deregistering listener for: object:row-reordered
10:07:20.894235 - EVENT MANAGER: deregistering listener for: object:selection-changed
10:07:20.894333 - EVENT MANAGER: deregistering listener for: object:state-changed:active
10:07:20.894438 - EVENT MANAGER: deregistering listener for: object:state-changed:busy
10:07:20.894544 - EVENT MANAGER: deregistering listener for: object:state-changed:checked
10:07:20.894671 - EVENT MANAGER: deregistering listener for: object:state-changed:expanded
10:07:20.894781 - EVENT MANAGER: deregistering listener for: object:state-changed:focused
10:07:20.894885 - EVENT MANAGER: deregistering listener for: object:state-changed:indeterminate
10:07:20.894993 - EVENT MANAGER: deregistering listener for: object:state-changed:invalid-entry
10:07:20.895100 - EVENT MANAGER: deregistering listener for: object:state-changed:pressed
10:07:20.895202 - EVENT MANAGER: deregistering listener for: object:state-changed:selected
10:07:20.895303 - EVENT MANAGER: deregistering listener for: object:state-changed:sensitive
10:07:20.895402 - EVENT MANAGER: deregistering listener for: object:state-changed:showing
10:07:20.895505 - EVENT MANAGER: deregistering listener for: object:text-attributes-changed
10:07:20.895597 - EVENT MANAGER: deregistering listener for: object:text-caret-moved
10:07:20.895690 - EVENT MANAGER: deregistering listener for: object:text-changed:delete
10:07:20.895789 - EVENT MANAGER: deregistering listener for: object:text-changed:insert
10:07:20.895887 - EVENT MANAGER: deregistering listener for: object:text-selection-changed
10:07:20.895982 - EVENT MANAGER: deregistering listener for: object:value-changed
10:07:20.896079 - EVENT MANAGER: deregistering listener for: window:activate
10:07:20.896169 - EVENT MANAGER: deregistering listener for: window:create
10:07:20.896262 - EVENT MANAGER: deregistering listener for: window:deactivate
10:07:20.896356 - EVENT MANAGER: deregistering listener for: window:destroy
10:07:20.896452 - SCRIPT MANAGER: Deactivated
10:07:20.896468 - EVENT MANAGER: Deactivating <unknown>.<module>:373 > orca._glib_shutdown_handler:182 > orca.shutdown:130 > event_manager.deactivate:98
10:07:20.896886 - INPUT EVENT MANAGER: Stopping key watcher.
10:07:20.896949 - EVENT MANAGER: Deactivated
10:07:20.896967 - CLIPBOARD PRESENTER: Deactivating
10:07:20.897114 - CLIPBOARD PRESENTER: Deactivated
10:07:20.897137 - PRESENTATION MANAGER: Shutting down presenters
10:07:20.897647 - SPEECH MANAGER: shutdown_speech. Script: None Event: None notify_user: False
10:07:20.898049 - SPEECH MANAGER: Speech server is <orca.speechdispatcherfactory.SpeechServer object at 0x7a29e89e96a0>
10:07:20.908444 - BRAILLE: Attempting braille shutdown.
10:07:20.908530 - BRAILLE: Braille was not running.
10:07:20.908542 - ORCA: Quitting Atspi main event loop
10:07:20.908574 - ORCA: Shutdown complete
