10:25:59.170704 - INFO: Preparing to launch.
10:25:59.171446 - ORCA: Attempt to load orca-customizations from /var/tmp/reactive-tui-api011/rtui-orca-n0nxur51/data/orca/orca-customizations.py succeeded.
10:25:59.280116 - INFO: About to launch Orca.
10:25:59.282451 - ORCA: Accessibility enabled: false
10:25:59.282489 - ORCA: Enabling accessibility.
10:25:59.285510 - GSETTINGS REGISTRY: No dconf settings found; proceeding with migration.
10:25:59.285627 - GSETTINGS REGISTRY: Migrating 'live-regions' settings to GSettings.
10:25:59.285703 - GSETTINGS REGISTRY: Schema org.gnome.Orca.LiveRegions loaded
10:25:59.285815 - GSETTINGS REGISTRY: Migrating 'sound' settings to GSettings.
10:25:59.285838 - GSETTINGS REGISTRY: Schema org.gnome.Orca.Sound loaded
10:25:59.285882 - GSETTINGS REGISTRY: Migrating 'structural-navigation' settings to GSettings.
10:25:59.285901 - GSETTINGS REGISTRY: Schema org.gnome.Orca.StructuralNavigation loaded
10:25:59.285937 - GSETTINGS REGISTRY: Migrating 'say-all' settings to GSettings.
10:25:59.285962 - GSETTINGS REGISTRY: Schema org.gnome.Orca.SayAll loaded
10:25:59.286011 - GSETTINGS REGISTRY: Migrating 'caret-navigation' settings to GSettings.
10:25:59.286026 - GSETTINGS REGISTRY: Schema org.gnome.Orca.CaretNavigation loaded
10:25:59.286049 - GSETTINGS REGISTRY: Migrating 'table-navigation' settings to GSettings.
10:25:59.286058 - GSETTINGS REGISTRY: Schema org.gnome.Orca.TableNavigation loaded
10:25:59.286086 - GSETTINGS REGISTRY: Migrating 'document' settings to GSettings.
10:25:59.286099 - GSETTINGS REGISTRY: Schema org.gnome.Orca.Document loaded
10:25:59.286140 - GSETTINGS REGISTRY: Migrating 'speech' settings to GSettings.
10:25:59.286151 - GSETTINGS REGISTRY: Schema org.gnome.Orca.Speech loaded
10:25:59.286173 - GSETTINGS REGISTRY: Migrating 'voice' settings to GSettings.
10:25:59.286181 - GSETTINGS REGISTRY: Schema org.gnome.Orca.Voice loaded
10:25:59.286201 - GSETTINGS REGISTRY: Migrating 'typing-echo' settings to GSettings.
10:25:59.286210 - GSETTINGS REGISTRY: Schema org.gnome.Orca.TypingEcho loaded
10:25:59.286244 - GSETTINGS REGISTRY: Migrating 'chat' settings to GSettings.
10:25:59.286254 - GSETTINGS REGISTRY: Schema org.gnome.Orca.Chat loaded
10:25:59.286277 - GSETTINGS REGISTRY: Migrating 'flat-review' settings to GSettings.
10:25:59.286285 - GSETTINGS REGISTRY: Schema org.gnome.Orca.FlatReview loaded
10:25:59.286300 - GSETTINGS REGISTRY: Migrating 'mouse-review' settings to GSettings.
10:25:59.286308 - GSETTINGS REGISTRY: Schema org.gnome.Orca.MouseReview loaded
10:25:59.286330 - GSETTINGS REGISTRY: Migrating 'spellcheck' settings to GSettings.
10:25:59.286338 - GSETTINGS REGISTRY: Schema org.gnome.Orca.Spellcheck loaded
10:25:59.286357 - GSETTINGS REGISTRY: Migrating 'system-information' settings to GSettings.
10:25:59.286366 - GSETTINGS REGISTRY: Schema org.gnome.Orca.SystemInformation loaded
10:25:59.286383 - GSETTINGS REGISTRY: Migrating 'text-attributes' settings to GSettings.
10:25:59.286391 - GSETTINGS REGISTRY: Schema org.gnome.Orca.TextAttributes loaded
10:25:59.286419 - GSETTINGS REGISTRY: Migrating 'braille' settings to GSettings.
10:25:59.286428 - GSETTINGS REGISTRY: Schema org.gnome.Orca.Braille loaded
10:25:59.286449 - GSETTINGS REGISTRY: Migrating 'keybindings' settings to GSettings.
10:25:59.286457 - GSETTINGS REGISTRY: Schema org.gnome.Orca.Keybindings loaded
10:25:59.286476 - GSETTINGS REGISTRY: Schema org.gnome.Orca.ProfileMetadata loaded
10:25:59.295180 - ORCA: Loading User Settings
10:25:59.295240 - EVENT MANAGER: Pause queueing: True. Clear queue: True. Loading user settings.
10:25:59.295271 - INPUT EVENT MANAGER: Pause queueing: True. Loading user settings.
10:25:59.295615 - DEFAULT: Setting up commands for None
10:25:59.296414 - BRAILLE PRESENTER: Commands set up.
10:25:59.296482 - NOTIFICATION PRESENTER: Commands set up.
10:25:59.296506 - CLIPBOARD PRESENTER: Commands set up.
10:25:59.296520 - COMMAND MANAGER: Setting up commands.
10:25:59.296580 - SAY ALL PRESENTER: Commands set up.
10:25:59.296601 - TYPING ECHO PRESENTER: Commands set up.
10:25:59.296672 - SPEECH MANAGER: Commands set up.
10:25:59.296806 - SPEECH PRESENTER: Commands set up.
10:25:59.296884 - SLEEP MODE MANAGER: Commands set up.
10:25:59.296939 - SYSTEM INFORMATION PRESENTER: Commands set up.
10:25:59.297099 - OBJECT NAVIGATOR: Commands set up.
10:25:59.297197 - GSETTINGS REGISTRY: Schema org.gnome.Orca.CaretNavigation loaded
10:25:59.297426 - GSETTINGS SCHEMA HANDLE: caret-navigation/enabled not set [profile:default]
10:25:59.297448 - GSETTINGS REGISTRY: caret-navigation/enabled using default value = True
10:25:59.297551 - CARET NAVIGATOR: Commands set up. Suspended: False
10:25:59.298357 - STRUCTURAL NAVIGATOR: Commands set up. Suspended: False
10:25:59.298420 - TABLE NAVIGATOR: Commands set up.
10:25:59.298448 - DOCUMENT PRESENTER: Commands set up.
10:25:59.298500 - LIVE REGION PRESENTER: Commands set up.
10:25:59.298520 - LEARN MODE PRESENTER: Commands set up.
10:25:59.298537 - MOUSE REVIEW: Commands set up.
10:25:59.298554 - ACTION PRESENTER: Commands set up.
10:25:59.298869 - FLAT REVIEW PRESENTER: Commands set up.
10:25:59.298923 - FLAT REVIEW FINDER: Commands set up.
10:25:59.299037 - WHERE AM I PRESENTER: Commands set up.
10:25:59.299062 - DEBUGGING TOOLS MANAGER: Commands set up.
10:25:59.299086 - CHAT PRESENTER: Commands set up.
10:25:59.299104 - PROFILE MANAGER: Commands set up.
10:25:59.299127 - BRAILLE: Setting up key ranges.
10:25:59.299179 - BRAILLE: Initializing. Callback: None
10:25:59.299220 - BRAILLE: WINDOWPATH= None
10:25:59.299253 - BRAILLE: XDG_VTNR= 1
10:25:59.299308 - BRAILLE: Attempting connection with BrlAPI.
10:25:59.299591 - BRAILLE: Not setting up key ranges: BrlAPI not running.
10:25:59.299619 - DEFAULT: Commands set up: 219 keyboard commands
10:25:59.299638 - SCRIPT: default (module=orca.scripts.default) initialized
10:25:59.299676 - GSETTINGS REGISTRY: Schema org.gnome.Orca.Keybindings loaded
10:25:59.299736 - GSETTINGS SCHEMA HANDLE: keybindings/keyboard-layout not set [profile:default]
10:25:59.299753 - GSETTINGS REGISTRY: keybindings/keyboard-layout using default value = 'desktop'
10:25:59.299766 - COMMAND MANAGER: Setting keyboard layout is_desktop to True.
10:25:59.299883 - BRAILLE: BrlAPI Connection is unavailable (ConnectionError): couldn't connect to b':0' with key b'keyfile:/etc/brlapi.key+polkit': connect: No such file or directory
                  (brlerrno 11, libcerrno 2, gaierrno 0)
                  Is BRLTTY really running?
10:25:59.299920 - GSETTINGS SCHEMA HANDLE: keybindings/entries no dict values set
10:25:59.300022 - GSETTINGS REGISTRY: keybindings/entries using default value = {}
10:25:59.300038 - COMMAND MANAGER: No user overrides to apply
10:25:59.300050 - COMMAND MANAGER: Device not ready, skipping grab updates.
10:25:59.300060 - COMMAND MANAGER: Keyboard layout set to desktop.
10:25:59.300072 - PRESENTATION MANAGER: Starting presenters
10:25:59.300131 - SPEECH MANAGER: start_speech. Script: None Event: None notify_user: False
10:25:59.300142 - SPEECH MANAGER: Initializing server
10:25:59.300170 - GSETTINGS REGISTRY: Schema org.gnome.Orca.Speech loaded
10:25:59.300216 - GSETTINGS SCHEMA HANDLE: speech/speech-server-factory not set [profile:default]
10:25:59.300230 - GSETTINGS REGISTRY: speech/speech-server-factory using default value = 'speechdispatcherfactory'
10:25:59.519148 - SPEECH MANAGER: Using speech server factory: speechdispatcherfactory
10:25:59.519292 - GSETTINGS SCHEMA HANDLE: speech/synthesizer not set [profile:default]
10:25:59.519327 - GSETTINGS REGISTRY: Schema org.gnome.Orca.Voice loaded
10:25:59.519376 - GSETTINGS SCHEMA HANDLE: voice/established not set [profile:default]
10:25:59.519392 - GSETTINGS SCHEMA HANDLE: voice/rate not set [profile:default]
10:25:59.519403 - GSETTINGS SCHEMA HANDLE: voice/pitch not set [profile:default]
10:25:59.519413 - GSETTINGS SCHEMA HANDLE: voice/volume not set [profile:default]
10:25:59.519428 - GSETTINGS SCHEMA HANDLE: voice/family-name not set [profile:default]
10:25:59.519438 - GSETTINGS SCHEMA HANDLE: voice/family-lang not set [profile:default]
10:25:59.519447 - GSETTINGS SCHEMA HANDLE: voice/family-dialect not set [profile:default]
10:25:59.519464 - GSETTINGS SCHEMA HANDLE: voice/family-gender not set [profile:default]
10:25:59.519471 - GSETTINGS SCHEMA HANDLE: voice/family-variant not set [profile:default]
10:25:59.519491 - GSETTINGS SCHEMA HANDLE: speech/punctuation-level not set [profile:default]
10:25:59.519496 - GSETTINGS REGISTRY: speech/punctuation-level using default value = 'most'
10:25:59.519569 - GSETTINGS SCHEMA HANDLE: speech/capitalization-style not set [profile:default]
10:25:59.519574 - GSETTINGS REGISTRY: speech/capitalization-style using default value = 'none'
10:25:59.519638 - SPEECH MANAGER: Server initialized
10:25:59.519663 - GSETTINGS REGISTRY: Schema org.gnome.Orca.Braille loaded
10:25:59.519685 - GSETTINGS SCHEMA HANDLE: braille/enabled not set [profile:default]
10:25:59.519689 - GSETTINGS REGISTRY: braille/enabled using default value = True
10:25:59.519717 - BRAILLE: Initializing. Callback: input_event_manager.InputEventManager.process_braille_event
10:25:59.519722 - BRAILLE: BrlAPI connection already in progress.
10:25:59.519734 - GSETTINGS SCHEMA HANDLE: braille/contracted-braille not set [profile:default]
10:25:59.519738 - GSETTINGS REGISTRY: braille/contracted-braille using default value = False
10:25:59.519748 - GSETTINGS SCHEMA HANDLE: braille/contraction-table not set [profile:default]
10:25:59.519752 - GSETTINGS REGISTRY: braille/contraction-table using default value = ''
10:25:59.519762 - GSETTINGS SCHEMA HANDLE: braille/computer-braille-at-cursor not set [profile:default]
10:25:59.519765 - GSETTINGS REGISTRY: braille/computer-braille-at-cursor using default value = True
10:25:59.519774 - GSETTINGS SCHEMA HANDLE: braille/end-of-line-indicator not set [profile:default]
10:25:59.519777 - GSETTINGS REGISTRY: braille/end-of-line-indicator using default value = True
10:25:59.519784 - GSETTINGS SCHEMA HANDLE: braille/word-wrap not set [profile:default]
10:25:59.519788 - GSETTINGS REGISTRY: braille/word-wrap using default value = False
10:25:59.519798 - GSETTINGS SCHEMA HANDLE: braille/selector-indicator not set [profile:default]
10:25:59.519801 - GSETTINGS REGISTRY: braille/selector-indicator using default value = 'dots78'
10:25:59.519808 - BRAILLE PRESENTER: Getting selector indicator: 192.
10:25:59.519817 - GSETTINGS SCHEMA HANDLE: braille/link-indicator not set [profile:default]
10:25:59.519822 - GSETTINGS REGISTRY: braille/link-indicator using default value = 'dots78'
10:25:59.519826 - BRAILLE PRESENTER: Getting link indicator: 192.
10:25:59.519834 - GSETTINGS SCHEMA HANDLE: braille/text-attributes-indicator not set [profile:default]
10:25:59.519838 - GSETTINGS REGISTRY: braille/text-attributes-indicator using default value = 'none'
10:25:59.519842 - BRAILLE PRESENTER: Getting text attributes indicator: 0.
10:25:59.519856 - GSETTINGS REGISTRY: Schema org.gnome.Orca.Sound loaded
10:25:59.519872 - GSETTINGS SCHEMA HANDLE: sound/enabled not set [profile:default]
10:25:59.519875 - GSETTINGS REGISTRY: sound/enabled using default value = True
10:25:59.519899 - GSETTINGS REGISTRY: Schema org.gnome.Orca.MouseReview loaded
10:25:59.519913 - GSETTINGS SCHEMA HANDLE: mouse-review/enabled not set [profile:default]
10:25:59.519917 - GSETTINGS REGISTRY: mouse-review/enabled using default value = False
10:25:59.519924 - ORCA MODIFIER MANAGER: Refreshing Orca modifiers: Loading user settings.
10:25:59.519939 - GSETTINGS SCHEMA HANDLE: keybindings/keyboard-layout not set [profile:default]
10:25:59.519945 - GSETTINGS REGISTRY: keybindings/keyboard-layout using default value = 'desktop'
10:25:59.519960 - GSETTINGS SCHEMA HANDLE: keybindings/desktop-modifier-keys not set [profile:default]
10:25:59.519966 - GSETTINGS REGISTRY: keybindings/desktop-modifier-keys using default value = ['Insert', 'KP_Insert']
10:25:59.519975 - GSETTINGS SCHEMA HANDLE: keybindings/keyboard-layout not set [profile:default]
10:25:59.521138 - GSETTINGS REGISTRY: keybindings/keyboard-layout using default value = 'desktop'
10:25:59.521201 - GSETTINGS SCHEMA HANDLE: keybindings/desktop-modifier-keys not set [profile:default]
10:25:59.521215 - GSETTINGS REGISTRY: keybindings/desktop-modifier-keys using default value = ['Insert', 'KP_Insert']
10:25:59.521291 - INPUT EVENT MANAGER: No device to add grab for Insert
10:25:59.521331 - INPUT EVENT MANAGER: No device to add grab for KP_Insert
10:25:59.521346 - ORCA MODIFIER MANAGER: No stored xmodmap found
10:25:59.525911 - ORCA MODIFIER MANAGER: Creating Orca xmodmap
10:25:59.526133 - GSETTINGS SCHEMA HANDLE: keybindings/keyboard-layout not set [profile:default]
10:25:59.526174 - GSETTINGS REGISTRY: keybindings/keyboard-layout using default value = 'desktop'
10:25:59.526208 - GSETTINGS SCHEMA HANDLE: keybindings/desktop-modifier-keys not set [profile:default]
10:25:59.526225 - GSETTINGS REGISTRY: keybindings/desktop-modifier-keys using default value = ['Insert', 'KP_Insert']
10:25:59.526257 - EVENT MANAGER: Pause queueing: False. Clear queue: False. User settings loaded.
10:25:59.526274 - INPUT EVENT MANAGER: Pause queueing: False. User settings loaded.
10:25:59.526286 - ORCA: User Settings Loaded
10:25:59.526338 - DEBUGGING TOOLS MANAGER: Orca version 50.1.2, AT-SPI2 version: 2.60.0, Session: x11 gnome
10:25:59.526893 - DEBUGGING TOOLS MANAGER: Desktop has 0 app(s):
10:25:59.526923 - ORCA: Running under systemd: False
10:25:59.526996 - ORCA: Connected to a11y applications gsetting: True
10:25:59.527017 - REMOTE CONTROLLER: Attempting to start D-Bus service.
10:25:59.527066 - REMOTE CONTROLLER: SessionMessageBus acquired: :1.6
10:25:59.528086 - REMOTE CONTROLLER: Service started name=org.gnome.Orca.Service path=/org/gnome/Orca/Service.
10:25:59.528118 - REMOTE CONTROLLER: Processing 25 pending module registrations.
10:25:59.528126 - REMOTE CONTROLLER: Processing pending registration for LiveRegionPresenter.
10:25:59.528201 - REMOTE CONTROLLER: Processing pending registration for SoundPresenter.
10:25:59.528294 - DBUS SERVICE: OrcaModuleDBusInterface for SoundPresenter initialized with 0 command(s), 0 parameterized command(s), 5 getter(s), 5 setter(s).
10:25:59.528462 - DBUS SERVICE: Successfully published SoundPresenter at /org/gnome/Orca/Service/SoundPresenter.
10:25:59.528473 - REMOTE CONTROLLER: Successfully registered 10 commands/getters/setters for module SoundPresenter.
10:25:59.528481 - REMOTE CONTROLLER: Processing pending registration for StructuralNavigator.
10:25:59.528730 - DBUS SERVICE: OrcaModuleDBusInterface for StructuralNavigator initialized with 85 command(s), 0 parameterized command(s), 4 getter(s), 4 setter(s).
10:25:59.528875 - DBUS SERVICE: Successfully published StructuralNavigator at /org/gnome/Orca/Service/StructuralNavigator.
10:25:59.528887 - REMOTE CONTROLLER: Successfully registered 93 commands/getters/setters for module StructuralNavigator.
10:25:59.528893 - REMOTE CONTROLLER: Processing pending registration for SayAllPresenter.
10:25:59.528992 - DBUS SERVICE: OrcaModuleDBusInterface for SayAllPresenter initialized with 3 command(s), 0 parameterized command(s), 10 getter(s), 10 setter(s).
10:25:59.529132 - DBUS SERVICE: Successfully published SayAllPresenter at /org/gnome/Orca/Service/SayAllPresenter.
10:25:59.529142 - REMOTE CONTROLLER: Successfully registered 23 commands/getters/setters for module SayAllPresenter.
10:25:59.529147 - REMOTE CONTROLLER: Processing pending registration for CaretNavigator.
10:25:59.529233 - DBUS SERVICE: OrcaModuleDBusInterface for CaretNavigator initialized with 12 command(s), 0 parameterized command(s), 3 getter(s), 3 setter(s).
10:25:59.529356 - DBUS SERVICE: Successfully published CaretNavigator at /org/gnome/Orca/Service/CaretNavigator.
10:25:59.529368 - REMOTE CONTROLLER: Successfully registered 18 commands/getters/setters for module CaretNavigator.
10:25:59.529373 - REMOTE CONTROLLER: Processing pending registration for TableNavigator.
10:25:59.529444 - DBUS SERVICE: OrcaModuleDBusInterface for TableNavigator initialized with 15 command(s), 0 parameterized command(s), 2 getter(s), 2 setter(s).
10:25:59.529564 - DBUS SERVICE: Successfully published TableNavigator at /org/gnome/Orca/Service/TableNavigator.
10:25:59.529575 - REMOTE CONTROLLER: Successfully registered 19 commands/getters/setters for module TableNavigator.
10:25:59.529590 - REMOTE CONTROLLER: Processing pending registration for DocumentPresenter.
10:25:59.529691 - DBUS SERVICE: OrcaModuleDBusInterface for DocumentPresenter initialized with 3 command(s), 0 parameterized command(s), 10 getter(s), 7 setter(s).
10:25:59.529806 - DBUS SERVICE: Successfully published DocumentPresenter at /org/gnome/Orca/Service/DocumentPresenter.
10:25:59.529818 - REMOTE CONTROLLER: Successfully registered 20 commands/getters/setters for module DocumentPresenter.
10:25:59.529823 - REMOTE CONTROLLER: Processing pending registration for SpeechPresenter.
10:25:59.530058 - DBUS SERVICE: OrcaModuleDBusInterface for SpeechPresenter initialized with 5 command(s), 0 parameterized command(s), 33 getter(s), 33 setter(s).
10:25:59.530196 - DBUS SERVICE: Successfully published SpeechPresenter at /org/gnome/Orca/Service/SpeechPresenter.
10:25:59.530207 - REMOTE CONTROLLER: Successfully registered 71 commands/getters/setters for module SpeechPresenter.
10:25:59.530212 - REMOTE CONTROLLER: Processing pending registration for SpeechManager.
10:25:59.530428 - DBUS SERVICE: OrcaModuleDBusInterface for SpeechManager initialized with 14 command(s), 1 parameterized command(s), 18 getter(s), 15 setter(s).
10:25:59.530550 - DBUS SERVICE: Successfully published SpeechManager at /org/gnome/Orca/Service/SpeechManager.
10:25:59.530559 - REMOTE CONTROLLER: Successfully registered 48 commands/getters/setters for module SpeechManager.
10:25:59.530564 - REMOTE CONTROLLER: Processing pending registration for TypingEchoPresenter.
10:25:59.530658 - DBUS SERVICE: OrcaModuleDBusInterface for TypingEchoPresenter initialized with 1 command(s), 0 parameterized command(s), 14 getter(s), 14 setter(s).
10:25:59.530771 - DBUS SERVICE: Successfully published TypingEchoPresenter at /org/gnome/Orca/Service/TypingEchoPresenter.
10:25:59.530779 - REMOTE CONTROLLER: Successfully registered 29 commands/getters/setters for module TypingEchoPresenter.
10:25:59.530784 - REMOTE CONTROLLER: Processing pending registration for SleepModeManager.
10:25:59.530809 - DBUS SERVICE: OrcaModuleDBusInterface for SleepModeManager initialized with 1 command(s), 0 parameterized command(s), 0 getter(s), 0 setter(s).
10:25:59.530918 - DBUS SERVICE: Successfully published SleepModeManager at /org/gnome/Orca/Service/SleepModeManager.
10:25:59.530927 - REMOTE CONTROLLER: Successfully registered 1 commands/getters/setters for module SleepModeManager.
10:25:59.530933 - REMOTE CONTROLLER: Processing pending registration for ActionPresenter.
10:25:59.530965 - DBUS SERVICE: OrcaModuleDBusInterface for ActionPresenter initialized with 1 command(s), 0 parameterized command(s), 0 getter(s), 0 setter(s).
10:25:59.531097 - DBUS SERVICE: Successfully published ActionPresenter at /org/gnome/Orca/Service/ActionPresenter.
10:25:59.531107 - REMOTE CONTROLLER: Successfully registered 1 commands/getters/setters for module ActionPresenter.
10:25:59.531111 - REMOTE CONTROLLER: Processing pending registration for ChatPresenter.
10:25:59.531171 - DBUS SERVICE: OrcaModuleDBusInterface for ChatPresenter initialized with 5 command(s), 0 parameterized command(s), 5 getter(s), 5 setter(s).
10:25:59.531282 - DBUS SERVICE: Successfully published ChatPresenter at /org/gnome/Orca/Service/ChatPresenter.
10:25:59.531288 - REMOTE CONTROLLER: Successfully registered 15 commands/getters/setters for module ChatPresenter.
10:25:59.531293 - REMOTE CONTROLLER: Processing pending registration for ClipboardPresenter.
10:25:59.531326 - DBUS SERVICE: OrcaModuleDBusInterface for ClipboardPresenter initialized with 1 command(s), 0 parameterized command(s), 0 getter(s), 0 setter(s).
10:25:59.531427 - DBUS SERVICE: Successfully published ClipboardPresenter at /org/gnome/Orca/Service/ClipboardPresenter.
10:25:59.531433 - REMOTE CONTROLLER: Successfully registered 1 commands/getters/setters for module ClipboardPresenter.
10:25:59.531438 - REMOTE CONTROLLER: Processing pending registration for FlatReviewPresenter.
10:25:59.531528 - DBUS SERVICE: OrcaModuleDBusInterface for FlatReviewPresenter initialized with 33 command(s), 0 parameterized command(s), 1 getter(s), 1 setter(s).
10:25:59.531640 - DBUS SERVICE: Successfully published FlatReviewPresenter at /org/gnome/Orca/Service/FlatReviewPresenter.
10:25:59.531647 - REMOTE CONTROLLER: Successfully registered 35 commands/getters/setters for module FlatReviewPresenter.
10:25:59.531651 - REMOTE CONTROLLER: Processing pending registration for MouseReviewer.
10:25:59.531703 - DBUS SERVICE: OrcaModuleDBusInterface for MouseReviewer initialized with 1 command(s), 0 parameterized command(s), 2 getter(s), 2 setter(s).
10:25:59.531824 - DBUS SERVICE: Successfully published MouseReviewer at /org/gnome/Orca/Service/MouseReviewer.
10:25:59.531831 - REMOTE CONTROLLER: Successfully registered 5 commands/getters/setters for module MouseReviewer.
10:25:59.531836 - REMOTE CONTROLLER: Processing pending registration for NotificationPresenter.
10:25:59.531871 - DBUS SERVICE: OrcaModuleDBusInterface for NotificationPresenter initialized with 4 command(s), 0 parameterized command(s), 0 getter(s), 0 setter(s).
10:25:59.531974 - DBUS SERVICE: Successfully published NotificationPresenter at /org/gnome/Orca/Service/NotificationPresenter.
10:25:59.532010 - REMOTE CONTROLLER: Successfully registered 4 commands/getters/setters for module NotificationPresenter.
10:25:59.532016 - REMOTE CONTROLLER: Processing pending registration for ObjectNavigator.
10:25:59.532065 - DBUS SERVICE: OrcaModuleDBusInterface for ObjectNavigator initialized with 6 command(s), 0 parameterized command(s), 0 getter(s), 0 setter(s).
10:25:59.532190 - DBUS SERVICE: Successfully published ObjectNavigator at /org/gnome/Orca/Service/ObjectNavigator.
10:25:59.532196 - REMOTE CONTROLLER: Successfully registered 6 commands/getters/setters for module ObjectNavigator.
10:25:59.532201 - REMOTE CONTROLLER: Processing pending registration for ProfileManager.
10:25:59.532246 - DBUS SERVICE: OrcaModuleDBusInterface for ProfileManager initialized with 2 command(s), 0 parameterized command(s), 3 getter(s), 2 setter(s).
10:25:59.532347 - DBUS SERVICE: Successfully published ProfileManager at /org/gnome/Orca/Service/ProfileManager.
10:25:59.532353 - REMOTE CONTROLLER: Successfully registered 7 commands/getters/setters for module ProfileManager.
10:25:59.532358 - REMOTE CONTROLLER: Processing pending registration for SpellCheckPresenter.
10:25:59.532418 - DBUS SERVICE: OrcaModuleDBusInterface for SpellCheckPresenter initialized with 0 command(s), 0 parameterized command(s), 3 getter(s), 3 setter(s).
10:25:59.532517 - DBUS SERVICE: Successfully published SpellCheckPresenter at /org/gnome/Orca/Service/SpellCheckPresenter.
10:25:59.532524 - REMOTE CONTROLLER: Successfully registered 6 commands/getters/setters for module SpellCheckPresenter.
10:25:59.532529 - REMOTE CONTROLLER: Processing pending registration for SystemInformationPresenter.
10:25:59.532576 - DBUS SERVICE: OrcaModuleDBusInterface for SystemInformationPresenter initialized with 4 command(s), 0 parameterized command(s), 4 getter(s), 2 setter(s).
10:25:59.532679 - DBUS SERVICE: Successfully published SystemInformationPresenter at /org/gnome/Orca/Service/SystemInformationPresenter.
10:25:59.532687 - REMOTE CONTROLLER: Successfully registered 10 commands/getters/setters for module SystemInformationPresenter.
10:25:59.532692 - REMOTE CONTROLLER: Processing pending registration for TextAttributeManager.
10:25:59.532725 - DBUS SERVICE: OrcaModuleDBusInterface for TextAttributeManager initialized with 0 command(s), 0 parameterized command(s), 2 getter(s), 2 setter(s).
10:25:59.532829 - DBUS SERVICE: Successfully published TextAttributeManager at /org/gnome/Orca/Service/TextAttributeManager.
10:25:59.532836 - REMOTE CONTROLLER: Successfully registered 4 commands/getters/setters for module TextAttributeManager.
10:25:59.532840 - REMOTE CONTROLLER: Processing pending registration for WhereAmIPresenter.
10:25:59.532884 - DBUS SERVICE: OrcaModuleDBusInterface for WhereAmIPresenter initialized with 11 command(s), 0 parameterized command(s), 0 getter(s), 0 setter(s).
10:25:59.532997 - DBUS SERVICE: Successfully published WhereAmIPresenter at /org/gnome/Orca/Service/WhereAmIPresenter.
10:25:59.533006 - REMOTE CONTROLLER: Successfully registered 11 commands/getters/setters for module WhereAmIPresenter.
10:25:59.533011 - REMOTE CONTROLLER: Processing pending registration for BraillePresenter.
10:25:59.533179 - DBUS SERVICE: OrcaModuleDBusInterface for BraillePresenter initialized with 1 command(s), 0 parameterized command(s), 26 getter(s), 25 setter(s).
10:25:59.533290 - DBUS SERVICE: Successfully published BraillePresenter at /org/gnome/Orca/Service/BraillePresenter.
10:25:59.533297 - REMOTE CONTROLLER: Successfully registered 52 commands/getters/setters for module BraillePresenter.
10:25:59.533301 - REMOTE CONTROLLER: Processing pending registration for CommandManager.
10:25:59.533370 - DBUS SERVICE: OrcaModuleDBusInterface for CommandManager initialized with 1 command(s), 0 parameterized command(s), 3 getter(s), 3 setter(s).
10:25:59.533471 - DBUS SERVICE: Successfully published CommandManager at /org/gnome/Orca/Service/CommandManager.
10:25:59.533478 - REMOTE CONTROLLER: Successfully registered 7 commands/getters/setters for module CommandManager.
10:25:59.533503 - REMOTE CONTROLLER: Registration complete. Summary: 24 modules, 210 module commands, 148 module getters, 138 module setters, 6 system commands. Total handlers: 502.
10:25:59.533556 - GSETTINGS SCHEMA HANDLE: speech/enable not set [profile:default]
10:25:59.533562 - GSETTINGS REGISTRY: speech/enable using default value = True
10:25:59.533578 - GSETTINGS SCHEMA HANDLE: speech/messages-are-detailed not set [profile:default]
10:25:59.533582 - GSETTINGS REGISTRY: speech/messages-are-detailed using default value = True
10:25:59.533592 - GSETTINGS SCHEMA HANDLE: speech/only-speak-displayed-text not set [profile:default]
10:25:59.533596 - GSETTINGS REGISTRY: speech/only-speak-displayed-text using default value = False
10:25:59.533638 - GSETTINGS SCHEMA HANDLE: voice/established not set [profile:default]
10:25:59.533651 - GSETTINGS SCHEMA HANDLE: voice/rate not set [profile:default]
10:25:59.533661 - GSETTINGS SCHEMA HANDLE: voice/pitch not set [profile:default]
10:25:59.533670 - GSETTINGS SCHEMA HANDLE: voice/volume not set [profile:default]
10:25:59.533683 - GSETTINGS SCHEMA HANDLE: voice/family-name not set [profile:default]
10:25:59.533691 - GSETTINGS SCHEMA HANDLE: voice/family-lang not set [profile:default]
10:25:59.533698 - GSETTINGS SCHEMA HANDLE: voice/family-dialect not set [profile:default]
10:25:59.533705 - GSETTINGS SCHEMA HANDLE: voice/family-gender not set [profile:default]
10:25:59.533712 - GSETTINGS SCHEMA HANDLE: voice/family-variant not set [profile:default]
10:25:59.533826 - GSETTINGS SCHEMA HANDLE: speech/punctuation-level not set [profile:default]
10:25:59.533834 - GSETTINGS REGISTRY: speech/punctuation-level using default value = 'most'
10:25:59.533988 - SPEECH PRESENTER: Adjusting 'Screen reader on.' from None start_offset: None
10:25:59.534006 - GSETTINGS SCHEMA HANDLE: speech/repeated-character-limit not set [profile:default]
10:25:59.534010 - GSETTINGS REGISTRY: speech/repeated-character-limit using default value = 4
10:25:59.534113 - GSETTINGS SCHEMA HANDLE: speech/use-pronunciation-dictionary not set [profile:default]
10:25:59.534119 - GSETTINGS REGISTRY: speech/use-pronunciation-dictionary using default value = True
10:25:59.534168 - GSETTINGS REGISTRY: Schema org.gnome.Orca.Pronunciations loaded
10:25:59.534195 - GSETTINGS SCHEMA HANDLE: pronunciations/entries no dict values set
10:25:59.534201 - GSETTINGS REGISTRY: pronunciations/entries using default value = {}
10:25:59.534210 - SPEECH PRESENTER: Adjusted text: 'Screen reader on.'
10:25:59.534217 - SPEECH: Speak 'Screen reader on.' acss: {'established': False}
10:25:59.534223 - SPEECH OUTPUT: 'Screen reader on.' {'established': False}
10:25:59.534228 - SPEECH DISPATCHER: Speaking 'Screen reader on.' as string
10:25:59.534423 - SPEECH DISPATCHER: Speaking '<speak><mark name="0:6"/>Screen <mark name="7:13"/>reader <mark name="14:17"/>on.</speak>' 
                  ORCA rate 50.0, pitch 5.0, volume 10.0, language C, punctuation: SOME
                  SD rate 2, pitch 10, volume 100, language c
10:25:59.534807 - SPEECH MANAGER: Speech server is <orca.speechdispatcherfactory.SpeechServer object at 0x784b644a96a0>
10:25:59.534868 - GSETTINGS SCHEMA HANDLE: speech/capitalization-style not set [profile:default]
10:25:59.534877 - GSETTINGS REGISTRY: speech/capitalization-style using default value = 'none'
10:25:59.535502 - SPEECH MANAGER: Speech server is <orca.speechdispatcherfactory.SpeechServer object at 0x784b644a96a0>
10:25:59.535566 - GSETTINGS SCHEMA HANDLE: speech/punctuation-level not set [profile:default]
10:25:59.535584 - GSETTINGS REGISTRY: speech/punctuation-level using default value = 'most'
10:25:59.535854 - GSETTINGS SCHEMA HANDLE: braille/enabled not set [profile:default]
10:25:59.535870 - GSETTINGS REGISTRY: braille/enabled using default value = True
10:25:59.535895 - GSETTINGS SCHEMA HANDLE: braille/flash-messages not set [profile:default]
10:25:59.535908 - GSETTINGS REGISTRY: braille/flash-messages using default value = True
10:25:59.535932 - GSETTINGS SCHEMA HANDLE: braille/flash-messages-detailed not set [profile:default]
10:25:59.535944 - GSETTINGS REGISTRY: braille/flash-messages-detailed using default value = True
10:25:59.535968 - GSETTINGS SCHEMA HANDLE: braille/enabled not set [profile:default]
10:25:59.535988 - GSETTINGS REGISTRY: braille/enabled using default value = True
10:25:59.536013 - GSETTINGS SCHEMA HANDLE: braille/flash-messages-persistent not set [profile:default]
10:25:59.536025 - GSETTINGS REGISTRY: braille/flash-messages-persistent using default value = False
10:25:59.536048 - GSETTINGS SCHEMA HANDLE: braille/flash-message-duration not set [profile:default]
10:25:59.536060 - GSETTINGS REGISTRY: braille/flash-message-duration using default value = 5000
10:25:59.536074 - BRAILLE: Display message: 'Screen reader on.' (flash_time: 5000)
10:25:59.536086 - BRAILLE: Initializing flash: Source ID: 0
10:25:59.536127 - BRAILLE: Not contracting 'Screen reader on.' because contracted braille is not enabled.
10:25:59.536275 - BRAILLE: Refresh. Pan: True target: 0
10:25:59.536312 - GSETTINGS SCHEMA HANDLE: braille/enabled not set [profile:default]
10:25:59.536325 - GSETTINGS REGISTRY: braille/enabled using default value = True
10:25:59.536367 - BRAILLE: Last text object: None (Caret: 0, Line: 0, Cell: 0)
10:25:59.536417 - BRAILLE: Current text object: None (Caret: 0, Line: 0). On same line: False
10:25:59.536435 - BRAILLE: Line 0: 'Screen reader on.' focusOffset: 0 [[0, 17]]
10:25:59.536450 - BRAILLE: Current range: (0, 32). Target cell: 0
10:25:59.536465 - BRAILLE LINE:  'Screen reader on.'
10:25:59.536476 -      VISIBLE:  'Screen reader on.', cursor=0
10:25:59.536507 - BRAILLE: Enabling braille. BrlAPI running: False
10:25:59.536518 - BRAILLE: Need to initialize first.
10:25:59.536551 - BRAILLE: Initializing. Callback: input_event_manager.InputEventManager.process_braille_event
10:25:59.536562 - BRAILLE: BrlAPI connection already in progress.
10:25:59.536589 - EVENT MANAGER: Activating <unknown>.<module>:373 > orca._activate_services:248 > event_manager.activate:85
10:25:59.543465 - INPUT EVENT MANAGER: Starting key watcher.
10:25:59.543602 - GSETTINGS SCHEMA HANDLE: keybindings/keyboard-layout not set [profile:default]
10:25:59.543620 - GSETTINGS REGISTRY: keybindings/keyboard-layout using default value = 'desktop'
10:25:59.543648 - GSETTINGS SCHEMA HANDLE: keybindings/desktop-modifier-keys not set [profile:default]
10:25:59.543663 - GSETTINGS REGISTRY: keybindings/desktop-modifier-keys using default value = ['Insert', 'KP_Insert']
10:25:59.544338 - INPUT EVENT MANAGER: Grab id for Insert: 0
10:25:59.544459 - INPUT EVENT MANAGER: Grab id for KP_Insert: 0
10:25:59.544478 - EVENT MANAGER: Activated
10:25:59.544492 - SCRIPT MANAGER: Activating <unknown>.<module>:373 > orca._activate_services:249 > script_manager.activate:56
10:25:59.544950 - EVENT MANAGER: Registering listeners for: default (module=orca.scripts.default)
10:25:59.544987 - EVENT MANAGER: registering listener for: document:attributes-changed
10:25:59.545412 - EVENT MANAGER: registering listener for: document:load-complete
10:25:59.545603 - EVENT MANAGER: registering listener for: document:load-stopped
10:25:59.545810 - EVENT MANAGER: registering listener for: document:page-changed
10:25:59.545999 - EVENT MANAGER: registering listener for: document:reload
10:25:59.546186 - EVENT MANAGER: registering listener for: mouse:button
10:25:59.546367 - EVENT MANAGER: registering listener for: object:active-descendant-changed
10:25:59.546497 - EVENT MANAGER: registering listener for: object:announcement
10:25:59.546625 - EVENT MANAGER: registering listener for: object:attributes-changed
10:25:59.546753 - EVENT MANAGER: registering listener for: object:children-changed:add
10:25:59.546922 - EVENT MANAGER: registering listener for: object:children-changed:remove
10:25:59.547097 - EVENT MANAGER: registering listener for: object:column-reordered
10:25:59.547228 - EVENT MANAGER: registering listener for: object:property-change:accessible-description
10:25:59.547389 - EVENT MANAGER: registering listener for: object:property-change:accessible-name
10:25:59.547556 - EVENT MANAGER: registering listener for: object:property-change:accessible-value
10:25:59.547713 - EVENT MANAGER: registering listener for: object:row-reordered
10:25:59.547837 - EVENT MANAGER: registering listener for: object:selection-changed
10:25:59.547962 - EVENT MANAGER: registering listener for: object:state-changed:active
10:25:59.548131 - EVENT MANAGER: registering listener for: object:state-changed:busy
10:25:59.548299 - EVENT MANAGER: registering listener for: object:state-changed:checked
10:25:59.548469 - EVENT MANAGER: registering listener for: object:state-changed:expanded
10:25:59.548630 - EVENT MANAGER: registering listener for: object:state-changed:focused
10:25:59.548791 - EVENT MANAGER: registering listener for: object:state-changed:indeterminate
10:25:59.548954 - EVENT MANAGER: registering listener for: object:state-changed:invalid-entry
10:25:59.549122 - EVENT MANAGER: registering listener for: object:state-changed:pressed
10:25:59.549280 - EVENT MANAGER: registering listener for: object:state-changed:selected
10:25:59.549441 - EVENT MANAGER: registering listener for: object:state-changed:sensitive
10:25:59.549599 - EVENT MANAGER: registering listener for: object:state-changed:showing
10:25:59.549761 - EVENT MANAGER: registering listener for: object:text-attributes-changed
10:25:59.549886 - EVENT MANAGER: registering listener for: object:text-caret-moved
10:25:59.550017 - EVENT MANAGER: registering listener for: object:text-changed:delete
10:25:59.550179 - EVENT MANAGER: registering listener for: object:text-changed:insert
10:25:59.550340 - EVENT MANAGER: registering listener for: object:text-selection-changed
10:25:59.550466 - EVENT MANAGER: registering listener for: object:value-changed
10:25:59.550590 - EVENT MANAGER: registering listener for: window:activate
10:25:59.550765 - EVENT MANAGER: registering listener for: window:create
10:25:59.550892 - EVENT MANAGER: registering listener for: window:deactivate
10:25:59.551027 - EVENT MANAGER: registering listener for: window:destroy
10:25:59.551213 - SCRIPT MANAGER: Setting active script to default (module=orca.scripts.default) reason: activate
10:25:59.551248 - DEFAULT: Activating script for None
10:25:59.551618 - SPEECH MANAGER: Speech server is <orca.speechdispatcherfactory.SpeechServer object at 0x784b644a96a0>
10:25:59.551684 - GSETTINGS SCHEMA HANDLE: speech/punctuation-level not set [profile:default]
10:25:59.551699 - GSETTINGS REGISTRY: speech/punctuation-level using default value = 'most'
10:25:59.551901 - SPEECH MANAGER: Speech server is <orca.speechdispatcherfactory.SpeechServer object at 0x784b644a96a0>
10:25:59.551945 - GSETTINGS SCHEMA HANDLE: speech/capitalization-style not set [profile:default]
10:25:59.551959 - GSETTINGS REGISTRY: speech/capitalization-style using default value = 'none'
10:25:59.552150 - SPEECH MANAGER: Speech server is <orca.speechdispatcherfactory.SpeechServer object at 0x784b644a96a0>
10:25:59.552238 - GSETTINGS SCHEMA HANDLE: speech/synthesizer not set [profile:default]
10:25:59.552283 - SCRIPT MANAGER: Active script is: default (module=orca.scripts.default)
10:25:59.552300 - CARET NAVIGATOR: Commands suspended: False: script activation, no prior state
10:25:59.552334 - GSETTINGS SCHEMA HANDLE: keybindings/keyboard-layout not set [profile:default]
10:25:59.552351 - GSETTINGS REGISTRY: keybindings/keyboard-layout using default value = 'desktop'
10:25:59.552377 - GSETTINGS SCHEMA HANDLE: keybindings/desktop-modifier-keys not set [profile:default]
10:25:59.552393 - GSETTINGS REGISTRY: keybindings/desktop-modifier-keys using default value = ['Insert', 'KP_Insert']
10:25:59.552461 - SCRIPT MANAGER: Active script is: default (module=orca.scripts.default)
10:25:59.552476 - STRUCTURAL NAVIGATOR: Suspended: False: script activation, no prior state
10:25:59.552505 - GSETTINGS SCHEMA HANDLE: keybindings/keyboard-layout not set [profile:default]
10:25:59.552517 - GSETTINGS REGISTRY: keybindings/keyboard-layout using default value = 'desktop'
10:25:59.552540 - GSETTINGS SCHEMA HANDLE: keybindings/desktop-modifier-keys not set [profile:default]
10:25:59.552553 - GSETTINGS REGISTRY: keybindings/desktop-modifier-keys using default value = ['Insert', 'KP_Insert']
10:25:59.552626 - STRUCTURAL NAVIGATOR: Setting mode for default (module=orca.scripts.default) to NavigationMode.OFF
10:25:59.552657 - SCRIPT MANAGER: Active script is: default (module=orca.scripts.default)
10:25:59.552686 - GSETTINGS SCHEMA HANDLE: keybindings/keyboard-layout not set [profile:default]
10:25:59.552699 - GSETTINGS REGISTRY: keybindings/keyboard-layout using default value = 'desktop'
10:25:59.552722 - GSETTINGS SCHEMA HANDLE: keybindings/desktop-modifier-keys not set [profile:default]
10:25:59.552734 - GSETTINGS REGISTRY: keybindings/desktop-modifier-keys using default value = ['Insert', 'KP_Insert']
10:25:59.552806 - CARET NAVIGATOR: Setting enabled state for default (module=orca.scripts.default) to False
10:25:59.552836 - SCRIPT MANAGER: Active script is: default (module=orca.scripts.default)
10:25:59.552865 - GSETTINGS SCHEMA HANDLE: keybindings/keyboard-layout not set [profile:default]
10:25:59.552877 - GSETTINGS REGISTRY: keybindings/keyboard-layout using default value = 'desktop'
10:25:59.552900 - GSETTINGS SCHEMA HANDLE: keybindings/desktop-modifier-keys not set [profile:default]
10:25:59.552912 - GSETTINGS REGISTRY: keybindings/desktop-modifier-keys using default value = ['Insert', 'KP_Insert']
10:25:59.552937 - COMMAND MANAGER: Activating commands: activated default (module=orca.scripts.default)
10:25:59.553073 - GSETTINGS SCHEMA HANDLE: keybindings/entries no dict values set
10:25:59.553092 - GSETTINGS REGISTRY: keybindings/entries using default value = {}
10:25:59.553103 - COMMAND MANAGER: No user overrides to apply
10:25:59.553195 - GSETTINGS SCHEMA HANDLE: keybindings/keyboard-layout not set [profile:default]
10:25:59.553213 - GSETTINGS REGISTRY: keybindings/keyboard-layout using default value = 'desktop'
10:25:59.553236 - GSETTINGS SCHEMA HANDLE: keybindings/desktop-modifier-keys not set [profile:default]
10:25:59.553248 - GSETTINGS REGISTRY: keybindings/desktop-modifier-keys using default value = ['Insert', 'KP_Insert']

vvvvv COMMAND MANAGER: Grab diff: activated default (module=orca.scripts.default) (old: 77, new: 77) vvvvv
10:25:59.559612 -   Added (46):
10:25:59.559667 -     Orca+KP_Divide: routePointerToItemHandler
10:25:59.559688 -     Orca+space: preferencesSettingsHandler
10:25:59.559705 -     Orca+Control+space: appPreferencesSettingsHandler
10:25:59.559718 -     Orca+s: toggleSilenceSpeechHandler
10:25:59.559732 -     Orca+v: toggleSpeechVerbosityHandler
10:25:59.559744 -     Orca+F11: toggleTableCellReadModeHandler
10:25:59.559756 -     Orca+Shift+d: toggle_speech_monitor
10:25:59.559769 -     Orca+t: presentTimeHandler
10:25:59.559782 -     Orca+t x2: presentDateHandler
10:25:59.559795 -     Orca+Control+Up: object_navigator_up
10:25:59.559807 -     Orca+Control+Down: object_navigator_down
10:25:59.559827 -     Orca+Control+Right: object_navigator_next
10:25:59.559840 -     Orca+Control+Left: object_navigator_previous
10:25:59.559852 -     Orca+Control+Return: object_navigator_perform_action
10:25:59.559864 -     Orca+Control+s: object_navigator_toggle_simplify
10:25:59.559877 -     Orca+F12: toggle_enabled
10:25:59.559890 -     Orca+z: structural_navigator_mode_cycle
10:25:59.559902 -     Orca+Shift+t: table_navigator_toggle_enabled
10:25:59.559915 -     Orca+Alt+Shift+Left: table_cell_beginning_of_row
10:25:59.559928 -     Orca+Alt+Shift+Right: table_cell_end_of_row
10:25:59.559940 -     Orca+Alt+Shift+Up: table_cell_top_of_column
10:25:59.559953 -     Orca+Alt+Shift+Down: table_cell_bottom_of_column
10:25:59.559965 -     Orca+Shift+r: set_dynamic_column_headers_row
10:25:59.559983 -     Orca+Shift+r x2: clear_dynamic_column_headers_row
10:25:59.559999 -     Orca+Shift+c: set_dynamic_row_headers_column
10:25:59.560058 -     Orca+Shift+c x2: clear_dynamic_row_headers_column
10:25:59.560078 -     Orca+a: toggle_presentation_mode
10:25:59.560086 -     Orca+a x2: enable_sticky_focus_mode
10:25:59.560092 -     Orca+a x3: enable_sticky_browse_mode
10:25:59.560097 -     Orca+backslash: toggle_live_region_support
10:25:59.560103 -     Orca+h: enterLearnModeHandler
10:25:59.560109 -     Orca+Shift+a: show_actions_list
10:25:59.560115 -     Orca+KP_Home: reviewHomeHandler
10:25:59.560119 -     Orca+KP_Page_Up: reviewEndHandler
10:25:59.560125 -     Orca+KP_End: reviewEndOfLineHandler
10:25:59.560130 -     Orca+KP_Begin: reviewCurrentAccessibleHandler
10:25:59.560135 -     Orca+KP_Left: reviewAboveHandler
10:25:59.560140 -     Orca+KP_Right: reviewBelowHandler
10:25:59.560145 -     Orca+KP_Delete: findNextHandler
10:25:59.560150 -     Orca+Shift+KP_Delete: findPreviousHandler
10:25:59.560156 -     Orca+f: readCharAttributesHandler
10:25:59.560160 -     Orca+KP_Enter: getTitleHandler
10:25:59.560164 -     Orca+KP_Enter x2: getStatusBarHandler
10:25:59.560168 -     Orca+e: present_default_button
10:25:59.560172 -     Orca+equal: present_cell_formula
10:25:59.560176 -     Orca+Shift+Up: whereAmISelectionHandler
^^^^^ COMMAND MANAGER: Diff completed in 0.0069s. Removed 0, added 46, transferred 0 ^^^^^

10:25:59.560242 - GSETTINGS SCHEMA HANDLE: speech/enable not set [profile:default]
10:25:59.560249 - GSETTINGS REGISTRY: speech/enable using default value = True
10:25:59.560254 - SPEECH MANAGER: Speech is enabled.
10:25:59.560291 - SPEECH MANAGER: start_speech. Script: None Event: None notify_user: False
10:25:59.560297 - SPEECH MANAGER: Initializing server
10:25:59.560300 - SPEECH MANAGER: Already initialized
10:25:59.560317 - GSETTINGS SCHEMA HANDLE: keybindings/keyboard-layout not set [profile:default]
10:25:59.560322 - GSETTINGS REGISTRY: keybindings/keyboard-layout using default value = 'desktop'
10:25:59.560328 - COMMAND MANAGER: Setting keyboard layout is_desktop to True.
10:25:59.560393 - GSETTINGS SCHEMA HANDLE: keybindings/entries no dict values set
10:25:59.560399 - GSETTINGS REGISTRY: keybindings/entries using default value = {}
10:25:59.560403 - COMMAND MANAGER: No user overrides to apply
10:25:59.560455 - GSETTINGS SCHEMA HANDLE: keybindings/keyboard-layout not set [profile:default]
10:25:59.560465 - GSETTINGS REGISTRY: keybindings/keyboard-layout using default value = 'desktop'
10:25:59.560474 - GSETTINGS SCHEMA HANDLE: keybindings/desktop-modifier-keys not set [profile:default]
10:25:59.560478 - GSETTINGS REGISTRY: keybindings/desktop-modifier-keys using default value = ['Insert', 'KP_Insert']

vvvvv COMMAND MANAGER: Grab diff: keyboard layout change (old: 77, new: 77) vvvvv
10:25:59.561925 -   No grab changes
^^^^^ COMMAND MANAGER: Diff completed in 0.0015s. Removed 0, added 0, transferred 0 ^^^^^

10:25:59.561953 - COMMAND MANAGER: Keyboard layout set to desktop.
10:25:59.561985 - GSETTINGS SCHEMA HANDLE: keybindings/keyboard-layout not set [profile:default]
10:25:59.561991 - GSETTINGS REGISTRY: keybindings/keyboard-layout using default value = 'desktop'
10:25:59.562006 - GSETTINGS SCHEMA HANDLE: keybindings/desktop-modifier-keys not set [profile:default]
10:25:59.562012 - GSETTINGS REGISTRY: keybindings/desktop-modifier-keys using default value = ['Insert', 'KP_Insert']
10:25:59.562019 - SCRIPT MANAGER: Activated
10:25:59.562281 - AXUtilities: Unable to find active window from []
10:25:59.562319 - CLIPBOARD PRESENTER: Activating
10:25:59.564189 - CLIPBOARD PRESENTER: Could not access klipper interface: The name org.kde.klipper was not provided by any .service files
10:25:59.564831 - CLIPBOARD PRESENTER: Could not access GPaste interface: The name org.gnome.GPaste was not provided by any .service files
10:25:59.565192 - CLIPBOARD PRESENTER: Using Gtk.Clipboard as fallback.
10:25:59.565220 - CLIPBOARD PRESENTER: Activated
10:25:59.565254 - ORCA: Starting Atspi main event loop
10:25:59.565494 - WARNING: Braille initialization failed: BrlAPI connection unavailable.
10:25:59.565533 - BRAILLE: Scheduling BrlAPI retry in 2000 ms.

10:25:59.566388 - EVENT MANAGER: object:children-changed:add for [desktop frame: 'main' (0x784b6453ab40)]  in  (0, 0, [application: 'orca' (0x784b645562c0)])
10:25:59.566454 - FOCUS MANAGER: Locus of focus is None
10:25:59.566955 - SCRIPT MANAGER: Active script is: default (module=orca.scripts.default)
10:25:59.567078 - EVENT MANAGER: Queueing object:children-changed:add for [desktop frame: 'main' (0x784b643d75c0)]  in  (0, 0, [application: 'orca' (0x784b643d7640)])
10:25:59.567115 - EVENT MANAGER: App for event source is None
10:25:59.567138 - SCRIPT MANAGER: Getting script for None [desktop frame: 'main' (0x784b643d7680)] 
10:25:59.567403 - SCRIPT MANAGER: Script is app script default (module=orca.scripts.default)
10:25:59.567545 - EVENT MANAGER: object:children-changed:add for [desktop frame: 'main' (0x784b643d7680)]  in  (0, 0, [application: 'orca' (0x784b64725480)]) has priority level: 6
10:25:59.567609 - EVENT MANAGER: Queued object:children-changed:add for [desktop frame: 'main' (0x784b6455ca80)]  in  (0, 0, [application: 'orca' (0x784b64724a80)]) priority: 6, counter: 0
10:25:59.567681 - EVENT MANAGER: Dequeueing object:children-changed:add for [desktop frame: 'main' (0x784b64579000)]  in  (0, 0, [application: 'orca' (0x784b64579000)])
10:25:59.567719 - EVENT MANAGER: Dequeued object:children-changed:add for [desktop frame: 'main' (0x784b643d76c0)]  in  (0, 0, [application: 'orca' (0x784b643d48c0)]) priority: 6, counter: 0

vvvvv START PRIORITY-6 OBJECT EVENT OBJECT:CHILDREN-CHANGED:ADD (queue size: 0) vvvvv
10:25:59.569346 - EVENT SOURCE:
                  app='' name='main' role='desktop frame' axid='None' id=0x784b643d7740
                  description=''
                  help=''
                  locale=''
                  states=''
                  relations=''
                  actions=''
                  interfaces='Component'
                  attributes=''
                  text=''
                  path=[-1]
                  
                  EVENT ANY DATA:
                  name='orca' role='application' axid='' id=0x784b64517ec0
                  description=''
                  help=''
                  locale='C.UTF-8'
                  states=''
                  relations=''
                  actions=''
                  interfaces='Collection'
                  attributes=''
                  text=''
                  path=[-1]
                  
10:25:59.569403 - SCRIPT MANAGER: Active script is: default (module=orca.scripts.default)
10:25:59.569449 - FOCUS MANAGER: Locus of focus is None
10:25:59.569523 - EVENT MANAGER: Getting script for event for None [desktop frame: 'main' (0x784b643d7fc0)] 
10:25:59.569572 - SCRIPT MANAGER: Getting script for None [desktop frame: 'main' (0x784b643d7fc0)] 
10:25:59.569703 - SCRIPT MANAGER: Script is app script default (module=orca.scripts.default)
10:25:59.569740 - EVENT MANAGER: Script for event is default (module=orca.scripts.default)
10:25:59.569759 - EVENT MANAGER: Processing object:children-changed:add: script for event is active
10:25:59.569789 - AXUtilitiesRelation: Clearing local cache. Reason: children-changed event.
10:25:59.569813 - AXObject: Clearing local cache. Reason: children-changed event.
10:25:59.569828 - AXUtilitiesRelation: Clearing local cache. Reason: children-changed event.
10:25:59.569842 - AXUtilitiesEvent: Clearing local cache. Reason: children-changed event.
10:25:59.569860 - AXUtilitiesSelection: Clearing cache. Reason: children-changed event.
TOTAL PROCESSING TIME: 0.0022
^^^^^ FINISHED PRIORITY-6 OBJECT EVENT OBJECT:CHILDREN-CHANGED:ADD ^^^^^


10:25:59.792293 - EVENT MANAGER: object:children-changed:add for [desktop frame: 'main' (0x784b644d3000)]  in  (1, 0, [application: 'xdg-desktop-portal-gtk' (0x784b6471b000)])
10:25:59.792405 - FOCUS MANAGER: Locus of focus is None
10:25:59.792689 - SCRIPT MANAGER: Active script is: default (module=orca.scripts.default)
10:25:59.792797 - EVENT MANAGER: Queueing object:children-changed:add for [desktop frame: 'main' (0x784b643e82c0)]  in  (1, 0, [application: 'xdg-desktop-portal-gtk' (0x784b643e82c0)])
10:25:59.792847 - EVENT MANAGER: App for event source is None
10:25:59.792900 - SCRIPT MANAGER: Getting script for None [desktop frame: 'main' (0x784b7c23b000)] 
10:25:59.793223 - SCRIPT MANAGER: Script is app script default (module=orca.scripts.default)
10:25:59.793395 - EVENT MANAGER: object:children-changed:add for [desktop frame: 'main' (0x784b643e8380)]  in  (1, 0, [application: 'xdg-desktop-portal-gtk' (0x784b643e8280)]) has priority level: 6
10:25:59.793506 - EVENT MANAGER: Queued object:children-changed:add for [desktop frame: 'main' (0x784b643e82c0)]  in  (1, 0, [application: 'xdg-desktop-portal-gtk' (0x784b643e82c0)]) priority: 6, counter: 1
10:25:59.793752 - EVENT MANAGER: Dequeueing object:children-changed:add for [desktop frame: 'main' (0x784b643e8340)]  in  (1, 0, [application: 'xdg-desktop-portal-gtk' (0x784b643e8440)])
10:25:59.793847 - EVENT MANAGER: Dequeued object:children-changed:add for [desktop frame: 'main' (0x784b643e8400)]  in  (1, 0, [application: 'xdg-desktop-portal-gtk' (0x784b643e8440)]) priority: 6, counter: 1

vvvvv START PRIORITY-6 OBJECT EVENT OBJECT:CHILDREN-CHANGED:ADD (queue size: 0) vvvvv
10:25:59.795181 - EVENT SOURCE:
                  app='' name='main' role='desktop frame' axid='None' id=0x784b643e8040
                  description=''
                  help=''
                  locale=''
                  states=''
                  relations=''
                  actions=''
                  interfaces='Component'
                  attributes=''
                  text=''
                  path=[-1]
                  
                  EVENT ANY DATA:
                  name='xdg-desktop-portal-gtk' role='application' axid='' id=0x784b643e8040
                  description=''
                  help=''
                  locale='C.UTF-8'
                  states=''
                  relations=''
                  actions=''
                  interfaces='Collection'
                  attributes=''
                  text=''
                  path=[-1]
                  
10:25:59.795254 - SCRIPT MANAGER: Active script is: default (module=orca.scripts.default)
10:25:59.795311 - FOCUS MANAGER: Locus of focus is None
10:25:59.795389 - EVENT MANAGER: Getting script for event for None [desktop frame: 'main' (0x784b644b8340)] 
10:25:59.795442 - SCRIPT MANAGER: Getting script for None [desktop frame: 'main' (0x784b644b8340)] 
10:25:59.795595 - SCRIPT MANAGER: Script is app script default (module=orca.scripts.default)
10:25:59.795634 - EVENT MANAGER: Script for event is default (module=orca.scripts.default)
10:25:59.795655 - EVENT MANAGER: Processing object:children-changed:add: script for event is active
10:25:59.795685 - AXUtilitiesRelation: Clearing local cache. Reason: children-changed event.
10:25:59.795703 - AXObject: Clearing local cache. Reason: children-changed event.
10:25:59.795720 - AXUtilitiesRelation: Clearing local cache. Reason: children-changed event.
10:25:59.795735 - AXUtilitiesEvent: Clearing local cache. Reason: children-changed event.
10:25:59.795753 - AXUtilitiesSelection: Clearing cache. Reason: children-changed event.
TOTAL PROCESSING TIME: 0.0019
^^^^^ FINISHED PRIORITY-6 OBJECT EVENT OBJECT:CHILDREN-CHANGED:ADD ^^^^^


10:25:59.865485 - EVENT MANAGER: object:children-changed:add for [desktop frame: 'main' (0x784b643e87c0)]  in  (2, 0, [application: 'org.gnome.Terminal' (0x784b643e8700)])
10:25:59.865562 - FOCUS MANAGER: Locus of focus is None
10:25:59.865733 - EVENT_MANAGER: Ignoring object:children-changed:add due to multiple instances in short time

10:26:00.059884 - EVENT MANAGER: object:property-change:accessible-name for [button: 'New Tab' (0x784b643e8700)]  in org.gnome.Terminal (gtk 3.24.52) (0, 0, New Tab)
10:26:00.059959 - FOCUS MANAGER: Locus of focus is None
10:26:00.060147 - EVENT MANAGER: Queueing object:property-change:accessible-name for [button: 'New Tab' (0x784b643e87c0)]  in org.gnome.Terminal (gtk 3.24.52) (0, 0, New Tab)
10:26:00.060169 - EVENT MANAGER: App for event source is [application: 'org.gnome.Terminal' (0x784b644b87c0)] 
10:26:00.060189 - SCRIPT MANAGER: Getting script for [application: 'org.gnome.Terminal' (0x784b644b87c0)]  [button: 'New Tab' (0x784b6456b5c0)] 
10:26:00.060245 - SCRIPT MANAGER: Creating toolkit script for [application: 'org.gnome.Terminal' (0x784b644b87c0)]  [button: 'New Tab' (0x784b6456b5c0)]  gtk
10:26:00.060281 - SCRIPT MANAGER: Mapped [application: 'org.gnome.Terminal' (0x784b644b87c0)]  to Terminal
10:26:00.060756 - SCRIPT MANAGER: Found orca.scripts.toolkits.gtk
10:26:00.061136 - DEFAULT: Setting up commands for [application: 'org.gnome.Terminal' (0x784b644b87c0)] 
10:26:00.061160 - DEFAULT: Commands already initialized.
10:26:00.061170 - SCRIPT: org.gnome.Terminal (module=orca.scripts.toolkits.gtk.script) initialized
10:26:00.061195 - SCRIPT MANAGER: Creating app script for [application: 'org.gnome.Terminal' (0x784b644b87c0)] 
10:26:00.061230 - SCRIPT MANAGER: Mapped [application: 'org.gnome.Terminal' (0x784b644b87c0)]  to Terminal
10:26:00.061350 - SCRIPT MANAGER: Found orca.scripts.toolkits.gtk
10:26:00.061575 - DEFAULT: Setting up commands for [application: 'org.gnome.Terminal' (0x784b644b87c0)] 
10:26:00.061584 - DEFAULT: Commands already initialized.
10:26:00.061588 - SCRIPT: org.gnome.Terminal (module=orca.scripts.toolkits.gtk.script) initialized
10:26:00.061621 - SCRIPT MANAGER: Script is app script org.gnome.Terminal (module=orca.scripts.toolkits.gtk.script)
10:26:00.061683 - EVENT MANAGER: object:property-change:accessible-name for [button: 'New Tab' (0x784b644c3c80)]  in org.gnome.Terminal (gtk 3.24.52) (0, 0, New Tab) has priority level: 4
10:26:00.061731 - EVENT MANAGER: Queued object:property-change:accessible-name for [button: 'New Tab' (0x784b644c3c80)]  in org.gnome.Terminal (gtk 3.24.52) (0, 0, New Tab) priority: 4, counter: 2
10:26:00.065102 - EVENT MANAGER: Dequeueing object:property-change:accessible-name for [button: 'New Tab' (0x784b644c3c80)]  in org.gnome.Terminal (gtk 3.24.52) (0, 0, New Tab)
10:26:00.065162 - EVENT MANAGER: Dequeued object:property-change:accessible-name for [button: 'New Tab' (0x784b643f3c00)]  in org.gnome.Terminal (gtk 3.24.52) (0, 0, New Tab) priority: 4, counter: 2

vvvvv START PRIORITY-4 OBJECT EVENT OBJECT:PROPERTY-CHANGE:ACCESSIBLE-NAME (queue size: 0) vvvvv

10:26:00.065407 - EVENT MANAGER: object:property-change:accessible-name for [toggle button: 'Profiles' (0x784b643f3ec0)]  in org.gnome.Terminal (gtk 3.24.52) (0, 0, Profiles)
10:26:00.065430 - FOCUS MANAGER: Locus of focus is None
10:26:00.065844 - EVENT_MANAGER: Ignoring object:property-change:accessible-name due to multiple instances in short time

10:26:00.065951 - EVENT MANAGER: object:property-change:accessible-name for [button: 'Find' (0x784b643f4180)]  in org.gnome.Terminal (gtk 3.24.52) (0, 0, Find)
10:26:00.065969 - FOCUS MANAGER: Locus of focus is None
10:26:00.066046 - EVENT_MANAGER: Ignoring object:property-change:accessible-name due to multiple instances in short time

10:26:00.066188 - EVENT MANAGER: object:state-changed:sensitive for [toggle button: 'Profiles' (0x784b643f4480)]  in org.gnome.Terminal (gtk 3.24.52) (1, 0, 0)
10:26:00.066208 - FOCUS MANAGER: Locus of focus is None
10:26:00.066293 - EVENT MANAGER: Ignoring object:state-changed:sensitive due to role of unfocused source

10:26:00.066441 - EVENT MANAGER: object:children-changed:add for [frame: 'Terminal' (0x784b643f4680)]  in org.gnome.Terminal (gtk 3.24.52) (-1, 0, [panel (0x784b643f4540)])
10:26:00.066458 - FOCUS MANAGER: Locus of focus is None
10:26:00.066477 - EVENT MANAGER: Not ignoring object:children-changed:add based on role
10:26:00.066508 - EVENT MANAGER: Queueing object:children-changed:add for [frame: 'Terminal' (0x784b643f4600)]  in org.gnome.Terminal (gtk 3.24.52) (-1, 0, [panel (0x784b643f4780)])
10:26:00.066523 - EVENT MANAGER: App for event source is [application: 'org.gnome.Terminal' (0x784b644b87c0)] 
10:26:00.066540 - SCRIPT MANAGER: Getting script for [application: 'org.gnome.Terminal' (0x784b644b87c0)]  [frame: 'Terminal' (0x784b643d4340)] 
10:26:00.066596 - SCRIPT MANAGER: Script is app script org.gnome.Terminal (module=orca.scripts.toolkits.gtk.script)
10:26:00.066633 - EVENT MANAGER: object:children-changed:add for [frame: 'Terminal' (0x784b643d48c0)]  in org.gnome.Terminal (gtk 3.24.52) (-1, 0, [panel (0x784b643f48c0)]) has priority level: 6
10:26:00.066670 - EVENT MANAGER: Queued object:children-changed:add for [frame: 'Terminal' (0x784b643f48c0)]  in org.gnome.Terminal (gtk 3.24.52) (-1, 0, [panel (0x784b643f4940)]) priority: 6, counter: 3

10:26:00.066770 - EVENT MANAGER: object:state-changed:sensitive for [button: 'Find' (0x784b643f4a00)]  in org.gnome.Terminal (gtk 3.24.52) (1, 0, 0)
10:26:00.066786 - FOCUS MANAGER: Locus of focus is None
10:26:00.066847 - EVENT_MANAGER: Ignoring object:state-changed:sensitive due to multiple instances in short time

10:26:00.066889 - EVENT MANAGER: object:state-changed:sensitive for [button: 'New Tab' (0x784b643f3c80)]  in org.gnome.Terminal (gtk 3.24.52) (1, 0, 0)
10:26:00.066904 - FOCUS MANAGER: Locus of focus is None
10:26:00.066942 - EVENT_MANAGER: Ignoring object:state-changed:sensitive due to multiple instances in short time

10:26:00.067043 - EVENT MANAGER: object:state-changed:sensitive for [panel (0x784b643f4bc0)]  in org.gnome.Terminal (gtk 3.24.52) (1, 0, 0)
10:26:00.067061 - FOCUS MANAGER: Locus of focus is None
10:26:00.067123 - EVENT_MANAGER: Ignoring object:state-changed:sensitive due to multiple instances in short time

10:26:00.067196 - EVENT MANAGER: object:state-changed:sensitive for [toggle button: 'Menu' (0x784b643f4bc0)]  in org.gnome.Terminal (gtk 3.24.52) (1, 0, 0)
10:26:00.067211 - FOCUS MANAGER: Locus of focus is None
10:26:00.067271 - EVENT_MANAGER: Ignoring object:state-changed:sensitive due to multiple instances in short time

10:26:00.068203 - EVENT MANAGER: object:state-changed:sensitive for [check box: 'Read-Only' (0x784b643f4bc0)]  in org.gnome.Terminal (gtk 3.24.52) (1, 0, 0)
10:26:00.068225 - FOCUS MANAGER: Locus of focus is None
10:26:00.068290 - EVENT_MANAGER: Ignoring object:state-changed:sensitive due to multiple instances in short time

10:26:00.068577 - EVENT MANAGER: object:state-changed:checked for [check menu item: 'Show Menubar' (0x784b6455cbc0)]  in org.gnome.Terminal (gtk 3.24.52) (1, 0, 0)
10:26:00.068595 - FOCUS MANAGER: Locus of focus is None
10:26:00.068684 - EVENT MANAGER: Ignoring object:state-changed:checked due to unfocused, non-showing source

10:26:00.068916 - EVENT MANAGER: object:state-changed:sensitive for [check menu item: 'Read-Only' (0x784b643f4a00)]  in org.gnome.Terminal (gtk 3.24.52) (1, 0, 0)
10:26:00.068933 - FOCUS MANAGER: Locus of focus is None
10:26:00.069004 - EVENT_MANAGER: Ignoring object:state-changed:sensitive due to multiple instances in short time

10:26:00.069356 - EVENT MANAGER: object:state-changed:sensitive for [check menu item: 'Full Screen' (0x784b643f5580)]  in org.gnome.Terminal (gtk 3.24.52) (1, 0, 0)
10:26:00.069374 - FOCUS MANAGER: Locus of focus is None
10:26:00.069505 - EVENT_MANAGER: Ignoring object:state-changed:sensitive due to multiple instances in short time

10:26:00.070359 - EVENT MANAGER: object:state-changed:checked for [check menu item: 'Show Menubar' (0x784b643f5a00)]  in org.gnome.Terminal (gtk 3.24.52) (0, 0, 0)
10:26:00.070444 - FOCUS MANAGER: Locus of focus is None
10:26:00.070668 - EVENT_MANAGER: Ignoring object:state-changed:checked due to multiple instances in short time

10:26:00.070847 - EVENT MANAGER: object:property-change:accessible-name for [frame: 'Terminal' (0x784b643f5cc0)]  in org.gnome.Terminal (gtk 3.24.52) (0, 0, Terminal)
10:26:00.070886 - FOCUS MANAGER: Locus of focus is None
10:26:00.070946 - EVENT MANAGER: Not ignoring object:property-change:accessible-name based on role
10:26:00.071046 - EVENT MANAGER: Queueing object:property-change:accessible-name for [frame: 'Terminal' (0x784b643f5f40)]  in org.gnome.Terminal (gtk 3.24.52) (0, 0, Terminal)
10:26:00.071094 - EVENT MANAGER: App for event source is [application: 'org.gnome.Terminal' (0x784b644b87c0)] 
10:26:00.071144 - SCRIPT MANAGER: Getting script for [application: 'org.gnome.Terminal' (0x784b644b87c0)]  [frame: 'Terminal' (0x784b643f6040)] 
10:26:00.071205 - SCRIPT MANAGER: Script is app script org.gnome.Terminal (module=orca.scripts.toolkits.gtk.script)
10:26:00.071305 - EVENT MANAGER: object:property-change:accessible-name for [frame: 'Terminal' (0x784b643f5fc0)]  in org.gnome.Terminal (gtk 3.24.52) (0, 0, Terminal) has priority level: 4
10:26:00.071401 - EVENT MANAGER: Queued object:property-change:accessible-name for [frame: 'Terminal' (0x784b643f6100)]  in org.gnome.Terminal (gtk 3.24.52) (0, 0, Terminal) priority: 4, counter: 4

10:26:00.071546 - EVENT MANAGER: object:state-changed:showing for [button: 'New Tab' (0x784b643f3c80)]  in org.gnome.Terminal (gtk 3.24.52) (1, 0, 0)
10:26:00.071581 - FOCUS MANAGER: Locus of focus is None
10:26:00.071738 - EVENT MANAGER: Ignoring object:state-changed:showing due to role

10:26:00.071841 - EVENT MANAGER: object:state-changed:showing for [toggle button: 'Menu' (0x784b643f6400)]  in org.gnome.Terminal (gtk 3.24.52) (1, 0, 0)
10:26:00.071875 - FOCUS MANAGER: Locus of focus is None
10:26:00.072017 - EVENT_MANAGER: Ignoring object:state-changed:showing due to multiple instances in short time

10:26:00.072354 - EVENT MANAGER: object:state-changed:showing for [button: 'Find' (0x784b643f6580)]  in org.gnome.Terminal (gtk 3.24.52) (1, 0, 0)
10:26:00.072404 - FOCUS MANAGER: Locus of focus is None
10:26:00.072608 - EVENT_MANAGER: Ignoring object:state-changed:showing due to multiple instances in short time

10:26:00.072982 - EVENT MANAGER: object:state-changed:showing for [button: 'Minimize' (0x784b643f6700)]  in org.gnome.Terminal (gtk 3.24.52) (1, 0, 0)
10:26:00.073029 - FOCUS MANAGER: Locus of focus is None
10:26:00.073229 - EVENT_MANAGER: Ignoring object:state-changed:showing due to multiple instances in short time

10:26:00.073596 - EVENT MANAGER: object:state-changed:showing for [button: 'Maximize' (0x784b643f6b00)]  in org.gnome.Terminal (gtk 3.24.52) (1, 0, 0)
10:26:00.073639 - FOCUS MANAGER: Locus of focus is None
10:26:00.073829 - EVENT_MANAGER: Ignoring object:state-changed:showing due to multiple instances in short time

10:26:00.074206 - EVENT MANAGER: object:state-changed:showing for [button: 'Close' (0x784b643f6bc0)]  in org.gnome.Terminal (gtk 3.24.52) (1, 0, 0)
10:26:00.074253 - FOCUS MANAGER: Locus of focus is None
10:26:00.074448 - EVENT_MANAGER: Ignoring object:state-changed:showing due to multiple instances in short time

10:26:00.074563 - EVENT MANAGER: object:state-changed:showing for [frame: 'Terminal' (0x784b643f5680)]  in org.gnome.Terminal (gtk 3.24.52) (1, 0, 0)
10:26:00.074599 - FOCUS MANAGER: Locus of focus is None
10:26:00.074692 - EVENT MANAGER: Not ignoring object:state-changed:showing based on role
10:26:00.074825 - EVENT MANAGER: Queueing object:state-changed:showing for [frame: 'Terminal' (0x784b643f6dc0)]  in org.gnome.Terminal (gtk 3.24.52) (1, 0, 0)
10:26:00.074845 - EVENT MANAGER: App for event source is [application: 'org.gnome.Terminal' (0x784b644b87c0)] 
10:26:00.074868 - SCRIPT MANAGER: Getting script for [application: 'org.gnome.Terminal' (0x784b644b87c0)]  [frame: 'Terminal' (0x784b643f6fc0)] 
10:26:00.074903 - SCRIPT MANAGER: Script is app script org.gnome.Terminal (module=orca.scripts.toolkits.gtk.script)
10:26:00.074941 - EVENT MANAGER: object:state-changed:showing for [frame: 'Terminal' (0x784b643f7080)]  in org.gnome.Terminal (gtk 3.24.52) (1, 0, 0) has priority level: 4
10:26:00.074984 - EVENT MANAGER: Queued object:state-changed:showing for [frame: 'Terminal' (0x784b643f70c0)]  in org.gnome.Terminal (gtk 3.24.52) (1, 0, 0) priority: 4, counter: 5

10:26:00.075037 - EVENT MANAGER: object:children-changed:add for [application: 'org.gnome.Terminal' (0x784b644b87c0)]  in org.gnome.Terminal (gtk 3.24.52) (0, 0, [frame: 'Terminal' (0x784b643e87c0)])
10:26:00.075053 - FOCUS MANAGER: Locus of focus is None
10:26:00.075131 - SCRIPT MANAGER: Active script is: default (module=orca.scripts.default)
10:26:00.075142 - EVENT MANAGER: Ignoring object:children-changed:add because event is not from active app

10:26:00.075179 - EVENT MANAGER: window:create for [frame: 'Terminal' (0x784b643d72c0)]  in org.gnome.Terminal (gtk 3.24.52) (0, 0, Terminal)
10:26:00.075209 - EVENT MANAGER: Queueing window:create for [frame: 'Terminal' (0x784b643f7280)]  in org.gnome.Terminal (gtk 3.24.52) (0, 0, Terminal)
10:26:00.075223 - EVENT MANAGER: App for event source is [application: 'org.gnome.Terminal' (0x784b644b87c0)] 
10:26:00.075239 - SCRIPT MANAGER: Getting script for [application: 'org.gnome.Terminal' (0x784b644b87c0)]  [frame: 'Terminal' (0x784b644ff5c0)] 
10:26:00.075261 - SCRIPT MANAGER: Script is app script org.gnome.Terminal (module=orca.scripts.toolkits.gtk.script)
10:26:00.075297 - EVENT MANAGER: window:create for [frame: 'Terminal' (0x784b643f7500)]  in org.gnome.Terminal (gtk 3.24.52) (0, 0, Terminal) has priority level: 2
10:26:00.075330 - EVENT MANAGER: Queued window:create for [frame: 'Terminal' (0x784b643f7540)]  in org.gnome.Terminal (gtk 3.24.52) (0, 0, Terminal) priority: 2, counter: 6

10:26:00.075813 - EVENT MANAGER: object:children-changed:add for [page tab list (0x784b643f7000)]  in org.gnome.Terminal (gtk 3.24.52) (0, 0, [page tab (0x784b643f7000)])
10:26:00.075856 - FOCUS MANAGER: Locus of focus is None
10:26:00.076054 - EVENT_MANAGER: Ignoring object:children-changed:add due to multiple instances in short time

10:26:00.077387 - EVENT MANAGER: window:activate for [frame: 'Terminal' (0x784b643d7840)]  in org.gnome.Terminal (gtk 3.24.52) (0, 0, Terminal)
10:26:00.077481 - EVENT MANAGER: Queueing window:activate for [frame: 'Terminal' (0x784b643d7840)]  in org.gnome.Terminal (gtk 3.24.52) (0, 0, Terminal)
10:26:00.077530 - EVENT MANAGER: App for event source is [application: 'org.gnome.Terminal' (0x784b644b87c0)] 
10:26:00.077579 - SCRIPT MANAGER: Getting script for [application: 'org.gnome.Terminal' (0x784b644b87c0)]  [frame: 'Terminal' (0x784b643f7800)] 
10:26:00.077635 - SCRIPT MANAGER: Script is app script org.gnome.Terminal (module=orca.scripts.toolkits.gtk.script)
10:26:00.077732 - EVENT MANAGER: window:activate for [frame: 'Terminal' (0x784b643f7a40)]  in org.gnome.Terminal (gtk 3.24.52) (0, 0, Terminal) has priority level: 2
10:26:00.077825 - EVENT MANAGER: Queued window:activate for [frame: 'Terminal' (0x784b643f7a80)]  in org.gnome.Terminal (gtk 3.24.52) (0, 0, Terminal) priority: 2, counter: 7

10:26:00.078130 - EVENT MANAGER: object:state-changed:focused for [terminal: 'Terminal' (0x784b64537900)]  in org.gnome.Terminal (gtk 3.24.52) (1, 0, 0)
10:26:00.078168 - FOCUS MANAGER: Locus of focus is None
10:26:00.078320 - EVENT_MANAGER: Not ignoring object:state-changed:focused due to source being focused
10:26:00.078405 - EVENT MANAGER: Queueing object:state-changed:focused for [terminal: 'Terminal' (0x784b64517ac0)]  in org.gnome.Terminal (gtk 3.24.52) (1, 0, 0)
10:26:00.078448 - EVENT MANAGER: App for event source is [application: 'org.gnome.Terminal' (0x784b644b87c0)] 
10:26:00.078494 - SCRIPT MANAGER: Getting script for [application: 'org.gnome.Terminal' (0x784b644b87c0)]  [terminal: 'Terminal' (0x784b643f7980)] 
10:26:00.078756 - SCRIPT MANAGER: Found orca.scripts.terminal
10:26:00.079483 - DEFAULT: Setting up commands for [application: 'org.gnome.Terminal' (0x784b644b87c0)] 
10:26:00.079510 - DEFAULT: Commands already initialized.
10:26:00.079519 - SCRIPT: org.gnome.Terminal (module=orca.scripts.terminal.script) initialized
10:26:00.079684 - SCRIPT MANAGER: Script is custom script org.gnome.Terminal (module=orca.scripts.terminal.script)
10:26:00.079746 - EVENT MANAGER: object:state-changed:focused for [terminal: 'Terminal' (0x784b64401880)]  in org.gnome.Terminal (gtk 3.24.52) (1, 0, 0) has priority level: 3
10:26:00.079788 - EVENT MANAGER: Queued object:state-changed:focused for [terminal: 'Terminal' (0x784b644017c0)]  in org.gnome.Terminal (gtk 3.24.52) (1, 0, 0) priority: 3, counter: 8

10:26:00.079833 - EVENT MANAGER: object:state-changed:active for [frame: 'Terminal' (0x784b644017c0)]  in org.gnome.Terminal (gtk 3.24.52) (1, 0, 0)
10:26:00.079858 - FOCUS MANAGER: Locus of focus is None
10:26:00.079880 - EVENT MANAGER: Not ignoring object:state-changed:active based on role
10:26:00.079918 - EVENT MANAGER: Queueing object:state-changed:active for [frame: 'Terminal' (0x784b64401b80)]  in org.gnome.Terminal (gtk 3.24.52) (1, 0, 0)
10:26:00.079947 - EVENT MANAGER: App for event source is [application: 'org.gnome.Terminal' (0x784b644b87c0)] 
10:26:00.079972 - SCRIPT MANAGER: Getting script for [application: 'org.gnome.Terminal' (0x784b644b87c0)]  [frame: 'Terminal' (0x784b64401d00)] 
10:26:00.080005 - SCRIPT MANAGER: Script is app script org.gnome.Terminal (module=orca.scripts.toolkits.gtk.script)
10:26:00.080046 - EVENT MANAGER: object:state-changed:active for [frame: 'Terminal' (0x784b64401ec0)]  in org.gnome.Terminal (gtk 3.24.52) (1, 0, 0) has priority level: 2
10:26:00.080081 - EVENT MANAGER: Queued object:state-changed:active for [frame: 'Terminal' (0x784b64401e00)]  in org.gnome.Terminal (gtk 3.24.52) (1, 0, 0) priority: 2, counter: 9

10:26:00.080123 - EVENT MANAGER: object:state-changed:focused for [terminal: 'Terminal' (0x784b64401f00)]  in org.gnome.Terminal (gtk 3.24.52) (1, 0, 0)
10:26:00.080138 - FOCUS MANAGER: Locus of focus is None
10:26:00.080343 - EVENT_MANAGER: Not ignoring object:state-changed:focused due to source being focused
10:26:00.080465 - EVENT MANAGER: Queueing object:state-changed:focused for [terminal: 'Terminal' (0x784b64402100)]  in org.gnome.Terminal (gtk 3.24.52) (1, 0, 0)
10:26:00.080516 - EVENT MANAGER: App for event source is [application: 'org.gnome.Terminal' (0x784b644b87c0)] 
10:26:00.080567 - SCRIPT MANAGER: Getting script for [application: 'org.gnome.Terminal' (0x784b644b87c0)]  [terminal: 'Terminal' (0x784b644020c0)] 
10:26:00.080618 - SCRIPT MANAGER: Script is custom script org.gnome.Terminal (module=orca.scripts.terminal.script)
10:26:00.080721 - EVENT MANAGER: object:state-changed:focused for [terminal: 'Terminal' (0x784b644022c0)]  in org.gnome.Terminal (gtk 3.24.52) (1, 0, 0) has priority level: 3
10:26:00.080821 - EVENT MANAGER: Queued object:state-changed:focused for [terminal: 'Terminal' (0x784b644020c0)]  in org.gnome.Terminal (gtk 3.24.52) (1, 0, 0) priority: 3, counter: 10
10:26:00.080932 - CLIPBOARD PRESENTER: Possible change event object:text-changed:insert for [terminal: 'Terminal' (0x784b644020c0)]  in org.gnome.Terminal (gtk 3.24.52) (0, 16, \n\n\n\n\n\n\n\n\n\n\n\n\n\n\n\n)

10:26:00.081115 - EVENT MANAGER: object:text-changed:insert for [terminal: 'Terminal' (0x784b64402400)]  in org.gnome.Terminal (gtk 3.24.52) (0, 16, \n\n\n\n\n\n\n\n\n\n\n\n\n\n\n\n)
10:26:00.081155 - FOCUS MANAGER: Locus of focus is None
10:26:00.081310 - EVENT_MANAGER: Not ignoring object:text-changed:insert due to source being focused
10:26:00.081400 - EVENT MANAGER: Queueing object:text-changed:insert for [terminal: 'Terminal' (0x784b644020c0)]  in org.gnome.Terminal (gtk 3.24.52) (0, 16, \n\n\n\n\n\n\n\n\n\n\n\n\n\n\n\n)
10:26:00.081444 - EVENT MANAGER: App for event source is [application: 'org.gnome.Terminal' (0x784b644b87c0)] 
10:26:00.081493 - SCRIPT MANAGER: Getting script for [application: 'org.gnome.Terminal' (0x784b644b87c0)]  [terminal: 'Terminal' (0x784b64402500)] 
10:26:00.081552 - SCRIPT MANAGER: Script is custom script org.gnome.Terminal (module=orca.scripts.terminal.script)
10:26:00.081655 - EVENT MANAGER: object:text-changed:insert for [terminal: 'Terminal' (0x784b644ba4c0)]  in org.gnome.Terminal (gtk 3.24.52) (0, 16, \n\n\n\n\n\n\n\n\n\n\n\n\n\n\n\n) has priority level: 4
10:26:00.081803 - EVENT MANAGER: Queued object:text-changed:insert for [terminal: 'Terminal' (0x784b64401fc0)]  in org.gnome.Terminal (gtk 3.24.52) (0, 16, \n\n\n\n\n\n\n\n\n\n\n\n\n\n\n\n) priority: 4, counter: 11

10:26:00.081919 - EVENT MANAGER: object:text-caret-moved for [terminal: 'Terminal' (0x784b644ba4c0)]  in org.gnome.Terminal (gtk 3.24.52) (0, 0, 0)
10:26:00.081960 - FOCUS MANAGER: Locus of focus is None
10:26:00.082127 - EVENT_MANAGER: Not ignoring object:text-caret-moved due to source being focused
10:26:00.082224 - EVENT MANAGER: Queueing object:text-caret-moved for [terminal: 'Terminal' (0x784b64402580)]  in org.gnome.Terminal (gtk 3.24.52) (0, 0, 0)
10:26:00.082270 - EVENT MANAGER: App for event source is [application: 'org.gnome.Terminal' (0x784b644b87c0)] 
10:26:00.082317 - SCRIPT MANAGER: Getting script for [application: 'org.gnome.Terminal' (0x784b644b87c0)]  [terminal: 'Terminal' (0x784b645725c0)] 
10:26:00.082364 - SCRIPT MANAGER: Script is custom script org.gnome.Terminal (module=orca.scripts.terminal.script)
10:26:00.082461 - EVENT MANAGER: object:text-caret-moved for [terminal: 'Terminal' (0x784b64402640)]  in org.gnome.Terminal (gtk 3.24.52) (0, 0, 0) has priority level: 4
10:26:00.082555 - EVENT MANAGER: Queued object:text-caret-moved for [terminal: 'Terminal' (0x784b64401b40)]  in org.gnome.Terminal (gtk 3.24.52) (0, 0, 0) priority: 4, counter: 12

10:26:00.082919 - EVENT MANAGER: object:children-changed:add for [desktop frame: 'main' (0x784b64402640)]  in  (3, 0, [application: 'gnome-terminal' (0x784b644019c0)])
10:26:00.082969 - FOCUS MANAGER: Locus of focus is None
10:26:00.083185 - SCRIPT MANAGER: Active script is: default (module=orca.scripts.default)
10:26:00.083290 - EVENT MANAGER: Queueing object:children-changed:add for [desktop frame: 'main' (0x784b64401e00)]  in  (3, 0, [application: 'gnome-terminal' (0x784b64402700)])
10:26:00.083332 - EVENT MANAGER: App for event source is None
10:26:00.083379 - SCRIPT MANAGER: Getting script for None [desktop frame: 'main' (0x784b64389cc0)] 
10:26:00.083724 - SCRIPT MANAGER: Script is app script default (module=orca.scripts.default)
10:26:00.083884 - EVENT MANAGER: object:children-changed:add for [desktop frame: 'main' (0x784b64402800)]  in  (3, 0, [application: 'gnome-terminal' (0x784b64402580)]) has priority level: 6
10:26:00.083986 - EVENT MANAGER: Queued object:children-changed:add for [desktop frame: 'main' (0x784b64402580)]  in  (3, 0, [application: 'gnome-terminal' (0x784b64402740)]) priority: 6, counter: 13
10:26:00.086301 - EVENT SOURCE:
                  app='org.gnome.Terminal (gtk 3.24.52)' name='New Tab' role='button' axid='' id=0x784b643f3c80
                  description=''
                  help=''
                  locale='C.UTF-8'
                  states='enabled, focusable, sensitive, showing, visible'
                  relations=''
                  actions='click'
                  interfaces='Action, Collection, Component, Image'
                  attributes='toolkit:gtk'
                  text=''
                  path=[-1, 0, 1, 0, 0]
                  
10:26:00.086346 - SCRIPT MANAGER: Active script is: default (module=orca.scripts.default)
10:26:00.086369 - FOCUS MANAGER: Locus of focus is None
10:26:00.086402 - EVENT MANAGER: Getting script for event for [application: 'org.gnome.Terminal' (0x784b644b87c0)]  [button: 'New Tab' (0x784b6457bc00)] 
10:26:00.086421 - SCRIPT MANAGER: Getting script for [application: 'org.gnome.Terminal' (0x784b644b87c0)]  [button: 'New Tab' (0x784b6457bc00)] 
10:26:00.086454 - SCRIPT MANAGER: Script is app script org.gnome.Terminal (module=orca.scripts.toolkits.gtk.script)
10:26:00.086468 - EVENT MANAGER: Script for event is org.gnome.Terminal (module=orca.scripts.toolkits.gtk.script)
10:26:00.088624 - EVENT MANAGER: Change active script: False (No reason found to activate a different script.)
10:26:00.088655 - EVENT MANAGER: Processing object:property-change:accessible-name: script handles events when inactive
10:26:00.088733 - FOCUS MANAGER: Locus of focus is None
10:26:00.088743 - AXUtilitiesEvent: The event is not from the locus of focus.
TOTAL PROCESSING TIME: 0.0236
^^^^^ FINISHED PRIORITY-4 OBJECT EVENT OBJECT:PROPERTY-CHANGE:ACCESSIBLE-NAME ^^^^^

10:26:00.089099 - EVENT MANAGER: Dequeueing window:create for [frame: 'Terminal' (0x784b643f6fc0)]  in org.gnome.Terminal (gtk 3.24.52) (0, 0, Terminal)
10:26:00.089141 - EVENT MANAGER: Dequeued window:create for [frame: 'Terminal' (0x784b64403500)]  in org.gnome.Terminal (gtk 3.24.52) (0, 0, Terminal) priority: 2, counter: 6

vvvvv START PRIORITY-2 OBJECT EVENT WINDOW:CREATE (queue size: 10) vvvvv

10:26:00.089893 - EVENT MANAGER: object:children-changed:add for [desktop frame: 'main' (0x784b64403680)]  in  (4, 0, [application: 'accessibility_probe' (0x784b64401cc0)])
10:26:00.089954 - FOCUS MANAGER: Locus of focus is None
10:26:00.090120 - EVENT_MANAGER: Ignoring object:children-changed:add due to multiple instances in short time

10:26:00.090431 - EVENT MANAGER: object:children-changed:add for [desktop frame: 'main' (0x784b64403900)]  in  (5, 0, [application: 'accessibility_probe' (0x784b64403840)])
10:26:00.090466 - FOCUS MANAGER: Locus of focus is None
10:26:00.090520 - EVENT_MANAGER: Ignoring object:children-changed:add due to multiple instances in short time

10:26:00.091819 - EVENT MANAGER: object:children-changed:add for [application: 'accessibility_probe' (0x784b644d3a40)]  in accessibility_probe (AccessKit) (0, 0, [frame: 'Reactive TUI App accessibility round 1' (0x784b64403a40)])
10:26:00.091886 - FOCUS MANAGER: Locus of focus is None
10:26:00.092532 - SCRIPT MANAGER: Active script is: default (module=orca.scripts.default)
10:26:00.092586 - EVENT MANAGER: Ignoring object:children-changed:add because event is not from active app

10:26:00.094709 - EVENT MANAGER: object:children-changed:add for [application: 'accessibility_probe' (0x784b643f3cc0)]  in accessibility_probe (AccessKit) (0, 0, [frame: 'Independent background App' (0x784b64403cc0)])
10:26:00.094784 - FOCUS MANAGER: Locus of focus is None
10:26:00.095321 - SCRIPT MANAGER: Active script is: default (module=orca.scripts.default)
10:26:00.095356 - EVENT MANAGER: Ignoring object:children-changed:add because event is not from active app

10:26:00.097195 - EVENT MANAGER: object:announcement for [label: 'Background calls 0' (0x784b643f3ec0)]  in accessibility_probe (AccessKit) (1, 0, Background calls 0)
10:26:00.097256 - FOCUS MANAGER: Locus of focus is None
10:26:00.098021 - EVENT MANAGER: Queueing object:announcement for [label: 'Background calls 0' (0x784b643f4080)]  in accessibility_probe (AccessKit) (1, 0, Background calls 0)
10:26:00.098063 - EVENT MANAGER: App for event source is [application: 'accessibility_probe' (0x784b64403fc0)] 
10:26:00.098086 - SCRIPT MANAGER: Getting script for [application: 'accessibility_probe' (0x784b64403fc0)]  [label: 'Background calls 0' (0x784b643f4080)] 
10:26:00.098442 - SCRIPT MANAGER: Creating app script for [application: 'accessibility_probe' (0x784b64403fc0)] 
10:26:00.098516 - SCRIPT MANAGER: Mapped [application: 'accessibility_probe' (0x784b64403fc0)]  to accessibility_probe
10:26:00.099225 - DEFAULT: Setting up commands for [application: 'accessibility_probe' (0x784b64403fc0)] 
10:26:00.099246 - DEFAULT: Commands already initialized.
10:26:00.099261 - SCRIPT: accessibility_probe (module=orca.scripts.default) initialized
10:26:00.099316 - SCRIPT MANAGER: Default script created for [application: 'accessibility_probe' (0x784b64403fc0)]  (obj:  None)
10:26:00.099351 - SCRIPT MANAGER: Script is app script accessibility_probe (module=orca.scripts.default)
10:26:00.099670 - EVENT MANAGER: object:announcement for [label: 'Background calls 0' (0x784b645171c0)]  in accessibility_probe (AccessKit) (1, 0, Background calls 0) has priority level: 3
10:26:00.099786 - EVENT MANAGER: Queued object:announcement for [label: 'Background calls 0' (0x784b643f7140)]  in accessibility_probe (AccessKit) (1, 0, Background calls 0) priority: 3, counter: 14

10:26:00.101022 - EVENT MANAGER: object:children-changed:add for [frame: 'Independent background App' (0x784b643f6fc0)]  in accessibility_probe (AccessKit) (0, 0, [toggle button: 'Independent App action' (0x784b643d6fc0)])
10:26:00.101073 - FOCUS MANAGER: Locus of focus is None
10:26:00.101134 - EVENT MANAGER: Not ignoring object:children-changed:add based on role
10:26:00.101221 - EVENT MANAGER: Queueing object:children-changed:add for [frame: 'Independent background App' (0x784b64409800)]  in accessibility_probe (AccessKit) (0, 0, [toggle button: 'Independent App action' (0x784b643d71c0)])
10:26:00.101265 - EVENT MANAGER: App for event source is [application: 'accessibility_probe' (0x784b64403fc0)] 
10:26:00.101312 - SCRIPT MANAGER: Getting script for [application: 'accessibility_probe' (0x784b64403fc0)]  [frame: 'Independent background App' (0x784b645141c0)] 
10:26:00.101646 - SCRIPT MANAGER: Script is app script accessibility_probe (module=orca.scripts.default)
10:26:00.101755 - EVENT MANAGER: object:children-changed:add for [frame: 'Independent background App' (0x784b644099c0)]  in accessibility_probe (AccessKit) (0, 0, [toggle button: 'Independent App action' (0x784b644096c0)]) has priority level: 6
10:26:00.101854 - EVENT MANAGER: Queued object:children-changed:add for [frame: 'Independent background App' (0x784b64409940)]  in accessibility_probe (AccessKit) (0, 0, [toggle button: 'Independent App action' (0x784b64409980)]) priority: 6, counter: 15

10:26:00.101963 - EVENT MANAGER: object:children-changed:add for [frame: 'Independent background App' (0x784b64409a00)]  in accessibility_probe (AccessKit) (1, 0, [label: 'Background calls 0' (0x784b644c26c0)])
10:26:00.102011 - FOCUS MANAGER: Locus of focus is None
10:26:00.102070 - EVENT MANAGER: Not ignoring object:children-changed:add based on role
10:26:00.102154 - EVENT MANAGER: Queueing object:children-changed:add for [frame: 'Independent background App' (0x784b64401a00)]  in accessibility_probe (AccessKit) (1, 0, [label: 'Background calls 0' (0x784b64409a00)])
10:26:00.102194 - EVENT MANAGER: App for event source is [application: 'accessibility_probe' (0x784b64403fc0)] 
10:26:00.102238 - SCRIPT MANAGER: Getting script for [application: 'accessibility_probe' (0x784b64403fc0)]  [frame: 'Independent background App' (0x784b643d41c0)] 
10:26:00.102565 - SCRIPT MANAGER: Script is app script accessibility_probe (module=orca.scripts.default)
10:26:00.102672 - EVENT MANAGER: object:children-changed:add for [frame: 'Independent background App' (0x784b64409a40)]  in accessibility_probe (AccessKit) (1, 0, [label: 'Background calls 0' (0x784b644096c0)]) has priority level: 6
10:26:00.102768 - EVENT MANAGER: Queued object:children-changed:add for [frame: 'Independent background App' (0x784b64409a80)]  in accessibility_probe (AccessKit) (1, 0, [label: 'Background calls 0' (0x784b64409ac0)]) priority: 6, counter: 16

10:26:00.103669 - EVENT MANAGER: object:children-changed:add for [frame: 'Independent background App' (0x784b64409ac0)]  in accessibility_probe (AccessKit) (2, 0, [button: 'CSS expanded control' (0x784b64409ac0)])
10:26:00.103712 - FOCUS MANAGER: Locus of focus is None
10:26:00.103735 - EVENT MANAGER: Not ignoring object:children-changed:add based on role
10:26:00.103773 - EVENT MANAGER: Queueing object:children-changed:add for [frame: 'Independent background App' (0x784b64409ac0)]  in accessibility_probe (AccessKit) (2, 0, [button: 'CSS expanded control' (0x784b644096c0)])
10:26:00.103795 - EVENT MANAGER: App for event source is [application: 'accessibility_probe' (0x784b64403fc0)] 
10:26:00.103818 - SCRIPT MANAGER: Getting script for [application: 'accessibility_probe' (0x784b64403fc0)]  [frame: 'Independent background App' (0x784b645141c0)] 
10:26:00.104021 - SCRIPT MANAGER: Script is app script accessibility_probe (module=orca.scripts.default)
10:26:00.104104 - EVENT MANAGER: object:children-changed:add for [frame: 'Independent background App' (0x784b64389b00)]  in accessibility_probe (AccessKit) (2, 0, [button: 'CSS expanded control' (0x784b64409b00)]) has priority level: 6
10:26:00.104169 - EVENT MANAGER: Queued object:children-changed:add for [frame: 'Independent background App' (0x784b64401a00)]  in accessibility_probe (AccessKit) (2, 0, [button: 'CSS expanded control' (0x784b64409a00)]) priority: 6, counter: 17

10:26:00.104568 - EVENT MANAGER: object:children-changed:add for [frame: 'Independent background App' (0x784b64401b80)]  in accessibility_probe (AccessKit) (3, 0, [heading: 'CSS direct label' (0x784b64409b80)])
10:26:00.104594 - FOCUS MANAGER: Locus of focus is None
10:26:00.104616 - EVENT MANAGER: Not ignoring object:children-changed:add based on role
10:26:00.104648 - EVENT MANAGER: Queueing object:children-changed:add for [frame: 'Independent background App' (0x784b64401b80)]  in accessibility_probe (AccessKit) (3, 0, [heading: 'CSS direct label' (0x784b64409b80)])
10:26:00.104663 - EVENT MANAGER: App for event source is [application: 'accessibility_probe' (0x784b64403fc0)] 
10:26:00.104679 - SCRIPT MANAGER: Getting script for [application: 'accessibility_probe' (0x784b64403fc0)]  [frame: 'Independent background App' (0x784b643d41c0)] 
10:26:00.104833 - SCRIPT MANAGER: Script is app script accessibility_probe (module=orca.scripts.default)
10:26:00.104875 - EVENT MANAGER: object:children-changed:add for [frame: 'Independent background App' (0x784b64409b40)]  in accessibility_probe (AccessKit) (3, 0, [heading: 'CSS direct label' (0x784b644b9600)]) has priority level: 6
10:26:00.104911 - EVENT MANAGER: Queued object:children-changed:add for [frame: 'Independent background App' (0x784b64389b00)]  in accessibility_probe (AccessKit) (3, 0, [heading: 'CSS direct label' (0x784b64409b00)]) priority: 6, counter: 18

10:26:00.105237 - EVENT MANAGER: object:children-changed:add for [frame: 'Independent background App' (0x784b64409ac0)]  in accessibility_probe (AccessKit) (4, 0, [list item: 'CSS selected option' (0x784b64409ac0)])
10:26:00.105256 - FOCUS MANAGER: Locus of focus is None
10:26:00.105275 - EVENT MANAGER: Not ignoring object:children-changed:add based on role
10:26:00.105305 - EVENT MANAGER: Queueing object:children-changed:add for [frame: 'Independent background App' (0x784b64401b80)]  in accessibility_probe (AccessKit) (4, 0, [list item: 'CSS selected option' (0x784b64409b80)])
10:26:00.105319 - EVENT MANAGER: App for event source is [application: 'accessibility_probe' (0x784b64403fc0)] 
10:26:00.105336 - SCRIPT MANAGER: Getting script for [application: 'accessibility_probe' (0x784b64403fc0)]  [frame: 'Independent background App' (0x784b643f41c0)] 
10:26:00.105478 - SCRIPT MANAGER: Script is app script accessibility_probe (module=orca.scripts.default)
10:26:00.105516 - EVENT MANAGER: object:children-changed:add for [frame: 'Independent background App' (0x784b64389b00)]  in accessibility_probe (AccessKit) (4, 0, [list item: 'CSS selected option' (0x784b64409b00)]) has priority level: 6
10:26:00.105550 - EVENT MANAGER: Queued object:children-changed:add for [frame: 'Independent background App' (0x784b64389b00)]  in accessibility_probe (AccessKit) (4, 0, [list item: 'CSS selected option' (0x784b64409b00)]) priority: 6, counter: 19

10:26:00.105845 - EVENT MANAGER: object:children-changed:add for [frame: 'Independent background App' (0x784b64409b00)]  in accessibility_probe (AccessKit) (5, 0, [label: 'CSS restored reader text' (0x784b64409ac0)])
10:26:00.105862 - FOCUS MANAGER: Locus of focus is None
10:26:00.105880 - EVENT MANAGER: Not ignoring object:children-changed:add based on role
10:26:00.105909 - EVENT MANAGER: Queueing object:children-changed:add for [frame: 'Independent background App' (0x784b64389c80)]  in accessibility_probe (AccessKit) (5, 0, [label: 'CSS restored reader text' (0x784b64409c80)])
10:26:00.105923 - EVENT MANAGER: App for event source is [application: 'accessibility_probe' (0x784b64403fc0)] 
10:26:00.105939 - SCRIPT MANAGER: Getting script for [application: 'accessibility_probe' (0x784b64403fc0)]  [frame: 'Independent background App' (0x784b644041c0)] 
10:26:00.106100 - SCRIPT MANAGER: Script is app script accessibility_probe (module=orca.scripts.default)
10:26:00.106141 - EVENT MANAGER: object:children-changed:add for [frame: 'Independent background App' (0x784b64401cc0)]  in accessibility_probe (AccessKit) (5, 0, [label: 'CSS restored reader text' (0x784b64409cc0)]) has priority level: 6
10:26:00.106175 - EVENT MANAGER: Queued object:children-changed:add for [frame: 'Independent background App' (0x784b64389c80)]  in accessibility_probe (AccessKit) (5, 0, [label: 'CSS restored reader text' (0x784b64409c80)]) priority: 6, counter: 20

10:26:00.106480 - EVENT MANAGER: object:children-changed:add for [frame: 'Independent background App' (0x784b64409c80)]  in accessibility_probe (AccessKit) (6, 0, [label: 'Reader-only nested detail' (0x784b64409d40)])
10:26:00.106498 - FOCUS MANAGER: Locus of focus is None
10:26:00.106516 - EVENT MANAGER: Not ignoring object:children-changed:add based on role
10:26:00.106546 - EVENT MANAGER: Queueing object:children-changed:add for [frame: 'Independent background App' (0x784b64409cc0)]  in accessibility_probe (AccessKit) (6, 0, [label: 'Reader-only nested detail' (0x784b64409d80)])
10:26:00.106560 - EVENT MANAGER: App for event source is [application: 'accessibility_probe' (0x784b64403fc0)] 
10:26:00.106576 - SCRIPT MANAGER: Getting script for [application: 'accessibility_probe' (0x784b64403fc0)]  [frame: 'Independent background App' (0x784b643d41c0)] 
10:26:00.106716 - SCRIPT MANAGER: Script is app script accessibility_probe (module=orca.scripts.default)
10:26:00.106756 - EVENT MANAGER: object:children-changed:add for [frame: 'Independent background App' (0x784b64409d00)]  in accessibility_probe (AccessKit) (6, 0, [label: 'Reader-only nested detail' (0x784b64409d80)]) has priority level: 6
10:26:00.106790 - EVENT MANAGER: Queued object:children-changed:add for [frame: 'Independent background App' (0x784b64409e00)]  in accessibility_probe (AccessKit) (6, 0, [label: 'Reader-only nested detail' (0x784b64409d80)]) priority: 6, counter: 21
10:26:00.106832 - CLIPBOARD PRESENTER: Possible change event object:text-changed:delete for [terminal: 'Terminal' (0x784b64409d00)]  in org.gnome.Terminal (gtk 3.24.52) (0, 2, \n\n)

10:26:00.106896 - EVENT MANAGER: object:text-changed:delete for [terminal: 'Terminal' (0x784b64401d00)]  in org.gnome.Terminal (gtk 3.24.52) (0, 2, \n\n)
10:26:00.106911 - FOCUS MANAGER: Locus of focus is None
10:26:00.106960 - EVENT_MANAGER: Not ignoring object:text-changed:delete due to source being focused
10:26:00.106996 - EVENT MANAGER: Queueing object:text-changed:delete for [terminal: 'Terminal' (0x784b6456b8c0)]  in org.gnome.Terminal (gtk 3.24.52) (0, 2, \n\n)
10:26:00.107013 - EVENT MANAGER: App for event source is [application: 'org.gnome.Terminal' (0x784b644b87c0)] 
10:26:00.107028 - SCRIPT MANAGER: Getting script for [application: 'org.gnome.Terminal' (0x784b644b87c0)]  [terminal: 'Terminal' (0x784b643d41c0)] 
10:26:00.107051 - SCRIPT MANAGER: Script is custom script org.gnome.Terminal (module=orca.scripts.terminal.script)
10:26:00.107088 - EVENT MANAGER: object:text-changed:delete for [terminal: 'Terminal' (0x784b64409e40)]  in org.gnome.Terminal (gtk 3.24.52) (0, 2, \n\n) has priority level: 4
10:26:00.107123 - EVENT MANAGER: Queued object:text-changed:delete for [terminal: 'Terminal' (0x784b64401ec0)]  in org.gnome.Terminal (gtk 3.24.52) (0, 2, \n\n) priority: 4, counter: 22
10:26:00.107154 - CLIPBOARD PRESENTER: Possible change event object:text-changed:insert for [terminal: 'Terminal' (0x784b64409ac0)]  in org.gnome.Terminal (gtk 3.24.52) (13, 2, \n\n)

10:26:00.107197 - EVENT MANAGER: object:text-changed:insert for [terminal: 'Terminal' (0x784b64401b00)]  in org.gnome.Terminal (gtk 3.24.52) (13, 2, \n\n)
10:26:00.107210 - FOCUS MANAGER: Locus of focus is None
10:26:00.107255 - EVENT_MANAGER: Not ignoring object:text-changed:insert due to source being focused
10:26:00.107289 - EVENT MANAGER: Queueing object:text-changed:insert for [terminal: 'Terminal' (0x784b64579b80)]  in org.gnome.Terminal (gtk 3.24.52) (13, 2, \n\n)
10:26:00.107303 - EVENT MANAGER: App for event source is [application: 'org.gnome.Terminal' (0x784b644b87c0)] 
10:26:00.107319 - SCRIPT MANAGER: Getting script for [application: 'org.gnome.Terminal' (0x784b644b87c0)]  [terminal: 'Terminal' (0x784b643f41c0)] 
10:26:00.107338 - SCRIPT MANAGER: Script is custom script org.gnome.Terminal (module=orca.scripts.terminal.script)
10:26:00.107374 - EVENT MANAGER: object:text-changed:insert for [terminal: 'Terminal' (0x784b64409b00)]  in org.gnome.Terminal (gtk 3.24.52) (13, 2, \n\n) has priority level: 4
10:26:00.107409 - EVENT MANAGER: Queued object:text-changed:insert for [terminal: 'Terminal' (0x784b64409dc0)]  in org.gnome.Terminal (gtk 3.24.52) (13, 2, \n\n) priority: 4, counter: 23
10:26:00.107443 - CLIPBOARD PRESENTER: Possible change event object:text-changed:delete for [terminal: 'Terminal' (0x784b64401b00)]  in org.gnome.Terminal (gtk 3.24.52) (0, 3, \n\n\n)

10:26:00.107486 - EVENT MANAGER: object:text-changed:delete for [terminal: 'Terminal' (0x784b64401ec0)]  in org.gnome.Terminal (gtk 3.24.52) (0, 3, \n\n\n)
10:26:00.107500 - FOCUS MANAGER: Locus of focus is None
10:26:00.107544 - EVENT_MANAGER: Not ignoring object:text-changed:delete due to source being focused
10:26:00.107575 - EVENT MANAGER: Queueing object:text-changed:delete for [terminal: 'Terminal' (0x784b64409ec0)]  in org.gnome.Terminal (gtk 3.24.52) (0, 3, \n\n\n)
10:26:00.107589 - EVENT MANAGER: App for event source is [application: 'org.gnome.Terminal' (0x784b644b87c0)] 
10:26:00.107604 - SCRIPT MANAGER: Getting script for [application: 'org.gnome.Terminal' (0x784b644b87c0)]  [terminal: 'Terminal' (0x784b643f41c0)] 
10:26:00.107623 - SCRIPT MANAGER: Script is custom script org.gnome.Terminal (module=orca.scripts.terminal.script)
10:26:00.107659 - EVENT MANAGER: object:text-changed:delete for [terminal: 'Terminal' (0x784b64409b00)]  in org.gnome.Terminal (gtk 3.24.52) (0, 3, \n\n\n) has priority level: 4
10:26:00.107693 - EVENT MANAGER: Queued object:text-changed:delete for [terminal: 'Terminal' (0x784b64409f40)]  in org.gnome.Terminal (gtk 3.24.52) (0, 3, \n\n\n) priority: 4, counter: 24
10:26:00.107739 - CLIPBOARD PRESENTER: Possible change event object:text-changed:insert for [terminal: 'Terminal' (0x784b64401b00)]  in org.gnome.Terminal (gtk 3.24.52) (0, 186, Overview ✕ ~ Unavailable~ Settings... ✕ \nProject overview \n \n (189 chars.))

10:26:00.107791 - EVENT MANAGER: object:text-changed:insert for [terminal: 'Terminal' (0x784b64401f40)]  in org.gnome.Terminal (gtk 3.24.52) (0, 186, Overview ✕ ~ Unavailable~ Settings... ✕ \nProject overview \n \n (189 chars.))
10:26:00.107805 - FOCUS MANAGER: Locus of focus is None
10:26:00.107848 - EVENT_MANAGER: Not ignoring object:text-changed:insert due to source being focused
10:26:00.107882 - EVENT MANAGER: Queueing object:text-changed:insert for [terminal: 'Terminal' (0x784b64401b80)]  in org.gnome.Terminal (gtk 3.24.52) (0, 186, Overview ✕ ~ Unavailable~ Settings... ✕ \nProject overview \n \n (189 chars.))
10:26:00.107897 - EVENT MANAGER: App for event source is [application: 'org.gnome.Terminal' (0x784b644b87c0)] 
10:26:00.107913 - SCRIPT MANAGER: Getting script for [application: 'org.gnome.Terminal' (0x784b644b87c0)]  [terminal: 'Terminal' (0x784b645141c0)] 
10:26:00.107932 - SCRIPT MANAGER: Script is custom script org.gnome.Terminal (module=orca.scripts.terminal.script)
10:26:00.107970 - EVENT MANAGER: object:text-changed:insert for [terminal: 'Terminal' (0x784b64401f40)]  in org.gnome.Terminal (gtk 3.24.52) (0, 186, Overview ✕ ~ Unavailable~ Settings... ✕ \nProject overview \n \n (189 chars.)) has priority level: 4
10:26:00.108011 - EVENT MANAGER: Queued object:text-changed:insert for [terminal: 'Terminal' (0x784b64401f40)]  in org.gnome.Terminal (gtk 3.24.52) (0, 186, Overview ✕ ~ Unavailable~ Settings... ✕ \nProject overview \n \n (189 chars.)) priority: 4, counter: 25

10:26:00.108054 - EVENT MANAGER: object:text-caret-moved for [terminal: 'Terminal' (0x784b64401d00)]  in org.gnome.Terminal (gtk 3.24.52) (186, 0, 0)
10:26:00.108067 - FOCUS MANAGER: Locus of focus is None
10:26:00.108110 - EVENT_MANAGER: Not ignoring object:text-caret-moved due to source being focused
10:26:00.108142 - EVENT MANAGER: Queueing object:text-caret-moved for [terminal: 'Terminal' (0x784b64401d00)]  in org.gnome.Terminal (gtk 3.24.52) (186, 0, 0)
10:26:00.108156 - EVENT MANAGER: App for event source is [application: 'org.gnome.Terminal' (0x784b644b87c0)] 
10:26:00.108171 - SCRIPT MANAGER: Getting script for [application: 'org.gnome.Terminal' (0x784b644b87c0)]  [terminal: 'Terminal' (0x784b643d4640)] 
10:26:00.108190 - SCRIPT MANAGER: Script is custom script org.gnome.Terminal (module=orca.scripts.terminal.script)
10:26:00.108225 - EVENT MANAGER: object:text-caret-moved for [terminal: 'Terminal' (0x784b64401b00)]  in org.gnome.Terminal (gtk 3.24.52) (186, 0, 0) has priority level: 4
10:26:00.108259 - EVENT MANAGER: Queued object:text-caret-moved for [terminal: 'Terminal' (0x784b64401b80)]  in org.gnome.Terminal (gtk 3.24.52) (186, 0, 0) priority: 4, counter: 26

10:26:00.110133 - EVENT MANAGER: object:children-changed:add for [frame: 'Reactive TUI App accessibility round 1' (0x784b64409b80)]  in accessibility_probe (AccessKit) (0, 0, [panel: 'Project sections' (0x784b643e82c0)])
10:26:00.110193 - FOCUS MANAGER: Locus of focus is None
10:26:00.110256 - EVENT MANAGER: Not ignoring object:children-changed:add based on role
10:26:00.110347 - EVENT MANAGER: Queueing object:children-changed:add for [frame: 'Reactive TUI App accessibility round 1' (0x784b64401b00)]  in accessibility_probe (AccessKit) (0, 0, [panel: 'Project sections' (0x784b64409b00)])
10:26:00.110390 - EVENT MANAGER: App for event source is [application: 'accessibility_probe' (0x784b64409b80)] 
10:26:00.110436 - SCRIPT MANAGER: Getting script for [application: 'accessibility_probe' (0x784b64409b80)]  [frame: 'Reactive TUI App accessibility round 1' (0x784b645141c0)] 
10:26:00.110797 - SCRIPT MANAGER: Creating app script for [application: 'accessibility_probe' (0x784b64409b80)] 
10:26:00.110857 - SCRIPT MANAGER: Mapped [application: 'accessibility_probe' (0x784b64409b80)]  to accessibility_probe
10:26:00.115395 - DEFAULT: Setting up commands for [application: 'accessibility_probe' (0x784b64409b80)] 
10:26:00.115451 - DEFAULT: Commands already initialized.
10:26:00.115460 - SCRIPT: accessibility_probe (module=orca.scripts.default) initialized
10:26:00.115492 - SCRIPT MANAGER: Default script created for [application: 'accessibility_probe' (0x784b64409b80)]  (obj:  None)
10:26:00.115512 - SCRIPT MANAGER: Script is app script accessibility_probe (module=orca.scripts.default)
10:26:00.115593 - EVENT MANAGER: object:children-changed:add for [frame: 'Reactive TUI App accessibility round 1' (0x784b643d6e00)]  in accessibility_probe (AccessKit) (0, 0, [panel: 'Project sections' (0x784b6440ee00)]) has priority level: 6
10:26:00.115640 - EVENT MANAGER: Queued object:children-changed:add for [frame: 'Reactive TUI App accessibility round 1' (0x784b6440ed00)]  in accessibility_probe (AccessKit) (0, 0, [panel: 'Project sections' (0x784b64403e80)]) priority: 6, counter: 27

10:26:00.118215 - EVENT MANAGER: object:selection-changed for [page tab list: 'Tabs' (0x784b643d6e00)]  in accessibility_probe (AccessKit) (0, 0, 0)
10:26:00.118305 - FOCUS MANAGER: Locus of focus is None
10:26:00.119035 - EVENT MANAGER: Queueing object:selection-changed for [page tab list: 'Tabs' (0x784b6439a740)]  in accessibility_probe (AccessKit) (0, 0, 0)
10:26:00.119095 - EVENT MANAGER: App for event source is [application: 'accessibility_probe' (0x784b64409b80)] 
10:26:00.119123 - SCRIPT MANAGER: Getting script for [application: 'accessibility_probe' (0x784b64409b80)]  [page tab list: 'Tabs' (0x784b645141c0)] 
10:26:00.119568 - SCRIPT MANAGER: Script is app script accessibility_probe (module=orca.scripts.default)
10:26:00.119694 - EVENT MANAGER: object:selection-changed for [page tab list: 'Tabs' (0x784b6440edc0)]  in accessibility_probe (AccessKit) (0, 0, 0) has priority level: 4
10:26:00.119810 - EVENT MANAGER: Queued object:selection-changed for [page tab list: 'Tabs' (0x784b6440ee00)]  in accessibility_probe (AccessKit) (0, 0, 0) priority: 4, counter: 28

10:26:00.119927 - EVENT MANAGER: window:activate for [frame: 'Reactive TUI App accessibility round 1' (0x784b643d4640)]  in accessibility_probe (AccessKit) (0, 0, Reactive TUI App accessibility round 1)
10:26:00.120023 - EVENT MANAGER: Queueing window:activate for [frame: 'Reactive TUI App accessibility round 1' (0x784b643d6e00)]  in accessibility_probe (AccessKit) (0, 0, Reactive TUI App accessibility round 1)
10:26:00.120072 - EVENT MANAGER: App for event source is [application: 'accessibility_probe' (0x784b64409b80)] 
10:26:00.120120 - SCRIPT MANAGER: Getting script for [application: 'accessibility_probe' (0x784b64409b80)]  [frame: 'Reactive TUI App accessibility round 1' (0x784b64403700)] 
10:26:00.120407 - SCRIPT MANAGER: Script is app script accessibility_probe (module=orca.scripts.default)
10:26:00.120477 - EVENT MANAGER: window:activate for [frame: 'Reactive TUI App accessibility round 1' (0x784b6440ee00)]  in accessibility_probe (AccessKit) (0, 0, Reactive TUI App accessibility round 1) has priority level: 2
10:26:00.120521 - EVENT MANAGER: Queued window:activate for [frame: 'Reactive TUI App accessibility round 1' (0x784b64516c80)]  in accessibility_probe (AccessKit) (0, 0, Reactive TUI App accessibility round 1) priority: 2, counter: 29

10:26:00.120600 - EVENT MANAGER: object:state-changed:active for [frame: 'Reactive TUI App accessibility round 1' (0x784b64403380)]  in accessibility_probe (AccessKit) (1, 0, 0)
10:26:00.120617 - FOCUS MANAGER: Locus of focus is None
10:26:00.120639 - EVENT MANAGER: Not ignoring object:state-changed:active based on role
10:26:00.120670 - EVENT MANAGER: Queueing object:state-changed:active for [frame: 'Reactive TUI App accessibility round 1' (0x784b64403e80)]  in accessibility_probe (AccessKit) (1, 0, 0)
10:26:00.120685 - EVENT MANAGER: App for event source is [application: 'accessibility_probe' (0x784b64409b80)] 
10:26:00.120702 - SCRIPT MANAGER: Getting script for [application: 'accessibility_probe' (0x784b64409b80)]  [frame: 'Reactive TUI App accessibility round 1' (0x784b643e8500)] 
10:26:00.120940 - SCRIPT MANAGER: Script is app script accessibility_probe (module=orca.scripts.default)
10:26:00.121012 - EVENT MANAGER: object:state-changed:active for [frame: 'Reactive TUI App accessibility round 1' (0x784b64403e80)]  in accessibility_probe (AccessKit) (1, 0, 0) has priority level: 2
10:26:00.121055 - EVENT MANAGER: Queued object:state-changed:active for [frame: 'Reactive TUI App accessibility round 1' (0x784b64403e80)]  in accessibility_probe (AccessKit) (1, 0, 0) priority: 2, counter: 30

10:26:00.121097 - EVENT MANAGER: object:active-descendant-changed for [application: 'accessibility_probe' (0x784b64409b80)]  in accessibility_probe (AccessKit) (0, 0, [frame: 'Reactive TUI App accessibility round 1' (0x784b6439a740)])
10:26:00.121114 - FOCUS MANAGER: Locus of focus is None
10:26:00.121195 - EVENT MANAGER: Queueing object:active-descendant-changed for [application: 'accessibility_probe' (0x784b64409b80)]  in accessibility_probe (AccessKit) (0, 0, [frame: 'Reactive TUI App accessibility round 1' (0x784b64403380)])
10:26:00.121210 - EVENT MANAGER: App for event source is [application: 'accessibility_probe' (0x784b64409b80)] 
10:26:00.121226 - SCRIPT MANAGER: Getting script for [application: 'accessibility_probe' (0x784b64409b80)]  [application: 'accessibility_probe' (0x784b64409b80)] 
10:26:00.121499 - SCRIPT MANAGER: Script is app script accessibility_probe (module=orca.scripts.default)
10:26:00.121626 - EVENT MANAGER: object:active-descendant-changed for [application: 'accessibility_probe' (0x784b64409b80)]  in accessibility_probe (AccessKit) (0, 0, [frame: 'Reactive TUI App accessibility round 1' (0x784b64403380)]) has priority level: 3
10:26:00.121728 - EVENT MANAGER: Queued object:active-descendant-changed for [application: 'accessibility_probe' (0x784b64409b80)]  in accessibility_probe (AccessKit) (0, 0, [frame: 'Reactive TUI App accessibility round 1' (0x784b6439a740)]) priority: 3, counter: 31

10:26:00.121843 - EVENT MANAGER: object:state-changed:focused for [panel: 'Project sections' (0x784b64403380)]  in accessibility_probe (AccessKit) (1, 0, 0)
10:26:00.121881 - FOCUS MANAGER: Locus of focus is None
10:26:00.122266 - EVENT MANAGER: Queueing object:state-changed:focused for [panel: 'Project sections' (0x784b64403380)]  in accessibility_probe (AccessKit) (1, 0, 0)
10:26:00.122294 - EVENT MANAGER: App for event source is [application: 'accessibility_probe' (0x784b64409b80)] 
10:26:00.122312 - SCRIPT MANAGER: Getting script for [application: 'accessibility_probe' (0x784b64409b80)]  [panel: 'Project sections' (0x784b643d41c0)] 
10:26:00.122550 - SCRIPT MANAGER: Script is app script accessibility_probe (module=orca.scripts.default)
10:26:00.122670 - EVENT MANAGER: object:state-changed:focused for [panel: 'Project sections' (0x784b643f3e80)]  in accessibility_probe (AccessKit) (1, 0, 0) has priority level: 3
10:26:00.122771 - EVENT MANAGER: Queued object:state-changed:focused for [panel: 'Project sections' (0x784b64403380)]  in accessibility_probe (AccessKit) (1, 0, 0) priority: 3, counter: 32
10:26:00.123319 - EVENT SOURCE:
                  app='org.gnome.Terminal (gtk 3.24.52)' name='Terminal' role='frame' axid='' id=0x784b64724c40
                  description=''
                  help=''
                  locale='C.UTF-8'
                  states='active, enabled, resizable, sensitive, showing, visible'
                  relations=''
                  actions=''
                  interfaces='Collection, Component'
                  attributes='toolkit:gtk, window-type:normal'
                  text=''
                  path=[-1, 0]
                  
10:26:00.123367 - SCRIPT MANAGER: Active script is: default (module=orca.scripts.default)
10:26:00.123409 - FOCUS MANAGER: Locus of focus is None
10:26:00.123485 - EVENT MANAGER: Getting script for event for [application: 'org.gnome.Terminal' (0x784b644b87c0)]  [frame: 'Terminal' (0x784b6440ec80)] 
10:26:00.123536 - SCRIPT MANAGER: Getting script for [application: 'org.gnome.Terminal' (0x784b644b87c0)]  [frame: 'Terminal' (0x784b6440ec80)] 
10:26:00.123592 - SCRIPT MANAGER: Script is app script org.gnome.Terminal (module=orca.scripts.toolkits.gtk.script)
10:26:00.123625 - EVENT MANAGER: Script for event is org.gnome.Terminal (module=orca.scripts.toolkits.gtk.script)
10:26:00.124637 - EVENT MANAGER: Change active script: False (No reason found to activate a different script.)
10:26:00.124667 - EVENT MANAGER: Processing window:create: script handles events when inactive
TOTAL PROCESSING TIME: 0.0355
^^^^^ FINISHED PRIORITY-2 OBJECT EVENT WINDOW:CREATE ^^^^^

10:26:00.124958 - EVENT MANAGER: Dequeueing window:activate for [frame: 'Terminal' (0x784b643f7080)]  in org.gnome.Terminal (gtk 3.24.52) (0, 0, Terminal)
10:26:00.125014 - EVENT MANAGER: Dequeued window:activate for [frame: 'Terminal' (0x784b643f7080)]  in org.gnome.Terminal (gtk 3.24.52) (0, 0, Terminal) priority: 2, counter: 7

vvvvv START PRIORITY-2 OBJECT EVENT WINDOW:ACTIVATE (queue size: 28) vvvvv

10:26:00.125520 - EVENT MANAGER: object:text-caret-moved for [terminal: 'Terminal' (0x784b6440f2c0)]  in org.gnome.Terminal (gtk 3.24.52) (198, 0, 0)
10:26:00.125561 - FOCUS MANAGER: Locus of focus is None
10:26:00.125712 - EVENT_MANAGER: Not ignoring object:text-caret-moved due to source being focused
10:26:00.125798 - EVENT MANAGER: Queueing object:text-caret-moved for [terminal: 'Terminal' (0x784b643d7300)]  in org.gnome.Terminal (gtk 3.24.52) (198, 0, 0)
10:26:00.125843 - EVENT MANAGER: App for event source is [application: 'org.gnome.Terminal' (0x784b644b87c0)] 
10:26:00.125889 - SCRIPT MANAGER: Getting script for [application: 'org.gnome.Terminal' (0x784b644b87c0)]  [terminal: 'Terminal' (0x784b643f72c0)] 
10:26:00.125938 - SCRIPT MANAGER: Script is custom script org.gnome.Terminal (module=orca.scripts.terminal.script)
10:26:00.126045 - EVENT MANAGER: object:text-caret-moved for [terminal: 'Terminal' (0x784b6440f400)]  in org.gnome.Terminal (gtk 3.24.52) (198, 0, 0) has priority level: 4
10:26:00.126143 - EVENT MANAGER: Queued object:text-caret-moved for [terminal: 'Terminal' (0x784b6440f180)]  in org.gnome.Terminal (gtk 3.24.52) (198, 0, 0) priority: 4, counter: 33
10:26:00.126238 - CLIPBOARD PRESENTER: Possible change event object:text-changed:delete for [terminal: 'Terminal' (0x784b6440f300)]  in org.gnome.Terminal (gtk 3.24.52) (186, 12, \n\n\n\n\n\n\n\n\n\n\n\n)

10:26:00.126368 - EVENT MANAGER: object:text-changed:delete for [terminal: 'Terminal' (0x784b643f7480)]  in org.gnome.Terminal (gtk 3.24.52) (186, 12, \n\n\n\n\n\n\n\n\n\n\n\n)
10:26:00.126402 - FOCUS MANAGER: Locus of focus is None
10:26:00.126542 - EVENT_MANAGER: Not ignoring object:text-changed:delete due to source being focused
10:26:00.126623 - EVENT MANAGER: Queueing object:text-changed:delete for [terminal: 'Terminal' (0x784b643f7340)]  in org.gnome.Terminal (gtk 3.24.52) (186, 12, \n\n\n\n\n\n\n\n\n\n\n\n)
10:26:00.126664 - EVENT MANAGER: App for event source is [application: 'org.gnome.Terminal' (0x784b644b87c0)] 
10:26:00.126708 - SCRIPT MANAGER: Getting script for [application: 'org.gnome.Terminal' (0x784b644b87c0)]  [terminal: 'Terminal' (0x784b643d7540)] 
10:26:00.126751 - SCRIPT MANAGER: Script is custom script org.gnome.Terminal (module=orca.scripts.terminal.script)
10:26:00.126843 - EVENT MANAGER: object:text-changed:delete for [terminal: 'Terminal' (0x784b645375c0)]  in org.gnome.Terminal (gtk 3.24.52) (186, 12, \n\n\n\n\n\n\n\n\n\n\n\n) has priority level: 4
10:26:00.126933 - EVENT MANAGER: Queued object:text-changed:delete for [terminal: 'Terminal' (0x784b643981c0)]  in org.gnome.Terminal (gtk 3.24.52) (186, 12, \n\n\n\n\n\n\n\n\n\n\n\n) priority: 4, counter: 34
10:26:00.127053 - CLIPBOARD PRESENTER: Possible change event object:text-changed:insert for [terminal: 'Terminal' (0x784b6440f480)]  in org.gnome.Terminal (gtk 3.24.52) (186, 789, \n \n \n \n \n... \n \n \n \n \n (801 chars.))

10:26:00.127188 - EVENT MANAGER: object:text-changed:insert for [terminal: 'Terminal' (0x784b64409dc0)]  in org.gnome.Terminal (gtk 3.24.52) (186, 789, \n \n \n \n \n... \n \n \n \n \n (801 chars.))
10:26:00.127221 - FOCUS MANAGER: Locus of focus is None
10:26:00.127367 - EVENT_MANAGER: Not ignoring object:text-changed:insert due to source being focused
10:26:00.127454 - EVENT MANAGER: Queueing object:text-changed:insert for [terminal: 'Terminal' (0x784b643d7600)]  in org.gnome.Terminal (gtk 3.24.52) (186, 789, \n \n \n \n \n... \n \n \n \n \n (801 chars.))
10:26:00.127497 - EVENT MANAGER: App for event source is [application: 'org.gnome.Terminal' (0x784b644b87c0)] 
10:26:00.127542 - SCRIPT MANAGER: Getting script for [application: 'org.gnome.Terminal' (0x784b644b87c0)]  [terminal: 'Terminal' (0x784b643f7180)] 
10:26:00.127586 - SCRIPT MANAGER: Script is custom script org.gnome.Terminal (module=orca.scripts.terminal.script)
10:26:00.127683 - EVENT MANAGER: object:text-changed:insert for [terminal: 'Terminal' (0x784b643d7640)]  in org.gnome.Terminal (gtk 3.24.52) (186, 789, \n \n \n \n \n... \n \n \n \n \n (801 chars.)) has priority level: 4
10:26:00.127782 - EVENT MANAGER: Queued object:text-changed:insert for [terminal: 'Terminal' (0x784b643f74c0)]  in org.gnome.Terminal (gtk 3.24.52) (186, 789, \n \n \n \n \n... \n \n \n \n \n (801 chars.)) priority: 4, counter: 35

10:26:00.127878 - EVENT MANAGER: object:text-caret-moved for [terminal: 'Terminal' (0x784b643f74c0)]  in org.gnome.Terminal (gtk 3.24.52) (975, 0, 0)
10:26:00.127912 - FOCUS MANAGER: Locus of focus is None
10:26:00.128068 - EVENT_MANAGER: Not ignoring object:text-caret-moved due to source being focused
10:26:00.128155 - EVENT MANAGER: Queueing object:text-caret-moved for [terminal: 'Terminal' (0x784b643d7640)]  in org.gnome.Terminal (gtk 3.24.52) (975, 0, 0)
10:26:00.128199 - EVENT MANAGER: App for event source is [application: 'org.gnome.Terminal' (0x784b644b87c0)] 
10:26:00.128243 - SCRIPT MANAGER: Getting script for [application: 'org.gnome.Terminal' (0x784b644b87c0)]  [terminal: 'Terminal' (0x784b6440f640)] 
10:26:00.128294 - SCRIPT MANAGER: Script is custom script org.gnome.Terminal (module=orca.scripts.terminal.script)
10:26:00.128389 - EVENT MANAGER: object:text-caret-moved for [terminal: 'Terminal' (0x784b643d7740)]  in org.gnome.Terminal (gtk 3.24.52) (975, 0, 0) has priority level: 4
10:26:00.128482 - EVENT MANAGER: Queued object:text-caret-moved for [terminal: 'Terminal' (0x784b643d7640)]  in org.gnome.Terminal (gtk 3.24.52) (975, 0, 0) priority: 4, counter: 36

10:26:00.128620 - EVENT MANAGER: object:property-change:accessible-name for [label: '▶Overview' (0x784b6440f6c0)]  in accessibility_probe (AccessKit) (0, 0, ▶Overview)
10:26:00.128660 - FOCUS MANAGER: Locus of focus is None
10:26:00.128915 - EVENT MANAGER: Queueing object:property-change:accessible-name for [label: '▶Overview' (0x784b6440f640)]  in accessibility_probe (AccessKit) (0, 0, ▶Overview)
10:26:00.128966 - EVENT MANAGER: App for event source is [application: 'accessibility_probe' (0x784b64409b80)] 
10:26:00.129032 - SCRIPT MANAGER: Getting script for [application: 'accessibility_probe' (0x784b64409b80)]  [label: '▶Overview' (0x784b643f7540)] 
10:26:00.129499 - SCRIPT MANAGER: Script is app script accessibility_probe (module=orca.scripts.default)
10:26:00.129578 - EVENT MANAGER: object:property-change:accessible-name for [label: '▶Overview' (0x784b643d7640)]  in accessibility_probe (AccessKit) (0, 0, ▶Overview) has priority level: 4
10:26:00.129630 - EVENT MANAGER: Queued object:property-change:accessible-name for [label: '▶Overview' (0x784b643d7740)]  in accessibility_probe (AccessKit) (0, 0, ▶Overview) priority: 4, counter: 37

10:26:00.129696 - EVENT MANAGER: object:state-changed:focused for [page tab: 'Overview' (0x784b643f74c0)]  in accessibility_probe (AccessKit) (1, 0, 0)
10:26:00.129716 - FOCUS MANAGER: Locus of focus is None
10:26:00.129764 - EVENT_MANAGER: Not ignoring object:state-changed:focused due to source being selected
10:26:00.129801 - EVENT MANAGER: Queueing object:state-changed:focused for [page tab: 'Overview' (0x784b6440f640)]  in accessibility_probe (AccessKit) (1, 0, 0)
10:26:00.129818 - EVENT MANAGER: App for event source is [application: 'accessibility_probe' (0x784b64409b80)] 
10:26:00.129835 - SCRIPT MANAGER: Getting script for [application: 'accessibility_probe' (0x784b64409b80)]  [page tab: 'Overview' (0x784b643e8640)] 
10:26:00.130150 - SCRIPT MANAGER: Script is app script accessibility_probe (module=orca.scripts.default)
10:26:00.130239 - EVENT MANAGER: object:state-changed:focused for [page tab: 'Overview' (0x784b6440f7c0)]  in accessibility_probe (AccessKit) (1, 0, 0) has priority level: 3
10:26:00.130285 - EVENT MANAGER: Queued object:state-changed:focused for [page tab: 'Overview' (0x784b64517700)]  in accessibility_probe (AccessKit) (1, 0, 0) priority: 3, counter: 38

10:26:00.130331 - EVENT MANAGER: object:state-changed:focused for [panel: 'Project sections' (0x784b643d71c0)]  in accessibility_probe (AccessKit) (0, 0, 0)
10:26:00.130348 - FOCUS MANAGER: Locus of focus is None
10:26:00.130398 - EVENT_MANAGER: Ignoring object:state-changed:focused due to multiple instances in short time

10:26:00.130440 - EVENT MANAGER: object:text-caret-moved for [terminal: 'Terminal' (0x784b643d71c0)]  in org.gnome.Terminal (gtk 3.24.52) (3, 0, 0)
10:26:00.130455 - FOCUS MANAGER: Locus of focus is None
10:26:00.130500 - EVENT_MANAGER: Not ignoring object:text-caret-moved due to source being focused
10:26:00.130534 - EVENT MANAGER: Queueing object:text-caret-moved for [terminal: 'Terminal' (0x784b6440f8c0)]  in org.gnome.Terminal (gtk 3.24.52) (3, 0, 0)
10:26:00.130549 - EVENT MANAGER: App for event source is [application: 'org.gnome.Terminal' (0x784b644b87c0)] 
10:26:00.130565 - SCRIPT MANAGER: Getting script for [application: 'org.gnome.Terminal' (0x784b644b87c0)]  [terminal: 'Terminal' (0x784b644b8640)] 
10:26:00.130588 - SCRIPT MANAGER: Script is custom script org.gnome.Terminal (module=orca.scripts.terminal.script)
10:26:00.130631 - EVENT MANAGER: object:text-caret-moved for [terminal: 'Terminal' (0x784b6440f9c0)]  in org.gnome.Terminal (gtk 3.24.52) (3, 0, 0) has priority level: 4
10:26:00.130667 - EVENT MANAGER: Queued object:text-caret-moved for [terminal: 'Terminal' (0x784b643f7a00)]  in org.gnome.Terminal (gtk 3.24.52) (3, 0, 0) priority: 4, counter: 39
10:26:00.130701 - CLIPBOARD PRESENTER: Possible change event object:text-changed:delete for [terminal: 'Terminal' (0x784b643f7a00)]  in org.gnome.Terminal (gtk 3.24.52) (2, 1, )

10:26:00.130747 - EVENT MANAGER: object:text-changed:delete for [terminal: 'Terminal' (0x784b643e8640)]  in org.gnome.Terminal (gtk 3.24.52) (2, 1, )
10:26:00.130761 - FOCUS MANAGER: Locus of focus is None
10:26:00.130803 - EVENT_MANAGER: Not ignoring object:text-changed:delete due to source being focused
10:26:00.130834 - EVENT MANAGER: Queueing object:text-changed:delete for [terminal: 'Terminal' (0x784b6440f900)]  in org.gnome.Terminal (gtk 3.24.52) (2, 1, )
10:26:00.130849 - EVENT MANAGER: App for event source is [application: 'org.gnome.Terminal' (0x784b644b87c0)] 
10:26:00.130864 - SCRIPT MANAGER: Getting script for [application: 'org.gnome.Terminal' (0x784b644b87c0)]  [terminal: 'Terminal' (0x784b64537900)] 
10:26:00.130884 - SCRIPT MANAGER: Script is custom script org.gnome.Terminal (module=orca.scripts.terminal.script)
10:26:00.130921 - EVENT MANAGER: object:text-changed:delete for [terminal: 'Terminal' (0x784b6440fb00)]  in org.gnome.Terminal (gtk 3.24.52) (2, 1, ) has priority level: 4
10:26:00.130955 - EVENT MANAGER: Queued object:text-changed:delete for [terminal: 'Terminal' (0x784b6440f940)]  in org.gnome.Terminal (gtk 3.24.52) (2, 1, ) priority: 4, counter: 40
10:26:00.130993 - CLIPBOARD PRESENTER: Possible change event object:text-changed:insert for [terminal: 'Terminal' (0x784b643d7900)]  in org.gnome.Terminal (gtk 3.24.52) (2, 1, ▶)

10:26:00.131040 - EVENT MANAGER: object:text-changed:insert for [terminal: 'Terminal' (0x784b6440fc80)]  in org.gnome.Terminal (gtk 3.24.52) (2, 1, ▶)
10:26:00.131054 - FOCUS MANAGER: Locus of focus is None
10:26:00.131098 - EVENT_MANAGER: Not ignoring object:text-changed:insert due to source being focused
10:26:00.131128 - EVENT MANAGER: Queueing object:text-changed:insert for [terminal: 'Terminal' (0x784b643d7e40)]  in org.gnome.Terminal (gtk 3.24.52) (2, 1, ▶)
10:26:00.131144 - EVENT MANAGER: App for event source is [application: 'org.gnome.Terminal' (0x784b644b87c0)] 
10:26:00.131159 - SCRIPT MANAGER: Getting script for [application: 'org.gnome.Terminal' (0x784b644b87c0)]  [terminal: 'Terminal' (0x784b643d7ec0)] 
10:26:00.131180 - SCRIPT MANAGER: Script is custom script org.gnome.Terminal (module=orca.scripts.terminal.script)
10:26:00.131220 - EVENT MANAGER: object:text-changed:insert for [terminal: 'Terminal' (0x784b6440fe80)]  in org.gnome.Terminal (gtk 3.24.52) (2, 1, ▶) has priority level: 4
10:26:00.131256 - EVENT MANAGER: Queued object:text-changed:insert for [terminal: 'Terminal' (0x784b6440fe80)]  in org.gnome.Terminal (gtk 3.24.52) (2, 1, ▶) priority: 4, counter: 41
10:26:00.131693 - EVENT SOURCE:
                  app='org.gnome.Terminal (gtk 3.24.52)' name='Terminal' role='frame' axid='' id=0x784b6440f200
                  description=''
                  help=''
                  locale='C.UTF-8'
                  states='active, enabled, resizable, sensitive, showing, visible'
                  relations=''
                  actions=''
                  interfaces='Collection, Component'
                  attributes='toolkit:gtk, window-type:normal'
                  text=''
                  path=[-1, 0]
                  
10:26:00.131736 - SCRIPT MANAGER: Active script is: default (module=orca.scripts.default)
10:26:00.131773 - FOCUS MANAGER: Locus of focus is None
10:26:00.131842 - EVENT MANAGER: Getting script for event for [application: 'org.gnome.Terminal' (0x784b644b87c0)]  [frame: 'Terminal' (0x784b6440ec80)] 
10:26:00.131887 - SCRIPT MANAGER: Getting script for [application: 'org.gnome.Terminal' (0x784b644b87c0)]  [frame: 'Terminal' (0x784b6440ec80)] 
10:26:00.131942 - SCRIPT MANAGER: Script is app script org.gnome.Terminal (module=orca.scripts.toolkits.gtk.script)
10:26:00.131974 - EVENT MANAGER: Script for event is org.gnome.Terminal (module=orca.scripts.toolkits.gtk.script)
10:26:00.132620 - FOCUS MANAGER: Active window is None event_manager._process_object_event:958 > event_manager._is_activatable_event:814 > event_manager._is_activatable_by_event_type:828 > focus_manager.get_active_window:342
10:26:00.133077 - EVENT MANAGER: Change active script: True (Window activation)
10:26:00.133115 - SCRIPT MANAGER: Deactivating default (module=orca.scripts.default) reason: Window activation
10:26:00.133147 - SCRIPT MANAGER: Setting active script to org.gnome.Terminal (module=orca.scripts.toolkits.gtk.script) reason: Window activation
10:26:00.133169 - DEFAULT: Activating script for [application: 'org.gnome.Terminal' (0x784b644b87c0)] 
10:26:00.133389 - SPEECH MANAGER: Speech server is <orca.speechdispatcherfactory.SpeechServer object at 0x784b644a96a0>
10:26:00.133478 - GSETTINGS SCHEMA HANDLE: speech/punctuation-level not set [app:org.gnome.Terminal, profile:default]
10:26:00.133486 - GSETTINGS REGISTRY: speech/punctuation-level using default value = 'most'
10:26:00.133864 - SPEECH MANAGER: Speech server is <orca.speechdispatcherfactory.SpeechServer object at 0x784b644a96a0>
10:26:00.133912 - GSETTINGS SCHEMA HANDLE: speech/capitalization-style not set [app:org.gnome.Terminal, profile:default]
10:26:00.133921 - GSETTINGS REGISTRY: speech/capitalization-style using default value = 'none'
10:26:00.134121 - SPEECH MANAGER: Speech server is <orca.speechdispatcherfactory.SpeechServer object at 0x784b644a96a0>
10:26:00.134177 - GSETTINGS SCHEMA HANDLE: speech/synthesizer not set [app:org.gnome.Terminal, profile:default]
10:26:00.134204 - SCRIPT MANAGER: Active script is: org.gnome.Terminal (module=orca.scripts.toolkits.gtk.script)
10:26:00.134211 - CARET NAVIGATOR: Commands suspended: False: script activation, no prior state
10:26:00.134249 - GSETTINGS SCHEMA HANDLE: keybindings/keyboard-layout not set [app:org.gnome.Terminal, profile:default]
10:26:00.134255 - GSETTINGS REGISTRY: keybindings/keyboard-layout using default value = 'desktop'
10:26:00.134273 - GSETTINGS SCHEMA HANDLE: keybindings/desktop-modifier-keys not set [app:org.gnome.Terminal, profile:default]
10:26:00.134279 - GSETTINGS REGISTRY: keybindings/desktop-modifier-keys using default value = ['Insert', 'KP_Insert']
10:26:00.134314 - SCRIPT MANAGER: Active script is: org.gnome.Terminal (module=orca.scripts.toolkits.gtk.script)
10:26:00.134319 - STRUCTURAL NAVIGATOR: Suspended: False: script activation, no prior state
10:26:00.134334 - GSETTINGS SCHEMA HANDLE: keybindings/keyboard-layout not set [app:org.gnome.Terminal, profile:default]
10:26:00.134339 - GSETTINGS REGISTRY: keybindings/keyboard-layout using default value = 'desktop'
10:26:00.134350 - GSETTINGS SCHEMA HANDLE: keybindings/desktop-modifier-keys not set [app:org.gnome.Terminal, profile:default]
10:26:00.134354 - GSETTINGS REGISTRY: keybindings/desktop-modifier-keys using default value = ['Insert', 'KP_Insert']
10:26:00.134394 - STRUCTURAL NAVIGATOR: Setting mode for org.gnome.Terminal (module=orca.scripts.toolkits.gtk.script) to NavigationMode.OFF
10:26:00.134408 - SCRIPT MANAGER: Active script is: org.gnome.Terminal (module=orca.scripts.toolkits.gtk.script)
10:26:00.134423 - GSETTINGS SCHEMA HANDLE: keybindings/keyboard-layout not set [app:org.gnome.Terminal, profile:default]
10:26:00.134427 - GSETTINGS REGISTRY: keybindings/keyboard-layout using default value = 'desktop'
10:26:00.134437 - GSETTINGS SCHEMA HANDLE: keybindings/desktop-modifier-keys not set [app:org.gnome.Terminal, profile:default]
10:26:00.134442 - GSETTINGS REGISTRY: keybindings/desktop-modifier-keys using default value = ['Insert', 'KP_Insert']
10:26:00.134475 - CARET NAVIGATOR: Setting enabled state for org.gnome.Terminal (module=orca.scripts.toolkits.gtk.script) to False
10:26:00.134488 - SCRIPT MANAGER: Active script is: org.gnome.Terminal (module=orca.scripts.toolkits.gtk.script)
10:26:00.134505 - GSETTINGS SCHEMA HANDLE: keybindings/keyboard-layout not set [app:org.gnome.Terminal, profile:default]
10:26:00.134509 - GSETTINGS REGISTRY: keybindings/keyboard-layout using default value = 'desktop'
10:26:00.134520 - GSETTINGS SCHEMA HANDLE: keybindings/desktop-modifier-keys not set [app:org.gnome.Terminal, profile:default]
10:26:00.134524 - GSETTINGS REGISTRY: keybindings/desktop-modifier-keys using default value = ['Insert', 'KP_Insert']
10:26:00.134536 - COMMAND MANAGER: Activating commands: activated org.gnome.Terminal (module=orca.scripts.toolkits.gtk.script)
10:26:00.134605 - GSETTINGS SCHEMA HANDLE: keybindings/entries no dict values set
10:26:00.134610 - GSETTINGS REGISTRY: keybindings/entries using default value = {}
10:26:00.134614 - COMMAND MANAGER: No user overrides to apply
10:26:00.134659 - GSETTINGS SCHEMA HANDLE: keybindings/keyboard-layout not set [app:org.gnome.Terminal, profile:default]
10:26:00.134664 - GSETTINGS REGISTRY: keybindings/keyboard-layout using default value = 'desktop'
10:26:00.134675 - GSETTINGS SCHEMA HANDLE: keybindings/desktop-modifier-keys not set [app:org.gnome.Terminal, profile:default]
10:26:00.134679 - GSETTINGS REGISTRY: keybindings/desktop-modifier-keys using default value = ['Insert', 'KP_Insert']

vvvvv COMMAND MANAGER: Grab diff: activated org.gnome.Terminal (module=orca.scripts.toolkits.gtk.script) (old: 77, new: 77) vvvvv
10:26:00.139456 -   Added (31):
10:26:00.139496 -     KP_Divide: leftClickReviewItemHandler
10:26:00.139511 -     KP_Multiply: rightClickReviewItemHandler
10:26:00.139523 -     KP_Add: sayAllHandler
10:26:00.139544 -     Alt+BackSpace: bypass_mode_toggle
10:26:00.139559 -     Alt+Control+Shift+q: toggle_sleep_mode
10:26:00.139573 -     Alt+Shift+Left: table_cell_left
10:26:00.139586 -     Alt+Shift+Right: table_cell_right
10:26:00.139599 -     Alt+Shift+Up: table_cell_up
10:26:00.139611 -     Alt+Shift+Down: table_cell_down
10:26:00.139623 -     Alt+Shift+Home: table_cell_first
10:26:00.139635 -     Alt+Shift+End: table_cell_last
10:26:00.139645 -     KP_Subtract: toggleFlatReviewModeHandler
10:26:00.139655 -     KP_Home: reviewPreviousLineHandler
10:26:00.139665 -     KP_Up: reviewCurrentLineHandler
10:26:00.139675 -     KP_Page_Up: reviewNextLineHandler
10:26:00.139687 -     KP_Up x2: reviewSpellCurrentLineHandler
10:26:00.139696 -     KP_Up x3: reviewPhoneticCurrentLineHandler
10:26:00.139705 -     KP_Left: reviewPreviousItemHandler
10:26:00.139715 -     KP_Begin: reviewCurrentItemHandler
10:26:00.139725 -     KP_Right: reviewNextItemHandler
10:26:00.139734 -     KP_Begin x2: reviewSpellCurrentItemHandler
10:26:00.139743 -     KP_Begin x3: reviewPhoneticCurrentItemHandler
10:26:00.139753 -     KP_End: reviewPreviousCharacterHandler
10:26:00.139763 -     KP_Down: reviewCurrentCharacterHandler
10:26:00.139773 -     KP_Down x2: reviewSpellCurrentCharacterHandler
10:26:00.139783 -     KP_Down x3: reviewUnicodeCurrentCharacterHandler
10:26:00.139792 -     KP_Page_Down: reviewNextCharacterHandler
10:26:00.139801 -     KP_Add x2: flatReviewSayAllHandler
10:26:00.139811 -     KP_Delete: findHandler
10:26:00.139820 -     KP_Enter: whereAmIBasicHandler
10:26:00.139829 -     KP_Enter x2: whereAmIDetailedHandler
^^^^^ COMMAND MANAGER: Diff completed in 0.0052s. Removed 0, added 31, transferred 0 ^^^^^

10:26:00.139943 - GSETTINGS SCHEMA HANDLE: speech/enable not set [app:org.gnome.Terminal, profile:default]
10:26:00.139967 - GSETTINGS REGISTRY: speech/enable using default value = True
10:26:00.139991 - SPEECH MANAGER: Speech is enabled.
10:26:00.140060 - SPEECH MANAGER: start_speech. Script: None Event: None notify_user: False
10:26:00.140073 - SPEECH MANAGER: Initializing server
10:26:00.140083 - SPEECH MANAGER: Already initialized
10:26:00.140131 - GSETTINGS SCHEMA HANDLE: keybindings/keyboard-layout not set [app:org.gnome.Terminal, profile:default]
10:26:00.140146 - GSETTINGS REGISTRY: keybindings/keyboard-layout using default value = 'desktop'
10:26:00.140158 - COMMAND MANAGER: Setting keyboard layout is_desktop to True.
10:26:00.140286 - GSETTINGS SCHEMA HANDLE: keybindings/entries no dict values set
10:26:00.140302 - GSETTINGS REGISTRY: keybindings/entries using default value = {}
10:26:00.140313 - COMMAND MANAGER: No user overrides to apply
10:26:00.140403 - GSETTINGS SCHEMA HANDLE: keybindings/keyboard-layout not set [app:org.gnome.Terminal, profile:default]
10:26:00.140417 - GSETTINGS REGISTRY: keybindings/keyboard-layout using default value = 'desktop'
10:26:00.140451 - GSETTINGS SCHEMA HANDLE: keybindings/desktop-modifier-keys not set [app:org.gnome.Terminal, profile:default]
10:26:00.140465 - GSETTINGS REGISTRY: keybindings/desktop-modifier-keys using default value = ['Insert', 'KP_Insert']

vvvvv COMMAND MANAGER: Grab diff: keyboard layout change (old: 77, new: 77) vvvvv
10:26:00.140495 -   No grab changes
^^^^^ COMMAND MANAGER: Diff completed in 0.0000s. Removed 0, added 0, transferred 0 ^^^^^

10:26:00.140516 - COMMAND MANAGER: Keyboard layout set to desktop.
10:26:00.140557 - GSETTINGS SCHEMA HANDLE: keybindings/keyboard-layout not set [app:org.gnome.Terminal, profile:default]
10:26:00.140571 - GSETTINGS REGISTRY: keybindings/keyboard-layout using default value = 'desktop'
10:26:00.140603 - GSETTINGS SCHEMA HANDLE: keybindings/desktop-modifier-keys not set [app:org.gnome.Terminal, profile:default]
10:26:00.140616 - GSETTINGS REGISTRY: keybindings/desktop-modifier-keys using default value = ['Insert', 'KP_Insert']
10:26:00.140636 - EVENT MANAGER: Processing window:activate: script for event is active
10:26:00.140734 - AXObject: Clearing AT-SPI cache on [frame: 'Terminal' (0x784b6440f980)]  Recursive: False.  Reason: Checking if window can be the active window
10:26:00.142240 - AXUtilities: [frame: 'Terminal' (0x784b6440f980)]  from [application: 'org.gnome.Terminal' (0x784b644b87c0)]  can be active window
10:26:00.142291 - FOCUS MANAGER: Active window is None event_manager._dequeue_object_event:666 > event_manager._process_object_event:982 > default._on_window_activated:1384 > focus_manager.get_active_window:342
10:26:00.143148 - FOCUS MANAGER: Request to set active window to [frame: 'Terminal' (0x784b6440ed40)] 
10:26:00.143210 - FOCUS MANAGER: Focus None is not in [frame: 'Terminal' (0x784b6440ed40)] 
10:26:00.143261 - FOCUS MANAGER: Request to set locus of focus to [frame: 'Terminal' (0x784b6440ed40)]  event_manager._process_object_event:982 > default._on_window_activated:1391 > focus_manager.set_active_window:391 > focus_manager.set_locus_of_focus:271
10:26:00.143822 - AXObject: Clearing AT-SPI cache on [frame: 'Terminal' (0x784b6440ed40)]  Recursive: False.  Reason: Setting locus of focus.
10:26:00.143869 - SCRIPT MANAGER: Active script is: org.gnome.Terminal (module=orca.scripts.toolkits.gtk.script)
10:26:00.144199 - FOCUS MANAGER: Changing locus of focus from None to [frame: 'Terminal' (0x784b6440ed40)] . Notify: True
10:26:00.144297 - FOCUS MANAGER: Switching mode from None to focus-tracking
10:26:00.144453 - FOCUS MANAGER: Region of interest: [frame: 'Terminal' (0x784b6440ed40)]  (0, 0)
10:26:00.144614 - FOCUS MANAGER: Switching object of interest from None to [frame: 'Terminal' (0x784b6440ed40)] 
10:26:00.145229 - DOCUMENT PRESENTER: Updating mode for focus change. Old focus: None old doc: None New focus: [frame: 'Terminal' (0x784b6440ed40)]  new doc: None
10:26:00.145278 - SCRIPT MANAGER: Active script is: org.gnome.Terminal (module=orca.scripts.toolkits.gtk.script)
10:26:00.145293 - CARET NAVIGATOR: Commands suspended: False: locus of focus no longer in document
10:26:00.145361 - GSETTINGS SCHEMA HANDLE: keybindings/keyboard-layout not set [app:org.gnome.Terminal, profile:default]
10:26:00.145377 - GSETTINGS REGISTRY: keybindings/keyboard-layout using default value = 'desktop'
10:26:00.145413 - GSETTINGS SCHEMA HANDLE: keybindings/desktop-modifier-keys not set [app:org.gnome.Terminal, profile:default]
10:26:00.145428 - GSETTINGS REGISTRY: keybindings/desktop-modifier-keys using default value = ['Insert', 'KP_Insert']
10:26:00.145483 - SCRIPT MANAGER: Active script is: org.gnome.Terminal (module=orca.scripts.toolkits.gtk.script)
10:26:00.145503 - STRUCTURAL NAVIGATOR: Suspended: False: locus of focus no longer in document
10:26:00.145542 - GSETTINGS SCHEMA HANDLE: keybindings/keyboard-layout not set [app:org.gnome.Terminal, profile:default]
10:26:00.145556 - GSETTINGS REGISTRY: keybindings/keyboard-layout using default value = 'desktop'
10:26:00.145590 - GSETTINGS SCHEMA HANDLE: keybindings/desktop-modifier-keys not set [app:org.gnome.Terminal, profile:default]
10:26:00.145609 - GSETTINGS REGISTRY: keybindings/desktop-modifier-keys using default value = ['Insert', 'KP_Insert']
10:26:00.145675 - STRUCTURAL NAVIGATOR: Setting mode for org.gnome.Terminal (module=orca.scripts.toolkits.gtk.script) to NavigationMode.OFF
10:26:00.145706 - SCRIPT MANAGER: Active script is: org.gnome.Terminal (module=orca.scripts.toolkits.gtk.script)
10:26:00.145744 - GSETTINGS SCHEMA HANDLE: keybindings/keyboard-layout not set [app:org.gnome.Terminal, profile:default]
10:26:00.145757 - GSETTINGS REGISTRY: keybindings/keyboard-layout using default value = 'desktop'
10:26:00.145789 - GSETTINGS SCHEMA HANDLE: keybindings/desktop-modifier-keys not set [app:org.gnome.Terminal, profile:default]
10:26:00.145802 - GSETTINGS REGISTRY: keybindings/desktop-modifier-keys using default value = ['Insert', 'KP_Insert']
10:26:00.145861 - CARET NAVIGATOR: Setting enabled state for org.gnome.Terminal (module=orca.scripts.toolkits.gtk.script) to False
10:26:00.145891 - SCRIPT MANAGER: Active script is: org.gnome.Terminal (module=orca.scripts.toolkits.gtk.script)
10:26:00.145926 - GSETTINGS SCHEMA HANDLE: keybindings/keyboard-layout not set [app:org.gnome.Terminal, profile:default]
10:26:00.145938 - GSETTINGS REGISTRY: keybindings/keyboard-layout using default value = 'desktop'
10:26:00.145970 - GSETTINGS SCHEMA HANDLE: keybindings/desktop-modifier-keys not set [app:org.gnome.Terminal, profile:default]
10:26:00.145992 - GSETTINGS REGISTRY: keybindings/desktop-modifier-keys using default value = ['Insert', 'KP_Insert']
10:26:00.146088 - SCRIPT UTILITIES: [frame: 'Terminal' (0x784b6440ed40)]  is top-level object for: [frame: 'Terminal' (0x784b6440ed40)] 
10:26:00.146123 - FOCUS MANAGER: Request to set active window to [frame: 'Terminal' (0x784b6440ed40)] 
10:26:00.146137 - FOCUS MANAGER: Setting active window to existing active window
10:26:00.146184 - SCRIPT MANAGER: Getting script for [application: 'org.gnome.Terminal' (0x784b644b87c0)]  [frame: 'Terminal' (0x784b6440ed40)] 
10:26:00.146243 - SCRIPT MANAGER: Script is app script org.gnome.Terminal (module=orca.scripts.toolkits.gtk.script)
10:26:00.146260 - PRESENTATION MANAGER: Not interrupting for locusOfFocus change: event is None
10:26:00.146324 - FOCUS MANAGER: Active mode: focus-tracking Object of interest: [frame: 'Terminal' (0x784b6440ed40)] 
10:26:00.146369 - GSETTINGS SCHEMA HANDLE: speech/enable not set [app:org.gnome.Terminal, profile:default]
10:26:00.146581 - GSETTINGS REGISTRY: speech/enable using default value = True
10:26:00.146639 - GSETTINGS SCHEMA HANDLE: speech/verbosity-level not set [app:org.gnome.Terminal, profile:default]
10:26:00.146647 - GSETTINGS REGISTRY: speech/verbosity-level using default value = 'verbose'
10:26:00.146680 - FOCUS MANAGER: Locus of focus is [frame: 'Terminal' (0x784b6440ed40)] 
10:26:00.146698 - SCRIPT MANAGER: Active script is: org.gnome.Terminal (module=orca.scripts.toolkits.gtk.script)
10:26:00.146719 - GSETTINGS SCHEMA HANDLE: speech/only-speak-displayed-text not set [app:org.gnome.Terminal, profile:default]
10:26:00.146724 - GSETTINGS REGISTRY: speech/only-speak-displayed-text using default value = False
10:26:00.146736 - GSETTINGS SCHEMA HANDLE: speech/speak-description not set [app:org.gnome.Terminal, profile:default]
10:26:00.146740 - GSETTINGS REGISTRY: speech/speak-description using default value = True
10:26:00.146752 - GSETTINGS SCHEMA HANDLE: speech/speak-tutorial-messages not set [app:org.gnome.Terminal, profile:default]
10:26:00.146756 - GSETTINGS REGISTRY: speech/speak-tutorial-messages using default value = True
10:26:00.146766 - GSETTINGS SCHEMA HANDLE: speech/speak-position-in-set not set [app:org.gnome.Terminal, profile:default]
10:26:00.146775 - GSETTINGS REGISTRY: speech/speak-position-in-set using default value = False
10:26:00.146785 - GSETTINGS SCHEMA HANDLE: speech/speak-widget-mnemonic not set [app:org.gnome.Terminal, profile:default]
10:26:00.146788 - GSETTINGS REGISTRY: speech/speak-widget-mnemonic using default value = True
10:26:00.146798 - GSETTINGS SCHEMA HANDLE: speech/speak-blank-lines not set [app:org.gnome.Terminal, profile:default]
10:26:00.146802 - GSETTINGS REGISTRY: speech/speak-blank-lines using default value = True
10:26:00.146813 - GSETTINGS SCHEMA HANDLE: speech/speak-indentation-and-justification not set [app:org.gnome.Terminal, profile:default]
10:26:00.146817 - GSETTINGS REGISTRY: speech/speak-indentation-and-justification using default value = False
10:26:00.146828 - GSETTINGS SCHEMA HANDLE: speech/announce-cell-headers not set [app:org.gnome.Terminal, profile:default]
10:26:00.146832 - GSETTINGS REGISTRY: speech/announce-cell-headers using default value = True
10:26:00.146843 - GSETTINGS SCHEMA HANDLE: speech/announce-cell-coordinates not set [app:org.gnome.Terminal, profile:default]
10:26:00.146847 - GSETTINGS REGISTRY: speech/announce-cell-coordinates using default value = True
10:26:00.146858 - GSETTINGS SCHEMA HANDLE: speech/announce-spreadsheet-cell-coordinates not set [app:org.gnome.Terminal, profile:default]
10:26:00.146862 - GSETTINGS REGISTRY: speech/announce-spreadsheet-cell-coordinates using default value = True
10:26:00.146873 - GSETTINGS SCHEMA HANDLE: speech/announce-blockquote not set [app:org.gnome.Terminal, profile:default]
10:26:00.146876 - GSETTINGS REGISTRY: speech/announce-blockquote using default value = True
10:26:00.146887 - GSETTINGS SCHEMA HANDLE: speech/announce-form not set [app:org.gnome.Terminal, profile:default]
10:26:00.146891 - GSETTINGS REGISTRY: speech/announce-form using default value = True
10:26:00.146901 - GSETTINGS SCHEMA HANDLE: speech/announce-landmark not set [app:org.gnome.Terminal, profile:default]
10:26:00.146904 - GSETTINGS REGISTRY: speech/announce-landmark using default value = True
10:26:00.146915 - GSETTINGS SCHEMA HANDLE: speech/announce-list not set [app:org.gnome.Terminal, profile:default]
10:26:00.146918 - GSETTINGS REGISTRY: speech/announce-list using default value = True
10:26:00.146928 - GSETTINGS SCHEMA HANDLE: speech/announce-grouping not set [app:org.gnome.Terminal, profile:default]
10:26:00.146931 - GSETTINGS REGISTRY: speech/announce-grouping using default value = True
10:26:00.146941 - GSETTINGS SCHEMA HANDLE: speech/announce-table not set [app:org.gnome.Terminal, profile:default]
10:26:00.146944 - GSETTINGS REGISTRY: speech/announce-table using default value = True
10:26:00.147046 - GENERATOR: _get_functional_role: frame
10:26:00.147139 - SPEECH GENERATOR: speech_generator.SpeechGenerator._generate_frame for [frame: 'Terminal' (0x784b6440ed40)]  args: {'formatType': 'unfocused', 'priorObj': "[frame: 'Terminal' (0x784b6440ed40)] ", 'role': 'frame'}
10:26:00.147168 - SPEECH GENERATOR: _generate_old_ancestors: []
10:26:00.147188 - SPEECH GENERATOR: _generate_new_ancestors: []
10:26:00.147463 - AXUtilitiesRelation: [frame: 'Terminal' (0x784b6440ed40)]  is labelled by: []
10:26:00.147483 - GENERATOR: _generate_accessible_label: []
10:26:00.147498 - SPEECH GENERATOR: _generate_accessible_label: []
10:26:00.147526 - GENERATOR: _generate_accessible_name: [Terminal]
10:26:00.147586 - GSETTINGS SCHEMA HANDLE: voice/established not set [app:org.gnome.Terminal, profile:default]
10:26:00.147604 - GSETTINGS SCHEMA HANDLE: voice/rate not set [app:org.gnome.Terminal, profile:default]
10:26:00.147617 - GSETTINGS SCHEMA HANDLE: voice/pitch not set [app:org.gnome.Terminal, profile:default]
10:26:00.147629 - GSETTINGS SCHEMA HANDLE: voice/volume not set [app:org.gnome.Terminal, profile:default]
10:26:00.147642 - GSETTINGS SCHEMA HANDLE: voice/family-name not set [app:org.gnome.Terminal, profile:default]
10:26:00.147653 - GSETTINGS SCHEMA HANDLE: voice/family-lang not set [app:org.gnome.Terminal, profile:default]
10:26:00.147668 - GSETTINGS SCHEMA HANDLE: voice/family-dialect not set [app:org.gnome.Terminal, profile:default]
10:26:00.147678 - GSETTINGS SCHEMA HANDLE: voice/family-gender not set [app:org.gnome.Terminal, profile:default]
10:26:00.147740 - GSETTINGS SCHEMA HANDLE: voice/family-variant not set [app:org.gnome.Terminal, profile:default]
10:26:00.147804 - SPEECH GENERATOR: default voice requested for [frame: 'Terminal' (0x784b6440ed40)]  language='', dialect='' Unmodified voice={'established': False}
10:26:00.147836 - SPEECH GENERATOR: Reported locale of [frame: 'Terminal' (0x784b6440ed40)]  is C
10:26:00.147858 - SPEECH GENERATOR: Updated to: 'C', ''
10:26:00.147895 - GSETTINGS SCHEMA HANDLE: speech/auto-language-switching not set [app:org.gnome.Terminal, profile:default]
10:26:00.147901 - GSETTINGS REGISTRY: speech/auto-language-switching using default value = True
10:26:00.147917 - SPEECH DISPATCHER: Searching for language='C' dialect='' variant='None'.
10:26:00.153658 - SPEECH DISPATCHER: Unfiltered voice list has 0 entries.
10:26:00.154490 - SPEECH DISPATCHER: Unfiltered voice list (try 2) has 0 entries.
10:26:00.154530 - SPEECH DISPATCHER: Found 0 match(es) for language='C' dialect='' variant='None' in 0.0066s.
10:26:00.154673 - SPEECH GENERATOR: Family updated to {'dialect': '', 'lang': 'C', 'name': ''}
10:26:00.154770 - SPEECH GENERATOR: Final voice is {'established': 'False', 'family': "{'dialect': '', 'lang': 'C', 'name': ''}"}
10:26:00.154875 - SPEECH GENERATOR: _generate_accessible_name: [Terminal, {'established': 'False', 'family': "{'dialect': '', 'lang': 'C', 'name': ''}"}]
10:26:00.155132 - GENERATOR: _generate_accessible_label_and_name: [Terminal, {'established': 'False', 'family': "{'dialect': '', 'lang': 'C', 'name': ''}"}]
10:26:00.155212 - SPEECH PRESENTER: Adjusting 'Terminal' from [frame: 'Terminal' (0x784b6440ed40)]  start_offset: None
10:26:00.155287 - GSETTINGS SCHEMA HANDLE: speech/speak-numbers-as-digits not set [app:org.gnome.Terminal, profile:default]
10:26:00.155296 - GSETTINGS REGISTRY: speech/speak-numbers-as-digits using default value = False
10:26:00.155333 - GSETTINGS SCHEMA HANDLE: speech/repeated-character-limit not set [app:org.gnome.Terminal, profile:default]
10:26:00.155339 - GSETTINGS REGISTRY: speech/repeated-character-limit using default value = 4
10:26:00.155541 - GSETTINGS SCHEMA HANDLE: speech/use-pronunciation-dictionary not set [app:org.gnome.Terminal, profile:default]
10:26:00.155551 - GSETTINGS REGISTRY: speech/use-pronunciation-dictionary using default value = True
10:26:00.155607 - GSETTINGS SCHEMA HANDLE: pronunciations/entries no dict values set
10:26:00.155614 - GSETTINGS REGISTRY: pronunciations/entries using default value = {}
10:26:00.155620 - SPEECH PRESENTER: Adjusted text: 'Terminal'
10:26:00.155683 - SPEECH GENERATOR: _generate_accessible_label_and_name: [Terminal, {'established': 'False', 'family': "{'dialect': '', 'lang': 'C', 'name': ''}"}]
10:26:00.155778 - SPEECH GENERATOR: _generate_accessible_role: []
10:26:00.155910 - AXUtilities: Unfocused alerts and dialogs for [frame: 'Terminal' (0x784b6440ed40)] : []
10:26:00.155930 - SPEECH GENERATOR: _generate_unfocused_dialog_count: []
10:26:00.156002 - SPEECH GENERATOR: Results: [Terminal, {'established': 'False', 'family': "{'dialect': '', 'lang': 'C', 'name': ''}"}]
10:26:00.156070 - SPEECH: Speak [Terminal, {'established': 'False', 'family': "{'dialect': '', 'lang': 'C', 'name': ''}"}], acss: None
10:26:00.156096 - SPEECH OUTPUT: 'Terminal' {'established': False, 'family': {'name': '', 'gender': None, 'lang': 'C', 'dialect': '', 'variant': None}}
10:26:00.156102 - SPEECH DISPATCHER: Speaking 'Terminal' as string
10:26:00.156461 - SPEECH DISPATCHER: Speaking '<speak><mark name="0:8"/>Terminal</speak>' 
                  ORCA rate 50.0, pitch 5.0, volume 10.0, language C, punctuation: MOST
                  SD rate 2, pitch 10, volume 100, language c
10:26:00.156593 - GSETTINGS SCHEMA HANDLE: braille/enabled not set [app:org.gnome.Terminal, profile:default]
10:26:00.156607 - GSETTINGS REGISTRY: braille/enabled using default value = True
10:26:00.156638 - FOCUS MANAGER: Active mode: focus-tracking Object of interest: [frame: 'Terminal' (0x784b6440ed40)] 
10:26:00.156654 - GSETTINGS SCHEMA HANDLE: braille/enabled not set [app:org.gnome.Terminal, profile:default]
10:26:00.156658 - GSETTINGS REGISTRY: braille/enabled using default value = True
10:26:00.156682 - GSETTINGS SCHEMA HANDLE: braille/verbosity-level not set [app:org.gnome.Terminal, profile:default]
10:26:00.156686 - GSETTINGS REGISTRY: braille/verbosity-level using default value = 'verbose'
10:26:00.156701 - FOCUS MANAGER: Locus of focus is [frame: 'Terminal' (0x784b6440ed40)] 
10:26:00.156722 - SCRIPT MANAGER: Active script is: org.gnome.Terminal (module=orca.scripts.toolkits.gtk.script)
10:26:00.156739 - GSETTINGS SCHEMA HANDLE: braille/rolename-style not set [app:org.gnome.Terminal, profile:default]
10:26:00.156743 - GSETTINGS REGISTRY: braille/rolename-style using default value = 'verbose'
10:26:00.156755 - GSETTINGS SCHEMA HANDLE: braille/display-ancestors not set [app:org.gnome.Terminal, profile:default]
10:26:00.156758 - GSETTINGS REGISTRY: braille/display-ancestors using default value = True
10:26:00.156770 - GSETTINGS SCHEMA HANDLE: braille/end-of-line-indicator not set [app:org.gnome.Terminal, profile:default]
10:26:00.156774 - GSETTINGS REGISTRY: braille/end-of-line-indicator using default value = True
10:26:00.156783 - GSETTINGS SCHEMA HANDLE: braille/present-mnemonics not set [app:org.gnome.Terminal, profile:default]
10:26:00.156786 - GSETTINGS REGISTRY: braille/present-mnemonics using default value = True
10:26:00.156871 - GENERATOR: _get_functional_role: frame
10:26:00.156927 - BRAILLE GENERATOR: braille_generator.BrailleGenerator._generate_frame for [frame: 'Terminal' (0x784b6440ed40)]  args: {'formatType': 'focused', 'priorObj': "[frame: 'Terminal' (0x784b6440ed40)] ", 'role': 'frame'}
10:26:00.157340 - GENERATOR: _get_functional_role: application
10:26:00.157372 - BRAILLE GENERATOR: [application: 'org.gnome.Terminal' (0x784b644b87c0)]  lacks dedicated generator
10:26:00.157435 - BRAILLE GENERATOR: braille_generator.BrailleGenerator._generate_default_presentation for [application: 'org.gnome.Terminal' (0x784b644b87c0)]  args: {'formatType': 'ancestor', 'includeContext': 'False', 'priorObj': "[frame: 'Terminal' (0x784b6440ed40)] ", 'role': 'application'}
10:26:00.157563 - AXUtilitiesRelation: [application: 'org.gnome.Terminal' (0x784b644b87c0)]  is labelled by: []
10:26:00.157582 - GENERATOR: _generate_accessible_label: []
10:26:00.157605 - GENERATOR: _generate_accessible_name: [org.gnome.Terminal]
10:26:00.157625 - GENERATOR: _generate_accessible_label_and_name: [org.gnome.Terminal]
10:26:00.157868 - BRAILLE GENERATOR: _generate_accessible_role: [application]
10:26:00.157887 - BRAILLE: Not contracting 'org.gnome.Terminal application' because contracted braille is not enabled.
10:26:00.157910 - BRAILLE GENERATOR: Results: [COMPONENT: 'org.gnome.Terminal application', cursor offset:0]
10:26:00.157935 - BRAILLE GENERATOR: _generate_ancestors: [COMPONENT: 'org.gnome.Terminal application', cursor offset:0]
10:26:00.157969 - AXUtilitiesRelation: [frame: 'Terminal' (0x784b6440ed40)]  is labelled by: []
10:26:00.157989 - GENERATOR: _generate_accessible_label: []
10:26:00.158012 - GENERATOR: _generate_accessible_name: [Terminal]
10:26:00.158033 - GENERATOR: _generate_accessible_label_and_name: [Terminal]
10:26:00.158123 - BRAILLE GENERATOR: _generate_accessible_role: [frame]
10:26:00.158226 - AXUtilities: Unfocused alerts and dialogs for [frame: 'Terminal' (0x784b6440ed40)] : []
10:26:00.158244 - BRAILLE GENERATOR: _generate_alert_and_dialog_count: []
10:26:00.158253 - BRAILLE: Not contracting 'Terminal frame' because contracted braille is not enabled.
10:26:00.158291 - AXUtilitiesRelation: [frame: 'Terminal' (0x784b6440ed40)]  is described by: []
10:26:00.158306 - GENERATOR: _generate_accessible_description: []
10:26:00.158329 - GENERATOR: _generate_state_current: []
10:26:00.158358 - BRAILLE GENERATOR: Results: [COMPONENT: 'org.gnome.Terminal application', cursor offset:0, REGION: ' ', cursor offset:0, COMPONENT: 'Terminal frame', cursor offset:0]
10:26:00.158417 - BRAILLE: Refresh. Pan: True target: 0
10:26:00.158425 - BRAILLE: Kill flash message braille.display_line:1618 > braille.refresh:2097 > braille._prepare_refresh:1856 > braille.kill_flash:2182
10:26:00.159784 - GSETTINGS SCHEMA HANDLE: braille/enabled not set [app:org.gnome.Terminal, profile:default]
10:26:00.159805 - GSETTINGS REGISTRY: braille/enabled using default value = True
10:26:00.159831 - BRAILLE: Last text object: None (Caret: 0, Line: 0, Cell: 0)
10:26:00.159857 - BRAILLE: Current text object: None (Caret: 0, Line: 0). On same line: False
10:26:00.159867 - BRAILLE: Line 0: 'org.gnome.Terminal application Terminal frame' focusOffset: 31 [[0, 31], [31, 45]]
10:26:00.159873 - BRAILLE: Cursor offset in line string is: 31
10:26:00.159882 - BRAILLE: Adjusting offset to 31 (unhandled condition)
10:26:00.159887 - BRAILLE: Current range: (31, 63). Target cell: 0
10:26:00.159894 - BRAILLE LINE:  'org.gnome.Terminal application Terminal frame'
10:26:00.159898 -      VISIBLE:  'Terminal frame', cursor=1
10:26:00.159914 - BRAILLE: Enabling braille. BrlAPI running: False
10:26:00.159919 - BRAILLE: Need to initialize first.
10:26:00.159935 - BRAILLE: Initializing. Callback: input_event_manager.InputEventManager.process_braille_event
10:26:00.159953 - BRAILLE: WINDOWPATH= None
10:26:00.159967 - BRAILLE: XDG_VTNR= 1
10:26:00.159989 - BRAILLE: Attempting connection with BrlAPI.
10:26:00.160248 - AXTable: Setting last cell coordinates to row=-1, column=-1
10:26:00.160281 - FOCUS MANAGER: Setting last cursor position to [frame: 'Terminal' (0x784b6440ed40)]  -1
10:26:00.160410 - BRAILLE: BrlAPI Connection is unavailable (ConnectionError): couldn't connect to b':0' with key b'keyfile:/etc/brlapi.key+polkit': connect: No such file or directory
                  (brlerrno 11, libcerrno 2, gaierrno 0)
                  Is BRLTTY really running?
10:26:00.160337 - FOCUS MANAGER: Active window is [frame: 'Terminal' (0x784b6440ed40)]  focus_manager.set_locus_of_focus:327 > focus_manager._save_object_details:254 > ax_utilities_event.save_object_info_for_events:195 > focus_manager.get_active_window:342
10:26:00.160992 - SCRIPT MANAGER: Getting script for [application: 'org.gnome.Terminal' (0x784b644b87c0)]  [frame: 'Terminal' (0x784b6440ed40)] 
10:26:00.161031 - SCRIPT MANAGER: Script is app script org.gnome.Terminal (module=orca.scripts.toolkits.gtk.script)
10:26:00.161167 - SPELL CHECK PRESENTER: Handling window:activate for [frame: 'Terminal' (0x784b6440ed40)] 
10:26:00.161188 - SPELL CHECK PRESENTER: Attempting activation for [frame: 'Terminal' (0x784b6440ed40)] 
10:26:00.161249 - SPELL CHECK PRESENTER: [frame: 'Terminal' (0x784b6440ed40)]  is not spellcheck window
10:26:00.161256 - SPELL CHECK PRESENTER: Not a spellcheck window. Deactivating.
10:26:00.161272 - FOCUS MANAGER: Request to set locus of focus to [frame: 'Terminal' (0x784b6440ed40)]  event_manager._dequeue_object_event:666 > event_manager._process_object_event:982 > default._on_window_activated:1408 > focus_manager.set_locus_of_focus:271
10:26:00.161559 - AXObject: Clearing AT-SPI cache on [frame: 'Terminal' (0x784b6440ed40)]  Recursive: False.  Reason: Setting locus of focus.
10:26:00.161569 - FOCUS MANAGER: Setting locus of focus to existing locus of focus
TOTAL PROCESSING TIME: 0.0366
^^^^^ FINISHED PRIORITY-2 OBJECT EVENT WINDOW:ACTIVATE ^^^^^

10:26:00.161890 - EVENT MANAGER: Dequeueing object:state-changed:active for [frame: 'Terminal' (0x784b6440ed40)]  in org.gnome.Terminal (gtk 3.24.52) (1, 0, 0)
10:26:00.162054 - EVENT MANAGER: Dequeued object:state-changed:active for [frame: 'Terminal' (0x784b6440ed40)]  in org.gnome.Terminal (gtk 3.24.52) (1, 0, 0) priority: 2, counter: 9

vvvvv START PRIORITY-2 OBJECT EVENT OBJECT:STATE-CHANGED:ACTIVE (queue size: 36) vvvvv
10:26:00.162732 - EVENT SOURCE:
                  app='org.gnome.Terminal (gtk 3.24.52)' name='Terminal' role='frame' axid='' id=0x784b6440ed40
                  description=''
                  help=''
                  locale='C.UTF-8'
                  states='active, enabled, resizable, sensitive, showing, visible'
                  relations=''
                  actions=''
                  interfaces='Collection, Component'
                  attributes='toolkit:gtk, window-type:normal'
                  text=''
                  path=[-1, 0]
                  
10:26:00.162772 - SCRIPT MANAGER: Active script is: org.gnome.Terminal (module=orca.scripts.toolkits.gtk.script)
10:26:00.162791 - FOCUS MANAGER: Locus of focus is [frame: 'Terminal' (0x784b6440ed40)] 
10:26:00.162807 - EVENT MANAGER: Script for event from locus of focus is org.gnome.Terminal (module=orca.scripts.toolkits.gtk.script)
10:26:00.162814 - EVENT MANAGER: Processing object:state-changed:active: script for event is active
10:26:00.162853 - AXObject: Clearing AT-SPI cache on [frame: 'Terminal' (0x784b6440ed40)]  Recursive: False.  Reason: Checking if window can be the active window
10:26:00.164606 - AXUtilities: [frame: 'Terminal' (0x784b6440ed40)]  from [application: 'org.gnome.Terminal' (0x784b644b87c0)]  can be active window
10:26:00.164682 - FOCUS MANAGER: Active window is [frame: 'Terminal' (0x784b6440ed40)]  event_manager._dequeue_object_event:666 > event_manager._process_object_event:982 > default._on_active_changed:799 > focus_manager.get_active_window:342
TOTAL PROCESSING TIME: 0.0031
^^^^^ FINISHED PRIORITY-2 OBJECT EVENT OBJECT:STATE-CHANGED:ACTIVE ^^^^^

10:26:00.165259 - WARNING: Braille initialization failed: BrlAPI connection unavailable.
10:26:00.165293 - BRAILLE: Scheduling BrlAPI retry in 2000 ms.
10:26:00.165522 - EVENT MANAGER: Dequeueing window:activate for [frame: 'Reactive TUI App accessibility round 1' (0x784b642cd240)]  in accessibility_probe (AccessKit) (0, 0, Reactive TUI App accessibility round 1)
10:26:00.165623 - EVENT MANAGER: Dequeued window:activate for [frame: 'Reactive TUI App accessibility round 1' (0x784b642cd280)]  in accessibility_probe (AccessKit) (0, 0, Reactive TUI App accessibility round 1) priority: 2, counter: 29

vvvvv START PRIORITY-2 OBJECT EVENT WINDOW:ACTIVATE (queue size: 35) vvvvv
10:26:00.168471 - EVENT SOURCE:
                  app='accessibility_probe (AccessKit )' name='Reactive TUI App accessibility round 1' role='frame' axid='' id=0x784b642cd240
                  description=''
                  help=''
                  locale=''
                  states='active, enabled, sensitive, showing, visible'
                  relations=''
                  actions=''
                  interfaces='Component'
                  attributes=''
                  text=''
                  path=[-1, 0]
                  
10:26:00.168576 - SCRIPT MANAGER: Active script is: org.gnome.Terminal (module=orca.scripts.toolkits.gtk.script)
10:26:00.168634 - FOCUS MANAGER: Locus of focus is [frame: 'Terminal' (0x784b6440ed40)] 
10:26:00.168673 - EVENT MANAGER: Getting script for event for [application: 'accessibility_probe' (0x784b64409b80)]  [frame: 'Reactive TUI App accessibility round 1' (0x784b642cd240)] 
10:26:00.168693 - SCRIPT MANAGER: Getting script for [application: 'accessibility_probe' (0x784b64409b80)]  [frame: 'Reactive TUI App accessibility round 1' (0x784b642cd240)] 
10:26:00.169018 - SCRIPT MANAGER: Script is app script accessibility_probe (module=orca.scripts.default)
10:26:00.169039 - EVENT MANAGER: Script for event is accessibility_probe (module=orca.scripts.default)
10:26:00.170412 - FOCUS MANAGER: Active window is [frame: 'Terminal' (0x784b6440ed40)]  event_manager._process_object_event:958 > event_manager._is_activatable_event:814 > event_manager._is_activatable_by_event_type:828 > focus_manager.get_active_window:342
10:26:00.170963 - EVENT MANAGER: Change active script: True (Window activation)
10:26:00.171033 - SCRIPT MANAGER: Deactivating org.gnome.Terminal (module=orca.scripts.toolkits.gtk.script) reason: Window activation
10:26:00.171086 - SCRIPT MANAGER: Setting active script to accessibility_probe (module=orca.scripts.default) reason: Window activation
10:26:00.171137 - DEFAULT: Activating script for [application: 'accessibility_probe' (0x784b64409b80)] 
10:26:00.171785 - SPEECH MANAGER: Speech server is <orca.speechdispatcherfactory.SpeechServer object at 0x784b644a96a0>
10:26:00.171942 - GSETTINGS SCHEMA HANDLE: speech/punctuation-level not set [app:accessibility_probe, profile:default]
10:26:00.171965 - GSETTINGS REGISTRY: speech/punctuation-level using default value = 'most'
10:26:00.172856 - SPEECH MANAGER: Speech server is <orca.speechdispatcherfactory.SpeechServer object at 0x784b644a96a0>
10:26:00.172940 - GSETTINGS SCHEMA HANDLE: speech/capitalization-style not set [app:accessibility_probe, profile:default]
10:26:00.172957 - GSETTINGS REGISTRY: speech/capitalization-style using default value = 'none'
10:26:00.173419 - SPEECH MANAGER: Speech server is <orca.speechdispatcherfactory.SpeechServer object at 0x784b644a96a0>
10:26:00.173748 - GSETTINGS SCHEMA HANDLE: speech/synthesizer not set [app:accessibility_probe, profile:default]
10:26:00.173808 - SCRIPT MANAGER: Active script is: accessibility_probe (module=orca.scripts.default)
10:26:00.173824 - CARET NAVIGATOR: Commands suspended: False: script activation, no prior state
10:26:00.173904 - GSETTINGS SCHEMA HANDLE: keybindings/keyboard-layout not set [app:accessibility_probe, profile:default]
10:26:00.173920 - GSETTINGS REGISTRY: keybindings/keyboard-layout using default value = 'desktop'
10:26:00.173957 - GSETTINGS SCHEMA HANDLE: keybindings/desktop-modifier-keys not set [app:accessibility_probe, profile:default]
10:26:00.173971 - GSETTINGS REGISTRY: keybindings/desktop-modifier-keys using default value = ['Insert', 'KP_Insert']
10:26:00.174047 - SCRIPT MANAGER: Active script is: accessibility_probe (module=orca.scripts.default)
10:26:00.174061 - STRUCTURAL NAVIGATOR: Suspended: False: script activation, no prior state
10:26:00.174099 - GSETTINGS SCHEMA HANDLE: keybindings/keyboard-layout not set [app:accessibility_probe, profile:default]
10:26:00.174112 - GSETTINGS REGISTRY: keybindings/keyboard-layout using default value = 'desktop'
10:26:00.174144 - GSETTINGS SCHEMA HANDLE: keybindings/desktop-modifier-keys not set [app:accessibility_probe, profile:default]
10:26:00.174156 - GSETTINGS REGISTRY: keybindings/desktop-modifier-keys using default value = ['Insert', 'KP_Insert']
10:26:00.174221 - STRUCTURAL NAVIGATOR: Setting mode for accessibility_probe (module=orca.scripts.default) to NavigationMode.OFF
10:26:00.174251 - SCRIPT MANAGER: Active script is: accessibility_probe (module=orca.scripts.default)
10:26:00.174288 - GSETTINGS SCHEMA HANDLE: keybindings/keyboard-layout not set [app:accessibility_probe, profile:default]
10:26:00.174301 - GSETTINGS REGISTRY: keybindings/keyboard-layout using default value = 'desktop'
10:26:00.174332 - GSETTINGS SCHEMA HANDLE: keybindings/desktop-modifier-keys not set [app:accessibility_probe, profile:default]
10:26:00.174344 - GSETTINGS REGISTRY: keybindings/desktop-modifier-keys using default value = ['Insert', 'KP_Insert']
10:26:00.174404 - CARET NAVIGATOR: Setting enabled state for accessibility_probe (module=orca.scripts.default) to False
10:26:00.174433 - SCRIPT MANAGER: Active script is: accessibility_probe (module=orca.scripts.default)
10:26:00.174468 - GSETTINGS SCHEMA HANDLE: keybindings/keyboard-layout not set [app:accessibility_probe, profile:default]
10:26:00.174480 - GSETTINGS REGISTRY: keybindings/keyboard-layout using default value = 'desktop'
10:26:00.174511 - GSETTINGS SCHEMA HANDLE: keybindings/desktop-modifier-keys not set [app:accessibility_probe, profile:default]
10:26:00.174523 - GSETTINGS REGISTRY: keybindings/desktop-modifier-keys using default value = ['Insert', 'KP_Insert']
10:26:00.174545 - COMMAND MANAGER: Activating commands: activated accessibility_probe (module=orca.scripts.default)
10:26:00.174674 - GSETTINGS SCHEMA HANDLE: keybindings/entries no dict values set
10:26:00.174690 - GSETTINGS REGISTRY: keybindings/entries using default value = {}
10:26:00.174700 - COMMAND MANAGER: No user overrides to apply
10:26:00.174789 - GSETTINGS SCHEMA HANDLE: keybindings/keyboard-layout not set [app:accessibility_probe, profile:default]
10:26:00.174810 - GSETTINGS REGISTRY: keybindings/keyboard-layout using default value = 'desktop'
10:26:00.174844 - GSETTINGS SCHEMA HANDLE: keybindings/desktop-modifier-keys not set [app:accessibility_probe, profile:default]
10:26:00.174857 - GSETTINGS REGISTRY: keybindings/desktop-modifier-keys using default value = ['Insert', 'KP_Insert']

vvvvv COMMAND MANAGER: Grab diff: activated accessibility_probe (module=orca.scripts.default) (old: 77, new: 77) vvvvv
10:26:00.174895 -   No grab changes
^^^^^ COMMAND MANAGER: Diff completed in 0.0000s. Removed 0, added 0, transferred 0 ^^^^^

10:26:00.174949 - GSETTINGS SCHEMA HANDLE: speech/enable not set [app:accessibility_probe, profile:default]
10:26:00.174962 - GSETTINGS REGISTRY: speech/enable using default value = True
10:26:00.174972 - SPEECH MANAGER: Speech is enabled.
10:26:00.175040 - SPEECH MANAGER: start_speech. Script: None Event: None notify_user: False
10:26:00.175052 - SPEECH MANAGER: Initializing server
10:26:00.175062 - SPEECH MANAGER: Already initialized
10:26:00.175100 - GSETTINGS SCHEMA HANDLE: keybindings/keyboard-layout not set [app:accessibility_probe, profile:default]
10:26:00.175113 - GSETTINGS REGISTRY: keybindings/keyboard-layout using default value = 'desktop'
10:26:00.175125 - COMMAND MANAGER: Setting keyboard layout is_desktop to True.
10:26:00.175223 - GSETTINGS SCHEMA HANDLE: keybindings/entries no dict values set
10:26:00.175237 - GSETTINGS REGISTRY: keybindings/entries using default value = {}
10:26:00.175247 - COMMAND MANAGER: No user overrides to apply
10:26:00.175327 - GSETTINGS SCHEMA HANDLE: keybindings/keyboard-layout not set [app:accessibility_probe, profile:default]
10:26:00.175340 - GSETTINGS REGISTRY: keybindings/keyboard-layout using default value = 'desktop'
10:26:00.175370 - GSETTINGS SCHEMA HANDLE: keybindings/desktop-modifier-keys not set [app:accessibility_probe, profile:default]
10:26:00.175382 - GSETTINGS REGISTRY: keybindings/desktop-modifier-keys using default value = ['Insert', 'KP_Insert']

vvvvv COMMAND MANAGER: Grab diff: keyboard layout change (old: 77, new: 77) vvvvv
10:26:00.175409 -   No grab changes
^^^^^ COMMAND MANAGER: Diff completed in 0.0000s. Removed 0, added 0, transferred 0 ^^^^^

10:26:00.175428 - COMMAND MANAGER: Keyboard layout set to desktop.
10:26:00.175465 - GSETTINGS SCHEMA HANDLE: keybindings/keyboard-layout not set [app:accessibility_probe, profile:default]
10:26:00.175476 - GSETTINGS REGISTRY: keybindings/keyboard-layout using default value = 'desktop'
10:26:00.175505 - GSETTINGS SCHEMA HANDLE: keybindings/desktop-modifier-keys not set [app:accessibility_probe, profile:default]
10:26:00.175517 - GSETTINGS REGISTRY: keybindings/desktop-modifier-keys using default value = ['Insert', 'KP_Insert']
10:26:00.175547 - EVENT MANAGER: Processing window:activate: script for event is active
10:26:00.175639 - AXObject: Clearing AT-SPI cache on [frame: 'Reactive TUI App accessibility round 1' (0x784b642ce640)]  Recursive: False.  Reason: Checking if window can be the active window
10:26:00.178438 - AXUtilities: [frame: 'Reactive TUI App accessibility round 1' (0x784b642ce640)]  from [application: 'accessibility_probe' (0x784b64409b80)]  can be active window
10:26:00.178528 - FOCUS MANAGER: Active window is [frame: 'Terminal' (0x784b6440ed40)]  event_manager._dequeue_object_event:666 > event_manager._process_object_event:982 > default._on_window_activated:1384 > focus_manager.get_active_window:342
10:26:00.178949 - FOCUS MANAGER: Request to set active window to [frame: 'Reactive TUI App accessibility round 1' (0x784b64726b00)] 
10:26:00.179026 - FOCUS MANAGER: Focus [frame: 'Terminal' (0x784b6440ed40)]  is not in [frame: 'Reactive TUI App accessibility round 1' (0x784b64726b00)] 
10:26:00.179059 - FOCUS MANAGER: Request to set locus of focus to [frame: 'Reactive TUI App accessibility round 1' (0x784b64726b00)]  event_manager._process_object_event:982 > default._on_window_activated:1391 > focus_manager.set_active_window:391 > focus_manager.set_locus_of_focus:271
10:26:00.179364 - AXObject: Clearing AT-SPI cache on [frame: 'Reactive TUI App accessibility round 1' (0x784b64726b00)]  Recursive: False.  Reason: Setting locus of focus.
10:26:00.179385 - SCRIPT MANAGER: Active script is: accessibility_probe (module=orca.scripts.default)
10:26:00.180840 - FOCUS MANAGER: Changing locus of focus from [frame: 'Terminal' (0x784b6440ed40)]  to [frame: 'Reactive TUI App accessibility round 1' (0x784b64726b00)] . Notify: True
10:26:00.181999 - FOCUS MANAGER: Region of interest: [frame: 'Reactive TUI App accessibility round 1' (0x784b64726b00)]  (0, 0)
10:26:00.182897 - FOCUS MANAGER: Switching object of interest from [frame: 'Terminal' (0x784b6440ed40)]  to [frame: 'Reactive TUI App accessibility round 1' (0x784b64726b00)] 
10:26:00.184416 - DOCUMENT PRESENTER: Updating mode for focus change. Old focus: [frame: 'Terminal' (0x784b6440ed40)]  old doc: None New focus: [frame: 'Reactive TUI App accessibility round 1' (0x784b64726b00)]  new doc: None
10:26:00.184473 - SCRIPT MANAGER: Active script is: accessibility_probe (module=orca.scripts.default)
10:26:00.184492 - CARET NAVIGATOR: Commands suspended: False: locus of focus no longer in document
10:26:00.184578 - GSETTINGS SCHEMA HANDLE: keybindings/keyboard-layout not set [app:accessibility_probe, profile:default]
10:26:00.184597 - GSETTINGS REGISTRY: keybindings/keyboard-layout using default value = 'desktop'
10:26:00.184635 - GSETTINGS SCHEMA HANDLE: keybindings/desktop-modifier-keys not set [app:accessibility_probe, profile:default]
10:26:00.184652 - GSETTINGS REGISTRY: keybindings/desktop-modifier-keys using default value = ['Insert', 'KP_Insert']
10:26:00.184729 - SCRIPT MANAGER: Active script is: accessibility_probe (module=orca.scripts.default)
10:26:00.184746 - STRUCTURAL NAVIGATOR: Suspended: False: locus of focus no longer in document
10:26:00.184788 - GSETTINGS SCHEMA HANDLE: keybindings/keyboard-layout not set [app:accessibility_probe, profile:default]
10:26:00.184803 - GSETTINGS REGISTRY: keybindings/keyboard-layout using default value = 'desktop'
10:26:00.184837 - GSETTINGS SCHEMA HANDLE: keybindings/desktop-modifier-keys not set [app:accessibility_probe, profile:default]
10:26:00.184851 - GSETTINGS REGISTRY: keybindings/desktop-modifier-keys using default value = ['Insert', 'KP_Insert']
10:26:00.184918 - STRUCTURAL NAVIGATOR: Setting mode for accessibility_probe (module=orca.scripts.default) to NavigationMode.OFF
10:26:00.184949 - SCRIPT MANAGER: Active script is: accessibility_probe (module=orca.scripts.default)
10:26:00.184998 - GSETTINGS SCHEMA HANDLE: keybindings/keyboard-layout not set [app:accessibility_probe, profile:default]
10:26:00.185016 - GSETTINGS REGISTRY: keybindings/keyboard-layout using default value = 'desktop'
10:26:00.185049 - GSETTINGS SCHEMA HANDLE: keybindings/desktop-modifier-keys not set [app:accessibility_probe, profile:default]
10:26:00.185062 - GSETTINGS REGISTRY: keybindings/desktop-modifier-keys using default value = ['Insert', 'KP_Insert']
10:26:00.185124 - CARET NAVIGATOR: Setting enabled state for accessibility_probe (module=orca.scripts.default) to False
10:26:00.185154 - SCRIPT MANAGER: Active script is: accessibility_probe (module=orca.scripts.default)
10:26:00.185191 - GSETTINGS SCHEMA HANDLE: keybindings/keyboard-layout not set [app:accessibility_probe, profile:default]
10:26:00.185203 - GSETTINGS REGISTRY: keybindings/keyboard-layout using default value = 'desktop'
10:26:00.185234 - GSETTINGS SCHEMA HANDLE: keybindings/desktop-modifier-keys not set [app:accessibility_probe, profile:default]
10:26:00.185246 - GSETTINGS REGISTRY: keybindings/desktop-modifier-keys using default value = ['Insert', 'KP_Insert']
10:26:00.185352 - SCRIPT UTILITIES: [frame: 'Reactive TUI App accessibility round 1' (0x784b64726b00)]  is top-level object for: [frame: 'Reactive TUI App accessibility round 1' (0x784b64726b00)] 
10:26:00.185390 - FOCUS MANAGER: Request to set active window to [frame: 'Reactive TUI App accessibility round 1' (0x784b64726b00)] 
10:26:00.185404 - FOCUS MANAGER: Setting active window to existing active window
10:26:00.185463 - SCRIPT MANAGER: Getting script for [application: 'accessibility_probe' (0x784b64409b80)]  [frame: 'Reactive TUI App accessibility round 1' (0x784b64726b00)] 
10:26:00.186026 - SCRIPT MANAGER: Script is app script accessibility_probe (module=orca.scripts.default)
10:26:00.186058 - PRESENTATION MANAGER: Not interrupting for locusOfFocus change: event is None
10:26:00.186132 - FOCUS MANAGER: Active mode: focus-tracking Object of interest: [frame: 'Reactive TUI App accessibility round 1' (0x784b64726b00)] 
10:26:00.186182 - GSETTINGS SCHEMA HANDLE: speech/enable not set [app:accessibility_probe, profile:default]
10:26:00.186196 - GSETTINGS REGISTRY: speech/enable using default value = True
10:26:00.186236 - GSETTINGS SCHEMA HANDLE: speech/verbosity-level not set [app:accessibility_probe, profile:default]
10:26:00.186250 - GSETTINGS REGISTRY: speech/verbosity-level using default value = 'verbose'
10:26:00.186286 - FOCUS MANAGER: Locus of focus is [frame: 'Reactive TUI App accessibility round 1' (0x784b64726b00)] 
10:26:00.186319 - SCRIPT MANAGER: Active script is: accessibility_probe (module=orca.scripts.default)
10:26:00.186359 - GSETTINGS SCHEMA HANDLE: speech/only-speak-displayed-text not set [app:accessibility_probe, profile:default]
10:26:00.186372 - GSETTINGS REGISTRY: speech/only-speak-displayed-text using default value = False
10:26:00.186405 - GSETTINGS SCHEMA HANDLE: speech/speak-description not set [app:accessibility_probe, profile:default]
10:26:00.186418 - GSETTINGS REGISTRY: speech/speak-description using default value = True
10:26:00.186450 - GSETTINGS SCHEMA HANDLE: speech/speak-tutorial-messages not set [app:accessibility_probe, profile:default]
10:26:00.186461 - GSETTINGS REGISTRY: speech/speak-tutorial-messages using default value = True
10:26:00.186493 - GSETTINGS SCHEMA HANDLE: speech/speak-position-in-set not set [app:accessibility_probe, profile:default]
10:26:00.186505 - GSETTINGS REGISTRY: speech/speak-position-in-set using default value = False
10:26:00.186537 - GSETTINGS SCHEMA HANDLE: speech/speak-widget-mnemonic not set [app:accessibility_probe, profile:default]
10:26:00.186548 - GSETTINGS REGISTRY: speech/speak-widget-mnemonic using default value = True
10:26:00.186579 - GSETTINGS SCHEMA HANDLE: speech/speak-blank-lines not set [app:accessibility_probe, profile:default]
10:26:00.186591 - GSETTINGS REGISTRY: speech/speak-blank-lines using default value = True
10:26:00.186624 - GSETTINGS SCHEMA HANDLE: speech/speak-indentation-and-justification not set [app:accessibility_probe, profile:default]
10:26:00.186636 - GSETTINGS REGISTRY: speech/speak-indentation-and-justification using default value = False
10:26:00.186667 - GSETTINGS SCHEMA HANDLE: speech/announce-cell-headers not set [app:accessibility_probe, profile:default]
10:26:00.186679 - GSETTINGS REGISTRY: speech/announce-cell-headers using default value = True
10:26:00.186709 - GSETTINGS SCHEMA HANDLE: speech/announce-cell-coordinates not set [app:accessibility_probe, profile:default]
10:26:00.186720 - GSETTINGS REGISTRY: speech/announce-cell-coordinates using default value = True
10:26:00.186750 - GSETTINGS SCHEMA HANDLE: speech/announce-spreadsheet-cell-coordinates not set [app:accessibility_probe, profile:default]
10:26:00.186761 - GSETTINGS REGISTRY: speech/announce-spreadsheet-cell-coordinates using default value = True
10:26:00.186792 - GSETTINGS SCHEMA HANDLE: speech/announce-blockquote not set [app:accessibility_probe, profile:default]
10:26:00.186803 - GSETTINGS REGISTRY: speech/announce-blockquote using default value = True
10:26:00.186834 - GSETTINGS SCHEMA HANDLE: speech/announce-form not set [app:accessibility_probe, profile:default]
10:26:00.186846 - GSETTINGS REGISTRY: speech/announce-form using default value = True
10:26:00.186876 - GSETTINGS SCHEMA HANDLE: speech/announce-landmark not set [app:accessibility_probe, profile:default]
10:26:00.186887 - GSETTINGS REGISTRY: speech/announce-landmark using default value = True
10:26:00.186917 - GSETTINGS SCHEMA HANDLE: speech/announce-list not set [app:accessibility_probe, profile:default]
10:26:00.186934 - GSETTINGS REGISTRY: speech/announce-list using default value = True
10:26:00.186966 - GSETTINGS SCHEMA HANDLE: speech/announce-grouping not set [app:accessibility_probe, profile:default]
10:26:00.186982 - GSETTINGS REGISTRY: speech/announce-grouping using default value = True
10:26:00.187016 - GSETTINGS SCHEMA HANDLE: speech/announce-table not set [app:accessibility_probe, profile:default]
10:26:00.187028 - GSETTINGS REGISTRY: speech/announce-table using default value = True
10:26:00.190937 - GENERATOR: _get_functional_role: frame
10:26:00.191130 - SPEECH GENERATOR: speech_generator.SpeechGenerator._generate_frame for [frame: 'Reactive TUI App accessibility round 1' (0x784b64726b00)]  args: {'formatType': 'unfocused', 'priorObj': "[frame: 'Terminal' (0x784b6440ed40)] ", 'role': 'frame'}
10:26:00.191214 - SPEECH GENERATOR: _generate_old_ancestors: []
10:26:00.191268 - SPEECH GENERATOR: _generate_new_ancestors: []
10:26:00.191352 - AXUtilitiesRelation: [frame: 'Reactive TUI App accessibility round 1' (0x784b64726b00)]  is labelled by: []
10:26:00.191385 - GENERATOR: _generate_accessible_label: []
10:26:00.191413 - SPEECH GENERATOR: _generate_accessible_label: []
10:26:00.191466 - GENERATOR: _generate_accessible_name: [Reactive TUI App accessibility round 1]
10:26:00.191588 - GSETTINGS SCHEMA HANDLE: voice/established not set [app:accessibility_probe, profile:default]
10:26:00.191633 - GSETTINGS SCHEMA HANDLE: voice/rate not set [app:accessibility_probe, profile:default]
10:26:00.191671 - GSETTINGS SCHEMA HANDLE: voice/pitch not set [app:accessibility_probe, profile:default]
10:26:00.191707 - GSETTINGS SCHEMA HANDLE: voice/volume not set [app:accessibility_probe, profile:default]
10:26:00.191747 - GSETTINGS SCHEMA HANDLE: voice/family-name not set [app:accessibility_probe, profile:default]
10:26:00.191783 - GSETTINGS SCHEMA HANDLE: voice/family-lang not set [app:accessibility_probe, profile:default]
10:26:00.191819 - GSETTINGS SCHEMA HANDLE: voice/family-dialect not set [app:accessibility_probe, profile:default]
10:26:00.191854 - GSETTINGS SCHEMA HANDLE: voice/family-gender not set [app:accessibility_probe, profile:default]
10:26:00.191888 - GSETTINGS SCHEMA HANDLE: voice/family-variant not set [app:accessibility_probe, profile:default]
10:26:00.191974 - SPEECH GENERATOR: default voice requested for [frame: 'Reactive TUI App accessibility round 1' (0x784b64726b00)]  language='', dialect='' Unmodified voice={'established': False}
10:26:00.192065 - SPEECH GENERATOR: Reported locale of [frame: 'Reactive TUI App accessibility round 1' (0x784b64726b00)]  is 
10:26:00.192105 - SPEECH GENERATOR: Updated to: 'C', ''
10:26:00.192171 - GSETTINGS SCHEMA HANDLE: speech/auto-language-switching not set [app:accessibility_probe, profile:default]
10:26:00.192187 - GSETTINGS REGISTRY: speech/auto-language-switching using default value = True
10:26:00.192215 - SPEECH DISPATCHER: Returning cached result for language='C' dialect='' variant='None'
10:26:00.192291 - SPEECH GENERATOR: Family updated to {'dialect': '', 'lang': 'C', 'name': ''}
10:26:00.192382 - SPEECH GENERATOR: Final voice is {'established': 'False', 'family': "{'dialect': '', 'lang': 'C', 'name': ''}"}
10:26:00.192484 - SPEECH GENERATOR: _generate_accessible_name: [Reactive TUI App accessibility round 1, {'established': 'False', 'family': "{'dialect': '', 'lang': 'C', 'name': ''}"}]
10:26:00.192603 - GENERATOR: _generate_accessible_label_and_name: [Reactive TUI App accessibility round 1, {'established': 'False', 'family': "{'dialect': '', 'lang': 'C', 'name': ''}"}]
10:26:00.192657 - SPEECH PRESENTER: Adjusting 'Reactive TUI App accessibility round 1' from [frame: 'Reactive TUI App accessibility round 1' (0x784b64726b00)]  start_offset: None
10:26:00.193323 - GSETTINGS SCHEMA HANDLE: speech/speak-numbers-as-digits not set [app:accessibility_probe, profile:default]
10:26:00.193369 - GSETTINGS REGISTRY: speech/speak-numbers-as-digits using default value = False
10:26:00.193454 - GSETTINGS SCHEMA HANDLE: speech/repeated-character-limit not set [app:accessibility_probe, profile:default]
10:26:00.193478 - GSETTINGS REGISTRY: speech/repeated-character-limit using default value = 4
10:26:00.194734 - GSETTINGS SCHEMA HANDLE: speech/use-pronunciation-dictionary not set [app:accessibility_probe, profile:default]
10:26:00.194769 - GSETTINGS REGISTRY: speech/use-pronunciation-dictionary using default value = True
10:26:00.194862 - GSETTINGS SCHEMA HANDLE: pronunciations/entries no dict values set
10:26:00.194881 - GSETTINGS REGISTRY: pronunciations/entries using default value = {}
10:26:00.194900 - SPEECH PRESENTER: Adjusted text: 'Reactive TUI App accessibility round 1'
10:26:00.195044 - SPEECH GENERATOR: _generate_accessible_label_and_name: [Reactive TUI App accessibility round 1, {'established': 'False', 'family': "{'dialect': '', 'lang': 'C', 'name': ''}"}]
10:26:00.196881 - GSETTINGS SCHEMA HANDLE: voice/established not set [app:accessibility_probe, profile:default]
10:26:00.196913 - GSETTINGS SCHEMA HANDLE: voice/rate not set [app:accessibility_probe, profile:default]
10:26:00.196929 - GSETTINGS SCHEMA HANDLE: voice/pitch not set [app:accessibility_probe, profile:default]
10:26:00.196942 - GSETTINGS SCHEMA HANDLE: voice/volume not set [app:accessibility_probe, profile:default]
10:26:00.196956 - GSETTINGS SCHEMA HANDLE: voice/family-name not set [app:accessibility_probe, profile:default]
10:26:00.196968 - GSETTINGS SCHEMA HANDLE: voice/family-lang not set [app:accessibility_probe, profile:default]
10:26:00.196986 - GSETTINGS SCHEMA HANDLE: voice/family-dialect not set [app:accessibility_probe, profile:default]
10:26:00.197000 - GSETTINGS SCHEMA HANDLE: voice/family-gender not set [app:accessibility_probe, profile:default]
10:26:00.197011 - GSETTINGS SCHEMA HANDLE: voice/family-variant not set [app:accessibility_probe, profile:default]
10:26:00.197046 - SPEECH GENERATOR: system voice requested for [frame: 'Reactive TUI App accessibility round 1' (0x784b64726b00)]  language='', dialect='' Unmodified voice={'established': False}
10:26:00.197073 - SPEECH GENERATOR: Reported locale of [frame: 'Reactive TUI App accessibility round 1' (0x784b64726b00)]  is 
10:26:00.197088 - SPEECH GENERATOR: Updated to: 'C', ''
10:26:00.197124 - GSETTINGS SCHEMA HANDLE: voice/established not set [app:accessibility_probe, profile:default]
10:26:00.197137 - GSETTINGS SCHEMA HANDLE: voice/rate not set [app:accessibility_probe, profile:default]
10:26:00.197149 - GSETTINGS SCHEMA HANDLE: voice/pitch not set [app:accessibility_probe, profile:default]
10:26:00.197160 - GSETTINGS SCHEMA HANDLE: voice/volume not set [app:accessibility_probe, profile:default]
10:26:00.197171 - GSETTINGS SCHEMA HANDLE: voice/family-name not set [app:accessibility_probe, profile:default]
10:26:00.197182 - GSETTINGS SCHEMA HANDLE: voice/family-lang not set [app:accessibility_probe, profile:default]
10:26:00.197192 - GSETTINGS SCHEMA HANDLE: voice/family-dialect not set [app:accessibility_probe, profile:default]
10:26:00.197202 - GSETTINGS SCHEMA HANDLE: voice/family-gender not set [app:accessibility_probe, profile:default]
10:26:00.197213 - GSETTINGS SCHEMA HANDLE: voice/family-variant not set [app:accessibility_probe, profile:default]
10:26:00.197254 - SPEECH GENERATOR: Final voice is {'established': 'False', 'family': '{}'}
10:26:00.197293 - SPEECH GENERATOR: _generate_accessible_role: [frame, {'established': 'False', 'family': '{}'}]
10:26:00.197365 - AXUtilities: Unfocused alerts and dialogs for [frame: 'Reactive TUI App accessibility round 1' (0x784b64726b00)] : []
10:26:00.197379 - SPEECH GENERATOR: _generate_unfocused_dialog_count: []
10:26:00.197596 - GENERATOR: _generate_state_current: []
10:26:00.197611 - SPEECH GENERATOR: _generate_state_current: []
10:26:00.197625 - SPEECH GENERATOR: _generate_has_click_action: []
10:26:00.197638 - SPEECH GENERATOR: _generate_has_details: []
10:26:00.197652 - SPEECH GENERATOR: _generate_details_for: []
10:26:00.197859 - AXUtilitiesRelation: [frame: 'Reactive TUI App accessibility round 1' (0x784b64726b00)]  is described by: []
10:26:00.197881 - GENERATOR: _generate_accessible_description: []
10:26:00.197894 - SPEECH GENERATOR: _generate_accessible_description: []
10:26:00.197920 - SPEECH GENERATOR: _generate_state_has_popup: []
10:26:00.198148 - SPEECH GENERATOR: _generate_tutorial: []
10:26:00.198231 - SPEECH GENERATOR: Results: [Reactive TUI App accessibility round 1, {'established': 'False', 'family': "{'dialect': '', 'lang': 'C', 'name': ''}"}, frame, {'established': 'False', 'family': '{}'}]
10:26:00.198319 - SPEECH: Speak [Reactive TUI App accessibility round 1, {'established': 'False', 'family': "{'dialect': '', 'lang': 'C', 'name': ''}"}, frame, {'established': 'False', 'family': '{}'}], acss: None
10:26:00.198388 - SPEECH: New voice {'established': 'False'}  != active voice {'established': 'False', 'family': "{'dialect': '', 'lang': 'C', 'name': ''}"}
10:26:00.198400 - SPEECH OUTPUT: 'Reactive TUI App accessibility round 1' {'established': False, 'family': {'name': '', 'gender': None, 'lang': 'C', 'dialect': '', 'variant': None}}
10:26:00.198406 - SPEECH DISPATCHER: Speaking 'Reactive TUI App accessibility round 1' as string
10:26:00.198593 - SPEECH DISPATCHER: Speaking '<speak><mark name="0:8"/>Reactive <mark name="9:12"/>TUI <mark name="13:16"/>App <mark name="17:30"/>accessibility <mark name="31:36"/>round <mark name="37:38"/>1</speak>' 
                  ORCA rate 50.0, pitch 5.0, volume 10.0, language C, punctuation: MOST
                  SD rate 2, pitch 10, volume 100, language c
10:26:00.198686 - SPEECH OUTPUT: 'frame' {'established': False}
10:26:00.198690 - SPEECH DISPATCHER: Speaking 'frame' as string
10:26:00.198871 - SPEECH DISPATCHER: Speaking '<speak><mark name="0:5"/>frame</speak>' 
                  ORCA rate 50.0, pitch 5.0, volume 10.0, language C, punctuation: MOST
                  SD rate 2, pitch 10, volume 100, language c
10:26:00.202226 - GSETTINGS SCHEMA HANDLE: braille/enabled not set [app:accessibility_probe, profile:default]
10:26:00.202249 - GSETTINGS REGISTRY: braille/enabled using default value = True
10:26:00.202292 - FOCUS MANAGER: Active mode: focus-tracking Object of interest: [frame: 'Reactive TUI App accessibility round 1' (0x784b64726b00)] 
10:26:00.202310 - GSETTINGS SCHEMA HANDLE: braille/enabled not set [app:accessibility_probe, profile:default]
10:26:00.202315 - GSETTINGS REGISTRY: braille/enabled using default value = True
10:26:00.202333 - GSETTINGS SCHEMA HANDLE: braille/verbosity-level not set [app:accessibility_probe, profile:default]
10:26:00.202337 - GSETTINGS REGISTRY: braille/verbosity-level using default value = 'verbose'
10:26:00.202353 - FOCUS MANAGER: Locus of focus is [frame: 'Reactive TUI App accessibility round 1' (0x784b64726b00)] 
10:26:00.202371 - SCRIPT MANAGER: Active script is: accessibility_probe (module=orca.scripts.default)
10:26:00.202390 - GSETTINGS SCHEMA HANDLE: braille/rolename-style not set [app:accessibility_probe, profile:default]
10:26:00.202395 - GSETTINGS REGISTRY: braille/rolename-style using default value = 'verbose'
10:26:00.202409 - GSETTINGS SCHEMA HANDLE: braille/display-ancestors not set [app:accessibility_probe, profile:default]
10:26:00.202414 - GSETTINGS REGISTRY: braille/display-ancestors using default value = True
10:26:00.202460 - GSETTINGS SCHEMA HANDLE: braille/end-of-line-indicator not set [app:accessibility_probe, profile:default]
10:26:00.202465 - GSETTINGS REGISTRY: braille/end-of-line-indicator using default value = True
10:26:00.202476 - GSETTINGS SCHEMA HANDLE: braille/present-mnemonics not set [app:accessibility_probe, profile:default]
10:26:00.202480 - GSETTINGS REGISTRY: braille/present-mnemonics using default value = True
10:26:00.204353 - GENERATOR: _get_functional_role: frame
10:26:00.204511 - BRAILLE GENERATOR: braille_generator.BrailleGenerator._generate_frame for [frame: 'Reactive TUI App accessibility round 1' (0x784b64726b00)]  args: {'formatType': 'focused', 'priorObj': "[frame: 'Terminal' (0x784b6440ed40)] ", 'role': 'frame'}
10:26:00.207837 - GENERATOR: _get_functional_role: application
10:26:00.207899 - BRAILLE GENERATOR: [application: 'accessibility_probe' (0x784b64409b80)]  lacks dedicated generator
10:26:00.207973 - BRAILLE GENERATOR: braille_generator.BrailleGenerator._generate_default_presentation for [application: 'accessibility_probe' (0x784b64409b80)]  args: {'formatType': 'ancestor', 'includeContext': 'False', 'priorObj': "[frame: 'Terminal' (0x784b6440ed40)] ", 'role': 'application'}
10:26:00.208508 - AXUtilitiesRelation: [application: 'accessibility_probe' (0x784b64409b80)]  is labelled by: []
10:26:00.208555 - GENERATOR: _generate_accessible_label: []
10:26:00.208605 - GENERATOR: _generate_accessible_name: [accessibility_probe]
10:26:00.208651 - GENERATOR: _generate_accessible_label_and_name: [accessibility_probe]
10:26:00.211422 - BRAILLE GENERATOR: _generate_accessible_role: [application]
10:26:00.211460 - BRAILLE: Not contracting 'accessibility_probe application' because contracted braille is not enabled.
10:26:00.211505 - BRAILLE GENERATOR: Results: [COMPONENT: 'accessibility_probe application', cursor offset:0]
10:26:00.211557 - BRAILLE GENERATOR: _generate_ancestors: [COMPONENT: 'accessibility_probe application', cursor offset:0]
10:26:00.211627 - AXUtilitiesRelation: [frame: 'Reactive TUI App accessibility round 1' (0x784b64726b00)]  is labelled by: []
10:26:00.211659 - GENERATOR: _generate_accessible_label: []
10:26:00.211701 - GENERATOR: _generate_accessible_name: [Reactive TUI App accessibility round 1]
10:26:00.211742 - GENERATOR: _generate_accessible_label_and_name: [Reactive TUI App accessibility round 1]
10:26:00.213466 - BRAILLE GENERATOR: _generate_accessible_role: [frame]
10:26:00.213616 - AXUtilities: Unfocused alerts and dialogs for [frame: 'Reactive TUI App accessibility round 1' (0x784b64726b00)] : []
10:26:00.213645 - BRAILLE GENERATOR: _generate_alert_and_dialog_count: []
10:26:00.213660 - BRAILLE: Not contracting 'Reactive TUI App accessibility round 1 frame' because contracted braille is not enabled.
10:26:00.213689 - GENERATOR: _generate_accessible_description: []
10:26:00.214269 - GENERATOR: _generate_state_current: []
10:26:00.214357 - BRAILLE GENERATOR: Results: [COMPONENT: 'accessibility_probe application', cursor offset:0, REGION: ' ', cursor offset:0, COMPONENT: 'Reactive TUI App accessibility round 1 frame', cursor offset:0]
10:26:00.214447 - BRAILLE: Refresh. Pan: True target: 0
10:26:00.214465 - BRAILLE: Kill flash message braille.display_line:1618 > braille.refresh:2097 > braille._prepare_refresh:1856 > braille.kill_flash:2182
10:26:00.215362 - GSETTINGS SCHEMA HANDLE: braille/enabled not set [app:accessibility_probe, profile:default]
10:26:00.215378 - GSETTINGS REGISTRY: braille/enabled using default value = True
10:26:00.215400 - BRAILLE: Last text object: None (Caret: 0, Line: 0, Cell: 0)
10:26:00.215425 - BRAILLE: Current text object: None (Caret: 0, Line: 0). On same line: False
10:26:00.215433 - BRAILLE: Line 0: 'accessibility_probe application Reactive TUI App accessibility round 1 frame' focusOffset: 32 [[0, 32], [32, 63], [63, 76]]
10:26:00.215438 - BRAILLE: Cursor offset in line string is: 32
10:26:00.215447 - BRAILLE: Adjusting offset to 32 (unhandled condition)
10:26:00.215451 - BRAILLE: Current range: (32, 64). Target cell: 0
10:26:00.215458 - BRAILLE LINE:  'accessibility_probe application Reactive TUI App accessibility round 1 frame'
10:26:00.215462 -      VISIBLE:  'Reactive TUI App accessibility r', cursor=1
10:26:00.215476 - BRAILLE: Enabling braille. BrlAPI running: False
10:26:00.215480 - BRAILLE: Need to initialize first.
10:26:00.215496 - BRAILLE: Initializing. Callback: input_event_manager.InputEventManager.process_braille_event
10:26:00.215514 - BRAILLE: WINDOWPATH= None
10:26:00.215528 - BRAILLE: XDG_VTNR= 1
10:26:00.215548 - BRAILLE: Attempting connection with BrlAPI.
10:26:00.215738 - AXTable: Setting last cell coordinates to row=-1, column=-1
10:26:00.215770 - FOCUS MANAGER: Setting last cursor position to [frame: 'Reactive TUI App accessibility round 1' (0x784b64726b00)]  -1
10:26:00.215824 - FOCUS MANAGER: Active window is [frame: 'Reactive TUI App accessibility round 1' (0x784b64726b00)]  focus_manager.set_locus_of_focus:327 > focus_manager._save_object_details:254 > ax_utilities_event.save_object_info_for_events:195 > focus_manager.get_active_window:342
10:26:00.216241 - BRAILLE: BrlAPI Connection is unavailable (ConnectionError): couldn't connect to b':0' with key b'keyfile:/etc/brlapi.key+polkit': connect: No such file or directory
                  (brlerrno 11, libcerrno 2, gaierrno 0)
                  Is BRLTTY really running?10:26:00.216294 - SCRIPT MANAGER: Getting script for [application: 'accessibility_probe' (0x784b64409b80)]  [frame: 'Reactive TUI App accessibility round 1' (0x784b64726b00)] 

10:26:00.216987 - SCRIPT MANAGER: Script is app script accessibility_probe (module=orca.scripts.default)
10:26:00.218598 - SPELL CHECK PRESENTER: Handling window:activate for [frame: 'Reactive TUI App accessibility round 1' (0x784b64726b00)] 
10:26:00.218668 - SPELL CHECK PRESENTER: Attempting activation for [frame: 'Reactive TUI App accessibility round 1' (0x784b64726b00)] 
10:26:00.219672 - SPELL CHECK PRESENTER: [frame: 'Reactive TUI App accessibility round 1' (0x784b64726b00)]  is not spellcheck window
10:26:00.219700 - SPELL CHECK PRESENTER: Not a spellcheck window. Deactivating.
10:26:00.219754 - FOCUS MANAGER: Request to set locus of focus to [frame: 'Reactive TUI App accessibility round 1' (0x784b64726b00)]  event_manager._dequeue_object_event:666 > event_manager._process_object_event:982 > default._on_window_activated:1408 > focus_manager.set_locus_of_focus:271
10:26:00.220358 - AXObject: Clearing AT-SPI cache on [frame: 'Reactive TUI App accessibility round 1' (0x784b64726b00)]  Recursive: False.  Reason: Setting locus of focus.
10:26:00.220388 - FOCUS MANAGER: Setting locus of focus to existing locus of focus
TOTAL PROCESSING TIME: 0.0548
^^^^^ FINISHED PRIORITY-2 OBJECT EVENT WINDOW:ACTIVATE ^^^^^

10:26:00.223933 - EVENT MANAGER: Dequeueing object:state-changed:active for [frame: 'Reactive TUI App accessibility round 1' (0x784b64726b00)]  in accessibility_probe (AccessKit) (1, 0, 0)
10:26:00.226045 - EVENT MANAGER: Dequeued object:state-changed:active for [frame: 'Reactive TUI App accessibility round 1' (0x784b64726b00)]  in accessibility_probe (AccessKit) (1, 0, 0) priority: 2, counter: 30

vvvvv START PRIORITY-2 OBJECT EVENT OBJECT:STATE-CHANGED:ACTIVE (queue size: 34) vvvvv
10:26:00.230937 - EVENT SOURCE:
                  app='accessibility_probe (AccessKit )' name='Reactive TUI App accessibility round 1' role='frame' axid='' id=0x784b64726b00
                  description=''
                  help=''
                  locale=''
                  states='active, enabled, sensitive, showing, visible'
                  relations=''
                  actions=''
                  interfaces='Component'
                  attributes=''
                  text=''
                  path=[-1, 0]
                  
10:26:00.231090 - SCRIPT MANAGER: Active script is: accessibility_probe (module=orca.scripts.default)
10:26:00.231140 - FOCUS MANAGER: Locus of focus is [frame: 'Reactive TUI App accessibility round 1' (0x784b64726b00)] 
10:26:00.231159 - EVENT MANAGER: Script for event from locus of focus is accessibility_probe (module=orca.scripts.default)
10:26:00.231166 - EVENT MANAGER: Processing object:state-changed:active: script for event is active
10:26:00.231212 - AXObject: Clearing AT-SPI cache on [frame: 'Reactive TUI App accessibility round 1' (0x784b64726b00)]  Recursive: False.  Reason: Checking if window can be the active window
10:26:00.234760 - AXUtilities: [frame: 'Reactive TUI App accessibility round 1' (0x784b64726b00)]  from [application: 'accessibility_probe' (0x784b64409b80)]  can be active window
10:26:00.234833 - FOCUS MANAGER: Active window is [frame: 'Reactive TUI App accessibility round 1' (0x784b64726b00)]  event_manager._dequeue_object_event:666 > event_manager._process_object_event:982 > default._on_active_changed:799 > focus_manager.get_active_window:342
TOTAL PROCESSING TIME: 0.0093
^^^^^ FINISHED PRIORITY-2 OBJECT EVENT OBJECT:STATE-CHANGED:ACTIVE ^^^^^

10:26:00.235442 - WARNING: Braille initialization failed: BrlAPI connection unavailable.
10:26:00.235473 - BRAILLE: Scheduling BrlAPI retry in 2000 ms.
10:26:00.236456 - GSETTINGS SCHEMA HANDLE: keybindings/keyboard-layout not set [app:accessibility_probe, profile:default]
10:26:00.236487 - GSETTINGS REGISTRY: keybindings/keyboard-layout using default value = 'desktop'
10:26:00.236509 - GSETTINGS SCHEMA HANDLE: keybindings/desktop-modifier-keys not set [app:accessibility_probe, profile:default]
10:26:00.236517 - GSETTINGS REGISTRY: keybindings/desktop-modifier-keys using default value = ['Insert', 'KP_Insert']
10:26:00.236551 - FOCUS MANAGER: Active window is [frame: 'Reactive TUI App accessibility round 1' (0x784b64726b00)]  <unknown>.<module>:373 > input_event_manager._on_key_pressed:261 > input_event_manager.process_keyboard_event:297 > focus_manager.get_active_window:342
10:26:00.236953 - AXObject: Clearing AT-SPI cache on [frame: 'Reactive TUI App accessibility round 1' (0x784b64726b00)]  Recursive: False.  Reason: Checking if window can be the active window
10:26:00.241817 - AXUtilities: [frame: 'Reactive TUI App accessibility round 1' (0x784b64726b00)]  from [application: 'accessibility_probe' (0x784b64409b80)]  can be active window
10:26:00.242278 - FOCUS MANAGER: Locus of focus is [frame: 'Reactive TUI App accessibility round 1' (0x784b64726b00)] 
10:26:00.242460 - SCRIPT MANAGER: Active script is: accessibility_probe (module=orca.scripts.default)

KEYBOARD_EVENT:  type=ATSPI_KEY_PRESSED_EVENT
                 id=65363
                 hw_code=114
                 modifiers=0
                 text=''
                 keyval_name='Right'
                 timestamp=1789050360.2363563
                 clickCount=1

vvvvv PROCESS ATSPI_KEY_PRESSED_EVENT: 'Right' (114) vvvvv
10:26:00.242656 - SCRIPT: accessibility_probe (module=orca.scripts.default)
10:26:00.242674 - WINDOW: [frame: 'Reactive TUI App accessibility round 1' (0x784b64726b00)] 
10:26:00.242686 - LOCATION: [frame: 'Reactive TUI App accessibility round 1' (0x784b64726b00)] 
10:26:00.242764 - GSETTINGS SCHEMA HANDLE: keybindings/keyboard-layout not set [app:accessibility_probe, profile:default]
10:26:00.242771 - GSETTINGS REGISTRY: keybindings/keyboard-layout using default value = 'desktop'
10:26:00.242785 - GSETTINGS SCHEMA HANDLE: keybindings/desktop-modifier-keys not set [app:accessibility_probe, profile:default]
10:26:00.242791 - GSETTINGS REGISTRY: keybindings/desktop-modifier-keys using default value = ['Insert', 'KP_Insert']
10:26:00.242802 - PRESENTATION MANAGER: Interrupting presentation
10:26:00.242835 - SPEECH MANAGER: interrupt_speech. Script: None Event: None notify_user: False
10:26:00.243151 - SPEECH MANAGER: Speech server is <orca.speechdispatcherfactory.SpeechServer object at 0x784b644a96a0>
10:26:00.243295 - BRAILLE: Kill flash message input_event._present:603 > presentation_manager.interrupt_presentation:88 > braille_presenter.kill_flash:1829 > braille.kill_flash:2182
10:26:00.243643 - TYPING ECHO PRESENTER: should_echo_keyboard_event: 'right'?
10:26:00.243680 - GSETTINGS SCHEMA HANDLE: keybindings/keyboard-layout not set [app:accessibility_probe, profile:default]
10:26:00.243687 - GSETTINGS REGISTRY: keybindings/keyboard-layout using default value = 'desktop'
10:26:00.243701 - GSETTINGS SCHEMA HANDLE: keybindings/desktop-modifier-keys not set [app:accessibility_probe, profile:default]
10:26:00.243706 - GSETTINGS REGISTRY: keybindings/desktop-modifier-keys using default value = ['Insert', 'KP_Insert']
10:26:00.243728 - GSETTINGS REGISTRY: Schema org.gnome.Orca.TypingEcho loaded
10:26:00.243777 - GSETTINGS SCHEMA HANDLE: typing-echo/character-echo not set [app:accessibility_probe, profile:default]
10:26:00.243782 - GSETTINGS REGISTRY: typing-echo/character-echo using default value = False
10:26:00.243796 - GSETTINGS SCHEMA HANDLE: keybindings/keyboard-layout not set [app:accessibility_probe, profile:default]
10:26:00.243801 - GSETTINGS REGISTRY: keybindings/keyboard-layout using default value = 'desktop'
10:26:00.243818 - GSETTINGS SCHEMA HANDLE: keybindings/desktop-modifier-keys not set [app:accessibility_probe, profile:default]
10:26:00.243824 - GSETTINGS REGISTRY: keybindings/desktop-modifier-keys using default value = ['Insert', 'KP_Insert']
10:26:00.243857 - GSETTINGS SCHEMA HANDLE: typing-echo/key-echo not set [app:accessibility_probe, profile:default]
10:26:00.243861 - GSETTINGS REGISTRY: typing-echo/key-echo using default value = True
10:26:00.243894 - GSETTINGS SCHEMA HANDLE: typing-echo/navigation-keys not set [app:accessibility_probe, profile:default]
10:26:00.243899 - GSETTINGS REGISTRY: typing-echo/navigation-keys using default value = False
10:26:00.243904 - TYPING ECHO PRESENTER: Echoing navigation keyboard event: False.
10:26:00.243913 - TOTAL PROCESSING TIME: 0.0013
^^^^^ PROCESS ATSPI_KEY_PRESSED_EVENT: 'Right' (114) ^^^^^

10:26:00.243965 - GSETTINGS SCHEMA HANDLE: keybindings/keyboard-layout not set [app:accessibility_probe, profile:default]
10:26:00.243970 - GSETTINGS REGISTRY: keybindings/keyboard-layout using default value = 'desktop'
10:26:00.243987 - GSETTINGS SCHEMA HANDLE: keybindings/desktop-modifier-keys not set [app:accessibility_probe, profile:default]
10:26:00.243993 - GSETTINGS REGISTRY: keybindings/desktop-modifier-keys using default value = ['Insert', 'KP_Insert']
10:26:00.244183 - GSETTINGS SCHEMA HANDLE: keybindings/keyboard-layout not set [app:accessibility_probe, profile:default]
10:26:00.244213 - GSETTINGS REGISTRY: keybindings/keyboard-layout using default value = 'desktop'
10:26:00.244255 - GSETTINGS SCHEMA HANDLE: keybindings/desktop-modifier-keys not set [app:accessibility_probe, profile:default]
10:26:00.244271 - GSETTINGS REGISTRY: keybindings/desktop-modifier-keys using default value = ['Insert', 'KP_Insert']
10:26:00.245114 - GSETTINGS SCHEMA HANDLE: keybindings/keyboard-layout not set [app:accessibility_probe, profile:default]
10:26:00.245138 - GSETTINGS REGISTRY: keybindings/keyboard-layout using default value = 'desktop'
10:26:00.245175 - GSETTINGS SCHEMA HANDLE: keybindings/desktop-modifier-keys not set [app:accessibility_probe, profile:default]
10:26:00.245191 - GSETTINGS REGISTRY: keybindings/desktop-modifier-keys using default value = ['Insert', 'KP_Insert']

KEYBOARD_EVENT:  type=ATSPI_KEY_RELEASED_EVENT
                 id=65363
                 hw_code=114
                 modifiers=0
                 text=''
                 keyval_name='Right'
                 timestamp=1789050360.244127
                 clickCount=1

vvvvv PROCESS ATSPI_KEY_RELEASED_EVENT: 'Right' (114) vvvvv
10:26:00.245282 - SCRIPT: accessibility_probe (module=orca.scripts.default)
10:26:00.245322 - WINDOW: [frame: 'Reactive TUI App accessibility round 1' (0x784b64726b00)] 
10:26:00.245356 - LOCATION: [frame: 'Reactive TUI App accessibility round 1' (0x784b64726b00)] 
10:26:00.245418 - GSETTINGS SCHEMA HANDLE: keybindings/keyboard-layout not set [app:accessibility_probe, profile:default]
10:26:00.245434 - GSETTINGS REGISTRY: keybindings/keyboard-layout using default value = 'desktop'
10:26:00.245467 - GSETTINGS SCHEMA HANDLE: keybindings/desktop-modifier-keys not set [app:accessibility_probe, profile:default]
10:26:00.245481 - GSETTINGS REGISTRY: keybindings/desktop-modifier-keys using default value = ['Insert', 'KP_Insert']
10:26:00.245515 - TOTAL PROCESSING TIME: 0.0003
^^^^^ PROCESS ATSPI_KEY_RELEASED_EVENT: 'Right' (114) ^^^^^

10:26:00.245569 - GSETTINGS SCHEMA HANDLE: keybindings/keyboard-layout not set [app:accessibility_probe, profile:default]
10:26:00.245583 - GSETTINGS REGISTRY: keybindings/keyboard-layout using default value = 'desktop'
10:26:00.245615 - GSETTINGS SCHEMA HANDLE: keybindings/desktop-modifier-keys not set [app:accessibility_probe, profile:default]
10:26:00.245628 - GSETTINGS REGISTRY: keybindings/desktop-modifier-keys using default value = ['Insert', 'KP_Insert']
10:26:00.245887 - EVENT MANAGER: Dequeueing object:state-changed:focused for [terminal: 'Terminal' (0x784b642fb600)]  in org.gnome.Terminal (gtk 3.24.52) (1, 0, 0)
10:26:00.246004 - EVENT MANAGER: Dequeued object:state-changed:focused for [terminal: 'Terminal' (0x784b642fb480)]  in org.gnome.Terminal (gtk 3.24.52) (1, 0, 0) priority: 3, counter: 8

vvvvv START PRIORITY-3 OBJECT EVENT OBJECT:STATE-CHANGED:FOCUSED (queue size: 33) vvvvv
10:26:00.247225 - EVENT MANAGER: object:state-changed:focused for [terminal: 'Terminal' (0x784b642fb680)]  in org.gnome.Terminal (gtk 3.24.52) (1, 0, 0) obsoleted by object:state-changed:focused for [terminal: 'Terminal' (0x784b642fb680)]  in org.gnome.Terminal (gtk 3.24.52) (1, 0, 0) more recent duplicate
TOTAL PROCESSING TIME: 0.0012
^^^^^ FINISHED PRIORITY-3 OBJECT EVENT OBJECT:STATE-CHANGED:FOCUSED ^^^^^


10:26:00.247397 - EVENT MANAGER: object:property-change:accessible-name for [label: ' Overview' (0x784b642fb6c0)]  in accessibility_probe (AccessKit) (0, 0,  Overview)
10:26:00.247441 - FOCUS MANAGER: Locus of focus is [frame: 'Reactive TUI App accessibility round 1' (0x784b64726b00)] 
10:26:00.247707 - EVENT MANAGER: Queueing object:property-change:accessible-name for [label: ' Overview' (0x784b64403500)]  in accessibility_probe (AccessKit) (0, 0,  Overview)
10:26:00.247754 - EVENT MANAGER: App for event source is [application: 'accessibility_probe' (0x784b64409b80)] 
10:26:00.247803 - SCRIPT MANAGER: Getting script for [application: 'accessibility_probe' (0x784b64409b80)]  [label: ' Overview' (0x784b642fb7c0)] 
10:26:00.248558 - SCRIPT MANAGER: Script is app script accessibility_probe (module=orca.scripts.default)
10:26:00.248715 - EVENT MANAGER: object:property-change:accessible-name for [label: ' Overview' (0x784b642fb600)]  in accessibility_probe (AccessKit) (0, 0,  Overview) has priority level: 4
10:26:00.248821 - EVENT MANAGER: Queued object:property-change:accessible-name for [label: ' Overview' (0x784b644035c0)]  in accessibility_probe (AccessKit) (0, 0,  Overview) priority: 4, counter: 42

10:26:00.248961 - EVENT MANAGER: object:state-changed:selected for [page tab: 'Settings' (0x784b642fb600)]  in accessibility_probe (AccessKit) (1, 0, 0)
10:26:00.249009 - FOCUS MANAGER: Locus of focus is [frame: 'Reactive TUI App accessibility round 1' (0x784b64726b00)] 
10:26:00.249133 - EVENT_MANAGER: Not ignoring object:state-changed:selected due to source being selected
10:26:00.249219 - EVENT MANAGER: Queueing object:state-changed:selected for [page tab: 'Settings' (0x784b645737c0)]  in accessibility_probe (AccessKit) (1, 0, 0)
10:26:00.249264 - EVENT MANAGER: App for event source is [application: 'accessibility_probe' (0x784b64409b80)] 
10:26:00.249311 - SCRIPT MANAGER: Getting script for [application: 'accessibility_probe' (0x784b64409b80)]  [page tab: 'Settings' (0x784b642fb900)] 
10:26:00.249697 - SCRIPT MANAGER: Script is app script accessibility_probe (module=orca.scripts.default)
10:26:00.249806 - EVENT MANAGER: object:state-changed:selected for [page tab: 'Settings' (0x784b642fb880)]  in accessibility_probe (AccessKit) (1, 0, 0) has priority level: 4
10:26:00.249900 - EVENT MANAGER: Queued object:state-changed:selected for [page tab: 'Settings' (0x784b642fb940)]  in accessibility_probe (AccessKit) (1, 0, 0) priority: 4, counter: 43

10:26:00.250036 - EVENT MANAGER: object:property-change:accessible-name for [label: '▶Settings' (0x784b642fb880)]  in accessibility_probe (AccessKit) (0, 0, ▶Settings)
10:26:00.250080 - FOCUS MANAGER: Locus of focus is [frame: 'Reactive TUI App accessibility round 1' (0x784b64726b00)] 
10:26:00.250218 - EVENT_MANAGER: Ignoring object:property-change:accessible-name due to multiple instances in short time

10:26:00.250318 - EVENT MANAGER: object:state-changed:selected for [page tab: 'Overview' (0x784b642fb900)]  in accessibility_probe (AccessKit) (0, 0, 0)
10:26:00.250356 - FOCUS MANAGER: Locus of focus is [frame: 'Reactive TUI App accessibility round 1' (0x784b64726b00)] 
10:26:00.250499 - EVENT_MANAGER: Not ignoring object:state-changed:selected due to source being focused
10:26:00.250580 - EVENT MANAGER: Queueing object:state-changed:selected for [page tab: 'Overview' (0x784b642fba40)]  in accessibility_probe (AccessKit) (0, 0, 0)
10:26:00.250622 - EVENT MANAGER: App for event source is [application: 'accessibility_probe' (0x784b64409b80)] 
10:26:00.250675 - SCRIPT MANAGER: Getting script for [application: 'accessibility_probe' (0x784b64409b80)]  [page tab: 'Overview' (0x784b64403900)] 
10:26:00.251079 - SCRIPT MANAGER: Script is app script accessibility_probe (module=orca.scripts.default)
10:26:00.251190 - EVENT MANAGER: object:state-changed:selected for [page tab: 'Overview' (0x784b64403b40)]  in accessibility_probe (AccessKit) (0, 0, 0) has priority level: 4
10:26:00.251282 - EVENT MANAGER: Queued object:state-changed:selected for [page tab: 'Overview' (0x784b642fbac0)]  in accessibility_probe (AccessKit) (0, 0, 0) priority: 4, counter: 44

10:26:00.251379 - EVENT MANAGER: object:state-changed:focused for [page tab: 'Settings' (0x784b642fba40)]  in accessibility_probe (AccessKit) (1, 0, 0)
10:26:00.251416 - FOCUS MANAGER: Locus of focus is [frame: 'Reactive TUI App accessibility round 1' (0x784b64726b00)] 
10:26:00.251523 - EVENT_MANAGER: Not ignoring object:state-changed:focused due to source being selected
10:26:00.251603 - EVENT MANAGER: Queueing object:state-changed:focused for [page tab: 'Settings' (0x784b642fb900)]  in accessibility_probe (AccessKit) (1, 0, 0)
10:26:00.251644 - EVENT MANAGER: App for event source is [application: 'accessibility_probe' (0x784b64409b80)] 
10:26:00.251689 - SCRIPT MANAGER: Getting script for [application: 'accessibility_probe' (0x784b64409b80)]  [page tab: 'Settings' (0x784b645737c0)] 
10:26:00.252040 - SCRIPT MANAGER: Script is app script accessibility_probe (module=orca.scripts.default)
10:26:00.252148 - EVENT MANAGER: object:state-changed:focused for [page tab: 'Settings' (0x784b642fbb80)]  in accessibility_probe (AccessKit) (1, 0, 0) has priority level: 3
10:26:00.252240 - EVENT MANAGER: Queued object:state-changed:focused for [page tab: 'Settings' (0x784b642fb900)]  in accessibility_probe (AccessKit) (1, 0, 0) priority: 3, counter: 45

10:26:00.252334 - EVENT MANAGER: object:state-changed:focused for [page tab: 'Overview' (0x784b642fba40)]  in accessibility_probe (AccessKit) (0, 0, 0)
10:26:00.252371 - FOCUS MANAGER: Locus of focus is [frame: 'Reactive TUI App accessibility round 1' (0x784b64726b00)] 
10:26:00.252613 - EVENT MANAGER: Queueing object:state-changed:focused for [page tab: 'Overview' (0x784b642fbd00)]  in accessibility_probe (AccessKit) (0, 0, 0)
10:26:00.252656 - EVENT MANAGER: App for event source is [application: 'accessibility_probe' (0x784b64409b80)] 
10:26:00.252700 - SCRIPT MANAGER: Getting script for [application: 'accessibility_probe' (0x784b64409b80)]  [page tab: 'Overview' (0x784b642fbc80)] 
10:26:00.253132 - SCRIPT MANAGER: Script is app script accessibility_probe (module=orca.scripts.default)
10:26:00.253254 - EVENT MANAGER: object:state-changed:focused for [page tab: 'Overview' (0x784b642fbdc0)]  in accessibility_probe (AccessKit) (0, 0, 0) has priority level: 3
10:26:00.253356 - EVENT MANAGER: Queued object:state-changed:focused for [page tab: 'Overview' (0x784b642fb280)]  in accessibility_probe (AccessKit) (0, 0, 0) priority: 3, counter: 46

10:26:00.253553 - EVENT MANAGER: object:selection-changed for [page tab list: 'Tabs' (0x784b642fb600)]  in accessibility_probe (AccessKit) (0, 0, 0)
10:26:00.253617 - FOCUS MANAGER: Locus of focus is [frame: 'Reactive TUI App accessibility round 1' (0x784b64726b00)] 
10:26:00.253909 - EVENT MANAGER: Queueing object:selection-changed for [page tab list: 'Tabs' (0x784b642fbd40)]  in accessibility_probe (AccessKit) (0, 0, 0)
10:26:00.253972 - EVENT MANAGER: App for event source is [application: 'accessibility_probe' (0x784b64409b80)] 
10:26:00.254050 - SCRIPT MANAGER: Getting script for [application: 'accessibility_probe' (0x784b64409b80)]  [page tab list: 'Tabs' (0x784b643f3ac0)] 
10:26:00.254497 - SCRIPT MANAGER: Script is app script accessibility_probe (module=orca.scripts.default)
10:26:00.254627 - EVENT MANAGER: object:selection-changed for [page tab list: 'Tabs' (0x784b642fb1c0)]  in accessibility_probe (AccessKit) (0, 0, 0) has priority level: 4
10:26:00.254735 - EVENT MANAGER: Queued object:selection-changed for [page tab list: 'Tabs' (0x784b6438bc80)]  in accessibility_probe (AccessKit) (0, 0, 0) priority: 4, counter: 47
10:26:00.254894 - EVENT MANAGER: Dequeueing object:state-changed:focused for [terminal: 'Terminal' (0x784b642fbc80)]  in org.gnome.Terminal (gtk 3.24.52) (1, 0, 0)
10:26:00.255025 - EVENT MANAGER: Dequeued object:state-changed:focused for [terminal: 'Terminal' (0x784b64403ac0)]  in org.gnome.Terminal (gtk 3.24.52) (1, 0, 0) priority: 3, counter: 10

vvvvv START PRIORITY-3 OBJECT EVENT OBJECT:STATE-CHANGED:FOCUSED (queue size: 38) vvvvv
10:26:00.255729 - CLIPBOARD PRESENTER: Possible change event object:text-changed:delete for [terminal: 'Terminal' (0x784b644c3900)]  in org.gnome.Terminal (gtk 3.24.52) (2, 93, ▶Overview ✕    ~ Unavailable~     Settings ✕              \nProject overview                 )

10:26:00.255888 - EVENT MANAGER: object:text-changed:delete for [terminal: 'Terminal' (0x784b644c3900)]  in org.gnome.Terminal (gtk 3.24.52) (2, 93, ▶Overview ✕    ~ Unavailable~     Settings ✕              \nProject overview                 )
10:26:00.255923 - FOCUS MANAGER: Locus of focus is [frame: 'Reactive TUI App accessibility round 1' (0x784b64726b00)] 
10:26:00.255979 - EVENT_MANAGER: Not ignoring object:text-changed:delete due to source being focused
10:26:00.256021 - EVENT MANAGER: Queueing object:text-changed:delete for [terminal: 'Terminal' (0x784b644c3900)]  in org.gnome.Terminal (gtk 3.24.52) (2, 93, ▶Overview ✕    ~ Unavailable~     Settings ✕              \nProject overview                 )
10:26:00.256038 - EVENT MANAGER: App for event source is [application: 'org.gnome.Terminal' (0x784b644b87c0)] 
10:26:00.256054 - SCRIPT MANAGER: Getting script for [application: 'org.gnome.Terminal' (0x784b644b87c0)]  [terminal: 'Terminal' (0x784b644c3900)] 
10:26:00.256078 - SCRIPT MANAGER: Script is custom script org.gnome.Terminal (module=orca.scripts.terminal.script)
10:26:00.256123 - EVENT MANAGER: object:text-changed:delete for [terminal: 'Terminal' (0x784b644c3900)]  in org.gnome.Terminal (gtk 3.24.52) (2, 93, ▶Overview ✕    ~ Unavailable~     Settings ✕              \nProject overview                 ) has priority level: 4
10:26:00.256163 - EVENT MANAGER: Queued object:text-changed:delete for [terminal: 'Terminal' (0x784b644c3900)]  in org.gnome.Terminal (gtk 3.24.52) (2, 93, ▶Overview ✕    ~ Unavailable~     Settings ✕              \nProject overview                 ) priority: 4, counter: 48
10:26:00.256204 - CLIPBOARD PRESENTER: Possible change event object:text-changed:insert for [terminal: 'Terminal' (0x784b644c3900)]  in org.gnome.Terminal (gtk 3.24.52) (2, 93,  Overview ✕    ~ Unavailable~    ▶Settings ✕              \n  [seed                          ])

10:26:00.256255 - EVENT MANAGER: object:text-changed:insert for [terminal: 'Terminal' (0x784b644c3900)]  in org.gnome.Terminal (gtk 3.24.52) (2, 93,  Overview ✕    ~ Unavailable~    ▶Settings ✕              \n  [seed                          ])
10:26:00.256269 - FOCUS MANAGER: Locus of focus is [frame: 'Reactive TUI App accessibility round 1' (0x784b64726b00)] 
10:26:00.256312 - EVENT_MANAGER: Not ignoring object:text-changed:insert due to source being focused
10:26:00.256344 - EVENT MANAGER: Queueing object:text-changed:insert for [terminal: 'Terminal' (0x784b644c3900)]  in org.gnome.Terminal (gtk 3.24.52) (2, 93,  Overview ✕    ~ Unavailable~    ▶Settings ✕              \n  [seed                          ])
10:26:00.256359 - EVENT MANAGER: App for event source is [application: 'org.gnome.Terminal' (0x784b644b87c0)] 
10:26:00.256374 - SCRIPT MANAGER: Getting script for [application: 'org.gnome.Terminal' (0x784b644b87c0)]  [terminal: 'Terminal' (0x784b644c3900)] 
10:26:00.256395 - SCRIPT MANAGER: Script is custom script org.gnome.Terminal (module=orca.scripts.terminal.script)
10:26:00.256431 - EVENT MANAGER: object:text-changed:insert for [terminal: 'Terminal' (0x784b644c3900)]  in org.gnome.Terminal (gtk 3.24.52) (2, 93,  Overview ✕    ~ Unavailable~    ▶Settings ✕              \n  [seed                          ]) has priority level: 4
10:26:00.256472 - EVENT MANAGER: Queued object:text-changed:insert for [terminal: 'Terminal' (0x784b644c3900)]  in org.gnome.Terminal (gtk 3.24.52) (2, 93,  Overview ✕    ~ Unavailable~    ▶Settings ✕              \n  [seed                          ]) priority: 4, counter: 49

10:26:00.256508 - EVENT MANAGER: object:text-caret-moved for [terminal: 'Terminal' (0x784b644c3900)]  in org.gnome.Terminal (gtk 3.24.52) (95, 0, 0)
10:26:00.256521 - FOCUS MANAGER: Locus of focus is [frame: 'Reactive TUI App accessibility round 1' (0x784b64726b00)] 
10:26:00.256564 - EVENT_MANAGER: Not ignoring object:text-caret-moved due to source being focused
10:26:00.256594 - EVENT MANAGER: Queueing object:text-caret-moved for [terminal: 'Terminal' (0x784b644c3900)]  in org.gnome.Terminal (gtk 3.24.52) (95, 0, 0)
10:26:00.256609 - EVENT MANAGER: App for event source is [application: 'org.gnome.Terminal' (0x784b644b87c0)] 
10:26:00.256624 - SCRIPT MANAGER: Getting script for [application: 'org.gnome.Terminal' (0x784b644b87c0)]  [terminal: 'Terminal' (0x784b644c3900)] 
10:26:00.256643 - SCRIPT MANAGER: Script is custom script org.gnome.Terminal (module=orca.scripts.terminal.script)
10:26:00.256679 - EVENT MANAGER: object:text-caret-moved for [terminal: 'Terminal' (0x784b644c3900)]  in org.gnome.Terminal (gtk 3.24.52) (95, 0, 0) has priority level: 4
10:26:00.256714 - EVENT MANAGER: Queued object:text-caret-moved for [terminal: 'Terminal' (0x784b644c3900)]  in org.gnome.Terminal (gtk 3.24.52) (95, 0, 0) priority: 4, counter: 50
10:26:00.258862 - EVENT SOURCE:
                  app='org.gnome.Terminal (gtk 3.24.52)' name='Terminal' role='terminal' axid='' id=0x784b644c3900
                  description=''
                  help=''
                  locale='C.UTF-8'
                  states='enabled, focusable, focused, sensitive, showing, visible'
                  relations=''
                  actions='menu'
                  interfaces='Action, Collection, Component, Text'
                  attributes='toolkit:gtk'
                  text='Overview ✕ ~ Unavailable~ ▶Settings ... \n \n \n \n \n (992 chars.)'
                  path=[-1, 0, 0, 1, 0, 0, 0, 0]
                  
10:26:00.258933 - SCRIPT MANAGER: Active script is: accessibility_probe (module=orca.scripts.default)
10:26:00.258992 - FOCUS MANAGER: Locus of focus is [frame: 'Reactive TUI App accessibility round 1' (0x784b64726b00)] 
10:26:00.259074 - EVENT MANAGER: Getting script for event for [application: 'org.gnome.Terminal' (0x784b644b87c0)]  [terminal: 'Terminal' (0x784b642fb900)] 
10:26:00.259126 - SCRIPT MANAGER: Getting script for [application: 'org.gnome.Terminal' (0x784b644b87c0)]  [terminal: 'Terminal' (0x784b642fb900)] 
10:26:00.259178 - SCRIPT MANAGER: Script is custom script org.gnome.Terminal (module=orca.scripts.terminal.script)
10:26:00.259211 - EVENT MANAGER: Script for event is org.gnome.Terminal (module=orca.scripts.terminal.script)
10:26:00.260332 - EVENT MANAGER: Change active script: True (Event source claimed focus.)
10:26:00.260408 - SCRIPT MANAGER: Deactivating accessibility_probe (module=orca.scripts.default) reason: Event source claimed focus.
10:26:00.260463 - SCRIPT MANAGER: Setting active script to org.gnome.Terminal (module=orca.scripts.terminal.script) reason: Event source claimed focus.
10:26:00.260503 - DEFAULT: Activating script for [application: 'org.gnome.Terminal' (0x784b644b87c0)] 
10:26:00.260875 - SPEECH MANAGER: Speech server is <orca.speechdispatcherfactory.SpeechServer object at 0x784b644a96a0>
10:26:00.260968 - GSETTINGS SCHEMA HANDLE: speech/punctuation-level not set [app:org.gnome.Terminal, profile:default]
10:26:00.260994 - GSETTINGS REGISTRY: speech/punctuation-level using default value = 'most'
10:26:00.261360 - SPEECH MANAGER: Speech server is <orca.speechdispatcherfactory.SpeechServer object at 0x784b644a96a0>
10:26:00.261417 - GSETTINGS SCHEMA HANDLE: speech/capitalization-style not set [app:org.gnome.Terminal, profile:default]
10:26:00.261443 - GSETTINGS REGISTRY: speech/capitalization-style using default value = 'none'
10:26:00.261814 - SPEECH MANAGER: Speech server is <orca.speechdispatcherfactory.SpeechServer object at 0x784b644a96a0>
10:26:00.261908 - GSETTINGS SCHEMA HANDLE: speech/synthesizer not set [app:org.gnome.Terminal, profile:default]
10:26:00.261955 - SCRIPT MANAGER: Active script is: org.gnome.Terminal (module=orca.scripts.terminal.script)
10:26:00.261969 - CARET NAVIGATOR: Commands suspended: False: script activation, no prior state
10:26:00.262044 - GSETTINGS SCHEMA HANDLE: keybindings/keyboard-layout not set [app:org.gnome.Terminal, profile:default]
10:26:00.262065 - GSETTINGS REGISTRY: keybindings/keyboard-layout using default value = 'desktop'
10:26:00.262095 - GSETTINGS SCHEMA HANDLE: keybindings/desktop-modifier-keys not set [app:org.gnome.Terminal, profile:default]
10:26:00.262102 - GSETTINGS REGISTRY: keybindings/desktop-modifier-keys using default value = ['Insert', 'KP_Insert']
10:26:00.262140 - SCRIPT MANAGER: Active script is: org.gnome.Terminal (module=orca.scripts.terminal.script)
10:26:00.262146 - STRUCTURAL NAVIGATOR: Suspended: False: script activation, no prior state
10:26:00.262163 - GSETTINGS SCHEMA HANDLE: keybindings/keyboard-layout not set [app:org.gnome.Terminal, profile:default]
10:26:00.262168 - GSETTINGS REGISTRY: keybindings/keyboard-layout using default value = 'desktop'
10:26:00.262180 - GSETTINGS SCHEMA HANDLE: keybindings/desktop-modifier-keys not set [app:org.gnome.Terminal, profile:default]
10:26:00.262184 - GSETTINGS REGISTRY: keybindings/desktop-modifier-keys using default value = ['Insert', 'KP_Insert']
10:26:00.262221 - STRUCTURAL NAVIGATOR: Setting mode for org.gnome.Terminal (module=orca.scripts.terminal.script) to NavigationMode.OFF
10:26:00.262236 - SCRIPT MANAGER: Active script is: org.gnome.Terminal (module=orca.scripts.terminal.script)
10:26:00.262251 - GSETTINGS SCHEMA HANDLE: keybindings/keyboard-layout not set [app:org.gnome.Terminal, profile:default]
10:26:00.262255 - GSETTINGS REGISTRY: keybindings/keyboard-layout using default value = 'desktop'
10:26:00.262266 - GSETTINGS SCHEMA HANDLE: keybindings/desktop-modifier-keys not set [app:org.gnome.Terminal, profile:default]
10:26:00.262270 - GSETTINGS REGISTRY: keybindings/desktop-modifier-keys using default value = ['Insert', 'KP_Insert']
10:26:00.262303 - CARET NAVIGATOR: Setting enabled state for org.gnome.Terminal (module=orca.scripts.terminal.script) to False
10:26:00.262316 - SCRIPT MANAGER: Active script is: org.gnome.Terminal (module=orca.scripts.terminal.script)
10:26:00.262328 - GSETTINGS SCHEMA HANDLE: keybindings/keyboard-layout not set [app:org.gnome.Terminal, profile:default]
10:26:00.262332 - GSETTINGS REGISTRY: keybindings/keyboard-layout using default value = 'desktop'
10:26:00.262342 - GSETTINGS SCHEMA HANDLE: keybindings/desktop-modifier-keys not set [app:org.gnome.Terminal, profile:default]
10:26:00.262346 - GSETTINGS REGISTRY: keybindings/desktop-modifier-keys using default value = ['Insert', 'KP_Insert']
10:26:00.262357 - COMMAND MANAGER: Activating commands: activated org.gnome.Terminal (module=orca.scripts.terminal.script)
10:26:00.262428 - GSETTINGS SCHEMA HANDLE: keybindings/entries no dict values set
10:26:00.262434 - GSETTINGS REGISTRY: keybindings/entries using default value = {}
10:26:00.262437 - COMMAND MANAGER: No user overrides to apply
10:26:00.262482 - GSETTINGS SCHEMA HANDLE: keybindings/keyboard-layout not set [app:org.gnome.Terminal, profile:default]
10:26:00.262487 - GSETTINGS REGISTRY: keybindings/keyboard-layout using default value = 'desktop'
10:26:00.262497 - GSETTINGS SCHEMA HANDLE: keybindings/desktop-modifier-keys not set [app:org.gnome.Terminal, profile:default]
10:26:00.262501 - GSETTINGS REGISTRY: keybindings/desktop-modifier-keys using default value = ['Insert', 'KP_Insert']

vvvvv COMMAND MANAGER: Grab diff: activated org.gnome.Terminal (module=orca.scripts.terminal.script) (old: 77, new: 77) vvvvv
10:26:00.262520 -   No grab changes
^^^^^ COMMAND MANAGER: Diff completed in 0.0000s. Removed 0, added 0, transferred 0 ^^^^^

10:26:00.262551 - GSETTINGS SCHEMA HANDLE: speech/enable not set [app:org.gnome.Terminal, profile:default]
10:26:00.262555 - GSETTINGS REGISTRY: speech/enable using default value = True
10:26:00.262559 - SPEECH MANAGER: Speech is enabled.
10:26:00.262588 - SPEECH MANAGER: start_speech. Script: None Event: None notify_user: False
10:26:00.262592 - SPEECH MANAGER: Initializing server
10:26:00.262595 - SPEECH MANAGER: Already initialized
10:26:00.262609 - GSETTINGS SCHEMA HANDLE: keybindings/keyboard-layout not set [app:org.gnome.Terminal, profile:default]
10:26:00.262614 - GSETTINGS REGISTRY: keybindings/keyboard-layout using default value = 'desktop'
10:26:00.262618 - COMMAND MANAGER: Setting keyboard layout is_desktop to True.
10:26:00.262670 - GSETTINGS SCHEMA HANDLE: keybindings/entries no dict values set
10:26:00.262674 - GSETTINGS REGISTRY: keybindings/entries using default value = {}
10:26:00.262677 - COMMAND MANAGER: No user overrides to apply
10:26:00.262719 - GSETTINGS SCHEMA HANDLE: keybindings/keyboard-layout not set [app:org.gnome.Terminal, profile:default]
10:26:00.262723 - GSETTINGS REGISTRY: keybindings/keyboard-layout using default value = 'desktop'
10:26:00.262733 - GSETTINGS SCHEMA HANDLE: keybindings/desktop-modifier-keys not set [app:org.gnome.Terminal, profile:default]
10:26:00.262737 - GSETTINGS REGISTRY: keybindings/desktop-modifier-keys using default value = ['Insert', 'KP_Insert']

vvvvv COMMAND MANAGER: Grab diff: keyboard layout change (old: 77, new: 77) vvvvv
10:26:00.262750 -   No grab changes
^^^^^ COMMAND MANAGER: Diff completed in 0.0000s. Removed 0, added 0, transferred 0 ^^^^^

10:26:00.262757 - COMMAND MANAGER: Keyboard layout set to desktop.
10:26:00.262770 - GSETTINGS SCHEMA HANDLE: keybindings/keyboard-layout not set [app:org.gnome.Terminal, profile:default]
10:26:00.262773 - GSETTINGS REGISTRY: keybindings/keyboard-layout using default value = 'desktop'
10:26:00.262783 - GSETTINGS SCHEMA HANDLE: keybindings/desktop-modifier-keys not set [app:org.gnome.Terminal, profile:default]
10:26:00.262787 - GSETTINGS REGISTRY: keybindings/desktop-modifier-keys using default value = ['Insert', 'KP_Insert']
10:26:00.262797 - EVENT MANAGER: Processing object:state-changed:focused: script for event is active
10:26:00.263157 - SCRIPT UTILITIES: [frame: 'Terminal' (0x784b6440ed40)]  is top-level object for: [terminal: 'Terminal' (0x784b644c3900)] 
10:26:00.263326 - SCRIPT UTILITIES: [terminal: 'Terminal' (0x784b644c3900)]  is in frame [frame: 'Terminal' (0x784b6440ed40)]  and dialog None
10:26:00.263350 - AXObject: Clearing AT-SPI cache on [frame: 'Terminal' (0x784b6440ed40)]  Recursive: False.  Reason: Checking if window can be the active window
10:26:00.264548 - AXUtilities: [frame: 'Terminal' (0x784b6440ed40)]  from [application: 'org.gnome.Terminal' (0x784b644b87c0)]  can be active window
10:26:00.264598 - FOCUS MANAGER: Request to set locus of focus to [terminal: 'Terminal' (0x784b644c3900)]  event_manager._dequeue_object_event:666 > event_manager._process_object_event:982 > default._on_focused_changed:1114 > focus_manager.set_locus_of_focus:271
10:26:00.265194 - AXObject: Clearing AT-SPI cache on [terminal: 'Terminal' (0x784b644c3900)]  Recursive: False.  Reason: Setting locus of focus.
10:26:00.265235 - SCRIPT MANAGER: Active script is: org.gnome.Terminal (module=orca.scripts.terminal.script)
10:26:00.265547 - FOCUS MANAGER: Changing locus of focus from [frame: 'Reactive TUI App accessibility round 1' (0x784b64726b00)]  to [terminal: 'Terminal' (0x784b644c3900)] . Notify: True
10:26:00.265729 - FOCUS MANAGER: Region of interest: [terminal: 'Terminal' (0x784b644c3900)]  (0, 0)
10:26:00.265927 - FOCUS MANAGER: Switching object of interest from [frame: 'Reactive TUI App accessibility round 1' (0x784b64726b00)]  to [terminal: 'Terminal' (0x784b644c3900)] 
10:26:00.266730 - DOCUMENT PRESENTER: Updating mode for focus change. Old focus: [frame: 'Reactive TUI App accessibility round 1' (0x784b64726b00)]  old doc: None New focus: [terminal: 'Terminal' (0x784b644c3900)]  new doc: None
10:26:00.266789 - SCRIPT MANAGER: Active script is: org.gnome.Terminal (module=orca.scripts.terminal.script)
10:26:00.266805 - CARET NAVIGATOR: Commands suspended: False: locus of focus no longer in document
10:26:00.266873 - GSETTINGS SCHEMA HANDLE: keybindings/keyboard-layout not set [app:org.gnome.Terminal, profile:default]
10:26:00.266890 - GSETTINGS REGISTRY: keybindings/keyboard-layout using default value = 'desktop'
10:26:00.266929 - GSETTINGS SCHEMA HANDLE: keybindings/desktop-modifier-keys not set [app:org.gnome.Terminal, profile:default]
10:26:00.266945 - GSETTINGS REGISTRY: keybindings/desktop-modifier-keys using default value = ['Insert', 'KP_Insert']
10:26:00.267018 - SCRIPT MANAGER: Active script is: org.gnome.Terminal (module=orca.scripts.terminal.script)
10:26:00.267035 - STRUCTURAL NAVIGATOR: Suspended: False: locus of focus no longer in document
10:26:00.267075 - GSETTINGS SCHEMA HANDLE: keybindings/keyboard-layout not set [app:org.gnome.Terminal, profile:default]
10:26:00.267089 - GSETTINGS REGISTRY: keybindings/keyboard-layout using default value = 'desktop'
10:26:00.267122 - GSETTINGS SCHEMA HANDLE: keybindings/desktop-modifier-keys not set [app:org.gnome.Terminal, profile:default]
10:26:00.267136 - GSETTINGS REGISTRY: keybindings/desktop-modifier-keys using default value = ['Insert', 'KP_Insert']
10:26:00.267203 - STRUCTURAL NAVIGATOR: Setting mode for org.gnome.Terminal (module=orca.scripts.terminal.script) to NavigationMode.OFF
10:26:00.267234 - SCRIPT MANAGER: Active script is: org.gnome.Terminal (module=orca.scripts.terminal.script)
10:26:00.267271 - GSETTINGS SCHEMA HANDLE: keybindings/keyboard-layout not set [app:org.gnome.Terminal, profile:default]
10:26:00.267285 - GSETTINGS REGISTRY: keybindings/keyboard-layout using default value = 'desktop'
10:26:00.267316 - GSETTINGS SCHEMA HANDLE: keybindings/desktop-modifier-keys not set [app:org.gnome.Terminal, profile:default]
10:26:00.267329 - GSETTINGS REGISTRY: keybindings/desktop-modifier-keys using default value = ['Insert', 'KP_Insert']
10:26:00.267389 - CARET NAVIGATOR: Setting enabled state for org.gnome.Terminal (module=orca.scripts.terminal.script) to False
10:26:00.267417 - SCRIPT MANAGER: Active script is: org.gnome.Terminal (module=orca.scripts.terminal.script)
10:26:00.267452 - GSETTINGS SCHEMA HANDLE: keybindings/keyboard-layout not set [app:org.gnome.Terminal, profile:default]
10:26:00.267464 - GSETTINGS REGISTRY: keybindings/keyboard-layout using default value = 'desktop'
10:26:00.267495 - GSETTINGS SCHEMA HANDLE: keybindings/desktop-modifier-keys not set [app:org.gnome.Terminal, profile:default]
10:26:00.267508 - GSETTINGS REGISTRY: keybindings/desktop-modifier-keys using default value = ['Insert', 'KP_Insert']
10:26:00.268008 - SCRIPT UTILITIES: [frame: 'Terminal' (0x784b6440ed40)]  is top-level object for: [terminal: 'Terminal' (0x784b644c3900)] 
10:26:00.268064 - FOCUS MANAGER: Request to set active window to [frame: 'Terminal' (0x784b6440ed40)] 
10:26:00.268422 - SCRIPT MANAGER: Getting script for [application: 'org.gnome.Terminal' (0x784b644b87c0)]  [terminal: 'Terminal' (0x784b644c3900)] 
10:26:00.268480 - SCRIPT MANAGER: Script is custom script org.gnome.Terminal (module=orca.scripts.terminal.script)
10:26:00.268930 - AXUtilitiesRelation: [frame: 'Reactive TUI App accessibility round 1' (0x784b64726b00)]  is controlled by [terminal: 'Terminal' (0x784b644c3900)] : False
10:26:00.269014 - AXUtilitiesRelation: [terminal: 'Terminal' (0x784b644c3900)]  is controlled by [frame: 'Reactive TUI App accessibility round 1' (0x784b64726b00)] : False
10:26:00.269033 - PRESENTATION MANAGER: Interrupting presentation
10:26:00.269091 - SPEECH MANAGER: interrupt_speech. Script: None Event: None notify_user: False
10:26:00.269364 - SPEECH MANAGER: Speech server is <orca.speechdispatcherfactory.SpeechServer object at 0x784b644a96a0>
10:26:00.269449 - BRAILLE: Kill flash message presentation_manager.interrupt_if_needed_for_focus_change:100 > presentation_manager.interrupt_presentation:88 > braille_presenter.kill_flash:1829 > braille.kill_flash:2182
10:26:00.270105 - FOCUS MANAGER: Active mode: focus-tracking Object of interest: [terminal: 'Terminal' (0x784b644c3900)] 
10:26:00.270148 - GSETTINGS SCHEMA HANDLE: speech/enable not set [app:org.gnome.Terminal, profile:default]
10:26:00.270155 - GSETTINGS REGISTRY: speech/enable using default value = True
10:26:00.270174 - GSETTINGS SCHEMA HANDLE: speech/verbosity-level not set [app:org.gnome.Terminal, profile:default]
10:26:00.270179 - GSETTINGS REGISTRY: speech/verbosity-level using default value = 'verbose'
10:26:00.270195 - FOCUS MANAGER: Locus of focus is [terminal: 'Terminal' (0x784b644c3900)] 
10:26:00.270211 - SCRIPT MANAGER: Active script is: org.gnome.Terminal (module=orca.scripts.terminal.script)
10:26:00.270229 - GSETTINGS SCHEMA HANDLE: speech/only-speak-displayed-text not set [app:org.gnome.Terminal, profile:default]
10:26:00.270233 - GSETTINGS REGISTRY: speech/only-speak-displayed-text using default value = False
10:26:00.270244 - GSETTINGS SCHEMA HANDLE: speech/speak-description not set [app:org.gnome.Terminal, profile:default]
10:26:00.270249 - GSETTINGS REGISTRY: speech/speak-description using default value = True
10:26:00.270260 - GSETTINGS SCHEMA HANDLE: speech/speak-tutorial-messages not set [app:org.gnome.Terminal, profile:default]
10:26:00.270264 - GSETTINGS REGISTRY: speech/speak-tutorial-messages using default value = True
10:26:00.270274 - GSETTINGS SCHEMA HANDLE: speech/speak-position-in-set not set [app:org.gnome.Terminal, profile:default]
10:26:00.270278 - GSETTINGS REGISTRY: speech/speak-position-in-set using default value = False
10:26:00.270288 - GSETTINGS SCHEMA HANDLE: speech/speak-widget-mnemonic not set [app:org.gnome.Terminal, profile:default]
10:26:00.270292 - GSETTINGS REGISTRY: speech/speak-widget-mnemonic using default value = True
10:26:00.270303 - GSETTINGS SCHEMA HANDLE: speech/speak-blank-lines not set [app:org.gnome.Terminal, profile:default]
10:26:00.270306 - GSETTINGS REGISTRY: speech/speak-blank-lines using default value = True
10:26:00.270316 - GSETTINGS SCHEMA HANDLE: speech/speak-indentation-and-justification not set [app:org.gnome.Terminal, profile:default]
10:26:00.270319 - GSETTINGS REGISTRY: speech/speak-indentation-and-justification using default value = False
10:26:00.270330 - GSETTINGS SCHEMA HANDLE: speech/announce-cell-headers not set [app:org.gnome.Terminal, profile:default]
10:26:00.270333 - GSETTINGS REGISTRY: speech/announce-cell-headers using default value = True
10:26:00.270342 - GSETTINGS SCHEMA HANDLE: speech/announce-cell-coordinates not set [app:org.gnome.Terminal, profile:default]
10:26:00.270346 - GSETTINGS REGISTRY: speech/announce-cell-coordinates using default value = True
10:26:00.270356 - GSETTINGS SCHEMA HANDLE: speech/announce-spreadsheet-cell-coordinates not set [app:org.gnome.Terminal, profile:default]
10:26:00.270359 - GSETTINGS REGISTRY: speech/announce-spreadsheet-cell-coordinates using default value = True
10:26:00.270369 - GSETTINGS SCHEMA HANDLE: speech/announce-blockquote not set [app:org.gnome.Terminal, profile:default]
10:26:00.270372 - GSETTINGS REGISTRY: speech/announce-blockquote using default value = True
10:26:00.270382 - GSETTINGS SCHEMA HANDLE: speech/announce-form not set [app:org.gnome.Terminal, profile:default]
10:26:00.270385 - GSETTINGS REGISTRY: speech/announce-form using default value = True
10:26:00.270395 - GSETTINGS SCHEMA HANDLE: speech/announce-landmark not set [app:org.gnome.Terminal, profile:default]
10:26:00.270398 - GSETTINGS REGISTRY: speech/announce-landmark using default value = True
10:26:00.270407 - GSETTINGS SCHEMA HANDLE: speech/announce-list not set [app:org.gnome.Terminal, profile:default]
10:26:00.270411 - GSETTINGS REGISTRY: speech/announce-list using default value = True
10:26:00.270420 - GSETTINGS SCHEMA HANDLE: speech/announce-grouping not set [app:org.gnome.Terminal, profile:default]
10:26:00.270423 - GSETTINGS REGISTRY: speech/announce-grouping using default value = True
10:26:00.270433 - GSETTINGS SCHEMA HANDLE: speech/announce-table not set [app:org.gnome.Terminal, profile:default]
10:26:00.270438 - GSETTINGS REGISTRY: speech/announce-table using default value = True
10:26:00.270519 - GENERATOR: _get_functional_role: terminal
10:26:00.270588 - SPEECH GENERATOR: speech_generator.SpeechGenerator._generate_terminal for [terminal: 'Terminal' (0x784b644c3900)]  args: {'formatType': 'unfocused', 'priorObj': "[frame: 'Reactive TUI App accessibility round 1' (0x784b64726b00)] ", 'role': 'terminal'}
10:26:00.270624 - SPEECH GENERATOR: _generate_old_ancestors: []
10:26:00.270676 - AXUtilitiesObject: Looking for common ancestor of [frame: 'Reactive TUI App accessibility round 1' (0x784b64726b00)]  and [terminal: 'Terminal' (0x784b644c3900)] 
10:26:00.270878 - AXUtilitiesObject: Common ancestor of [frame: 'Reactive TUI App accessibility round 1' (0x784b64726b00)]  and [terminal: 'Terminal' (0x784b644c3900)]  is None
10:26:00.271006 - GENERATOR: _get_functional_role: filler
10:26:00.271038 - AXUtilities: [filler (0x784b6430d480)]  believed to be layout only: True, has layout-only role
10:26:00.271114 - GENERATOR: _get_functional_role: panel
10:26:00.271179 - AXUtilitiesRelation: [panel (0x784b6455d840)]  is labelled by: []
10:26:00.271203 - AXUtilitiesRelation: [panel (0x784b6455d840)]  is described by: []
10:26:00.271220 - AXUtilities: [panel (0x784b6455d840)]  believed to be layout only: True, lacks name, description, and relations
10:26:00.271424 - GENERATOR: _get_functional_role: page-tab
10:26:00.271543 - GENERATOR: _get_functional_role: page-tab-list
10:26:00.271644 - GENERATOR: _get_functional_role: filler
10:26:00.271667 - AXUtilities: [filler (0x784b6430dd00)]  believed to be layout only: True, has layout-only role
10:26:00.271756 - GENERATOR: _get_functional_role: frame
10:26:00.274407 - GENERATOR: _get_functional_role: application
10:26:00.274625 - SPEECH GENERATOR: speech_generator.SpeechGenerator._generate_page_tab for [page tab (0x784b642ce000)]  args: {'ancestorOf': "[terminal: 'Terminal' (0x784b644c3900)] ",
                   'count': '1',
                   'formatType': 'ancestor',
                   'leaving': 'None',
                   'priorObj': "[frame: 'Reactive TUI App accessibility round 1' (0x784b64726b00)] ",
                   'role': 'page-tab'}
10:26:00.274798 - AXUtilitiesRelation: [page tab (0x784b642ce000)]  is labelled by: []
10:26:00.274837 - GENERATOR: _generate_accessible_label: []
10:26:00.274870 - SPEECH GENERATOR: _generate_accessible_label: []
10:26:00.274940 - GENERATOR: _generate_accessible_name: []
10:26:00.274971 - SPEECH GENERATOR: _generate_accessible_name: []
10:26:00.275018 - GENERATOR: _generate_accessible_label_and_name: []
10:26:00.275048 - SPEECH GENERATOR: _generate_accessible_label_and_name: []
10:26:00.275832 - GSETTINGS SCHEMA HANDLE: voice/established not set [app:org.gnome.Terminal, profile:default]
10:26:00.275883 - GSETTINGS SCHEMA HANDLE: voice/rate not set [app:org.gnome.Terminal, profile:default]
10:26:00.275923 - GSETTINGS SCHEMA HANDLE: voice/pitch not set [app:org.gnome.Terminal, profile:default]
10:26:00.275961 - GSETTINGS SCHEMA HANDLE: voice/volume not set [app:org.gnome.Terminal, profile:default]
10:26:00.276007 - GSETTINGS SCHEMA HANDLE: voice/family-name not set [app:org.gnome.Terminal, profile:default]
10:26:00.276047 - GSETTINGS SCHEMA HANDLE: voice/family-lang not set [app:org.gnome.Terminal, profile:default]
10:26:00.276082 - GSETTINGS SCHEMA HANDLE: voice/family-dialect not set [app:org.gnome.Terminal, profile:default]
10:26:00.276115 - GSETTINGS SCHEMA HANDLE: voice/family-gender not set [app:org.gnome.Terminal, profile:default]
10:26:00.276149 - GSETTINGS SCHEMA HANDLE: voice/family-variant not set [app:org.gnome.Terminal, profile:default]
10:26:00.276210 - SPEECH GENERATOR: system voice requested for [page tab (0x784b642ce000)]  language='', dialect='' Unmodified voice={'established': False}
10:26:00.276319 - SPEECH GENERATOR: Reported locale of [page tab (0x784b642ce000)]  is C
10:26:00.276353 - SPEECH GENERATOR: Updated to: 'C', ''
10:26:00.276440 - GSETTINGS SCHEMA HANDLE: voice/established not set [app:org.gnome.Terminal, profile:default]
10:26:00.276486 - GSETTINGS SCHEMA HANDLE: voice/rate not set [app:org.gnome.Terminal, profile:default]
10:26:00.276525 - GSETTINGS SCHEMA HANDLE: voice/pitch not set [app:org.gnome.Terminal, profile:default]
10:26:00.276559 - GSETTINGS SCHEMA HANDLE: voice/volume not set [app:org.gnome.Terminal, profile:default]
10:26:00.276594 - GSETTINGS SCHEMA HANDLE: voice/family-name not set [app:org.gnome.Terminal, profile:default]
10:26:00.276627 - GSETTINGS SCHEMA HANDLE: voice/family-lang not set [app:org.gnome.Terminal, profile:default]
10:26:00.276659 - GSETTINGS SCHEMA HANDLE: voice/family-dialect not set [app:org.gnome.Terminal, profile:default]
10:26:00.276691 - GSETTINGS SCHEMA HANDLE: voice/family-gender not set [app:org.gnome.Terminal, profile:default]
10:26:00.276723 - GSETTINGS SCHEMA HANDLE: voice/family-variant not set [app:org.gnome.Terminal, profile:default]
10:26:00.276796 - SPEECH GENERATOR: Final voice is {'established': 'False', 'family': '{}'}
10:26:00.276867 - SPEECH GENERATOR: _generate_accessible_role: [page tab, {'established': 'False', 'family': '{}'}]
10:26:00.276937 - SPEECH GENERATOR: Results: [page tab, {'established': 'False', 'family': '{}'}]
10:26:00.276990 - SPEECH GENERATOR: [page tab list (0x784b6430dbc0)]  lacks dedicated generator
10:26:00.277137 - SPEECH GENERATOR: speech_generator.SpeechGenerator._generate_default_presentation for [page tab list (0x784b6430dbc0)]  args: {'ancestorOf': "[terminal: 'Terminal' (0x784b644c3900)] ",
                   'count': '1',
                   'formatType': 'ancestor',
                   'leaving': 'None',
                   'priorObj': "[frame: 'Reactive TUI App accessibility round 1' (0x784b64726b00)] ",
                   'role': 'page-tab-list'}
10:26:00.277180 - SPEECH GENERATOR: _generate_details_for: []
10:26:00.277212 - SPEECH GENERATOR: Results: []
10:26:00.277351 - SPEECH GENERATOR: speech_generator.SpeechGenerator._generate_frame for [frame: 'Terminal' (0x784b6440ed40)]  args: {'ancestorOf': "[terminal: 'Terminal' (0x784b644c3900)] ",
                   'count': '1',
                   'formatType': 'ancestor',
                   'leaving': 'None',
                   'priorObj': "[frame: 'Reactive TUI App accessibility round 1' (0x784b64726b00)] ",
                   'role': 'frame'}
10:26:00.277430 - AXUtilitiesRelation: [frame: 'Terminal' (0x784b6440ed40)]  is labelled by: []
10:26:00.277461 - GENERATOR: _generate_accessible_label: []
10:26:00.277488 - SPEECH GENERATOR: _generate_accessible_label: []
10:26:00.277532 - GENERATOR: _generate_accessible_name: [Terminal]
10:26:00.277574 - GSETTINGS SCHEMA HANDLE: voice/established not set [app:org.gnome.Terminal, profile:default]
10:26:00.277610 - GSETTINGS SCHEMA HANDLE: voice/rate not set [app:org.gnome.Terminal, profile:default]
10:26:00.277644 - GSETTINGS SCHEMA HANDLE: voice/pitch not set [app:org.gnome.Terminal, profile:default]
10:26:00.277707 - GSETTINGS SCHEMA HANDLE: voice/volume not set [app:org.gnome.Terminal, profile:default]
10:26:00.277768 - GSETTINGS SCHEMA HANDLE: voice/family-name not set [app:org.gnome.Terminal, profile:default]
10:26:00.277786 - GSETTINGS SCHEMA HANDLE: voice/family-lang not set [app:org.gnome.Terminal, profile:default]
10:26:00.277799 - GSETTINGS SCHEMA HANDLE: voice/family-dialect not set [app:org.gnome.Terminal, profile:default]
10:26:00.277809 - GSETTINGS SCHEMA HANDLE: voice/family-gender not set [app:org.gnome.Terminal, profile:default]
10:26:00.277819 - GSETTINGS SCHEMA HANDLE: voice/family-variant not set [app:org.gnome.Terminal, profile:default]
10:26:00.277859 - SPEECH GENERATOR: default voice requested for [frame: 'Terminal' (0x784b6440ed40)]  language='', dialect='' Unmodified voice={'established': False}
10:26:00.277885 - SPEECH GENERATOR: Reported locale of [frame: 'Terminal' (0x784b6440ed40)]  is C
10:26:00.277897 - SPEECH GENERATOR: Updated to: 'C', ''
10:26:00.277921 - GSETTINGS SCHEMA HANDLE: speech/auto-language-switching not set [app:org.gnome.Terminal, profile:default]
10:26:00.277925 - GSETTINGS REGISTRY: speech/auto-language-switching using default value = True
10:26:00.277939 - SPEECH DISPATCHER: Returning cached result for language='C' dialect='' variant='None'
10:26:00.277983 - SPEECH GENERATOR: Family updated to {'dialect': '', 'lang': 'C', 'name': ''}
10:26:00.278032 - SPEECH GENERATOR: Final voice is {'established': 'False', 'family': "{'dialect': '', 'lang': 'C', 'name': ''}"}
10:26:00.278079 - SPEECH GENERATOR: _generate_accessible_name: [Terminal, {'established': 'False', 'family': "{'dialect': '', 'lang': 'C', 'name': ''}"}]
10:26:00.278129 - GENERATOR: _generate_accessible_label_and_name: [Terminal, {'established': 'False', 'family': "{'dialect': '', 'lang': 'C', 'name': ''}"}]
10:26:00.278149 - SPEECH PRESENTER: Adjusting 'Terminal' from [frame: 'Terminal' (0x784b6440ed40)]  start_offset: None
10:26:00.278173 - GSETTINGS SCHEMA HANDLE: speech/speak-numbers-as-digits not set [app:org.gnome.Terminal, profile:default]
10:26:00.278177 - GSETTINGS REGISTRY: speech/speak-numbers-as-digits using default value = False
10:26:00.278201 - GSETTINGS SCHEMA HANDLE: speech/repeated-character-limit not set [app:org.gnome.Terminal, profile:default]
10:26:00.278205 - GSETTINGS REGISTRY: speech/repeated-character-limit using default value = 4
10:26:00.278404 - GSETTINGS SCHEMA HANDLE: speech/use-pronunciation-dictionary not set [app:org.gnome.Terminal, profile:default]
10:26:00.278422 - GSETTINGS REGISTRY: speech/use-pronunciation-dictionary using default value = True
10:26:00.278466 - GSETTINGS SCHEMA HANDLE: pronunciations/entries no dict values set
10:26:00.278479 - GSETTINGS REGISTRY: pronunciations/entries using default value = {}
10:26:00.278491 - SPEECH PRESENTER: Adjusted text: 'Terminal'
10:26:00.278588 - SPEECH GENERATOR: _generate_accessible_label_and_name: [Terminal, {'established': 'False', 'family': "{'dialect': '', 'lang': 'C', 'name': ''}"}]
10:26:00.278679 - SPEECH GENERATOR: Results: [Terminal, {'established': 'False', 'family': "{'dialect': '', 'lang': 'C', 'name': ''}"}]
10:26:00.278828 - SPEECH GENERATOR: _generate_new_ancestors: [[Terminal, {'established': 'False', 'family': "{'dialect': '', 'lang': 'C', 'name': ''}"}], [], [page tab, {'established': 'False', 'family': '{}'}]]
10:26:00.278891 - GENERATOR: _generate_text_substring: []
10:26:00.278920 - SPEECH GENERATOR: _generate_text_substring: []
10:26:00.279115 - AXText: [terminal: 'Terminal' (0x784b644c3900)]  reports 982 characters.
10:26:00.279240 - AXText: [terminal: 'Terminal' (0x784b644c3900)]  reports caret offset of 95.
10:26:00.279504 - AXText: Line at offset 95 in [terminal: 'Terminal' (0x784b644c3900)]  '  [seed                          ]                          \n' (61-122)
10:26:00.279571 - AXText: Getting attributes for [terminal: 'Terminal' (0x784b644c3900)]  chars: 61-122
10:26:00.279739 - AXText: Attributes for [terminal: 'Terminal' (0x784b644c3900)]  at offset 61: ({'bg-color': '0,0,0', 'fg-color': '65535,65535,65535'}, start_offset=48, end_offset=981)
10:26:00.279815 - AXText: 1 attribute ranges found.
10:26:00.279933 - AXText: Text of [terminal: 'Terminal' (0x784b644c3900)]  (61-122): '  [seed                          ]                          \n'
10:26:00.279996 - GSETTINGS SCHEMA HANDLE: voice/established not set [app:org.gnome.Terminal, profile:default]
10:26:00.280041 - GSETTINGS SCHEMA HANDLE: voice/rate not set [app:org.gnome.Terminal, profile:default]
10:26:00.280078 - GSETTINGS SCHEMA HANDLE: voice/pitch not set [app:org.gnome.Terminal, profile:default]
10:26:00.280114 - GSETTINGS SCHEMA HANDLE: voice/volume not set [app:org.gnome.Terminal, profile:default]
10:26:00.280341 - GSETTINGS SCHEMA HANDLE: voice/family-name not set [app:org.gnome.Terminal, profile:default]
10:26:00.280361 - GSETTINGS SCHEMA HANDLE: voice/family-lang not set [app:org.gnome.Terminal, profile:default]
10:26:00.280373 - GSETTINGS SCHEMA HANDLE: voice/family-dialect not set [app:org.gnome.Terminal, profile:default]
10:26:00.280384 - GSETTINGS SCHEMA HANDLE: voice/family-gender not set [app:org.gnome.Terminal, profile:default]
10:26:00.280400 - GSETTINGS SCHEMA HANDLE: voice/family-variant not set [app:org.gnome.Terminal, profile:default]
10:26:00.280440 - SPEECH GENERATOR: None voice requested for [terminal: 'Terminal' (0x784b644c3900)]  language='', dialect='' Unmodified voice={'established': False}
10:26:00.280465 - SPEECH GENERATOR: Reported locale of [terminal: 'Terminal' (0x784b644c3900)]  is C
10:26:00.280478 - SPEECH GENERATOR: Updated to: 'C', ''
10:26:00.280500 - GSETTINGS SCHEMA HANDLE: speech/auto-language-switching not set [app:org.gnome.Terminal, profile:default]
10:26:00.280505 - GSETTINGS REGISTRY: speech/auto-language-switching using default value = True
10:26:00.280513 - SPEECH DISPATCHER: Returning cached result for language='C' dialect='' variant='None'
10:26:00.280552 - SPEECH GENERATOR: Family updated to {'dialect': '', 'lang': 'C', 'name': ''}
10:26:00.280593 - SPEECH GENERATOR: Final voice is {'established': 'False', 'family': "{'dialect': '', 'lang': 'C', 'name': ''}"}
10:26:00.280614 - SPEECH PRESENTER: Adjusting '  [seed                          ]                          
                  ' from [terminal: 'Terminal' (0x784b644c3900)]  start_offset: 61
10:26:00.280649 - AXHypertext: 0 hyperlinks found in [terminal: 'Terminal' (0x784b644c3900)]  between start: 61 and end: 122
10:26:00.280667 - GSETTINGS SCHEMA HANDLE: speech/speak-numbers-as-digits not set [app:org.gnome.Terminal, profile:default]
10:26:00.280671 - GSETTINGS REGISTRY: speech/speak-numbers-as-digits using default value = False
10:26:00.280692 - GSETTINGS SCHEMA HANDLE: speech/repeated-character-limit not set [app:org.gnome.Terminal, profile:default]
10:26:00.280696 - GSETTINGS REGISTRY: speech/repeated-character-limit using default value = 4
10:26:00.281543 - GSETTINGS SCHEMA HANDLE: speech/use-pronunciation-dictionary not set [app:org.gnome.Terminal, profile:default]
10:26:00.281589 - GSETTINGS REGISTRY: speech/use-pronunciation-dictionary using default value = True
10:26:00.281615 - SPEECH PRESENTER: Adjusted text: '  [seed                          ]                          
                  '
10:26:00.281736 - SPEECH GENERATOR: _generate_text_line: [  [seed                          ]                          
                  , {'established': 'False', 'family': "{'dialect': '', 'lang': 'C', 'name': ''}"}]
10:26:00.281959 - SPEECH GENERATOR: Results: [[Terminal, {'established': 'False', 'family': "{'dialect': '', 'lang': 'C', 'name': ''}"}], [], [page tab, {'established': 'False', 'family': '{}'}],   [seed                          ]                          
                  , {'established': 'False', 'family': "{'dialect': '', 'lang': 'C', 'name': ''}"}]
10:26:00.282145 - SPEECH: Speak [[Terminal, {'established': 'False', 'family': "{'dialect': '', 'lang': 'C', 'name': ''}"}], [], [page tab, {'established': 'False', 'family': '{}'}],   [seed                          ]                          
                  , {'established': 'False', 'family': "{'dialect': '', 'lang': 'C', 'name': ''}"}], acss: None
10:26:00.282186 - SPEECH OUTPUT: 'Terminal' {'established': False, 'family': {'name': '', 'gender': None, 'lang': 'C', 'dialect': '', 'variant': None}}
10:26:00.282193 - SPEECH DISPATCHER: Speaking 'Terminal' as string
10:26:00.282389 - SPEECH DISPATCHER: Speaking '<speak><mark name="0:8"/>Terminal</speak>' 
                  ORCA rate 50.0, pitch 5.0, volume 10.0, language C, punctuation: MOST
                  SD rate 2, pitch 10, volume 100, language c
10:26:00.282463 - SPEECH OUTPUT: 'page tab' {'established': False}
10:26:00.282469 - SPEECH DISPATCHER: Speaking 'page tab' as string
10:26:00.282633 - SPEECH DISPATCHER: Speaking '<speak><mark name="0:4"/>page <mark name="5:8"/>tab</speak>' 
                  ORCA rate 50.0, pitch 5.0, volume 10.0, language C, punctuation: MOST
                  SD rate 2, pitch 10, volume 100, language c
10:26:00.291133 - SPEECH OUTPUT: '  [seed                          ]                          
                  ' {'established': False, 'family': {'name': '', 'gender': None, 'lang': 'C', 'dialect': '', 'variant': None}}
10:26:00.291233 - SPEECH DISPATCHER: Speaking '  [seed                          ]                          
                  ' as string
10:26:00.291463 - SPEECH DISPATCHER: Speaking '<speak>  <mark name="2:7"/>[seed                          <mark name="33:34"/>]                          
                  </speak>' 
                  ORCA rate 50.0, pitch 5.0, volume 10.0, language C, punctuation: MOST
                  SD rate 2, pitch 10, volume 100, language c
10:26:00.291614 - GSETTINGS SCHEMA HANDLE: braille/enabled not set [app:org.gnome.Terminal, profile:default]
10:26:00.291626 - GSETTINGS REGISTRY: braille/enabled using default value = True
10:26:00.291688 - FOCUS MANAGER: Active mode: focus-tracking Object of interest: [terminal: 'Terminal' (0x784b644c3900)] 
10:26:00.291706 - GSETTINGS SCHEMA HANDLE: braille/enabled not set [app:org.gnome.Terminal, profile:default]
10:26:00.291711 - GSETTINGS REGISTRY: braille/enabled using default value = True
10:26:00.291730 - GSETTINGS SCHEMA HANDLE: braille/verbosity-level not set [app:org.gnome.Terminal, profile:default]
10:26:00.291735 - GSETTINGS REGISTRY: braille/verbosity-level using default value = 'verbose'
10:26:00.291751 - FOCUS MANAGER: Locus of focus is [terminal: 'Terminal' (0x784b644c3900)] 
10:26:00.291770 - SCRIPT MANAGER: Active script is: org.gnome.Terminal (module=orca.scripts.terminal.script)
10:26:00.291786 - GSETTINGS SCHEMA HANDLE: braille/rolename-style not set [app:org.gnome.Terminal, profile:default]
10:26:00.291790 - GSETTINGS REGISTRY: braille/rolename-style using default value = 'verbose'
10:26:00.291802 - GSETTINGS SCHEMA HANDLE: braille/display-ancestors not set [app:org.gnome.Terminal, profile:default]
10:26:00.291806 - GSETTINGS REGISTRY: braille/display-ancestors using default value = True
10:26:00.291818 - GSETTINGS SCHEMA HANDLE: braille/end-of-line-indicator not set [app:org.gnome.Terminal, profile:default]
10:26:00.291822 - GSETTINGS REGISTRY: braille/end-of-line-indicator using default value = True
10:26:00.291832 - GSETTINGS SCHEMA HANDLE: braille/present-mnemonics not set [app:org.gnome.Terminal, profile:default]
10:26:00.291836 - GSETTINGS REGISTRY: braille/present-mnemonics using default value = True
10:26:00.291925 - GENERATOR: _get_functional_role: terminal
10:26:00.292013 - BRAILLE GENERATOR: braille_generator.BrailleGenerator._generate_terminal for [terminal: 'Terminal' (0x784b644c3900)]  args: {'formatType': 'focused', 'priorObj': "[frame: 'Reactive TUI App accessibility round 1' (0x784b64726b00)] ", 'role': 'terminal'}
10:26:00.292044 - BRAILLE: Creating text region for [terminal: 'Terminal' (0x784b644c3900)]  label:'', offsets: None-None, caret: None
10:26:00.292167 - AXText: [terminal: 'Terminal' (0x784b644c3900)]  reports caret offset of 95.
10:26:00.292214 - AXText: [terminal: 'Terminal' (0x784b644c3900)]  reports 982 characters.
10:26:00.292310 - AXText: Line at offset 95 in [terminal: 'Terminal' (0x784b644c3900)]  '  [seed                          ]                          \n' (61-122)
10:26:00.292329 - BRAILLE: Not contracting '  [seed                          ]                          
                  ' because contracted braille is not enabled.
10:26:00.292354 - BRAILLE GENERATOR: Results: [TEXT: '  [seed                          ]                          ', cursor offset:34 start offset:0, line offset:61]
10:26:00.292416 - AXText: [terminal: 'Terminal' (0x784b644c3900)]  reports 982 characters.
10:26:00.292475 - AXText: Text of [terminal: 'Terminal' (0x784b644c3900)]  '   Overview ✕    ~ Unavailable~    ▶Settings ✕              \n  [seed                          ]                          \n                                                            \n                                                            \n                                                            \n                                                            \n                                                            \n                                                            \n                                                            \n                                                            \n                                                            \n                                                            \n                                                            \n                                                            \n                                                            \n                                                            \n'
10:26:00.292501 - SCRIPT MANAGER: Active script is: org.gnome.Terminal (module=orca.scripts.terminal.script)
10:26:00.292525 - AXHypertext: 0 hyperlinks found in [terminal: 'Terminal' (0x784b644c3900)] 
10:26:00.292577 - AXText: [terminal: 'Terminal' (0x784b644c3900)]  reports 0 selection(s).
10:26:00.292600 - BRAILLE: Refresh. Pan: True target: 0
10:26:00.292606 - BRAILLE: Kill flash message braille.display_line:1618 > braille.refresh:2097 > braille._prepare_refresh:1856 > braille.kill_flash:2182
10:26:00.293098 - GSETTINGS SCHEMA HANDLE: braille/enabled not set [app:org.gnome.Terminal, profile:default]
10:26:00.293107 - GSETTINGS REGISTRY: braille/enabled using default value = True
10:26:00.293128 - BRAILLE: Last text object: None (Caret: 0, Line: 0, Cell: 0)
10:26:00.293157 - BRAILLE: Current text object: [terminal: 'Terminal' (0x784b644c3900)]  (Caret: 95, Line: 61). On same line: False
10:26:00.293165 - BRAILLE: Line 0: '  [seed                          ]                          ' focusOffset: 0 [[0, 2], [2, 33], [33, 60]]
10:26:00.293169 - BRAILLE: Cursor offset in line string is: 34
10:26:00.293175 - BRAILLE: Adjusting offset to 33 (unhandled condition)
10:26:00.293179 - BRAILLE: Current range: (33, 65). Target cell: 0
10:26:00.293184 - BRAILLE LINE:  '  [seed                          ]                          '
10:26:00.293188 -      VISIBLE:  ']                          ', cursor=2
10:26:00.293202 - BRAILLE: Enabling braille. BrlAPI running: False
10:26:00.293205 - BRAILLE: Need to initialize first.
10:26:00.293220 - BRAILLE: Initializing. Callback: input_event_manager.InputEventManager.process_braille_event
10:26:00.293236 - BRAILLE: WINDOWPATH= None
10:26:00.293249 - BRAILLE: XDG_VTNR= 1
10:26:00.293266 - BRAILLE: Attempting connection with BrlAPI.
10:26:00.293611 - BRAILLE: BrlAPI Connection is unavailable (ConnectionError): couldn't connect to b':0' with key b'keyfile:/etc/brlapi.key+polkit': connect: No such file or directory
                  (brlerrno 11, libcerrno 2, gaierrno 0)
                  Is BRLTTY really running?
10:26:00.293685 - AXTable: Setting last cell coordinates to row=-1, column=-1
10:26:00.293753 - AXText: [terminal: 'Terminal' (0x784b644c3900)]  reports caret offset of 95.
10:26:00.293773 - FOCUS MANAGER: Setting last cursor position to [terminal: 'Terminal' (0x784b644c3900)]  95
10:26:00.293813 - AXText: [terminal: 'Terminal' (0x784b644c3900)]  reports 0 selection(s).
10:26:00.293875 - FOCUS MANAGER: Active window is [frame: 'Terminal' (0x784b6440ed40)]  focus_manager.set_locus_of_focus:327 > focus_manager._save_object_details:254 > ax_utilities_event.save_object_info_for_events:195 > focus_manager.get_active_window:342
TOTAL PROCESSING TIME: 0.0392
^^^^^ FINISHED PRIORITY-3 OBJECT EVENT OBJECT:STATE-CHANGED:FOCUSED ^^^^^

10:26:00.294491 - EVENT MANAGER: Dequeueing object:announcement for [label: 'Background calls 0' (0x784b6430f040)]  in accessibility_probe (AccessKit) (1, 0, Background calls 0)
10:26:00.294591 - EVENT MANAGER: Dequeued object:announcement for [label: 'Background calls 0' (0x784b6430f100)]  in accessibility_probe (AccessKit) (1, 0, Background calls 0) priority: 3, counter: 14

vvvvv START PRIORITY-3 OBJECT EVENT OBJECT:ANNOUNCEMENT (queue size: 40) vvvvv
10:26:00.298161 - EVENT SOURCE:
                  app='accessibility_probe (AccessKit )' name='Background calls 0' role='label' axid='' id=0x784b64726f80
                  description=''
                  help=''
                  locale=''
                  states='enabled, sensitive, showing, visible'
                  relations=''
                  actions=''
                  interfaces=''
                  attributes=''
                  text=''
                  path=[-1, 0, 1]
                  
10:26:00.298233 - SCRIPT MANAGER: Active script is: org.gnome.Terminal (module=orca.scripts.terminal.script)
10:26:00.298285 - FOCUS MANAGER: Locus of focus is [terminal: 'Terminal' (0x784b644c3900)] 
10:26:00.298361 - EVENT MANAGER: Getting script for event for [application: 'accessibility_probe' (0x784b64403fc0)]  [label: 'Background calls 0' (0x784b642cf140)] 
10:26:00.298410 - SCRIPT MANAGER: Getting script for [application: 'accessibility_probe' (0x784b64403fc0)]  [label: 'Background calls 0' (0x784b642cf140)] 
10:26:00.298781 - SCRIPT MANAGER: Script is app script accessibility_probe (module=orca.scripts.default)
10:26:00.298818 - EVENT MANAGER: Script for event is accessibility_probe (module=orca.scripts.default)
10:26:00.299803 - EVENT MANAGER: Change active script: False (No reason found to activate a different script.)
10:26:00.299828 - EVENT MANAGER: Processing object:announcement: script handles events when inactive
10:26:00.299919 - GSETTINGS SCHEMA HANDLE: speech/enable not set [app:org.gnome.Terminal, profile:default]
10:26:00.299935 - GSETTINGS REGISTRY: speech/enable using default value = True
10:26:00.299984 - GSETTINGS SCHEMA HANDLE: speech/messages-are-detailed not set [app:org.gnome.Terminal, profile:default]
10:26:00.300000 - GSETTINGS REGISTRY: speech/messages-are-detailed using default value = True
10:26:00.300037 - GSETTINGS SCHEMA HANDLE: speech/only-speak-displayed-text not set [app:org.gnome.Terminal, profile:default]
10:26:00.300050 - GSETTINGS REGISTRY: speech/only-speak-displayed-text using default value = False
10:26:00.300089 - GSETTINGS SCHEMA HANDLE: voice/established not set [app:org.gnome.Terminal, profile:default]
10:26:00.300125 - GSETTINGS SCHEMA HANDLE: voice/rate not set [app:org.gnome.Terminal, profile:default]
10:26:00.300160 - GSETTINGS SCHEMA HANDLE: voice/pitch not set [app:org.gnome.Terminal, profile:default]
10:26:00.300193 - GSETTINGS SCHEMA HANDLE: voice/volume not set [app:org.gnome.Terminal, profile:default]
10:26:00.300230 - GSETTINGS SCHEMA HANDLE: voice/family-name not set [app:org.gnome.Terminal, profile:default]
10:26:00.300263 - GSETTINGS SCHEMA HANDLE: voice/family-lang not set [app:org.gnome.Terminal, profile:default]
10:26:00.300296 - GSETTINGS SCHEMA HANDLE: voice/family-dialect not set [app:org.gnome.Terminal, profile:default]
10:26:00.300328 - GSETTINGS SCHEMA HANDLE: voice/family-gender not set [app:org.gnome.Terminal, profile:default]
10:26:00.300361 - GSETTINGS SCHEMA HANDLE: voice/family-variant not set [app:org.gnome.Terminal, profile:default]
10:26:00.300470 - GSETTINGS SCHEMA HANDLE: speech/punctuation-level not set [app:org.gnome.Terminal, profile:default]
10:26:00.300485 - GSETTINGS REGISTRY: speech/punctuation-level using default value = 'most'
10:26:00.300591 - SPEECH PRESENTER: Adjusting 'Background calls 0' from None start_offset: None
10:26:00.300630 - GSETTINGS SCHEMA HANDLE: speech/repeated-character-limit not set [app:org.gnome.Terminal, profile:default]
10:26:00.300643 - GSETTINGS REGISTRY: speech/repeated-character-limit using default value = 4
10:26:00.300683 - GSETTINGS SCHEMA HANDLE: speech/use-pronunciation-dictionary not set [app:org.gnome.Terminal, profile:default]
10:26:00.300695 - GSETTINGS REGISTRY: speech/use-pronunciation-dictionary using default value = True
10:26:00.300716 - SPEECH PRESENTER: Adjusted text: 'Background calls 0'
10:26:00.300730 - SPEECH: Speak 'Background calls 0' acss: {'established': False}
10:26:00.300742 - SPEECH OUTPUT: 'Background calls 0' {'established': False}
10:26:00.300752 - SPEECH DISPATCHER: Speaking 'Background calls 0' as string
10:26:00.301032 - SPEECH DISPATCHER: Speaking '<speak><mark name="0:10"/>Background <mark name="11:16"/>calls <mark name="17:18"/>0</speak>' 
                  ORCA rate 50.0, pitch 5.0, volume 10.0, language C, punctuation: SOME
                  SD rate 2, pitch 10, volume 100, language c
10:26:00.301440 - SPEECH MANAGER: Speech server is <orca.speechdispatcherfactory.SpeechServer object at 0x784b644a96a0>
10:26:00.301503 - GSETTINGS SCHEMA HANDLE: speech/capitalization-style not set [app:org.gnome.Terminal, profile:default]
10:26:00.301517 - GSETTINGS REGISTRY: speech/capitalization-style using default value = 'none'
10:26:00.301848 - SPEECH MANAGER: Speech server is <orca.speechdispatcherfactory.SpeechServer object at 0x784b644a96a0>
10:26:00.301899 - GSETTINGS SCHEMA HANDLE: speech/punctuation-level not set [app:org.gnome.Terminal, profile:default]
10:26:00.301912 - GSETTINGS REGISTRY: speech/punctuation-level using default value = 'most'
10:26:00.302000 - GSETTINGS SCHEMA HANDLE: braille/enabled not set [app:org.gnome.Terminal, profile:default]
10:26:00.302018 - GSETTINGS REGISTRY: braille/enabled using default value = True
10:26:00.302053 - GSETTINGS SCHEMA HANDLE: braille/flash-messages not set [app:org.gnome.Terminal, profile:default]
10:26:00.302065 - GSETTINGS REGISTRY: braille/flash-messages using default value = True
10:26:00.302098 - GSETTINGS SCHEMA HANDLE: braille/flash-messages-detailed not set [app:org.gnome.Terminal, profile:default]
10:26:00.302109 - GSETTINGS REGISTRY: braille/flash-messages-detailed using default value = True
10:26:00.302141 - GSETTINGS SCHEMA HANDLE: braille/enabled not set [app:org.gnome.Terminal, profile:default]
10:26:00.302152 - GSETTINGS REGISTRY: braille/enabled using default value = True
10:26:00.302184 - GSETTINGS SCHEMA HANDLE: braille/flash-messages-persistent not set [app:org.gnome.Terminal, profile:default]
10:26:00.302195 - GSETTINGS REGISTRY: braille/flash-messages-persistent using default value = False
10:26:00.302226 - GSETTINGS SCHEMA HANDLE: braille/flash-message-duration not set [app:org.gnome.Terminal, profile:default]
10:26:00.302237 - GSETTINGS REGISTRY: braille/flash-message-duration using default value = 5000
10:26:00.302250 - BRAILLE: Display message: 'Background calls 0' (flash_time: 5000)
10:26:00.302263 - BRAILLE: Initializing flash: Source ID: 0
10:26:00.302298 - BRAILLE: Not contracting 'Background calls 0' because contracted braille is not enabled.
10:26:00.302338 - BRAILLE: Refresh. Pan: True target: 0
10:26:00.302380 - GSETTINGS SCHEMA HANDLE: braille/enabled not set [app:org.gnome.Terminal, profile:default]
10:26:00.302393 - GSETTINGS REGISTRY: braille/enabled using default value = True
10:26:00.302442 - BRAILLE: Last text object: [terminal: 'Terminal' (0x784b644c3900)]  (Caret: 95, Line: 61, Cell: 2)
10:26:00.302489 - BRAILLE: Current text object: None (Caret: 0, Line: 0). On same line: False
10:26:00.302502 - BRAILLE: Line 0: 'Background calls 0' focusOffset: 0 [[0, 18]]
10:26:00.302515 - BRAILLE: Current range: (0, 32). Target cell: 0
10:26:00.302527 - BRAILLE LINE:  'Background calls 0'
10:26:00.302537 -      VISIBLE:  'Background calls 0', cursor=0
10:26:00.302564 - BRAILLE: Enabling braille. BrlAPI running: False
10:26:00.302574 - BRAILLE: Need to initialize first.
10:26:00.302604 - BRAILLE: Initializing. Callback: input_event_manager.InputEventManager.process_braille_event
10:26:00.302615 - BRAILLE: BrlAPI connection already in progress.
TOTAL PROCESSING TIME: 0.0080
^^^^^ FINISHED PRIORITY-3 OBJECT EVENT OBJECT:ANNOUNCEMENT ^^^^^

10:26:00.302664 - WARNING: Braille initialization failed: BrlAPI connection unavailable.
10:26:00.302683 - BRAILLE: Scheduling BrlAPI retry in 2000 ms.
10:26:00.302816 - EVENT MANAGER: Dequeueing object:active-descendant-changed for [application: 'accessibility_probe' (0x784b64409b80)]  in accessibility_probe (AccessKit) (0, 0, [frame: 'Reactive TUI App accessibility round 1' (0x784b64726b00)])
10:26:00.302912 - EVENT MANAGER: Dequeued object:active-descendant-changed for [application: 'accessibility_probe' (0x784b64409b80)]  in accessibility_probe (AccessKit) (0, 0, [frame: 'Reactive TUI App accessibility round 1' (0x784b64726b00)]) priority: 3, counter: 31

vvvvv START PRIORITY-3 OBJECT EVENT OBJECT:ACTIVE-DESCENDANT-CHANGED (queue size: 39) vvvvv
10:26:00.307702 - EVENT SOURCE:
                  app='accessibility_probe (AccessKit )' name='accessibility_probe' role='application' axid='' id=0x784b64409b80
                  description=''
                  help=''
                  locale=''
                  states=''
                  relations=''
                  actions=''
                  interfaces=''
                  attributes=''
                  text=''
                  path=[-1]
                  
                  EVENT ANY DATA:
                  name='Reactive TUI App accessibility round 1' role='frame' axid='' id=0x784b64726b00
                  description=''
                  help=''
                  locale=''
                  states='active, enabled, sensitive, showing, visible'
                  relations=''
                  actions=''
                  interfaces='Component'
                  attributes=''
                  text=''
                  path=[-1, 0]
                  
10:26:00.307787 - SCRIPT MANAGER: Active script is: org.gnome.Terminal (module=orca.scripts.terminal.script)
10:26:00.307843 - FOCUS MANAGER: Locus of focus is [terminal: 'Terminal' (0x784b644c3900)] 
10:26:00.307919 - EVENT MANAGER: Getting script for event for [application: 'accessibility_probe' (0x784b64409b80)]  [application: 'accessibility_probe' (0x784b64409b80)] 
10:26:00.307968 - SCRIPT MANAGER: Getting script for [application: 'accessibility_probe' (0x784b64409b80)]  [application: 'accessibility_probe' (0x784b64409b80)] 
10:26:00.308241 - SCRIPT MANAGER: Script is app script accessibility_probe (module=orca.scripts.default)
10:26:00.308275 - EVENT MANAGER: Script for event is accessibility_probe (module=orca.scripts.default)
10:26:00.309358 - EVENT MANAGER: Change active script: False (No reason found to activate a different script.)
10:26:00.309390 - EVENT MANAGER: Processing object:active-descendant-changed: script handles events when inactive
10:26:00.309471 - AXUtilitiesEvent: Neither source nor child have focused state.
TOTAL PROCESSING TIME: 0.0066
^^^^^ FINISHED PRIORITY-3 OBJECT EVENT OBJECT:ACTIVE-DESCENDANT-CHANGED ^^^^^

10:26:00.309623 - EVENT MANAGER: Dequeueing object:state-changed:focused for [panel: 'Project sections' (0x784b642d8d00)]  in accessibility_probe (AccessKit) (1, 0, 0)
10:26:00.309717 - EVENT MANAGER: Dequeued object:state-changed:focused for [panel: 'Project sections' (0x784b642d8d00)]  in accessibility_probe (AccessKit) (1, 0, 0) priority: 3, counter: 32

vvvvv START PRIORITY-3 OBJECT EVENT OBJECT:STATE-CHANGED:FOCUSED (queue size: 38) vvvvv
10:26:00.313554 - EVENT SOURCE:
                  app='accessibility_probe (AccessKit )' name='Project sections' role='panel' axid='' id=0x784b642d8d00
                  description=''
                  help=''
                  locale=''
                  states='enabled, focusable, sensitive, showing, visible'
                  relations=''
                  actions=''
                  interfaces='Component'
                  attributes=''
                  text=''
                  path=[-1, 0, 0]
                  
10:26:00.313650 - SCRIPT MANAGER: Active script is: org.gnome.Terminal (module=orca.scripts.terminal.script)
10:26:00.313707 - FOCUS MANAGER: Locus of focus is [terminal: 'Terminal' (0x784b644c3900)] 
10:26:00.313790 - EVENT MANAGER: Getting script for event for [application: 'accessibility_probe' (0x784b64409b80)]  [panel: 'Project sections' (0x784b642d8d00)] 
10:26:00.313839 - SCRIPT MANAGER: Getting script for [application: 'accessibility_probe' (0x784b64409b80)]  [panel: 'Project sections' (0x784b642d8d00)] 
10:26:00.314130 - SCRIPT MANAGER: Script is app script accessibility_probe (module=orca.scripts.default)
10:26:00.314173 - EVENT MANAGER: Script for event is accessibility_probe (module=orca.scripts.default)
10:26:00.315155 - EVENT MANAGER: Change active script: True (Event source claimed focus.)
10:26:00.315224 - SCRIPT MANAGER: Deactivating org.gnome.Terminal (module=orca.scripts.terminal.script) reason: Event source claimed focus.
10:26:00.315273 - SCRIPT MANAGER: Setting active script to accessibility_probe (module=orca.scripts.default) reason: Event source claimed focus.
10:26:00.315320 - DEFAULT: Activating script for [application: 'accessibility_probe' (0x784b64409b80)] 
10:26:00.315602 - SPEECH MANAGER: Speech server is <orca.speechdispatcherfactory.SpeechServer object at 0x784b644a96a0>
10:26:00.315697 - GSETTINGS SCHEMA HANDLE: speech/punctuation-level not set [app:accessibility_probe, profile:default]
10:26:00.315715 - GSETTINGS REGISTRY: speech/punctuation-level using default value = 'most'
10:26:00.315988 - SPEECH MANAGER: Speech server is <orca.speechdispatcherfactory.SpeechServer object at 0x784b644a96a0>
10:26:00.316061 - GSETTINGS SCHEMA HANDLE: speech/capitalization-style not set [app:accessibility_probe, profile:default]
10:26:00.316080 - GSETTINGS REGISTRY: speech/capitalization-style using default value = 'none'
10:26:00.316361 - SPEECH MANAGER: Speech server is <orca.speechdispatcherfactory.SpeechServer object at 0x784b644a96a0>
10:26:00.316414 - GSETTINGS SCHEMA HANDLE: speech/synthesizer not set [app:accessibility_probe, profile:default]
10:26:00.316442 - SCRIPT MANAGER: Active script is: accessibility_probe (module=orca.scripts.default)
10:26:00.316449 - CARET NAVIGATOR: Commands suspended: False: script activation, no prior state
10:26:00.316470 - GSETTINGS SCHEMA HANDLE: keybindings/keyboard-layout not set [app:accessibility_probe, profile:default]
10:26:00.316475 - GSETTINGS REGISTRY: keybindings/keyboard-layout using default value = 'desktop'
10:26:00.316489 - GSETTINGS SCHEMA HANDLE: keybindings/desktop-modifier-keys not set [app:accessibility_probe, profile:default]
10:26:00.316495 - GSETTINGS REGISTRY: keybindings/desktop-modifier-keys using default value = ['Insert', 'KP_Insert']
10:26:00.316527 - SCRIPT MANAGER: Active script is: accessibility_probe (module=orca.scripts.default)
10:26:00.316532 - STRUCTURAL NAVIGATOR: Suspended: False: script activation, no prior state
10:26:00.316545 - GSETTINGS SCHEMA HANDLE: keybindings/keyboard-layout not set [app:accessibility_probe, profile:default]
10:26:00.316549 - GSETTINGS REGISTRY: keybindings/keyboard-layout using default value = 'desktop'
10:26:00.316560 - GSETTINGS SCHEMA HANDLE: keybindings/desktop-modifier-keys not set [app:accessibility_probe, profile:default]
10:26:00.316564 - GSETTINGS REGISTRY: keybindings/desktop-modifier-keys using default value = ['Insert', 'KP_Insert']
10:26:00.316600 - STRUCTURAL NAVIGATOR: Setting mode for accessibility_probe (module=orca.scripts.default) to NavigationMode.OFF
10:26:00.316613 - SCRIPT MANAGER: Active script is: accessibility_probe (module=orca.scripts.default)
10:26:00.316628 - GSETTINGS SCHEMA HANDLE: keybindings/keyboard-layout not set [app:accessibility_probe, profile:default]
10:26:00.316632 - GSETTINGS REGISTRY: keybindings/keyboard-layout using default value = 'desktop'
10:26:00.316643 - GSETTINGS SCHEMA HANDLE: keybindings/desktop-modifier-keys not set [app:accessibility_probe, profile:default]
10:26:00.316647 - GSETTINGS REGISTRY: keybindings/desktop-modifier-keys using default value = ['Insert', 'KP_Insert']
10:26:00.316678 - CARET NAVIGATOR: Setting enabled state for accessibility_probe (module=orca.scripts.default) to False
10:26:00.316691 - SCRIPT MANAGER: Active script is: accessibility_probe (module=orca.scripts.default)
10:26:00.316704 - GSETTINGS SCHEMA HANDLE: keybindings/keyboard-layout not set [app:accessibility_probe, profile:default]
10:26:00.316708 - GSETTINGS REGISTRY: keybindings/keyboard-layout using default value = 'desktop'
10:26:00.316718 - GSETTINGS SCHEMA HANDLE: keybindings/desktop-modifier-keys not set [app:accessibility_probe, profile:default]
10:26:00.316722 - GSETTINGS REGISTRY: keybindings/desktop-modifier-keys using default value = ['Insert', 'KP_Insert']
10:26:00.316733 - COMMAND MANAGER: Activating commands: activated accessibility_probe (module=orca.scripts.default)
10:26:00.316803 - GSETTINGS SCHEMA HANDLE: keybindings/entries no dict values set
10:26:00.316809 - GSETTINGS REGISTRY: keybindings/entries using default value = {}
10:26:00.316813 - COMMAND MANAGER: No user overrides to apply
10:26:00.316862 - GSETTINGS SCHEMA HANDLE: keybindings/keyboard-layout not set [app:accessibility_probe, profile:default]
10:26:00.316866 - GSETTINGS REGISTRY: keybindings/keyboard-layout using default value = 'desktop'
10:26:00.316877 - GSETTINGS SCHEMA HANDLE: keybindings/desktop-modifier-keys not set [app:accessibility_probe, profile:default]
10:26:00.316881 - GSETTINGS REGISTRY: keybindings/desktop-modifier-keys using default value = ['Insert', 'KP_Insert']

vvvvv COMMAND MANAGER: Grab diff: activated accessibility_probe (module=orca.scripts.default) (old: 77, new: 77) vvvvv
10:26:00.316900 -   No grab changes
^^^^^ COMMAND MANAGER: Diff completed in 0.0000s. Removed 0, added 0, transferred 0 ^^^^^

10:26:00.316924 - GSETTINGS SCHEMA HANDLE: speech/enable not set [app:accessibility_probe, profile:default]
10:26:00.316928 - GSETTINGS REGISTRY: speech/enable using default value = True
10:26:00.316932 - SPEECH MANAGER: Speech is enabled.
10:26:00.316962 - SPEECH MANAGER: start_speech. Script: None Event: None notify_user: False
10:26:00.316966 - SPEECH MANAGER: Initializing server
10:26:00.316969 - SPEECH MANAGER: Already initialized
10:26:00.316988 - GSETTINGS SCHEMA HANDLE: keybindings/keyboard-layout not set [app:accessibility_probe, profile:default]
10:26:00.316997 - GSETTINGS REGISTRY: keybindings/keyboard-layout using default value = 'desktop'
10:26:00.317001 - COMMAND MANAGER: Setting keyboard layout is_desktop to True.
10:26:00.317053 - GSETTINGS SCHEMA HANDLE: keybindings/entries no dict values set
10:26:00.317057 - GSETTINGS REGISTRY: keybindings/entries using default value = {}
10:26:00.317060 - COMMAND MANAGER: No user overrides to apply
10:26:00.317101 - GSETTINGS SCHEMA HANDLE: keybindings/keyboard-layout not set [app:accessibility_probe, profile:default]
10:26:00.317104 - GSETTINGS REGISTRY: keybindings/keyboard-layout using default value = 'desktop'
10:26:00.317114 - GSETTINGS SCHEMA HANDLE: keybindings/desktop-modifier-keys not set [app:accessibility_probe, profile:default]
10:26:00.317118 - GSETTINGS REGISTRY: keybindings/desktop-modifier-keys using default value = ['Insert', 'KP_Insert']

vvvvv COMMAND MANAGER: Grab diff: keyboard layout change (old: 77, new: 77) vvvvv
10:26:00.317131 -   No grab changes
^^^^^ COMMAND MANAGER: Diff completed in 0.0000s. Removed 0, added 0, transferred 0 ^^^^^

10:26:00.317139 - COMMAND MANAGER: Keyboard layout set to desktop.
10:26:00.317151 - GSETTINGS SCHEMA HANDLE: keybindings/keyboard-layout not set [app:accessibility_probe, profile:default]
10:26:00.317155 - GSETTINGS REGISTRY: keybindings/keyboard-layout using default value = 'desktop'
10:26:00.317164 - GSETTINGS SCHEMA HANDLE: keybindings/desktop-modifier-keys not set [app:accessibility_probe, profile:default]
10:26:00.317168 - GSETTINGS REGISTRY: keybindings/desktop-modifier-keys using default value = ['Insert', 'KP_Insert']
10:26:00.317177 - EVENT MANAGER: Processing object:state-changed:focused: script for event is active
10:26:00.317221 - DEFAULT: [panel: 'Project sections' (0x784b642d8d00)]  lacks focused state. Clearing cache.
10:26:00.317247 - AXObject: Clearing AT-SPI cache on [panel: 'Project sections' (0x784b642d8d00)]  Recursive: False.  Reason: Event detail1 does not match state.
10:26:00.317707 - DEFAULT: Clearing cache did not update state.
TOTAL PROCESSING TIME: 0.0080
^^^^^ FINISHED PRIORITY-3 OBJECT EVENT OBJECT:STATE-CHANGED:FOCUSED ^^^^^

10:26:00.318123 - EVENT MANAGER: Dequeueing object:state-changed:focused for [page tab: 'Overview' (0x784b6430f980)]  in accessibility_probe (AccessKit) (1, 0, 0)
10:26:00.318163 - EVENT MANAGER: Dequeued object:state-changed:focused for [page tab: 'Overview' (0x784b6430fb80)]  in accessibility_probe (AccessKit) (1, 0, 0) priority: 3, counter: 38

vvvvv START PRIORITY-3 OBJECT EVENT OBJECT:STATE-CHANGED:FOCUSED (queue size: 37) vvvvv
10:26:00.318558 - EVENT MANAGER: object:state-changed:focused for [page tab: 'Overview' (0x784b6440fdc0)]  in accessibility_probe (AccessKit) (1, 0, 0) obsoleted by object:state-changed:focused for [page tab: 'Overview' (0x784b6440fdc0)]  in accessibility_probe (AccessKit) (0, 0, 0) more recent event of same type for same object
TOTAL PROCESSING TIME: 0.0004
^^^^^ FINISHED PRIORITY-3 OBJECT EVENT OBJECT:STATE-CHANGED:FOCUSED ^^^^^

10:26:00.318613 - EVENT MANAGER: Dequeueing object:state-changed:focused for [page tab: 'Settings' (0x784b6430fe00)]  in accessibility_probe (AccessKit) (1, 0, 0)
10:26:00.318648 - EVENT MANAGER: Dequeued object:state-changed:focused for [page tab: 'Settings' (0x784b643d7e40)]  in accessibility_probe (AccessKit) (1, 0, 0) priority: 3, counter: 45

vvvvv START PRIORITY-3 OBJECT EVENT OBJECT:STATE-CHANGED:FOCUSED (queue size: 36) vvvvv
10:26:00.322901 - EVENT SOURCE:
                  app='accessibility_probe (AccessKit )' name='Settings' role='page tab' axid='' id=0x784b6440fc40
                  description=''
                  help=''
                  locale=''
                  states='enabled, focusable, focused, selectable, selected, sensitive, showing, visible'
                  relations=''
                  actions='click'
                  interfaces='Action, Component'
                  attributes=''
                  text=''
                  path=[-1, 0, 0, 0, 2]
                  
10:26:00.322970 - SCRIPT MANAGER: Active script is: accessibility_probe (module=orca.scripts.default)
10:26:00.323007 - FOCUS MANAGER: Locus of focus is [terminal: 'Terminal' (0x784b644c3900)] 
10:26:00.323046 - EVENT MANAGER: Getting script for event for [application: 'accessibility_probe' (0x784b64409b80)]  [page tab: 'Settings' (0x784b643d7e40)] 
10:26:00.323065 - SCRIPT MANAGER: Getting script for [application: 'accessibility_probe' (0x784b64409b80)]  [page tab: 'Settings' (0x784b643d7e40)] 
10:26:00.323248 - SCRIPT MANAGER: Script is app script accessibility_probe (module=orca.scripts.default)
10:26:00.323263 - EVENT MANAGER: Script for event is accessibility_probe (module=orca.scripts.default)
10:26:00.323270 - EVENT MANAGER: Processing object:state-changed:focused: script for event is active
10:26:00.323959 - SCRIPT UTILITIES: [frame: 'Reactive TUI App accessibility round 1' (0x784b64726b00)]  is top-level object for: [page tab: 'Settings' (0x784b64404040)] 
10:26:00.324642 - SCRIPT UTILITIES: [page tab: 'Settings' (0x784b64404040)]  is in frame [frame: 'Reactive TUI App accessibility round 1' (0x784b64726b00)]  and dialog None
10:26:00.324673 - AXObject: Clearing AT-SPI cache on [frame: 'Reactive TUI App accessibility round 1' (0x784b64726b00)]  Recursive: False.  Reason: Checking if window can be the active window
10:26:00.326428 - AXUtilities: [frame: 'Reactive TUI App accessibility round 1' (0x784b64726b00)]  from [application: 'accessibility_probe' (0x784b64409b80)]  can be active window
10:26:00.326559 - FOCUS MANAGER: Request to set locus of focus to [page tab: 'Settings' (0x784b64404040)]  event_manager._dequeue_object_event:666 > event_manager._process_object_event:982 > default._on_focused_changed:1114 > focus_manager.set_locus_of_focus:271
10:26:00.327174 - AXObject: Clearing AT-SPI cache on [page tab: 'Settings' (0x784b64404040)]  Recursive: False.  Reason: Setting locus of focus.
10:26:00.327218 - SCRIPT MANAGER: Active script is: accessibility_probe (module=orca.scripts.default)
10:26:00.329450 - FOCUS MANAGER: Changing locus of focus from [terminal: 'Terminal' (0x784b644c3900)]  to [page tab: 'Settings' (0x784b64404040)] . Notify: True
10:26:00.330223 - FOCUS MANAGER: Region of interest: [page tab: 'Settings' (0x784b64404040)]  (0, 0)
10:26:00.330942 - FOCUS MANAGER: Switching object of interest from [terminal: 'Terminal' (0x784b644c3900)]  to [page tab: 'Settings' (0x784b64404040)] 
10:26:00.334311 - DOCUMENT PRESENTER: Updating mode for focus change. Old focus: [terminal: 'Terminal' (0x784b644c3900)]  old doc: None New focus: [page tab: 'Settings' (0x784b64404040)]  new doc: None
10:26:00.334386 - SCRIPT MANAGER: Active script is: accessibility_probe (module=orca.scripts.default)
10:26:00.334403 - CARET NAVIGATOR: Commands suspended: False: locus of focus no longer in document
10:26:00.334496 - GSETTINGS SCHEMA HANDLE: keybindings/keyboard-layout not set [app:accessibility_probe, profile:default]
10:26:00.334523 - GSETTINGS REGISTRY: keybindings/keyboard-layout using default value = 'desktop'
10:26:00.334564 - GSETTINGS SCHEMA HANDLE: keybindings/desktop-modifier-keys not set [app:accessibility_probe, profile:default]
10:26:00.334581 - GSETTINGS REGISTRY: keybindings/desktop-modifier-keys using default value = ['Insert', 'KP_Insert']
10:26:00.334641 - SCRIPT MANAGER: Active script is: accessibility_probe (module=orca.scripts.default)
10:26:00.334654 - STRUCTURAL NAVIGATOR: Suspended: False: locus of focus no longer in document
10:26:00.334691 - GSETTINGS SCHEMA HANDLE: keybindings/keyboard-layout not set [app:accessibility_probe, profile:default]
10:26:00.334704 - GSETTINGS REGISTRY: keybindings/keyboard-layout using default value = 'desktop'
10:26:00.334736 - GSETTINGS SCHEMA HANDLE: keybindings/desktop-modifier-keys not set [app:accessibility_probe, profile:default]
10:26:00.334749 - GSETTINGS REGISTRY: keybindings/desktop-modifier-keys using default value = ['Insert', 'KP_Insert']
10:26:00.334813 - STRUCTURAL NAVIGATOR: Setting mode for accessibility_probe (module=orca.scripts.default) to NavigationMode.OFF
10:26:00.334844 - SCRIPT MANAGER: Active script is: accessibility_probe (module=orca.scripts.default)
10:26:00.334881 - GSETTINGS SCHEMA HANDLE: keybindings/keyboard-layout not set [app:accessibility_probe, profile:default]
10:26:00.334895 - GSETTINGS REGISTRY: keybindings/keyboard-layout using default value = 'desktop'
10:26:00.334926 - GSETTINGS SCHEMA HANDLE: keybindings/desktop-modifier-keys not set [app:accessibility_probe, profile:default]
10:26:00.334939 - GSETTINGS REGISTRY: keybindings/desktop-modifier-keys using default value = ['Insert', 'KP_Insert']
10:26:00.335011 - CARET NAVIGATOR: Setting enabled state for accessibility_probe (module=orca.scripts.default) to False
10:26:00.335044 - SCRIPT MANAGER: Active script is: accessibility_probe (module=orca.scripts.default)
10:26:00.335081 - GSETTINGS SCHEMA HANDLE: keybindings/keyboard-layout not set [app:accessibility_probe, profile:default]
10:26:00.335094 - GSETTINGS REGISTRY: keybindings/keyboard-layout using default value = 'desktop'
10:26:00.335125 - GSETTINGS SCHEMA HANDLE: keybindings/desktop-modifier-keys not set [app:accessibility_probe, profile:default]
10:26:00.335138 - GSETTINGS REGISTRY: keybindings/desktop-modifier-keys using default value = ['Insert', 'KP_Insert']
10:26:00.336654 - SCRIPT UTILITIES: [frame: 'Reactive TUI App accessibility round 1' (0x784b64726b00)]  is top-level object for: [page tab: 'Settings' (0x784b64404040)] 
10:26:00.336702 - FOCUS MANAGER: Request to set active window to [frame: 'Reactive TUI App accessibility round 1' (0x784b64726b00)] 
10:26:00.338058 - SCRIPT MANAGER: Getting script for [application: 'accessibility_probe' (0x784b64409b80)]  [page tab: 'Settings' (0x784b64404040)] 
10:26:00.338415 - SCRIPT MANAGER: Script is app script accessibility_probe (module=orca.scripts.default)
10:26:00.339861 - AXUtilitiesRelation: [terminal: 'Terminal' (0x784b644c3900)]  is controlled by [page tab: 'Settings' (0x784b64404040)] : False
10:26:00.339935 - AXUtilitiesRelation: [page tab: 'Settings' (0x784b64404040)]  is controlled by [terminal: 'Terminal' (0x784b644c3900)] : False
10:26:00.339949 - PRESENTATION MANAGER: Interrupting presentation
10:26:00.340009 - SPEECH MANAGER: interrupt_speech. Script: None Event: None notify_user: False
10:26:00.340557 - SPEECH MANAGER: Speech server is <orca.speechdispatcherfactory.SpeechServer object at 0x784b644a96a0>
10:26:00.340651 - BRAILLE: Kill flash message presentation_manager.interrupt_if_needed_for_focus_change:100 > presentation_manager.interrupt_presentation:88 > braille_presenter.kill_flash:1829 > braille.kill_flash:2182
10:26:00.341406 - BRAILLE: Refresh. Pan: False target: 0
10:26:00.341492 - GSETTINGS SCHEMA HANDLE: braille/enabled not set [app:accessibility_probe, profile:default]
10:26:00.341509 - GSETTINGS REGISTRY: braille/enabled using default value = True
10:26:00.341547 - BRAILLE: Last text object: None (Caret: 0, Line: 0, Cell: 0)
10:26:00.341616 - BRAILLE: Current text object: [terminal: 'Terminal' (0x784b644c3900)]  (Caret: 95, Line: 61). On same line: False
10:26:00.341805 - AXText: [terminal: 'Terminal' (0x784b644c3900)]  reports 982 characters.
10:26:00.341944 - AXText: Text of [terminal: 'Terminal' (0x784b644c3900)]  '   Overview ✕    ~ Unavailable~    ▶Settings ✕              \n  [seed                          ]                          \n                                                            \n                                                            \n                                                            \n                                                            \n                                                            \n                                                            \n                                                            \n                                                            \n                                                            \n                                                            \n                                                            \n                                                            \n                                                            \n                                                            \n'
10:26:00.341997 - SCRIPT MANAGER: Active script is: accessibility_probe (module=orca.scripts.default)
10:26:00.342054 - AXHypertext: 0 hyperlinks found in [terminal: 'Terminal' (0x784b644c3900)] 
10:26:00.342158 - AXText: [terminal: 'Terminal' (0x784b644c3900)]  reports 0 selection(s).
10:26:00.342199 - BRAILLE: Line 0: '  [seed                          ]                          ' focusOffset: 0 [[0, 2], [2, 33], [33, 60]]
10:26:00.342213 - BRAILLE: Cursor offset in line string is: 34
10:26:00.342226 - BRAILLE: Current range: (33, 65). Target cell: 0
10:26:00.342239 - BRAILLE LINE:  '  [seed                          ]                          '
10:26:00.342249 -      VISIBLE:  ']                          ', cursor=2
10:26:00.342279 - BRAILLE: Enabling braille. BrlAPI running: False
10:26:00.342290 - BRAILLE: Need to initialize first.
10:26:00.342320 - BRAILLE: Initializing. Callback: input_event_manager.InputEventManager.process_braille_event
10:26:00.342356 - BRAILLE: WINDOWPATH= None
10:26:00.342384 - BRAILLE: XDG_VTNR= 1
10:26:00.342417 - BRAILLE: Attempting connection with BrlAPI.
10:26:00.342623 - FOCUS MANAGER: Active mode: focus-tracking Object of interest: [page tab: 'Settings' (0x784b64404040)] 
10:26:00.342676 - GSETTINGS SCHEMA HANDLE: speech/enable not set [app:accessibility_probe, profile:default]
10:26:00.342691 - GSETTINGS REGISTRY: speech/enable using default value = True
10:26:00.342738 - GSETTINGS SCHEMA HANDLE: speech/verbosity-level not set [app:accessibility_probe, profile:default]
10:26:00.342753 - GSETTINGS REGISTRY: speech/verbosity-level using default value = 'verbose'
10:26:00.342786 - FOCUS MANAGER: Locus of focus is [page tab: 'Settings' (0x784b64404040)] 
10:26:00.342817 - SCRIPT MANAGER: Active script is: accessibility_probe (module=orca.scripts.default)
10:26:00.342858 - GSETTINGS SCHEMA HANDLE: speech/only-speak-displayed-text not set [app:accessibility_probe, profile:default]
10:26:00.342871 - GSETTINGS REGISTRY: speech/only-speak-displayed-text using default value = False
10:26:00.342903 - GSETTINGS SCHEMA HANDLE: speech/speak-description not set [app:accessibility_probe, profile:default]
10:26:00.342914 - GSETTINGS REGISTRY: speech/speak-description using default value = True
10:26:00.342950 - GSETTINGS SCHEMA HANDLE: speech/speak-tutorial-messages not set [app:accessibility_probe, profile:default]
10:26:00.342962 - GSETTINGS REGISTRY: speech/speak-tutorial-messages using default value = True
10:26:00.343005 - GSETTINGS SCHEMA HANDLE: speech/speak-position-in-set not set [app:accessibility_probe, profile:default]
10:26:00.343067 - BRAILLE: BrlAPI Connection is unavailable (ConnectionError): couldn't connect to b':0' with key b'keyfile:/etc/brlapi.key+polkit': connect: No such file or directory
                  (brlerrno 11, libcerrno 2, gaierrno 0)
                  Is BRLTTY really running?
10:26:00.343187 - GSETTINGS REGISTRY: speech/speak-position-in-set using default value = False
10:26:00.343378 - GSETTINGS SCHEMA HANDLE: speech/speak-widget-mnemonic not set [app:accessibility_probe, profile:default]
10:26:00.343400 - GSETTINGS REGISTRY: speech/speak-widget-mnemonic using default value = True
10:26:00.343438 - GSETTINGS SCHEMA HANDLE: speech/speak-blank-lines not set [app:accessibility_probe, profile:default]
10:26:00.343452 - GSETTINGS REGISTRY: speech/speak-blank-lines using default value = True
10:26:00.343484 - GSETTINGS SCHEMA HANDLE: speech/speak-indentation-and-justification not set [app:accessibility_probe, profile:default]
10:26:00.343496 - GSETTINGS REGISTRY: speech/speak-indentation-and-justification using default value = False
10:26:00.343527 - GSETTINGS SCHEMA HANDLE: speech/announce-cell-headers not set [app:accessibility_probe, profile:default]
10:26:00.343538 - GSETTINGS REGISTRY: speech/announce-cell-headers using default value = True
10:26:00.343568 - GSETTINGS SCHEMA HANDLE: speech/announce-cell-coordinates not set [app:accessibility_probe, profile:default]
10:26:00.343579 - GSETTINGS REGISTRY: speech/announce-cell-coordinates using default value = True
10:26:00.343608 - GSETTINGS SCHEMA HANDLE: speech/announce-spreadsheet-cell-coordinates not set [app:accessibility_probe, profile:default]
10:26:00.343619 - GSETTINGS REGISTRY: speech/announce-spreadsheet-cell-coordinates using default value = True
10:26:00.343649 - GSETTINGS SCHEMA HANDLE: speech/announce-blockquote not set [app:accessibility_probe, profile:default]
10:26:00.343660 - GSETTINGS REGISTRY: speech/announce-blockquote using default value = True
10:26:00.343690 - GSETTINGS SCHEMA HANDLE: speech/announce-form not set [app:accessibility_probe, profile:default]
10:26:00.343701 - GSETTINGS REGISTRY: speech/announce-form using default value = True
10:26:00.343730 - GSETTINGS SCHEMA HANDLE: speech/announce-landmark not set [app:accessibility_probe, profile:default]
10:26:00.343741 - GSETTINGS REGISTRY: speech/announce-landmark using default value = True
10:26:00.343770 - GSETTINGS SCHEMA HANDLE: speech/announce-list not set [app:accessibility_probe, profile:default]
10:26:00.343780 - GSETTINGS REGISTRY: speech/announce-list using default value = True
10:26:00.343809 - GSETTINGS SCHEMA HANDLE: speech/announce-grouping not set [app:accessibility_probe, profile:default]
10:26:00.343820 - GSETTINGS REGISTRY: speech/announce-grouping using default value = True
10:26:00.343849 - GSETTINGS SCHEMA HANDLE: speech/announce-table not set [app:accessibility_probe, profile:default]
10:26:00.343859 - GSETTINGS REGISTRY: speech/announce-table using default value = True
10:26:00.348367 - GENERATOR: _get_functional_role: page-tab
10:26:00.348557 - SPEECH GENERATOR: speech_generator.SpeechGenerator._generate_page_tab for [page tab: 'Settings' (0x784b64404040)]  args: {'formatType': 'unfocused', 'priorObj': "[terminal: 'Terminal' (0x784b644c3900)] ", 'role': 'page-tab'}
10:26:00.348638 - SPEECH GENERATOR: _generate_old_ancestors: []
10:26:00.348746 - SPEECH GENERATOR: _generate_new_ancestors: []
10:26:00.348828 - AXUtilitiesRelation: [page tab: 'Settings' (0x784b64404040)]  is labelled by: []
10:26:00.348862 - GENERATOR: _generate_accessible_label: []
10:26:00.348893 - SPEECH GENERATOR: _generate_accessible_label: []
10:26:00.348940 - GENERATOR: _generate_accessible_name: [Settings]
10:26:00.349032 - GSETTINGS SCHEMA HANDLE: voice/established not set [app:accessibility_probe, profile:default]
10:26:00.349080 - GSETTINGS SCHEMA HANDLE: voice/rate not set [app:accessibility_probe, profile:default]
10:26:00.349119 - GSETTINGS SCHEMA HANDLE: voice/pitch not set [app:accessibility_probe, profile:default]
10:26:00.349156 - GSETTINGS SCHEMA HANDLE: voice/volume not set [app:accessibility_probe, profile:default]
10:26:00.349197 - GSETTINGS SCHEMA HANDLE: voice/family-name not set [app:accessibility_probe, profile:default]
10:26:00.349251 - GSETTINGS SCHEMA HANDLE: voice/family-lang not set [app:accessibility_probe, profile:default]
10:26:00.349287 - GSETTINGS SCHEMA HANDLE: voice/family-dialect not set [app:accessibility_probe, profile:default]
10:26:00.349321 - GSETTINGS SCHEMA HANDLE: voice/family-gender not set [app:accessibility_probe, profile:default]
10:26:00.349356 - GSETTINGS SCHEMA HANDLE: voice/family-variant not set [app:accessibility_probe, profile:default]
10:26:00.349416 - SPEECH GENERATOR: default voice requested for [page tab: 'Settings' (0x784b64404040)]  language='', dialect='' Unmodified voice={'established': False}
10:26:00.349470 - SPEECH GENERATOR: Reported locale of [page tab: 'Settings' (0x784b64404040)]  is 
10:26:00.349503 - SPEECH GENERATOR: Updated to: 'C', ''
10:26:00.349555 - GSETTINGS SCHEMA HANDLE: speech/auto-language-switching not set [app:accessibility_probe, profile:default]
10:26:00.349569 - GSETTINGS REGISTRY: speech/auto-language-switching using default value = True
10:26:00.349599 - SPEECH DISPATCHER: Returning cached result for language='C' dialect='' variant='None'
10:26:00.349664 - SPEECH GENERATOR: Family updated to {'dialect': '', 'lang': 'C', 'name': ''}
10:26:00.349751 - SPEECH GENERATOR: Final voice is {'established': 'False', 'family': "{'dialect': '', 'lang': 'C', 'name': ''}"}
10:26:00.349842 - SPEECH GENERATOR: _generate_accessible_name: [Settings, {'established': 'False', 'family': "{'dialect': '', 'lang': 'C', 'name': ''}"}]
10:26:00.349941 - GENERATOR: _generate_accessible_label_and_name: [Settings, {'established': 'False', 'family': "{'dialect': '', 'lang': 'C', 'name': ''}"}]
10:26:00.349999 - SPEECH PRESENTER: Adjusting 'Settings' from [page tab: 'Settings' (0x784b64404040)]  start_offset: None
10:26:00.350419 - GSETTINGS SCHEMA HANDLE: speech/speak-numbers-as-digits not set [app:accessibility_probe, profile:default]
10:26:00.350441 - GSETTINGS REGISTRY: speech/speak-numbers-as-digits using default value = False
10:26:00.350504 - GSETTINGS SCHEMA HANDLE: speech/repeated-character-limit not set [app:accessibility_probe, profile:default]
10:26:00.350518 - GSETTINGS REGISTRY: speech/repeated-character-limit using default value = 4
10:26:00.355386 - GSETTINGS SCHEMA HANDLE: speech/use-pronunciation-dictionary not set [app:accessibility_probe, profile:default]
10:26:00.355437 - GSETTINGS REGISTRY: speech/use-pronunciation-dictionary using default value = True
10:26:00.355468 - GSETTINGS SCHEMA HANDLE: pronunciations/entries no dict values set
10:26:00.355474 - GSETTINGS REGISTRY: pronunciations/entries using default value = {}
10:26:00.355480 - SPEECH PRESENTER: Adjusted text: 'Settings'
10:26:00.355561 - SPEECH GENERATOR: _generate_accessible_label_and_name: [Settings, {'established': 'False', 'family': "{'dialect': '', 'lang': 'C', 'name': ''}"}]
10:26:00.355612 - GENERATOR: _generate_state_expanded: []
10:26:00.355626 - SPEECH GENERATOR: _generate_state_expanded: []
10:26:00.358463 - GSETTINGS SCHEMA HANDLE: voice/established not set [app:accessibility_probe, profile:default]
10:26:00.358515 - GSETTINGS SCHEMA HANDLE: voice/rate not set [app:accessibility_probe, profile:default]
10:26:00.358541 - GSETTINGS SCHEMA HANDLE: voice/pitch not set [app:accessibility_probe, profile:default]
10:26:00.358562 - GSETTINGS SCHEMA HANDLE: voice/volume not set [app:accessibility_probe, profile:default]
10:26:00.358587 - GSETTINGS SCHEMA HANDLE: voice/family-name not set [app:accessibility_probe, profile:default]
10:26:00.358607 - GSETTINGS SCHEMA HANDLE: voice/family-lang not set [app:accessibility_probe, profile:default]
10:26:00.358625 - GSETTINGS SCHEMA HANDLE: voice/family-dialect not set [app:accessibility_probe, profile:default]
10:26:00.358642 - GSETTINGS SCHEMA HANDLE: voice/family-gender not set [app:accessibility_probe, profile:default]
10:26:00.358660 - GSETTINGS SCHEMA HANDLE: voice/family-variant not set [app:accessibility_probe, profile:default]
10:26:00.358719 - SPEECH GENERATOR: system voice requested for [page tab: 'Settings' (0x784b64404040)]  language='', dialect='' Unmodified voice={'established': False}
10:26:00.358772 - SPEECH GENERATOR: Reported locale of [page tab: 'Settings' (0x784b64404040)]  is 
10:26:00.358797 - SPEECH GENERATOR: Updated to: 'C', ''
10:26:00.358828 - GSETTINGS SCHEMA HANDLE: voice/established not set [app:accessibility_probe, profile:default]
10:26:00.358849 - GSETTINGS SCHEMA HANDLE: voice/rate not set [app:accessibility_probe, profile:default]
10:26:00.358868 - GSETTINGS SCHEMA HANDLE: voice/pitch not set [app:accessibility_probe, profile:default]
10:26:00.358885 - GSETTINGS SCHEMA HANDLE: voice/volume not set [app:accessibility_probe, profile:default]
10:26:00.358902 - GSETTINGS SCHEMA HANDLE: voice/family-name not set [app:accessibility_probe, profile:default]
10:26:00.358919 - GSETTINGS SCHEMA HANDLE: voice/family-lang not set [app:accessibility_probe, profile:default]
10:26:00.358936 - GSETTINGS SCHEMA HANDLE: voice/family-dialect not set [app:accessibility_probe, profile:default]
10:26:00.358952 - GSETTINGS SCHEMA HANDLE: voice/family-gender not set [app:accessibility_probe, profile:default]
10:26:00.358969 - GSETTINGS SCHEMA HANDLE: voice/family-variant not set [app:accessibility_probe, profile:default]
10:26:00.359079 - SPEECH GENERATOR: Final voice is {'established': 'False', 'family': '{}'}
10:26:00.359180 - SPEECH GENERATOR: _generate_accessible_role: [page tab, {'established': 'False', 'family': '{}'}]
10:26:00.359249 - GENERATOR: _generate_state_sensitive: []
10:26:00.359284 - SPEECH GENERATOR: _generate_state_sensitive: []
10:26:00.359358 - GSETTINGS SCHEMA HANDLE: speech/insert-pauses-between-utterances not set [app:accessibility_probe, profile:default]
10:26:00.359374 - GSETTINGS REGISTRY: speech/insert-pauses-between-utterances using default value = True
10:26:00.359396 - GSETTINGS SCHEMA HANDLE: speech/punctuation-level not set [app:accessibility_probe, profile:default]
10:26:00.359402 - GSETTINGS REGISTRY: speech/punctuation-level using default value = 'most'
10:26:00.360015 - GENERATOR: _generate_keyboard_mnemonic: []
10:26:00.360038 - SPEECH GENERATOR: _generate_keyboard_mnemonic: []
10:26:00.360059 - GSETTINGS SCHEMA HANDLE: speech/insert-pauses-between-utterances not set [app:accessibility_probe, profile:default]
10:26:00.360065 - GSETTINGS REGISTRY: speech/insert-pauses-between-utterances using default value = True
10:26:00.360096 - GSETTINGS SCHEMA HANDLE: speech/punctuation-level not set [app:accessibility_probe, profile:default]
10:26:00.360103 - GSETTINGS REGISTRY: speech/punctuation-level using default value = 'most'
10:26:00.360127 - SPEECH GENERATOR: _generate_position_in_list: []
10:26:00.360159 - GENERATOR: _generate_state_current: []
10:26:00.360172 - SPEECH GENERATOR: _generate_state_current: []
10:26:00.360185 - SPEECH GENERATOR: _generate_has_click_action: []
10:26:00.360199 - SPEECH GENERATOR: _generate_has_details: []
10:26:00.360211 - SPEECH GENERATOR: _generate_details_for: []
10:26:00.360420 - AXUtilitiesRelation: [page tab: 'Settings' (0x784b64404040)]  is described by: []
10:26:00.360436 - GENERATOR: _generate_accessible_description: []
10:26:00.360449 - SPEECH GENERATOR: _generate_accessible_description: []
10:26:00.360473 - SPEECH GENERATOR: _generate_state_has_popup: []
10:26:00.362233 - SPEECH GENERATOR: _generate_tutorial: []
10:26:00.362338 - SPEECH GENERATOR: Results: [Settings, {'established': 'False', 'family': "{'dialect': '', 'lang': 'C', 'name': ''}"}, page tab, {'established': 'False', 'family': '{}'}, PAUSE, PAUSE]
10:26:00.362426 - SPEECH: Speak [Settings, {'established': 'False', 'family': "{'dialect': '', 'lang': 'C', 'name': ''}"}, page tab, {'established': 'False', 'family': '{}'}, PAUSE, PAUSE], acss: None
10:26:00.362493 - SPEECH: New voice {'established': 'False'}  != active voice {'established': 'False', 'family': "{'dialect': '', 'lang': 'C', 'name': ''}"}
10:26:00.362510 - SPEECH OUTPUT: 'Settings' {'established': False, 'family': {'name': '', 'gender': None, 'lang': 'C', 'dialect': '', 'variant': None}}
10:26:00.362517 - SPEECH DISPATCHER: Speaking 'Settings' as string
10:26:00.362935 - SPEECH DISPATCHER: Speaking '<speak><mark name="0:8"/>Settings</speak>' 
                  ORCA rate 50.0, pitch 5.0, volume 10.0, language C, punctuation: MOST
                  SD rate 2, pitch 10, volume 100, language c
10:26:00.363066 - SPEECH OUTPUT: 'page tab.' {'established': False}
10:26:00.363074 - SPEECH DISPATCHER: Speaking 'page tab.' as string
10:26:00.363246 - SPEECH DISPATCHER: Speaking '<speak><mark name="0:4"/>page <mark name="5:9"/>tab.</speak>' 
                  ORCA rate 50.0, pitch 5.0, volume 10.0, language C, punctuation: MOST
                  SD rate 2, pitch 10, volume 100, language c
10:26:00.381251 - GSETTINGS SCHEMA HANDLE: braille/enabled not set [app:accessibility_probe, profile:default]
10:26:00.381320 - GSETTINGS REGISTRY: braille/enabled using default value = True
10:26:00.381427 - FOCUS MANAGER: Active mode: focus-tracking Object of interest: [page tab: 'Settings' (0x784b64404040)] 
10:26:00.381472 - GSETTINGS SCHEMA HANDLE: braille/enabled not set [app:accessibility_probe, profile:default]
10:26:00.381486 - GSETTINGS REGISTRY: braille/enabled using default value = True
10:26:00.381528 - GSETTINGS SCHEMA HANDLE: braille/verbosity-level not set [app:accessibility_probe, profile:default]
10:26:00.381542 - GSETTINGS REGISTRY: braille/verbosity-level using default value = 'verbose'
10:26:00.381577 - FOCUS MANAGER: Locus of focus is [page tab: 'Settings' (0x784b64404040)] 
10:26:00.381612 - SCRIPT MANAGER: Active script is: accessibility_probe (module=orca.scripts.default)
10:26:00.381652 - GSETTINGS SCHEMA HANDLE: braille/rolename-style not set [app:accessibility_probe, profile:default]
10:26:00.381665 - GSETTINGS REGISTRY: braille/rolename-style using default value = 'verbose'
10:26:00.381697 - GSETTINGS SCHEMA HANDLE: braille/display-ancestors not set [app:accessibility_probe, profile:default]
10:26:00.381709 - GSETTINGS REGISTRY: braille/display-ancestors using default value = True
10:26:00.381741 - GSETTINGS SCHEMA HANDLE: braille/end-of-line-indicator not set [app:accessibility_probe, profile:default]
10:26:00.381752 - GSETTINGS REGISTRY: braille/end-of-line-indicator using default value = True
10:26:00.381783 - GSETTINGS SCHEMA HANDLE: braille/present-mnemonics not set [app:accessibility_probe, profile:default]
10:26:00.381794 - GSETTINGS REGISTRY: braille/present-mnemonics using default value = True
10:26:00.384527 - GENERATOR: _get_functional_role: page-tab
10:26:00.384691 - BRAILLE GENERATOR: braille_generator.BrailleGenerator._generate_page_tab for [page tab: 'Settings' (0x784b64404040)]  args: {'formatType': 'focused', 'priorObj': "[terminal: 'Terminal' (0x784b644c3900)] ", 'role': 'page-tab'}
10:26:00.385889 - AXUtilitiesRelation: [panel: 'Project sections' (0x784b642d8d00)]  is labelled by: []
10:26:00.385941 - AXUtilitiesRelation: [panel: 'Project sections' (0x784b642d8d00)]  is described by: []
10:26:00.387798 - GENERATOR: _get_functional_role: panel
10:26:00.387943 - BRAILLE GENERATOR: braille_generator.BrailleGenerator._generate_panel for [panel: 'Project sections' (0x784b642d8d00)]  args: {'formatType': 'ancestor', 'includeContext': 'False', 'priorObj': "[terminal: 'Terminal' (0x784b644c3900)] ", 'role': 'panel'}
10:26:00.388013 - GENERATOR: _generate_text_substring: []
10:26:00.388120 - AXUtilitiesRelation: [panel: 'Project sections' (0x784b642d8d00)]  is labelled by: []
10:26:00.388154 - GENERATOR: _generate_accessible_label: []
10:26:00.388200 - GENERATOR: _generate_accessible_name: [Project sections]
10:26:00.388243 - GENERATOR: _generate_accessible_label_and_name: [Project sections]
10:26:00.392966 - BRAILLE GENERATOR: _generate_accessible_role: [panel]
10:26:00.393025 - BRAILLE: Not contracting 'Project sections panel' because contracted braille is not enabled.
10:26:00.393076 - AXUtilitiesRelation: [panel: 'Project sections' (0x784b642d8d00)]  is described by: []
10:26:00.393091 - GENERATOR: _generate_accessible_description: []
10:26:00.393119 - GENERATOR: _generate_state_current: []
10:26:00.393141 - BRAILLE GENERATOR: Results: [COMPONENT: 'Project sections panel', cursor offset:0]
10:26:00.395430 - GENERATOR: _get_functional_role: frame
10:26:00.395537 - BRAILLE GENERATOR: braille_generator.BrailleGenerator._generate_frame for [frame: 'Reactive TUI App accessibility round 1' (0x784b64726b00)]  args: {'formatType': 'ancestor', 'includeContext': 'False', 'priorObj': "[terminal: 'Terminal' (0x784b644c3900)] ", 'role': 'frame'}
10:26:00.395580 - AXUtilitiesRelation: [frame: 'Reactive TUI App accessibility round 1' (0x784b64726b00)]  is labelled by: []
10:26:00.395595 - GENERATOR: _generate_accessible_label: []
10:26:00.395616 - GENERATOR: _generate_accessible_name: [Reactive TUI App accessibility round 1]
10:26:00.395658 - GENERATOR: _generate_accessible_label_and_name: [Reactive TUI App accessibility round 1]
10:26:00.396921 - BRAILLE GENERATOR: _generate_accessible_role: [frame]
10:26:00.397017 - AXUtilities: Unfocused alerts and dialogs for [frame: 'Reactive TUI App accessibility round 1' (0x784b64726b00)] : []
10:26:00.397033 - BRAILLE GENERATOR: _generate_alert_and_dialog_count: []
10:26:00.397042 - BRAILLE: Not contracting 'Reactive TUI App accessibility round 1 frame' because contracted braille is not enabled.
10:26:00.397063 - GENERATOR: _generate_accessible_description: []
10:26:00.397227 - GENERATOR: _generate_state_current: []
10:26:00.397247 - BRAILLE GENERATOR: Results: [COMPONENT: 'Reactive TUI App accessibility round 1 frame', cursor offset:0]
10:26:00.399423 - GENERATOR: _get_functional_role: application
10:26:00.399455 - BRAILLE GENERATOR: [application: 'accessibility_probe' (0x784b64409b80)]  lacks dedicated generator
10:26:00.399533 - BRAILLE GENERATOR: braille_generator.BrailleGenerator._generate_default_presentation for [application: 'accessibility_probe' (0x784b64409b80)]  args: {'formatType': 'ancestor', 'includeContext': 'False', 'priorObj': "[terminal: 'Terminal' (0x784b644c3900)] ", 'role': 'application'}
10:26:00.399577 - AXUtilitiesRelation: [application: 'accessibility_probe' (0x784b64409b80)]  is labelled by: []
10:26:00.399592 - GENERATOR: _generate_accessible_label: []
10:26:00.399612 - GENERATOR: _generate_accessible_name: [accessibility_probe]
10:26:00.399631 - GENERATOR: _generate_accessible_label_and_name: [accessibility_probe]
10:26:00.400585 - BRAILLE GENERATOR: _generate_accessible_role: [application]
10:26:00.400596 - BRAILLE: Not contracting 'accessibility_probe application' because contracted braille is not enabled.
10:26:00.400614 - BRAILLE GENERATOR: Results: [COMPONENT: 'accessibility_probe application', cursor offset:0]
10:26:00.400656 - BRAILLE GENERATOR: _generate_ancestors: [COMPONENT: 'accessibility_probe application', cursor offset:0, REGION: ' ', cursor offset:0, COMPONENT: 'Reactive TUI App accessibility round 1 frame', cursor offset:0, REGION: ' ', cursor offset:0, COMPONENT: 'Project sections panel', cursor offset:0]
10:26:00.400696 - AXUtilitiesRelation: [page tab: 'Settings' (0x784b64404040)]  is labelled by: []
10:26:00.400711 - GENERATOR: _generate_accessible_label: []
10:26:00.400730 - GENERATOR: _generate_accessible_name: [Settings]
10:26:00.400748 - GENERATOR: _generate_accessible_label_and_name: [Settings]
10:26:00.401813 - BRAILLE GENERATOR: _generate_accessible_role: [page tab]
10:26:00.402445 - GENERATOR: _generate_keyboard_mnemonic: []
10:26:00.403044 - BRAILLE: Not contracting 'Settings page tab' because contracted braille is not enabled.
10:26:00.403073 - GENERATOR: _generate_accessible_description: []
10:26:00.403095 - GENERATOR: _generate_state_current: []
10:26:00.403140 - BRAILLE GENERATOR: Results: [COMPONENT: 'accessibility_probe application', cursor offset:0, REGION: ' ', cursor offset:0, COMPONENT: 'Reactive TUI App accessibility round 1 frame', cursor offset:0, REGION: ' ', cursor offset:0, COMPONENT: 'Project sections panel', cursor offset:0, REGION: ' ', cursor offset:0, COMPONENT: 'Settings page tab', cursor offset:0]
10:26:00.403187 - BRAILLE: Refresh. Pan: True target: 0
10:26:00.403193 - BRAILLE: Kill flash message braille.display_line:1618 > braille.refresh:2097 > braille._prepare_refresh:1856 > braille.kill_flash:2182
10:26:00.403701 - GSETTINGS SCHEMA HANDLE: braille/enabled not set [app:accessibility_probe, profile:default]
10:26:00.403712 - GSETTINGS REGISTRY: braille/enabled using default value = True
10:26:00.403739 - BRAILLE: Last text object: [terminal: 'Terminal' (0x784b644c3900)]  (Caret: 95, Line: 61, Cell: 2)
10:26:00.403765 - BRAILLE: Current text object: None (Caret: 0, Line: 0). On same line: False
10:26:00.403773 - BRAILLE: Line 0: 'accessibility_probe application Reactive TUI App accessibility round 1 frame Project sections panel Settings page tab' focusOffset: 100 [[0, 32], [32, 63], [63, 94], [94, 100], [100, 117]]
10:26:00.403778 - BRAILLE: Cursor offset in line string is: 100
10:26:00.403784 - BRAILLE: Adjusting offset to 100 (unhandled condition)
10:26:00.403789 - BRAILLE: Current range: (100, 132). Target cell: 0
10:26:00.403795 - BRAILLE LINE:  'accessibility_probe application Reactive TUI App accessibility round 1 frame Project sections panel Settings page tab'
10:26:00.403799 -      VISIBLE:  'Settings page tab', cursor=1
10:26:00.403813 - BRAILLE: Enabling braille. BrlAPI running: False
10:26:00.403817 - BRAILLE: Need to initialize first.
10:26:00.403831 - BRAILLE: Initializing. Callback: input_event_manager.InputEventManager.process_braille_event
10:26:00.403835 - BRAILLE: BrlAPI connection already in progress.
10:26:00.404664 - AXTable: Setting last cell coordinates to row=-1, column=-1
10:26:00.404750 - FOCUS MANAGER: Setting last cursor position to [page tab: 'Settings' (0x784b64404040)]  -1
10:26:00.404869 - FOCUS MANAGER: Active window is [frame: 'Reactive TUI App accessibility round 1' (0x784b64726b00)]  focus_manager.set_locus_of_focus:327 > focus_manager._save_object_details:254 > ax_utilities_event.save_object_info_for_events:195 > focus_manager.get_active_window:342
TOTAL PROCESSING TIME: 0.0870
^^^^^ FINISHED PRIORITY-3 OBJECT EVENT OBJECT:STATE-CHANGED:FOCUSED ^^^^^

10:26:00.405875 - EVENT MANAGER: Dequeueing object:state-changed:focused for [page tab: 'Overview' (0x784b6431e400)]  in accessibility_probe (AccessKit) (0, 0, 0)
10:26:00.405921 - EVENT MANAGER: Dequeued object:state-changed:focused for [page tab: 'Overview' (0x784b6431e500)]  in accessibility_probe (AccessKit) (0, 0, 0) priority: 3, counter: 46

vvvvv START PRIORITY-3 OBJECT EVENT OBJECT:STATE-CHANGED:FOCUSED (queue size: 35) vvvvv
10:26:00.409636 - EVENT SOURCE:
                  app='accessibility_probe (AccessKit )' name='Overview' role='page tab' axid='' id=0x784b6431e540
                  description=''
                  help=''
                  locale=''
                  states='enabled, focusable, selectable, sensitive, showing, visible'
                  relations=''
                  actions='click'
                  interfaces='Action, Component'
                  attributes=''
                  text=''
                  path=[-1, 0, 0, 0, 0]
                  
10:26:00.409674 - SCRIPT MANAGER: Active script is: accessibility_probe (module=orca.scripts.default)
10:26:00.409695 - FOCUS MANAGER: Locus of focus is [page tab: 'Settings' (0x784b64404040)] 
10:26:00.409722 - EVENT MANAGER: Getting script for event for [application: 'accessibility_probe' (0x784b64409b80)]  [page tab: 'Overview' (0x784b6430e080)] 
10:26:00.409739 - SCRIPT MANAGER: Getting script for [application: 'accessibility_probe' (0x784b64409b80)]  [page tab: 'Overview' (0x784b6430e080)] 
10:26:00.409911 - SCRIPT MANAGER: Script is app script accessibility_probe (module=orca.scripts.default)
10:26:00.409926 - EVENT MANAGER: Script for event is accessibility_probe (module=orca.scripts.default)
10:26:00.409931 - EVENT MANAGER: Processing object:state-changed:focused: script for event is active
TOTAL PROCESSING TIME: 0.0040
^^^^^ FINISHED PRIORITY-3 OBJECT EVENT OBJECT:STATE-CHANGED:FOCUSED ^^^^^

10:26:00.409958 - WARNING: Braille initialization failed: BrlAPI connection unavailable.
10:26:00.409972 - BRAILLE: Scheduling BrlAPI retry in 2000 ms.
10:26:00.410044 - EVENT MANAGER: Dequeueing object:property-change:accessible-name for [frame: 'Terminal' (0x784b6440ed40)]  in org.gnome.Terminal (gtk 3.24.52) (0, 0, Terminal)
10:26:00.410085 - EVENT MANAGER: Dequeued object:property-change:accessible-name for [frame: 'Terminal' (0x784b6440ed40)]  in org.gnome.Terminal (gtk 3.24.52) (0, 0, Terminal) priority: 4, counter: 4

vvvvv START PRIORITY-4 OBJECT EVENT OBJECT:PROPERTY-CHANGE:ACCESSIBLE-NAME (queue size: 34) vvvvv
10:26:00.411551 - EVENT SOURCE:
                  app='org.gnome.Terminal (gtk 3.24.52)' name='Terminal' role='frame' axid='' id=0x784b6440ed40
                  description=''
                  help=''
                  locale='C.UTF-8'
                  states='active, enabled, resizable, sensitive, showing, visible'
                  relations=''
                  actions=''
                  interfaces='Collection, Component'
                  attributes='toolkit:gtk, window-type:normal'
                  text=''
                  path=[-1, 0]
                  
10:26:00.411603 - SCRIPT MANAGER: Active script is: accessibility_probe (module=orca.scripts.default)
10:26:00.411631 - FOCUS MANAGER: Locus of focus is [page tab: 'Settings' (0x784b64404040)] 
10:26:00.411664 - EVENT MANAGER: Getting script for event for [application: 'org.gnome.Terminal' (0x784b644b87c0)]  [frame: 'Terminal' (0x784b6440ed40)] 
10:26:00.411684 - SCRIPT MANAGER: Getting script for [application: 'org.gnome.Terminal' (0x784b644b87c0)]  [frame: 'Terminal' (0x784b6440ed40)] 
10:26:00.411710 - SCRIPT MANAGER: Script is app script org.gnome.Terminal (module=orca.scripts.toolkits.gtk.script)
10:26:00.411723 - EVENT MANAGER: Script for event is org.gnome.Terminal (module=orca.scripts.toolkits.gtk.script)
10:26:00.412855 - EVENT MANAGER: Change active script: False (No reason found to activate a different script.)
10:26:00.412890 - EVENT MANAGER: Processing object:property-change:accessible-name: script handles events when inactive
10:26:00.412924 - AXUtilitiesEvent: The new name matches the old name.
TOTAL PROCESSING TIME: 0.0028
^^^^^ FINISHED PRIORITY-4 OBJECT EVENT OBJECT:PROPERTY-CHANGE:ACCESSIBLE-NAME ^^^^^

10:26:00.413063 - EVENT MANAGER: Dequeueing object:state-changed:showing for [frame: 'Terminal' (0x784b6440ed40)]  in org.gnome.Terminal (gtk 3.24.52) (1, 0, 0)
10:26:00.413103 - EVENT MANAGER: Dequeued object:state-changed:showing for [frame: 'Terminal' (0x784b6440ed40)]  in org.gnome.Terminal (gtk 3.24.52) (1, 0, 0) priority: 4, counter: 5

vvvvv START PRIORITY-4 OBJECT EVENT OBJECT:STATE-CHANGED:SHOWING (queue size: 33) vvvvv
10:26:00.413573 - CLIPBOARD PRESENTER: Possible change event object:text-changed:delete for [terminal: 'Terminal' (0x784b644c3900)]  in org.gnome.Terminal (gtk 3.24.52) (35, 27, ▶Settings ✕              \n)

10:26:00.413642 - EVENT MANAGER: object:text-changed:delete for [terminal: 'Terminal' (0x784b644c3900)]  in org.gnome.Terminal (gtk 3.24.52) (35, 27, ▶Settings ✕              \n)
10:26:00.413659 - FOCUS MANAGER: Locus of focus is [page tab: 'Settings' (0x784b64404040)] 
10:26:00.413710 - EVENT_MANAGER: Not ignoring object:text-changed:delete due to source being focused
10:26:00.413743 - EVENT MANAGER: Queueing object:text-changed:delete for [terminal: 'Terminal' (0x784b644c3900)]  in org.gnome.Terminal (gtk 3.24.52) (35, 27, ▶Settings ✕              \n)
10:26:00.413759 - EVENT MANAGER: App for event source is [application: 'org.gnome.Terminal' (0x784b644b87c0)] 
10:26:00.413775 - SCRIPT MANAGER: Getting script for [application: 'org.gnome.Terminal' (0x784b644b87c0)]  [terminal: 'Terminal' (0x784b644c3900)] 
10:26:00.413799 - SCRIPT MANAGER: Script is custom script org.gnome.Terminal (module=orca.scripts.terminal.script)
10:26:00.413839 - EVENT MANAGER: object:text-changed:delete for [terminal: 'Terminal' (0x784b644c3900)]  in org.gnome.Terminal (gtk 3.24.52) (35, 27, ▶Settings ✕              \n) has priority level: 4
10:26:00.413879 - EVENT MANAGER: Queued object:text-changed:delete for [terminal: 'Terminal' (0x784b644c3900)]  in org.gnome.Terminal (gtk 3.24.52) (35, 27, ▶Settings ✕              \n) priority: 4, counter: 51
10:26:00.413924 - CLIPBOARD PRESENTER: Possible change event object:text-changed:insert for [terminal: 'Terminal' (0x784b644c3900)]  in org.gnome.Terminal (gtk 3.24.52) (35, 27,  Settings ✕              \n▶)

10:26:00.413968 - EVENT MANAGER: object:text-changed:insert for [terminal: 'Terminal' (0x784b644c3900)]  in org.gnome.Terminal (gtk 3.24.52) (35, 27,  Settings ✕              \n▶)
10:26:00.413990 - FOCUS MANAGER: Locus of focus is [page tab: 'Settings' (0x784b64404040)] 
10:26:00.414035 - EVENT_MANAGER: Not ignoring object:text-changed:insert due to source being focused
10:26:00.414066 - EVENT MANAGER: Queueing object:text-changed:insert for [terminal: 'Terminal' (0x784b644c3900)]  in org.gnome.Terminal (gtk 3.24.52) (35, 27,  Settings ✕              \n▶)
10:26:00.414081 - EVENT MANAGER: App for event source is [application: 'org.gnome.Terminal' (0x784b644b87c0)] 
10:26:00.414097 - SCRIPT MANAGER: Getting script for [application: 'org.gnome.Terminal' (0x784b644b87c0)]  [terminal: 'Terminal' (0x784b644c3900)] 
10:26:00.414116 - SCRIPT MANAGER: Script is custom script org.gnome.Terminal (module=orca.scripts.terminal.script)
10:26:00.414152 - EVENT MANAGER: object:text-changed:insert for [terminal: 'Terminal' (0x784b644c3900)]  in org.gnome.Terminal (gtk 3.24.52) (35, 27,  Settings ✕              \n▶) has priority level: 4
10:26:00.414189 - EVENT MANAGER: Queued object:text-changed:insert for [terminal: 'Terminal' (0x784b644c3900)]  in org.gnome.Terminal (gtk 3.24.52) (35, 27,  Settings ✕              \n▶) priority: 4, counter: 52

10:26:00.414226 - EVENT MANAGER: object:text-caret-moved for [terminal: 'Terminal' (0x784b644c3900)]  in org.gnome.Terminal (gtk 3.24.52) (65, 0, 0)
10:26:00.414239 - FOCUS MANAGER: Locus of focus is [page tab: 'Settings' (0x784b64404040)] 
10:26:00.414280 - EVENT_MANAGER: Not ignoring object:text-caret-moved due to source being focused
10:26:00.414311 - EVENT MANAGER: Queueing object:text-caret-moved for [terminal: 'Terminal' (0x784b644c3900)]  in org.gnome.Terminal (gtk 3.24.52) (65, 0, 0)
10:26:00.414325 - EVENT MANAGER: App for event source is [application: 'org.gnome.Terminal' (0x784b644b87c0)] 
10:26:00.414340 - SCRIPT MANAGER: Getting script for [application: 'org.gnome.Terminal' (0x784b644b87c0)]  [terminal: 'Terminal' (0x784b644c3900)] 
10:26:00.414359 - SCRIPT MANAGER: Script is custom script org.gnome.Terminal (module=orca.scripts.terminal.script)
10:26:00.414394 - EVENT MANAGER: object:text-caret-moved for [terminal: 'Terminal' (0x784b644c3900)]  in org.gnome.Terminal (gtk 3.24.52) (65, 0, 0) has priority level: 4
10:26:00.414427 - EVENT MANAGER: Queued object:text-caret-moved for [terminal: 'Terminal' (0x784b644c3900)]  in org.gnome.Terminal (gtk 3.24.52) (65, 0, 0) priority: 4, counter: 53

10:26:00.414465 - EVENT MANAGER: object:property-change:accessible-name for [label: ' Settings' (0x784b6440ec80)]  in accessibility_probe (AccessKit) (0, 0,  Settings)
10:26:00.414477 - FOCUS MANAGER: Locus of focus is [page tab: 'Settings' (0x784b64404040)] 
10:26:00.414565 - EVENT MANAGER: Queueing object:property-change:accessible-name for [label: ' Settings' (0x784b6440ed00)]  in accessibility_probe (AccessKit) (0, 0,  Settings)
10:26:00.414582 - EVENT MANAGER: App for event source is [application: 'accessibility_probe' (0x784b64409b80)] 
10:26:00.414597 - SCRIPT MANAGER: Getting script for [application: 'accessibility_probe' (0x784b64409b80)]  [label: ' Settings' (0x784b6440ec80)] 
10:26:00.415122 - SCRIPT MANAGER: Script is app script accessibility_probe (module=orca.scripts.default)
10:26:00.415175 - EVENT MANAGER: object:property-change:accessible-name for [label: ' Settings' (0x784b6440ed00)]  in accessibility_probe (AccessKit) (0, 0,  Settings) has priority level: 4
10:26:00.415211 - EVENT MANAGER: Queued object:property-change:accessible-name for [label: ' Settings' (0x784b64726c40)]  in accessibility_probe (AccessKit) (0, 0,  Settings) priority: 4, counter: 54

10:26:00.416189 - EVENT MANAGER: object:state-changed:focused for [entry: 'Project setting' (0x784b6431e600)]  in accessibility_probe (AccessKit) (1, 0, 0)
10:26:00.416240 - FOCUS MANAGER: Locus of focus is [page tab: 'Settings' (0x784b64404040)] 
10:26:00.416469 - EVENT_MANAGER: Not ignoring object:state-changed:focused due to source being focused
10:26:00.416509 - EVENT MANAGER: Queueing object:state-changed:focused for [entry: 'Project setting' (0x784b6431ec40)]  in accessibility_probe (AccessKit) (1, 0, 0)
10:26:00.416526 - EVENT MANAGER: App for event source is [application: 'accessibility_probe' (0x784b64409b80)] 
10:26:00.416543 - SCRIPT MANAGER: Getting script for [application: 'accessibility_probe' (0x784b64409b80)]  [entry: 'Project setting' (0x784b643f6bc0)] 
10:26:00.416703 - SCRIPT MANAGER: Script is app script accessibility_probe (module=orca.scripts.default)
10:26:00.416746 - EVENT MANAGER: object:state-changed:focused for [entry: 'Project setting' (0x784b64726600)]  in accessibility_probe (AccessKit) (1, 0, 0) has priority level: 3
10:26:00.416785 - EVENT MANAGER: Queued object:state-changed:focused for [entry: 'Project setting' (0x784b6431ef40)]  in accessibility_probe (AccessKit) (1, 0, 0) priority: 3, counter: 55

10:26:00.416835 - EVENT MANAGER: object:text-caret-moved for [entry: 'Project setting' (0x784b6430f000)]  in accessibility_probe (AccessKit) (0, 0, 0)
10:26:00.416849 - FOCUS MANAGER: Locus of focus is [page tab: 'Settings' (0x784b64404040)] 
10:26:00.416895 - EVENT_MANAGER: Not ignoring object:text-caret-moved due to source being focused
10:26:00.416926 - EVENT MANAGER: Queueing object:text-caret-moved for [entry: 'Project setting' (0x784b6430f0c0)]  in accessibility_probe (AccessKit) (0, 0, 0)
10:26:00.416940 - EVENT MANAGER: App for event source is [application: 'accessibility_probe' (0x784b64409b80)] 
10:26:00.416956 - SCRIPT MANAGER: Getting script for [application: 'accessibility_probe' (0x784b64409b80)]  [entry: 'Project setting' (0x784b6431e600)] 
10:26:00.417118 - SCRIPT MANAGER: Script is app script accessibility_probe (module=orca.scripts.default)
10:26:00.417159 - EVENT MANAGER: object:text-caret-moved for [entry: 'Project setting' (0x784b6431f1c0)]  in accessibility_probe (AccessKit) (0, 0, 0) has priority level: 4
10:26:00.417194 - EVENT MANAGER: Queued object:text-caret-moved for [entry: 'Project setting' (0x784b6431f080)]  in accessibility_probe (AccessKit) (0, 0, 0) priority: 4, counter: 56

10:26:00.417232 - EVENT MANAGER: object:state-changed:focused for [page tab: 'Settings' (0x784b64404040)]  in accessibility_probe (AccessKit) (0, 0, 0)
10:26:00.417245 - FOCUS MANAGER: Locus of focus is [page tab: 'Settings' (0x784b64404040)] 
10:26:00.417274 - EVENT_MANAGER: Not ignoring object:state-changed:focused due to source being locus of focus
10:26:00.417302 - EVENT MANAGER: Queueing object:state-changed:focused for [page tab: 'Settings' (0x784b64404040)]  in accessibility_probe (AccessKit) (0, 0, 0)
10:26:00.417317 - EVENT MANAGER: App for event source is [application: 'accessibility_probe' (0x784b64409b80)] 
10:26:00.417332 - SCRIPT MANAGER: Getting script for [application: 'accessibility_probe' (0x784b64409b80)]  [page tab: 'Settings' (0x784b64404040)] 
10:26:00.417489 - SCRIPT MANAGER: Script is app script accessibility_probe (module=orca.scripts.default)
10:26:00.417526 - EVENT MANAGER: object:state-changed:focused for [page tab: 'Settings' (0x784b64404040)]  in accessibility_probe (AccessKit) (0, 0, 0) has priority level: 3
10:26:00.417559 - EVENT MANAGER: Queued object:state-changed:focused for [page tab: 'Settings' (0x784b64404040)]  in accessibility_probe (AccessKit) (0, 0, 0) priority: 3, counter: 57
10:26:00.417781 - EVENT SOURCE:
                  app='org.gnome.Terminal (gtk 3.24.52)' name='Terminal' role='frame' axid='' id=0x784b6440ed40
                  description=''
                  help=''
                  locale='C.UTF-8'
                  states='active, enabled, resizable, sensitive, showing, visible'
                  relations=''
                  actions=''
                  interfaces='Collection, Component'
                  attributes='toolkit:gtk, window-type:normal'
                  text=''
                  path=[-1, 0]
                  
10:26:00.417804 - SCRIPT MANAGER: Active script is: accessibility_probe (module=orca.scripts.default)
10:26:00.417820 - FOCUS MANAGER: Locus of focus is [page tab: 'Settings' (0x784b64404040)] 
10:26:00.417844 - EVENT MANAGER: Getting script for event for [application: 'org.gnome.Terminal' (0x784b644b87c0)]  [frame: 'Terminal' (0x784b6440ed40)] 
10:26:00.417860 - SCRIPT MANAGER: Getting script for [application: 'org.gnome.Terminal' (0x784b644b87c0)]  [frame: 'Terminal' (0x784b6440ed40)] 
10:26:00.417883 - SCRIPT MANAGER: Script is app script org.gnome.Terminal (module=orca.scripts.toolkits.gtk.script)
10:26:00.417896 - EVENT MANAGER: Script for event is org.gnome.Terminal (module=orca.scripts.toolkits.gtk.script)
10:26:00.418400 - EVENT MANAGER: Change active script: False (No reason found to activate a different script.)
10:26:00.418419 - EVENT MANAGER: Processing object:state-changed:showing: script handles events when inactive
10:26:00.418461 - AXUtilitiesRelation: [frame: 'Terminal' (0x784b6440ed40)]  is popup for: []
TOTAL PROCESSING TIME: 0.0054
^^^^^ FINISHED PRIORITY-4 OBJECT EVENT OBJECT:STATE-CHANGED:SHOWING ^^^^^

10:26:00.418547 - EVENT MANAGER: Dequeueing object:state-changed:focused for [entry: 'Project setting' (0x784b6431ebc0)]  in accessibility_probe (AccessKit) (1, 0, 0)
10:26:00.418583 - EVENT MANAGER: Dequeued object:state-changed:focused for [entry: 'Project setting' (0x784b6430e5c0)]  in accessibility_probe (AccessKit) (1, 0, 0) priority: 3, counter: 55

vvvvv START PRIORITY-3 OBJECT EVENT OBJECT:STATE-CHANGED:FOCUSED (queue size: 39) vvvvv
10:26:00.422351 - EVENT SOURCE:
                  app='accessibility_probe (AccessKit )' name='Project setting' role='entry' axid='' id=0x784b6440f3c0
                  description=''
                  help=''
                  locale=''
                  states='editable, enabled, focusable, focused, sensitive, showing, single-line, visible, selectable-text'
                  relations=''
                  actions=''
                  interfaces='Component, EditableText, Text'
                  attributes=''
                  text='seed'
                  path=[-1, 0, 0, 1, 0]
                  
10:26:00.422394 - SCRIPT MANAGER: Active script is: accessibility_probe (module=orca.scripts.default)
10:26:00.422418 - FOCUS MANAGER: Locus of focus is [page tab: 'Settings' (0x784b64404040)] 
10:26:00.422449 - EVENT MANAGER: Getting script for event for [application: 'accessibility_probe' (0x784b64409b80)]  [entry: 'Project setting' (0x784b6430f3c0)] 
10:26:00.422467 - SCRIPT MANAGER: Getting script for [application: 'accessibility_probe' (0x784b64409b80)]  [entry: 'Project setting' (0x784b6430f3c0)] 
10:26:00.422640 - SCRIPT MANAGER: Script is app script accessibility_probe (module=orca.scripts.default)
10:26:00.422656 - EVENT MANAGER: Script for event is accessibility_probe (module=orca.scripts.default)
10:26:00.422662 - EVENT MANAGER: Processing object:state-changed:focused: script for event is active
10:26:00.423641 - SCRIPT UTILITIES: [frame: 'Reactive TUI App accessibility round 1' (0x784b64726b00)]  is top-level object for: [entry: 'Project setting' (0x784b643f73c0)] 
10:26:00.424692 - SCRIPT UTILITIES: [entry: 'Project setting' (0x784b643f73c0)]  is in frame [frame: 'Reactive TUI App accessibility round 1' (0x784b64726b00)]  and dialog None
10:26:00.424744 - AXObject: Clearing AT-SPI cache on [frame: 'Reactive TUI App accessibility round 1' (0x784b64726b00)]  Recursive: False.  Reason: Checking if window can be the active window
10:26:00.426120 - AXUtilities: [frame: 'Reactive TUI App accessibility round 1' (0x784b64726b00)]  from [application: 'accessibility_probe' (0x784b64409b80)]  can be active window
10:26:00.426292 - FOCUS MANAGER: Request to set locus of focus to [entry: 'Project setting' (0x784b643f73c0)]  event_manager._dequeue_object_event:666 > event_manager._process_object_event:982 > default._on_focused_changed:1114 > focus_manager.set_locus_of_focus:271
10:26:00.426638 - AXObject: Clearing AT-SPI cache on [entry: 'Project setting' (0x784b643f73c0)]  Recursive: False.  Reason: Setting locus of focus.
10:26:00.426662 - SCRIPT MANAGER: Active script is: accessibility_probe (module=orca.scripts.default)
10:26:00.427345 - FOCUS MANAGER: Changing locus of focus from [page tab: 'Settings' (0x784b64404040)]  to [entry: 'Project setting' (0x784b643f73c0)] . Notify: True
10:26:00.427792 - FOCUS MANAGER: Region of interest: [entry: 'Project setting' (0x784b643f73c0)]  (0, 0)
10:26:00.428326 - FOCUS MANAGER: Switching object of interest from [page tab: 'Settings' (0x784b64404040)]  to [entry: 'Project setting' (0x784b643f73c0)] 
10:26:00.431326 - DOCUMENT PRESENTER: Updating mode for focus change. Old focus: [page tab: 'Settings' (0x784b64404040)]  old doc: None New focus: [entry: 'Project setting' (0x784b643f73c0)]  new doc: None
10:26:00.431361 - SCRIPT MANAGER: Active script is: accessibility_probe (module=orca.scripts.default)
10:26:00.431369 - CARET NAVIGATOR: Commands suspended: False: locus of focus no longer in document
10:26:00.431423 - GSETTINGS SCHEMA HANDLE: keybindings/keyboard-layout not set [app:accessibility_probe, profile:default]
10:26:00.431430 - GSETTINGS REGISTRY: keybindings/keyboard-layout using default value = 'desktop'
10:26:00.431445 - GSETTINGS SCHEMA HANDLE: keybindings/desktop-modifier-keys not set [app:accessibility_probe, profile:default]
10:26:00.431450 - GSETTINGS REGISTRY: keybindings/desktop-modifier-keys using default value = ['Insert', 'KP_Insert']
10:26:00.431484 - SCRIPT MANAGER: Active script is: accessibility_probe (module=orca.scripts.default)
10:26:00.431489 - STRUCTURAL NAVIGATOR: Suspended: False: locus of focus no longer in document
10:26:00.431502 - GSETTINGS SCHEMA HANDLE: keybindings/keyboard-layout not set [app:accessibility_probe, profile:default]
10:26:00.431506 - GSETTINGS REGISTRY: keybindings/keyboard-layout using default value = 'desktop'
10:26:00.431516 - GSETTINGS SCHEMA HANDLE: keybindings/desktop-modifier-keys not set [app:accessibility_probe, profile:default]
10:26:00.431520 - GSETTINGS REGISTRY: keybindings/desktop-modifier-keys using default value = ['Insert', 'KP_Insert']
10:26:00.431557 - STRUCTURAL NAVIGATOR: Setting mode for accessibility_probe (module=orca.scripts.default) to NavigationMode.OFF
10:26:00.431570 - SCRIPT MANAGER: Active script is: accessibility_probe (module=orca.scripts.default)
10:26:00.431583 - GSETTINGS SCHEMA HANDLE: keybindings/keyboard-layout not set [app:accessibility_probe, profile:default]
10:26:00.431587 - GSETTINGS REGISTRY: keybindings/keyboard-layout using default value = 'desktop'
10:26:00.431597 - GSETTINGS SCHEMA HANDLE: keybindings/desktop-modifier-keys not set [app:accessibility_probe, profile:default]
10:26:00.431601 - GSETTINGS REGISTRY: keybindings/desktop-modifier-keys using default value = ['Insert', 'KP_Insert']
10:26:00.431631 - CARET NAVIGATOR: Setting enabled state for accessibility_probe (module=orca.scripts.default) to False
10:26:00.431644 - SCRIPT MANAGER: Active script is: accessibility_probe (module=orca.scripts.default)
10:26:00.431656 - GSETTINGS SCHEMA HANDLE: keybindings/keyboard-layout not set [app:accessibility_probe, profile:default]
10:26:00.431660 - GSETTINGS REGISTRY: keybindings/keyboard-layout using default value = 'desktop'
10:26:00.431669 - GSETTINGS SCHEMA HANDLE: keybindings/desktop-modifier-keys not set [app:accessibility_probe, profile:default]
10:26:00.431673 - GSETTINGS REGISTRY: keybindings/desktop-modifier-keys using default value = ['Insert', 'KP_Insert']
10:26:00.432488 - SCRIPT UTILITIES: [frame: 'Reactive TUI App accessibility round 1' (0x784b64726b00)]  is top-level object for: [entry: 'Project setting' (0x784b643f73c0)] 
10:26:00.432508 - FOCUS MANAGER: Request to set active window to [frame: 'Reactive TUI App accessibility round 1' (0x784b64726b00)] 
10:26:00.432513 - FOCUS MANAGER: Setting active window to existing active window
10:26:00.433296 - SCRIPT MANAGER: Getting script for [application: 'accessibility_probe' (0x784b64409b80)]  [entry: 'Project setting' (0x784b643f73c0)] 
10:26:00.433452 - SCRIPT MANAGER: Script is app script accessibility_probe (module=orca.scripts.default)
10:26:00.434307 - AXUtilitiesRelation: [page tab: 'Settings' (0x784b64404040)]  is controlled by [entry: 'Project setting' (0x784b643f73c0)] : False
10:26:00.434340 - AXUtilitiesRelation: [entry: 'Project setting' (0x784b643f73c0)]  is controlled by [page tab: 'Settings' (0x784b64404040)] : False
10:26:00.434346 - PRESENTATION MANAGER: Interrupting presentation
10:26:00.434376 - SPEECH MANAGER: interrupt_speech. Script: None Event: None notify_user: False
10:26:00.434855 - SPEECH MANAGER: Speech server is <orca.speechdispatcherfactory.SpeechServer object at 0x784b644a96a0>
10:26:00.434925 - BRAILLE: Kill flash message presentation_manager.interrupt_if_needed_for_focus_change:100 > presentation_manager.interrupt_presentation:88 > braille_presenter.kill_flash:1829 > braille.kill_flash:2182
10:26:00.435421 - FOCUS MANAGER: Active mode: focus-tracking Object of interest: [entry: 'Project setting' (0x784b643f73c0)] 
10:26:00.435473 - GSETTINGS SCHEMA HANDLE: speech/enable not set [app:accessibility_probe, profile:default]
10:26:00.435481 - GSETTINGS REGISTRY: speech/enable using default value = True
10:26:00.435500 - GSETTINGS SCHEMA HANDLE: speech/verbosity-level not set [app:accessibility_probe, profile:default]
10:26:00.435505 - GSETTINGS REGISTRY: speech/verbosity-level using default value = 'verbose'
10:26:00.435520 - FOCUS MANAGER: Locus of focus is [entry: 'Project setting' (0x784b643f73c0)] 
10:26:00.435536 - SCRIPT MANAGER: Active script is: accessibility_probe (module=orca.scripts.default)
10:26:00.435551 - GSETTINGS SCHEMA HANDLE: speech/only-speak-displayed-text not set [app:accessibility_probe, profile:default]
10:26:00.435555 - GSETTINGS REGISTRY: speech/only-speak-displayed-text using default value = False
10:26:00.435567 - GSETTINGS SCHEMA HANDLE: speech/speak-description not set [app:accessibility_probe, profile:default]
10:26:00.435570 - GSETTINGS REGISTRY: speech/speak-description using default value = True
10:26:00.435581 - GSETTINGS SCHEMA HANDLE: speech/speak-tutorial-messages not set [app:accessibility_probe, profile:default]
10:26:00.435584 - GSETTINGS REGISTRY: speech/speak-tutorial-messages using default value = True
10:26:00.435595 - GSETTINGS SCHEMA HANDLE: speech/speak-position-in-set not set [app:accessibility_probe, profile:default]
10:26:00.435598 - GSETTINGS REGISTRY: speech/speak-position-in-set using default value = False
10:26:00.435607 - GSETTINGS SCHEMA HANDLE: speech/speak-widget-mnemonic not set [app:accessibility_probe, profile:default]
10:26:00.435610 - GSETTINGS REGISTRY: speech/speak-widget-mnemonic using default value = True
10:26:00.435620 - GSETTINGS SCHEMA HANDLE: speech/speak-blank-lines not set [app:accessibility_probe, profile:default]
10:26:00.435623 - GSETTINGS REGISTRY: speech/speak-blank-lines using default value = True
10:26:00.435632 - GSETTINGS SCHEMA HANDLE: speech/speak-indentation-and-justification not set [app:accessibility_probe, profile:default]
10:26:00.435638 - GSETTINGS REGISTRY: speech/speak-indentation-and-justification using default value = False
10:26:00.435647 - GSETTINGS SCHEMA HANDLE: speech/announce-cell-headers not set [app:accessibility_probe, profile:default]
10:26:00.435651 - GSETTINGS REGISTRY: speech/announce-cell-headers using default value = True
10:26:00.435660 - GSETTINGS SCHEMA HANDLE: speech/announce-cell-coordinates not set [app:accessibility_probe, profile:default]
10:26:00.435663 - GSETTINGS REGISTRY: speech/announce-cell-coordinates using default value = True
10:26:00.435673 - GSETTINGS SCHEMA HANDLE: speech/announce-spreadsheet-cell-coordinates not set [app:accessibility_probe, profile:default]
10:26:00.435676 - GSETTINGS REGISTRY: speech/announce-spreadsheet-cell-coordinates using default value = True
10:26:00.435686 - GSETTINGS SCHEMA HANDLE: speech/announce-blockquote not set [app:accessibility_probe, profile:default]
10:26:00.435689 - GSETTINGS REGISTRY: speech/announce-blockquote using default value = True
10:26:00.435702 - GSETTINGS SCHEMA HANDLE: speech/announce-form not set [app:accessibility_probe, profile:default]
10:26:00.435705 - GSETTINGS REGISTRY: speech/announce-form using default value = True
10:26:00.435714 - GSETTINGS SCHEMA HANDLE: speech/announce-landmark not set [app:accessibility_probe, profile:default]
10:26:00.435717 - GSETTINGS REGISTRY: speech/announce-landmark using default value = True
10:26:00.435726 - GSETTINGS SCHEMA HANDLE: speech/announce-list not set [app:accessibility_probe, profile:default]
10:26:00.435729 - GSETTINGS REGISTRY: speech/announce-list using default value = True
10:26:00.435738 - GSETTINGS SCHEMA HANDLE: speech/announce-grouping not set [app:accessibility_probe, profile:default]
10:26:00.435741 - GSETTINGS REGISTRY: speech/announce-grouping using default value = True
10:26:00.435750 - GSETTINGS SCHEMA HANDLE: speech/announce-table not set [app:accessibility_probe, profile:default]
10:26:00.435753 - GSETTINGS REGISTRY: speech/announce-table using default value = True
10:26:00.437204 - GENERATOR: _get_functional_role: entry
10:26:00.437292 - SPEECH GENERATOR: speech_generator.SpeechGenerator._generate_entry for [entry: 'Project setting' (0x784b643f73c0)]  args: {'formatType': 'unfocused', 'priorObj': "[page tab: 'Settings' (0x784b64404040)] ", 'role': 'entry'}
10:26:00.440716 - SCRIPT UTILITIES: [frame: 'Reactive TUI App accessibility round 1' (0x784b64726b00)]  is top-level object for: [entry: 'Project setting' (0x784b643f73c0)] 
10:26:00.441590 - SCRIPT UTILITIES: [entry: 'Project setting' (0x784b643f73c0)]  is in frame [frame: 'Reactive TUI App accessibility round 1' (0x784b64726b00)]  and dialog None
10:26:00.441771 - SPEECH GENERATOR: _generate_old_ancestors: []
10:26:00.442629 - AXUtilitiesObject: Looking for common ancestor of [page tab: 'Settings' (0x784b64404040)]  and [entry: 'Project setting' (0x784b643f73c0)] 
10:26:00.443996 - AXUtilitiesObject: Common ancestor of [page tab: 'Settings' (0x784b64404040)]  and [entry: 'Project setting' (0x784b643f73c0)]  is [panel: 'Project sections' (0x784b642d8d00)] 
10:26:00.445141 - GENERATOR: _get_functional_role: panel
10:26:00.446958 - GENERATOR: _get_functional_role: scroll-pane
10:26:00.447033 - AXUtilities: [scroll pane: 'Settings panel' (0x784b6430fc00)]  believed to be layout only: True, has layout-only role
10:26:00.448399 - GENERATOR: _get_functional_role: panel
10:26:00.448440 - SPEECH GENERATOR: _generate_new_ancestors: []
10:26:00.448483 - AXUtilitiesRelation: [entry: 'Project setting' (0x784b643f73c0)]  is labelled by: []
10:26:00.448498 - GENERATOR: _generate_accessible_label: []
10:26:00.448512 - SPEECH GENERATOR: _generate_accessible_label: []
10:26:00.448535 - GENERATOR: _generate_accessible_name: [Project setting]
10:26:00.448589 - GSETTINGS SCHEMA HANDLE: voice/established not set [app:accessibility_probe, profile:default]
10:26:00.448607 - GSETTINGS SCHEMA HANDLE: voice/rate not set [app:accessibility_probe, profile:default]
10:26:00.448620 - GSETTINGS SCHEMA HANDLE: voice/pitch not set [app:accessibility_probe, profile:default]
10:26:00.448631 - GSETTINGS SCHEMA HANDLE: voice/volume not set [app:accessibility_probe, profile:default]
10:26:00.448645 - GSETTINGS SCHEMA HANDLE: voice/family-name not set [app:accessibility_probe, profile:default]
10:26:00.448656 - GSETTINGS SCHEMA HANDLE: voice/family-lang not set [app:accessibility_probe, profile:default]
10:26:00.448666 - GSETTINGS SCHEMA HANDLE: voice/family-dialect not set [app:accessibility_probe, profile:default]
10:26:00.448677 - GSETTINGS SCHEMA HANDLE: voice/family-gender not set [app:accessibility_probe, profile:default]
10:26:00.448687 - GSETTINGS SCHEMA HANDLE: voice/family-variant not set [app:accessibility_probe, profile:default]
10:26:00.448719 - SPEECH GENERATOR: default voice requested for [entry: 'Project setting' (0x784b643f73c0)]  language='', dialect='' Unmodified voice={'established': False}
10:26:00.448744 - SPEECH GENERATOR: Reported locale of [entry: 'Project setting' (0x784b643f73c0)]  is 
10:26:00.448763 - SPEECH GENERATOR: Updated to: 'C', ''
10:26:00.448794 - GSETTINGS SCHEMA HANDLE: speech/auto-language-switching not set [app:accessibility_probe, profile:default]
10:26:00.448799 - GSETTINGS REGISTRY: speech/auto-language-switching using default value = True
10:26:00.448808 - SPEECH DISPATCHER: Returning cached result for language='C' dialect='' variant='None'
10:26:00.448854 - SPEECH GENERATOR: Family updated to {'dialect': '', 'lang': 'C', 'name': ''}
10:26:00.448899 - SPEECH GENERATOR: Final voice is {'established': 'False', 'family': "{'dialect': '', 'lang': 'C', 'name': ''}"}
10:26:00.448952 - SPEECH GENERATOR: _generate_accessible_name: [Project setting, {'established': 'False', 'family': "{'dialect': '', 'lang': 'C', 'name': ''}"}]
10:26:00.449012 - GENERATOR: _generate_accessible_label_and_name: [Project setting, {'established': 'False', 'family': "{'dialect': '', 'lang': 'C', 'name': ''}"}]
10:26:00.449035 - SPEECH PRESENTER: Adjusting 'Project setting' from [entry: 'Project setting' (0x784b643f73c0)]  start_offset: None
10:26:00.449291 - GSETTINGS SCHEMA HANDLE: speech/speak-numbers-as-digits not set [app:accessibility_probe, profile:default]
10:26:00.449304 - GSETTINGS REGISTRY: speech/speak-numbers-as-digits using default value = False
10:26:00.449484 - GSETTINGS SCHEMA HANDLE: speech/repeated-character-limit not set [app:accessibility_probe, profile:default]
10:26:00.449492 - GSETTINGS REGISTRY: speech/repeated-character-limit using default value = 4
10:26:00.453224 - GSETTINGS SCHEMA HANDLE: speech/use-pronunciation-dictionary not set [app:accessibility_probe, profile:default]
10:26:00.453276 - GSETTINGS REGISTRY: speech/use-pronunciation-dictionary using default value = True
10:26:00.453305 - SPEECH PRESENTER: Adjusted text: 'Project setting'
10:26:00.453431 - SPEECH GENERATOR: _generate_accessible_label_and_name: [Project setting, {'established': 'False', 'family': "{'dialect': '', 'lang': 'C', 'name': ''}"}]
10:26:00.453510 - GENERATOR: _generate_state_read_only: []
10:26:00.453544 - SPEECH GENERATOR: _generate_state_read_only: []
10:26:00.460564 - GSETTINGS SCHEMA HANDLE: voice/established not set [app:accessibility_probe, profile:default]
10:26:00.460661 - GSETTINGS SCHEMA HANDLE: voice/rate not set [app:accessibility_probe, profile:default]
10:26:00.460703 - GSETTINGS SCHEMA HANDLE: voice/pitch not set [app:accessibility_probe, profile:default]
10:26:00.460740 - GSETTINGS SCHEMA HANDLE: voice/volume not set [app:accessibility_probe, profile:default]
10:26:00.460780 - GSETTINGS SCHEMA HANDLE: voice/family-name not set [app:accessibility_probe, profile:default]
10:26:00.460814 - GSETTINGS SCHEMA HANDLE: voice/family-lang not set [app:accessibility_probe, profile:default]
10:26:00.460847 - GSETTINGS SCHEMA HANDLE: voice/family-dialect not set [app:accessibility_probe, profile:default]
10:26:00.460880 - GSETTINGS SCHEMA HANDLE: voice/family-gender not set [app:accessibility_probe, profile:default]
10:26:00.460912 - GSETTINGS SCHEMA HANDLE: voice/family-variant not set [app:accessibility_probe, profile:default]
10:26:00.461010 - SPEECH GENERATOR: system voice requested for [entry: 'Project setting' (0x784b643f73c0)]  language='', dialect='' Unmodified voice={'established': False}
10:26:00.461093 - SPEECH GENERATOR: Reported locale of [entry: 'Project setting' (0x784b643f73c0)]  is 
10:26:00.461119 - SPEECH GENERATOR: Updated to: 'C', ''
10:26:00.461155 - GSETTINGS SCHEMA HANDLE: voice/established not set [app:accessibility_probe, profile:default]
10:26:00.461171 - GSETTINGS SCHEMA HANDLE: voice/rate not set [app:accessibility_probe, profile:default]
10:26:00.461183 - GSETTINGS SCHEMA HANDLE: voice/pitch not set [app:accessibility_probe, profile:default]
10:26:00.461195 - GSETTINGS SCHEMA HANDLE: voice/volume not set [app:accessibility_probe, profile:default]
10:26:00.461207 - GSETTINGS SCHEMA HANDLE: voice/family-name not set [app:accessibility_probe, profile:default]
10:26:00.461218 - GSETTINGS SCHEMA HANDLE: voice/family-lang not set [app:accessibility_probe, profile:default]
10:26:00.461228 - GSETTINGS SCHEMA HANDLE: voice/family-dialect not set [app:accessibility_probe, profile:default]
10:26:00.461242 - GSETTINGS SCHEMA HANDLE: voice/family-gender not set [app:accessibility_probe, profile:default]
10:26:00.461252 - GSETTINGS SCHEMA HANDLE: voice/family-variant not set [app:accessibility_probe, profile:default]
10:26:00.461305 - SPEECH GENERATOR: Final voice is {'established': 'False', 'family': '{}'}
10:26:00.461346 - SPEECH GENERATOR: _generate_accessible_role: [entry, {'established': 'False', 'family': '{}'}]
10:26:00.461365 - SPEECH GENERATOR: _generate_text_indentation: []
10:26:00.461398 - GENERATOR: _generate_text_substring: []
10:26:00.461412 - SPEECH GENERATOR: _generate_text_substring: []
10:26:00.463498 - AXText: [entry: 'Project setting' (0x784b643f73c0)]  reports 4 characters.
10:26:00.463896 - AXText: [entry: 'Project setting' (0x784b643f73c0)]  reports caret offset of 0.
10:26:00.464376 - AXText: Line at offset 0 in [entry: 'Project setting' (0x784b643f73c0)]  'seed' (0-4)
10:26:00.464452 - AXText: Getting attributes for [entry: 'Project setting' (0x784b643f73c0)]  chars: 0-4
10:26:00.464896 - AXText: Attributes for [entry: 'Project setting' (0x784b643f73c0)]  at offset 0: ({}, start_offset=0, end_offset=4)
10:26:00.465245 - AXText: 1 attribute ranges found.
10:26:00.465652 - AXText: Text of [entry: 'Project setting' (0x784b643f73c0)]  (0-4): 'seed'
10:26:00.465721 - GSETTINGS SCHEMA HANDLE: voice/established not set [app:accessibility_probe, profile:default]
10:26:00.465760 - GSETTINGS SCHEMA HANDLE: voice/rate not set [app:accessibility_probe, profile:default]
10:26:00.465796 - GSETTINGS SCHEMA HANDLE: voice/pitch not set [app:accessibility_probe, profile:default]
10:26:00.465829 - GSETTINGS SCHEMA HANDLE: voice/volume not set [app:accessibility_probe, profile:default]
10:26:00.465864 - GSETTINGS SCHEMA HANDLE: voice/family-name not set [app:accessibility_probe, profile:default]
10:26:00.465897 - GSETTINGS SCHEMA HANDLE: voice/family-lang not set [app:accessibility_probe, profile:default]
10:26:00.465930 - GSETTINGS SCHEMA HANDLE: voice/family-dialect not set [app:accessibility_probe, profile:default]
10:26:00.465964 - GSETTINGS SCHEMA HANDLE: voice/family-gender not set [app:accessibility_probe, profile:default]
10:26:00.466009 - GSETTINGS SCHEMA HANDLE: voice/family-variant not set [app:accessibility_probe, profile:default]
10:26:00.466099 - SPEECH GENERATOR: None voice requested for [entry: 'Project setting' (0x784b643f73c0)]  language='', dialect='' Unmodified voice={'established': False}
10:26:00.466151 - SPEECH GENERATOR: Reported locale of [entry: 'Project setting' (0x784b643f73c0)]  is 
10:26:00.466174 - SPEECH GENERATOR: Updated to: 'C', ''
10:26:00.466218 - GSETTINGS SCHEMA HANDLE: speech/auto-language-switching not set [app:accessibility_probe, profile:default]
10:26:00.466225 - GSETTINGS REGISTRY: speech/auto-language-switching using default value = True
10:26:00.466237 - SPEECH DISPATCHER: Returning cached result for language='C' dialect='' variant='None'
10:26:00.466288 - SPEECH GENERATOR: Family updated to {'dialect': '', 'lang': 'C', 'name': ''}
10:26:00.466341 - SPEECH GENERATOR: Final voice is {'established': 'False', 'family': "{'dialect': '', 'lang': 'C', 'name': ''}"}
10:26:00.466363 - SPEECH PRESENTER: Adjusting 'seed' from [entry: 'Project setting' (0x784b643f73c0)]  start_offset: 0
10:26:00.466734 - AXHypertext: 0 hyperlinks found in [entry: 'Project setting' (0x784b643f73c0)]  between start: 0 and end: 4
10:26:00.466759 - GSETTINGS SCHEMA HANDLE: speech/speak-numbers-as-digits not set [app:accessibility_probe, profile:default]
10:26:00.466764 - GSETTINGS REGISTRY: speech/speak-numbers-as-digits using default value = False
10:26:00.466937 - GSETTINGS SCHEMA HANDLE: speech/repeated-character-limit not set [app:accessibility_probe, profile:default]
10:26:00.466946 - GSETTINGS REGISTRY: speech/repeated-character-limit using default value = 4
10:26:00.470844 - GSETTINGS SCHEMA HANDLE: speech/use-pronunciation-dictionary not set [app:accessibility_probe, profile:default]
10:26:00.470877 - GSETTINGS REGISTRY: speech/use-pronunciation-dictionary using default value = True
10:26:00.470895 - SPEECH PRESENTER: Adjusted text: 'seed'
10:26:00.470967 - SPEECH GENERATOR: _generate_text_line: [seed, {'established': 'False', 'family': "{'dialect': '', 'lang': 'C', 'name': ''}"}]
10:26:00.471199 - AXText: [entry: 'Project setting' (0x784b643f73c0)]  reports 4 characters.
10:26:00.471400 - AXText: [entry: 'Project setting' (0x784b643f73c0)]  reports 0 selection(s).
10:26:00.471419 - SPEECH GENERATOR: _generate_text_selection: []
10:26:00.471455 - GENERATOR: _generate_state_required: []
10:26:00.471469 - SPEECH GENERATOR: _generate_state_required: []
10:26:00.471500 - GSETTINGS SCHEMA HANDLE: speech/insert-pauses-between-utterances not set [app:accessibility_probe, profile:default]
10:26:00.471506 - GSETTINGS REGISTRY: speech/insert-pauses-between-utterances using default value = True
10:26:00.471522 - GSETTINGS SCHEMA HANDLE: speech/punctuation-level not set [app:accessibility_probe, profile:default]
10:26:00.471526 - GSETTINGS REGISTRY: speech/punctuation-level using default value = 'most'
10:26:00.471550 - GENERATOR: _generate_state_invalid: []
10:26:00.471563 - SPEECH GENERATOR: _generate_state_invalid: []
10:26:00.471577 - GSETTINGS SCHEMA HANDLE: speech/insert-pauses-between-utterances not set [app:accessibility_probe, profile:default]
10:26:00.471581 - GSETTINGS REGISTRY: speech/insert-pauses-between-utterances using default value = True
10:26:00.471592 - GSETTINGS SCHEMA HANDLE: speech/punctuation-level not set [app:accessibility_probe, profile:default]
10:26:00.471595 - GSETTINGS REGISTRY: speech/punctuation-level using default value = 'most'
10:26:00.471765 - GENERATOR: _generate_keyboard_mnemonic: []
10:26:00.471791 - SPEECH GENERATOR: _generate_keyboard_mnemonic: []
10:26:00.471824 - GENERATOR: _generate_state_current: []
10:26:00.471838 - SPEECH GENERATOR: _generate_state_current: []
10:26:00.471852 - SPEECH GENERATOR: _generate_has_click_action: []
10:26:00.471866 - SPEECH GENERATOR: _generate_has_details: []
10:26:00.471879 - SPEECH GENERATOR: _generate_details_for: []
10:26:00.472092 - AXUtilitiesRelation: [entry: 'Project setting' (0x784b643f73c0)]  is described by: []
10:26:00.472110 - GENERATOR: _generate_accessible_description: []
10:26:00.472123 - SPEECH GENERATOR: _generate_accessible_description: []
10:26:00.472147 - SPEECH GENERATOR: _generate_state_has_popup: []
10:26:00.473421 - SPEECH GENERATOR: _generate_tutorial: []
10:26:00.473570 - SPEECH GENERATOR: Results: [Project setting, {'established': 'False', 'family': "{'dialect': '', 'lang': 'C', 'name': ''}"}, entry, {'established': 'False', 'family': '{}'}, seed, {'established': 'False', 'family': "{'dialect': '', 'lang': 'C', 'name': ''}"}, PAUSE, PAUSE]
10:26:00.473692 - SPEECH: Speak [Project setting, {'established': 'False', 'family': "{'dialect': '', 'lang': 'C', 'name': ''}"}, entry, {'established': 'False', 'family': '{}'}, seed, {'established': 'False', 'family': "{'dialect': '', 'lang': 'C', 'name': ''}"}, PAUSE, PAUSE], acss: None
10:26:00.473759 - SPEECH: New voice {'established': 'False'}  != active voice {'established': 'False', 'family': "{'dialect': '', 'lang': 'C', 'name': ''}"}
10:26:00.473772 - SPEECH OUTPUT: 'Project setting' {'established': False, 'family': {'name': '', 'gender': None, 'lang': 'C', 'dialect': '', 'variant': None}}
10:26:00.473777 - SPEECH DISPATCHER: Speaking 'Project setting' as string
10:26:00.474634 - SPEECH DISPATCHER: Speaking '<speak><mark name="0:7"/>Project <mark name="8:15"/>setting</speak>' 
                  ORCA rate 50.0, pitch 5.0, volume 10.0, language C, punctuation: MOST
                  SD rate 2, pitch 10, volume 100, language c
10:26:00.474808 - SPEECH: New voice {'established': 'False', 'family': "{'dialect': '', 'lang': 'C', 'name': ''}"}  != active voice {'established': 'False'}
10:26:00.474818 - SPEECH OUTPUT: 'entry' {'established': False}
10:26:00.474823 - SPEECH DISPATCHER: Speaking 'entry' as string
10:26:00.475553 - SPEECH DISPATCHER: Speaking '<speak><mark name="0:5"/>entry</speak>' 
                  ORCA rate 50.0, pitch 5.0, volume 10.0, language C, punctuation: MOST
                  SD rate 2, pitch 10, volume 100, language c
10:26:00.479447 - SPEECH OUTPUT: 'seed.' {'established': False, 'family': {'name': '', 'gender': None, 'lang': 'C', 'dialect': '', 'variant': None}}
10:26:00.479487 - SPEECH DISPATCHER: Speaking 'seed.' as string
10:26:00.479972 - SPEECH DISPATCHER: Speaking '<speak><mark name="0:5"/>seed.</speak>' 
                  ORCA rate 50.0, pitch 5.0, volume 10.0, language C, punctuation: MOST
                  SD rate 2, pitch 10, volume 100, language c
10:26:00.480340 - GSETTINGS SCHEMA HANDLE: braille/enabled not set [app:accessibility_probe, profile:default]
10:26:00.480363 - GSETTINGS REGISTRY: braille/enabled using default value = True
10:26:00.480444 - FOCUS MANAGER: Active mode: focus-tracking Object of interest: [entry: 'Project setting' (0x784b643f73c0)] 
10:26:00.480467 - GSETTINGS SCHEMA HANDLE: braille/enabled not set [app:accessibility_probe, profile:default]
10:26:00.480472 - GSETTINGS REGISTRY: braille/enabled using default value = True
10:26:00.480492 - GSETTINGS SCHEMA HANDLE: braille/verbosity-level not set [app:accessibility_probe, profile:default]
10:26:00.480498 - GSETTINGS REGISTRY: braille/verbosity-level using default value = 'verbose'
10:26:00.480514 - FOCUS MANAGER: Locus of focus is [entry: 'Project setting' (0x784b643f73c0)] 
10:26:00.480533 - SCRIPT MANAGER: Active script is: accessibility_probe (module=orca.scripts.default)
10:26:00.480552 - GSETTINGS SCHEMA HANDLE: braille/rolename-style not set [app:accessibility_probe, profile:default]
10:26:00.480557 - GSETTINGS REGISTRY: braille/rolename-style using default value = 'verbose'
10:26:00.480577 - GSETTINGS SCHEMA HANDLE: braille/display-ancestors not set [app:accessibility_probe, profile:default]
10:26:00.480584 - GSETTINGS REGISTRY: braille/display-ancestors using default value = True
10:26:00.480599 - GSETTINGS SCHEMA HANDLE: braille/end-of-line-indicator not set [app:accessibility_probe, profile:default]
10:26:00.480603 - GSETTINGS REGISTRY: braille/end-of-line-indicator using default value = True
10:26:00.480613 - GSETTINGS SCHEMA HANDLE: braille/present-mnemonics not set [app:accessibility_probe, profile:default]
10:26:00.480616 - GSETTINGS REGISTRY: braille/present-mnemonics using default value = True
10:26:00.483639 - GENERATOR: _get_functional_role: entry
10:26:00.483763 - BRAILLE GENERATOR: braille_generator.BrailleGenerator._generate_entry for [entry: 'Project setting' (0x784b643f73c0)]  args: {'formatType': 'focused', 'priorObj': "[page tab: 'Settings' (0x784b64404040)] ", 'role': 'entry'}
10:26:00.484015 - AXText: [entry: 'Project setting' (0x784b643f73c0)]  reports 4 characters.
10:26:00.484213 - AXText: [entry: 'Project setting' (0x784b643f73c0)]  reports caret offset of 0.
10:26:00.484450 - AXText: Line at offset 0 in [entry: 'Project setting' (0x784b643f73c0)]  'seed' (0-4)
10:26:00.484504 - AXUtilitiesRelation: [entry: 'Project setting' (0x784b643f73c0)]  flows from: []
10:26:00.484847 - AXUtilities: [scroll pane: 'Settings panel' (0x784b64334e00)]  believed to be layout only: True, has layout-only role
10:26:00.486824 - GENERATOR: _get_functional_role: panel
10:26:00.486951 - BRAILLE GENERATOR: braille_generator.BrailleGenerator._generate_panel for [panel: 'Project sections' (0x784b642d8d00)]  args: {'formatType': 'ancestor', 'includeContext': 'False', 'priorObj': "[page tab: 'Settings' (0x784b64404040)] ", 'role': 'panel'}
10:26:00.486989 - GENERATOR: _generate_text_substring: []
10:26:00.487061 - AXUtilitiesRelation: [panel: 'Project sections' (0x784b642d8d00)]  is labelled by: []
10:26:00.487083 - GENERATOR: _generate_accessible_label: []
10:26:00.487113 - GENERATOR: _generate_accessible_name: [Project sections]
10:26:00.487141 - GENERATOR: _generate_accessible_label_and_name: [Project sections]
10:26:00.488093 - BRAILLE GENERATOR: _generate_accessible_role: [panel]
10:26:00.488114 - BRAILLE: Not contracting 'Project sections panel' because contracted braille is not enabled.
10:26:00.488155 - GENERATOR: _generate_accessible_description: []
10:26:00.488188 - GENERATOR: _generate_state_current: []
10:26:00.488217 - BRAILLE GENERATOR: Results: [COMPONENT: 'Project sections panel', cursor offset:0]
10:26:00.491802 - GENERATOR: _get_functional_role: frame
10:26:00.491988 - BRAILLE GENERATOR: braille_generator.BrailleGenerator._generate_frame for [frame: 'Reactive TUI App accessibility round 1' (0x784b64726b00)]  args: {'formatType': 'ancestor', 'includeContext': 'False', 'priorObj': "[page tab: 'Settings' (0x784b64404040)] ", 'role': 'frame'}
10:26:00.492081 - AXUtilitiesRelation: [frame: 'Reactive TUI App accessibility round 1' (0x784b64726b00)]  is labelled by: []
10:26:00.492117 - GENERATOR: _generate_accessible_label: []
10:26:00.492163 - GENERATOR: _generate_accessible_name: [Reactive TUI App accessibility round 1]
10:26:00.492239 - GENERATOR: _generate_accessible_label_and_name: [Reactive TUI App accessibility round 1]
10:26:00.494657 - BRAILLE GENERATOR: _generate_accessible_role: [frame]
10:26:00.494823 - AXUtilities: Unfocused alerts and dialogs for [frame: 'Reactive TUI App accessibility round 1' (0x784b64726b00)] : []
10:26:00.494858 - BRAILLE GENERATOR: _generate_alert_and_dialog_count: []
10:26:00.494878 - BRAILLE: Not contracting 'Reactive TUI App accessibility round 1 frame' because contracted braille is not enabled.
10:26:00.494923 - GENERATOR: _generate_accessible_description: []
10:26:00.495278 - GENERATOR: _generate_state_current: []
10:26:00.495327 - BRAILLE GENERATOR: Results: [COMPONENT: 'Reactive TUI App accessibility round 1 frame', cursor offset:0]
10:26:00.497872 - GENERATOR: _get_functional_role: application
10:26:00.497941 - BRAILLE GENERATOR: [application: 'accessibility_probe' (0x784b64409b80)]  lacks dedicated generator
10:26:00.498076 - BRAILLE GENERATOR: braille_generator.BrailleGenerator._generate_default_presentation for [application: 'accessibility_probe' (0x784b64409b80)]  args: {'formatType': 'ancestor', 'includeContext': 'False', 'priorObj': "[page tab: 'Settings' (0x784b64404040)] ", 'role': 'application'}
10:26:00.498175 - AXUtilitiesRelation: [application: 'accessibility_probe' (0x784b64409b80)]  is labelled by: []
10:26:00.498209 - GENERATOR: _generate_accessible_label: []
10:26:00.498253 - GENERATOR: _generate_accessible_name: [accessibility_probe]
10:26:00.498293 - GENERATOR: _generate_accessible_label_and_name: [accessibility_probe]
10:26:00.500222 - BRAILLE GENERATOR: _generate_accessible_role: [application]
10:26:00.500257 - BRAILLE: Not contracting 'accessibility_probe application' because contracted braille is not enabled.
10:26:00.500297 - BRAILLE GENERATOR: Results: [COMPONENT: 'accessibility_probe application', cursor offset:0]
10:26:00.500378 - BRAILLE GENERATOR: _generate_ancestors: [COMPONENT: 'accessibility_probe application', cursor offset:0, REGION: ' ', cursor offset:0, COMPONENT: 'Reactive TUI App accessibility round 1 frame', cursor offset:0, REGION: ' ', cursor offset:0, COMPONENT: 'Project sections panel', cursor offset:0]
10:26:00.500447 - AXUtilitiesRelation: [entry: 'Project setting' (0x784b643f73c0)]  is labelled by: []
10:26:00.500478 - GENERATOR: _generate_accessible_label: []
10:26:00.500520 - GENERATOR: _generate_accessible_name: [Project setting]
10:26:00.500561 - GENERATOR: _generate_accessible_label_and_name: [Project setting]
10:26:00.500622 - BRAILLE GENERATOR: _generate_eol: [ $l]
10:26:00.501020 - GENERATOR: _generate_keyboard_mnemonic: []
10:26:00.501080 - BRAILLE: Creating text region for [entry: 'Project setting' (0x784b643f73c0)]  label:'Project setting', offsets: None-None, caret: None
10:26:00.501519 - AXText: [entry: 'Project setting' (0x784b643f73c0)]  reports caret offset of 0.
10:26:00.501967 - AXText: [entry: 'Project setting' (0x784b643f73c0)]  reports 4 characters.
10:26:00.503719 - AXText: Line at offset 0 in [entry: 'Project setting' (0x784b643f73c0)]  'seed' (0-4)
10:26:00.503771 - BRAILLE: Not contracting 'Project setting seed' because contracted braille is not enabled.
10:26:00.503827 - GENERATOR: _generate_state_invalid: []
10:26:00.503893 - GENERATOR: _generate_state_required: []
10:26:00.503951 - GENERATOR: _generate_state_read_only: []
10:26:00.504000 - GENERATOR: _generate_accessible_description: []
10:26:00.504048 - GENERATOR: _generate_state_current: []
10:26:00.504132 - BRAILLE GENERATOR: Results: [COMPONENT: 'accessibility_probe application', cursor offset:0, REGION: ' ', cursor offset:0, COMPONENT: 'Reactive TUI App accessibility round 1 frame', cursor offset:0, REGION: ' ', cursor offset:0, COMPONENT: 'Project sections panel', cursor offset:0, REGION: ' ', cursor offset:0, TEXT: 'Project setting seed $l', cursor offset:16 start offset:0, line offset:0]
10:26:00.504656 - AXText: [entry: 'Project setting' (0x784b643f73c0)]  reports 4 characters.
10:26:00.505062 - AXText: Text of [entry: 'Project setting' (0x784b643f73c0)]  'seed'
10:26:00.505109 - SCRIPT MANAGER: Active script is: accessibility_probe (module=orca.scripts.default)
10:26:00.505160 - AXHypertext: 0 hyperlinks found in [entry: 'Project setting' (0x784b643f73c0)] 
10:26:00.505552 - AXText: [entry: 'Project setting' (0x784b643f73c0)]  reports 0 selection(s).
10:26:00.505617 - BRAILLE: Refresh. Pan: True target: 0
10:26:00.505636 - BRAILLE: Kill flash message braille.display_line:1618 > braille.refresh:2097 > braille._prepare_refresh:1856 > braille.kill_flash:2182
10:26:00.506534 - GSETTINGS SCHEMA HANDLE: braille/enabled not set [app:accessibility_probe, profile:default]
10:26:00.506557 - GSETTINGS REGISTRY: braille/enabled using default value = True
10:26:00.506601 - BRAILLE: Last text object: None (Caret: 0, Line: 0, Cell: 0)
10:26:00.506664 - BRAILLE: Current text object: [entry: 'Project setting' (0x784b643f73c0)]  (Caret: 0, Line: 0). On same line: False
10:26:00.506686 - BRAILLE: Line 0: 'accessibility_probe application Reactive TUI App accessibility round 1 frame Project sections panel Project setting seed $l' focusOffset: 100 [[0, 32], [32, 63], [63, 94], [94, 100], [100, 123]]
10:26:00.506703 - BRAILLE: Cursor offset in line string is: 116
10:26:00.506718 - BRAILLE: Adjusting offset to 100 (unhandled condition)
10:26:00.506730 - BRAILLE: Current range: (100, 132). Target cell: 0
10:26:00.506743 - BRAILLE LINE:  'accessibility_probe application Reactive TUI App accessibility round 1 frame Project sections panel Project setting seed $l'
10:26:00.506755 -      VISIBLE:  'Project setting seed $l', cursor=17
10:26:00.506786 - BRAILLE: Enabling braille. BrlAPI running: False
10:26:00.506797 - BRAILLE: Need to initialize first.
10:26:00.506828 - BRAILLE: Initializing. Callback: input_event_manager.InputEventManager.process_braille_event
10:26:00.506864 - BRAILLE: WINDOWPATH= None
10:26:00.506894 - BRAILLE: XDG_VTNR= 1
10:26:00.506934 - BRAILLE: Attempting connection with BrlAPI.
10:26:00.507377 - BRAILLE: BrlAPI Connection is unavailable (ConnectionError): couldn't connect to b':0' with key b'keyfile:/etc/brlapi.key+polkit': connect: No such file or directory
                  (brlerrno 11, libcerrno 2, gaierrno 0)
                  Is BRLTTY really running?
10:26:00.509571 - AXTable: Setting last cell coordinates to row=-1, column=-1
10:26:00.509892 - AXText: [entry: 'Project setting' (0x784b643f73c0)]  reports caret offset of 4.
10:26:00.509914 - FOCUS MANAGER: Setting last cursor position to [entry: 'Project setting' (0x784b643f73c0)]  4
10:26:00.510167 - AXText: [entry: 'Project setting' (0x784b643f73c0)]  reports 0 selection(s).
10:26:00.510304 - FOCUS MANAGER: Active window is [frame: 'Reactive TUI App accessibility round 1' (0x784b64726b00)]  focus_manager.set_locus_of_focus:327 > focus_manager._save_object_details:254 > ax_utilities_event.save_object_info_for_events:195 > focus_manager.get_active_window:342
TOTAL PROCESSING TIME: 0.0929
^^^^^ FINISHED PRIORITY-3 OBJECT EVENT OBJECT:STATE-CHANGED:FOCUSED ^^^^^

10:26:00.511744 - GSETTINGS SCHEMA HANDLE: keybindings/keyboard-layout not set [app:accessibility_probe, profile:default]
10:26:00.511776 - GSETTINGS REGISTRY: keybindings/keyboard-layout using default value = 'desktop'
10:26:00.511820 - GSETTINGS SCHEMA HANDLE: keybindings/desktop-modifier-keys not set [app:accessibility_probe, profile:default]
10:26:00.511849 - GSETTINGS REGISTRY: keybindings/desktop-modifier-keys using default value = ['Insert', 'KP_Insert']
10:26:00.511903 - FOCUS MANAGER: Active window is [frame: 'Reactive TUI App accessibility round 1' (0x784b64726b00)]  <unknown>.<module>:373 > input_event_manager._on_key_pressed:261 > input_event_manager.process_keyboard_event:297 > focus_manager.get_active_window:342
10:26:00.512429 - AXObject: Clearing AT-SPI cache on [frame: 'Reactive TUI App accessibility round 1' (0x784b64726b00)]  Recursive: False.  Reason: Checking if window can be the active window

10:26:00.513200 - EVENT MANAGER: object:text-caret-moved for [terminal: 'Terminal' (0x784b644c3900)]  in org.gnome.Terminal (gtk 3.24.52) (69, 0, 0)
10:26:00.513264 - FOCUS MANAGER: Locus of focus is [entry: 'Project setting' (0x784b643f73c0)] 
10:26:00.513430 - EVENT_MANAGER: Not ignoring object:text-caret-moved due to source being focused
10:26:00.513517 - EVENT MANAGER: Queueing object:text-caret-moved for [terminal: 'Terminal' (0x784b644c3900)]  in org.gnome.Terminal (gtk 3.24.52) (69, 0, 0)
10:26:00.513560 - EVENT MANAGER: App for event source is [application: 'org.gnome.Terminal' (0x784b644b87c0)] 
10:26:00.513608 - SCRIPT MANAGER: Getting script for [application: 'org.gnome.Terminal' (0x784b644b87c0)]  [terminal: 'Terminal' (0x784b644c3900)] 
10:26:00.513665 - SCRIPT MANAGER: Script is custom script org.gnome.Terminal (module=orca.scripts.terminal.script)
10:26:00.513757 - EVENT MANAGER: object:text-caret-moved for [terminal: 'Terminal' (0x784b644c3900)]  in org.gnome.Terminal (gtk 3.24.52) (69, 0, 0) has priority level: 4
10:26:00.513850 - EVENT MANAGER: Queued object:text-caret-moved for [terminal: 'Terminal' (0x784b644c3900)]  in org.gnome.Terminal (gtk 3.24.52) (69, 0, 0) priority: 4, counter: 58
10:26:00.517155 - AXUtilities: [frame: 'Reactive TUI App accessibility round 1' (0x784b64726b00)]  from [application: 'accessibility_probe' (0x784b64409b80)]  can be active window
10:26:00.517525 - FOCUS MANAGER: Locus of focus is [entry: 'Project setting' (0x784b643f73c0)] 
10:26:00.517812 - SCRIPT MANAGER: Active script is: accessibility_probe (module=orca.scripts.default)
10:26:00.518289 - GSETTINGS SCHEMA HANDLE: keybindings/keyboard-layout not set [app:accessibility_probe, profile:default]
10:26:00.518317 - GSETTINGS REGISTRY: keybindings/keyboard-layout using default value = 'desktop'
10:26:00.518335 - GSETTINGS SCHEMA HANDLE: keybindings/desktop-modifier-keys not set [app:accessibility_probe, profile:default]
10:26:00.518341 - GSETTINGS REGISTRY: keybindings/desktop-modifier-keys using default value = ['Insert', 'KP_Insert']

KEYBOARD_EVENT:  type=ATSPI_KEY_PRESSED_EVENT
                 id=65367
                 hw_code=115
                 modifiers=0
                 text=''
                 keyval_name='End'
                 timestamp=1789050360.5116603
                 clickCount=1

vvvvv PROCESS ATSPI_KEY_PRESSED_EVENT: 'End' (115) vvvvv
10:26:00.518393 - SCRIPT: accessibility_probe (module=orca.scripts.default)
10:26:00.518410 - WINDOW: [frame: 'Reactive TUI App accessibility round 1' (0x784b64726b00)] 
10:26:00.518423 - LOCATION: [entry: 'Project setting' (0x784b643f73c0)] 
10:26:00.518458 - GSETTINGS SCHEMA HANDLE: keybindings/keyboard-layout not set [app:accessibility_probe, profile:default]
10:26:00.518463 - GSETTINGS REGISTRY: keybindings/keyboard-layout using default value = 'desktop'
10:26:00.518474 - GSETTINGS SCHEMA HANDLE: keybindings/desktop-modifier-keys not set [app:accessibility_probe, profile:default]
10:26:00.518478 - GSETTINGS REGISTRY: keybindings/desktop-modifier-keys using default value = ['Insert', 'KP_Insert']
10:26:00.518488 - PRESENTATION MANAGER: Interrupting presentation
10:26:00.518519 - SPEECH MANAGER: interrupt_speech. Script: None Event: None notify_user: False
10:26:00.518794 - SPEECH MANAGER: Speech server is <orca.speechdispatcherfactory.SpeechServer object at 0x784b644a96a0>
10:26:00.518975 - BRAILLE: Kill flash message input_event._present:603 > presentation_manager.interrupt_presentation:88 > braille_presenter.kill_flash:1829 > braille.kill_flash:2182
10:26:00.519342 - TYPING ECHO PRESENTER: should_echo_keyboard_event: 'end'?
10:26:00.519377 - GSETTINGS SCHEMA HANDLE: keybindings/keyboard-layout not set [app:accessibility_probe, profile:default]
10:26:00.519384 - GSETTINGS REGISTRY: keybindings/keyboard-layout using default value = 'desktop'
10:26:00.519398 - GSETTINGS SCHEMA HANDLE: keybindings/desktop-modifier-keys not set [app:accessibility_probe, profile:default]
10:26:00.519402 - GSETTINGS REGISTRY: keybindings/desktop-modifier-keys using default value = ['Insert', 'KP_Insert']
10:26:00.519421 - GSETTINGS SCHEMA HANDLE: typing-echo/character-echo not set [app:accessibility_probe, profile:default]
10:26:00.519425 - GSETTINGS REGISTRY: typing-echo/character-echo using default value = False
10:26:00.519438 - GSETTINGS SCHEMA HANDLE: keybindings/keyboard-layout not set [app:accessibility_probe, profile:default]
10:26:00.519442 - GSETTINGS REGISTRY: keybindings/keyboard-layout using default value = 'desktop'
10:26:00.519451 - GSETTINGS SCHEMA HANDLE: keybindings/desktop-modifier-keys not set [app:accessibility_probe, profile:default]
10:26:00.519455 - GSETTINGS REGISTRY: keybindings/desktop-modifier-keys using default value = ['Insert', 'KP_Insert']
10:26:00.519470 - GSETTINGS SCHEMA HANDLE: typing-echo/key-echo not set [app:accessibility_probe, profile:default]
10:26:00.519474 - GSETTINGS REGISTRY: typing-echo/key-echo using default value = True
10:26:00.519495 - GSETTINGS SCHEMA HANDLE: typing-echo/navigation-keys not set [app:accessibility_probe, profile:default]
10:26:00.519500 - GSETTINGS REGISTRY: typing-echo/navigation-keys using default value = False
10:26:00.519505 - TYPING ECHO PRESENTER: Echoing navigation keyboard event: False.
10:26:00.519513 - TOTAL PROCESSING TIME: 0.0012
^^^^^ PROCESS ATSPI_KEY_PRESSED_EVENT: 'End' (115) ^^^^^

10:26:00.519535 - GSETTINGS SCHEMA HANDLE: keybindings/keyboard-layout not set [app:accessibility_probe, profile:default]
10:26:00.519539 - GSETTINGS REGISTRY: keybindings/keyboard-layout using default value = 'desktop'
10:26:00.519549 - GSETTINGS SCHEMA HANDLE: keybindings/desktop-modifier-keys not set [app:accessibility_probe, profile:default]
10:26:00.519553 - GSETTINGS REGISTRY: keybindings/desktop-modifier-keys using default value = ['Insert', 'KP_Insert']
10:26:00.519720 - GSETTINGS SCHEMA HANDLE: keybindings/keyboard-layout not set [app:accessibility_probe, profile:default]
10:26:00.519744 - GSETTINGS REGISTRY: keybindings/keyboard-layout using default value = 'desktop'
10:26:00.519782 - GSETTINGS SCHEMA HANDLE: keybindings/desktop-modifier-keys not set [app:accessibility_probe, profile:default]
10:26:00.519797 - GSETTINGS REGISTRY: keybindings/desktop-modifier-keys using default value = ['Insert', 'KP_Insert']
10:26:00.520628 - GSETTINGS SCHEMA HANDLE: keybindings/keyboard-layout not set [app:accessibility_probe, profile:default]
10:26:00.520649 - GSETTINGS REGISTRY: keybindings/keyboard-layout using default value = 'desktop'
10:26:00.520686 - GSETTINGS SCHEMA HANDLE: keybindings/desktop-modifier-keys not set [app:accessibility_probe, profile:default]
10:26:00.520699 - GSETTINGS REGISTRY: keybindings/desktop-modifier-keys using default value = ['Insert', 'KP_Insert']

KEYBOARD_EVENT:  type=ATSPI_KEY_RELEASED_EVENT
                 id=65367
                 hw_code=115
                 modifiers=0
                 text=''
                 keyval_name='End'
                 timestamp=1789050360.5196745
                 clickCount=1

vvvvv PROCESS ATSPI_KEY_RELEASED_EVENT: 'End' (115) vvvvv
10:26:00.520774 - SCRIPT: accessibility_probe (module=orca.scripts.default)
10:26:00.520809 - WINDOW: [frame: 'Reactive TUI App accessibility round 1' (0x784b64726b00)] 
10:26:00.520841 - LOCATION: [entry: 'Project setting' (0x784b643f73c0)] 
10:26:00.520890 - GSETTINGS SCHEMA HANDLE: keybindings/keyboard-layout not set [app:accessibility_probe, profile:default]
10:26:00.520909 - GSETTINGS REGISTRY: keybindings/keyboard-layout using default value = 'desktop'
10:26:00.520943 - GSETTINGS SCHEMA HANDLE: keybindings/desktop-modifier-keys not set [app:accessibility_probe, profile:default]
10:26:00.520956 - GSETTINGS REGISTRY: keybindings/desktop-modifier-keys using default value = ['Insert', 'KP_Insert']
10:26:00.520989 - TOTAL PROCESSING TIME: 0.0003
^^^^^ PROCESS ATSPI_KEY_RELEASED_EVENT: 'End' (115) ^^^^^

10:26:00.521045 - GSETTINGS SCHEMA HANDLE: keybindings/keyboard-layout not set [app:accessibility_probe, profile:default]
10:26:00.521058 - GSETTINGS REGISTRY: keybindings/keyboard-layout using default value = 'desktop'
10:26:00.521089 - GSETTINGS SCHEMA HANDLE: keybindings/desktop-modifier-keys not set [app:accessibility_probe, profile:default]
10:26:00.521101 - GSETTINGS REGISTRY: keybindings/desktop-modifier-keys using default value = ['Insert', 'KP_Insert']
10:26:00.521311 - GSETTINGS SCHEMA HANDLE: keybindings/keyboard-layout not set [app:accessibility_probe, profile:default]
10:26:00.521326 - GSETTINGS REGISTRY: keybindings/keyboard-layout using default value = 'desktop'
10:26:00.521357 - GSETTINGS SCHEMA HANDLE: keybindings/desktop-modifier-keys not set [app:accessibility_probe, profile:default]
10:26:00.521369 - GSETTINGS REGISTRY: keybindings/desktop-modifier-keys using default value = ['Insert', 'KP_Insert']
10:26:00.521403 - FOCUS MANAGER: Active window is [frame: 'Reactive TUI App accessibility round 1' (0x784b64726b00)]  <unknown>.<module>:373 > input_event_manager._on_key_pressed:261 > input_event_manager.process_keyboard_event:297 > focus_manager.get_active_window:342
10:26:00.521814 - AXObject: Clearing AT-SPI cache on [frame: 'Reactive TUI App accessibility round 1' (0x784b64726b00)]  Recursive: False.  Reason: Checking if window can be the active window
10:26:00.525251 - AXUtilities: [frame: 'Reactive TUI App accessibility round 1' (0x784b64726b00)]  from [application: 'accessibility_probe' (0x784b64409b80)]  can be active window
10:26:00.525450 - FOCUS MANAGER: Locus of focus is [entry: 'Project setting' (0x784b643f73c0)] 
10:26:00.525592 - SCRIPT MANAGER: Active script is: accessibility_probe (module=orca.scripts.default)
10:26:00.525749 - GSETTINGS SCHEMA HANDLE: keybindings/keyboard-layout not set [app:accessibility_probe, profile:default]
10:26:00.525758 - GSETTINGS REGISTRY: keybindings/keyboard-layout using default value = 'desktop'
10:26:00.525772 - GSETTINGS SCHEMA HANDLE: keybindings/desktop-modifier-keys not set [app:accessibility_probe, profile:default]
10:26:00.525777 - GSETTINGS REGISTRY: keybindings/desktop-modifier-keys using default value = ['Insert', 'KP_Insert']

KEYBOARD_EVENT:  type=ATSPI_KEY_PRESSED_EVENT
                 id=120
                 hw_code=53
                 modifiers=0
                 text='x'
                 keyval_name='x'
                 timestamp=1789050360.521282
                 clickCount=1

vvvvv PROCESS ATSPI_KEY_PRESSED_EVENT: 'x' (53) vvvvv
10:26:00.525813 - SCRIPT: accessibility_probe (module=orca.scripts.default)
10:26:00.525827 - WINDOW: [frame: 'Reactive TUI App accessibility round 1' (0x784b64726b00)] 
10:26:00.525838 - LOCATION: [entry: 'Project setting' (0x784b643f73c0)] 
10:26:00.525860 - GSETTINGS SCHEMA HANDLE: keybindings/keyboard-layout not set [app:accessibility_probe, profile:default]
10:26:00.525864 - GSETTINGS REGISTRY: keybindings/keyboard-layout using default value = 'desktop'
10:26:00.525876 - GSETTINGS SCHEMA HANDLE: keybindings/desktop-modifier-keys not set [app:accessibility_probe, profile:default]
10:26:00.525880 - GSETTINGS REGISTRY: keybindings/desktop-modifier-keys using default value = ['Insert', 'KP_Insert']
10:26:00.525885 - PRESENTATION MANAGER: Interrupting presentation
10:26:00.525914 - SPEECH MANAGER: interrupt_speech. Script: None Event: None notify_user: False
10:26:00.526144 - SPEECH MANAGER: Speech server is <orca.speechdispatcherfactory.SpeechServer object at 0x784b644a96a0>
10:26:00.526192 - BRAILLE: Kill flash message input_event._present:603 > presentation_manager.interrupt_presentation:88 > braille_presenter.kill_flash:1829 > braille.kill_flash:2182
10:26:00.526508 - TYPING ECHO PRESENTER: should_echo_keyboard_event: 'x'?
10:26:00.526533 - GSETTINGS SCHEMA HANDLE: keybindings/keyboard-layout not set [app:accessibility_probe, profile:default]
10:26:00.526539 - GSETTINGS REGISTRY: keybindings/keyboard-layout using default value = 'desktop'
10:26:00.526552 - GSETTINGS SCHEMA HANDLE: keybindings/desktop-modifier-keys not set [app:accessibility_probe, profile:default]
10:26:00.526557 - GSETTINGS REGISTRY: keybindings/desktop-modifier-keys using default value = ['Insert', 'KP_Insert']
10:26:00.526572 - GSETTINGS SCHEMA HANDLE: typing-echo/character-echo not set [app:accessibility_probe, profile:default]
10:26:00.526576 - GSETTINGS REGISTRY: typing-echo/character-echo using default value = False
10:26:00.526588 - GSETTINGS SCHEMA HANDLE: keybindings/keyboard-layout not set [app:accessibility_probe, profile:default]
10:26:00.526592 - GSETTINGS REGISTRY: keybindings/keyboard-layout using default value = 'desktop'
10:26:00.526601 - GSETTINGS SCHEMA HANDLE: keybindings/desktop-modifier-keys not set [app:accessibility_probe, profile:default]
10:26:00.526605 - GSETTINGS REGISTRY: keybindings/desktop-modifier-keys using default value = ['Insert', 'KP_Insert']
10:26:00.526619 - GSETTINGS SCHEMA HANDLE: typing-echo/key-echo not set [app:accessibility_probe, profile:default]
10:26:00.526623 - GSETTINGS REGISTRY: typing-echo/key-echo using default value = True
10:26:00.526674 - GSETTINGS SCHEMA HANDLE: keybindings/keyboard-layout not set [app:accessibility_probe, profile:default]
10:26:00.526679 - GSETTINGS REGISTRY: keybindings/keyboard-layout using default value = 'desktop'
10:26:00.526691 - GSETTINGS SCHEMA HANDLE: keybindings/desktop-modifier-keys not set [app:accessibility_probe, profile:default]
10:26:00.526695 - GSETTINGS REGISTRY: keybindings/desktop-modifier-keys using default value = ['Insert', 'KP_Insert']
10:26:00.526837 - GSETTINGS SCHEMA HANDLE: typing-echo/alphabetic-keys not set [app:accessibility_probe, profile:default]
10:26:00.526843 - GSETTINGS REGISTRY: typing-echo/alphabetic-keys using default value = True
10:26:00.526849 - TYPING ECHO PRESENTER: Echoing alphabetic keyboard event: True.
10:26:00.526868 - GSETTINGS SCHEMA HANDLE: keybindings/keyboard-layout not set [app:accessibility_probe, profile:default]
10:26:00.526873 - GSETTINGS REGISTRY: keybindings/keyboard-layout using default value = 'desktop'
10:26:00.526885 - GSETTINGS SCHEMA HANDLE: keybindings/desktop-modifier-keys not set [app:accessibility_probe, profile:default]
10:26:00.526889 - GSETTINGS REGISTRY: keybindings/desktop-modifier-keys using default value = ['Insert', 'KP_Insert']
10:26:00.526917 - SCRIPT MANAGER: Active script is: accessibility_probe (module=orca.scripts.default)
10:26:00.526945 - FOCUS MANAGER: Active mode: focus-tracking Object of interest: [entry: 'Project setting' (0x784b643f73c0)] 
10:26:00.526963 - GSETTINGS SCHEMA HANDLE: speech/enable not set [app:accessibility_probe, profile:default]
10:26:00.526967 - GSETTINGS REGISTRY: speech/enable using default value = True
10:26:00.526983 - GSETTINGS SCHEMA HANDLE: speech/verbosity-level not set [app:accessibility_probe, profile:default]
10:26:00.526989 - GSETTINGS REGISTRY: speech/verbosity-level using default value = 'verbose'
10:26:00.527003 - FOCUS MANAGER: Locus of focus is [entry: 'Project setting' (0x784b643f73c0)] 
10:26:00.527017 - SCRIPT MANAGER: Active script is: accessibility_probe (module=orca.scripts.default)
10:26:00.527032 - GSETTINGS SCHEMA HANDLE: speech/only-speak-displayed-text not set [app:accessibility_probe, profile:default]
10:26:00.527035 - GSETTINGS REGISTRY: speech/only-speak-displayed-text using default value = False
10:26:00.527046 - GSETTINGS SCHEMA HANDLE: speech/speak-description not set [app:accessibility_probe, profile:default]
10:26:00.527049 - GSETTINGS REGISTRY: speech/speak-description using default value = True
10:26:00.527059 - GSETTINGS SCHEMA HANDLE: speech/speak-tutorial-messages not set [app:accessibility_probe, profile:default]
10:26:00.527064 - GSETTINGS REGISTRY: speech/speak-tutorial-messages using default value = True
10:26:00.527074 - GSETTINGS SCHEMA HANDLE: speech/speak-position-in-set not set [app:accessibility_probe, profile:default]
10:26:00.527077 - GSETTINGS REGISTRY: speech/speak-position-in-set using default value = False
10:26:00.527086 - GSETTINGS SCHEMA HANDLE: speech/speak-widget-mnemonic not set [app:accessibility_probe, profile:default]
10:26:00.527089 - GSETTINGS REGISTRY: speech/speak-widget-mnemonic using default value = True
10:26:00.527098 - GSETTINGS SCHEMA HANDLE: speech/speak-blank-lines not set [app:accessibility_probe, profile:default]
10:26:00.527101 - GSETTINGS REGISTRY: speech/speak-blank-lines using default value = True
10:26:00.527111 - GSETTINGS SCHEMA HANDLE: speech/speak-indentation-and-justification not set [app:accessibility_probe, profile:default]
10:26:00.527114 - GSETTINGS REGISTRY: speech/speak-indentation-and-justification using default value = False
10:26:00.527124 - GSETTINGS SCHEMA HANDLE: speech/announce-cell-headers not set [app:accessibility_probe, profile:default]
10:26:00.527127 - GSETTINGS REGISTRY: speech/announce-cell-headers using default value = True
10:26:00.527136 - GSETTINGS SCHEMA HANDLE: speech/announce-cell-coordinates not set [app:accessibility_probe, profile:default]
10:26:00.527140 - GSETTINGS REGISTRY: speech/announce-cell-coordinates using default value = True
10:26:00.527149 - GSETTINGS SCHEMA HANDLE: speech/announce-spreadsheet-cell-coordinates not set [app:accessibility_probe, profile:default]
10:26:00.527152 - GSETTINGS REGISTRY: speech/announce-spreadsheet-cell-coordinates using default value = True
10:26:00.527161 - GSETTINGS SCHEMA HANDLE: speech/announce-blockquote not set [app:accessibility_probe, profile:default]
10:26:00.527165 - GSETTINGS REGISTRY: speech/announce-blockquote using default value = True
10:26:00.527173 - GSETTINGS SCHEMA HANDLE: speech/announce-form not set [app:accessibility_probe, profile:default]
10:26:00.527177 - GSETTINGS REGISTRY: speech/announce-form using default value = True
10:26:00.527185 - GSETTINGS SCHEMA HANDLE: speech/announce-landmark not set [app:accessibility_probe, profile:default]
10:26:00.527188 - GSETTINGS REGISTRY: speech/announce-landmark using default value = True
10:26:00.527197 - GSETTINGS SCHEMA HANDLE: speech/announce-list not set [app:accessibility_probe, profile:default]
10:26:00.527201 - GSETTINGS REGISTRY: speech/announce-list using default value = True
10:26:00.527209 - GSETTINGS SCHEMA HANDLE: speech/announce-grouping not set [app:accessibility_probe, profile:default]
10:26:00.527213 - GSETTINGS REGISTRY: speech/announce-grouping using default value = True
10:26:00.527221 - GSETTINGS SCHEMA HANDLE: speech/announce-table not set [app:accessibility_probe, profile:default]
10:26:00.527224 - GSETTINGS REGISTRY: speech/announce-table using default value = True
10:26:00.527248 - GSETTINGS SCHEMA HANDLE: voice/established not set [app:accessibility_probe, profile:default]
10:26:00.527261 - GSETTINGS SCHEMA HANDLE: voice/rate not set [app:accessibility_probe, profile:default]
10:26:00.527272 - GSETTINGS SCHEMA HANDLE: voice/pitch not set [app:accessibility_probe, profile:default]
10:26:00.527284 - GSETTINGS SCHEMA HANDLE: voice/volume not set [app:accessibility_probe, profile:default]
10:26:00.527296 - GSETTINGS SCHEMA HANDLE: voice/family-name not set [app:accessibility_probe, profile:default]
10:26:00.527306 - GSETTINGS SCHEMA HANDLE: voice/family-lang not set [app:accessibility_probe, profile:default]
10:26:00.527316 - GSETTINGS SCHEMA HANDLE: voice/family-dialect not set [app:accessibility_probe, profile:default]
10:26:00.527327 - GSETTINGS SCHEMA HANDLE: voice/family-gender not set [app:accessibility_probe, profile:default]
10:26:00.527336 - GSETTINGS SCHEMA HANDLE: voice/family-variant not set [app:accessibility_probe, profile:default]
10:26:00.527363 - SPEECH GENERATOR: None voice requested for None language='', dialect='' Unmodified voice={'established': False}
10:26:00.527386 - SPEECH GENERATOR: Reported locale of None is 
10:26:00.527405 - SPEECH GENERATOR: Updated to: 'C', ''
10:26:00.527422 - GSETTINGS SCHEMA HANDLE: speech/auto-language-switching not set [app:accessibility_probe, profile:default]
10:26:00.527426 - GSETTINGS REGISTRY: speech/auto-language-switching using default value = True
10:26:00.527435 - SPEECH DISPATCHER: Returning cached result for language='C' dialect='' variant='None'
10:26:00.527478 - SPEECH GENERATOR: Family updated to {'dialect': '', 'lang': 'C', 'name': ''}
10:26:00.527520 - SPEECH GENERATOR: Final voice is {'established': 'False', 'family': "{'dialect': '', 'lang': 'C', 'name': ''}"}
10:26:00.527578 - SPEECH OUTPUT: 'x' {'established': 'False', 'family': "{'dialect': '', 'gender': 'None', 'lang': 'C', 'name': '', 'variant': 'None'}"}
10:26:00.527727 - FOCUS MANAGER: Locus of focus is [entry: 'Project setting' (0x784b643f73c0)] 
10:26:00.527975 - SPEECH DISPATCHER: Speaking 'x' as char
10:26:00.528069 - TOTAL PROCESSING TIME: 0.0023
^^^^^ PROCESS ATSPI_KEY_PRESSED_EVENT: 'x' (53) ^^^^^

10:26:00.528120 - GSETTINGS SCHEMA HANDLE: keybindings/keyboard-layout not set [app:accessibility_probe, profile:default]
10:26:00.528129 - GSETTINGS REGISTRY: keybindings/keyboard-layout using default value = 'desktop'
10:26:00.528144 - GSETTINGS SCHEMA HANDLE: keybindings/desktop-modifier-keys not set [app:accessibility_probe, profile:default]
10:26:00.528150 - GSETTINGS REGISTRY: keybindings/desktop-modifier-keys using default value = ['Insert', 'KP_Insert']
10:26:00.528218 - GSETTINGS SCHEMA HANDLE: keybindings/keyboard-layout not set [app:accessibility_probe, profile:default]
10:26:00.528224 - GSETTINGS REGISTRY: keybindings/keyboard-layout using default value = 'desktop'
10:26:00.528237 - GSETTINGS SCHEMA HANDLE: keybindings/desktop-modifier-keys not set [app:accessibility_probe, profile:default]
10:26:00.528242 - GSETTINGS REGISTRY: keybindings/desktop-modifier-keys using default value = ['Insert', 'KP_Insert']
10:26:00.528681 - GSETTINGS SCHEMA HANDLE: keybindings/keyboard-layout not set [app:accessibility_probe, profile:default]
10:26:00.528688 - GSETTINGS REGISTRY: keybindings/keyboard-layout using default value = 'desktop'
10:26:00.528700 - GSETTINGS SCHEMA HANDLE: keybindings/desktop-modifier-keys not set [app:accessibility_probe, profile:default]
10:26:00.528705 - GSETTINGS REGISTRY: keybindings/desktop-modifier-keys using default value = ['Insert', 'KP_Insert']

KEYBOARD_EVENT:  type=ATSPI_KEY_RELEASED_EVENT
                 id=120
                 hw_code=53
                 modifiers=0
                 text='x'
                 keyval_name='x'
                 timestamp=1789050360.528204
                 clickCount=1

vvvvv PROCESS ATSPI_KEY_RELEASED_EVENT: 'x' (53) vvvvv
10:26:00.528745 - SCRIPT: accessibility_probe (module=orca.scripts.default)
10:26:00.528762 - WINDOW: [frame: 'Reactive TUI App accessibility round 1' (0x784b64726b00)] 
10:26:00.528775 - LOCATION: [entry: 'Project setting' (0x784b643f73c0)] 
10:26:00.528795 - GSETTINGS SCHEMA HANDLE: keybindings/keyboard-layout not set [app:accessibility_probe, profile:default]
10:26:00.528800 - GSETTINGS REGISTRY: keybindings/keyboard-layout using default value = 'desktop'
10:26:00.528811 - GSETTINGS SCHEMA HANDLE: keybindings/desktop-modifier-keys not set [app:accessibility_probe, profile:default]
10:26:00.528816 - GSETTINGS REGISTRY: keybindings/desktop-modifier-keys using default value = ['Insert', 'KP_Insert']
10:26:00.528827 - TOTAL PROCESSING TIME: 0.0001
^^^^^ PROCESS ATSPI_KEY_RELEASED_EVENT: 'x' (53) ^^^^^

10:26:00.528849 - GSETTINGS SCHEMA HANDLE: keybindings/keyboard-layout not set [app:accessibility_probe, profile:default]
10:26:00.528854 - GSETTINGS REGISTRY: keybindings/keyboard-layout using default value = 'desktop'
10:26:00.528864 - GSETTINGS SCHEMA HANDLE: keybindings/desktop-modifier-keys not set [app:accessibility_probe, profile:default]
10:26:00.528868 - GSETTINGS REGISTRY: keybindings/desktop-modifier-keys using default value = ['Insert', 'KP_Insert']
10:26:00.528986 - EVENT MANAGER: Dequeueing object:state-changed:focused for [page tab: 'Settings' (0x784b64404040)]  in accessibility_probe (AccessKit) (0, 0, 0)
10:26:00.529029 - EVENT MANAGER: Dequeued object:state-changed:focused for [page tab: 'Settings' (0x784b64404040)]  in accessibility_probe (AccessKit) (0, 0, 0) priority: 3, counter: 57

vvvvv START PRIORITY-3 OBJECT EVENT OBJECT:STATE-CHANGED:FOCUSED (queue size: 39) vvvvv

10:26:00.529785 - EVENT MANAGER: object:text-caret-moved for [entry: 'Project setting' (0x784b643f73c0)]  in accessibility_probe (AccessKit) (4, 0, 0)
10:26:00.529829 - FOCUS MANAGER: Locus of focus is [entry: 'Project setting' (0x784b643f73c0)] 
10:26:00.529926 - EVENT_MANAGER: Not ignoring object:text-caret-moved due to source being locus of focus
10:26:00.530022 - EVENT MANAGER: Queueing object:text-caret-moved for [entry: 'Project setting' (0x784b643f73c0)]  in accessibility_probe (AccessKit) (4, 0, 0)
10:26:00.530058 - EVENT MANAGER: App for event source is [application: 'accessibility_probe' (0x784b64409b80)] 
10:26:00.530078 - SCRIPT MANAGER: Getting script for [application: 'accessibility_probe' (0x784b64409b80)]  [entry: 'Project setting' (0x784b643f73c0)] 
10:26:00.530320 - SCRIPT MANAGER: Script is app script accessibility_probe (module=orca.scripts.default)
10:26:00.530380 - EVENT MANAGER: object:text-caret-moved for [entry: 'Project setting' (0x784b643f73c0)]  in accessibility_probe (AccessKit) (4, 0, 0) has priority level: 4
10:26:00.530420 - EVENT MANAGER: Queued object:text-caret-moved for [entry: 'Project setting' (0x784b643f73c0)]  in accessibility_probe (AccessKit) (4, 0, 0) priority: 4, counter: 59
10:26:00.530463 - CLIPBOARD PRESENTER: Possible change event object:text-changed:insert for [entry: 'Project setting' (0x784b643f73c0)]  in accessibility_probe (AccessKit) (4, 1, x)

10:26:00.530510 - EVENT MANAGER: object:text-changed:insert for [entry: 'Project setting' (0x784b643f73c0)]  in accessibility_probe (AccessKit) (4, 1, x)
10:26:00.530524 - FOCUS MANAGER: Locus of focus is [entry: 'Project setting' (0x784b643f73c0)] 
10:26:00.530553 - EVENT_MANAGER: Not ignoring object:text-changed:insert due to source being locus of focus
10:26:00.530627 - EVENT MANAGER: Queueing object:text-changed:insert for [entry: 'Project setting' (0x784b643f73c0)]  in accessibility_probe (AccessKit) (4, 1, x)
10:26:00.530658 - EVENT MANAGER: App for event source is [application: 'accessibility_probe' (0x784b64409b80)] 
10:26:00.530677 - SCRIPT MANAGER: Getting script for [application: 'accessibility_probe' (0x784b64409b80)]  [entry: 'Project setting' (0x784b643f73c0)] 
10:26:00.530890 - SCRIPT MANAGER: Script is app script accessibility_probe (module=orca.scripts.default)
10:26:00.530932 - EVENT MANAGER: object:text-changed:insert for [entry: 'Project setting' (0x784b643f73c0)]  in accessibility_probe (AccessKit) (4, 1, x) has priority level: 4
10:26:00.530971 - EVENT MANAGER: Queued object:text-changed:insert for [entry: 'Project setting' (0x784b643f73c0)]  in accessibility_probe (AccessKit) (4, 1, x) priority: 4, counter: 60

10:26:00.531017 - EVENT MANAGER: object:text-caret-moved for [entry: 'Project setting' (0x784b643f73c0)]  in accessibility_probe (AccessKit) (5, 0, 0)
10:26:00.531034 - FOCUS MANAGER: Locus of focus is [entry: 'Project setting' (0x784b643f73c0)] 
10:26:00.531066 - EVENT_MANAGER: Not ignoring object:text-caret-moved due to source being locus of focus
10:26:00.531098 - EVENT MANAGER: Queueing object:text-caret-moved for [entry: 'Project setting' (0x784b643f73c0)]  in accessibility_probe (AccessKit) (5, 0, 0)
10:26:00.531113 - EVENT MANAGER: App for event source is [application: 'accessibility_probe' (0x784b64409b80)] 
10:26:00.531130 - SCRIPT MANAGER: Getting script for [application: 'accessibility_probe' (0x784b64409b80)]  [entry: 'Project setting' (0x784b643f73c0)] 
10:26:00.531322 - SCRIPT MANAGER: Script is app script accessibility_probe (module=orca.scripts.default)
10:26:00.531429 - EVENT MANAGER: object:text-caret-moved for [entry: 'Project setting' (0x784b643f73c0)]  in accessibility_probe (AccessKit) (5, 0, 0) has priority level: 4
10:26:00.531527 - EVENT MANAGER: Queued object:text-caret-moved for [entry: 'Project setting' (0x784b643f73c0)]  in accessibility_probe (AccessKit) (5, 0, 0) priority: 4, counter: 61
10:26:00.534345 - EVENT SOURCE:
                  app='accessibility_probe (AccessKit )' name='Settings' role='page tab' axid='' id=0x784b64404040
                  description=''
                  help=''
                  locale=''
                  states='enabled, focusable, selectable, selected, sensitive, showing, visible'
                  relations=''
                  actions='click'
                  interfaces='Action, Component'
                  attributes=''
                  text=''
                  path=[-1, 0, 0, 0, 2]
                  
10:26:00.534401 - SCRIPT MANAGER: Active script is: accessibility_probe (module=orca.scripts.default)
10:26:00.534453 - FOCUS MANAGER: Locus of focus is [entry: 'Project setting' (0x784b643f73c0)] 
10:26:00.534530 - EVENT MANAGER: Getting script for event for [application: 'accessibility_probe' (0x784b64409b80)]  [page tab: 'Settings' (0x784b64404040)] 
10:26:00.534581 - SCRIPT MANAGER: Getting script for [application: 'accessibility_probe' (0x784b64409b80)]  [page tab: 'Settings' (0x784b64404040)] 
10:26:00.534806 - SCRIPT MANAGER: Script is app script accessibility_probe (module=orca.scripts.default)
10:26:00.534849 - EVENT MANAGER: Script for event is accessibility_probe (module=orca.scripts.default)
10:26:00.534871 - EVENT MANAGER: Processing object:state-changed:focused: script for event is active
TOTAL PROCESSING TIME: 0.0059
^^^^^ FINISHED PRIORITY-3 OBJECT EVENT OBJECT:STATE-CHANGED:FOCUSED ^^^^^

10:26:00.534926 - WARNING: Braille initialization failed: BrlAPI connection unavailable.
10:26:00.534952 - BRAILLE: Scheduling BrlAPI retry in 2000 ms.
10:26:00.535100 - EVENT MANAGER: Dequeueing object:text-changed:insert for [terminal: 'Terminal' (0x784b644c3900)]  in org.gnome.Terminal (gtk 3.24.52) (0, 16, \n\n\n\n\n\n\n\n\n\n\n\n\n\n\n\n)
10:26:00.535203 - EVENT MANAGER: Dequeued object:text-changed:insert for [terminal: 'Terminal' (0x784b644c3900)]  in org.gnome.Terminal (gtk 3.24.52) (0, 16, \n\n\n\n\n\n\n\n\n\n\n\n\n\n\n\n) priority: 4, counter: 11

vvvvv START PRIORITY-4 OBJECT EVENT OBJECT:TEXT-CHANGED:INSERT (queue size: 41) vvvvv
10:26:00.536694 - EVENT SOURCE:
                  app='org.gnome.Terminal (gtk 3.24.52)' name='Terminal' role='terminal' axid='' id=0x784b644c3900
                  description=''
                  help=''
                  locale='C.UTF-8'
                  states='enabled, focusable, focused, sensitive, showing, visible'
                  relations=''
                  actions='menu'
                  interfaces='Action, Collection, Component, Text'
                  attributes='toolkit:gtk'
                  text='Overview ✕ ~ Unavailable~ Settings ... \n \n \n \n \n (992 chars.)'
                  path=[-1, 0, 0, 1, 0, 0, 0, 0]
                  
10:26:00.536731 - SCRIPT MANAGER: Active script is: accessibility_probe (module=orca.scripts.default)
10:26:00.536751 - FOCUS MANAGER: Locus of focus is [entry: 'Project setting' (0x784b643f73c0)] 
10:26:00.536777 - EVENT MANAGER: Getting script for event for [application: 'org.gnome.Terminal' (0x784b644b87c0)]  [terminal: 'Terminal' (0x784b644c3900)] 
10:26:00.536793 - SCRIPT MANAGER: Getting script for [application: 'org.gnome.Terminal' (0x784b644b87c0)]  [terminal: 'Terminal' (0x784b644c3900)] 
10:26:00.536816 - SCRIPT MANAGER: Script is custom script org.gnome.Terminal (module=orca.scripts.terminal.script)
10:26:00.536830 - EVENT MANAGER: Script for event is org.gnome.Terminal (module=orca.scripts.terminal.script)
10:26:00.539336 - EVENT MANAGER: Change active script: False (No reason found to activate a different script.)
10:26:00.539369 - EVENT MANAGER: Not processing object:text-changed:insert due to lack of reason
TOTAL PROCESSING TIME: 0.0042
^^^^^ FINISHED PRIORITY-4 OBJECT EVENT OBJECT:TEXT-CHANGED:INSERT ^^^^^

10:26:00.539542 - GSETTINGS SCHEMA HANDLE: keybindings/keyboard-layout not set [app:accessibility_probe, profile:default]
10:26:00.539568 - GSETTINGS REGISTRY: keybindings/keyboard-layout using default value = 'desktop'
10:26:00.539606 - GSETTINGS SCHEMA HANDLE: keybindings/desktop-modifier-keys not set [app:accessibility_probe, profile:default]
10:26:00.539621 - GSETTINGS REGISTRY: keybindings/desktop-modifier-keys using default value = ['Insert', 'KP_Insert']
10:26:00.539662 - FOCUS MANAGER: Active window is [frame: 'Reactive TUI App accessibility round 1' (0x784b64726b00)]  <unknown>.<module>:373 > input_event_manager._on_key_pressed:261 > input_event_manager.process_keyboard_event:297 > focus_manager.get_active_window:342
10:26:00.540118 - AXObject: Clearing AT-SPI cache on [frame: 'Reactive TUI App accessibility round 1' (0x784b64726b00)]  Recursive: False.  Reason: Checking if window can be the active window
10:26:00.542968 - AXUtilities: [frame: 'Reactive TUI App accessibility round 1' (0x784b64726b00)]  from [application: 'accessibility_probe' (0x784b64409b80)]  can be active window
10:26:00.543257 - FOCUS MANAGER: Locus of focus is [entry: 'Project setting' (0x784b643f73c0)] 
10:26:00.543413 - SCRIPT MANAGER: Active script is: accessibility_probe (module=orca.scripts.default)
10:26:00.543577 - GSETTINGS SCHEMA HANDLE: keybindings/keyboard-layout not set [app:accessibility_probe, profile:default]
10:26:00.543585 - GSETTINGS REGISTRY: keybindings/keyboard-layout using default value = 'desktop'
10:26:00.543599 - GSETTINGS SCHEMA HANDLE: keybindings/desktop-modifier-keys not set [app:accessibility_probe, profile:default]
10:26:00.543604 - GSETTINGS REGISTRY: keybindings/desktop-modifier-keys using default value = ['Insert', 'KP_Insert']

KEYBOARD_EVENT:  type=ATSPI_KEY_PRESSED_EVENT
                 id=65361
                 hw_code=113
                 modifiers=0
                 text=''
                 keyval_name='Left'
                 timestamp=1789050360.539485
                 clickCount=1

vvvvv PROCESS ATSPI_KEY_PRESSED_EVENT: 'Left' (113) vvvvv
10:26:00.543645 - SCRIPT: accessibility_probe (module=orca.scripts.default)
10:26:00.543659 - WINDOW: [frame: 'Reactive TUI App accessibility round 1' (0x784b64726b00)] 
10:26:00.543671 - LOCATION: [entry: 'Project setting' (0x784b643f73c0)] 
10:26:00.543699 - GSETTINGS SCHEMA HANDLE: keybindings/keyboard-layout not set [app:accessibility_probe, profile:default]
10:26:00.543705 - GSETTINGS REGISTRY: keybindings/keyboard-layout using default value = 'desktop'
10:26:00.543716 - GSETTINGS SCHEMA HANDLE: keybindings/desktop-modifier-keys not set [app:accessibility_probe, profile:default]
10:26:00.543720 - GSETTINGS REGISTRY: keybindings/desktop-modifier-keys using default value = ['Insert', 'KP_Insert']
10:26:00.543728 - PRESENTATION MANAGER: Interrupting presentation
10:26:00.543757 - SPEECH MANAGER: interrupt_speech. Script: None Event: None notify_user: False
10:26:00.544311 - SPEECH MANAGER: Speech server is <orca.speechdispatcherfactory.SpeechServer object at 0x784b644a96a0>
10:26:00.544558 - BRAILLE: Kill flash message input_event._present:603 > presentation_manager.interrupt_presentation:88 > braille_presenter.kill_flash:1829 > braille.kill_flash:2182
10:26:00.545163 - TYPING ECHO PRESENTER: should_echo_keyboard_event: 'left'?
10:26:00.545226 - GSETTINGS SCHEMA HANDLE: keybindings/keyboard-layout not set [app:accessibility_probe, profile:default]
10:26:00.545242 - GSETTINGS REGISTRY: keybindings/keyboard-layout using default value = 'desktop'
10:26:00.545278 - GSETTINGS SCHEMA HANDLE: keybindings/desktop-modifier-keys not set [app:accessibility_probe, profile:default]
10:26:00.545292 - GSETTINGS REGISTRY: keybindings/desktop-modifier-keys using default value = ['Insert', 'KP_Insert']
10:26:00.545332 - GSETTINGS SCHEMA HANDLE: typing-echo/character-echo not set [app:accessibility_probe, profile:default]
10:26:00.545345 - GSETTINGS REGISTRY: typing-echo/character-echo using default value = False
10:26:00.545382 - GSETTINGS SCHEMA HANDLE: keybindings/keyboard-layout not set [app:accessibility_probe, profile:default]
10:26:00.545394 - GSETTINGS REGISTRY: keybindings/keyboard-layout using default value = 'desktop'
10:26:00.545434 - GSETTINGS SCHEMA HANDLE: keybindings/desktop-modifier-keys not set [app:accessibility_probe, profile:default]
10:26:00.545447 - GSETTINGS REGISTRY: keybindings/desktop-modifier-keys using default value = ['Insert', 'KP_Insert']
10:26:00.545492 - GSETTINGS SCHEMA HANDLE: typing-echo/key-echo not set [app:accessibility_probe, profile:default]
10:26:00.545505 - GSETTINGS REGISTRY: typing-echo/key-echo using default value = True
10:26:00.545550 - GSETTINGS SCHEMA HANDLE: typing-echo/navigation-keys not set [app:accessibility_probe, profile:default]
10:26:00.545564 - GSETTINGS REGISTRY: typing-echo/navigation-keys using default value = False
10:26:00.545576 - TYPING ECHO PRESENTER: Echoing navigation keyboard event: False.
10:26:00.545591 - TOTAL PROCESSING TIME: 0.0020
^^^^^ PROCESS ATSPI_KEY_PRESSED_EVENT: 'Left' (113) ^^^^^

10:26:00.545647 - GSETTINGS SCHEMA HANDLE: keybindings/keyboard-layout not set [app:accessibility_probe, profile:default]
10:26:00.545660 - GSETTINGS REGISTRY: keybindings/keyboard-layout using default value = 'desktop'
10:26:00.545690 - GSETTINGS SCHEMA HANDLE: keybindings/desktop-modifier-keys not set [app:accessibility_probe, profile:default]
10:26:00.545702 - GSETTINGS REGISTRY: keybindings/desktop-modifier-keys using default value = ['Insert', 'KP_Insert']
10:26:00.545867 - GSETTINGS SCHEMA HANDLE: keybindings/keyboard-layout not set [app:accessibility_probe, profile:default]
10:26:00.545891 - GSETTINGS REGISTRY: keybindings/keyboard-layout using default value = 'desktop'
10:26:00.545930 - GSETTINGS SCHEMA HANDLE: keybindings/desktop-modifier-keys not set [app:accessibility_probe, profile:default]
10:26:00.545946 - GSETTINGS REGISTRY: keybindings/desktop-modifier-keys using default value = ['Insert', 'KP_Insert']
10:26:00.546771 - GSETTINGS SCHEMA HANDLE: keybindings/keyboard-layout not set [app:accessibility_probe, profile:default]
10:26:00.546796 - GSETTINGS REGISTRY: keybindings/keyboard-layout using default value = 'desktop'
10:26:00.546832 - GSETTINGS SCHEMA HANDLE: keybindings/desktop-modifier-keys not set [app:accessibility_probe, profile:default]
10:26:00.546846 - GSETTINGS REGISTRY: keybindings/desktop-modifier-keys using default value = ['Insert', 'KP_Insert']

KEYBOARD_EVENT:  type=ATSPI_KEY_RELEASED_EVENT
                 id=65361
                 hw_code=113
                 modifiers=0
                 text=''
                 keyval_name='Left'
                 timestamp=1789050360.5458167
                 clickCount=1

vvvvv PROCESS ATSPI_KEY_RELEASED_EVENT: 'Left' (113) vvvvv
10:26:00.546930 - SCRIPT: accessibility_probe (module=orca.scripts.default)
10:26:00.546969 - WINDOW: [frame: 'Reactive TUI App accessibility round 1' (0x784b64726b00)] 
10:26:00.547016 - LOCATION: [entry: 'Project setting' (0x784b643f73c0)] 
10:26:00.547075 - GSETTINGS SCHEMA HANDLE: keybindings/keyboard-layout not set [app:accessibility_probe, profile:default]
10:26:00.547091 - GSETTINGS REGISTRY: keybindings/keyboard-layout using default value = 'desktop'
10:26:00.547124 - GSETTINGS SCHEMA HANDLE: keybindings/desktop-modifier-keys not set [app:accessibility_probe, profile:default]
10:26:00.547138 - GSETTINGS REGISTRY: keybindings/desktop-modifier-keys using default value = ['Insert', 'KP_Insert']
10:26:00.547167 - TOTAL PROCESSING TIME: 0.0003
^^^^^ PROCESS ATSPI_KEY_RELEASED_EVENT: 'Left' (113) ^^^^^

10:26:00.547220 - GSETTINGS SCHEMA HANDLE: keybindings/keyboard-layout not set [app:accessibility_probe, profile:default]
10:26:00.547233 - GSETTINGS REGISTRY: keybindings/keyboard-layout using default value = 'desktop'
10:26:00.547264 - GSETTINGS SCHEMA HANDLE: keybindings/desktop-modifier-keys not set [app:accessibility_probe, profile:default]
10:26:00.547277 - GSETTINGS REGISTRY: keybindings/desktop-modifier-keys using default value = ['Insert', 'KP_Insert']
10:26:00.547482 - EVENT MANAGER: Dequeueing object:text-caret-moved for [terminal: 'Terminal' (0x784b644c3900)]  in org.gnome.Terminal (gtk 3.24.52) (0, 0, 0)
10:26:00.547589 - EVENT MANAGER: Dequeued object:text-caret-moved for [terminal: 'Terminal' (0x784b644c3900)]  in org.gnome.Terminal (gtk 3.24.52) (0, 0, 0) priority: 4, counter: 12

vvvvv START PRIORITY-4 OBJECT EVENT OBJECT:TEXT-CARET-MOVED (queue size: 40) vvvvv
10:26:00.547868 - EVENT MANAGER: object:text-caret-moved for [terminal: 'Terminal' (0x784b644c3900)]  in org.gnome.Terminal (gtk 3.24.52) (0, 0, 0) obsoleted by object:text-caret-moved for [terminal: 'Terminal' (0x784b644c3900)]  in org.gnome.Terminal (gtk 3.24.52) (69, 0, 0) more recent event of same type for same object
TOTAL PROCESSING TIME: 0.0003
^^^^^ FINISHED PRIORITY-4 OBJECT EVENT OBJECT:TEXT-CARET-MOVED ^^^^^

10:26:00.547991 - CLIPBOARD PRESENTER: Possible change event object:text-changed:delete for [terminal: 'Terminal' (0x784b644c3900)]  in org.gnome.Terminal (gtk 3.24.52) (68, 1, )

10:26:00.548133 - EVENT MANAGER: object:text-changed:delete for [terminal: 'Terminal' (0x784b644c3900)]  in org.gnome.Terminal (gtk 3.24.52) (68, 1, )
10:26:00.548173 - FOCUS MANAGER: Locus of focus is [entry: 'Project setting' (0x784b643f73c0)] 
10:26:00.548318 - EVENT_MANAGER: Not ignoring object:text-changed:delete due to source being focused
10:26:00.548400 - EVENT MANAGER: Queueing object:text-changed:delete for [terminal: 'Terminal' (0x784b644c3900)]  in org.gnome.Terminal (gtk 3.24.52) (68, 1, )
10:26:00.548442 - EVENT MANAGER: App for event source is [application: 'org.gnome.Terminal' (0x784b644b87c0)] 
10:26:00.548488 - SCRIPT MANAGER: Getting script for [application: 'org.gnome.Terminal' (0x784b644b87c0)]  [terminal: 'Terminal' (0x784b644c3900)] 
10:26:00.548537 - SCRIPT MANAGER: Script is custom script org.gnome.Terminal (module=orca.scripts.terminal.script)
10:26:00.548629 - EVENT MANAGER: object:text-changed:delete for [terminal: 'Terminal' (0x784b644c3900)]  in org.gnome.Terminal (gtk 3.24.52) (68, 1, ) has priority level: 4
10:26:00.548717 - EVENT MANAGER: Queued object:text-changed:delete for [terminal: 'Terminal' (0x784b644c3900)]  in org.gnome.Terminal (gtk 3.24.52) (68, 1, ) priority: 4, counter: 62
10:26:00.548807 - CLIPBOARD PRESENTER: Possible change event object:text-changed:insert for [terminal: 'Terminal' (0x784b644c3900)]  in org.gnome.Terminal (gtk 3.24.52) (68, 1, x)

10:26:00.548925 - EVENT MANAGER: object:text-changed:insert for [terminal: 'Terminal' (0x784b644c3900)]  in org.gnome.Terminal (gtk 3.24.52) (68, 1, x)
10:26:00.548960 - FOCUS MANAGER: Locus of focus is [entry: 'Project setting' (0x784b643f73c0)] 
10:26:00.549101 - EVENT_MANAGER: Not ignoring object:text-changed:insert due to source being focused
10:26:00.549187 - EVENT MANAGER: Queueing object:text-changed:insert for [terminal: 'Terminal' (0x784b644c3900)]  in org.gnome.Terminal (gtk 3.24.52) (68, 1, x)
10:26:00.549229 - EVENT MANAGER: App for event source is [application: 'org.gnome.Terminal' (0x784b644b87c0)] 
10:26:00.549272 - SCRIPT MANAGER: Getting script for [application: 'org.gnome.Terminal' (0x784b644b87c0)]  [terminal: 'Terminal' (0x784b644c3900)] 
10:26:00.549315 - SCRIPT MANAGER: Script is custom script org.gnome.Terminal (module=orca.scripts.terminal.script)
10:26:00.549404 - EVENT MANAGER: object:text-changed:insert for [terminal: 'Terminal' (0x784b644c3900)]  in org.gnome.Terminal (gtk 3.24.52) (68, 1, x) has priority level: 4
10:26:00.549488 - EVENT MANAGER: Queued object:text-changed:insert for [terminal: 'Terminal' (0x784b644c3900)]  in org.gnome.Terminal (gtk 3.24.52) (68, 1, x) priority: 4, counter: 63

10:26:00.549577 - EVENT MANAGER: object:text-caret-moved for [terminal: 'Terminal' (0x784b644c3900)]  in org.gnome.Terminal (gtk 3.24.52) (70, 0, 0)
10:26:00.549612 - FOCUS MANAGER: Locus of focus is [entry: 'Project setting' (0x784b643f73c0)] 
10:26:00.549742 - EVENT_MANAGER: Not ignoring object:text-caret-moved due to source being focused
10:26:00.549818 - EVENT MANAGER: Queueing object:text-caret-moved for [terminal: 'Terminal' (0x784b644c3900)]  in org.gnome.Terminal (gtk 3.24.52) (70, 0, 0)
10:26:00.549860 - EVENT MANAGER: App for event source is [application: 'org.gnome.Terminal' (0x784b644b87c0)] 
10:26:00.549908 - SCRIPT MANAGER: Getting script for [application: 'org.gnome.Terminal' (0x784b644b87c0)]  [terminal: 'Terminal' (0x784b644c3900)] 
10:26:00.549951 - SCRIPT MANAGER: Script is custom script org.gnome.Terminal (module=orca.scripts.terminal.script)
10:26:00.550074 - EVENT MANAGER: object:text-caret-moved for [terminal: 'Terminal' (0x784b644c3900)]  in org.gnome.Terminal (gtk 3.24.52) (70, 0, 0) has priority level: 4
10:26:00.550134 - EVENT MANAGER: Queued object:text-caret-moved for [terminal: 'Terminal' (0x784b644c3900)]  in org.gnome.Terminal (gtk 3.24.52) (70, 0, 0) priority: 4, counter: 64

10:26:00.550182 - EVENT MANAGER: object:text-caret-moved for [entry: 'Project setting' (0x784b643f73c0)]  in accessibility_probe (AccessKit) (4, 0, 0)
10:26:00.550197 - FOCUS MANAGER: Locus of focus is [entry: 'Project setting' (0x784b643f73c0)] 
10:26:00.550229 - EVENT_MANAGER: Not ignoring object:text-caret-moved due to source being locus of focus
10:26:00.550260 - EVENT MANAGER: Queueing object:text-caret-moved for [entry: 'Project setting' (0x784b643f73c0)]  in accessibility_probe (AccessKit) (4, 0, 0)
10:26:00.550274 - EVENT MANAGER: App for event source is [application: 'accessibility_probe' (0x784b64409b80)] 
10:26:00.550289 - SCRIPT MANAGER: Getting script for [application: 'accessibility_probe' (0x784b64409b80)]  [entry: 'Project setting' (0x784b643f73c0)] 
10:26:00.550844 - SCRIPT MANAGER: Script is app script accessibility_probe (module=orca.scripts.default)
10:26:00.550944 - EVENT MANAGER: object:text-caret-moved for [entry: 'Project setting' (0x784b643f73c0)]  in accessibility_probe (AccessKit) (4, 0, 0) has priority level: 4
10:26:00.551047 - EVENT MANAGER: Queued object:text-caret-moved for [entry: 'Project setting' (0x784b643f73c0)]  in accessibility_probe (AccessKit) (4, 0, 0) priority: 4, counter: 65
10:26:00.551150 - EVENT MANAGER: Dequeueing object:text-changed:delete for [terminal: 'Terminal' (0x784b644c3900)]  in org.gnome.Terminal (gtk 3.24.52) (0, 2, \n\n)
10:26:00.551235 - EVENT MANAGER: Dequeued object:text-changed:delete for [terminal: 'Terminal' (0x784b644c3900)]  in org.gnome.Terminal (gtk 3.24.52) (0, 2, \n\n) priority: 4, counter: 22

vvvvv START PRIORITY-4 OBJECT EVENT OBJECT:TEXT-CHANGED:DELETE (queue size: 43) vvvvv
10:26:00.553839 - EVENT SOURCE:
                  app='org.gnome.Terminal (gtk 3.24.52)' name='Terminal' role='terminal' axid='' id=0x784b644c3900
                  description=''
                  help=''
                  locale='C.UTF-8'
                  states='enabled, focusable, focused, sensitive, showing, visible'
                  relations=''
                  actions='menu'
                  interfaces='Action, Collection, Component, Text'
                  attributes='toolkit:gtk'
                  text='Overview ✕ ~ Unavailable~ Settings ... \n \n \n \n \n (992 chars.)'
                  path=[-1, 0, 0, 1, 0, 0, 0, 0]
                  
10:26:00.553909 - SCRIPT MANAGER: Active script is: accessibility_probe (module=orca.scripts.default)
10:26:00.553962 - FOCUS MANAGER: Locus of focus is [entry: 'Project setting' (0x784b643f73c0)] 
10:26:00.554055 - EVENT MANAGER: Getting script for event for [application: 'org.gnome.Terminal' (0x784b644b87c0)]  [terminal: 'Terminal' (0x784b644c3900)] 
10:26:00.554142 - SCRIPT MANAGER: Getting script for [application: 'org.gnome.Terminal' (0x784b644b87c0)]  [terminal: 'Terminal' (0x784b644c3900)] 
10:26:00.554214 - SCRIPT MANAGER: Script is custom script org.gnome.Terminal (module=orca.scripts.terminal.script)
10:26:00.554238 - EVENT MANAGER: Script for event is org.gnome.Terminal (module=orca.scripts.terminal.script)
10:26:00.554803 - EVENT MANAGER: Change active script: False (No reason found to activate a different script.)
10:26:00.554818 - EVENT MANAGER: Not processing object:text-changed:delete due to lack of reason
TOTAL PROCESSING TIME: 0.0036
^^^^^ FINISHED PRIORITY-4 OBJECT EVENT OBJECT:TEXT-CHANGED:DELETE ^^^^^

10:26:00.554896 - EVENT MANAGER: Dequeueing object:text-changed:insert for [terminal: 'Terminal' (0x784b644c3900)]  in org.gnome.Terminal (gtk 3.24.52) (13, 2, \n\n)
10:26:00.554945 - EVENT MANAGER: Dequeued object:text-changed:insert for [terminal: 'Terminal' (0x784b644c3900)]  in org.gnome.Terminal (gtk 3.24.52) (13, 2, \n\n) priority: 4, counter: 23

vvvvv START PRIORITY-4 OBJECT EVENT OBJECT:TEXT-CHANGED:INSERT (queue size: 42) vvvvv
10:26:00.555986 - EVENT SOURCE:
                  app='org.gnome.Terminal (gtk 3.24.52)' name='Terminal' role='terminal' axid='' id=0x784b644c3900
                  description=''
                  help=''
                  locale='C.UTF-8'
                  states='enabled, focusable, focused, sensitive, showing, visible'
                  relations=''
                  actions='menu'
                  interfaces='Action, Collection, Component, Text'
                  attributes='toolkit:gtk'
                  text='Overview ✕ ~ Unavailable~ Settings ... \n \n \n \n \n (992 chars.)'
                  path=[-1, 0, 0, 1, 0, 0, 0, 0]
                  
10:26:00.556026 - SCRIPT MANAGER: Active script is: accessibility_probe (module=orca.scripts.default)
10:26:00.556050 - FOCUS MANAGER: Locus of focus is [entry: 'Project setting' (0x784b643f73c0)] 
10:26:00.556080 - EVENT MANAGER: Getting script for event for [application: 'org.gnome.Terminal' (0x784b644b87c0)]  [terminal: 'Terminal' (0x784b644c3900)] 
10:26:00.556098 - SCRIPT MANAGER: Getting script for [application: 'org.gnome.Terminal' (0x784b644b87c0)]  [terminal: 'Terminal' (0x784b644c3900)] 
10:26:00.556122 - SCRIPT MANAGER: Script is custom script org.gnome.Terminal (module=orca.scripts.terminal.script)
10:26:00.556135 - EVENT MANAGER: Script for event is org.gnome.Terminal (module=orca.scripts.terminal.script)
10:26:00.556625 - EVENT MANAGER: Change active script: False (No reason found to activate a different script.)
10:26:00.556633 - EVENT MANAGER: Not processing object:text-changed:insert due to lack of reason
TOTAL PROCESSING TIME: 0.0017
^^^^^ FINISHED PRIORITY-4 OBJECT EVENT OBJECT:TEXT-CHANGED:INSERT ^^^^^

10:26:00.556696 - EVENT MANAGER: Dequeueing object:text-changed:delete for [terminal: 'Terminal' (0x784b644c3900)]  in org.gnome.Terminal (gtk 3.24.52) (0, 3, \n\n\n)
10:26:00.556732 - EVENT MANAGER: Dequeued object:text-changed:delete for [terminal: 'Terminal' (0x784b644c3900)]  in org.gnome.Terminal (gtk 3.24.52) (0, 3, \n\n\n) priority: 4, counter: 24

vvvvv START PRIORITY-4 OBJECT EVENT OBJECT:TEXT-CHANGED:DELETE (queue size: 41) vvvvv
10:26:00.558268 - EVENT SOURCE:
                  app='org.gnome.Terminal (gtk 3.24.52)' name='Terminal' role='terminal' axid='' id=0x784b644c3900
                  description=''
                  help=''
                  locale='C.UTF-8'
                  states='enabled, focusable, focused, sensitive, showing, visible'
                  relations=''
                  actions='menu'
                  interfaces='Action, Collection, Component, Text'
                  attributes='toolkit:gtk'
                  text='Overview ✕ ~ Unavailable~ Settings ... \n \n \n \n \n (992 chars.)'
                  path=[-1, 0, 0, 1, 0, 0, 0, 0]
                  
10:26:00.558296 - SCRIPT MANAGER: Active script is: accessibility_probe (module=orca.scripts.default)
10:26:00.558314 - FOCUS MANAGER: Locus of focus is [entry: 'Project setting' (0x784b643f73c0)] 
10:26:00.558339 - EVENT MANAGER: Getting script for event for [application: 'org.gnome.Terminal' (0x784b644b87c0)]  [terminal: 'Terminal' (0x784b644c3900)] 
10:26:00.558355 - SCRIPT MANAGER: Getting script for [application: 'org.gnome.Terminal' (0x784b644b87c0)]  [terminal: 'Terminal' (0x784b644c3900)] 
10:26:00.558376 - SCRIPT MANAGER: Script is custom script org.gnome.Terminal (module=orca.scripts.terminal.script)
10:26:00.558389 - EVENT MANAGER: Script for event is org.gnome.Terminal (module=orca.scripts.terminal.script)
10:26:00.558803 - EVENT MANAGER: Change active script: False (No reason found to activate a different script.)
10:26:00.558812 - EVENT MANAGER: Not processing object:text-changed:delete due to lack of reason
TOTAL PROCESSING TIME: 0.0021
^^^^^ FINISHED PRIORITY-4 OBJECT EVENT OBJECT:TEXT-CHANGED:DELETE ^^^^^

10:26:00.558877 - EVENT MANAGER: Dequeueing object:text-changed:insert for [terminal: 'Terminal' (0x784b644c3900)]  in org.gnome.Terminal (gtk 3.24.52) (0, 186, Overview ✕ ~ Unavailable~ Settings... ✕ \nProject overview \n \n (189 chars.))
10:26:00.558915 - EVENT MANAGER: Dequeued object:text-changed:insert for [terminal: 'Terminal' (0x784b644c3900)]  in org.gnome.Terminal (gtk 3.24.52) (0, 186, Overview ✕ ~ Unavailable~ Settings... ✕ \nProject overview \n \n (189 chars.)) priority: 4, counter: 25

vvvvv START PRIORITY-4 OBJECT EVENT OBJECT:TEXT-CHANGED:INSERT (queue size: 40) vvvvv
10:26:00.559755 - EVENT SOURCE:
                  app='org.gnome.Terminal (gtk 3.24.52)' name='Terminal' role='terminal' axid='' id=0x784b644c3900
                  description=''
                  help=''
                  locale='C.UTF-8'
                  states='enabled, focusable, focused, sensitive, showing, visible'
                  relations=''
                  actions='menu'
                  interfaces='Action, Collection, Component, Text'
                  attributes='toolkit:gtk'
                  text='Overview ✕ ~ Unavailable~ Settings ... \n \n \n \n \n (992 chars.)'
                  path=[-1, 0, 0, 1, 0, 0, 0, 0]
                  
10:26:00.559780 - SCRIPT MANAGER: Active script is: accessibility_probe (module=orca.scripts.default)
10:26:00.559797 - FOCUS MANAGER: Locus of focus is [entry: 'Project setting' (0x784b643f73c0)] 
10:26:00.559821 - EVENT MANAGER: Getting script for event for [application: 'org.gnome.Terminal' (0x784b644b87c0)]  [terminal: 'Terminal' (0x784b644c3900)] 
10:26:00.559837 - SCRIPT MANAGER: Getting script for [application: 'org.gnome.Terminal' (0x784b644b87c0)]  [terminal: 'Terminal' (0x784b644c3900)] 
10:26:00.559858 - SCRIPT MANAGER: Script is custom script org.gnome.Terminal (module=orca.scripts.terminal.script)
10:26:00.559871 - EVENT MANAGER: Script for event is org.gnome.Terminal (module=orca.scripts.terminal.script)
10:26:00.560296 - EVENT MANAGER: Change active script: False (No reason found to activate a different script.)
10:26:00.560306 - EVENT MANAGER: Not processing object:text-changed:insert due to lack of reason
TOTAL PROCESSING TIME: 0.0014
^^^^^ FINISHED PRIORITY-4 OBJECT EVENT OBJECT:TEXT-CHANGED:INSERT ^^^^^

10:26:00.560357 - EVENT MANAGER: Dequeueing object:text-caret-moved for [terminal: 'Terminal' (0x784b644c3900)]  in org.gnome.Terminal (gtk 3.24.52) (186, 0, 0)
10:26:00.560392 - EVENT MANAGER: Dequeued object:text-caret-moved for [terminal: 'Terminal' (0x784b644c3900)]  in org.gnome.Terminal (gtk 3.24.52) (186, 0, 0) priority: 4, counter: 26

vvvvv START PRIORITY-4 OBJECT EVENT OBJECT:TEXT-CARET-MOVED (queue size: 39) vvvvv
10:26:00.560476 - EVENT MANAGER: object:text-caret-moved for [terminal: 'Terminal' (0x784b644c3900)]  in org.gnome.Terminal (gtk 3.24.52) (186, 0, 0) obsoleted by object:text-caret-moved for [terminal: 'Terminal' (0x784b644c3900)]  in org.gnome.Terminal (gtk 3.24.52) (69, 0, 0) more recent event of same type for same object
TOTAL PROCESSING TIME: 0.0001
^^^^^ FINISHED PRIORITY-4 OBJECT EVENT OBJECT:TEXT-CARET-MOVED ^^^^^

10:26:00.560521 - EVENT MANAGER: Dequeueing object:selection-changed for [page tab list: 'Tabs' (0x784b64354680)]  in accessibility_probe (AccessKit) (0, 0, 0)
10:26:00.560553 - EVENT MANAGER: Dequeued object:selection-changed for [page tab list: 'Tabs' (0x784b64354bc0)]  in accessibility_probe (AccessKit) (0, 0, 0) priority: 4, counter: 28

vvvvv START PRIORITY-4 OBJECT EVENT OBJECT:SELECTION-CHANGED (queue size: 38) vvvvv
10:26:00.560800 - EVENT MANAGER: object:selection-changed for [page tab list: 'Tabs' (0x784b644d4880)]  in accessibility_probe (AccessKit) (0, 0, 0) obsoleted by object:selection-changed for [page tab list: 'Tabs' (0x784b644d4880)]  in accessibility_probe (AccessKit) (0, 0, 0) more recent duplicate
TOTAL PROCESSING TIME: 0.0002
^^^^^ FINISHED PRIORITY-4 OBJECT EVENT OBJECT:SELECTION-CHANGED ^^^^^

10:26:00.560848 - EVENT MANAGER: Dequeueing object:text-caret-moved for [terminal: 'Terminal' (0x784b644c3900)]  in org.gnome.Terminal (gtk 3.24.52) (198, 0, 0)
10:26:00.560881 - EVENT MANAGER: Dequeued object:text-caret-moved for [terminal: 'Terminal' (0x784b644c3900)]  in org.gnome.Terminal (gtk 3.24.52) (198, 0, 0) priority: 4, counter: 33

vvvvv START PRIORITY-4 OBJECT EVENT OBJECT:TEXT-CARET-MOVED (queue size: 37) vvvvv
10:26:00.560962 - EVENT MANAGER: object:text-caret-moved for [terminal: 'Terminal' (0x784b644c3900)]  in org.gnome.Terminal (gtk 3.24.52) (198, 0, 0) obsoleted by object:text-caret-moved for [terminal: 'Terminal' (0x784b644c3900)]  in org.gnome.Terminal (gtk 3.24.52) (65, 0, 0) more recent event of same type for same object
TOTAL PROCESSING TIME: 0.0001
^^^^^ FINISHED PRIORITY-4 OBJECT EVENT OBJECT:TEXT-CARET-MOVED ^^^^^

10:26:00.561007 - EVENT MANAGER: Dequeueing object:text-changed:delete for [terminal: 'Terminal' (0x784b644c3900)]  in org.gnome.Terminal (gtk 3.24.52) (186, 12, \n\n\n\n\n\n\n\n\n\n\n\n)
10:26:00.561041 - EVENT MANAGER: Dequeued object:text-changed:delete for [terminal: 'Terminal' (0x784b644c3900)]  in org.gnome.Terminal (gtk 3.24.52) (186, 12, \n\n\n\n\n\n\n\n\n\n\n\n) priority: 4, counter: 34

vvvvv START PRIORITY-4 OBJECT EVENT OBJECT:TEXT-CHANGED:DELETE (queue size: 36) vvvvv
10:26:00.561882 - EVENT SOURCE:
                  app='org.gnome.Terminal (gtk 3.24.52)' name='Terminal' role='terminal' axid='' id=0x784b644c3900
                  description=''
                  help=''
                  locale='C.UTF-8'
                  states='enabled, focusable, focused, sensitive, showing, visible'
                  relations=''
                  actions='menu'
                  interfaces='Action, Collection, Component, Text'
                  attributes='toolkit:gtk'
                  text='Overview ✕ ~ Unavailable~ Settings ... \n \n \n \n \n (992 chars.)'
                  path=[-1, 0, 0, 1, 0, 0, 0, 0]
                  
10:26:00.561911 - SCRIPT MANAGER: Active script is: accessibility_probe (module=orca.scripts.default)
10:26:00.561930 - FOCUS MANAGER: Locus of focus is [entry: 'Project setting' (0x784b643f73c0)] 
10:26:00.561957 - EVENT MANAGER: Getting script for event for [application: 'org.gnome.Terminal' (0x784b644b87c0)]  [terminal: 'Terminal' (0x784b644c3900)] 
10:26:00.561973 - SCRIPT MANAGER: Getting script for [application: 'org.gnome.Terminal' (0x784b644b87c0)]  [terminal: 'Terminal' (0x784b644c3900)] 
10:26:00.562002 - SCRIPT MANAGER: Script is custom script org.gnome.Terminal (module=orca.scripts.terminal.script)
10:26:00.562017 - EVENT MANAGER: Script for event is org.gnome.Terminal (module=orca.scripts.terminal.script)
10:26:00.562485 - EVENT MANAGER: Change active script: False (No reason found to activate a different script.)
10:26:00.562496 - EVENT MANAGER: Not processing object:text-changed:delete due to lack of reason
TOTAL PROCESSING TIME: 0.0015
^^^^^ FINISHED PRIORITY-4 OBJECT EVENT OBJECT:TEXT-CHANGED:DELETE ^^^^^

10:26:00.562558 - EVENT MANAGER: Dequeueing object:text-changed:insert for [terminal: 'Terminal' (0x784b644c3900)]  in org.gnome.Terminal (gtk 3.24.52) (186, 789, \n \n \n \n \n... \n \n \n \n \n (801 chars.))
10:26:00.562595 - EVENT MANAGER: Dequeued object:text-changed:insert for [terminal: 'Terminal' (0x784b644c3900)]  in org.gnome.Terminal (gtk 3.24.52) (186, 789, \n \n \n \n \n... \n \n \n \n \n (801 chars.)) priority: 4, counter: 35

vvvvv START PRIORITY-4 OBJECT EVENT OBJECT:TEXT-CHANGED:INSERT (queue size: 35) vvvvv
10:26:00.563431 - EVENT SOURCE:
                  app='org.gnome.Terminal (gtk 3.24.52)' name='Terminal' role='terminal' axid='' id=0x784b644c3900
                  description=''
                  help=''
                  locale='C.UTF-8'
                  states='enabled, focusable, focused, sensitive, showing, visible'
                  relations=''
                  actions='menu'
                  interfaces='Action, Collection, Component, Text'
                  attributes='toolkit:gtk'
                  text='Overview ✕ ~ Unavailable~ Settings ... \n \n \n \n \n (992 chars.)'
                  path=[-1, 0, 0, 1, 0, 0, 0, 0]
                  
10:26:00.563459 - SCRIPT MANAGER: Active script is: accessibility_probe (module=orca.scripts.default)
10:26:00.563476 - FOCUS MANAGER: Locus of focus is [entry: 'Project setting' (0x784b643f73c0)] 
10:26:00.563500 - EVENT MANAGER: Getting script for event for [application: 'org.gnome.Terminal' (0x784b644b87c0)]  [terminal: 'Terminal' (0x784b644c3900)] 
10:26:00.563515 - SCRIPT MANAGER: Getting script for [application: 'org.gnome.Terminal' (0x784b644b87c0)]  [terminal: 'Terminal' (0x784b644c3900)] 
10:26:00.563536 - SCRIPT MANAGER: Script is custom script org.gnome.Terminal (module=orca.scripts.terminal.script)
10:26:00.563550 - EVENT MANAGER: Script for event is org.gnome.Terminal (module=orca.scripts.terminal.script)
10:26:00.564057 - EVENT MANAGER: Change active script: False (No reason found to activate a different script.)
10:26:00.564069 - EVENT MANAGER: Not processing object:text-changed:insert due to lack of reason
TOTAL PROCESSING TIME: 0.0015
^^^^^ FINISHED PRIORITY-4 OBJECT EVENT OBJECT:TEXT-CHANGED:INSERT ^^^^^

10:26:00.564123 - EVENT MANAGER: Dequeueing object:text-caret-moved for [terminal: 'Terminal' (0x784b644c3900)]  in org.gnome.Terminal (gtk 3.24.52) (975, 0, 0)
10:26:00.564157 - EVENT MANAGER: Dequeued object:text-caret-moved for [terminal: 'Terminal' (0x784b644c3900)]  in org.gnome.Terminal (gtk 3.24.52) (975, 0, 0) priority: 4, counter: 36

vvvvv START PRIORITY-4 OBJECT EVENT OBJECT:TEXT-CARET-MOVED (queue size: 34) vvvvv
10:26:00.564302 - EVENT MANAGER: object:text-caret-moved for [terminal: 'Terminal' (0x784b644c3900)]  in org.gnome.Terminal (gtk 3.24.52) (975, 0, 0) obsoleted by object:text-caret-moved for [terminal: 'Terminal' (0x784b644c3900)]  in org.gnome.Terminal (gtk 3.24.52) (95, 0, 0) more recent event of same type for same object
TOTAL PROCESSING TIME: 0.0001
^^^^^ FINISHED PRIORITY-4 OBJECT EVENT OBJECT:TEXT-CARET-MOVED ^^^^^

10:26:00.564350 - EVENT MANAGER: Dequeueing object:property-change:accessible-name for [label: ' Overview' (0x784b64354dc0)]  in accessibility_probe (AccessKit) (0, 0, ▶Overview)
10:26:00.564387 - EVENT MANAGER: Dequeued object:property-change:accessible-name for [label: ' Overview' (0x784b64354bc0)]  in accessibility_probe (AccessKit) (0, 0, ▶Overview) priority: 4, counter: 37

vvvvv START PRIORITY-4 OBJECT EVENT OBJECT:PROPERTY-CHANGE:ACCESSIBLE-NAME (queue size: 33) vvvvv
10:26:00.564742 - EVENT MANAGER: object:property-change:accessible-name for [label: ' Overview' (0x784b643550c0)]  in accessibility_probe (AccessKit) (0, 0, ▶Overview) obsoleted by object:property-change:accessible-name for [label: ' Overview' (0x784b643f4c40)]  in accessibility_probe (AccessKit) (0, 0,  Overview) more recent event of same type for same object
TOTAL PROCESSING TIME: 0.0004
^^^^^ FINISHED PRIORITY-4 OBJECT EVENT OBJECT:PROPERTY-CHANGE:ACCESSIBLE-NAME ^^^^^

10:26:00.564788 - EVENT MANAGER: Dequeueing object:text-caret-moved for [terminal: 'Terminal' (0x784b644c3900)]  in org.gnome.Terminal (gtk 3.24.52) (3, 0, 0)
10:26:00.564821 - EVENT MANAGER: Dequeued object:text-caret-moved for [terminal: 'Terminal' (0x784b644c3900)]  in org.gnome.Terminal (gtk 3.24.52) (3, 0, 0) priority: 4, counter: 39

vvvvv START PRIORITY-4 OBJECT EVENT OBJECT:TEXT-CARET-MOVED (queue size: 32) vvvvv
10:26:00.565037 - EVENT MANAGER: object:text-caret-moved for [terminal: 'Terminal' (0x784b644c3900)]  in org.gnome.Terminal (gtk 3.24.52) (3, 0, 0) obsoleted by object:text-caret-moved for [terminal: 'Terminal' (0x784b644c3900)]  in org.gnome.Terminal (gtk 3.24.52) (65, 0, 0) more recent event of same type for same object
TOTAL PROCESSING TIME: 0.0002
^^^^^ FINISHED PRIORITY-4 OBJECT EVENT OBJECT:TEXT-CARET-MOVED ^^^^^

10:26:00.565081 - EVENT MANAGER: Dequeueing object:text-changed:delete for [terminal: 'Terminal' (0x784b644c3900)]  in org.gnome.Terminal (gtk 3.24.52) (2, 1, )
10:26:00.565114 - EVENT MANAGER: Dequeued object:text-changed:delete for [terminal: 'Terminal' (0x784b644c3900)]  in org.gnome.Terminal (gtk 3.24.52) (2, 1, ) priority: 4, counter: 40

vvvvv START PRIORITY-4 OBJECT EVENT OBJECT:TEXT-CHANGED:DELETE (queue size: 31) vvvvv
10:26:00.565878 - EVENT SOURCE:
                  app='org.gnome.Terminal (gtk 3.24.52)' name='Terminal' role='terminal' axid='' id=0x784b644c3900
                  description=''
                  help=''
                  locale='C.UTF-8'
                  states='enabled, focusable, focused, sensitive, showing, visible'
                  relations=''
                  actions='menu'
                  interfaces='Action, Collection, Component, Text'
                  attributes='toolkit:gtk'
                  text='Overview ✕ ~ Unavailable~ Settings ... \n \n \n \n \n (992 chars.)'
                  path=[-1, 0, 0, 1, 0, 0, 0, 0]
                  
10:26:00.565904 - SCRIPT MANAGER: Active script is: accessibility_probe (module=orca.scripts.default)
10:26:00.565923 - FOCUS MANAGER: Locus of focus is [entry: 'Project setting' (0x784b643f73c0)] 
10:26:00.565948 - EVENT MANAGER: Getting script for event for [application: 'org.gnome.Terminal' (0x784b644b87c0)]  [terminal: 'Terminal' (0x784b644c3900)] 
10:26:00.565967 - SCRIPT MANAGER: Getting script for [application: 'org.gnome.Terminal' (0x784b644b87c0)]  [terminal: 'Terminal' (0x784b644c3900)] 
10:26:00.565995 - SCRIPT MANAGER: Script is custom script org.gnome.Terminal (module=orca.scripts.terminal.script)
10:26:00.566009 - EVENT MANAGER: Script for event is org.gnome.Terminal (module=orca.scripts.terminal.script)
10:26:00.566480 - EVENT MANAGER: Change active script: False (No reason found to activate a different script.)
10:26:00.566494 - EVENT MANAGER: Not processing object:text-changed:delete due to lack of reason
TOTAL PROCESSING TIME: 0.0014
^^^^^ FINISHED PRIORITY-4 OBJECT EVENT OBJECT:TEXT-CHANGED:DELETE ^^^^^

10:26:00.566562 - EVENT MANAGER: Dequeueing object:text-changed:insert for [terminal: 'Terminal' (0x784b644c3900)]  in org.gnome.Terminal (gtk 3.24.52) (2, 1, ▶)
10:26:00.566598 - EVENT MANAGER: Dequeued object:text-changed:insert for [terminal: 'Terminal' (0x784b644c3900)]  in org.gnome.Terminal (gtk 3.24.52) (2, 1, ▶) priority: 4, counter: 41

vvvvv START PRIORITY-4 OBJECT EVENT OBJECT:TEXT-CHANGED:INSERT (queue size: 30) vvvvv
10:26:00.567399 - EVENT SOURCE:
                  app='org.gnome.Terminal (gtk 3.24.52)' name='Terminal' role='terminal' axid='' id=0x784b644c3900
                  description=''
                  help=''
                  locale='C.UTF-8'
                  states='enabled, focusable, focused, sensitive, showing, visible'
                  relations=''
                  actions='menu'
                  interfaces='Action, Collection, Component, Text'
                  attributes='toolkit:gtk'
                  text='Overview ✕ ~ Unavailable~ Settings ... \n \n \n \n \n (992 chars.)'
                  path=[-1, 0, 0, 1, 0, 0, 0, 0]
                  
10:26:00.567430 - SCRIPT MANAGER: Active script is: accessibility_probe (module=orca.scripts.default)
10:26:00.567448 - FOCUS MANAGER: Locus of focus is [entry: 'Project setting' (0x784b643f73c0)] 
10:26:00.567473 - EVENT MANAGER: Getting script for event for [application: 'org.gnome.Terminal' (0x784b644b87c0)]  [terminal: 'Terminal' (0x784b644c3900)] 
10:26:00.567495 - SCRIPT MANAGER: Getting script for [application: 'org.gnome.Terminal' (0x784b644b87c0)]  [terminal: 'Terminal' (0x784b644c3900)] 
10:26:00.567519 - SCRIPT MANAGER: Script is custom script org.gnome.Terminal (module=orca.scripts.terminal.script)
10:26:00.567532 - EVENT MANAGER: Script for event is org.gnome.Terminal (module=orca.scripts.terminal.script)
10:26:00.568384 - EVENT MANAGER: Change active script: False (No reason found to activate a different script.)
10:26:00.568428 - EVENT MANAGER: Not processing object:text-changed:insert due to lack of reason
TOTAL PROCESSING TIME: 0.0018
^^^^^ FINISHED PRIORITY-4 OBJECT EVENT OBJECT:TEXT-CHANGED:INSERT ^^^^^

10:26:00.568591 - EVENT MANAGER: Dequeueing object:property-change:accessible-name for [label: ' Overview' (0x784b643f5500)]  in accessibility_probe (AccessKit) (0, 0,  Overview)
10:26:00.568698 - EVENT MANAGER: Dequeued object:property-change:accessible-name for [label: ' Overview' (0x784b647254c0)]  in accessibility_probe (AccessKit) (0, 0,  Overview) priority: 4, counter: 42

vvvvv START PRIORITY-4 OBJECT EVENT OBJECT:PROPERTY-CHANGE:ACCESSIBLE-NAME (queue size: 29) vvvvv
10:26:00.575510 - EVENT SOURCE:
                  app='accessibility_probe (AccessKit )' name=' Overview' role='label' axid='' id=0x784b643554c0
                  description=''
                  help=''
                  locale=''
                  states='enabled, sensitive, showing, visible'
                  relations=''
                  actions=''
                  interfaces=''
                  attributes=''
                  text=''
                  path=[-1, 0, 0, 0, 0, 0]
                  
10:26:00.575622 - SCRIPT MANAGER: Active script is: accessibility_probe (module=orca.scripts.default)
10:26:00.575682 - FOCUS MANAGER: Locus of focus is [entry: 'Project setting' (0x784b643f73c0)] 
10:26:00.575765 - EVENT MANAGER: Getting script for event for [application: 'accessibility_probe' (0x784b64409b80)]  [label: ' Overview' (0x784b647254c0)] 
10:26:00.575815 - SCRIPT MANAGER: Getting script for [application: 'accessibility_probe' (0x784b64409b80)]  [label: ' Overview' (0x784b647254c0)] 
10:26:00.576206 - SCRIPT MANAGER: Script is app script accessibility_probe (module=orca.scripts.default)
10:26:00.576246 - EVENT MANAGER: Script for event is accessibility_probe (module=orca.scripts.default)
10:26:00.576266 - EVENT MANAGER: Processing object:property-change:accessible-name: script for event is active
10:26:00.576393 - FOCUS MANAGER: Locus of focus is [entry: 'Project setting' (0x784b643f73c0)] 
10:26:00.576411 - AXUtilitiesEvent: The event is not from the locus of focus.
TOTAL PROCESSING TIME: 0.0077
^^^^^ FINISHED PRIORITY-4 OBJECT EVENT OBJECT:PROPERTY-CHANGE:ACCESSIBLE-NAME ^^^^^

10:26:00.576684 - EVENT MANAGER: Dequeueing object:state-changed:selected for [page tab: 'Settings' (0x784b64404040)]  in accessibility_probe (AccessKit) (1, 0, 0)
10:26:00.576778 - EVENT MANAGER: Dequeued object:state-changed:selected for [page tab: 'Settings' (0x784b64404040)]  in accessibility_probe (AccessKit) (1, 0, 0) priority: 4, counter: 43

vvvvv START PRIORITY-4 OBJECT EVENT OBJECT:STATE-CHANGED:SELECTED (queue size: 28) vvvvv

10:26:00.578161 - EVENT MANAGER: object:state-changed:selected for [page tab: 'Overview' (0x784b642cd540)]  in accessibility_probe (AccessKit) (1, 0, 0)
10:26:00.578215 - FOCUS MANAGER: Locus of focus is [entry: 'Project setting' (0x784b643f73c0)] 
10:26:00.578405 - EVENT_MANAGER: Not ignoring object:state-changed:selected due to source being selected
10:26:00.578488 - EVENT MANAGER: Queueing object:state-changed:selected for [page tab: 'Overview' (0x784b64355480)]  in accessibility_probe (AccessKit) (1, 0, 0)
10:26:00.578513 - EVENT MANAGER: App for event source is [application: 'accessibility_probe' (0x784b64409b80)] 
10:26:00.578542 - SCRIPT MANAGER: Getting script for [application: 'accessibility_probe' (0x784b64409b80)]  [page tab: 'Overview' (0x784b643f5540)] 
10:26:00.579068 - SCRIPT MANAGER: Script is app script accessibility_probe (module=orca.scripts.default)
10:26:00.579214 - EVENT MANAGER: object:state-changed:selected for [page tab: 'Overview' (0x784b64355700)]  in accessibility_probe (AccessKit) (1, 0, 0) has priority level: 4
10:26:00.579316 - EVENT MANAGER: Queued object:state-changed:selected for [page tab: 'Overview' (0x784b64355700)]  in accessibility_probe (AccessKit) (1, 0, 0) priority: 4, counter: 66

10:26:00.579432 - EVENT MANAGER: object:property-change:accessible-name for [label: '▶Overview' (0x784b642cd6c0)]  in accessibility_probe (AccessKit) (0, 0, ▶Overview)
10:26:00.579474 - FOCUS MANAGER: Locus of focus is [entry: 'Project setting' (0x784b643f73c0)] 
10:26:00.579736 - EVENT MANAGER: Queueing object:property-change:accessible-name for [label: '▶Overview' (0x784b643f3cc0)]  in accessibility_probe (AccessKit) (0, 0, ▶Overview)
10:26:00.579793 - EVENT MANAGER: App for event source is [application: 'accessibility_probe' (0x784b64409b80)] 
10:26:00.579842 - SCRIPT MANAGER: Getting script for [application: 'accessibility_probe' (0x784b64409b80)]  [label: '▶Overview' (0x784b642ccb40)] 
10:26:00.580171 - SCRIPT MANAGER: Script is app script accessibility_probe (module=orca.scripts.default)
10:26:00.580279 - EVENT MANAGER: object:property-change:accessible-name for [label: '▶Overview' (0x784b642cd680)]  in accessibility_probe (AccessKit) (0, 0, ▶Overview) has priority level: 4
10:26:00.580373 - EVENT MANAGER: Queued object:property-change:accessible-name for [label: '▶Overview' (0x784b643556c0)]  in accessibility_probe (AccessKit) (0, 0, ▶Overview) priority: 4, counter: 67

10:26:00.580470 - EVENT MANAGER: object:state-changed:selected for [page tab: 'Settings' (0x784b64404040)]  in accessibility_probe (AccessKit) (0, 0, 0)
10:26:00.580506 - FOCUS MANAGER: Locus of focus is [entry: 'Project setting' (0x784b643f73c0)] 
10:26:00.580730 - EVENT MANAGER: Queueing object:state-changed:selected for [page tab: 'Settings' (0x784b64404040)]  in accessibility_probe (AccessKit) (0, 0, 0)
10:26:00.580771 - EVENT MANAGER: App for event source is [application: 'accessibility_probe' (0x784b64409b80)] 
10:26:00.580814 - SCRIPT MANAGER: Getting script for [application: 'accessibility_probe' (0x784b64409b80)]  [page tab: 'Settings' (0x784b64404040)] 
10:26:00.581110 - SCRIPT MANAGER: Script is app script accessibility_probe (module=orca.scripts.default)
10:26:00.581243 - EVENT MANAGER: object:state-changed:selected for [page tab: 'Settings' (0x784b64404040)]  in accessibility_probe (AccessKit) (0, 0, 0) has priority level: 4
10:26:00.581340 - EVENT MANAGER: Queued object:state-changed:selected for [page tab: 'Settings' (0x784b64404040)]  in accessibility_probe (AccessKit) (0, 0, 0) priority: 4, counter: 68

10:26:00.581449 - EVENT MANAGER: object:state-changed:focused for [page tab: 'Overview' (0x784b643f4b40)]  in accessibility_probe (AccessKit) (1, 0, 0)
10:26:00.581489 - FOCUS MANAGER: Locus of focus is [entry: 'Project setting' (0x784b643f73c0)] 
10:26:00.581604 - EVENT_MANAGER: Not ignoring object:state-changed:focused due to source being selected
10:26:00.581687 - EVENT MANAGER: Queueing object:state-changed:focused for [page tab: 'Overview' (0x784b642cd680)]  in accessibility_probe (AccessKit) (1, 0, 0)
10:26:00.581729 - EVENT MANAGER: App for event source is [application: 'accessibility_probe' (0x784b64409b80)] 
10:26:00.581775 - SCRIPT MANAGER: Getting script for [application: 'accessibility_probe' (0x784b64409b80)]  [page tab: 'Overview' (0x784b642cd540)] 
10:26:00.582051 - SCRIPT MANAGER: Script is app script accessibility_probe (module=orca.scripts.default)
10:26:00.582161 - EVENT MANAGER: object:state-changed:focused for [page tab: 'Overview' (0x784b642ccb40)]  in accessibility_probe (AccessKit) (1, 0, 0) has priority level: 3
10:26:00.582254 - EVENT MANAGER: Queued object:state-changed:focused for [page tab: 'Overview' (0x784b643f5780)]  in accessibility_probe (AccessKit) (1, 0, 0) priority: 3, counter: 69

10:26:00.582352 - EVENT MANAGER: object:state-changed:focused for [entry: 'Project setting' (0x784b643f73c0)]  in accessibility_probe (AccessKit) (0, 0, 0)
10:26:00.582390 - FOCUS MANAGER: Locus of focus is [entry: 'Project setting' (0x784b643f73c0)] 
10:26:00.582480 - EVENT_MANAGER: Not ignoring object:state-changed:focused due to source being locus of focus
10:26:00.582559 - EVENT MANAGER: Queueing object:state-changed:focused for [entry: 'Project setting' (0x784b643f73c0)]  in accessibility_probe (AccessKit) (0, 0, 0)
10:26:00.582601 - EVENT MANAGER: App for event source is [application: 'accessibility_probe' (0x784b64409b80)] 
10:26:00.582647 - SCRIPT MANAGER: Getting script for [application: 'accessibility_probe' (0x784b64409b80)]  [entry: 'Project setting' (0x784b643f73c0)] 
10:26:00.582876 - SCRIPT MANAGER: Script is app script accessibility_probe (module=orca.scripts.default)
10:26:00.583016 - EVENT MANAGER: object:state-changed:focused for [entry: 'Project setting' (0x784b643f73c0)]  in accessibility_probe (AccessKit) (0, 0, 0) has priority level: 3
10:26:00.583107 - EVENT MANAGER: Queued object:state-changed:focused for [entry: 'Project setting' (0x784b643f73c0)]  in accessibility_probe (AccessKit) (0, 0, 0) priority: 3, counter: 70

10:26:00.583188 - EVENT MANAGER: object:selection-changed for [page tab list: 'Tabs' (0x784b642ccb40)]  in accessibility_probe (AccessKit) (0, 0, 0)
10:26:00.583205 - FOCUS MANAGER: Locus of focus is [entry: 'Project setting' (0x784b643f73c0)] 
10:26:00.583292 - EVENT MANAGER: Queueing object:selection-changed for [page tab list: 'Tabs' (0x784b6431d700)]  in accessibility_probe (AccessKit) (0, 0, 0)
10:26:00.583308 - EVENT MANAGER: App for event source is [application: 'accessibility_probe' (0x784b64409b80)] 
10:26:00.583325 - SCRIPT MANAGER: Getting script for [application: 'accessibility_probe' (0x784b64409b80)]  [page tab list: 'Tabs' (0x784b64354b40)] 
10:26:00.583623 - SCRIPT MANAGER: Script is app script accessibility_probe (module=orca.scripts.default)
10:26:00.583726 - EVENT MANAGER: object:selection-changed for [page tab list: 'Tabs' (0x784b643f5780)]  in accessibility_probe (AccessKit) (0, 0, 0) has priority level: 4
10:26:00.583815 - EVENT MANAGER: Queued object:selection-changed for [page tab list: 'Tabs' (0x784b6431d700)]  in accessibility_probe (AccessKit) (0, 0, 0) priority: 4, counter: 71
10:26:00.583915 - CLIPBOARD PRESENTER: Possible change event object:text-changed:delete for [terminal: 'Terminal' (0x784b644c3900)]  in org.gnome.Terminal (gtk 3.24.52) (2, 93,  Overview ✕    ~ Unavailable~     Settings ✕              \n▶ [seedx                         ])

10:26:00.584057 - EVENT MANAGER: object:text-changed:delete for [terminal: 'Terminal' (0x784b644c3900)]  in org.gnome.Terminal (gtk 3.24.52) (2, 93,  Overview ✕    ~ Unavailable~     Settings ✕              \n▶ [seedx                         ])
10:26:00.584096 - FOCUS MANAGER: Locus of focus is [entry: 'Project setting' (0x784b643f73c0)] 
10:26:00.584231 - EVENT_MANAGER: Not ignoring object:text-changed:delete due to source being focused
10:26:00.584311 - EVENT MANAGER: Queueing object:text-changed:delete for [terminal: 'Terminal' (0x784b644c3900)]  in org.gnome.Terminal (gtk 3.24.52) (2, 93,  Overview ✕    ~ Unavailable~     Settings ✕              \n▶ [seedx                         ])
10:26:00.584353 - EVENT MANAGER: App for event source is [application: 'org.gnome.Terminal' (0x784b644b87c0)] 
10:26:00.584397 - SCRIPT MANAGER: Getting script for [application: 'org.gnome.Terminal' (0x784b644b87c0)]  [terminal: 'Terminal' (0x784b644c3900)] 
10:26:00.584444 - SCRIPT MANAGER: Script is custom script org.gnome.Terminal (module=orca.scripts.terminal.script)
10:26:00.584536 - EVENT MANAGER: object:text-changed:delete for [terminal: 'Terminal' (0x784b644c3900)]  in org.gnome.Terminal (gtk 3.24.52) (2, 93,  Overview ✕    ~ Unavailable~     Settings ✕              \n▶ [seedx                         ]) has priority level: 4
10:26:00.584626 - EVENT MANAGER: Queued object:text-changed:delete for [terminal: 'Terminal' (0x784b644c3900)]  in org.gnome.Terminal (gtk 3.24.52) (2, 93,  Overview ✕    ~ Unavailable~     Settings ✕              \n▶ [seedx                         ]) priority: 4, counter: 72
10:26:00.584719 - CLIPBOARD PRESENTER: Possible change event object:text-changed:insert for [terminal: 'Terminal' (0x784b644c3900)]  in org.gnome.Terminal (gtk 3.24.52) (2, 93, ▶Overview ✕    ~ Unavailable~     Settings ✕              \nProject overview                 )

10:26:00.584839 - EVENT MANAGER: object:text-changed:insert for [terminal: 'Terminal' (0x784b644c3900)]  in org.gnome.Terminal (gtk 3.24.52) (2, 93, ▶Overview ✕    ~ Unavailable~     Settings ✕              \nProject overview                 )
10:26:00.584877 - FOCUS MANAGER: Locus of focus is [entry: 'Project setting' (0x784b643f73c0)] 
10:26:00.585017 - EVENT_MANAGER: Not ignoring object:text-changed:insert due to source being focused
10:26:00.585108 - EVENT MANAGER: Queueing object:text-changed:insert for [terminal: 'Terminal' (0x784b644c3900)]  in org.gnome.Terminal (gtk 3.24.52) (2, 93, ▶Overview ✕    ~ Unavailable~     Settings ✕              \nProject overview                 )
10:26:00.585151 - EVENT MANAGER: App for event source is [application: 'org.gnome.Terminal' (0x784b644b87c0)] 
10:26:00.585195 - SCRIPT MANAGER: Getting script for [application: 'org.gnome.Terminal' (0x784b644b87c0)]  [terminal: 'Terminal' (0x784b644c3900)] 
10:26:00.585239 - SCRIPT MANAGER: Script is custom script org.gnome.Terminal (module=orca.scripts.terminal.script)
10:26:00.585331 - EVENT MANAGER: object:text-changed:insert for [terminal: 'Terminal' (0x784b644c3900)]  in org.gnome.Terminal (gtk 3.24.52) (2, 93, ▶Overview ✕    ~ Unavailable~     Settings ✕              \nProject overview                 ) has priority level: 4
10:26:00.585421 - EVENT MANAGER: Queued object:text-changed:insert for [terminal: 'Terminal' (0x784b644c3900)]  in org.gnome.Terminal (gtk 3.24.52) (2, 93, ▶Overview ✕    ~ Unavailable~     Settings ✕              \nProject overview                 ) priority: 4, counter: 73

10:26:00.585515 - EVENT MANAGER: object:text-caret-moved for [terminal: 'Terminal' (0x784b644c3900)]  in org.gnome.Terminal (gtk 3.24.52) (95, 0, 0)
10:26:00.585552 - FOCUS MANAGER: Locus of focus is [entry: 'Project setting' (0x784b643f73c0)] 
10:26:00.585686 - EVENT_MANAGER: Not ignoring object:text-caret-moved due to source being focused
10:26:00.585765 - EVENT MANAGER: Queueing object:text-caret-moved for [terminal: 'Terminal' (0x784b644c3900)]  in org.gnome.Terminal (gtk 3.24.52) (95, 0, 0)
10:26:00.585805 - EVENT MANAGER: App for event source is [application: 'org.gnome.Terminal' (0x784b644b87c0)] 
10:26:00.585850 - SCRIPT MANAGER: Getting script for [application: 'org.gnome.Terminal' (0x784b644b87c0)]  [terminal: 'Terminal' (0x784b644c3900)] 
10:26:00.585894 - SCRIPT MANAGER: Script is custom script org.gnome.Terminal (module=orca.scripts.terminal.script)
10:26:00.585997 - EVENT MANAGER: object:text-caret-moved for [terminal: 'Terminal' (0x784b644c3900)]  in org.gnome.Terminal (gtk 3.24.52) (95, 0, 0) has priority level: 4
10:26:00.586091 - EVENT MANAGER: Queued object:text-caret-moved for [terminal: 'Terminal' (0x784b644c3900)]  in org.gnome.Terminal (gtk 3.24.52) (95, 0, 0) priority: 4, counter: 74
10:26:00.589490 - EVENT SOURCE:
                  app='accessibility_probe (AccessKit )' name='Settings' role='page tab' axid='' id=0x784b64404040
                  description=''
                  help=''
                  locale=''
                  states='enabled, focusable, selectable, sensitive, showing, visible'
                  relations=''
                  actions='click'
                  interfaces='Action, Component'
                  attributes=''
                  text=''
                  path=[-1, 0, 0, 0, 2]
                  
10:26:00.589595 - SCRIPT MANAGER: Active script is: accessibility_probe (module=orca.scripts.default)
10:26:00.589643 - FOCUS MANAGER: Locus of focus is [entry: 'Project setting' (0x784b643f73c0)] 
10:26:00.589700 - EVENT MANAGER: Getting script for event for [application: 'accessibility_probe' (0x784b64409b80)]  [page tab: 'Settings' (0x784b64404040)] 
10:26:00.589730 - SCRIPT MANAGER: Getting script for [application: 'accessibility_probe' (0x784b64409b80)]  [page tab: 'Settings' (0x784b64404040)] 
10:26:00.590136 - SCRIPT MANAGER: Script is app script accessibility_probe (module=orca.scripts.default)
10:26:00.590189 - EVENT MANAGER: Script for event is accessibility_probe (module=orca.scripts.default)
10:26:00.590211 - EVENT MANAGER: Processing object:state-changed:selected: script for event is active
10:26:00.590302 - FOCUS MANAGER: Locus of focus is [entry: 'Project setting' (0x784b643f73c0)] 
10:26:00.590321 - AXUtilitiesEvent: The event is not from the locus of focus.
TOTAL PROCESSING TIME: 0.0135
^^^^^ FINISHED PRIORITY-4 OBJECT EVENT OBJECT:STATE-CHANGED:SELECTED ^^^^^

10:26:00.590495 - EVENT MANAGER: Dequeueing object:state-changed:focused for [page tab: 'Overview' (0x784b643560c0)]  in accessibility_probe (AccessKit) (1, 0, 0)
10:26:00.590586 - EVENT MANAGER: Dequeued object:state-changed:focused for [page tab: 'Overview' (0x784b64355580)]  in accessibility_probe (AccessKit) (1, 0, 0) priority: 3, counter: 69

vvvvv START PRIORITY-3 OBJECT EVENT OBJECT:STATE-CHANGED:FOCUSED (queue size: 36) vvvvv
10:26:00.596931 - EVENT SOURCE:
                  app='accessibility_probe (AccessKit )' name='Overview' role='page tab' axid='' id=0x784b64355580
                  description=''
                  help=''
                  locale=''
                  states='enabled, focusable, focused, selectable, selected, sensitive, showing, visible'
                  relations=''
                  actions='click'
                  interfaces='Action, Component'
                  attributes=''
                  text=''
                  path=[-1, 0, 0, 0, 0]
                  
10:26:00.597023 - SCRIPT MANAGER: Active script is: accessibility_probe (module=orca.scripts.default)
10:26:00.597075 - FOCUS MANAGER: Locus of focus is [entry: 'Project setting' (0x784b643f73c0)] 
10:26:00.597149 - EVENT MANAGER: Getting script for event for [application: 'accessibility_probe' (0x784b64409b80)]  [page tab: 'Overview' (0x784b64516080)] 
10:26:00.597195 - SCRIPT MANAGER: Getting script for [application: 'accessibility_probe' (0x784b64409b80)]  [page tab: 'Overview' (0x784b64516080)] 
10:26:00.597565 - SCRIPT MANAGER: Script is app script accessibility_probe (module=orca.scripts.default)
10:26:00.597599 - EVENT MANAGER: Script for event is accessibility_probe (module=orca.scripts.default)
10:26:00.597615 - EVENT MANAGER: Processing object:state-changed:focused: script for event is active
10:26:00.599083 - SCRIPT UTILITIES: [frame: 'Reactive TUI App accessibility round 1' (0x784b64726b00)]  is top-level object for: [page tab: 'Overview' (0x784b643f58c0)] 
10:26:00.600682 - SCRIPT UTILITIES: [page tab: 'Overview' (0x784b643f58c0)]  is in frame [frame: 'Reactive TUI App accessibility round 1' (0x784b64726b00)]  and dialog None
10:26:00.600746 - AXObject: Clearing AT-SPI cache on [frame: 'Reactive TUI App accessibility round 1' (0x784b64726b00)]  Recursive: False.  Reason: Checking if window can be the active window
10:26:00.604057 - AXUtilities: [frame: 'Reactive TUI App accessibility round 1' (0x784b64726b00)]  from [application: 'accessibility_probe' (0x784b64409b80)]  can be active window
10:26:00.604172 - FOCUS MANAGER: Request to set locus of focus to [page tab: 'Overview' (0x784b643f58c0)]  event_manager._dequeue_object_event:666 > event_manager._process_object_event:982 > default._on_focused_changed:1114 > focus_manager.set_locus_of_focus:271
10:26:00.604744 - AXObject: Clearing AT-SPI cache on [page tab: 'Overview' (0x784b643f58c0)]  Recursive: False.  Reason: Setting locus of focus.
10:26:00.604785 - SCRIPT MANAGER: Active script is: accessibility_probe (module=orca.scripts.default)
10:26:00.605637 - FOCUS MANAGER: Changing locus of focus from [entry: 'Project setting' (0x784b643f73c0)]  to [page tab: 'Overview' (0x784b643f58c0)] . Notify: True
10:26:00.605903 - FOCUS MANAGER: Region of interest: [page tab: 'Overview' (0x784b643f58c0)]  (0, 0)
10:26:00.606195 - FOCUS MANAGER: Switching object of interest from [entry: 'Project setting' (0x784b643f73c0)]  to [page tab: 'Overview' (0x784b643f58c0)] 
10:26:00.606690 - AXObject: [entry: 'Project setting' (0x784b643f73c0)]  has index -1 ; parent [scroll pane: 'Settings panel' (0x784b64337780)]  has -1 children
10:26:00.606972 - AXObject: [scroll pane: 'Settings panel' (0x784b64337780)]  has index -1 ; parent [panel: 'Project sections' (0x784b642d8d00)]  has 2 children
10:26:00.608061 - DOCUMENT PRESENTER: Updating mode for focus change. Old focus: [entry: 'Project setting' (0x784b643f73c0)]  old doc: None New focus: [page tab: 'Overview' (0x784b643f58c0)]  new doc: None
10:26:00.608086 - SCRIPT MANAGER: Active script is: accessibility_probe (module=orca.scripts.default)
10:26:00.608099 - CARET NAVIGATOR: Commands suspended: False: locus of focus no longer in document
10:26:00.608151 - GSETTINGS SCHEMA HANDLE: keybindings/keyboard-layout not set [app:accessibility_probe, profile:default]
10:26:00.608158 - GSETTINGS REGISTRY: keybindings/keyboard-layout using default value = 'desktop'
10:26:00.608172 - GSETTINGS SCHEMA HANDLE: keybindings/desktop-modifier-keys not set [app:accessibility_probe, profile:default]
10:26:00.608178 - GSETTINGS REGISTRY: keybindings/desktop-modifier-keys using default value = ['Insert', 'KP_Insert']
10:26:00.608211 - SCRIPT MANAGER: Active script is: accessibility_probe (module=orca.scripts.default)
10:26:00.608216 - STRUCTURAL NAVIGATOR: Suspended: False: locus of focus no longer in document
10:26:00.608229 - GSETTINGS SCHEMA HANDLE: keybindings/keyboard-layout not set [app:accessibility_probe, profile:default]
10:26:00.608234 - GSETTINGS REGISTRY: keybindings/keyboard-layout using default value = 'desktop'
10:26:00.608245 - GSETTINGS SCHEMA HANDLE: keybindings/desktop-modifier-keys not set [app:accessibility_probe, profile:default]
10:26:00.608249 - GSETTINGS REGISTRY: keybindings/desktop-modifier-keys using default value = ['Insert', 'KP_Insert']
10:26:00.608286 - STRUCTURAL NAVIGATOR: Setting mode for accessibility_probe (module=orca.scripts.default) to NavigationMode.OFF
10:26:00.608301 - SCRIPT MANAGER: Active script is: accessibility_probe (module=orca.scripts.default)
10:26:00.608314 - GSETTINGS SCHEMA HANDLE: keybindings/keyboard-layout not set [app:accessibility_probe, profile:default]
10:26:00.608318 - GSETTINGS REGISTRY: keybindings/keyboard-layout using default value = 'desktop'
10:26:00.608329 - GSETTINGS SCHEMA HANDLE: keybindings/desktop-modifier-keys not set [app:accessibility_probe, profile:default]
10:26:00.608332 - GSETTINGS REGISTRY: keybindings/desktop-modifier-keys using default value = ['Insert', 'KP_Insert']
10:26:00.608364 - CARET NAVIGATOR: Setting enabled state for accessibility_probe (module=orca.scripts.default) to False
10:26:00.608377 - SCRIPT MANAGER: Active script is: accessibility_probe (module=orca.scripts.default)
10:26:00.608389 - GSETTINGS SCHEMA HANDLE: keybindings/keyboard-layout not set [app:accessibility_probe, profile:default]
10:26:00.608393 - GSETTINGS REGISTRY: keybindings/keyboard-layout using default value = 'desktop'
10:26:00.608403 - GSETTINGS SCHEMA HANDLE: keybindings/desktop-modifier-keys not set [app:accessibility_probe, profile:default]
10:26:00.608407 - GSETTINGS REGISTRY: keybindings/desktop-modifier-keys using default value = ['Insert', 'KP_Insert']
10:26:00.609095 - SCRIPT UTILITIES: [frame: 'Reactive TUI App accessibility round 1' (0x784b64726b00)]  is top-level object for: [page tab: 'Overview' (0x784b643f58c0)] 
10:26:00.609117 - FOCUS MANAGER: Request to set active window to [frame: 'Reactive TUI App accessibility round 1' (0x784b64726b00)] 
10:26:00.609122 - FOCUS MANAGER: Setting active window to existing active window
10:26:00.609734 - SCRIPT MANAGER: Getting script for [application: 'accessibility_probe' (0x784b64409b80)]  [page tab: 'Overview' (0x784b643f58c0)] 
10:26:00.609901 - SCRIPT MANAGER: Script is app script accessibility_probe (module=orca.scripts.default)
10:26:00.610656 - AXUtilitiesRelation: [entry: 'Project setting' (0x784b643f73c0)]  is controlled by [page tab: 'Overview' (0x784b643f58c0)] : False
10:26:00.610709 - AXUtilitiesRelation: [page tab: 'Overview' (0x784b643f58c0)]  is controlled by [entry: 'Project setting' (0x784b643f73c0)] : False
10:26:00.610717 - PRESENTATION MANAGER: Interrupting presentation
10:26:00.610750 - SPEECH MANAGER: interrupt_speech. Script: None Event: None notify_user: False
10:26:00.611265 - SPEECH MANAGER: Speech server is <orca.speechdispatcherfactory.SpeechServer object at 0x784b644a96a0>
10:26:00.611396 - BRAILLE: Kill flash message presentation_manager.interrupt_if_needed_for_focus_change:100 > presentation_manager.interrupt_presentation:88 > braille_presenter.kill_flash:1829 > braille.kill_flash:2182
10:26:00.612162 - FOCUS MANAGER: Active mode: focus-tracking Object of interest: [page tab: 'Overview' (0x784b643f58c0)] 
10:26:00.612264 - GSETTINGS SCHEMA HANDLE: speech/enable not set [app:accessibility_probe, profile:default]
10:26:00.612283 - GSETTINGS REGISTRY: speech/enable using default value = True
10:26:00.612331 - GSETTINGS SCHEMA HANDLE: speech/verbosity-level not set [app:accessibility_probe, profile:default]
10:26:00.612346 - GSETTINGS REGISTRY: speech/verbosity-level using default value = 'verbose'
10:26:00.612385 - FOCUS MANAGER: Locus of focus is [page tab: 'Overview' (0x784b643f58c0)] 
10:26:00.612421 - SCRIPT MANAGER: Active script is: accessibility_probe (module=orca.scripts.default)
10:26:00.612463 - GSETTINGS SCHEMA HANDLE: speech/only-speak-displayed-text not set [app:accessibility_probe, profile:default]
10:26:00.612477 - GSETTINGS REGISTRY: speech/only-speak-displayed-text using default value = False
10:26:00.612512 - GSETTINGS SCHEMA HANDLE: speech/speak-description not set [app:accessibility_probe, profile:default]
10:26:00.612525 - GSETTINGS REGISTRY: speech/speak-description using default value = True
10:26:00.612558 - GSETTINGS SCHEMA HANDLE: speech/speak-tutorial-messages not set [app:accessibility_probe, profile:default]
10:26:00.612571 - GSETTINGS REGISTRY: speech/speak-tutorial-messages using default value = True
10:26:00.612603 - GSETTINGS SCHEMA HANDLE: speech/speak-position-in-set not set [app:accessibility_probe, profile:default]
10:26:00.612616 - GSETTINGS REGISTRY: speech/speak-position-in-set using default value = False
10:26:00.612647 - GSETTINGS SCHEMA HANDLE: speech/speak-widget-mnemonic not set [app:accessibility_probe, profile:default]
10:26:00.612658 - GSETTINGS REGISTRY: speech/speak-widget-mnemonic using default value = True
10:26:00.612689 - GSETTINGS SCHEMA HANDLE: speech/speak-blank-lines not set [app:accessibility_probe, profile:default]
10:26:00.612700 - GSETTINGS REGISTRY: speech/speak-blank-lines using default value = True
10:26:00.612731 - GSETTINGS SCHEMA HANDLE: speech/speak-indentation-and-justification not set [app:accessibility_probe, profile:default]
10:26:00.612743 - GSETTINGS REGISTRY: speech/speak-indentation-and-justification using default value = False
10:26:00.612774 - GSETTINGS SCHEMA HANDLE: speech/announce-cell-headers not set [app:accessibility_probe, profile:default]
10:26:00.612785 - GSETTINGS REGISTRY: speech/announce-cell-headers using default value = True
10:26:00.612815 - GSETTINGS SCHEMA HANDLE: speech/announce-cell-coordinates not set [app:accessibility_probe, profile:default]
10:26:00.612826 - GSETTINGS REGISTRY: speech/announce-cell-coordinates using default value = True
10:26:00.612857 - GSETTINGS SCHEMA HANDLE: speech/announce-spreadsheet-cell-coordinates not set [app:accessibility_probe, profile:default]
10:26:00.612868 - GSETTINGS REGISTRY: speech/announce-spreadsheet-cell-coordinates using default value = True
10:26:00.612898 - GSETTINGS SCHEMA HANDLE: speech/announce-blockquote not set [app:accessibility_probe, profile:default]
10:26:00.612909 - GSETTINGS REGISTRY: speech/announce-blockquote using default value = True
10:26:00.612939 - GSETTINGS SCHEMA HANDLE: speech/announce-form not set [app:accessibility_probe, profile:default]
10:26:00.612950 - GSETTINGS REGISTRY: speech/announce-form using default value = True
10:26:00.612986 - GSETTINGS SCHEMA HANDLE: speech/announce-landmark not set [app:accessibility_probe, profile:default]
10:26:00.613002 - GSETTINGS REGISTRY: speech/announce-landmark using default value = True
10:26:00.613034 - GSETTINGS SCHEMA HANDLE: speech/announce-list not set [app:accessibility_probe, profile:default]
10:26:00.613045 - GSETTINGS REGISTRY: speech/announce-list using default value = True
10:26:00.613075 - GSETTINGS SCHEMA HANDLE: speech/announce-grouping not set [app:accessibility_probe, profile:default]
10:26:00.613086 - GSETTINGS REGISTRY: speech/announce-grouping using default value = True
10:26:00.613115 - GSETTINGS SCHEMA HANDLE: speech/announce-table not set [app:accessibility_probe, profile:default]
10:26:00.613131 - GSETTINGS REGISTRY: speech/announce-table using default value = True
10:26:00.615640 - GENERATOR: _get_functional_role: page-tab
10:26:00.615760 - SPEECH GENERATOR: speech_generator.SpeechGenerator._generate_page_tab for [page tab: 'Overview' (0x784b643f58c0)]  args: {'formatType': 'unfocused', 'priorObj': "[entry: 'Project setting' (0x784b643f73c0)] ", 'role': 'page-tab'}
10:26:00.615798 - SPEECH GENERATOR: _generate_old_ancestors: []
10:26:00.615853 - SPEECH GENERATOR: _generate_new_ancestors: []
10:26:00.615894 - AXUtilitiesRelation: [page tab: 'Overview' (0x784b643f58c0)]  is labelled by: []
10:26:00.615909 - GENERATOR: _generate_accessible_label: []
10:26:00.615923 - SPEECH GENERATOR: _generate_accessible_label: []
10:26:00.615946 - GENERATOR: _generate_accessible_name: [Overview]
10:26:00.615996 - GSETTINGS SCHEMA HANDLE: voice/established not set [app:accessibility_probe, profile:default]
10:26:00.616015 - GSETTINGS SCHEMA HANDLE: voice/rate not set [app:accessibility_probe, profile:default]
10:26:00.616028 - GSETTINGS SCHEMA HANDLE: voice/pitch not set [app:accessibility_probe, profile:default]
10:26:00.616041 - GSETTINGS SCHEMA HANDLE: voice/volume not set [app:accessibility_probe, profile:default]
10:26:00.616056 - GSETTINGS SCHEMA HANDLE: voice/family-name not set [app:accessibility_probe, profile:default]
10:26:00.616068 - GSETTINGS SCHEMA HANDLE: voice/family-lang not set [app:accessibility_probe, profile:default]
10:26:00.616079 - GSETTINGS SCHEMA HANDLE: voice/family-dialect not set [app:accessibility_probe, profile:default]
10:26:00.616089 - GSETTINGS SCHEMA HANDLE: voice/family-gender not set [app:accessibility_probe, profile:default]
10:26:00.616099 - GSETTINGS SCHEMA HANDLE: voice/family-variant not set [app:accessibility_probe, profile:default]
10:26:00.616128 - SPEECH GENERATOR: default voice requested for [page tab: 'Overview' (0x784b643f58c0)]  language='', dialect='' Unmodified voice={'established': False}
10:26:00.616152 - SPEECH GENERATOR: Reported locale of [page tab: 'Overview' (0x784b643f58c0)]  is 
10:26:00.616170 - SPEECH GENERATOR: Updated to: 'C', ''
10:26:00.616193 - GSETTINGS SCHEMA HANDLE: speech/auto-language-switching not set [app:accessibility_probe, profile:default]
10:26:00.616198 - GSETTINGS REGISTRY: speech/auto-language-switching using default value = True
10:26:00.616207 - SPEECH DISPATCHER: Returning cached result for language='C' dialect='' variant='None'
10:26:00.616244 - SPEECH GENERATOR: Family updated to {'dialect': '', 'lang': 'C', 'name': ''}
10:26:00.616287 - SPEECH GENERATOR: Final voice is {'established': 'False', 'family': "{'dialect': '', 'lang': 'C', 'name': ''}"}
10:26:00.616334 - SPEECH GENERATOR: _generate_accessible_name: [Overview, {'established': 'False', 'family': "{'dialect': '', 'lang': 'C', 'name': ''}"}]
10:26:00.616386 - GENERATOR: _generate_accessible_label_and_name: [Overview, {'established': 'False', 'family': "{'dialect': '', 'lang': 'C', 'name': ''}"}]
10:26:00.616405 - SPEECH PRESENTER: Adjusting 'Overview' from [page tab: 'Overview' (0x784b643f58c0)]  start_offset: None
10:26:00.616630 - GSETTINGS SCHEMA HANDLE: speech/speak-numbers-as-digits not set [app:accessibility_probe, profile:default]
10:26:00.616636 - GSETTINGS REGISTRY: speech/speak-numbers-as-digits using default value = False
10:26:00.616663 - GSETTINGS SCHEMA HANDLE: speech/repeated-character-limit not set [app:accessibility_probe, profile:default]
10:26:00.616668 - GSETTINGS REGISTRY: speech/repeated-character-limit using default value = 4
10:26:00.619597 - GSETTINGS SCHEMA HANDLE: speech/use-pronunciation-dictionary not set [app:accessibility_probe, profile:default]
10:26:00.619649 - GSETTINGS REGISTRY: speech/use-pronunciation-dictionary using default value = True
10:26:00.619675 - SPEECH PRESENTER: Adjusted text: 'Overview'
10:26:00.619806 - SPEECH GENERATOR: _generate_accessible_label_and_name: [Overview, {'established': 'False', 'family': "{'dialect': '', 'lang': 'C', 'name': ''}"}]
10:26:00.619909 - GENERATOR: _generate_state_expanded: []
10:26:00.619943 - SPEECH GENERATOR: _generate_state_expanded: []
10:26:00.622670 - GSETTINGS SCHEMA HANDLE: voice/established not set [app:accessibility_probe, profile:default]
10:26:00.622743 - GSETTINGS SCHEMA HANDLE: voice/rate not set [app:accessibility_probe, profile:default]
10:26:00.622787 - GSETTINGS SCHEMA HANDLE: voice/pitch not set [app:accessibility_probe, profile:default]
10:26:00.622826 - GSETTINGS SCHEMA HANDLE: voice/volume not set [app:accessibility_probe, profile:default]
10:26:00.622869 - GSETTINGS SCHEMA HANDLE: voice/family-name not set [app:accessibility_probe, profile:default]
10:26:00.622907 - GSETTINGS SCHEMA HANDLE: voice/family-lang not set [app:accessibility_probe, profile:default]
10:26:00.622943 - GSETTINGS SCHEMA HANDLE: voice/family-dialect not set [app:accessibility_probe, profile:default]
10:26:00.622993 - GSETTINGS SCHEMA HANDLE: voice/family-gender not set [app:accessibility_probe, profile:default]
10:26:00.623033 - GSETTINGS SCHEMA HANDLE: voice/family-variant not set [app:accessibility_probe, profile:default]
10:26:00.623108 - SPEECH GENERATOR: system voice requested for [page tab: 'Overview' (0x784b643f58c0)]  language='', dialect='' Unmodified voice={'established': False}
10:26:00.623164 - SPEECH GENERATOR: Reported locale of [page tab: 'Overview' (0x784b643f58c0)]  is 
10:26:00.623197 - SPEECH GENERATOR: Updated to: 'C', ''
10:26:00.623238 - GSETTINGS SCHEMA HANDLE: voice/established not set [app:accessibility_probe, profile:default]
10:26:00.623274 - GSETTINGS SCHEMA HANDLE: voice/rate not set [app:accessibility_probe, profile:default]
10:26:00.623307 - GSETTINGS SCHEMA HANDLE: voice/pitch not set [app:accessibility_probe, profile:default]
10:26:00.623341 - GSETTINGS SCHEMA HANDLE: voice/volume not set [app:accessibility_probe, profile:default]
10:26:00.623375 - GSETTINGS SCHEMA HANDLE: voice/family-name not set [app:accessibility_probe, profile:default]
10:26:00.623407 - GSETTINGS SCHEMA HANDLE: voice/family-lang not set [app:accessibility_probe, profile:default]
10:26:00.623440 - GSETTINGS SCHEMA HANDLE: voice/family-dialect not set [app:accessibility_probe, profile:default]
10:26:00.623481 - GSETTINGS SCHEMA HANDLE: voice/family-gender not set [app:accessibility_probe, profile:default]
10:26:00.623513 - GSETTINGS SCHEMA HANDLE: voice/family-variant not set [app:accessibility_probe, profile:default]
10:26:00.623588 - SPEECH GENERATOR: Final voice is {'established': 'False', 'family': '{}'}
10:26:00.623665 - SPEECH GENERATOR: _generate_accessible_role: [page tab, {'established': 'False', 'family': '{}'}]
10:26:00.623729 - GENERATOR: _generate_state_sensitive: []
10:26:00.623761 - SPEECH GENERATOR: _generate_state_sensitive: []
10:26:00.623803 - GSETTINGS SCHEMA HANDLE: speech/insert-pauses-between-utterances not set [app:accessibility_probe, profile:default]
10:26:00.623816 - GSETTINGS REGISTRY: speech/insert-pauses-between-utterances using default value = True
10:26:00.623853 - GSETTINGS SCHEMA HANDLE: speech/punctuation-level not set [app:accessibility_probe, profile:default]
10:26:00.623866 - GSETTINGS REGISTRY: speech/punctuation-level using default value = 'most'
10:26:00.625339 - GENERATOR: _generate_keyboard_mnemonic: []
10:26:00.625396 - SPEECH GENERATOR: _generate_keyboard_mnemonic: []
10:26:00.625438 - GSETTINGS SCHEMA HANDLE: speech/insert-pauses-between-utterances not set [app:accessibility_probe, profile:default]
10:26:00.625446 - GSETTINGS REGISTRY: speech/insert-pauses-between-utterances using default value = True
10:26:00.625463 - GSETTINGS SCHEMA HANDLE: speech/punctuation-level not set [app:accessibility_probe, profile:default]
10:26:00.625468 - GSETTINGS REGISTRY: speech/punctuation-level using default value = 'most'
10:26:00.625488 - SPEECH GENERATOR: _generate_position_in_list: []
10:26:00.625526 - GENERATOR: _generate_state_current: []
10:26:00.625539 - SPEECH GENERATOR: _generate_state_current: []
10:26:00.625552 - SPEECH GENERATOR: _generate_has_click_action: []
10:26:00.625566 - SPEECH GENERATOR: _generate_has_details: []
10:26:00.625578 - SPEECH GENERATOR: _generate_details_for: []
10:26:00.626060 - AXUtilitiesRelation: [page tab: 'Overview' (0x784b643f58c0)]  is described by: []
10:26:00.626113 - GENERATOR: _generate_accessible_description: []
10:26:00.626145 - SPEECH GENERATOR: _generate_accessible_description: []
10:26:00.626208 - SPEECH GENERATOR: _generate_state_has_popup: []
10:26:00.628187 - SPEECH GENERATOR: _generate_tutorial: []
10:26:00.628381 - SPEECH GENERATOR: Results: [Overview, {'established': 'False', 'family': "{'dialect': '', 'lang': 'C', 'name': ''}"}, page tab, {'established': 'False', 'family': '{}'}, PAUSE, PAUSE]
10:26:00.628491 - SPEECH: Speak [Overview, {'established': 'False', 'family': "{'dialect': '', 'lang': 'C', 'name': ''}"}, page tab, {'established': 'False', 'family': '{}'}, PAUSE, PAUSE], acss: None
10:26:00.628561 - SPEECH: New voice {'established': 'False'}  != active voice {'established': 'False', 'family': "{'dialect': '', 'lang': 'C', 'name': ''}"}
10:26:00.628575 - SPEECH OUTPUT: 'Overview' {'established': False, 'family': {'name': '', 'gender': None, 'lang': 'C', 'dialect': '', 'variant': None}}
10:26:00.628580 - SPEECH DISPATCHER: Speaking 'Overview' as string
10:26:00.629305 - SPEECH DISPATCHER: Speaking '<speak><mark name="0:8"/>Overview</speak>' 
                  ORCA rate 50.0, pitch 5.0, volume 10.0, language C, punctuation: MOST
                  SD rate 2, pitch 10, volume 100, language c
10:26:00.629368 - SPEECH OUTPUT: 'page tab.' {'established': False}
10:26:00.629375 - SPEECH DISPATCHER: Speaking 'page tab.' as string
10:26:00.629555 - SPEECH DISPATCHER: Speaking '<speak><mark name="0:4"/>page <mark name="5:9"/>tab.</speak>' 
                  ORCA rate 50.0, pitch 5.0, volume 10.0, language C, punctuation: MOST
                  SD rate 2, pitch 10, volume 100, language c
10:26:00.630470 - GSETTINGS SCHEMA HANDLE: braille/enabled not set [app:accessibility_probe, profile:default]
10:26:00.630488 - GSETTINGS REGISTRY: braille/enabled using default value = True
10:26:00.630531 - FOCUS MANAGER: Active mode: focus-tracking Object of interest: [page tab: 'Overview' (0x784b643f58c0)] 
10:26:00.630549 - GSETTINGS SCHEMA HANDLE: braille/enabled not set [app:accessibility_probe, profile:default]
10:26:00.630555 - GSETTINGS REGISTRY: braille/enabled using default value = True
10:26:00.630572 - GSETTINGS SCHEMA HANDLE: braille/verbosity-level not set [app:accessibility_probe, profile:default]
10:26:00.630577 - GSETTINGS REGISTRY: braille/verbosity-level using default value = 'verbose'
10:26:00.630592 - FOCUS MANAGER: Locus of focus is [page tab: 'Overview' (0x784b643f58c0)] 
10:26:00.630610 - SCRIPT MANAGER: Active script is: accessibility_probe (module=orca.scripts.default)
10:26:00.630626 - GSETTINGS SCHEMA HANDLE: braille/rolename-style not set [app:accessibility_probe, profile:default]
10:26:00.630630 - GSETTINGS REGISTRY: braille/rolename-style using default value = 'verbose'
10:26:00.630643 - GSETTINGS SCHEMA HANDLE: braille/display-ancestors not set [app:accessibility_probe, profile:default]
10:26:00.630647 - GSETTINGS REGISTRY: braille/display-ancestors using default value = True
10:26:00.630657 - GSETTINGS SCHEMA HANDLE: braille/end-of-line-indicator not set [app:accessibility_probe, profile:default]
10:26:00.630661 - GSETTINGS REGISTRY: braille/end-of-line-indicator using default value = True
10:26:00.630672 - GSETTINGS SCHEMA HANDLE: braille/present-mnemonics not set [app:accessibility_probe, profile:default]
10:26:00.630676 - GSETTINGS REGISTRY: braille/present-mnemonics using default value = True
10:26:00.633705 - GENERATOR: _get_functional_role: page-tab
10:26:00.633866 - BRAILLE GENERATOR: braille_generator.BrailleGenerator._generate_page_tab for [page tab: 'Overview' (0x784b643f58c0)]  args: {'formatType': 'focused', 'priorObj': "[entry: 'Project setting' (0x784b643f73c0)] ", 'role': 'page-tab'}
10:26:00.638456 - GENERATOR: _get_functional_role: panel
10:26:00.638615 - BRAILLE GENERATOR: braille_generator.BrailleGenerator._generate_panel for [panel: 'Project sections' (0x784b642d8d00)]  args: {'formatType': 'ancestor', 'includeContext': 'False', 'priorObj': "[entry: 'Project setting' (0x784b643f73c0)] ", 'role': 'panel'}
10:26:00.638678 - GENERATOR: _generate_text_substring: []
10:26:00.638786 - AXUtilitiesRelation: [panel: 'Project sections' (0x784b642d8d00)]  is labelled by: []
10:26:00.638819 - GENERATOR: _generate_accessible_label: []
10:26:00.638863 - GENERATOR: _generate_accessible_name: [Project sections]
10:26:00.638905 - GENERATOR: _generate_accessible_label_and_name: [Project sections]
10:26:00.641819 - BRAILLE GENERATOR: _generate_accessible_role: [panel]
10:26:00.641870 - BRAILLE: Not contracting 'Project sections panel' because contracted braille is not enabled.
10:26:00.641929 - GENERATOR: _generate_accessible_description: []
10:26:00.641993 - GENERATOR: _generate_state_current: []
10:26:00.642042 - BRAILLE GENERATOR: Results: [COMPONENT: 'Project sections panel', cursor offset:0]
10:26:00.646553 - GENERATOR: _get_functional_role: frame
10:26:00.646729 - BRAILLE GENERATOR: braille_generator.BrailleGenerator._generate_frame for [frame: 'Reactive TUI App accessibility round 1' (0x784b64726b00)]  args: {'formatType': 'ancestor', 'includeContext': 'False', 'priorObj': "[entry: 'Project setting' (0x784b643f73c0)] ", 'role': 'frame'}
10:26:00.646823 - AXUtilitiesRelation: [frame: 'Reactive TUI App accessibility round 1' (0x784b64726b00)]  is labelled by: []
10:26:00.646859 - GENERATOR: _generate_accessible_label: []
10:26:00.646907 - GENERATOR: _generate_accessible_name: [Reactive TUI App accessibility round 1]
10:26:00.646952 - GENERATOR: _generate_accessible_label_and_name: [Reactive TUI App accessibility round 1]
10:26:00.650417 - BRAILLE GENERATOR: _generate_accessible_role: [frame]
10:26:00.650619 - AXUtilities: Unfocused alerts and dialogs for [frame: 'Reactive TUI App accessibility round 1' (0x784b64726b00)] : []
10:26:00.650659 - BRAILLE GENERATOR: _generate_alert_and_dialog_count: []
10:26:00.650680 - BRAILLE: Not contracting 'Reactive TUI App accessibility round 1 frame' because contracted braille is not enabled.
10:26:00.650728 - GENERATOR: _generate_accessible_description: []
10:26:00.651361 - GENERATOR: _generate_state_current: []
10:26:00.651423 - BRAILLE GENERATOR: Results: [COMPONENT: 'Reactive TUI App accessibility round 1 frame', cursor offset:0]
10:26:00.654542 - GENERATOR: _get_functional_role: application
10:26:00.654602 - BRAILLE GENERATOR: [application: 'accessibility_probe' (0x784b64409b80)]  lacks dedicated generator
10:26:00.654682 - BRAILLE GENERATOR: braille_generator.BrailleGenerator._generate_default_presentation for [application: 'accessibility_probe' (0x784b64409b80)]  args: {'formatType': 'ancestor', 'includeContext': 'False', 'priorObj': "[entry: 'Project setting' (0x784b643f73c0)] ", 'role': 'application'}
10:26:00.654739 - AXUtilitiesRelation: [application: 'accessibility_probe' (0x784b64409b80)]  is labelled by: []
10:26:00.654755 - GENERATOR: _generate_accessible_label: []
10:26:00.654776 - GENERATOR: _generate_accessible_name: [accessibility_probe]
10:26:00.654796 - GENERATOR: _generate_accessible_label_and_name: [accessibility_probe]
10:26:00.656103 - BRAILLE GENERATOR: _generate_accessible_role: [application]
10:26:00.656118 - BRAILLE: Not contracting 'accessibility_probe application' because contracted braille is not enabled.
10:26:00.656138 - BRAILLE GENERATOR: Results: [COMPONENT: 'accessibility_probe application', cursor offset:0]
10:26:00.656182 - BRAILLE GENERATOR: _generate_ancestors: [COMPONENT: 'accessibility_probe application', cursor offset:0, REGION: ' ', cursor offset:0, COMPONENT: 'Reactive TUI App accessibility round 1 frame', cursor offset:0, REGION: ' ', cursor offset:0, COMPONENT: 'Project sections panel', cursor offset:0]
10:26:00.656213 - AXUtilitiesRelation: [page tab: 'Overview' (0x784b643f58c0)]  is labelled by: []
10:26:00.656226 - GENERATOR: _generate_accessible_label: []
10:26:00.656245 - GENERATOR: _generate_accessible_name: [Overview]
10:26:00.656263 - GENERATOR: _generate_accessible_label_and_name: [Overview]
10:26:00.658128 - BRAILLE GENERATOR: _generate_accessible_role: [page tab]
10:26:00.658829 - GENERATOR: _generate_keyboard_mnemonic: []
10:26:00.659466 - BRAILLE: Not contracting 'Overview page tab' because contracted braille is not enabled.
10:26:00.659500 - GENERATOR: _generate_accessible_description: []
10:26:00.659527 - GENERATOR: _generate_state_current: []
10:26:00.659574 - BRAILLE GENERATOR: Results: [COMPONENT: 'accessibility_probe application', cursor offset:0, REGION: ' ', cursor offset:0, COMPONENT: 'Reactive TUI App accessibility round 1 frame', cursor offset:0, REGION: ' ', cursor offset:0, COMPONENT: 'Project sections panel', cursor offset:0, REGION: ' ', cursor offset:0, COMPONENT: 'Overview page tab', cursor offset:0]
10:26:00.659628 - BRAILLE: Refresh. Pan: True target: 0
10:26:00.659635 - BRAILLE: Kill flash message braille.display_line:1618 > braille.refresh:2097 > braille._prepare_refresh:1856 > braille.kill_flash:2182
10:26:00.660147 - GSETTINGS SCHEMA HANDLE: braille/enabled not set [app:accessibility_probe, profile:default]
10:26:00.660159 - GSETTINGS REGISTRY: braille/enabled using default value = True
10:26:00.660187 - BRAILLE: Last text object: [entry: 'Project setting' (0x784b643f73c0)]  (Caret: 0, Line: 0, Cell: 17)
10:26:00.660213 - BRAILLE: Current text object: None (Caret: 0, Line: 0). On same line: False
10:26:00.660223 - BRAILLE: Line 0: 'accessibility_probe application Reactive TUI App accessibility round 1 frame Project sections panel Overview page tab' focusOffset: 100 [[0, 32], [32, 63], [63, 94], [94, 100], [100, 117]]
10:26:00.660229 - BRAILLE: Cursor offset in line string is: 100
10:26:00.660235 - BRAILLE: Adjusting offset to 100 (unhandled condition)
10:26:00.660239 - BRAILLE: Current range: (100, 132). Target cell: 0
10:26:00.660245 - BRAILLE LINE:  'accessibility_probe application Reactive TUI App accessibility round 1 frame Project sections panel Overview page tab'
10:26:00.660249 -      VISIBLE:  'Overview page tab', cursor=1
10:26:00.660264 - BRAILLE: Enabling braille. BrlAPI running: False
10:26:00.660268 - BRAILLE: Need to initialize first.
10:26:00.660283 - BRAILLE: Initializing. Callback: input_event_manager.InputEventManager.process_braille_event
10:26:00.660303 - BRAILLE: WINDOWPATH= None
10:26:00.660318 - BRAILLE: XDG_VTNR= 1
10:26:00.660337 - BRAILLE: Attempting connection with BrlAPI.
10:26:00.660712 - BRAILLE: BrlAPI Connection is unavailable (ConnectionError): couldn't connect to b':0' with key b'keyfile:/etc/brlapi.key+polkit': connect: No such file or directory
                  (brlerrno 11, libcerrno 2, gaierrno 0)
                  Is BRLTTY really running?
10:26:00.661532 - AXTable: Setting last cell coordinates to row=-1, column=-1
10:26:00.661621 - FOCUS MANAGER: Setting last cursor position to [page tab: 'Overview' (0x784b643f58c0)]  -1
10:26:00.661743 - FOCUS MANAGER: Active window is [frame: 'Reactive TUI App accessibility round 1' (0x784b64726b00)]  focus_manager.set_locus_of_focus:327 > focus_manager._save_object_details:254 > ax_utilities_event.save_object_info_for_events:195 > focus_manager.get_active_window:342
TOTAL PROCESSING TIME: 0.0720
^^^^^ FINISHED PRIORITY-3 OBJECT EVENT OBJECT:STATE-CHANGED:FOCUSED ^^^^^

10:26:00.662836 - EVENT MANAGER: Dequeueing object:state-changed:focused for [entry: 'Project setting' (0x784b643f73c0)]  in accessibility_probe (AccessKit) (0, 0, 0)
10:26:00.662936 - EVENT MANAGER: Dequeued object:state-changed:focused for [entry: 'Project setting' (0x784b643f73c0)]  in accessibility_probe (AccessKit) (0, 0, 0) priority: 3, counter: 70

vvvvv START PRIORITY-3 OBJECT EVENT OBJECT:STATE-CHANGED:FOCUSED (queue size: 35) vvvvv
10:26:00.663968 - EVENT MANAGER: Ignoring defunct object: [entry: 'Project setting' (0x784b643f73c0)] 
TOTAL PROCESSING TIME: 0.0010
^^^^^ FINISHED PRIORITY-3 OBJECT EVENT OBJECT:STATE-CHANGED:FOCUSED ^^^^^

10:26:00.664024 - WARNING: Braille initialization failed: BrlAPI connection unavailable.
10:26:00.664050 - BRAILLE: Scheduling BrlAPI retry in 2000 ms.
10:26:00.664162 - EVENT MANAGER: Dequeueing object:state-changed:selected for [page tab: 'Overview' (0x784b643f58c0)]  in accessibility_probe (AccessKit) (0, 0, 0)
10:26:00.664264 - EVENT MANAGER: Dequeued object:state-changed:selected for [page tab: 'Overview' (0x784b643f58c0)]  in accessibility_probe (AccessKit) (0, 0, 0) priority: 4, counter: 44

vvvvv START PRIORITY-4 OBJECT EVENT OBJECT:STATE-CHANGED:SELECTED (queue size: 34) vvvvv
10:26:00.664624 - EVENT MANAGER: object:state-changed:selected for [page tab: 'Overview' (0x784b643f58c0)]  in accessibility_probe (AccessKit) (0, 0, 0) obsoleted by object:state-changed:selected for [page tab: 'Overview' (0x784b643f58c0)]  in accessibility_probe (AccessKit) (1, 0, 0) more recent event of same type for same object
TOTAL PROCESSING TIME: 0.0004
^^^^^ FINISHED PRIORITY-4 OBJECT EVENT OBJECT:STATE-CHANGED:SELECTED ^^^^^

10:26:00.664744 - EVENT MANAGER: Dequeueing object:selection-changed for [page tab list: 'Tabs' (0x784b6430f980)]  in accessibility_probe (AccessKit) (0, 0, 0)
10:26:00.664837 - EVENT MANAGER: Dequeued object:selection-changed for [page tab list: 'Tabs' (0x784b64357980)]  in accessibility_probe (AccessKit) (0, 0, 0) priority: 4, counter: 47

vvvvv START PRIORITY-4 OBJECT EVENT OBJECT:SELECTION-CHANGED (queue size: 33) vvvvv
10:26:00.665718 - EVENT MANAGER: object:selection-changed for [page tab list: 'Tabs' (0x784b6430fa80)]  in accessibility_probe (AccessKit) (0, 0, 0) obsoleted by object:selection-changed for [page tab list: 'Tabs' (0x784b6430fa80)]  in accessibility_probe (AccessKit) (0, 0, 0) more recent duplicate
TOTAL PROCESSING TIME: 0.0009
^^^^^ FINISHED PRIORITY-4 OBJECT EVENT OBJECT:SELECTION-CHANGED ^^^^^

10:26:00.665862 - EVENT MANAGER: Dequeueing object:text-changed:delete for [terminal: 'Terminal' (0x784b644c3900)]  in org.gnome.Terminal (gtk 3.24.52) (2, 93, ▶Overview ✕    ~ Unavailable~     Settings ✕              \nProject overview                 )
10:26:00.665960 - EVENT MANAGER: Dequeued object:text-changed:delete for [terminal: 'Terminal' (0x784b644c3900)]  in org.gnome.Terminal (gtk 3.24.52) (2, 93, ▶Overview ✕    ~ Unavailable~     Settings ✕              \nProject overview                 ) priority: 4, counter: 48

vvvvv START PRIORITY-4 OBJECT EVENT OBJECT:TEXT-CHANGED:DELETE (queue size: 32) vvvvv
10:26:00.668087 - EVENT SOURCE:
                  app='org.gnome.Terminal (gtk 3.24.52)' name='Terminal' role='terminal' axid='' id=0x784b644c3900
                  description=''
                  help=''
                  locale='C.UTF-8'
                  states='enabled, focusable, focused, sensitive, showing, visible'
                  relations=''
                  actions='menu'
                  interfaces='Action, Collection, Component, Text'
                  attributes='toolkit:gtk'
                  text='▶Overview ✕ ~ Unavailable~ Settings ... \n \n \n \n \n (992 chars.)'
                  path=[-1, 0, 0, 1, 0, 0, 0, 0]
                  
10:26:00.668163 - SCRIPT MANAGER: Active script is: accessibility_probe (module=orca.scripts.default)
10:26:00.668213 - FOCUS MANAGER: Locus of focus is [page tab: 'Overview' (0x784b643f58c0)] 
10:26:00.668285 - EVENT MANAGER: Getting script for event for [application: 'org.gnome.Terminal' (0x784b644b87c0)]  [terminal: 'Terminal' (0x784b644c3900)] 
10:26:00.668333 - SCRIPT MANAGER: Getting script for [application: 'org.gnome.Terminal' (0x784b644b87c0)]  [terminal: 'Terminal' (0x784b644c3900)] 
10:26:00.668390 - SCRIPT MANAGER: Script is custom script org.gnome.Terminal (module=orca.scripts.terminal.script)
10:26:00.668420 - EVENT MANAGER: Script for event is org.gnome.Terminal (module=orca.scripts.terminal.script)
10:26:00.669396 - EVENT MANAGER: Change active script: False (No reason found to activate a different script.)
10:26:00.669449 - EVENT MANAGER: Not processing object:text-changed:delete due to lack of reason
TOTAL PROCESSING TIME: 0.0035
^^^^^ FINISHED PRIORITY-4 OBJECT EVENT OBJECT:TEXT-CHANGED:DELETE ^^^^^

10:26:00.669613 - EVENT MANAGER: Dequeueing object:text-changed:insert for [terminal: 'Terminal' (0x784b644c3900)]  in org.gnome.Terminal (gtk 3.24.52) (2, 93,  Overview ✕    ~ Unavailable~    ▶Settings ✕              \n  [seed                          ])
10:26:00.669725 - EVENT MANAGER: Dequeued object:text-changed:insert for [terminal: 'Terminal' (0x784b644c3900)]  in org.gnome.Terminal (gtk 3.24.52) (2, 93,  Overview ✕    ~ Unavailable~    ▶Settings ✕              \n  [seed                          ]) priority: 4, counter: 49

vvvvv START PRIORITY-4 OBJECT EVENT OBJECT:TEXT-CHANGED:INSERT (queue size: 31) vvvvv
10:26:00.671817 - EVENT SOURCE:
                  app='org.gnome.Terminal (gtk 3.24.52)' name='Terminal' role='terminal' axid='' id=0x784b644c3900
                  description=''
                  help=''
                  locale='C.UTF-8'
                  states='enabled, focusable, focused, sensitive, showing, visible'
                  relations=''
                  actions='menu'
                  interfaces='Action, Collection, Component, Text'
                  attributes='toolkit:gtk'
                  text='▶Overview ✕ ~ Unavailable~ Settings ... \n \n \n \n \n (992 chars.)'
                  path=[-1, 0, 0, 1, 0, 0, 0, 0]
                  
10:26:00.671884 - SCRIPT MANAGER: Active script is: accessibility_probe (module=orca.scripts.default)
10:26:00.671934 - FOCUS MANAGER: Locus of focus is [page tab: 'Overview' (0x784b643f58c0)] 
10:26:00.672017 - EVENT MANAGER: Getting script for event for [application: 'org.gnome.Terminal' (0x784b644b87c0)]  [terminal: 'Terminal' (0x784b644c3900)] 
10:26:00.672070 - SCRIPT MANAGER: Getting script for [application: 'org.gnome.Terminal' (0x784b644b87c0)]  [terminal: 'Terminal' (0x784b644c3900)] 
10:26:00.672121 - SCRIPT MANAGER: Script is custom script org.gnome.Terminal (module=orca.scripts.terminal.script)
10:26:00.672151 - EVENT MANAGER: Script for event is org.gnome.Terminal (module=orca.scripts.terminal.script)
10:26:00.673020 - EVENT MANAGER: Change active script: False (No reason found to activate a different script.)
10:26:00.673047 - EVENT MANAGER: Not processing object:text-changed:insert due to lack of reason
TOTAL PROCESSING TIME: 0.0033
^^^^^ FINISHED PRIORITY-4 OBJECT EVENT OBJECT:TEXT-CHANGED:INSERT ^^^^^

10:26:00.673188 - EVENT MANAGER: Dequeueing object:text-caret-moved for [terminal: 'Terminal' (0x784b644c3900)]  in org.gnome.Terminal (gtk 3.24.52) (95, 0, 0)
10:26:00.673287 - EVENT MANAGER: Dequeued object:text-caret-moved for [terminal: 'Terminal' (0x784b644c3900)]  in org.gnome.Terminal (gtk 3.24.52) (95, 0, 0) priority: 4, counter: 50

vvvvv START PRIORITY-4 OBJECT EVENT OBJECT:TEXT-CARET-MOVED (queue size: 30) vvvvv
10:26:00.674006 - EVENT MANAGER: object:text-caret-moved for [terminal: 'Terminal' (0x784b644c3900)]  in org.gnome.Terminal (gtk 3.24.52) (95, 0, 0) obsoleted by object:text-caret-moved for [terminal: 'Terminal' (0x784b644c3900)]  in org.gnome.Terminal (gtk 3.24.52) (69, 0, 0) more recent event of same type for same object
TOTAL PROCESSING TIME: 0.0007
^^^^^ FINISHED PRIORITY-4 OBJECT EVENT OBJECT:TEXT-CARET-MOVED ^^^^^

10:26:00.674158 - EVENT MANAGER: Dequeueing object:text-changed:delete for [terminal: 'Terminal' (0x784b644c3900)]  in org.gnome.Terminal (gtk 3.24.52) (35, 27, ▶Settings ✕              \n)
10:26:00.674258 - EVENT MANAGER: Dequeued object:text-changed:delete for [terminal: 'Terminal' (0x784b644c3900)]  in org.gnome.Terminal (gtk 3.24.52) (35, 27, ▶Settings ✕              \n) priority: 4, counter: 51

vvvvv START PRIORITY-4 OBJECT EVENT OBJECT:TEXT-CHANGED:DELETE (queue size: 29) vvvvv
10:26:00.677191 - EVENT SOURCE:
                  app='org.gnome.Terminal (gtk 3.24.52)' name='Terminal' role='terminal' axid='' id=0x784b644c3900
                  description=''
                  help=''
                  locale='C.UTF-8'
                  states='enabled, focusable, focused, sensitive, showing, visible'
                  relations=''
                  actions='menu'
                  interfaces='Action, Collection, Component, Text'
                  attributes='toolkit:gtk'
                  text='▶Overview ✕ ~ Unavailable~ Settings ... \n \n \n \n \n (992 chars.)'
                  path=[-1, 0, 0, 1, 0, 0, 0, 0]
                  
10:26:00.677276 - SCRIPT MANAGER: Active script is: accessibility_probe (module=orca.scripts.default)
10:26:00.677328 - FOCUS MANAGER: Locus of focus is [page tab: 'Overview' (0x784b643f58c0)] 
10:26:00.677403 - EVENT MANAGER: Getting script for event for [application: 'org.gnome.Terminal' (0x784b644b87c0)]  [terminal: 'Terminal' (0x784b644c3900)] 
10:26:00.677451 - SCRIPT MANAGER: Getting script for [application: 'org.gnome.Terminal' (0x784b644b87c0)]  [terminal: 'Terminal' (0x784b644c3900)] 
10:26:00.677500 - SCRIPT MANAGER: Script is custom script org.gnome.Terminal (module=orca.scripts.terminal.script)
10:26:00.677529 - EVENT MANAGER: Script for event is org.gnome.Terminal (module=orca.scripts.terminal.script)
10:26:00.679171 - EVENT MANAGER: Change active script: False (No reason found to activate a different script.)
10:26:00.679220 - EVENT MANAGER: Not processing object:text-changed:delete due to lack of reason
TOTAL PROCESSING TIME: 0.0050
^^^^^ FINISHED PRIORITY-4 OBJECT EVENT OBJECT:TEXT-CHANGED:DELETE ^^^^^

10:26:00.679422 - EVENT MANAGER: Dequeueing object:text-changed:insert for [terminal: 'Terminal' (0x784b644c3900)]  in org.gnome.Terminal (gtk 3.24.52) (35, 27,  Settings ✕              \n▶)
10:26:00.679525 - EVENT MANAGER: Dequeued object:text-changed:insert for [terminal: 'Terminal' (0x784b644c3900)]  in org.gnome.Terminal (gtk 3.24.52) (35, 27,  Settings ✕              \n▶) priority: 4, counter: 52

vvvvv START PRIORITY-4 OBJECT EVENT OBJECT:TEXT-CHANGED:INSERT (queue size: 28) vvvvv
10:26:00.680775 - CLIPBOARD PRESENTER: Possible change event object:text-changed:delete for [terminal: 'Terminal' (0x784b644c3900)]  in org.gnome.Terminal (gtk 3.24.52) (36, 10, Settings ✕)

10:26:00.680960 - EVENT MANAGER: object:text-changed:delete for [terminal: 'Terminal' (0x784b644c3900)]  in org.gnome.Terminal (gtk 3.24.52) (36, 10, Settings ✕)
10:26:00.681010 - FOCUS MANAGER: Locus of focus is [page tab: 'Overview' (0x784b643f58c0)] 
10:26:00.681162 - EVENT_MANAGER: Not ignoring object:text-changed:delete due to source being focused
10:26:00.681249 - EVENT MANAGER: Queueing object:text-changed:delete for [terminal: 'Terminal' (0x784b644c3900)]  in org.gnome.Terminal (gtk 3.24.52) (36, 10, Settings ✕)
10:26:00.681293 - EVENT MANAGER: App for event source is [application: 'org.gnome.Terminal' (0x784b644b87c0)] 
10:26:00.681339 - SCRIPT MANAGER: Getting script for [application: 'org.gnome.Terminal' (0x784b644b87c0)]  [terminal: 'Terminal' (0x784b644c3900)] 
10:26:00.681392 - SCRIPT MANAGER: Script is custom script org.gnome.Terminal (module=orca.scripts.terminal.script)
10:26:00.681487 - EVENT MANAGER: object:text-changed:delete for [terminal: 'Terminal' (0x784b644c3900)]  in org.gnome.Terminal (gtk 3.24.52) (36, 10, Settings ✕) has priority level: 4
10:26:00.681582 - EVENT MANAGER: Queued object:text-changed:delete for [terminal: 'Terminal' (0x784b644c3900)]  in org.gnome.Terminal (gtk 3.24.52) (36, 10, Settings ✕) priority: 4, counter: 75
10:26:00.681688 - CLIPBOARD PRESENTER: Possible change event object:text-changed:insert for [terminal: 'Terminal' (0x784b644c3900)]  in org.gnome.Terminal (gtk 3.24.52) (36, 10,          )

10:26:00.681769 - EVENT MANAGER: object:text-changed:insert for [terminal: 'Terminal' (0x784b644c3900)]  in org.gnome.Terminal (gtk 3.24.52) (36, 10,          )
10:26:00.681788 - FOCUS MANAGER: Locus of focus is [page tab: 'Overview' (0x784b643f58c0)] 
10:26:00.681836 - EVENT_MANAGER: Not ignoring object:text-changed:insert due to source being focused
10:26:00.681871 - EVENT MANAGER: Queueing object:text-changed:insert for [terminal: 'Terminal' (0x784b644c3900)]  in org.gnome.Terminal (gtk 3.24.52) (36, 10,          )
10:26:00.681887 - EVENT MANAGER: App for event source is [application: 'org.gnome.Terminal' (0x784b644b87c0)] 
10:26:00.681905 - SCRIPT MANAGER: Getting script for [application: 'org.gnome.Terminal' (0x784b644b87c0)]  [terminal: 'Terminal' (0x784b644c3900)] 
10:26:00.681929 - SCRIPT MANAGER: Script is custom script org.gnome.Terminal (module=orca.scripts.terminal.script)
10:26:00.681974 - EVENT MANAGER: object:text-changed:insert for [terminal: 'Terminal' (0x784b644c3900)]  in org.gnome.Terminal (gtk 3.24.52) (36, 10,          ) has priority level: 4
10:26:00.682018 - EVENT MANAGER: Queued object:text-changed:insert for [terminal: 'Terminal' (0x784b644c3900)]  in org.gnome.Terminal (gtk 3.24.52) (36, 10,          ) priority: 4, counter: 76

10:26:00.682059 - EVENT MANAGER: object:text-caret-moved for [terminal: 'Terminal' (0x784b644c3900)]  in org.gnome.Terminal (gtk 3.24.52) (46, 0, 0)
10:26:00.682072 - FOCUS MANAGER: Locus of focus is [page tab: 'Overview' (0x784b643f58c0)] 
10:26:00.682115 - EVENT_MANAGER: Not ignoring object:text-caret-moved due to source being focused
10:26:00.682145 - EVENT MANAGER: Queueing object:text-caret-moved for [terminal: 'Terminal' (0x784b644c3900)]  in org.gnome.Terminal (gtk 3.24.52) (46, 0, 0)
10:26:00.682160 - EVENT MANAGER: App for event source is [application: 'org.gnome.Terminal' (0x784b644b87c0)] 
10:26:00.682175 - SCRIPT MANAGER: Getting script for [application: 'org.gnome.Terminal' (0x784b644b87c0)]  [terminal: 'Terminal' (0x784b644c3900)] 
10:26:00.682195 - SCRIPT MANAGER: Script is custom script org.gnome.Terminal (module=orca.scripts.terminal.script)
10:26:00.682232 - EVENT MANAGER: object:text-caret-moved for [terminal: 'Terminal' (0x784b644c3900)]  in org.gnome.Terminal (gtk 3.24.52) (46, 0, 0) has priority level: 4
10:26:00.682267 - EVENT MANAGER: Queued object:text-caret-moved for [terminal: 'Terminal' (0x784b644c3900)]  in org.gnome.Terminal (gtk 3.24.52) (46, 0, 0) priority: 4, counter: 77
10:26:00.682743 - EVENT SOURCE:
                  app='org.gnome.Terminal (gtk 3.24.52)' name='Terminal' role='terminal' axid='' id=0x784b644c3900
                  description=''
                  help=''
                  locale='C.UTF-8'
                  states='enabled, focusable, focused, sensitive, showing, visible'
                  relations=''
                  actions='menu'
                  interfaces='Action, Collection, Component, Text'
                  attributes='toolkit:gtk'
                  text='▶Overview ✕ ~ Unavailable~ \nProject ... \n \n \n \n \n (992 chars.)'
                  path=[-1, 0, 0, 1, 0, 0, 0, 0]
                  
10:26:00.682768 - SCRIPT MANAGER: Active script is: accessibility_probe (module=orca.scripts.default)
10:26:00.682785 - FOCUS MANAGER: Locus of focus is [page tab: 'Overview' (0x784b643f58c0)] 
10:26:00.682810 - EVENT MANAGER: Getting script for event for [application: 'org.gnome.Terminal' (0x784b644b87c0)]  [terminal: 'Terminal' (0x784b644c3900)] 
10:26:00.682826 - SCRIPT MANAGER: Getting script for [application: 'org.gnome.Terminal' (0x784b644b87c0)]  [terminal: 'Terminal' (0x784b644c3900)] 
10:26:00.682845 - SCRIPT MANAGER: Script is custom script org.gnome.Terminal (module=orca.scripts.terminal.script)
10:26:00.682858 - EVENT MANAGER: Script for event is org.gnome.Terminal (module=orca.scripts.terminal.script)
10:26:00.683371 - EVENT MANAGER: Change active script: False (No reason found to activate a different script.)
10:26:00.683384 - EVENT MANAGER: Not processing object:text-changed:insert due to lack of reason
TOTAL PROCESSING TIME: 0.0038
^^^^^ FINISHED PRIORITY-4 OBJECT EVENT OBJECT:TEXT-CHANGED:INSERT ^^^^^

10:26:00.683483 - EVENT MANAGER: Dequeueing object:text-caret-moved for [terminal: 'Terminal' (0x784b644c3900)]  in org.gnome.Terminal (gtk 3.24.52) (65, 0, 0)
10:26:00.683519 - EVENT MANAGER: Dequeued object:text-caret-moved for [terminal: 'Terminal' (0x784b644c3900)]  in org.gnome.Terminal (gtk 3.24.52) (65, 0, 0) priority: 4, counter: 53

vvvvv START PRIORITY-4 OBJECT EVENT OBJECT:TEXT-CARET-MOVED (queue size: 30) vvvvv
10:26:00.683605 - EVENT MANAGER: object:text-caret-moved for [terminal: 'Terminal' (0x784b644c3900)]  in org.gnome.Terminal (gtk 3.24.52) (65, 0, 0) obsoleted by object:text-caret-moved for [terminal: 'Terminal' (0x784b644c3900)]  in org.gnome.Terminal (gtk 3.24.52) (46, 0, 0) more recent event of same type for same object
TOTAL PROCESSING TIME: 0.0001
^^^^^ FINISHED PRIORITY-4 OBJECT EVENT OBJECT:TEXT-CARET-MOVED ^^^^^


10:26:00.683659 - EVENT MANAGER: object:children-changed:remove for [page tab list: 'Tabs' (0x784b643601c0)]  in accessibility_probe (AccessKit) (-1, 0, [page tab: 'Settings' (0x784b64404040)])
10:26:00.683675 - FOCUS MANAGER: Locus of focus is [page tab: 'Overview' (0x784b643f58c0)] 
10:26:00.683760 - SCRIPT MANAGER: Active script is: accessibility_probe (module=orca.scripts.default)
10:26:00.683798 - EVENT MANAGER: Queueing object:children-changed:remove for [page tab list: 'Tabs' (0x784b66d904c0)]  in accessibility_probe (AccessKit) (-1, 0, [page tab: 'Settings' (0x784b64404040)])
10:26:00.683814 - EVENT MANAGER: App for event source is [application: 'accessibility_probe' (0x784b64409b80)] 
10:26:00.683830 - SCRIPT MANAGER: Getting script for [application: 'accessibility_probe' (0x784b64409b80)]  [page tab list: 'Tabs' (0x784b643e8200)] 
10:26:00.684090 - SCRIPT MANAGER: Script is app script accessibility_probe (module=orca.scripts.default)
10:26:00.684135 - EVENT MANAGER: object:children-changed:remove for [page tab list: 'Tabs' (0x784b643604c0)]  in accessibility_probe (AccessKit) (-1, 0, [page tab: 'Settings' (0x784b64404040)]) has priority level: 6
10:26:00.684170 - EVENT MANAGER: Queued object:children-changed:remove for [page tab list: 'Tabs' (0x784b643601c0)]  in accessibility_probe (AccessKit) (-1, 0, [page tab: 'Settings' (0x784b64404040)]) priority: 6, counter: 78
10:26:00.684246 - EVENT MANAGER: Dequeueing object:property-change:accessible-name for [label: ' Settings' (0x784b64360500)]  in accessibility_probe (AccessKit) (0, 0,  Settings)
10:26:00.684280 - EVENT MANAGER: Dequeued object:property-change:accessible-name for [label: ' Settings' (0x784b66d904c0)]  in accessibility_probe (AccessKit) (0, 0,  Settings) priority: 4, counter: 54

vvvvv START PRIORITY-4 OBJECT EVENT OBJECT:PROPERTY-CHANGE:ACCESSIBLE-NAME (queue size: 30) vvvvv
10:26:00.684596 - EVENT MANAGER: Ignoring defunct object: [label: ' Settings' (0x784b642d8200)] 
TOTAL PROCESSING TIME: 0.0003
^^^^^ FINISHED PRIORITY-4 OBJECT EVENT OBJECT:PROPERTY-CHANGE:ACCESSIBLE-NAME ^^^^^

10:26:00.684644 - EVENT MANAGER: Dequeueing object:text-caret-moved for [entry: 'Project setting' (0x784b643f73c0)]  in accessibility_probe (AccessKit) (0, 0, 0)
10:26:00.684677 - EVENT MANAGER: Dequeued object:text-caret-moved for [entry: 'Project setting' (0x784b643f73c0)]  in accessibility_probe (AccessKit) (0, 0, 0) priority: 4, counter: 56

vvvvv START PRIORITY-4 OBJECT EVENT OBJECT:TEXT-CARET-MOVED (queue size: 29) vvvvv
10:26:00.684823 - EVENT MANAGER: object:text-caret-moved for [entry: 'Project setting' (0x784b643f73c0)]  in accessibility_probe (AccessKit) (0, 0, 0) obsoleted by object:text-caret-moved for [entry: 'Project setting' (0x784b643f73c0)]  in accessibility_probe (AccessKit) (4, 0, 0) more recent event of same type for same object
TOTAL PROCESSING TIME: 0.0001
^^^^^ FINISHED PRIORITY-4 OBJECT EVENT OBJECT:TEXT-CARET-MOVED ^^^^^

10:26:00.684866 - EVENT MANAGER: Dequeueing object:text-caret-moved for [terminal: 'Terminal' (0x784b644c3900)]  in org.gnome.Terminal (gtk 3.24.52) (69, 0, 0)
10:26:00.684899 - EVENT MANAGER: Dequeued object:text-caret-moved for [terminal: 'Terminal' (0x784b644c3900)]  in org.gnome.Terminal (gtk 3.24.52) (69, 0, 0) priority: 4, counter: 58

vvvvv START PRIORITY-4 OBJECT EVENT OBJECT:TEXT-CARET-MOVED (queue size: 28) vvvvv
10:26:00.685050 - EVENT MANAGER: object:text-caret-moved for [terminal: 'Terminal' (0x784b644c3900)]  in org.gnome.Terminal (gtk 3.24.52) (69, 0, 0) obsoleted by object:text-caret-moved for [terminal: 'Terminal' (0x784b644c3900)]  in org.gnome.Terminal (gtk 3.24.52) (46, 0, 0) more recent event of same type for same object
TOTAL PROCESSING TIME: 0.0002
^^^^^ FINISHED PRIORITY-4 OBJECT EVENT OBJECT:TEXT-CARET-MOVED ^^^^^

10:26:00.685093 - EVENT MANAGER: Dequeueing object:text-caret-moved for [entry: 'Project setting' (0x784b643f73c0)]  in accessibility_probe (AccessKit) (4, 0, 0)
10:26:00.685130 - EVENT MANAGER: Dequeued object:text-caret-moved for [entry: 'Project setting' (0x784b643f73c0)]  in accessibility_probe (AccessKit) (4, 0, 0) priority: 4, counter: 59

vvvvv START PRIORITY-4 OBJECT EVENT OBJECT:TEXT-CARET-MOVED (queue size: 27) vvvvv
10:26:00.685354 - EVENT MANAGER: object:text-caret-moved for [entry: 'Project setting' (0x784b643f73c0)]  in accessibility_probe (AccessKit) (4, 0, 0) obsoleted by object:text-caret-moved for [entry: 'Project setting' (0x784b643f73c0)]  in accessibility_probe (AccessKit) (4, 0, 0) more recent duplicate
TOTAL PROCESSING TIME: 0.0002
^^^^^ FINISHED PRIORITY-4 OBJECT EVENT OBJECT:TEXT-CARET-MOVED ^^^^^

10:26:00.685396 - EVENT MANAGER: Dequeueing object:text-changed:insert for [entry: 'Project setting' (0x784b643f73c0)]  in accessibility_probe (AccessKit) (4, 1, x)
10:26:00.685429 - EVENT MANAGER: Dequeued object:text-changed:insert for [entry: 'Project setting' (0x784b643f73c0)]  in accessibility_probe (AccessKit) (4, 1, x) priority: 4, counter: 60

vvvvv START PRIORITY-4 OBJECT EVENT OBJECT:TEXT-CHANGED:INSERT (queue size: 26) vvvvv
10:26:00.685704 - EVENT MANAGER: Ignoring defunct object: [entry: 'Project setting' (0x784b643f73c0)] 
TOTAL PROCESSING TIME: 0.0003
^^^^^ FINISHED PRIORITY-4 OBJECT EVENT OBJECT:TEXT-CHANGED:INSERT ^^^^^

10:26:00.685747 - EVENT MANAGER: Dequeueing object:text-caret-moved for [entry: 'Project setting' (0x784b643f73c0)]  in accessibility_probe (AccessKit) (5, 0, 0)
10:26:00.685780 - EVENT MANAGER: Dequeued object:text-caret-moved for [entry: 'Project setting' (0x784b643f73c0)]  in accessibility_probe (AccessKit) (5, 0, 0) priority: 4, counter: 61

vvvvv START PRIORITY-4 OBJECT EVENT OBJECT:TEXT-CARET-MOVED (queue size: 25) vvvvv
10:26:00.685986 - EVENT MANAGER: object:text-caret-moved for [entry: 'Project setting' (0x784b643f73c0)]  in accessibility_probe (AccessKit) (5, 0, 0) obsoleted by object:text-caret-moved for [entry: 'Project setting' (0x784b643f73c0)]  in accessibility_probe (AccessKit) (4, 0, 0) more recent event of same type for same object
TOTAL PROCESSING TIME: 0.0002
^^^^^ FINISHED PRIORITY-4 OBJECT EVENT OBJECT:TEXT-CARET-MOVED ^^^^^

10:26:00.686032 - EVENT MANAGER: Dequeueing object:text-changed:delete for [terminal: 'Terminal' (0x784b644c3900)]  in org.gnome.Terminal (gtk 3.24.52) (68, 1, )
10:26:00.686066 - EVENT MANAGER: Dequeued object:text-changed:delete for [terminal: 'Terminal' (0x784b644c3900)]  in org.gnome.Terminal (gtk 3.24.52) (68, 1, ) priority: 4, counter: 62

vvvvv START PRIORITY-4 OBJECT EVENT OBJECT:TEXT-CHANGED:DELETE (queue size: 24) vvvvv
10:26:00.687390 - EVENT SOURCE:
                  app='org.gnome.Terminal (gtk 3.24.52)' name='Terminal' role='terminal' axid='' id=0x784b644c3900
                  description=''
                  help=''
                  locale='C.UTF-8'
                  states='enabled, focusable, focused, sensitive, showing, visible'
                  relations=''
                  actions='menu'
                  interfaces='Action, Collection, Component, Text'
                  attributes='toolkit:gtk'
                  text='▶Overview ✕ ~ Unavailable~ \nProject ... \n \n \n \n \n (992 chars.)'
                  path=[-1, 0, 0, 1, 0, 0, 0, 0]
                  
10:26:00.687455 - SCRIPT MANAGER: Active script is: accessibility_probe (module=orca.scripts.default)
10:26:00.687506 - FOCUS MANAGER: Locus of focus is [page tab: 'Overview' (0x784b643f58c0)] 
10:26:00.687583 - EVENT MANAGER: Getting script for event for [application: 'org.gnome.Terminal' (0x784b644b87c0)]  [terminal: 'Terminal' (0x784b644c3900)] 
10:26:00.687636 - SCRIPT MANAGER: Getting script for [application: 'org.gnome.Terminal' (0x784b644b87c0)]  [terminal: 'Terminal' (0x784b644c3900)] 
10:26:00.687688 - SCRIPT MANAGER: Script is custom script org.gnome.Terminal (module=orca.scripts.terminal.script)
10:26:00.687719 - EVENT MANAGER: Script for event is org.gnome.Terminal (module=orca.scripts.terminal.script)
10:26:00.688561 - EVENT MANAGER: Change active script: False (No reason found to activate a different script.)
10:26:00.688614 - EVENT MANAGER: Not processing object:text-changed:delete due to lack of reason
TOTAL PROCESSING TIME: 0.0026
^^^^^ FINISHED PRIORITY-4 OBJECT EVENT OBJECT:TEXT-CHANGED:DELETE ^^^^^

10:26:00.688768 - EVENT MANAGER: Dequeueing object:text-changed:insert for [terminal: 'Terminal' (0x784b644c3900)]  in org.gnome.Terminal (gtk 3.24.52) (68, 1, x)
10:26:00.688860 - EVENT MANAGER: Dequeued object:text-changed:insert for [terminal: 'Terminal' (0x784b644c3900)]  in org.gnome.Terminal (gtk 3.24.52) (68, 1, x) priority: 4, counter: 63

vvvvv START PRIORITY-4 OBJECT EVENT OBJECT:TEXT-CHANGED:INSERT (queue size: 23) vvvvv
10:26:00.690503 - EVENT SOURCE:
                  app='org.gnome.Terminal (gtk 3.24.52)' name='Terminal' role='terminal' axid='' id=0x784b644c3900
                  description=''
                  help=''
                  locale='C.UTF-8'
                  states='enabled, focusable, focused, sensitive, showing, visible'
                  relations=''
                  actions='menu'
                  interfaces='Action, Collection, Component, Text'
                  attributes='toolkit:gtk'
                  text='▶Overview ✕ ~ Unavailable~ \nProject ... \n \n \n \n \n (992 chars.)'
                  path=[-1, 0, 0, 1, 0, 0, 0, 0]
                  
10:26:00.690555 - SCRIPT MANAGER: Active script is: accessibility_probe (module=orca.scripts.default)
10:26:00.690579 - FOCUS MANAGER: Locus of focus is [page tab: 'Overview' (0x784b643f58c0)] 
10:26:00.690607 - EVENT MANAGER: Getting script for event for [application: 'org.gnome.Terminal' (0x784b644b87c0)]  [terminal: 'Terminal' (0x784b644c3900)] 
10:26:00.690624 - SCRIPT MANAGER: Getting script for [application: 'org.gnome.Terminal' (0x784b644b87c0)]  [terminal: 'Terminal' (0x784b644c3900)] 
10:26:00.690650 - SCRIPT MANAGER: Script is custom script org.gnome.Terminal (module=orca.scripts.terminal.script)
10:26:00.690663 - EVENT MANAGER: Script for event is org.gnome.Terminal (module=orca.scripts.terminal.script)
10:26:00.691624 - EVENT MANAGER: Change active script: False (No reason found to activate a different script.)
10:26:00.691634 - EVENT MANAGER: Not processing object:text-changed:insert due to lack of reason
TOTAL PROCESSING TIME: 0.0028
^^^^^ FINISHED PRIORITY-4 OBJECT EVENT OBJECT:TEXT-CHANGED:INSERT ^^^^^

10:26:00.691706 - EVENT MANAGER: Dequeueing object:text-caret-moved for [terminal: 'Terminal' (0x784b644c3900)]  in org.gnome.Terminal (gtk 3.24.52) (70, 0, 0)
10:26:00.691741 - EVENT MANAGER: Dequeued object:text-caret-moved for [terminal: 'Terminal' (0x784b644c3900)]  in org.gnome.Terminal (gtk 3.24.52) (70, 0, 0) priority: 4, counter: 64

vvvvv START PRIORITY-4 OBJECT EVENT OBJECT:TEXT-CARET-MOVED (queue size: 22) vvvvv
10:26:00.691936 - EVENT MANAGER: object:text-caret-moved for [terminal: 'Terminal' (0x784b644c3900)]  in org.gnome.Terminal (gtk 3.24.52) (70, 0, 0) obsoleted by object:text-caret-moved for [terminal: 'Terminal' (0x784b644c3900)]  in org.gnome.Terminal (gtk 3.24.52) (46, 0, 0) more recent event of same type for same object
TOTAL PROCESSING TIME: 0.0002
^^^^^ FINISHED PRIORITY-4 OBJECT EVENT OBJECT:TEXT-CARET-MOVED ^^^^^

10:26:00.691986 - EVENT MANAGER: Dequeueing object:text-caret-moved for [entry: 'Project setting' (0x784b643f73c0)]  in accessibility_probe (AccessKit) (4, 0, 0)
10:26:00.692019 - EVENT MANAGER: Dequeued object:text-caret-moved for [entry: 'Project setting' (0x784b643f73c0)]  in accessibility_probe (AccessKit) (4, 0, 0) priority: 4, counter: 65

vvvvv START PRIORITY-4 OBJECT EVENT OBJECT:TEXT-CARET-MOVED (queue size: 21) vvvvv
10:26:00.692246 - EVENT MANAGER: Ignoring defunct object: [entry: 'Project setting' (0x784b643f73c0)] 
TOTAL PROCESSING TIME: 0.0002
^^^^^ FINISHED PRIORITY-4 OBJECT EVENT OBJECT:TEXT-CARET-MOVED ^^^^^

10:26:00.692289 - EVENT MANAGER: Dequeueing object:state-changed:selected for [page tab: 'Overview' (0x784b643f58c0)]  in accessibility_probe (AccessKit) (1, 0, 0)
10:26:00.692322 - EVENT MANAGER: Dequeued object:state-changed:selected for [page tab: 'Overview' (0x784b643f58c0)]  in accessibility_probe (AccessKit) (1, 0, 0) priority: 4, counter: 66

vvvvv START PRIORITY-4 OBJECT EVENT OBJECT:STATE-CHANGED:SELECTED (queue size: 20) vvvvv
10:26:00.693277 - AXObject: [page tab list: 'Tabs' (0x784b64361540)]  has index -1 ; parent [panel: 'Project sections' (0x784b642d8d00)]  has -1 children
10:26:00.693463 - AXObject: [panel: 'Project sections' (0x784b642d8d00)]  has index -1 ; parent [frame: 'Reactive TUI App accessibility round 1' (0x784b64726b00)]  has -1 children
10:26:00.693558 - EVENT SOURCE:
                  app='accessibility_probe (AccessKit )' name='Overview' role='page tab' axid='' id=0x784b643f58c0
                  description=''
                  help=''
                  locale=''
                  states='enabled, focusable, focused, selectable, selected, sensitive, showing, visible'
                  relations=''
                  actions=''
                  interfaces='Action, Component'
                  attributes=''
                  text=''
                  path=[-1, 0, -1, -1, 0]
                  
10:26:00.693592 - SCRIPT MANAGER: Active script is: accessibility_probe (module=orca.scripts.default)
10:26:00.693621 - FOCUS MANAGER: Locus of focus is [page tab: 'Overview' (0x784b643f58c0)] 
10:26:00.693647 - EVENT MANAGER: Script for event from locus of focus is accessibility_probe (module=orca.scripts.default)
10:26:00.693655 - EVENT MANAGER: Processing object:state-changed:selected: script for event is active
10:26:00.693684 - AXUtilitiesEvent: The new state matches the old state.
TOTAL PROCESSING TIME: 0.0014
^^^^^ FINISHED PRIORITY-4 OBJECT EVENT OBJECT:STATE-CHANGED:SELECTED ^^^^^

10:26:00.693902 - GSETTINGS SCHEMA HANDLE: keybindings/keyboard-layout not set [app:accessibility_probe, profile:default]
10:26:00.693930 - GSETTINGS REGISTRY: keybindings/keyboard-layout using default value = 'desktop'
10:26:00.693972 - GSETTINGS SCHEMA HANDLE: keybindings/desktop-modifier-keys not set [app:accessibility_probe, profile:default]
10:26:00.693996 - GSETTINGS REGISTRY: keybindings/desktop-modifier-keys using default value = ['Insert', 'KP_Insert']
10:26:00.694041 - FOCUS MANAGER: Active window is [frame: 'Reactive TUI App accessibility round 1' (0x784b64726b00)]  <unknown>.<module>:373 > input_event_manager._on_key_pressed:261 > input_event_manager.process_keyboard_event:297 > focus_manager.get_active_window:342
10:26:00.694542 - AXObject: Clearing AT-SPI cache on [frame: 'Reactive TUI App accessibility round 1' (0x784b64726b00)]  Recursive: False.  Reason: Checking if window can be the active window
10:26:00.695274 - AXObject: Exception in get_role_name: atspi_error: The name :1.8 was not provided by any .service files (1)
10:26:00.695457 - AXUtilities: [DEAD (0x784b64726b00)]  from [application: 'accessibility_probe' (0x784b64409b80)]  lacks active state
10:26:00.696283 - AXObject: Clearing AT-SPI cache on [frame: 'Terminal' (0x784b6440ed40)]  Recursive: False.  Reason: Checking if window can be the active window
10:26:00.697499 - AXUtilities: [frame: 'Terminal' (0x784b6440ed40)]  from [application: 'org.gnome.Terminal' (0x784b644b87c0)]  can be active window
10:26:00.697634 - AXObject: Clearing AT-SPI cache on [frame: 'Independent background App' (0x784b64361e40)]  Recursive: False.  Reason: Checking if window can be the active window
10:26:00.700281 - AXUtilities: [frame: 'Independent background App' (0x784b64361e40)]  from [application: 'accessibility_probe' (0x784b64403fc0)]  lacks active state
10:26:00.700330 - AXUtilities: Active window is [frame: 'Terminal' (0x784b6440ed40)] 
10:26:00.700345 - INPUT EVENT MANAGER: Updating window and active window to [frame: 'Terminal' (0x784b6440ed40)] 
10:26:00.700360 - FOCUS MANAGER: Request to set active window to [frame: 'Terminal' (0x784b6440ed40)] 
10:26:00.700518 - AXObject: [page tab list: 'Tabs' (0x784b64361a00)]  has index -1 ; parent [panel: 'Project sections' (0x784b642d8d00)]  has -1 children
10:26:00.700693 - AXObject: Exception in get_role_name: atspi_error: The name :1.8 was not provided by any .service files (1)
10:26:00.700769 - AXObject: [panel: 'Project sections' (0x784b642d8d00)]  has index -1 ; parent [DEAD (0x784b64726b00)]  has -1 children
10:26:00.700823 - AXObject: Exception in get_role: atspi_error: The name :1.8 was not provided by any .service files (1)
10:26:00.700848 - FOCUS MANAGER: Focus [page tab: 'Overview' (0x784b643f58c0)]  is not in [frame: 'Terminal' (0x784b6440ed40)] 
10:26:00.701002 - FOCUS MANAGER: Request to set locus of focus to [frame: 'Terminal' (0x784b6440ed40)]  input_event_manager._on_key_pressed:261 > input_event_manager.process_keyboard_event:304 > focus_manager.set_active_window:391 > focus_manager.set_locus_of_focus:271
10:26:00.701319 - AXObject: Clearing AT-SPI cache on [frame: 'Terminal' (0x784b6440ed40)]  Recursive: False.  Reason: Setting locus of focus.
10:26:00.701340 - SCRIPT MANAGER: Active script is: accessibility_probe (module=orca.scripts.default)
10:26:00.701505 - FOCUS MANAGER: Changing locus of focus from [page tab: 'Overview' (0x784b643f58c0)]  to [frame: 'Terminal' (0x784b6440ed40)] . Notify: True
10:26:00.701577 - FOCUS MANAGER: Region of interest: [frame: 'Terminal' (0x784b6440ed40)]  (0, 0)
10:26:00.701640 - FOCUS MANAGER: Switching object of interest from [page tab: 'Overview' (0x784b643f58c0)]  to [frame: 'Terminal' (0x784b6440ed40)] 
10:26:00.701812 - AXObject: [page tab list: 'Tabs' (0x784b642d9880)]  has index -1 ; parent [panel: 'Project sections' (0x784b642d8d00)]  has -1 children
10:26:00.701974 - AXObject: Exception in get_role_name: atspi_error: The name :1.8 was not provided by any .service files (1)
10:26:00.702044 - AXObject: [panel: 'Project sections' (0x784b642d8d00)]  has index -1 ; parent [DEAD (0x784b64726b00)]  has -1 children
10:26:00.702095 - AXObject: Exception in get_role: atspi_error: The name :1.8 was not provided by any .service files (1)
10:26:00.702142 - AXObject: Exception in get_role: atspi_error: The name :1.8 was not provided by any .service files (1)
10:26:00.702233 - DOCUMENT PRESENTER: Updating mode for focus change. Old focus: [page tab: 'Overview' (0x784b643f58c0)]  old doc: None New focus: [frame: 'Terminal' (0x784b6440ed40)]  new doc: None
10:26:00.702253 - SCRIPT MANAGER: Active script is: accessibility_probe (module=orca.scripts.default)
10:26:00.702258 - CARET NAVIGATOR: Commands suspended: False: locus of focus no longer in document
10:26:00.702308 - GSETTINGS SCHEMA HANDLE: keybindings/keyboard-layout not set [app:accessibility_probe, profile:default]
10:26:00.702314 - GSETTINGS REGISTRY: keybindings/keyboard-layout using default value = 'desktop'
10:26:00.702328 - GSETTINGS SCHEMA HANDLE: keybindings/desktop-modifier-keys not set [app:accessibility_probe, profile:default]
10:26:00.702333 - GSETTINGS REGISTRY: keybindings/desktop-modifier-keys using default value = ['Insert', 'KP_Insert']
10:26:00.702365 - SCRIPT MANAGER: Active script is: accessibility_probe (module=orca.scripts.default)
10:26:00.702370 - STRUCTURAL NAVIGATOR: Suspended: False: locus of focus no longer in document
10:26:00.702384 - GSETTINGS SCHEMA HANDLE: keybindings/keyboard-layout not set [app:accessibility_probe, profile:default]
10:26:00.702388 - GSETTINGS REGISTRY: keybindings/keyboard-layout using default value = 'desktop'
10:26:00.702399 - GSETTINGS SCHEMA HANDLE: keybindings/desktop-modifier-keys not set [app:accessibility_probe, profile:default]
10:26:00.702403 - GSETTINGS REGISTRY: keybindings/desktop-modifier-keys using default value = ['Insert', 'KP_Insert']
10:26:00.702438 - STRUCTURAL NAVIGATOR: Setting mode for accessibility_probe (module=orca.scripts.default) to NavigationMode.OFF
10:26:00.702452 - SCRIPT MANAGER: Active script is: accessibility_probe (module=orca.scripts.default)
10:26:00.702466 - GSETTINGS SCHEMA HANDLE: keybindings/keyboard-layout not set [app:accessibility_probe, profile:default]
10:26:00.702470 - GSETTINGS REGISTRY: keybindings/keyboard-layout using default value = 'desktop'
10:26:00.702480 - GSETTINGS SCHEMA HANDLE: keybindings/desktop-modifier-keys not set [app:accessibility_probe, profile:default]
10:26:00.702488 - GSETTINGS REGISTRY: keybindings/desktop-modifier-keys using default value = ['Insert', 'KP_Insert']
10:26:00.702520 - CARET NAVIGATOR: Setting enabled state for accessibility_probe (module=orca.scripts.default) to False
10:26:00.702533 - SCRIPT MANAGER: Active script is: accessibility_probe (module=orca.scripts.default)
10:26:00.702544 - GSETTINGS SCHEMA HANDLE: keybindings/keyboard-layout not set [app:accessibility_probe, profile:default]
10:26:00.702548 - GSETTINGS REGISTRY: keybindings/keyboard-layout using default value = 'desktop'
10:26:00.702557 - GSETTINGS SCHEMA HANDLE: keybindings/desktop-modifier-keys not set [app:accessibility_probe, profile:default]
10:26:00.702560 - GSETTINGS REGISTRY: keybindings/desktop-modifier-keys using default value = ['Insert', 'KP_Insert']
10:26:00.702603 - SCRIPT UTILITIES: [frame: 'Terminal' (0x784b6440ed40)]  is top-level object for: [frame: 'Terminal' (0x784b6440ed40)] 
10:26:00.702616 - FOCUS MANAGER: Request to set active window to [frame: 'Terminal' (0x784b6440ed40)] 
10:26:00.702620 - FOCUS MANAGER: Setting active window to existing active window
10:26:00.702637 - SCRIPT MANAGER: Getting script for [application: 'org.gnome.Terminal' (0x784b644b87c0)]  [frame: 'Terminal' (0x784b6440ed40)] 
10:26:00.702665 - SCRIPT MANAGER: Script is app script org.gnome.Terminal (module=orca.scripts.toolkits.gtk.script)
10:26:00.702687 - SCRIPT MANAGER: Deactivating accessibility_probe (module=orca.scripts.default) reason: Setting active window
10:26:00.702710 - SCRIPT MANAGER: Setting active script to org.gnome.Terminal (module=orca.scripts.toolkits.gtk.script) reason: Setting active window
10:26:00.702721 - DEFAULT: Activating script for [application: 'org.gnome.Terminal' (0x784b644b87c0)] 
10:26:00.703048 - SPEECH MANAGER: Speech server is <orca.speechdispatcherfactory.SpeechServer object at 0x784b644a96a0>
10:26:00.703082 - GSETTINGS SCHEMA HANDLE: speech/punctuation-level not set [app:org.gnome.Terminal, profile:default]
10:26:00.703088 - GSETTINGS REGISTRY: speech/punctuation-level using default value = 'most'
10:26:00.703331 - SPEECH MANAGER: Speech server is <orca.speechdispatcherfactory.SpeechServer object at 0x784b644a96a0>
10:26:00.703384 - GSETTINGS SCHEMA HANDLE: speech/capitalization-style not set [app:org.gnome.Terminal, profile:default]
10:26:00.703394 - GSETTINGS REGISTRY: speech/capitalization-style using default value = 'none'
10:26:00.703604 - SPEECH MANAGER: Speech server is <orca.speechdispatcherfactory.SpeechServer object at 0x784b644a96a0>
10:26:00.703789 - GSETTINGS SCHEMA HANDLE: speech/synthesizer not set [app:org.gnome.Terminal, profile:default]
10:26:00.703836 - SCRIPT MANAGER: Active script is: org.gnome.Terminal (module=orca.scripts.toolkits.gtk.script)
10:26:00.703851 - CARET NAVIGATOR: Commands suspended: False: script activation, no prior state
10:26:00.703895 - GSETTINGS SCHEMA HANDLE: keybindings/keyboard-layout not set [app:org.gnome.Terminal, profile:default]
10:26:00.703909 - GSETTINGS REGISTRY: keybindings/keyboard-layout using default value = 'desktop'
10:26:00.703944 - GSETTINGS SCHEMA HANDLE: keybindings/desktop-modifier-keys not set [app:org.gnome.Terminal, profile:default]
10:26:00.703958 - GSETTINGS REGISTRY: keybindings/desktop-modifier-keys using default value = ['Insert', 'KP_Insert']
10:26:00.704013 - SCRIPT MANAGER: Active script is: org.gnome.Terminal (module=orca.scripts.toolkits.gtk.script)
10:26:00.704030 - STRUCTURAL NAVIGATOR: Suspended: False: script activation, no prior state
10:26:00.704068 - GSETTINGS SCHEMA HANDLE: keybindings/keyboard-layout not set [app:org.gnome.Terminal, profile:default]
10:26:00.704081 - GSETTINGS REGISTRY: keybindings/keyboard-layout using default value = 'desktop'
10:26:00.704113 - GSETTINGS SCHEMA HANDLE: keybindings/desktop-modifier-keys not set [app:org.gnome.Terminal, profile:default]
10:26:00.704125 - GSETTINGS REGISTRY: keybindings/desktop-modifier-keys using default value = ['Insert', 'KP_Insert']
10:26:00.704186 - STRUCTURAL NAVIGATOR: Setting mode for org.gnome.Terminal (module=orca.scripts.toolkits.gtk.script) to NavigationMode.OFF
10:26:00.704223 - SCRIPT MANAGER: Active script is: org.gnome.Terminal (module=orca.scripts.toolkits.gtk.script)
10:26:00.704261 - GSETTINGS SCHEMA HANDLE: keybindings/keyboard-layout not set [app:org.gnome.Terminal, profile:default]
10:26:00.704274 - GSETTINGS REGISTRY: keybindings/keyboard-layout using default value = 'desktop'
10:26:00.704305 - GSETTINGS SCHEMA HANDLE: keybindings/desktop-modifier-keys not set [app:org.gnome.Terminal, profile:default]
10:26:00.704319 - GSETTINGS REGISTRY: keybindings/desktop-modifier-keys using default value = ['Insert', 'KP_Insert']
10:26:00.704376 - CARET NAVIGATOR: Setting enabled state for org.gnome.Terminal (module=orca.scripts.toolkits.gtk.script) to False
10:26:00.704406 - SCRIPT MANAGER: Active script is: org.gnome.Terminal (module=orca.scripts.toolkits.gtk.script)
10:26:00.704440 - GSETTINGS SCHEMA HANDLE: keybindings/keyboard-layout not set [app:org.gnome.Terminal, profile:default]
10:26:00.704452 - GSETTINGS REGISTRY: keybindings/keyboard-layout using default value = 'desktop'
10:26:00.704482 - GSETTINGS SCHEMA HANDLE: keybindings/desktop-modifier-keys not set [app:org.gnome.Terminal, profile:default]
10:26:00.704494 - GSETTINGS REGISTRY: keybindings/desktop-modifier-keys using default value = ['Insert', 'KP_Insert']
10:26:00.704516 - COMMAND MANAGER: Activating commands: activated org.gnome.Terminal (module=orca.scripts.toolkits.gtk.script)
10:26:00.704638 - GSETTINGS SCHEMA HANDLE: keybindings/entries no dict values set
10:26:00.704652 - GSETTINGS REGISTRY: keybindings/entries using default value = {}
10:26:00.704662 - COMMAND MANAGER: No user overrides to apply
10:26:00.704745 - GSETTINGS SCHEMA HANDLE: keybindings/keyboard-layout not set [app:org.gnome.Terminal, profile:default]
10:26:00.704758 - GSETTINGS REGISTRY: keybindings/keyboard-layout using default value = 'desktop'
10:26:00.704788 - GSETTINGS SCHEMA HANDLE: keybindings/desktop-modifier-keys not set [app:org.gnome.Terminal, profile:default]
10:26:00.704801 - GSETTINGS REGISTRY: keybindings/desktop-modifier-keys using default value = ['Insert', 'KP_Insert']

vvvvv COMMAND MANAGER: Grab diff: activated org.gnome.Terminal (module=orca.scripts.toolkits.gtk.script) (old: 77, new: 77) vvvvv
10:26:00.704837 -   No grab changes
^^^^^ COMMAND MANAGER: Diff completed in 0.0000s. Removed 0, added 0, transferred 0 ^^^^^

10:26:00.704893 - GSETTINGS SCHEMA HANDLE: speech/enable not set [app:org.gnome.Terminal, profile:default]
10:26:00.704906 - GSETTINGS REGISTRY: speech/enable using default value = True
10:26:00.704917 - SPEECH MANAGER: Speech is enabled.
10:26:00.704971 - SPEECH MANAGER: start_speech. Script: None Event: None notify_user: False
10:26:00.704989 - SPEECH MANAGER: Initializing server
10:26:00.705000 - SPEECH MANAGER: Already initialized
10:26:00.705036 - GSETTINGS SCHEMA HANDLE: keybindings/keyboard-layout not set [app:org.gnome.Terminal, profile:default]
10:26:00.705048 - GSETTINGS REGISTRY: keybindings/keyboard-layout using default value = 'desktop'
10:26:00.705059 - COMMAND MANAGER: Setting keyboard layout is_desktop to True.
10:26:00.705153 - GSETTINGS SCHEMA HANDLE: keybindings/entries no dict values set
10:26:00.705165 - GSETTINGS REGISTRY: keybindings/entries using default value = {}
10:26:00.705175 - COMMAND MANAGER: No user overrides to apply
10:26:00.705255 - GSETTINGS SCHEMA HANDLE: keybindings/keyboard-layout not set [app:org.gnome.Terminal, profile:default]
10:26:00.705267 - GSETTINGS REGISTRY: keybindings/keyboard-layout using default value = 'desktop'
10:26:00.705297 - GSETTINGS SCHEMA HANDLE: keybindings/desktop-modifier-keys not set [app:org.gnome.Terminal, profile:default]
10:26:00.705309 - GSETTINGS REGISTRY: keybindings/desktop-modifier-keys using default value = ['Insert', 'KP_Insert']

vvvvv COMMAND MANAGER: Grab diff: keyboard layout change (old: 77, new: 77) vvvvv
10:26:00.705336 -   No grab changes
^^^^^ COMMAND MANAGER: Diff completed in 0.0000s. Removed 0, added 0, transferred 0 ^^^^^

10:26:00.705356 - COMMAND MANAGER: Keyboard layout set to desktop.
10:26:00.705397 - GSETTINGS SCHEMA HANDLE: keybindings/keyboard-layout not set [app:org.gnome.Terminal, profile:default]
10:26:00.705409 - GSETTINGS REGISTRY: keybindings/keyboard-layout using default value = 'desktop'
10:26:00.705438 - GSETTINGS SCHEMA HANDLE: keybindings/desktop-modifier-keys not set [app:org.gnome.Terminal, profile:default]
10:26:00.705450 - GSETTINGS REGISTRY: keybindings/desktop-modifier-keys using default value = ['Insert', 'KP_Insert']
10:26:00.705464 - PRESENTATION MANAGER: Not interrupting for locusOfFocus change: event is None
10:26:00.705533 - FOCUS MANAGER: Active mode: focus-tracking Object of interest: [frame: 'Terminal' (0x784b6440ed40)] 
10:26:00.705569 - GSETTINGS SCHEMA HANDLE: speech/enable not set [app:org.gnome.Terminal, profile:default]
10:26:00.705580 - GSETTINGS REGISTRY: speech/enable using default value = True
10:26:00.705614 - GSETTINGS SCHEMA HANDLE: speech/verbosity-level not set [app:org.gnome.Terminal, profile:default]
10:26:00.705625 - GSETTINGS REGISTRY: speech/verbosity-level using default value = 'verbose'
10:26:00.705658 - FOCUS MANAGER: Locus of focus is [frame: 'Terminal' (0x784b6440ed40)] 
10:26:00.705687 - SCRIPT MANAGER: Active script is: org.gnome.Terminal (module=orca.scripts.toolkits.gtk.script)
10:26:00.705724 - GSETTINGS SCHEMA HANDLE: speech/only-speak-displayed-text not set [app:org.gnome.Terminal, profile:default]
10:26:00.705736 - GSETTINGS REGISTRY: speech/only-speak-displayed-text using default value = False
10:26:00.705767 - GSETTINGS SCHEMA HANDLE: speech/speak-description not set [app:org.gnome.Terminal, profile:default]
10:26:00.705779 - GSETTINGS REGISTRY: speech/speak-description using default value = True
10:26:00.705810 - GSETTINGS SCHEMA HANDLE: speech/speak-tutorial-messages not set [app:org.gnome.Terminal, profile:default]
10:26:00.705822 - GSETTINGS REGISTRY: speech/speak-tutorial-messages using default value = True
10:26:00.705852 - GSETTINGS SCHEMA HANDLE: speech/speak-position-in-set not set [app:org.gnome.Terminal, profile:default]
10:26:00.705863 - GSETTINGS REGISTRY: speech/speak-position-in-set using default value = False
10:26:00.705893 - GSETTINGS SCHEMA HANDLE: speech/speak-widget-mnemonic not set [app:org.gnome.Terminal, profile:default]
10:26:00.705905 - GSETTINGS REGISTRY: speech/speak-widget-mnemonic using default value = True
10:26:00.705934 - GSETTINGS SCHEMA HANDLE: speech/speak-blank-lines not set [app:org.gnome.Terminal, profile:default]
10:26:00.705945 - GSETTINGS REGISTRY: speech/speak-blank-lines using default value = True
10:26:00.705975 - GSETTINGS SCHEMA HANDLE: speech/speak-indentation-and-justification not set [app:org.gnome.Terminal, profile:default]
10:26:00.705993 - GSETTINGS REGISTRY: speech/speak-indentation-and-justification using default value = False
10:26:00.706025 - GSETTINGS SCHEMA HANDLE: speech/announce-cell-headers not set [app:org.gnome.Terminal, profile:default]
10:26:00.706036 - GSETTINGS REGISTRY: speech/announce-cell-headers using default value = True
10:26:00.706066 - GSETTINGS SCHEMA HANDLE: speech/announce-cell-coordinates not set [app:org.gnome.Terminal, profile:default]
10:26:00.706077 - GSETTINGS REGISTRY: speech/announce-cell-coordinates using default value = True
10:26:00.706106 - GSETTINGS SCHEMA HANDLE: speech/announce-spreadsheet-cell-coordinates not set [app:org.gnome.Terminal, profile:default]
10:26:00.706117 - GSETTINGS REGISTRY: speech/announce-spreadsheet-cell-coordinates using default value = True
10:26:00.706147 - GSETTINGS SCHEMA HANDLE: speech/announce-blockquote not set [app:org.gnome.Terminal, profile:default]
10:26:00.706157 - GSETTINGS REGISTRY: speech/announce-blockquote using default value = True
10:26:00.706186 - GSETTINGS SCHEMA HANDLE: speech/announce-form not set [app:org.gnome.Terminal, profile:default]
10:26:00.706198 - GSETTINGS REGISTRY: speech/announce-form using default value = True
10:26:00.706227 - GSETTINGS SCHEMA HANDLE: speech/announce-landmark not set [app:org.gnome.Terminal, profile:default]
10:26:00.706238 - GSETTINGS REGISTRY: speech/announce-landmark using default value = True
10:26:00.706272 - GSETTINGS SCHEMA HANDLE: speech/announce-list not set [app:org.gnome.Terminal, profile:default]
10:26:00.706283 - GSETTINGS REGISTRY: speech/announce-list using default value = True
10:26:00.706312 - GSETTINGS SCHEMA HANDLE: speech/announce-grouping not set [app:org.gnome.Terminal, profile:default]
10:26:00.706323 - GSETTINGS REGISTRY: speech/announce-grouping using default value = True
10:26:00.706352 - GSETTINGS SCHEMA HANDLE: speech/announce-table not set [app:org.gnome.Terminal, profile:default]
10:26:00.706363 - GSETTINGS REGISTRY: speech/announce-table using default value = True
10:26:00.706533 - GENERATOR: _get_functional_role: frame
10:26:00.706638 - SPEECH GENERATOR: speech_generator.SpeechGenerator._generate_frame for [frame: 'Terminal' (0x784b6440ed40)]  args: {'formatType': 'unfocused', 'priorObj': "[page tab: 'Overview' (0x784b643f58c0)] ", 'role': 'frame'}
10:26:00.706883 - SPEECH GENERATOR: _generate_old_ancestors: []
10:26:00.706914 - SPEECH GENERATOR: _generate_new_ancestors: []
10:26:00.706955 - AXUtilitiesRelation: [frame: 'Terminal' (0x784b6440ed40)]  is labelled by: []
10:26:00.706971 - GENERATOR: _generate_accessible_label: []
10:26:00.706992 - SPEECH GENERATOR: _generate_accessible_label: []
10:26:00.707019 - GENERATOR: _generate_accessible_name: [Terminal]
10:26:00.707053 - GSETTINGS SCHEMA HANDLE: voice/established not set [app:org.gnome.Terminal, profile:default]
10:26:00.707069 - GSETTINGS SCHEMA HANDLE: voice/rate not set [app:org.gnome.Terminal, profile:default]
10:26:00.707081 - GSETTINGS SCHEMA HANDLE: voice/pitch not set [app:org.gnome.Terminal, profile:default]
10:26:00.707094 - GSETTINGS SCHEMA HANDLE: voice/volume not set [app:org.gnome.Terminal, profile:default]
10:26:00.707108 - GSETTINGS SCHEMA HANDLE: voice/family-name not set [app:org.gnome.Terminal, profile:default]
10:26:00.707119 - GSETTINGS SCHEMA HANDLE: voice/family-lang not set [app:org.gnome.Terminal, profile:default]
10:26:00.707130 - GSETTINGS SCHEMA HANDLE: voice/family-dialect not set [app:org.gnome.Terminal, profile:default]
10:26:00.707140 - GSETTINGS SCHEMA HANDLE: voice/family-gender not set [app:org.gnome.Terminal, profile:default]
10:26:00.707152 - GSETTINGS SCHEMA HANDLE: voice/family-variant not set [app:org.gnome.Terminal, profile:default]
10:26:00.707181 - SPEECH GENERATOR: default voice requested for [frame: 'Terminal' (0x784b6440ed40)]  language='', dialect='' Unmodified voice={'established': False}
10:26:00.707208 - SPEECH GENERATOR: Reported locale of [frame: 'Terminal' (0x784b6440ed40)]  is C
10:26:00.707225 - SPEECH GENERATOR: Updated to: 'C', ''
10:26:00.707246 - GSETTINGS SCHEMA HANDLE: speech/auto-language-switching not set [app:org.gnome.Terminal, profile:default]
10:26:00.707251 - GSETTINGS REGISTRY: speech/auto-language-switching using default value = True
10:26:00.707260 - SPEECH DISPATCHER: Returning cached result for language='C' dialect='' variant='None'
10:26:00.707313 - SPEECH GENERATOR: Family updated to {'dialect': '', 'lang': 'C', 'name': ''}
10:26:00.707357 - SPEECH GENERATOR: Final voice is {'established': 'False', 'family': "{'dialect': '', 'lang': 'C', 'name': ''}"}
10:26:00.707404 - SPEECH GENERATOR: _generate_accessible_name: [Terminal, {'established': 'False', 'family': "{'dialect': '', 'lang': 'C', 'name': ''}"}]
10:26:00.707455 - GENERATOR: _generate_accessible_label_and_name: [Terminal, {'established': 'False', 'family': "{'dialect': '', 'lang': 'C', 'name': ''}"}]
10:26:00.707474 - SPEECH PRESENTER: Adjusting 'Terminal' from [frame: 'Terminal' (0x784b6440ed40)]  start_offset: None
10:26:00.707498 - GSETTINGS SCHEMA HANDLE: speech/speak-numbers-as-digits not set [app:org.gnome.Terminal, profile:default]
10:26:00.707503 - GSETTINGS REGISTRY: speech/speak-numbers-as-digits using default value = False
10:26:00.707527 - GSETTINGS SCHEMA HANDLE: speech/repeated-character-limit not set [app:org.gnome.Terminal, profile:default]
10:26:00.707531 - GSETTINGS REGISTRY: speech/repeated-character-limit using default value = 4
10:26:00.707655 - GSETTINGS SCHEMA HANDLE: speech/use-pronunciation-dictionary not set [app:org.gnome.Terminal, profile:default]
10:26:00.707662 - GSETTINGS REGISTRY: speech/use-pronunciation-dictionary using default value = True
10:26:00.707682 - GSETTINGS SCHEMA HANDLE: pronunciations/entries no dict values set
10:26:00.707687 - GSETTINGS REGISTRY: pronunciations/entries using default value = {}
10:26:00.707692 - SPEECH PRESENTER: Adjusted text: 'Terminal'
10:26:00.707744 - SPEECH GENERATOR: _generate_accessible_label_and_name: [Terminal, {'established': 'False', 'family': "{'dialect': '', 'lang': 'C', 'name': ''}"}]
10:26:00.707906 - GSETTINGS SCHEMA HANDLE: voice/established not set [app:org.gnome.Terminal, profile:default]
10:26:00.707922 - GSETTINGS SCHEMA HANDLE: voice/rate not set [app:org.gnome.Terminal, profile:default]
10:26:00.707934 - GSETTINGS SCHEMA HANDLE: voice/pitch not set [app:org.gnome.Terminal, profile:default]
10:26:00.707945 - GSETTINGS SCHEMA HANDLE: voice/volume not set [app:org.gnome.Terminal, profile:default]
10:26:00.707956 - GSETTINGS SCHEMA HANDLE: voice/family-name not set [app:org.gnome.Terminal, profile:default]
10:26:00.707966 - GSETTINGS SCHEMA HANDLE: voice/family-lang not set [app:org.gnome.Terminal, profile:default]
10:26:00.707983 - GSETTINGS SCHEMA HANDLE: voice/family-dialect not set [app:org.gnome.Terminal, profile:default]
10:26:00.707994 - GSETTINGS SCHEMA HANDLE: voice/family-gender not set [app:org.gnome.Terminal, profile:default]
10:26:00.708004 - GSETTINGS SCHEMA HANDLE: voice/family-variant not set [app:org.gnome.Terminal, profile:default]
10:26:00.708029 - SPEECH GENERATOR: system voice requested for [frame: 'Terminal' (0x784b6440ed40)]  language='', dialect='' Unmodified voice={'established': False}
10:26:00.708051 - SPEECH GENERATOR: Reported locale of [frame: 'Terminal' (0x784b6440ed40)]  is C
10:26:00.708062 - SPEECH GENERATOR: Updated to: 'C', ''
10:26:00.708077 - GSETTINGS SCHEMA HANDLE: voice/established not set [app:org.gnome.Terminal, profile:default]
10:26:00.708088 - GSETTINGS SCHEMA HANDLE: voice/rate not set [app:org.gnome.Terminal, profile:default]
10:26:00.708098 - GSETTINGS SCHEMA HANDLE: voice/pitch not set [app:org.gnome.Terminal, profile:default]
10:26:00.708108 - GSETTINGS SCHEMA HANDLE: voice/volume not set [app:org.gnome.Terminal, profile:default]
10:26:00.708119 - GSETTINGS SCHEMA HANDLE: voice/family-name not set [app:org.gnome.Terminal, profile:default]
10:26:00.708129 - GSETTINGS SCHEMA HANDLE: voice/family-lang not set [app:org.gnome.Terminal, profile:default]
10:26:00.708138 - GSETTINGS SCHEMA HANDLE: voice/family-dialect not set [app:org.gnome.Terminal, profile:default]
10:26:00.708147 - GSETTINGS SCHEMA HANDLE: voice/family-gender not set [app:org.gnome.Terminal, profile:default]
10:26:00.708156 - GSETTINGS SCHEMA HANDLE: voice/family-variant not set [app:org.gnome.Terminal, profile:default]
10:26:00.708189 - SPEECH GENERATOR: Final voice is {'established': 'False', 'family': '{}'}
10:26:00.708222 - SPEECH GENERATOR: _generate_accessible_role: [frame, {'established': 'False', 'family': '{}'}]
10:26:00.708313 - AXUtilities: Unfocused alerts and dialogs for [frame: 'Terminal' (0x784b6440ed40)] : []
10:26:00.708328 - SPEECH GENERATOR: _generate_unfocused_dialog_count: []
10:26:00.708353 - GENERATOR: _generate_state_current: []
10:26:00.708366 - SPEECH GENERATOR: _generate_state_current: []
10:26:00.708379 - SPEECH GENERATOR: _generate_has_click_action: []
10:26:00.708391 - SPEECH GENERATOR: _generate_has_details: []
10:26:00.708403 - SPEECH GENERATOR: _generate_details_for: []
10:26:00.708426 - GENERATOR: _generate_accessible_description: []
10:26:00.708437 - SPEECH GENERATOR: _generate_accessible_description: []
10:26:00.708458 - SPEECH GENERATOR: _generate_state_has_popup: []
10:26:00.708518 - SPEECH GENERATOR: _generate_tutorial: []
10:26:00.708593 - SPEECH GENERATOR: Results: [Terminal, {'established': 'False', 'family': "{'dialect': '', 'lang': 'C', 'name': ''}"}, frame, {'established': 'False', 'family': '{}'}]
10:26:00.708712 - SPEECH: Speak [Terminal, {'established': 'False', 'family': "{'dialect': '', 'lang': 'C', 'name': ''}"}, frame, {'established': 'False', 'family': '{}'}], acss: None
10:26:00.708782 - SPEECH: New voice {'established': 'False'}  != active voice {'established': 'False', 'family': "{'dialect': '', 'lang': 'C', 'name': ''}"}
10:26:00.708793 - SPEECH OUTPUT: 'Terminal' {'established': False, 'family': {'name': '', 'gender': None, 'lang': 'C', 'dialect': '', 'variant': None}}
10:26:00.708798 - SPEECH DISPATCHER: Speaking 'Terminal' as string
10:26:00.708971 - SPEECH DISPATCHER: Speaking '<speak><mark name="0:8"/>Terminal</speak>' 
                  ORCA rate 50.0, pitch 5.0, volume 10.0, language C, punctuation: MOST
                  SD rate 2, pitch 10, volume 100, language c
10:26:00.709039 - SPEECH OUTPUT: 'frame' {'established': False}
10:26:00.709044 - SPEECH DISPATCHER: Speaking 'frame' as string
10:26:00.709176 - SPEECH DISPATCHER: Speaking '<speak><mark name="0:5"/>frame</speak>' 
                  ORCA rate 50.0, pitch 5.0, volume 10.0, language C, punctuation: MOST
                  SD rate 2, pitch 10, volume 100, language c
10:26:00.714817 - GSETTINGS SCHEMA HANDLE: braille/enabled not set [app:org.gnome.Terminal, profile:default]
10:26:00.714866 - GSETTINGS REGISTRY: braille/enabled using default value = True
10:26:00.714926 - FOCUS MANAGER: Active mode: focus-tracking Object of interest: [frame: 'Terminal' (0x784b6440ed40)] 
10:26:00.714944 - GSETTINGS SCHEMA HANDLE: braille/enabled not set [app:org.gnome.Terminal, profile:default]
10:26:00.714949 - GSETTINGS REGISTRY: braille/enabled using default value = True
10:26:00.715005 - GSETTINGS SCHEMA HANDLE: braille/verbosity-level not set [app:org.gnome.Terminal, profile:default]
10:26:00.715010 - GSETTINGS REGISTRY: braille/verbosity-level using default value = 'verbose'
10:26:00.715025 - FOCUS MANAGER: Locus of focus is [frame: 'Terminal' (0x784b6440ed40)] 
10:26:00.715043 - SCRIPT MANAGER: Active script is: org.gnome.Terminal (module=orca.scripts.toolkits.gtk.script)
10:26:00.715059 - GSETTINGS SCHEMA HANDLE: braille/rolename-style not set [app:org.gnome.Terminal, profile:default]
10:26:00.715063 - GSETTINGS REGISTRY: braille/rolename-style using default value = 'verbose'
10:26:00.715075 - GSETTINGS SCHEMA HANDLE: braille/display-ancestors not set [app:org.gnome.Terminal, profile:default]
10:26:00.715078 - GSETTINGS REGISTRY: braille/display-ancestors using default value = True
10:26:00.715089 - GSETTINGS SCHEMA HANDLE: braille/end-of-line-indicator not set [app:org.gnome.Terminal, profile:default]
10:26:00.715092 - GSETTINGS REGISTRY: braille/end-of-line-indicator using default value = True
10:26:00.715103 - GSETTINGS SCHEMA HANDLE: braille/present-mnemonics not set [app:org.gnome.Terminal, profile:default]
10:26:00.715106 - GSETTINGS REGISTRY: braille/present-mnemonics using default value = True
10:26:00.715191 - GENERATOR: _get_functional_role: frame
10:26:00.715259 - BRAILLE GENERATOR: braille_generator.BrailleGenerator._generate_frame for [frame: 'Terminal' (0x784b6440ed40)]  args: {'formatType': 'focused', 'priorObj': "[page tab: 'Overview' (0x784b643f58c0)] ", 'role': 'frame'}
10:26:00.716403 - GENERATOR: _get_functional_role: application
10:26:00.716492 - BRAILLE GENERATOR: [application: 'org.gnome.Terminal' (0x784b644b87c0)]  lacks dedicated generator
10:26:00.716628 - BRAILLE GENERATOR: braille_generator.BrailleGenerator._generate_default_presentation for [application: 'org.gnome.Terminal' (0x784b644b87c0)]  args: {'formatType': 'ancestor', 'includeContext': 'False', 'priorObj': "[page tab: 'Overview' (0x784b643f58c0)] ", 'role': 'application'}
10:26:00.716807 - AXUtilitiesRelation: [application: 'org.gnome.Terminal' (0x784b644b87c0)]  is labelled by: []
10:26:00.716845 - GENERATOR: _generate_accessible_label: []
10:26:00.716913 - GENERATOR: _generate_accessible_name: [org.gnome.Terminal]
10:26:00.716971 - GENERATOR: _generate_accessible_label_and_name: [org.gnome.Terminal]
10:26:00.717226 - BRAILLE GENERATOR: _generate_accessible_role: [application]
10:26:00.717251 - BRAILLE: Not contracting 'org.gnome.Terminal application' because contracted braille is not enabled.
10:26:00.717274 - BRAILLE GENERATOR: Results: [COMPONENT: 'org.gnome.Terminal application', cursor offset:0]
10:26:00.717301 - BRAILLE GENERATOR: _generate_ancestors: [COMPONENT: 'org.gnome.Terminal application', cursor offset:0]
10:26:00.717336 - AXUtilitiesRelation: [frame: 'Terminal' (0x784b6440ed40)]  is labelled by: []
10:26:00.717351 - GENERATOR: _generate_accessible_label: []
10:26:00.717371 - GENERATOR: _generate_accessible_name: [Terminal]
10:26:00.717395 - GENERATOR: _generate_accessible_label_and_name: [Terminal]
10:26:00.717443 - BRAILLE GENERATOR: _generate_accessible_role: [frame]
10:26:00.717552 - AXUtilities: Unfocused alerts and dialogs for [frame: 'Terminal' (0x784b6440ed40)] : []
10:26:00.717567 - BRAILLE GENERATOR: _generate_alert_and_dialog_count: []
10:26:00.717575 - BRAILLE: Not contracting 'Terminal frame' because contracted braille is not enabled.
10:26:00.717595 - GENERATOR: _generate_accessible_description: []
10:26:00.717617 - GENERATOR: _generate_state_current: []
10:26:00.717646 - BRAILLE GENERATOR: Results: [COMPONENT: 'org.gnome.Terminal application', cursor offset:0, REGION: ' ', cursor offset:0, COMPONENT: 'Terminal frame', cursor offset:0]
10:26:00.717684 - BRAILLE: Refresh. Pan: True target: 0
10:26:00.717690 - BRAILLE: Kill flash message braille.display_line:1618 > braille.refresh:2097 > braille._prepare_refresh:1856 > braille.kill_flash:2182
10:26:00.718221 - GSETTINGS SCHEMA HANDLE: braille/enabled not set [app:org.gnome.Terminal, profile:default]
10:26:00.718231 - GSETTINGS REGISTRY: braille/enabled using default value = True
10:26:00.718251 - BRAILLE: Last text object: None (Caret: 0, Line: 0, Cell: 0)
10:26:00.718276 - BRAILLE: Current text object: None (Caret: 0, Line: 0). On same line: False
10:26:00.718284 - BRAILLE: Line 0: 'org.gnome.Terminal application Terminal frame' focusOffset: 31 [[0, 31], [31, 45]]
10:26:00.718290 - BRAILLE: Cursor offset in line string is: 31
10:26:00.718297 - BRAILLE: Adjusting offset to 31 (unhandled condition)
10:26:00.718301 - BRAILLE: Current range: (31, 63). Target cell: 0
10:26:00.718307 - BRAILLE LINE:  'org.gnome.Terminal application Terminal frame'
10:26:00.718312 -      VISIBLE:  'Terminal frame', cursor=1
10:26:00.718326 - BRAILLE: Enabling braille. BrlAPI running: False
10:26:00.718330 - BRAILLE: Need to initialize first.
10:26:00.718344 - BRAILLE: Initializing. Callback: input_event_manager.InputEventManager.process_braille_event
10:26:00.718364 - BRAILLE: WINDOWPATH= None
10:26:00.718378 - BRAILLE: XDG_VTNR= 1
10:26:00.718399 - BRAILLE: Attempting connection with BrlAPI.
10:26:00.718571 - AXTable: Setting last cell coordinates to row=-1, column=-1
10:26:00.718602 - FOCUS MANAGER: Setting last cursor position to [frame: 'Terminal' (0x784b6440ed40)]  -1
10:26:00.718651 - FOCUS MANAGER: Active window is [frame: 'Terminal' (0x784b6440ed40)]  focus_manager.set_locus_of_focus:327 > focus_manager._save_object_details:254 > ax_utilities_event.save_object_info_for_events:195 > focus_manager.get_active_window:342
10:26:00.719029 - SCRIPT MANAGER: Getting script for [application: 'org.gnome.Terminal' (0x784b644b87c0)]  [frame: 'Terminal' (0x784b6440ed40)] 
10:26:00.719065 - SCRIPT MANAGER: Script is app script org.gnome.Terminal (module=orca.scripts.toolkits.gtk.script)
10:26:00.719219 - FOCUS MANAGER: Locus of focus is [frame: 'Terminal' (0x784b6440ed40)] 
10:26:00.719360 - SCRIPT MANAGER: Active script is: org.gnome.Terminal (module=orca.scripts.toolkits.gtk.script)
10:26:00.719576 - BRAILLE: BrlAPI Connection is unavailable (ConnectionError): couldn't connect to b':0' with key b'keyfile:/etc/brlapi.key+polkit': connect: No such file or directory
                  (brlerrno 11, libcerrno 2, gaierrno 0)
                  Is BRLTTY really running?
10:26:00.719609 - GSETTINGS SCHEMA HANDLE: keybindings/keyboard-layout not set [app:org.gnome.Terminal, profile:default]
10:26:00.719629 - GSETTINGS REGISTRY: keybindings/keyboard-layout using default value = 'desktop'
10:26:00.719674 - GSETTINGS SCHEMA HANDLE: keybindings/desktop-modifier-keys not set [app:org.gnome.Terminal, profile:default]
10:26:00.719680 - GSETTINGS REGISTRY: keybindings/desktop-modifier-keys using default value = ['Insert', 'KP_Insert']

KEYBOARD_EVENT:  type=ATSPI_KEY_PRESSED_EVENT
                 id=65478
                 hw_code=75
                 modifiers=0
                 text=''
                 keyval_name='F9'
                 timestamp=1789050360.6938188
                 clickCount=1

vvvvv PROCESS ATSPI_KEY_PRESSED_EVENT: 'F9' (75) vvvvv
10:26:00.719723 - SCRIPT: org.gnome.Terminal (module=orca.scripts.toolkits.gtk.script)
10:26:00.719737 - WINDOW: [frame: 'Terminal' (0x784b6440ed40)] 
10:26:00.719750 - LOCATION: [frame: 'Terminal' (0x784b6440ed40)] 
10:26:00.719779 - GSETTINGS SCHEMA HANDLE: keybindings/keyboard-layout not set [app:org.gnome.Terminal, profile:default]
10:26:00.719784 - GSETTINGS REGISTRY: keybindings/keyboard-layout using default value = 'desktop'
10:26:00.719834 - GSETTINGS SCHEMA HANDLE: keybindings/desktop-modifier-keys not set [app:org.gnome.Terminal, profile:default]
10:26:00.719839 - GSETTINGS REGISTRY: keybindings/desktop-modifier-keys using default value = ['Insert', 'KP_Insert']
10:26:00.719847 - PRESENTATION MANAGER: Interrupting presentation
10:26:00.719878 - SPEECH MANAGER: interrupt_speech. Script: None Event: None notify_user: False
10:26:00.720094 - SPEECH MANAGER: Speech server is <orca.speechdispatcherfactory.SpeechServer object at 0x784b644a96a0>
10:26:00.720196 - BRAILLE: Kill flash message input_event._present:603 > presentation_manager.interrupt_presentation:88 > braille_presenter.kill_flash:1829 > braille.kill_flash:2182
10:26:00.720569 - TYPING ECHO PRESENTER: should_echo_keyboard_event: 'F9'?
10:26:00.720603 - GSETTINGS SCHEMA HANDLE: keybindings/keyboard-layout not set [app:org.gnome.Terminal, profile:default]
10:26:00.720611 - GSETTINGS REGISTRY: keybindings/keyboard-layout using default value = 'desktop'
10:26:00.720625 - GSETTINGS SCHEMA HANDLE: keybindings/desktop-modifier-keys not set [app:org.gnome.Terminal, profile:default]
10:26:00.720630 - GSETTINGS REGISTRY: keybindings/desktop-modifier-keys using default value = ['Insert', 'KP_Insert']
10:26:00.720676 - GSETTINGS SCHEMA HANDLE: typing-echo/character-echo not set [app:org.gnome.Terminal, profile:default]
10:26:00.720680 - GSETTINGS REGISTRY: typing-echo/character-echo using default value = False
10:26:00.720695 - GSETTINGS SCHEMA HANDLE: keybindings/keyboard-layout not set [app:org.gnome.Terminal, profile:default]
10:26:00.720700 - GSETTINGS REGISTRY: keybindings/keyboard-layout using default value = 'desktop'
10:26:00.720710 - GSETTINGS SCHEMA HANDLE: keybindings/desktop-modifier-keys not set [app:org.gnome.Terminal, profile:default]
10:26:00.720714 - GSETTINGS REGISTRY: keybindings/desktop-modifier-keys using default value = ['Insert', 'KP_Insert']
10:26:00.720732 - GSETTINGS SCHEMA HANDLE: typing-echo/key-echo not set [app:org.gnome.Terminal, profile:default]
10:26:00.720736 - GSETTINGS REGISTRY: typing-echo/key-echo using default value = True
10:26:00.720771 - GSETTINGS SCHEMA HANDLE: keybindings/keyboard-layout not set [app:org.gnome.Terminal, profile:default]
10:26:00.720776 - GSETTINGS REGISTRY: keybindings/keyboard-layout using default value = 'desktop'
10:26:00.720787 - GSETTINGS SCHEMA HANDLE: keybindings/desktop-modifier-keys not set [app:org.gnome.Terminal, profile:default]
10:26:00.720791 - GSETTINGS REGISTRY: keybindings/desktop-modifier-keys using default value = ['Insert', 'KP_Insert']
10:26:00.720812 - GSETTINGS SCHEMA HANDLE: typing-echo/function-keys not set [app:org.gnome.Terminal, profile:default]
10:26:00.720817 - GSETTINGS REGISTRY: typing-echo/function-keys using default value = True
10:26:00.720822 - TYPING ECHO PRESENTER: Echoing function keyboard event: True.
10:26:00.720846 - GSETTINGS SCHEMA HANDLE: keybindings/keyboard-layout not set [app:org.gnome.Terminal, profile:default]
10:26:00.720850 - GSETTINGS REGISTRY: keybindings/keyboard-layout using default value = 'desktop'
10:26:00.720864 - GSETTINGS SCHEMA HANDLE: keybindings/desktop-modifier-keys not set [app:org.gnome.Terminal, profile:default]
10:26:00.720868 - GSETTINGS REGISTRY: keybindings/desktop-modifier-keys using default value = ['Insert', 'KP_Insert']
10:26:00.720899 - SCRIPT MANAGER: Active script is: org.gnome.Terminal (module=orca.scripts.toolkits.gtk.script)
10:26:00.720929 - FOCUS MANAGER: Active mode: focus-tracking Object of interest: [frame: 'Terminal' (0x784b6440ed40)] 
10:26:00.720956 - GSETTINGS SCHEMA HANDLE: speech/enable not set [app:org.gnome.Terminal, profile:default]
10:26:00.720963 - GSETTINGS REGISTRY: speech/enable using default value = True
10:26:00.720989 - GSETTINGS SCHEMA HANDLE: speech/verbosity-level not set [app:org.gnome.Terminal, profile:default]
10:26:00.720997 - GSETTINGS REGISTRY: speech/verbosity-level using default value = 'verbose'
10:26:00.721018 - FOCUS MANAGER: Locus of focus is [frame: 'Terminal' (0x784b6440ed40)] 
10:26:00.721037 - SCRIPT MANAGER: Active script is: org.gnome.Terminal (module=orca.scripts.toolkits.gtk.script)
10:26:00.721054 - GSETTINGS SCHEMA HANDLE: speech/only-speak-displayed-text not set [app:org.gnome.Terminal, profile:default]
10:26:00.721058 - GSETTINGS REGISTRY: speech/only-speak-displayed-text using default value = False
10:26:00.721077 - GSETTINGS SCHEMA HANDLE: speech/speak-description not set [app:org.gnome.Terminal, profile:default]
10:26:00.721081 - GSETTINGS REGISTRY: speech/speak-description using default value = True
10:26:00.721092 - GSETTINGS SCHEMA HANDLE: speech/speak-tutorial-messages not set [app:org.gnome.Terminal, profile:default]
10:26:00.721095 - GSETTINGS REGISTRY: speech/speak-tutorial-messages using default value = True
10:26:00.721106 - GSETTINGS SCHEMA HANDLE: speech/speak-position-in-set not set [app:org.gnome.Terminal, profile:default]
10:26:00.721109 - GSETTINGS REGISTRY: speech/speak-position-in-set using default value = False
10:26:00.721119 - GSETTINGS SCHEMA HANDLE: speech/speak-widget-mnemonic not set [app:org.gnome.Terminal, profile:default]
10:26:00.721122 - GSETTINGS REGISTRY: speech/speak-widget-mnemonic using default value = True
10:26:00.721133 - GSETTINGS SCHEMA HANDLE: speech/speak-blank-lines not set [app:org.gnome.Terminal, profile:default]
10:26:00.721136 - GSETTINGS REGISTRY: speech/speak-blank-lines using default value = True
10:26:00.721147 - GSETTINGS SCHEMA HANDLE: speech/speak-indentation-and-justification not set [app:org.gnome.Terminal, profile:default]
10:26:00.721150 - GSETTINGS REGISTRY: speech/speak-indentation-and-justification using default value = False
10:26:00.721160 - GSETTINGS SCHEMA HANDLE: speech/announce-cell-headers not set [app:org.gnome.Terminal, profile:default]
10:26:00.721164 - GSETTINGS REGISTRY: speech/announce-cell-headers using default value = True
10:26:00.721174 - GSETTINGS SCHEMA HANDLE: speech/announce-cell-coordinates not set [app:org.gnome.Terminal, profile:default]
10:26:00.721177 - GSETTINGS REGISTRY: speech/announce-cell-coordinates using default value = True
10:26:00.721187 - GSETTINGS SCHEMA HANDLE: speech/announce-spreadsheet-cell-coordinates not set [app:org.gnome.Terminal, profile:default]
10:26:00.721190 - GSETTINGS REGISTRY: speech/announce-spreadsheet-cell-coordinates using default value = True
10:26:00.721200 - GSETTINGS SCHEMA HANDLE: speech/announce-blockquote not set [app:org.gnome.Terminal, profile:default]
10:26:00.721203 - GSETTINGS REGISTRY: speech/announce-blockquote using default value = True
10:26:00.721213 - GSETTINGS SCHEMA HANDLE: speech/announce-form not set [app:org.gnome.Terminal, profile:default]
10:26:00.721216 - GSETTINGS REGISTRY: speech/announce-form using default value = True
10:26:00.721226 - GSETTINGS SCHEMA HANDLE: speech/announce-landmark not set [app:org.gnome.Terminal, profile:default]
10:26:00.721229 - GSETTINGS REGISTRY: speech/announce-landmark using default value = True
10:26:00.721239 - GSETTINGS SCHEMA HANDLE: speech/announce-list not set [app:org.gnome.Terminal, profile:default]
10:26:00.721244 - GSETTINGS REGISTRY: speech/announce-list using default value = True
10:26:00.721259 - GSETTINGS SCHEMA HANDLE: speech/announce-grouping not set [app:org.gnome.Terminal, profile:default]
10:26:00.721263 - GSETTINGS REGISTRY: speech/announce-grouping using default value = True
10:26:00.721272 - GSETTINGS SCHEMA HANDLE: speech/announce-table not set [app:org.gnome.Terminal, profile:default]
10:26:00.721275 - GSETTINGS REGISTRY: speech/announce-table using default value = True
10:26:00.721301 - GSETTINGS SCHEMA HANDLE: voice/established not set [app:org.gnome.Terminal, profile:default]
10:26:00.721315 - GSETTINGS SCHEMA HANDLE: voice/rate not set [app:org.gnome.Terminal, profile:default]
10:26:00.721328 - GSETTINGS SCHEMA HANDLE: voice/pitch not set [app:org.gnome.Terminal, profile:default]
10:26:00.721338 - GSETTINGS SCHEMA HANDLE: voice/volume not set [app:org.gnome.Terminal, profile:default]
10:26:00.721351 - GSETTINGS SCHEMA HANDLE: voice/family-name not set [app:org.gnome.Terminal, profile:default]
10:26:00.721361 - GSETTINGS SCHEMA HANDLE: voice/family-lang not set [app:org.gnome.Terminal, profile:default]
10:26:00.721372 - GSETTINGS SCHEMA HANDLE: voice/family-dialect not set [app:org.gnome.Terminal, profile:default]
10:26:00.721382 - GSETTINGS SCHEMA HANDLE: voice/family-gender not set [app:org.gnome.Terminal, profile:default]
10:26:00.721392 - GSETTINGS SCHEMA HANDLE: voice/family-variant not set [app:org.gnome.Terminal, profile:default]
10:26:00.721419 - SPEECH GENERATOR: None voice requested for None language='', dialect='' Unmodified voice={'established': False}
10:26:00.721447 - SPEECH GENERATOR: Reported locale of None is 
10:26:00.721465 - SPEECH GENERATOR: Updated to: 'C', ''
10:26:00.721483 - GSETTINGS SCHEMA HANDLE: speech/auto-language-switching not set [app:org.gnome.Terminal, profile:default]
10:26:00.721492 - GSETTINGS REGISTRY: speech/auto-language-switching using default value = True
10:26:00.721508 - SPEECH DISPATCHER: Returning cached result for language='C' dialect='' variant='None'
10:26:00.721561 - SPEECH GENERATOR: Family updated to {'dialect': '', 'lang': 'C', 'name': ''}
10:26:00.721603 - SPEECH GENERATOR: Final voice is {'established': 'False', 'family': "{'dialect': '', 'lang': 'C', 'name': ''}"}
10:26:00.721631 - GSETTINGS SCHEMA HANDLE: keybindings/keyboard-layout not set [app:org.gnome.Terminal, profile:default]
10:26:00.721636 - GSETTINGS REGISTRY: keybindings/keyboard-layout using default value = 'desktop'
10:26:00.721648 - GSETTINGS SCHEMA HANDLE: keybindings/desktop-modifier-keys not set [app:org.gnome.Terminal, profile:default]
10:26:00.721653 - GSETTINGS REGISTRY: keybindings/desktop-modifier-keys using default value = ['Insert', 'KP_Insert']
10:26:00.721663 - SPEECH OUTPUT: 'F9' {'established': False, 'family': {'name': '', 'gender': None, 'lang': 'C', 'dialect': '', 'variant': None}}
10:26:00.721678 - GSETTINGS SCHEMA HANDLE: keybindings/keyboard-layout not set [app:org.gnome.Terminal, profile:default]
10:26:00.721681 - GSETTINGS REGISTRY: keybindings/keyboard-layout using default value = 'desktop'
10:26:00.721691 - GSETTINGS SCHEMA HANDLE: keybindings/desktop-modifier-keys not set [app:org.gnome.Terminal, profile:default]
10:26:00.721695 - GSETTINGS REGISTRY: keybindings/desktop-modifier-keys using default value = ['Insert', 'KP_Insert']
10:26:00.721702 - SPEECH DISPATCHER: Speaking 'F9' as string
10:26:00.721707 - SPEECH DISPATCHER: Speaking 'F9' as string
10:26:00.722003 - SPEECH DISPATCHER: Speaking '<speak><mark name="0:2"/>F9</speak>' 
                  ORCA rate 50.0, pitch 5.0, volume 10.0, language C, punctuation: MOST
                  SD rate 2, pitch 10, volume 100, language c
10:26:00.722095 - TOTAL PROCESSING TIME: 0.0024
^^^^^ PROCESS ATSPI_KEY_PRESSED_EVENT: 'F9' (75) ^^^^^

10:26:00.722156 - GSETTINGS SCHEMA HANDLE: keybindings/keyboard-layout not set [app:org.gnome.Terminal, profile:default]
10:26:00.722165 - GSETTINGS REGISTRY: keybindings/keyboard-layout using default value = 'desktop'
10:26:00.722182 - GSETTINGS SCHEMA HANDLE: keybindings/desktop-modifier-keys not set [app:org.gnome.Terminal, profile:default]
10:26:00.722192 - GSETTINGS REGISTRY: keybindings/desktop-modifier-keys using default value = ['Insert', 'KP_Insert']
10:26:00.722290 - GSETTINGS SCHEMA HANDLE: keybindings/keyboard-layout not set [app:org.gnome.Terminal, profile:default]
10:26:00.722296 - GSETTINGS REGISTRY: keybindings/keyboard-layout using default value = 'desktop'
10:26:00.722308 - GSETTINGS SCHEMA HANDLE: keybindings/desktop-modifier-keys not set [app:org.gnome.Terminal, profile:default]
10:26:00.722313 - GSETTINGS REGISTRY: keybindings/desktop-modifier-keys using default value = ['Insert', 'KP_Insert']
10:26:00.722768 - GSETTINGS SCHEMA HANDLE: keybindings/keyboard-layout not set [app:org.gnome.Terminal, profile:default]
10:26:00.722777 - GSETTINGS REGISTRY: keybindings/keyboard-layout using default value = 'desktop'
10:26:00.722791 - GSETTINGS SCHEMA HANDLE: keybindings/desktop-modifier-keys not set [app:org.gnome.Terminal, profile:default]
10:26:00.722796 - GSETTINGS REGISTRY: keybindings/desktop-modifier-keys using default value = ['Insert', 'KP_Insert']

KEYBOARD_EVENT:  type=ATSPI_KEY_RELEASED_EVENT
                 id=65478
                 hw_code=75
                 modifiers=0
                 text=''
                 keyval_name='F9'
                 timestamp=1789050360.7222745
                 clickCount=1

vvvvv PROCESS ATSPI_KEY_RELEASED_EVENT: 'F9' (75) vvvvv
10:26:00.722838 - SCRIPT: org.gnome.Terminal (module=orca.scripts.toolkits.gtk.script)
10:26:00.722855 - WINDOW: [frame: 'Terminal' (0x784b6440ed40)] 
10:26:00.722867 - LOCATION: [frame: 'Terminal' (0x784b6440ed40)] 
10:26:00.722891 - GSETTINGS SCHEMA HANDLE: keybindings/keyboard-layout not set [app:org.gnome.Terminal, profile:default]
10:26:00.722897 - GSETTINGS REGISTRY: keybindings/keyboard-layout using default value = 'desktop'
10:26:00.722908 - GSETTINGS SCHEMA HANDLE: keybindings/desktop-modifier-keys not set [app:org.gnome.Terminal, profile:default]
10:26:00.722912 - GSETTINGS REGISTRY: keybindings/desktop-modifier-keys using default value = ['Insert', 'KP_Insert']
10:26:00.722924 - TOTAL PROCESSING TIME: 0.0001
^^^^^ PROCESS ATSPI_KEY_RELEASED_EVENT: 'F9' (75) ^^^^^

10:26:00.722946 - GSETTINGS SCHEMA HANDLE: keybindings/keyboard-layout not set [app:org.gnome.Terminal, profile:default]
10:26:00.722950 - GSETTINGS REGISTRY: keybindings/keyboard-layout using default value = 'desktop'
10:26:00.722960 - GSETTINGS SCHEMA HANDLE: keybindings/desktop-modifier-keys not set [app:org.gnome.Terminal, profile:default]
10:26:00.722964 - GSETTINGS REGISTRY: keybindings/desktop-modifier-keys using default value = ['Insert', 'KP_Insert']

10:26:00.723304 - AXObject: Exception in get_role_name: app no longer exists
10:26:00.723316 - AXObject: Adding to known dead objects ax_utilities_debugging._accessible_as_string:62 > ax_object.get_role_name:661 > ax_object.handle_error:193 > ax_object._set_known_dead_status:170
10:26:00.723859 - EVENT MANAGER: object:children-changed:remove for [desktop frame: 'main' (0x784b64360cc0)]  in  (5, 0, [DEAD (0x784b643546c0)])
10:26:00.723883 - FOCUS MANAGER: Locus of focus is [frame: 'Terminal' (0x784b6440ed40)] 
10:26:00.723990 - EVENT MANAGER: Queueing object:children-changed:remove for [desktop frame: 'main' (0x784b64548980)]  in  (5, 0, [DEAD (0x784b643546c0)])
10:26:00.724032 - EVENT MANAGER: App for event source is None
10:26:00.724056 - SCRIPT MANAGER: Getting script for None [desktop frame: 'main' (0x784b64548980)] 
10:26:00.724163 - SCRIPT MANAGER: Script is app script default (module=orca.scripts.default)
10:26:00.724203 - EVENT MANAGER: object:children-changed:remove for [desktop frame: 'main' (0x784b64360640)]  in  (5, 0, [DEAD (0x784b643546c0)]) has priority level: 6
10:26:00.724236 - EVENT MANAGER: Queued object:children-changed:remove for [desktop frame: 'main' (0x784b64360fc0)]  in  (5, 0, [DEAD (0x784b643546c0)]) priority: 6, counter: 79
10:26:00.724290 - CLIPBOARD PRESENTER: Possible change event object:text-changed:delete for [terminal: 'Terminal' (0x784b644c3900)]  in org.gnome.Terminal (gtk 3.24.52) (61, 914, Project overview \n \n \n... \n \n \n \n \n (928 chars.))

10:26:00.724354 - EVENT MANAGER: object:text-changed:delete for [terminal: 'Terminal' (0x784b644c3900)]  in org.gnome.Terminal (gtk 3.24.52) (61, 914, Project overview \n \n \n... \n \n \n \n \n (928 chars.))
10:26:00.724371 - FOCUS MANAGER: Locus of focus is [frame: 'Terminal' (0x784b6440ed40)] 
10:26:00.724419 - EVENT_MANAGER: Not ignoring object:text-changed:delete due to source being focused
10:26:00.724455 - EVENT MANAGER: Queueing object:text-changed:delete for [terminal: 'Terminal' (0x784b644c3900)]  in org.gnome.Terminal (gtk 3.24.52) (61, 914, Project overview \n \n \n... \n \n \n \n \n (928 chars.))
10:26:00.724470 - EVENT MANAGER: App for event source is [application: 'org.gnome.Terminal' (0x784b644b87c0)] 
10:26:00.724486 - SCRIPT MANAGER: Getting script for [application: 'org.gnome.Terminal' (0x784b644b87c0)]  [terminal: 'Terminal' (0x784b644c3900)] 
10:26:00.724509 - SCRIPT MANAGER: Script is custom script org.gnome.Terminal (module=orca.scripts.terminal.script)
10:26:00.724549 - EVENT MANAGER: object:text-changed:delete for [terminal: 'Terminal' (0x784b644c3900)]  in org.gnome.Terminal (gtk 3.24.52) (61, 914, Project overview \n \n \n... \n \n \n \n \n (928 chars.)) has priority level: 4
10:26:00.724586 - EVENT MANAGER: Queued object:text-changed:delete for [terminal: 'Terminal' (0x784b644c3900)]  in org.gnome.Terminal (gtk 3.24.52) (61, 914, Project overview \n \n \n... \n \n \n \n \n (928 chars.)) priority: 4, counter: 80
10:26:00.724626 - CLIPBOARD PRESENTER: Possible change event object:text-changed:delete for [terminal: 'Terminal' (0x784b644c3900)]  in org.gnome.Terminal (gtk 3.24.52) (0, 61,   ▶Overview ✕    ~ Unavailable~                             \n)

10:26:00.724675 - EVENT MANAGER: object:text-changed:delete for [terminal: 'Terminal' (0x784b644c3900)]  in org.gnome.Terminal (gtk 3.24.52) (0, 61,   ▶Overview ✕    ~ Unavailable~                             \n)
10:26:00.724691 - FOCUS MANAGER: Locus of focus is [frame: 'Terminal' (0x784b6440ed40)] 
10:26:00.724737 - EVENT_MANAGER: Not ignoring object:text-changed:delete due to source being focused
10:26:00.724768 - EVENT MANAGER: Queueing object:text-changed:delete for [terminal: 'Terminal' (0x784b644c3900)]  in org.gnome.Terminal (gtk 3.24.52) (0, 61,   ▶Overview ✕    ~ Unavailable~                             \n)
10:26:00.724784 - EVENT MANAGER: App for event source is [application: 'org.gnome.Terminal' (0x784b644b87c0)] 
10:26:00.724801 - SCRIPT MANAGER: Getting script for [application: 'org.gnome.Terminal' (0x784b644b87c0)]  [terminal: 'Terminal' (0x784b644c3900)] 
10:26:00.724821 - SCRIPT MANAGER: Script is custom script org.gnome.Terminal (module=orca.scripts.terminal.script)
10:26:00.724858 - EVENT MANAGER: object:text-changed:delete for [terminal: 'Terminal' (0x784b644c3900)]  in org.gnome.Terminal (gtk 3.24.52) (0, 61,   ▶Overview ✕    ~ Unavailable~                             \n) has priority level: 4
10:26:00.724895 - EVENT MANAGER: Queued object:text-changed:delete for [terminal: 'Terminal' (0x784b644c3900)]  in org.gnome.Terminal (gtk 3.24.52) (0, 61,   ▶Overview ✕    ~ Unavailable~                             \n) priority: 4, counter: 81
10:26:00.724928 - CLIPBOARD PRESENTER: Possible change event object:text-changed:insert for [terminal: 'Terminal' (0x784b644c3900)]  in org.gnome.Terminal (gtk 3.24.52) (0, 15, \n\n\n\n\n\n\n\n\n\n\n\n\n\n\n)

10:26:00.724973 - EVENT MANAGER: object:text-changed:insert for [terminal: 'Terminal' (0x784b644c3900)]  in org.gnome.Terminal (gtk 3.24.52) (0, 15, \n\n\n\n\n\n\n\n\n\n\n\n\n\n\n)
10:26:00.724996 - FOCUS MANAGER: Locus of focus is [frame: 'Terminal' (0x784b6440ed40)] 
10:26:00.725041 - EVENT_MANAGER: Not ignoring object:text-changed:insert due to source being focused
10:26:00.725071 - EVENT MANAGER: Queueing object:text-changed:insert for [terminal: 'Terminal' (0x784b644c3900)]  in org.gnome.Terminal (gtk 3.24.52) (0, 15, \n\n\n\n\n\n\n\n\n\n\n\n\n\n\n)
10:26:00.725086 - EVENT MANAGER: App for event source is [application: 'org.gnome.Terminal' (0x784b644b87c0)] 
10:26:00.725112 - SCRIPT MANAGER: Getting script for [application: 'org.gnome.Terminal' (0x784b644b87c0)]  [terminal: 'Terminal' (0x784b644c3900)] 
10:26:00.725133 - SCRIPT MANAGER: Script is custom script org.gnome.Terminal (module=orca.scripts.terminal.script)
10:26:00.725169 - EVENT MANAGER: object:text-changed:insert for [terminal: 'Terminal' (0x784b644c3900)]  in org.gnome.Terminal (gtk 3.24.52) (0, 15, \n\n\n\n\n\n\n\n\n\n\n\n\n\n\n) has priority level: 4
10:26:00.725204 - EVENT MANAGER: Queued object:text-changed:insert for [terminal: 'Terminal' (0x784b644c3900)]  in org.gnome.Terminal (gtk 3.24.52) (0, 15, \n\n\n\n\n\n\n\n\n\n\n\n\n\n\n) priority: 4, counter: 82

10:26:00.725240 - EVENT MANAGER: object:text-caret-moved for [terminal: 'Terminal' (0x784b644c3900)]  in org.gnome.Terminal (gtk 3.24.52) (0, 0, 0)
10:26:00.725253 - FOCUS MANAGER: Locus of focus is [frame: 'Terminal' (0x784b6440ed40)] 
10:26:00.725298 - EVENT_MANAGER: Not ignoring object:text-caret-moved due to source being focused
10:26:00.725328 - EVENT MANAGER: Queueing object:text-caret-moved for [terminal: 'Terminal' (0x784b644c3900)]  in org.gnome.Terminal (gtk 3.24.52) (0, 0, 0)
10:26:00.725343 - EVENT MANAGER: App for event source is [application: 'org.gnome.Terminal' (0x784b644b87c0)] 
10:26:00.725358 - SCRIPT MANAGER: Getting script for [application: 'org.gnome.Terminal' (0x784b644b87c0)]  [terminal: 'Terminal' (0x784b644c3900)] 
10:26:00.725377 - SCRIPT MANAGER: Script is custom script org.gnome.Terminal (module=orca.scripts.terminal.script)
10:26:00.725415 - EVENT MANAGER: object:text-caret-moved for [terminal: 'Terminal' (0x784b644c3900)]  in org.gnome.Terminal (gtk 3.24.52) (0, 0, 0) has priority level: 4
10:26:00.725449 - EVENT MANAGER: Queued object:text-caret-moved for [terminal: 'Terminal' (0x784b644c3900)]  in org.gnome.Terminal (gtk 3.24.52) (0, 0, 0) priority: 4, counter: 83
10:26:00.725481 - CLIPBOARD PRESENTER: Possible change event object:text-changed:delete for [terminal: 'Terminal' (0x784b644c3900)]  in org.gnome.Terminal (gtk 3.24.52) (0, 16, \n\n\n\n\n\n\n\n\n\n\n\n\n\n\n\n)

10:26:00.725523 - EVENT MANAGER: object:text-changed:delete for [terminal: 'Terminal' (0x784b644c3900)]  in org.gnome.Terminal (gtk 3.24.52) (0, 16, \n\n\n\n\n\n\n\n\n\n\n\n\n\n\n\n)
10:26:00.725537 - FOCUS MANAGER: Locus of focus is [frame: 'Terminal' (0x784b6440ed40)] 
10:26:00.725579 - EVENT_MANAGER: Not ignoring object:text-changed:delete due to source being focused
10:26:00.725608 - EVENT MANAGER: Queueing object:text-changed:delete for [terminal: 'Terminal' (0x784b644c3900)]  in org.gnome.Terminal (gtk 3.24.52) (0, 16, \n\n\n\n\n\n\n\n\n\n\n\n\n\n\n\n)
10:26:00.725622 - EVENT MANAGER: App for event source is [application: 'org.gnome.Terminal' (0x784b644b87c0)] 
10:26:00.725637 - SCRIPT MANAGER: Getting script for [application: 'org.gnome.Terminal' (0x784b644b87c0)]  [terminal: 'Terminal' (0x784b644c3900)] 
10:26:00.725656 - SCRIPT MANAGER: Script is custom script org.gnome.Terminal (module=orca.scripts.terminal.script)
10:26:00.725691 - EVENT MANAGER: object:text-changed:delete for [terminal: 'Terminal' (0x784b644c3900)]  in org.gnome.Terminal (gtk 3.24.52) (0, 16, \n\n\n\n\n\n\n\n\n\n\n\n\n\n\n\n) has priority level: 4
10:26:00.725725 - EVENT MANAGER: Queued object:text-changed:delete for [terminal: 'Terminal' (0x784b644c3900)]  in org.gnome.Terminal (gtk 3.24.52) (0, 16, \n\n\n\n\n\n\n\n\n\n\n\n\n\n\n\n) priority: 4, counter: 84
10:26:00.725756 - CLIPBOARD PRESENTER: Possible change event object:text-changed:insert for [terminal: 'Terminal' (0x784b644c3900)]  in org.gnome.Terminal (gtk 3.24.52) (0, 16, \n\n\n\n\n\n\n\n\n\n\n\n\n\n\n\n)

10:26:00.725797 - EVENT MANAGER: object:text-changed:insert for [terminal: 'Terminal' (0x784b644c3900)]  in org.gnome.Terminal (gtk 3.24.52) (0, 16, \n\n\n\n\n\n\n\n\n\n\n\n\n\n\n\n)
10:26:00.725810 - FOCUS MANAGER: Locus of focus is [frame: 'Terminal' (0x784b6440ed40)] 
10:26:00.725852 - EVENT_MANAGER: Not ignoring object:text-changed:insert due to source being focused
10:26:00.725882 - EVENT MANAGER: Queueing object:text-changed:insert for [terminal: 'Terminal' (0x784b644c3900)]  in org.gnome.Terminal (gtk 3.24.52) (0, 16, \n\n\n\n\n\n\n\n\n\n\n\n\n\n\n\n)
10:26:00.725896 - EVENT MANAGER: App for event source is [application: 'org.gnome.Terminal' (0x784b644b87c0)] 
10:26:00.725911 - SCRIPT MANAGER: Getting script for [application: 'org.gnome.Terminal' (0x784b644b87c0)]  [terminal: 'Terminal' (0x784b644c3900)] 
10:26:00.725930 - SCRIPT MANAGER: Script is custom script org.gnome.Terminal (module=orca.scripts.terminal.script)
10:26:00.725963 - EVENT MANAGER: object:text-changed:insert for [terminal: 'Terminal' (0x784b644c3900)]  in org.gnome.Terminal (gtk 3.24.52) (0, 16, \n\n\n\n\n\n\n\n\n\n\n\n\n\n\n\n) has priority level: 4
10:26:00.726002 - EVENT MANAGER: Queued object:text-changed:insert for [terminal: 'Terminal' (0x784b644c3900)]  in org.gnome.Terminal (gtk 3.24.52) (0, 16, \n\n\n\n\n\n\n\n\n\n\n\n\n\n\n\n) priority: 4, counter: 85

10:26:00.726952 - EVENT MANAGER: object:children-changed:add for [desktop frame: 'main' (0x784b641910c0)]  in  (5, 0, [application: 'accessibility_probe' (0x784b644c2d40)])
10:26:00.727032 - FOCUS MANAGER: Locus of focus is [frame: 'Terminal' (0x784b6440ed40)] 
10:26:00.727279 - SCRIPT MANAGER: Active script is: org.gnome.Terminal (module=orca.scripts.toolkits.gtk.script)
10:26:00.727310 - EVENT MANAGER: Ignoring object:children-changed:add because event is not from active app

10:26:00.729073 - EVENT MANAGER: object:children-changed:add for [application: 'accessibility_probe' (0x784b64360f80)]  in accessibility_probe (AccessKit) (0, 0, [frame: 'Reactive TUI App accessibility round 2' (0x784b64190f80)])
10:26:00.729130 - FOCUS MANAGER: Locus of focus is [frame: 'Terminal' (0x784b6440ed40)] 
10:26:00.729662 - SCRIPT MANAGER: Active script is: org.gnome.Terminal (module=orca.scripts.toolkits.gtk.script)
10:26:00.729704 - EVENT MANAGER: Ignoring object:children-changed:add because event is not from active app

10:26:00.729830 - EVENT MANAGER: object:text-caret-moved for [terminal: 'Terminal' (0x784b644c3900)]  in org.gnome.Terminal (gtk 3.24.52) (15, 0, 0)
10:26:00.729864 - FOCUS MANAGER: Locus of focus is [frame: 'Terminal' (0x784b6440ed40)] 
10:26:00.729918 - EVENT_MANAGER: Not ignoring object:text-caret-moved due to source being focused
10:26:00.729953 - EVENT MANAGER: Queueing object:text-caret-moved for [terminal: 'Terminal' (0x784b644c3900)]  in org.gnome.Terminal (gtk 3.24.52) (15, 0, 0)
10:26:00.729969 - EVENT MANAGER: App for event source is [application: 'org.gnome.Terminal' (0x784b644b87c0)] 
10:26:00.729989 - SCRIPT MANAGER: Getting script for [application: 'org.gnome.Terminal' (0x784b644b87c0)]  [terminal: 'Terminal' (0x784b644c3900)] 
10:26:00.730015 - SCRIPT MANAGER: Script is custom script org.gnome.Terminal (module=orca.scripts.terminal.script)
10:26:00.730053 - EVENT MANAGER: object:text-caret-moved for [terminal: 'Terminal' (0x784b644c3900)]  in org.gnome.Terminal (gtk 3.24.52) (15, 0, 0) has priority level: 4
10:26:00.730090 - EVENT MANAGER: Queued object:text-caret-moved for [terminal: 'Terminal' (0x784b644c3900)]  in org.gnome.Terminal (gtk 3.24.52) (15, 0, 0) priority: 4, counter: 86
10:26:00.730127 - CLIPBOARD PRESENTER: Possible change event object:text-changed:delete for [terminal: 'Terminal' (0x784b644c3900)]  in org.gnome.Terminal (gtk 3.24.52) (0, 15, \n\n\n\n\n\n\n\n\n\n\n\n\n\n\n)

10:26:00.730177 - EVENT MANAGER: object:text-changed:delete for [terminal: 'Terminal' (0x784b644c3900)]  in org.gnome.Terminal (gtk 3.24.52) (0, 15, \n\n\n\n\n\n\n\n\n\n\n\n\n\n\n)
10:26:00.730190 - FOCUS MANAGER: Locus of focus is [frame: 'Terminal' (0x784b6440ed40)] 
10:26:00.730233 - EVENT_MANAGER: Not ignoring object:text-changed:delete due to source being focused
10:26:00.730264 - EVENT MANAGER: Queueing object:text-changed:delete for [terminal: 'Terminal' (0x784b644c3900)]  in org.gnome.Terminal (gtk 3.24.52) (0, 15, \n\n\n\n\n\n\n\n\n\n\n\n\n\n\n)
10:26:00.730278 - EVENT MANAGER: App for event source is [application: 'org.gnome.Terminal' (0x784b644b87c0)] 
10:26:00.730298 - SCRIPT MANAGER: Getting script for [application: 'org.gnome.Terminal' (0x784b644b87c0)]  [terminal: 'Terminal' (0x784b644c3900)] 
10:26:00.730317 - SCRIPT MANAGER: Script is custom script org.gnome.Terminal (module=orca.scripts.terminal.script)
10:26:00.730351 - EVENT MANAGER: object:text-changed:delete for [terminal: 'Terminal' (0x784b644c3900)]  in org.gnome.Terminal (gtk 3.24.52) (0, 15, \n\n\n\n\n\n\n\n\n\n\n\n\n\n\n) has priority level: 4
10:26:00.730385 - EVENT MANAGER: Queued object:text-changed:delete for [terminal: 'Terminal' (0x784b644c3900)]  in org.gnome.Terminal (gtk 3.24.52) (0, 15, \n\n\n\n\n\n\n\n\n\n\n\n\n\n\n) priority: 4, counter: 87
10:26:00.730426 - CLIPBOARD PRESENTER: Possible change event object:text-changed:insert for [terminal: 'Terminal' (0x784b644c3900)]  in org.gnome.Terminal (gtk 3.24.52) (0, 975, Overview ✕ ~ Unavailable~ Settings... \n \n \n \n \n (990 chars.))

10:26:00.730478 - EVENT MANAGER: object:text-changed:insert for [terminal: 'Terminal' (0x784b644c3900)]  in org.gnome.Terminal (gtk 3.24.52) (0, 975, Overview ✕ ~ Unavailable~ Settings... \n \n \n \n \n (990 chars.))
10:26:00.730491 - FOCUS MANAGER: Locus of focus is [frame: 'Terminal' (0x784b6440ed40)] 
10:26:00.730535 - EVENT_MANAGER: Not ignoring object:text-changed:insert due to source being focused
10:26:00.730568 - EVENT MANAGER: Queueing object:text-changed:insert for [terminal: 'Terminal' (0x784b644c3900)]  in org.gnome.Terminal (gtk 3.24.52) (0, 975, Overview ✕ ~ Unavailable~ Settings... \n \n \n \n \n (990 chars.))
10:26:00.730583 - EVENT MANAGER: App for event source is [application: 'org.gnome.Terminal' (0x784b644b87c0)] 
10:26:00.730599 - SCRIPT MANAGER: Getting script for [application: 'org.gnome.Terminal' (0x784b644b87c0)]  [terminal: 'Terminal' (0x784b644c3900)] 
10:26:00.730617 - SCRIPT MANAGER: Script is custom script org.gnome.Terminal (module=orca.scripts.terminal.script)
10:26:00.730655 - EVENT MANAGER: object:text-changed:insert for [terminal: 'Terminal' (0x784b644c3900)]  in org.gnome.Terminal (gtk 3.24.52) (0, 975, Overview ✕ ~ Unavailable~ Settings... \n \n \n \n \n (990 chars.)) has priority level: 4
10:26:00.730692 - EVENT MANAGER: Queued object:text-changed:insert for [terminal: 'Terminal' (0x784b644c3900)]  in org.gnome.Terminal (gtk 3.24.52) (0, 975, Overview ✕ ~ Unavailable~ Settings... \n \n \n \n \n (990 chars.)) priority: 4, counter: 88

10:26:00.730729 - EVENT MANAGER: object:text-caret-moved for [terminal: 'Terminal' (0x784b644c3900)]  in org.gnome.Terminal (gtk 3.24.52) (975, 0, 0)
10:26:00.730741 - FOCUS MANAGER: Locus of focus is [frame: 'Terminal' (0x784b6440ed40)] 
10:26:00.730783 - EVENT_MANAGER: Not ignoring object:text-caret-moved due to source being focused
10:26:00.730812 - EVENT MANAGER: Queueing object:text-caret-moved for [terminal: 'Terminal' (0x784b644c3900)]  in org.gnome.Terminal (gtk 3.24.52) (975, 0, 0)
10:26:00.730826 - EVENT MANAGER: App for event source is [application: 'org.gnome.Terminal' (0x784b644b87c0)] 
10:26:00.730841 - SCRIPT MANAGER: Getting script for [application: 'org.gnome.Terminal' (0x784b644b87c0)]  [terminal: 'Terminal' (0x784b644c3900)] 
10:26:00.730859 - SCRIPT MANAGER: Script is custom script org.gnome.Terminal (module=orca.scripts.terminal.script)
10:26:00.730895 - EVENT MANAGER: object:text-caret-moved for [terminal: 'Terminal' (0x784b644c3900)]  in org.gnome.Terminal (gtk 3.24.52) (975, 0, 0) has priority level: 4
10:26:00.730926 - EVENT MANAGER: Queued object:text-caret-moved for [terminal: 'Terminal' (0x784b644c3900)]  in org.gnome.Terminal (gtk 3.24.52) (975, 0, 0) priority: 4, counter: 89

10:26:00.733998 - EVENT MANAGER: object:property-change:accessible-name for [label: '▶Overview' (0x784b643613c0)]  in accessibility_probe (AccessKit) (0, 0, ▶Overview)
10:26:00.734127 - FOCUS MANAGER: Locus of focus is [frame: 'Terminal' (0x784b6440ed40)] 
10:26:00.734551 - EVENT MANAGER: Queueing object:property-change:accessible-name for [label: '▶Overview' (0x784b642fad40)]  in accessibility_probe (AccessKit) (0, 0, ▶Overview)
10:26:00.734582 - EVENT MANAGER: App for event source is [application: 'accessibility_probe' (0x784b64360580)] 
10:26:00.734602 - SCRIPT MANAGER: Getting script for [application: 'accessibility_probe' (0x784b64360580)]  [label: '▶Overview' (0x784b643f4c40)] 
10:26:00.734768 - SCRIPT MANAGER: Creating app script for [application: 'accessibility_probe' (0x784b64360580)] 
10:26:00.734799 - SCRIPT MANAGER: Mapped [application: 'accessibility_probe' (0x784b64360580)]  to accessibility_probe
10:26:00.735198 - DEFAULT: Setting up commands for [application: 'accessibility_probe' (0x784b64360580)] 
10:26:00.735211 - DEFAULT: Commands already initialized.
10:26:00.735217 - SCRIPT: accessibility_probe (module=orca.scripts.default) initialized
10:26:00.735244 - SCRIPT MANAGER: Default script created for [application: 'accessibility_probe' (0x784b64360580)]  (obj:  None)
10:26:00.735259 - SCRIPT MANAGER: Script is app script accessibility_probe (module=orca.scripts.default)
10:26:00.735303 - EVENT MANAGER: object:property-change:accessible-name for [label: '▶Overview' (0x784b64355700)]  in accessibility_probe (AccessKit) (0, 0, ▶Overview) has priority level: 4
10:26:00.735343 - EVENT MANAGER: Queued object:property-change:accessible-name for [label: '▶Overview' (0x784b6419d700)]  in accessibility_probe (AccessKit) (0, 0, ▶Overview) priority: 4, counter: 90
10:26:00.735368 - AXObject: Exception in get_name: app no longer exists
10:26:00.735376 - AXObject: Adding to known dead objects ax_utilities_application.application_as_string:47 > ax_object.get_name:707 > ax_object.handle_error:193 > ax_object._set_known_dead_status:170
10:26:00.735685 - EVENT MANAGER: Dequeueing object:property-change:accessible-name for [label: '▶Overview' (0x784b64363f80)]  in  (None None) (0, 0, ▶Overview)
10:26:00.735718 - AXObject: Exception in get_role_name: app no longer exists
10:26:00.735725 - AXObject: Adding to known dead objects ax_utilities_debugging._accessible_as_string:62 > ax_object.get_role_name:661 > ax_object.handle_error:193 > ax_object._set_known_dead_status:170
10:26:00.735983 - EVENT MANAGER: Dequeued object:property-change:accessible-name for [DEAD (0x784b64403f80)]  in  (None None) (0, 0, ▶Overview) priority: 4, counter: 67

vvvvv START PRIORITY-4 OBJECT EVENT OBJECT:PROPERTY-CHANGE:ACCESSIBLE-NAME (queue size: 31) vvvvv
10:26:00.736321 - EVENT MANAGER: Ignoring defunct object: [DEAD (0x784b64403f80)] 
TOTAL PROCESSING TIME: 0.0003
^^^^^ FINISHED PRIORITY-4 OBJECT EVENT OBJECT:PROPERTY-CHANGE:ACCESSIBLE-NAME ^^^^^

10:26:00.736346 - WARNING: Braille initialization failed: BrlAPI connection unavailable.
10:26:00.736359 - BRAILLE: Scheduling BrlAPI retry in 2000 ms.
10:26:00.736450 - AXObject: Exception in get_role_name: app no longer exists
10:26:00.736456 - AXObject: Adding to known dead objects ax_utilities_debugging._accessible_as_string:62 > ax_object.get_role_name:661 > ax_object.handle_error:193 > ax_object._set_known_dead_status:170
10:26:00.736723 - EVENT MANAGER: Dequeueing object:state-changed:selected for [DEAD (0x784b64404040)]  in  (None None) (0, 0, 0)
10:26:00.736757 - EVENT MANAGER: Dequeued object:state-changed:selected for [DEAD (0x784b64404040)]  in  (None None) (0, 0, 0) priority: 4, counter: 68

vvvvv START PRIORITY-4 OBJECT EVENT OBJECT:STATE-CHANGED:SELECTED (queue size: 30) vvvvv
10:26:00.737057 - EVENT MANAGER: Ignoring defunct object: [DEAD (0x784b64404040)] 
TOTAL PROCESSING TIME: 0.0003
^^^^^ FINISHED PRIORITY-4 OBJECT EVENT OBJECT:STATE-CHANGED:SELECTED ^^^^^


10:26:00.737109 - EVENT MANAGER: object:text-caret-moved for [terminal: 'Terminal' (0x784b644c3900)]  in org.gnome.Terminal (gtk 3.24.52) (3, 0, 0)
10:26:00.737123 - FOCUS MANAGER: Locus of focus is [frame: 'Terminal' (0x784b6440ed40)] 
10:26:00.737180 - EVENT_MANAGER: Not ignoring object:text-caret-moved due to source being focused
10:26:00.737212 - EVENT MANAGER: Queueing object:text-caret-moved for [terminal: 'Terminal' (0x784b644c3900)]  in org.gnome.Terminal (gtk 3.24.52) (3, 0, 0)
10:26:00.737231 - EVENT MANAGER: App for event source is [application: 'org.gnome.Terminal' (0x784b644b87c0)] 
10:26:00.737247 - SCRIPT MANAGER: Getting script for [application: 'org.gnome.Terminal' (0x784b644b87c0)]  [terminal: 'Terminal' (0x784b644c3900)] 
10:26:00.737270 - SCRIPT MANAGER: Script is custom script org.gnome.Terminal (module=orca.scripts.terminal.script)
10:26:00.737307 - EVENT MANAGER: object:text-caret-moved for [terminal: 'Terminal' (0x784b644c3900)]  in org.gnome.Terminal (gtk 3.24.52) (3, 0, 0) has priority level: 4
10:26:00.737342 - EVENT MANAGER: Queued object:text-caret-moved for [terminal: 'Terminal' (0x784b644c3900)]  in org.gnome.Terminal (gtk 3.24.52) (3, 0, 0) priority: 4, counter: 91
10:26:00.737380 - CLIPBOARD PRESENTER: Possible change event object:text-changed:delete for [terminal: 'Terminal' (0x784b644c3900)]  in org.gnome.Terminal (gtk 3.24.52) (2, 1, )

10:26:00.737427 - EVENT MANAGER: object:text-changed:delete for [terminal: 'Terminal' (0x784b644c3900)]  in org.gnome.Terminal (gtk 3.24.52) (2, 1, )
10:26:00.737441 - FOCUS MANAGER: Locus of focus is [frame: 'Terminal' (0x784b6440ed40)] 
10:26:00.737485 - EVENT_MANAGER: Not ignoring object:text-changed:delete due to source being focused
10:26:00.737516 - EVENT MANAGER: Queueing object:text-changed:delete for [terminal: 'Terminal' (0x784b644c3900)]  in org.gnome.Terminal (gtk 3.24.52) (2, 1, )
10:26:00.737531 - EVENT MANAGER: App for event source is [application: 'org.gnome.Terminal' (0x784b644b87c0)] 
10:26:00.737547 - SCRIPT MANAGER: Getting script for [application: 'org.gnome.Terminal' (0x784b644b87c0)]  [terminal: 'Terminal' (0x784b644c3900)] 
10:26:00.737567 - SCRIPT MANAGER: Script is custom script org.gnome.Terminal (module=orca.scripts.terminal.script)
10:26:00.737603 - EVENT MANAGER: object:text-changed:delete for [terminal: 'Terminal' (0x784b644c3900)]  in org.gnome.Terminal (gtk 3.24.52) (2, 1, ) has priority level: 4
10:26:00.737638 - EVENT MANAGER: Queued object:text-changed:delete for [terminal: 'Terminal' (0x784b644c3900)]  in org.gnome.Terminal (gtk 3.24.52) (2, 1, ) priority: 4, counter: 92
10:26:00.737672 - CLIPBOARD PRESENTER: Possible change event object:text-changed:insert for [terminal: 'Terminal' (0x784b644c3900)]  in org.gnome.Terminal (gtk 3.24.52) (2, 1, ▶)

10:26:00.737717 - EVENT MANAGER: object:text-changed:insert for [terminal: 'Terminal' (0x784b644c3900)]  in org.gnome.Terminal (gtk 3.24.52) (2, 1, ▶)
10:26:00.737730 - FOCUS MANAGER: Locus of focus is [frame: 'Terminal' (0x784b6440ed40)] 
10:26:00.737773 - EVENT_MANAGER: Not ignoring object:text-changed:insert due to source being focused
10:26:00.737805 - EVENT MANAGER: Queueing object:text-changed:insert for [terminal: 'Terminal' (0x784b644c3900)]  in org.gnome.Terminal (gtk 3.24.52) (2, 1, ▶)
10:26:00.737821 - EVENT MANAGER: App for event source is [application: 'org.gnome.Terminal' (0x784b644b87c0)] 
10:26:00.737836 - SCRIPT MANAGER: Getting script for [application: 'org.gnome.Terminal' (0x784b644b87c0)]  [terminal: 'Terminal' (0x784b644c3900)] 
10:26:00.737855 - SCRIPT MANAGER: Script is custom script org.gnome.Terminal (module=orca.scripts.terminal.script)
10:26:00.737890 - EVENT MANAGER: object:text-changed:insert for [terminal: 'Terminal' (0x784b644c3900)]  in org.gnome.Terminal (gtk 3.24.52) (2, 1, ▶) has priority level: 4
10:26:00.737926 - EVENT MANAGER: Queued object:text-changed:insert for [terminal: 'Terminal' (0x784b644c3900)]  in org.gnome.Terminal (gtk 3.24.52) (2, 1, ▶) priority: 4, counter: 93
10:26:00.738036 - AXObject: Exception in get_role_name: app no longer exists
10:26:00.738046 - AXObject: Adding to known dead objects ax_utilities_debugging._accessible_as_string:62 > ax_object.get_role_name:661 > ax_object.handle_error:193 > ax_object._set_known_dead_status:170
10:26:00.738330 - EVENT MANAGER: Dequeueing object:selection-changed for [DEAD (0x784b64360640)]  in  (None None) (0, 0, 0)
10:26:00.738363 - EVENT MANAGER: Dequeued object:selection-changed for [DEAD (0x784b64360640)]  in  (None None) (0, 0, 0) priority: 4, counter: 71

vvvvv START PRIORITY-4 OBJECT EVENT OBJECT:SELECTION-CHANGED (queue size: 32) vvvvv
10:26:00.738681 - EVENT MANAGER: Ignoring defunct object: [DEAD (0x784b64360640)] 
TOTAL PROCESSING TIME: 0.0003
^^^^^ FINISHED PRIORITY-4 OBJECT EVENT OBJECT:SELECTION-CHANGED ^^^^^

10:26:00.738733 - EVENT MANAGER: Dequeueing object:text-changed:delete for [terminal: 'Terminal' (0x784b644c3900)]  in org.gnome.Terminal (gtk 3.24.52) (2, 93,  Overview ✕    ~ Unavailable~     Settings ✕              \n▶ [seedx                         ])
10:26:00.738770 - EVENT MANAGER: Dequeued object:text-changed:delete for [terminal: 'Terminal' (0x784b644c3900)]  in org.gnome.Terminal (gtk 3.24.52) (2, 93,  Overview ✕    ~ Unavailable~     Settings ✕              \n▶ [seedx                         ]) priority: 4, counter: 72

vvvvv START PRIORITY-4 OBJECT EVENT OBJECT:TEXT-CHANGED:DELETE (queue size: 31) vvvvv
10:26:00.739652 - EVENT SOURCE:
                  app='org.gnome.Terminal (gtk 3.24.52)' name='Terminal' role='terminal' axid='' id=0x784b644c3900
                  description=''
                  help=''
                  locale='C.UTF-8'
                  states='enabled, focusable, focused, sensitive, showing, visible'
                  relations=''
                  actions='menu'
                  interfaces='Action, Collection, Component, Text'
                  attributes='toolkit:gtk'
                  text='▶Overview ✕ ~ Unavailable~ Settings ... \n \n \n \n \n (992 chars.)'
                  path=[-1, 0, 0, 1, 0, 0, 0, 0]
                  
10:26:00.739681 - SCRIPT MANAGER: Active script is: org.gnome.Terminal (module=orca.scripts.toolkits.gtk.script)
10:26:00.739699 - FOCUS MANAGER: Locus of focus is [frame: 'Terminal' (0x784b6440ed40)] 
10:26:00.739725 - EVENT MANAGER: Getting script for event for [application: 'org.gnome.Terminal' (0x784b644b87c0)]  [terminal: 'Terminal' (0x784b644c3900)] 
10:26:00.739740 - SCRIPT MANAGER: Getting script for [application: 'org.gnome.Terminal' (0x784b644b87c0)]  [terminal: 'Terminal' (0x784b644c3900)] 
10:26:00.739761 - SCRIPT MANAGER: Script is custom script org.gnome.Terminal (module=orca.scripts.terminal.script)
10:26:00.739774 - EVENT MANAGER: Script for event is org.gnome.Terminal (module=orca.scripts.terminal.script)
10:26:00.740210 - EVENT MANAGER: Change active script: False (No reason found to activate a different script.)
10:26:00.740224 - EVENT MANAGER: Not processing object:text-changed:delete due to lack of reason
TOTAL PROCESSING TIME: 0.0015
^^^^^ FINISHED PRIORITY-4 OBJECT EVENT OBJECT:TEXT-CHANGED:DELETE ^^^^^

10:26:00.740286 - EVENT MANAGER: Dequeueing object:text-changed:insert for [terminal: 'Terminal' (0x784b644c3900)]  in org.gnome.Terminal (gtk 3.24.52) (2, 93, ▶Overview ✕    ~ Unavailable~     Settings ✕              \nProject overview                 )
10:26:00.740324 - EVENT MANAGER: Dequeued object:text-changed:insert for [terminal: 'Terminal' (0x784b644c3900)]  in org.gnome.Terminal (gtk 3.24.52) (2, 93, ▶Overview ✕    ~ Unavailable~     Settings ✕              \nProject overview                 ) priority: 4, counter: 73

vvvvv START PRIORITY-4 OBJECT EVENT OBJECT:TEXT-CHANGED:INSERT (queue size: 30) vvvvv
10:26:00.741070 - EVENT SOURCE:
                  app='org.gnome.Terminal (gtk 3.24.52)' name='Terminal' role='terminal' axid='' id=0x784b644c3900
                  description=''
                  help=''
                  locale='C.UTF-8'
                  states='enabled, focusable, focused, sensitive, showing, visible'
                  relations=''
                  actions='menu'
                  interfaces='Action, Collection, Component, Text'
                  attributes='toolkit:gtk'
                  text='▶Overview ✕ ~ Unavailable~ Settings ... \n \n \n \n \n (992 chars.)'
                  path=[-1, 0, 0, 1, 0, 0, 0, 0]
                  
10:26:00.741095 - SCRIPT MANAGER: Active script is: org.gnome.Terminal (module=orca.scripts.toolkits.gtk.script)
10:26:00.741112 - FOCUS MANAGER: Locus of focus is [frame: 'Terminal' (0x784b6440ed40)] 
10:26:00.741142 - EVENT MANAGER: Getting script for event for [application: 'org.gnome.Terminal' (0x784b644b87c0)]  [terminal: 'Terminal' (0x784b644c3900)] 
10:26:00.741157 - SCRIPT MANAGER: Getting script for [application: 'org.gnome.Terminal' (0x784b644b87c0)]  [terminal: 'Terminal' (0x784b644c3900)] 
10:26:00.741178 - SCRIPT MANAGER: Script is custom script org.gnome.Terminal (module=orca.scripts.terminal.script)
10:26:00.741191 - EVENT MANAGER: Script for event is org.gnome.Terminal (module=orca.scripts.terminal.script)
10:26:00.741857 - EVENT MANAGER: Change active script: False (No reason found to activate a different script.)
10:26:00.741869 - EVENT MANAGER: Not processing object:text-changed:insert due to lack of reason
TOTAL PROCESSING TIME: 0.0015
^^^^^ FINISHED PRIORITY-4 OBJECT EVENT OBJECT:TEXT-CHANGED:INSERT ^^^^^

10:26:00.741927 - EVENT MANAGER: Dequeueing object:text-caret-moved for [terminal: 'Terminal' (0x784b644c3900)]  in org.gnome.Terminal (gtk 3.24.52) (95, 0, 0)
10:26:00.741961 - EVENT MANAGER: Dequeued object:text-caret-moved for [terminal: 'Terminal' (0x784b644c3900)]  in org.gnome.Terminal (gtk 3.24.52) (95, 0, 0) priority: 4, counter: 74

vvvvv START PRIORITY-4 OBJECT EVENT OBJECT:TEXT-CARET-MOVED (queue size: 29) vvvvv
10:26:00.742036 - EVENT MANAGER: object:text-caret-moved for [terminal: 'Terminal' (0x784b644c3900)]  in org.gnome.Terminal (gtk 3.24.52) (95, 0, 0) obsoleted by object:text-caret-moved for [terminal: 'Terminal' (0x784b644c3900)]  in org.gnome.Terminal (gtk 3.24.52) (3, 0, 0) more recent event of same type for same object
TOTAL PROCESSING TIME: 0.0001
^^^^^ FINISHED PRIORITY-4 OBJECT EVENT OBJECT:TEXT-CARET-MOVED ^^^^^

10:26:00.742080 - EVENT MANAGER: Dequeueing object:text-changed:delete for [terminal: 'Terminal' (0x784b644c3900)]  in org.gnome.Terminal (gtk 3.24.52) (36, 10, Settings ✕)
10:26:00.742114 - EVENT MANAGER: Dequeued object:text-changed:delete for [terminal: 'Terminal' (0x784b644c3900)]  in org.gnome.Terminal (gtk 3.24.52) (36, 10, Settings ✕) priority: 4, counter: 75

vvvvv START PRIORITY-4 OBJECT EVENT OBJECT:TEXT-CHANGED:DELETE (queue size: 28) vvvvv
10:26:00.742825 - EVENT SOURCE:
                  app='org.gnome.Terminal (gtk 3.24.52)' name='Terminal' role='terminal' axid='' id=0x784b644c3900
                  description=''
                  help=''
                  locale='C.UTF-8'
                  states='enabled, focusable, focused, sensitive, showing, visible'
                  relations=''
                  actions='menu'
                  interfaces='Action, Collection, Component, Text'
                  attributes='toolkit:gtk'
                  text='▶Overview ✕ ~ Unavailable~ Settings ... \n \n \n \n \n (992 chars.)'
                  path=[-1, 0, 0, 1, 0, 0, 0, 0]
                  
10:26:00.742849 - SCRIPT MANAGER: Active script is: org.gnome.Terminal (module=orca.scripts.toolkits.gtk.script)
10:26:00.742866 - FOCUS MANAGER: Locus of focus is [frame: 'Terminal' (0x784b6440ed40)] 
10:26:00.742890 - EVENT MANAGER: Getting script for event for [application: 'org.gnome.Terminal' (0x784b644b87c0)]  [terminal: 'Terminal' (0x784b644c3900)] 
10:26:00.742906 - SCRIPT MANAGER: Getting script for [application: 'org.gnome.Terminal' (0x784b644b87c0)]  [terminal: 'Terminal' (0x784b644c3900)] 
10:26:00.742927 - SCRIPT MANAGER: Script is custom script org.gnome.Terminal (module=orca.scripts.terminal.script)
10:26:00.742940 - EVENT MANAGER: Script for event is org.gnome.Terminal (module=orca.scripts.terminal.script)
10:26:00.743381 - EVENT MANAGER: Change active script: False (No reason found to activate a different script.)
10:26:00.743394 - EVENT MANAGER: Not processing object:text-changed:delete due to lack of reason
TOTAL PROCESSING TIME: 0.0013
^^^^^ FINISHED PRIORITY-4 OBJECT EVENT OBJECT:TEXT-CHANGED:DELETE ^^^^^

10:26:00.743458 - EVENT MANAGER: Dequeueing object:text-changed:insert for [terminal: 'Terminal' (0x784b644c3900)]  in org.gnome.Terminal (gtk 3.24.52) (36, 10,          )
10:26:00.743493 - EVENT MANAGER: Dequeued object:text-changed:insert for [terminal: 'Terminal' (0x784b644c3900)]  in org.gnome.Terminal (gtk 3.24.52) (36, 10,          ) priority: 4, counter: 76

vvvvv START PRIORITY-4 OBJECT EVENT OBJECT:TEXT-CHANGED:INSERT (queue size: 27) vvvvv
10:26:00.745445 - EVENT SOURCE:
                  app='org.gnome.Terminal (gtk 3.24.52)' name='Terminal' role='terminal' axid='' id=0x784b644c3900
                  description=''
                  help=''
                  locale='C.UTF-8'
                  states='enabled, focusable, focused, sensitive, showing, visible'
                  relations=''
                  actions='menu'
                  interfaces='Action, Collection, Component, Text'
                  attributes='toolkit:gtk'
                  text='▶Overview ✕ ~ Unavailable~ Settings ... \n \n \n \n \n (992 chars.)'
                  path=[-1, 0, 0, 1, 0, 0, 0, 0]
                  
10:26:00.745515 - SCRIPT MANAGER: Active script is: org.gnome.Terminal (module=orca.scripts.toolkits.gtk.script)
10:26:00.745567 - FOCUS MANAGER: Locus of focus is [frame: 'Terminal' (0x784b6440ed40)] 
10:26:00.745643 - EVENT MANAGER: Getting script for event for [application: 'org.gnome.Terminal' (0x784b644b87c0)]  [terminal: 'Terminal' (0x784b644c3900)] 
10:26:00.745710 - SCRIPT MANAGER: Getting script for [application: 'org.gnome.Terminal' (0x784b644b87c0)]  [terminal: 'Terminal' (0x784b644c3900)] 
10:26:00.745753 - SCRIPT MANAGER: Script is custom script org.gnome.Terminal (module=orca.scripts.terminal.script)
10:26:00.745769 - EVENT MANAGER: Script for event is org.gnome.Terminal (module=orca.scripts.terminal.script)
10:26:00.746228 - EVENT MANAGER: Change active script: False (No reason found to activate a different script.)
10:26:00.746243 - EVENT MANAGER: Not processing object:text-changed:insert due to lack of reason
TOTAL PROCESSING TIME: 0.0027
^^^^^ FINISHED PRIORITY-4 OBJECT EVENT OBJECT:TEXT-CHANGED:INSERT ^^^^^

10:26:00.746308 - EVENT MANAGER: Dequeueing object:text-caret-moved for [terminal: 'Terminal' (0x784b644c3900)]  in org.gnome.Terminal (gtk 3.24.52) (46, 0, 0)
10:26:00.746342 - EVENT MANAGER: Dequeued object:text-caret-moved for [terminal: 'Terminal' (0x784b644c3900)]  in org.gnome.Terminal (gtk 3.24.52) (46, 0, 0) priority: 4, counter: 77

vvvvv START PRIORITY-4 OBJECT EVENT OBJECT:TEXT-CARET-MOVED (queue size: 26) vvvvv
10:26:00.746528 - EVENT MANAGER: object:text-caret-moved for [terminal: 'Terminal' (0x784b644c3900)]  in org.gnome.Terminal (gtk 3.24.52) (46, 0, 0) obsoleted by object:text-caret-moved for [terminal: 'Terminal' (0x784b644c3900)]  in org.gnome.Terminal (gtk 3.24.52) (975, 0, 0) more recent event of same type for same object
TOTAL PROCESSING TIME: 0.0002
^^^^^ FINISHED PRIORITY-4 OBJECT EVENT OBJECT:TEXT-CARET-MOVED ^^^^^

10:26:00.746573 - EVENT MANAGER: Dequeueing object:text-changed:delete for [terminal: 'Terminal' (0x784b644c3900)]  in org.gnome.Terminal (gtk 3.24.52) (61, 914, Project overview \n \n \n... \n \n \n \n \n (928 chars.))
10:26:00.746607 - EVENT MANAGER: Dequeued object:text-changed:delete for [terminal: 'Terminal' (0x784b644c3900)]  in org.gnome.Terminal (gtk 3.24.52) (61, 914, Project overview \n \n \n... \n \n \n \n \n (928 chars.)) priority: 4, counter: 80

vvvvv START PRIORITY-4 OBJECT EVENT OBJECT:TEXT-CHANGED:DELETE (queue size: 25) vvvvv
10:26:00.747289 - EVENT SOURCE:
                  app='org.gnome.Terminal (gtk 3.24.52)' name='Terminal' role='terminal' axid='' id=0x784b644c3900
                  description=''
                  help=''
                  locale='C.UTF-8'
                  states='enabled, focusable, focused, sensitive, showing, visible'
                  relations=''
                  actions='menu'
                  interfaces='Action, Collection, Component, Text'
                  attributes='toolkit:gtk'
                  text='▶Overview ✕ ~ Unavailable~ Settings ... \n \n \n \n \n (992 chars.)'
                  path=[-1, 0, 0, 1, 0, 0, 0, 0]
                  
10:26:00.747313 - SCRIPT MANAGER: Active script is: org.gnome.Terminal (module=orca.scripts.toolkits.gtk.script)
10:26:00.747334 - FOCUS MANAGER: Locus of focus is [frame: 'Terminal' (0x784b6440ed40)] 
10:26:00.747359 - EVENT MANAGER: Getting script for event for [application: 'org.gnome.Terminal' (0x784b644b87c0)]  [terminal: 'Terminal' (0x784b644c3900)] 
10:26:00.747375 - SCRIPT MANAGER: Getting script for [application: 'org.gnome.Terminal' (0x784b644b87c0)]  [terminal: 'Terminal' (0x784b644c3900)] 
10:26:00.747396 - SCRIPT MANAGER: Script is custom script org.gnome.Terminal (module=orca.scripts.terminal.script)
10:26:00.747409 - EVENT MANAGER: Script for event is org.gnome.Terminal (module=orca.scripts.terminal.script)
10:26:00.747804 - EVENT MANAGER: Change active script: False (No reason found to activate a different script.)
10:26:00.747812 - EVENT MANAGER: Not processing object:text-changed:delete due to lack of reason
TOTAL PROCESSING TIME: 0.0012
^^^^^ FINISHED PRIORITY-4 OBJECT EVENT OBJECT:TEXT-CHANGED:DELETE ^^^^^

10:26:00.747864 - EVENT MANAGER: Dequeueing object:text-changed:delete for [terminal: 'Terminal' (0x784b644c3900)]  in org.gnome.Terminal (gtk 3.24.52) (0, 61,   ▶Overview ✕    ~ Unavailable~                             \n)
10:26:00.747899 - EVENT MANAGER: Dequeued object:text-changed:delete for [terminal: 'Terminal' (0x784b644c3900)]  in org.gnome.Terminal (gtk 3.24.52) (0, 61,   ▶Overview ✕    ~ Unavailable~                             \n) priority: 4, counter: 81

vvvvv START PRIORITY-4 OBJECT EVENT OBJECT:TEXT-CHANGED:DELETE (queue size: 24) vvvvv
10:26:00.748548 - EVENT SOURCE:
                  app='org.gnome.Terminal (gtk 3.24.52)' name='Terminal' role='terminal' axid='' id=0x784b644c3900
                  description=''
                  help=''
                  locale='C.UTF-8'
                  states='enabled, focusable, focused, sensitive, showing, visible'
                  relations=''
                  actions='menu'
                  interfaces='Action, Collection, Component, Text'
                  attributes='toolkit:gtk'
                  text='▶Overview ✕ ~ Unavailable~ Settings ... \n \n \n \n \n (992 chars.)'
                  path=[-1, 0, 0, 1, 0, 0, 0, 0]
                  
10:26:00.748570 - SCRIPT MANAGER: Active script is: org.gnome.Terminal (module=orca.scripts.toolkits.gtk.script)
10:26:00.748586 - FOCUS MANAGER: Locus of focus is [frame: 'Terminal' (0x784b6440ed40)] 
10:26:00.748609 - EVENT MANAGER: Getting script for event for [application: 'org.gnome.Terminal' (0x784b644b87c0)]  [terminal: 'Terminal' (0x784b644c3900)] 
10:26:00.748625 - SCRIPT MANAGER: Getting script for [application: 'org.gnome.Terminal' (0x784b644b87c0)]  [terminal: 'Terminal' (0x784b644c3900)] 
10:26:00.748644 - SCRIPT MANAGER: Script is custom script org.gnome.Terminal (module=orca.scripts.terminal.script)
10:26:00.748656 - EVENT MANAGER: Script for event is org.gnome.Terminal (module=orca.scripts.terminal.script)
10:26:00.749516 - EVENT MANAGER: Change active script: False (No reason found to activate a different script.)
10:26:00.749555 - EVENT MANAGER: Not processing object:text-changed:delete due to lack of reason
TOTAL PROCESSING TIME: 0.0017
^^^^^ FINISHED PRIORITY-4 OBJECT EVENT OBJECT:TEXT-CHANGED:DELETE ^^^^^

10:26:00.749700 - EVENT MANAGER: Dequeueing object:text-changed:insert for [terminal: 'Terminal' (0x784b644c3900)]  in org.gnome.Terminal (gtk 3.24.52) (0, 15, \n\n\n\n\n\n\n\n\n\n\n\n\n\n\n)
10:26:00.749795 - EVENT MANAGER: Dequeued object:text-changed:insert for [terminal: 'Terminal' (0x784b644c3900)]  in org.gnome.Terminal (gtk 3.24.52) (0, 15, \n\n\n\n\n\n\n\n\n\n\n\n\n\n\n) priority: 4, counter: 82

vvvvv START PRIORITY-4 OBJECT EVENT OBJECT:TEXT-CHANGED:INSERT (queue size: 23) vvvvv
10:26:00.751761 - EVENT SOURCE:
                  app='org.gnome.Terminal (gtk 3.24.52)' name='Terminal' role='terminal' axid='' id=0x784b644c3900
                  description=''
                  help=''
                  locale='C.UTF-8'
                  states='enabled, focusable, focused, sensitive, showing, visible'
                  relations=''
                  actions='menu'
                  interfaces='Action, Collection, Component, Text'
                  attributes='toolkit:gtk'
                  text='▶Overview ✕ ~ Unavailable~ Settings ... \n \n \n \n \n (992 chars.)'
                  path=[-1, 0, 0, 1, 0, 0, 0, 0]
                  
10:26:00.751825 - SCRIPT MANAGER: Active script is: org.gnome.Terminal (module=orca.scripts.toolkits.gtk.script)
10:26:00.751854 - FOCUS MANAGER: Locus of focus is [frame: 'Terminal' (0x784b6440ed40)] 
10:26:00.751887 - EVENT MANAGER: Getting script for event for [application: 'org.gnome.Terminal' (0x784b644b87c0)]  [terminal: 'Terminal' (0x784b644c3900)] 
10:26:00.751906 - SCRIPT MANAGER: Getting script for [application: 'org.gnome.Terminal' (0x784b644b87c0)]  [terminal: 'Terminal' (0x784b644c3900)] 
10:26:00.751934 - SCRIPT MANAGER: Script is custom script org.gnome.Terminal (module=orca.scripts.terminal.script)
10:26:00.751948 - EVENT MANAGER: Script for event is org.gnome.Terminal (module=orca.scripts.terminal.script)
10:26:00.753011 - EVENT MANAGER: Change active script: False (No reason found to activate a different script.)
10:26:00.753054 - EVENT MANAGER: Not processing object:text-changed:insert due to lack of reason
TOTAL PROCESSING TIME: 0.0033
^^^^^ FINISHED PRIORITY-4 OBJECT EVENT OBJECT:TEXT-CHANGED:INSERT ^^^^^

10:26:00.753207 - EVENT MANAGER: Dequeueing object:text-caret-moved for [terminal: 'Terminal' (0x784b644c3900)]  in org.gnome.Terminal (gtk 3.24.52) (0, 0, 0)
10:26:00.753302 - EVENT MANAGER: Dequeued object:text-caret-moved for [terminal: 'Terminal' (0x784b644c3900)]  in org.gnome.Terminal (gtk 3.24.52) (0, 0, 0) priority: 4, counter: 83

vvvvv START PRIORITY-4 OBJECT EVENT OBJECT:TEXT-CARET-MOVED (queue size: 22) vvvvv
10:26:00.753660 - EVENT MANAGER: object:text-caret-moved for [terminal: 'Terminal' (0x784b644c3900)]  in org.gnome.Terminal (gtk 3.24.52) (0, 0, 0) obsoleted by object:text-caret-moved for [terminal: 'Terminal' (0x784b644c3900)]  in org.gnome.Terminal (gtk 3.24.52) (975, 0, 0) more recent event of same type for same object
TOTAL PROCESSING TIME: 0.0004
^^^^^ FINISHED PRIORITY-4 OBJECT EVENT OBJECT:TEXT-CARET-MOVED ^^^^^

10:26:00.753731 - EVENT MANAGER: Dequeueing object:text-changed:delete for [terminal: 'Terminal' (0x784b644c3900)]  in org.gnome.Terminal (gtk 3.24.52) (0, 16, \n\n\n\n\n\n\n\n\n\n\n\n\n\n\n\n)
10:26:00.753768 - EVENT MANAGER: Dequeued object:text-changed:delete for [terminal: 'Terminal' (0x784b644c3900)]  in org.gnome.Terminal (gtk 3.24.52) (0, 16, \n\n\n\n\n\n\n\n\n\n\n\n\n\n\n\n) priority: 4, counter: 84

vvvvv START PRIORITY-4 OBJECT EVENT OBJECT:TEXT-CHANGED:DELETE (queue size: 21) vvvvv
10:26:00.755102 - EVENT SOURCE:
                  app='org.gnome.Terminal (gtk 3.24.52)' name='Terminal' role='terminal' axid='' id=0x784b644c3900
                  description=''
                  help=''
                  locale='C.UTF-8'
                  states='enabled, focusable, focused, sensitive, showing, visible'
                  relations=''
                  actions='menu'
                  interfaces='Action, Collection, Component, Text'
                  attributes='toolkit:gtk'
                  text='▶Overview ✕ ~ Unavailable~ Settings ... \n \n \n \n \n (992 chars.)'
                  path=[-1, 0, 0, 1, 0, 0, 0, 0]
                  
10:26:00.755142 - SCRIPT MANAGER: Active script is: org.gnome.Terminal (module=orca.scripts.toolkits.gtk.script)
10:26:00.755166 - FOCUS MANAGER: Locus of focus is [frame: 'Terminal' (0x784b6440ed40)] 
10:26:00.755196 - EVENT MANAGER: Getting script for event for [application: 'org.gnome.Terminal' (0x784b644b87c0)]  [terminal: 'Terminal' (0x784b644c3900)] 
10:26:00.755214 - SCRIPT MANAGER: Getting script for [application: 'org.gnome.Terminal' (0x784b644b87c0)]  [terminal: 'Terminal' (0x784b644c3900)] 
10:26:00.755237 - SCRIPT MANAGER: Script is custom script org.gnome.Terminal (module=orca.scripts.terminal.script)
10:26:00.755250 - EVENT MANAGER: Script for event is org.gnome.Terminal (module=orca.scripts.terminal.script)
10:26:00.756080 - EVENT MANAGER: Change active script: False (No reason found to activate a different script.)
10:26:00.756126 - EVENT MANAGER: Not processing object:text-changed:delete due to lack of reason
TOTAL PROCESSING TIME: 0.0024
^^^^^ FINISHED PRIORITY-4 OBJECT EVENT OBJECT:TEXT-CHANGED:DELETE ^^^^^

10:26:00.756269 - EVENT MANAGER: Dequeueing object:text-changed:insert for [terminal: 'Terminal' (0x784b644c3900)]  in org.gnome.Terminal (gtk 3.24.52) (0, 16, \n\n\n\n\n\n\n\n\n\n\n\n\n\n\n\n)
10:26:00.756365 - EVENT MANAGER: Dequeued object:text-changed:insert for [terminal: 'Terminal' (0x784b644c3900)]  in org.gnome.Terminal (gtk 3.24.52) (0, 16, \n\n\n\n\n\n\n\n\n\n\n\n\n\n\n\n) priority: 4, counter: 85

vvvvv START PRIORITY-4 OBJECT EVENT OBJECT:TEXT-CHANGED:INSERT (queue size: 20) vvvvv
10:26:00.758095 - EVENT SOURCE:
                  app='org.gnome.Terminal (gtk 3.24.52)' name='Terminal' role='terminal' axid='' id=0x784b644c3900
                  description=''
                  help=''
                  locale='C.UTF-8'
                  states='enabled, focusable, focused, sensitive, showing, visible'
                  relations=''
                  actions='menu'
                  interfaces='Action, Collection, Component, Text'
                  attributes='toolkit:gtk'
                  text='▶Overview ✕ ~ Unavailable~ Settings ... \n \n \n \n \n (992 chars.)'
                  path=[-1, 0, 0, 1, 0, 0, 0, 0]
                  
10:26:00.758148 - SCRIPT MANAGER: Active script is: org.gnome.Terminal (module=orca.scripts.toolkits.gtk.script)
10:26:00.758196 - FOCUS MANAGER: Locus of focus is [frame: 'Terminal' (0x784b6440ed40)] 
10:26:00.758271 - EVENT MANAGER: Getting script for event for [application: 'org.gnome.Terminal' (0x784b644b87c0)]  [terminal: 'Terminal' (0x784b644c3900)] 
10:26:00.758319 - SCRIPT MANAGER: Getting script for [application: 'org.gnome.Terminal' (0x784b644b87c0)]  [terminal: 'Terminal' (0x784b644c3900)] 
10:26:00.758366 - SCRIPT MANAGER: Script is custom script org.gnome.Terminal (module=orca.scripts.terminal.script)
10:26:00.758396 - EVENT MANAGER: Script for event is org.gnome.Terminal (module=orca.scripts.terminal.script)
10:26:00.759367 - EVENT MANAGER: Change active script: False (No reason found to activate a different script.)
10:26:00.759393 - EVENT MANAGER: Not processing object:text-changed:insert due to lack of reason
TOTAL PROCESSING TIME: 0.0030
^^^^^ FINISHED PRIORITY-4 OBJECT EVENT OBJECT:TEXT-CHANGED:INSERT ^^^^^

10:26:00.759514 - EVENT MANAGER: Dequeueing object:text-caret-moved for [terminal: 'Terminal' (0x784b644c3900)]  in org.gnome.Terminal (gtk 3.24.52) (15, 0, 0)
10:26:00.759605 - EVENT MANAGER: Dequeued object:text-caret-moved for [terminal: 'Terminal' (0x784b644c3900)]  in org.gnome.Terminal (gtk 3.24.52) (15, 0, 0) priority: 4, counter: 86

vvvvv START PRIORITY-4 OBJECT EVENT OBJECT:TEXT-CARET-MOVED (queue size: 19) vvvvv
10:26:00.760178 - EVENT MANAGER: object:text-caret-moved for [terminal: 'Terminal' (0x784b644c3900)]  in org.gnome.Terminal (gtk 3.24.52) (15, 0, 0) obsoleted by object:text-caret-moved for [terminal: 'Terminal' (0x784b644c3900)]  in org.gnome.Terminal (gtk 3.24.52) (975, 0, 0) more recent event of same type for same object
TOTAL PROCESSING TIME: 0.0006
^^^^^ FINISHED PRIORITY-4 OBJECT EVENT OBJECT:TEXT-CARET-MOVED ^^^^^

10:26:00.760296 - EVENT MANAGER: Dequeueing object:text-changed:delete for [terminal: 'Terminal' (0x784b644c3900)]  in org.gnome.Terminal (gtk 3.24.52) (0, 15, \n\n\n\n\n\n\n\n\n\n\n\n\n\n\n)
10:26:00.760386 - EVENT MANAGER: Dequeued object:text-changed:delete for [terminal: 'Terminal' (0x784b644c3900)]  in org.gnome.Terminal (gtk 3.24.52) (0, 15, \n\n\n\n\n\n\n\n\n\n\n\n\n\n\n) priority: 4, counter: 87

vvvvv START PRIORITY-4 OBJECT EVENT OBJECT:TEXT-CHANGED:DELETE (queue size: 18) vvvvv
10:26:00.761971 - EVENT SOURCE:
                  app='org.gnome.Terminal (gtk 3.24.52)' name='Terminal' role='terminal' axid='' id=0x784b644c3900
                  description=''
                  help=''
                  locale='C.UTF-8'
                  states='enabled, focusable, focused, sensitive, showing, visible'
                  relations=''
                  actions='menu'
                  interfaces='Action, Collection, Component, Text'
                  attributes='toolkit:gtk'
                  text='▶Overview ✕ ~ Unavailable~ Settings ... \n \n \n \n \n (992 chars.)'
                  path=[-1, 0, 0, 1, 0, 0, 0, 0]
                  
10:26:00.762040 - SCRIPT MANAGER: Active script is: org.gnome.Terminal (module=orca.scripts.toolkits.gtk.script)
10:26:00.762084 - FOCUS MANAGER: Locus of focus is [frame: 'Terminal' (0x784b6440ed40)] 
10:26:00.762156 - EVENT MANAGER: Getting script for event for [application: 'org.gnome.Terminal' (0x784b644b87c0)]  [terminal: 'Terminal' (0x784b644c3900)] 
10:26:00.762203 - SCRIPT MANAGER: Getting script for [application: 'org.gnome.Terminal' (0x784b644b87c0)]  [terminal: 'Terminal' (0x784b644c3900)] 
10:26:00.762248 - SCRIPT MANAGER: Script is custom script org.gnome.Terminal (module=orca.scripts.terminal.script)
10:26:00.762277 - EVENT MANAGER: Script for event is org.gnome.Terminal (module=orca.scripts.terminal.script)
10:26:00.763273 - EVENT MANAGER: Change active script: False (No reason found to activate a different script.)
10:26:00.763325 - EVENT MANAGER: Not processing object:text-changed:delete due to lack of reason
TOTAL PROCESSING TIME: 0.0029
^^^^^ FINISHED PRIORITY-4 OBJECT EVENT OBJECT:TEXT-CHANGED:DELETE ^^^^^

10:26:00.764569 - EVENT MANAGER: Dequeueing object:text-changed:insert for [terminal: 'Terminal' (0x784b644c3900)]  in org.gnome.Terminal (gtk 3.24.52) (0, 975, Overview ✕ ~ Unavailable~ Settings... \n \n \n \n \n (990 chars.))
10:26:00.764688 - EVENT MANAGER: Dequeued object:text-changed:insert for [terminal: 'Terminal' (0x784b644c3900)]  in org.gnome.Terminal (gtk 3.24.52) (0, 975, Overview ✕ ~ Unavailable~ Settings... \n \n \n \n \n (990 chars.)) priority: 4, counter: 88

vvvvv START PRIORITY-4 OBJECT EVENT OBJECT:TEXT-CHANGED:INSERT (queue size: 17) vvvvv
10:26:00.765781 - EVENT SOURCE:
                  app='org.gnome.Terminal (gtk 3.24.52)' name='Terminal' role='terminal' axid='' id=0x784b644c3900
                  description=''
                  help=''
                  locale='C.UTF-8'
                  states='enabled, focusable, focused, sensitive, showing, visible'
                  relations=''
                  actions='menu'
                  interfaces='Action, Collection, Component, Text'
                  attributes='toolkit:gtk'
                  text='▶Overview ✕ ~ Unavailable~ Settings ... \n \n \n \n \n (992 chars.)'
                  path=[-1, 0, 0, 1, 0, 0, 0, 0]
                  
10:26:00.765817 - SCRIPT MANAGER: Active script is: org.gnome.Terminal (module=orca.scripts.toolkits.gtk.script)
10:26:00.765838 - FOCUS MANAGER: Locus of focus is [frame: 'Terminal' (0x784b6440ed40)] 
10:26:00.765864 - EVENT MANAGER: Getting script for event for [application: 'org.gnome.Terminal' (0x784b644b87c0)]  [terminal: 'Terminal' (0x784b644c3900)] 
10:26:00.765881 - SCRIPT MANAGER: Getting script for [application: 'org.gnome.Terminal' (0x784b644b87c0)]  [terminal: 'Terminal' (0x784b644c3900)] 
10:26:00.765903 - SCRIPT MANAGER: Script is custom script org.gnome.Terminal (module=orca.scripts.terminal.script)
10:26:00.765916 - EVENT MANAGER: Script for event is org.gnome.Terminal (module=orca.scripts.terminal.script)
10:26:00.766465 - EVENT MANAGER: Change active script: False (No reason found to activate a different script.)
10:26:00.766474 - EVENT MANAGER: Not processing object:text-changed:insert due to lack of reason
TOTAL PROCESSING TIME: 0.0018
^^^^^ FINISHED PRIORITY-4 OBJECT EVENT OBJECT:TEXT-CHANGED:INSERT ^^^^^

10:26:00.766532 - EVENT MANAGER: Dequeueing object:text-caret-moved for [terminal: 'Terminal' (0x784b644c3900)]  in org.gnome.Terminal (gtk 3.24.52) (975, 0, 0)
10:26:00.766565 - EVENT MANAGER: Dequeued object:text-caret-moved for [terminal: 'Terminal' (0x784b644c3900)]  in org.gnome.Terminal (gtk 3.24.52) (975, 0, 0) priority: 4, counter: 89

vvvvv START PRIORITY-4 OBJECT EVENT OBJECT:TEXT-CARET-MOVED (queue size: 16) vvvvv
10:26:00.766773 - EVENT MANAGER: object:text-caret-moved for [terminal: 'Terminal' (0x784b644c3900)]  in org.gnome.Terminal (gtk 3.24.52) (975, 0, 0) obsoleted by object:text-caret-moved for [terminal: 'Terminal' (0x784b644c3900)]  in org.gnome.Terminal (gtk 3.24.52) (3, 0, 0) more recent event of same type for same object
TOTAL PROCESSING TIME: 0.0002
^^^^^ FINISHED PRIORITY-4 OBJECT EVENT OBJECT:TEXT-CARET-MOVED ^^^^^

10:26:00.766821 - EVENT MANAGER: Dequeueing object:property-change:accessible-name for [label: '▶Overview' (0x784b6431cd80)]  in accessibility_probe (AccessKit) (0, 0, ▶Overview)
10:26:00.766856 - EVENT MANAGER: Dequeued object:property-change:accessible-name for [label: '▶Overview' (0x784b643f4e00)]  in accessibility_probe (AccessKit) (0, 0, ▶Overview) priority: 4, counter: 90

vvvvv START PRIORITY-4 OBJECT EVENT OBJECT:PROPERTY-CHANGE:ACCESSIBLE-NAME (queue size: 15) vvvvv
10:26:00.768155 - EVENT SOURCE:
                  app='accessibility_probe (AccessKit )' name='▶Overview' role='label' axid='' id=0x784b641ad2c0
                  description=''
                  help=''
                  locale=''
                  states='enabled, sensitive, showing, visible'
                  relations=''
                  actions=''
                  interfaces=''
                  attributes=''
                  text=''
                  path=[-1, 0, 0, 0, 0, 0]
                  
10:26:00.768180 - SCRIPT MANAGER: Active script is: org.gnome.Terminal (module=orca.scripts.toolkits.gtk.script)
10:26:00.768200 - FOCUS MANAGER: Locus of focus is [frame: 'Terminal' (0x784b6440ed40)] 
10:26:00.768227 - EVENT MANAGER: Getting script for event for [application: 'accessibility_probe' (0x784b64360580)]  [label: '▶Overview' (0x784b643f5500)] 
10:26:00.768244 - SCRIPT MANAGER: Getting script for [application: 'accessibility_probe' (0x784b64360580)]  [label: '▶Overview' (0x784b643f5500)] 
10:26:00.768422 - SCRIPT MANAGER: Script is app script accessibility_probe (module=orca.scripts.default)
10:26:00.768437 - EVENT MANAGER: Script for event is accessibility_probe (module=orca.scripts.default)
10:26:00.768972 - EVENT MANAGER: Change active script: False (No reason found to activate a different script.)
10:26:00.768984 - EVENT MANAGER: Processing object:property-change:accessible-name: script handles events when inactive
10:26:00.769032 - FOCUS MANAGER: Locus of focus is [frame: 'Terminal' (0x784b6440ed40)] 
10:26:00.769038 - AXUtilitiesEvent: The event is not from the locus of focus.
TOTAL PROCESSING TIME: 0.0022
^^^^^ FINISHED PRIORITY-4 OBJECT EVENT OBJECT:PROPERTY-CHANGE:ACCESSIBLE-NAME ^^^^^

10:26:00.769087 - EVENT MANAGER: Dequeueing object:text-caret-moved for [terminal: 'Terminal' (0x784b644c3900)]  in org.gnome.Terminal (gtk 3.24.52) (3, 0, 0)
10:26:00.769121 - EVENT MANAGER: Dequeued object:text-caret-moved for [terminal: 'Terminal' (0x784b644c3900)]  in org.gnome.Terminal (gtk 3.24.52) (3, 0, 0) priority: 4, counter: 91

vvvvv START PRIORITY-4 OBJECT EVENT OBJECT:TEXT-CARET-MOVED (queue size: 14) vvvvv
10:26:00.769709 - EVENT SOURCE:
                  app='org.gnome.Terminal (gtk 3.24.52)' name='Terminal' role='terminal' axid='' id=0x784b644c3900
                  description=''
                  help=''
                  locale='C.UTF-8'
                  states='enabled, focusable, focused, sensitive, showing, visible'
                  relations=''
                  actions='menu'
                  interfaces='Action, Collection, Component, Text'
                  attributes='toolkit:gtk'
                  text='▶Overview ✕ ~ Unavailable~ Settings ... \n \n \n \n \n (992 chars.)'
                  path=[-1, 0, 0, 1, 0, 0, 0, 0]
                  
10:26:00.769732 - SCRIPT MANAGER: Active script is: org.gnome.Terminal (module=orca.scripts.toolkits.gtk.script)
10:26:00.769749 - FOCUS MANAGER: Locus of focus is [frame: 'Terminal' (0x784b6440ed40)] 
10:26:00.769773 - EVENT MANAGER: Getting script for event for [application: 'org.gnome.Terminal' (0x784b644b87c0)]  [terminal: 'Terminal' (0x784b644c3900)] 
10:26:00.769794 - SCRIPT MANAGER: Getting script for [application: 'org.gnome.Terminal' (0x784b644b87c0)]  [terminal: 'Terminal' (0x784b644c3900)] 
10:26:00.769815 - SCRIPT MANAGER: Script is custom script org.gnome.Terminal (module=orca.scripts.terminal.script)
10:26:00.769828 - EVENT MANAGER: Script for event is org.gnome.Terminal (module=orca.scripts.terminal.script)
10:26:00.770351 - EVENT MANAGER: Change active script: False (No reason found to activate a different script.)
10:26:00.770362 - EVENT MANAGER: Not processing object:text-caret-moved due to lack of reason
TOTAL PROCESSING TIME: 0.0012
^^^^^ FINISHED PRIORITY-4 OBJECT EVENT OBJECT:TEXT-CARET-MOVED ^^^^^

10:26:00.770415 - EVENT MANAGER: Dequeueing object:text-changed:delete for [terminal: 'Terminal' (0x784b644c3900)]  in org.gnome.Terminal (gtk 3.24.52) (2, 1, )
10:26:00.770449 - EVENT MANAGER: Dequeued object:text-changed:delete for [terminal: 'Terminal' (0x784b644c3900)]  in org.gnome.Terminal (gtk 3.24.52) (2, 1, ) priority: 4, counter: 92

vvvvv START PRIORITY-4 OBJECT EVENT OBJECT:TEXT-CHANGED:DELETE (queue size: 13) vvvvv
10:26:00.771049 - EVENT SOURCE:
                  app='org.gnome.Terminal (gtk 3.24.52)' name='Terminal' role='terminal' axid='' id=0x784b644c3900
                  description=''
                  help=''
                  locale='C.UTF-8'
                  states='enabled, focusable, focused, sensitive, showing, visible'
                  relations=''
                  actions='menu'
                  interfaces='Action, Collection, Component, Text'
                  attributes='toolkit:gtk'
                  text='▶Overview ✕ ~ Unavailable~ Settings ... \n \n \n \n \n (992 chars.)'
                  path=[-1, 0, 0, 1, 0, 0, 0, 0]
                  
10:26:00.771073 - SCRIPT MANAGER: Active script is: org.gnome.Terminal (module=orca.scripts.toolkits.gtk.script)
10:26:00.771091 - FOCUS MANAGER: Locus of focus is [frame: 'Terminal' (0x784b6440ed40)] 
10:26:00.771115 - EVENT MANAGER: Getting script for event for [application: 'org.gnome.Terminal' (0x784b644b87c0)]  [terminal: 'Terminal' (0x784b644c3900)] 
10:26:00.771131 - SCRIPT MANAGER: Getting script for [application: 'org.gnome.Terminal' (0x784b644b87c0)]  [terminal: 'Terminal' (0x784b644c3900)] 
10:26:00.771153 - SCRIPT MANAGER: Script is custom script org.gnome.Terminal (module=orca.scripts.terminal.script)
10:26:00.771166 - EVENT MANAGER: Script for event is org.gnome.Terminal (module=orca.scripts.terminal.script)
10:26:00.771683 - EVENT MANAGER: Change active script: False (No reason found to activate a different script.)
10:26:00.771693 - EVENT MANAGER: Not processing object:text-changed:delete due to lack of reason
TOTAL PROCESSING TIME: 0.0012
^^^^^ FINISHED PRIORITY-4 OBJECT EVENT OBJECT:TEXT-CHANGED:DELETE ^^^^^

10:26:00.771744 - EVENT MANAGER: Dequeueing object:text-changed:insert for [terminal: 'Terminal' (0x784b644c3900)]  in org.gnome.Terminal (gtk 3.24.52) (2, 1, ▶)
10:26:00.771778 - EVENT MANAGER: Dequeued object:text-changed:insert for [terminal: 'Terminal' (0x784b644c3900)]  in org.gnome.Terminal (gtk 3.24.52) (2, 1, ▶) priority: 4, counter: 93

vvvvv START PRIORITY-4 OBJECT EVENT OBJECT:TEXT-CHANGED:INSERT (queue size: 12) vvvvv
10:26:00.772392 - EVENT SOURCE:
                  app='org.gnome.Terminal (gtk 3.24.52)' name='Terminal' role='terminal' axid='' id=0x784b644c3900
                  description=''
                  help=''
                  locale='C.UTF-8'
                  states='enabled, focusable, focused, sensitive, showing, visible'
                  relations=''
                  actions='menu'
                  interfaces='Action, Collection, Component, Text'
                  attributes='toolkit:gtk'
                  text='▶Overview ✕ ~ Unavailable~ Settings ... \n \n \n \n \n (992 chars.)'
                  path=[-1, 0, 0, 1, 0, 0, 0, 0]
                  
10:26:00.772419 - SCRIPT MANAGER: Active script is: org.gnome.Terminal (module=orca.scripts.toolkits.gtk.script)
10:26:00.772442 - FOCUS MANAGER: Locus of focus is [frame: 'Terminal' (0x784b6440ed40)] 
10:26:00.772468 - EVENT MANAGER: Getting script for event for [application: 'org.gnome.Terminal' (0x784b644b87c0)]  [terminal: 'Terminal' (0x784b644c3900)] 
10:26:00.772485 - SCRIPT MANAGER: Getting script for [application: 'org.gnome.Terminal' (0x784b644b87c0)]  [terminal: 'Terminal' (0x784b644c3900)] 
10:26:00.772506 - SCRIPT MANAGER: Script is custom script org.gnome.Terminal (module=orca.scripts.terminal.script)
10:26:00.772519 - EVENT MANAGER: Script for event is org.gnome.Terminal (module=orca.scripts.terminal.script)
10:26:00.773034 - EVENT MANAGER: Change active script: False (No reason found to activate a different script.)
10:26:00.773046 - EVENT MANAGER: Not processing object:text-changed:insert due to lack of reason
TOTAL PROCESSING TIME: 0.0013
^^^^^ FINISHED PRIORITY-4 OBJECT EVENT OBJECT:TEXT-CHANGED:INSERT ^^^^^

10:26:00.773098 - EVENT MANAGER: Dequeueing object:children-changed:add for [frame: 'Terminal' (0x784b6440ed40)]  in org.gnome.Terminal (gtk 3.24.52) (-1, 0, [panel (0x784b64354c40)])
10:26:00.773131 - EVENT MANAGER: Dequeued object:children-changed:add for [frame: 'Terminal' (0x784b6440ed40)]  in org.gnome.Terminal (gtk 3.24.52) (-1, 0, [panel (0x784b641ad700)]) priority: 6, counter: 3

vvvvv START PRIORITY-6 OBJECT EVENT OBJECT:CHILDREN-CHANGED:ADD (queue size: 11) vvvvv
10:26:00.773768 - AXObject: [panel (0x784b643f5c00)]  has index -1 ; parent [toggle button: 'Menu' (0x784b6419e6c0)]  has 0 children
10:26:00.773904 - EVENT SOURCE:
                  app='org.gnome.Terminal (gtk 3.24.52)' name='Terminal' role='frame' axid='' id=0x784b6440ed40
                  description=''
                  help=''
                  locale='C.UTF-8'
                  states='active, enabled, resizable, sensitive, showing, visible'
                  relations=''
                  actions=''
                  interfaces='Collection, Component'
                  attributes='toolkit:gtk, window-type:normal'
                  text=''
                  path=[-1, 0]
                  
                  EVENT ANY DATA:
                  name='' role='panel' axid='' id=0x784b643f5c00
                  description=''
                  help=''
                  locale='C.UTF-8'
                  states='enabled, modal, sensitive'
                  relations='popup-for: [toggle button: 'Menu']'
                  actions=''
                  interfaces='Collection, Component'
                  attributes='toolkit:gtk'
                  text=''
                  path=[-1, 0, 1, 1, -1]
                  
10:26:00.773926 - SCRIPT MANAGER: Active script is: org.gnome.Terminal (module=orca.scripts.toolkits.gtk.script)
10:26:00.773950 - FOCUS MANAGER: Locus of focus is [frame: 'Terminal' (0x784b6440ed40)] 
10:26:00.773965 - EVENT MANAGER: Script for event from locus of focus is org.gnome.Terminal (module=orca.scripts.toolkits.gtk.script)
10:26:00.773971 - EVENT MANAGER: Processing object:children-changed:add: script for event is active
10:26:00.773986 - AXUtilitiesRelation: Clearing local cache. Reason: children-changed event.
10:26:00.774003 - AXObject: Clearing local cache. Reason: children-changed event.
10:26:00.774013 - AXUtilitiesRelation: Clearing local cache. Reason: children-changed event.
10:26:00.774020 - AXUtilitiesEvent: Clearing local cache. Reason: children-changed event.
10:26:00.774028 - AXUtilitiesSelection: Clearing cache. Reason: children-changed event.
TOTAL PROCESSING TIME: 0.0009
^^^^^ FINISHED PRIORITY-6 OBJECT EVENT OBJECT:CHILDREN-CHANGED:ADD ^^^^^

10:26:00.774095 - EVENT MANAGER: Dequeueing object:children-changed:add for [desktop frame: 'main' (0x784b642fbfc0)]  in  (3, 0, [application: 'gnome-terminal' (0x784b6431e700)])
10:26:00.774126 - EVENT MANAGER: Dequeued object:children-changed:add for [desktop frame: 'main' (0x784b64335a40)]  in  (3, 0, [application: 'gnome-terminal' (0x784b6431da40)]) priority: 6, counter: 13

vvvvv START PRIORITY-6 OBJECT EVENT OBJECT:CHILDREN-CHANGED:ADD (queue size: 10) vvvvv
10:26:00.774735 - EVENT SOURCE:
                  app='' name='main' role='desktop frame' axid='None' id=0x784b6431da40
                  description=''
                  help=''
                  locale=''
                  states=''
                  relations=''
                  actions=''
                  interfaces='Component'
                  attributes=''
                  text=''
                  path=[-1]
                  
                  EVENT ANY DATA:
                  name='gnome-terminal' role='application' axid='' id=0x784b6431da40
                  description=''
                  help=''
                  locale='C.UTF-8'
                  states=''
                  relations=''
                  actions=''
                  interfaces='Collection'
                  attributes=''
                  text=''
                  path=[-1]
                  
10:26:00.774756 - SCRIPT MANAGER: Active script is: org.gnome.Terminal (module=orca.scripts.toolkits.gtk.script)
10:26:00.774773 - FOCUS MANAGER: Locus of focus is [frame: 'Terminal' (0x784b6440ed40)] 
10:26:00.774796 - EVENT MANAGER: Getting script for event for None [desktop frame: 'main' (0x784b6419e6c0)] 
10:26:00.774813 - SCRIPT MANAGER: Getting script for None [desktop frame: 'main' (0x784b6419e6c0)] 
10:26:00.774869 - SCRIPT MANAGER: Script is app script default (module=orca.scripts.default)
10:26:00.774881 - EVENT MANAGER: Script for event is default (module=orca.scripts.default)
10:26:00.774892 - EVENT MANAGER: Change active script: False (No reason found to activate a different script.)
10:26:00.774896 - EVENT MANAGER: Processing object:children-changed:add: script handles events when inactive
10:26:00.774904 - AXUtilitiesRelation: Clearing local cache. Reason: children-changed event.
10:26:00.774908 - AXObject: Clearing local cache. Reason: children-changed event.
10:26:00.774912 - AXUtilitiesRelation: Clearing local cache. Reason: children-changed event.
10:26:00.774916 - AXUtilitiesEvent: Clearing local cache. Reason: children-changed event.
10:26:00.774920 - AXUtilitiesSelection: Clearing cache. Reason: children-changed event.
TOTAL PROCESSING TIME: 0.0008
^^^^^ FINISHED PRIORITY-6 OBJECT EVENT OBJECT:CHILDREN-CHANGED:ADD ^^^^^

10:26:00.774974 - EVENT MANAGER: Dequeueing object:children-changed:add for [frame: 'Independent background App' (0x784b64355a00)]  in accessibility_probe (AccessKit) (0, 0, [toggle button: 'Independent App action' (0x784b64361000)])
10:26:00.775011 - EVENT MANAGER: Dequeued object:children-changed:add for [frame: 'Independent background App' (0x784b642cc740)]  in accessibility_probe (AccessKit) (0, 0, [toggle button: 'Independent App action' (0x784b64354740)]) priority: 6, counter: 15

vvvvv START PRIORITY-6 OBJECT EVENT OBJECT:CHILDREN-CHANGED:ADD (queue size: 9) vvvvv
10:26:00.775126 - EVENT MANAGER: object:children-changed:add for [frame: 'Independent background App' (0x784b641acc40)]  in accessibility_probe (AccessKit) (0, 0, [toggle button: 'Independent App action' (0x784b64363dc0)]) obsoleted by object:children-changed:add for [frame: 'Independent background App' (0x784b64354c40)]  in accessibility_probe (AccessKit) (3, 0, [heading: 'CSS direct label' (0x784b64363dc0)]) more recent event of same type for same object
TOTAL PROCESSING TIME: 0.0001
^^^^^ FINISHED PRIORITY-6 OBJECT EVENT OBJECT:CHILDREN-CHANGED:ADD ^^^^^

10:26:00.775170 - EVENT MANAGER: Dequeueing object:children-changed:add for [frame: 'Independent background App' (0x784b6419d840)]  in accessibility_probe (AccessKit) (1, 0, [label: 'Background calls 0' (0x784b641ad840)])
10:26:00.775201 - EVENT MANAGER: Dequeued object:children-changed:add for [frame: 'Independent background App' (0x784b641ad840)]  in accessibility_probe (AccessKit) (1, 0, [label: 'Background calls 0' (0x784b64363dc0)]) priority: 6, counter: 16

vvvvv START PRIORITY-6 OBJECT EVENT OBJECT:CHILDREN-CHANGED:ADD (queue size: 8) vvvvv
10:26:00.775307 - EVENT MANAGER: object:children-changed:add for [frame: 'Independent background App' (0x784b64354c40)]  in accessibility_probe (AccessKit) (1, 0, [label: 'Background calls 0' (0x784b641acc40)]) obsoleted by object:children-changed:add for [frame: 'Independent background App' (0x784b64354c40)]  in accessibility_probe (AccessKit) (5, 0, [label: 'CSS restored reader text' (0x784b641acc40)]) more recent event of same type for same object
TOTAL PROCESSING TIME: 0.0001
^^^^^ FINISHED PRIORITY-6 OBJECT EVENT OBJECT:CHILDREN-CHANGED:ADD ^^^^^

10:26:00.775351 - EVENT MANAGER: Dequeueing object:children-changed:add for [frame: 'Independent background App' (0x784b641acdc0)]  in accessibility_probe (AccessKit) (2, 0, [button: 'CSS expanded control' (0x784b643f4dc0)])
10:26:00.775381 - EVENT MANAGER: Dequeued object:children-changed:add for [frame: 'Independent background App' (0x784b643f4dc0)]  in accessibility_probe (AccessKit) (2, 0, [button: 'CSS expanded control' (0x784b64363dc0)]) priority: 6, counter: 17

vvvvv START PRIORITY-6 OBJECT EVENT OBJECT:CHILDREN-CHANGED:ADD (queue size: 7) vvvvv
10:26:00.775472 - EVENT MANAGER: object:children-changed:add for [frame: 'Independent background App' (0x784b64354c40)]  in accessibility_probe (AccessKit) (2, 0, [button: 'CSS expanded control' (0x784b641acc40)]) obsoleted by object:children-changed:add for [frame: 'Independent background App' (0x784b64354c40)]  in accessibility_probe (AccessKit) (5, 0, [label: 'CSS restored reader text' (0x784b641acc40)]) more recent event of same type for same object
TOTAL PROCESSING TIME: 0.0001
^^^^^ FINISHED PRIORITY-6 OBJECT EVENT OBJECT:CHILDREN-CHANGED:ADD ^^^^^

10:26:00.775660 - GSETTINGS SCHEMA HANDLE: keybindings/keyboard-layout not set [app:org.gnome.Terminal, profile:default]
10:26:00.775687 - GSETTINGS REGISTRY: keybindings/keyboard-layout using default value = 'desktop'
10:26:00.775728 - GSETTINGS SCHEMA HANDLE: keybindings/desktop-modifier-keys not set [app:org.gnome.Terminal, profile:default]
10:26:00.775743 - GSETTINGS REGISTRY: keybindings/desktop-modifier-keys using default value = ['Insert', 'KP_Insert']
10:26:00.775787 - FOCUS MANAGER: Active window is [frame: 'Terminal' (0x784b6440ed40)]  <unknown>.<module>:373 > input_event_manager._on_key_pressed:261 > input_event_manager.process_keyboard_event:297 > focus_manager.get_active_window:342
10:26:00.776290 - AXObject: Clearing AT-SPI cache on [frame: 'Terminal' (0x784b6440ed40)]  Recursive: False.  Reason: Checking if window can be the active window
10:26:00.779357 - AXUtilities: [frame: 'Terminal' (0x784b6440ed40)]  from [application: 'org.gnome.Terminal' (0x784b644b87c0)]  can be active window
10:26:00.779718 - FOCUS MANAGER: Locus of focus is [frame: 'Terminal' (0x784b6440ed40)] 
10:26:00.780020 - SCRIPT MANAGER: Active script is: org.gnome.Terminal (module=orca.scripts.toolkits.gtk.script)
10:26:00.780390 - GSETTINGS SCHEMA HANDLE: keybindings/keyboard-layout not set [app:org.gnome.Terminal, profile:default]
10:26:00.780417 - GSETTINGS REGISTRY: keybindings/keyboard-layout using default value = 'desktop'
10:26:00.780462 - GSETTINGS SCHEMA HANDLE: keybindings/desktop-modifier-keys not set [app:org.gnome.Terminal, profile:default]
10:26:00.780484 - GSETTINGS REGISTRY: keybindings/desktop-modifier-keys using default value = ['Insert', 'KP_Insert']
10:26:00.780559 - GSETTINGS SCHEMA HANDLE: keybindings/keyboard-layout not set [app:org.gnome.Terminal, profile:default]
10:26:00.780578 - GSETTINGS REGISTRY: keybindings/keyboard-layout using default value = 'desktop'
10:26:00.780614 - GSETTINGS SCHEMA HANDLE: keybindings/desktop-modifier-keys not set [app:org.gnome.Terminal, profile:default]
10:26:00.780629 - GSETTINGS REGISTRY: keybindings/desktop-modifier-keys using default value = ['Insert', 'KP_Insert']
10:26:00.780669 - GSETTINGS SCHEMA HANDLE: keybindings/keyboard-layout not set [app:org.gnome.Terminal, profile:default]
10:26:00.780683 - GSETTINGS REGISTRY: keybindings/keyboard-layout using default value = 'desktop'
10:26:00.780715 - GSETTINGS SCHEMA HANDLE: keybindings/desktop-modifier-keys not set [app:org.gnome.Terminal, profile:default]
10:26:00.780728 - GSETTINGS REGISTRY: keybindings/desktop-modifier-keys using default value = ['Insert', 'KP_Insert']

KEYBOARD_EVENT:  type=ATSPI_KEY_PRESSED_EVENT
                 id=65478
                 hw_code=75
                 modifiers=0
                 text=''
                 keyval_name='F9'
                 timestamp=1789050360.775581
                 clickCount=1

vvvvv PROCESS ATSPI_KEY_PRESSED_EVENT: 'F9' (75) vvvvv
10:26:00.780857 - SCRIPT: org.gnome.Terminal (module=orca.scripts.toolkits.gtk.script)
10:26:00.780899 - WINDOW: [frame: 'Terminal' (0x784b6440ed40)] 
10:26:00.780933 - LOCATION: [frame: 'Terminal' (0x784b6440ed40)] 
10:26:00.781007 - GSETTINGS SCHEMA HANDLE: keybindings/keyboard-layout not set [app:org.gnome.Terminal, profile:default]
10:26:00.781045 - GSETTINGS REGISTRY: keybindings/keyboard-layout using default value = 'desktop'
10:26:00.781088 - GSETTINGS SCHEMA HANDLE: keybindings/desktop-modifier-keys not set [app:org.gnome.Terminal, profile:default]
10:26:00.781095 - GSETTINGS REGISTRY: keybindings/desktop-modifier-keys using default value = ['Insert', 'KP_Insert']
10:26:00.781108 - PRESENTATION MANAGER: Interrupting presentation
10:26:00.781145 - SPEECH MANAGER: interrupt_speech. Script: None Event: None notify_user: False
10:26:00.781388 - SPEECH MANAGER: Speech server is <orca.speechdispatcherfactory.SpeechServer object at 0x784b644a96a0>
10:26:00.781480 - BRAILLE: Kill flash message input_event._present:603 > presentation_manager.interrupt_presentation:88 > braille_presenter.kill_flash:1829 > braille.kill_flash:2182
10:26:00.782147 - TYPING ECHO PRESENTER: should_echo_keyboard_event: 'F9'?
10:26:00.782208 - GSETTINGS SCHEMA HANDLE: keybindings/keyboard-layout not set [app:org.gnome.Terminal, profile:default]
10:26:00.782227 - GSETTINGS REGISTRY: keybindings/keyboard-layout using default value = 'desktop'
10:26:00.782265 - GSETTINGS SCHEMA HANDLE: keybindings/desktop-modifier-keys not set [app:org.gnome.Terminal, profile:default]
10:26:00.782281 - GSETTINGS REGISTRY: keybindings/desktop-modifier-keys using default value = ['Insert', 'KP_Insert']
10:26:00.782324 - GSETTINGS SCHEMA HANDLE: typing-echo/character-echo not set [app:org.gnome.Terminal, profile:default]
10:26:00.782338 - GSETTINGS REGISTRY: typing-echo/character-echo using default value = False
10:26:00.782377 - GSETTINGS SCHEMA HANDLE: keybindings/keyboard-layout not set [app:org.gnome.Terminal, profile:default]
10:26:00.782391 - GSETTINGS REGISTRY: keybindings/keyboard-layout using default value = 'desktop'
10:26:00.782423 - GSETTINGS SCHEMA HANDLE: keybindings/desktop-modifier-keys not set [app:org.gnome.Terminal, profile:default]
10:26:00.782436 - GSETTINGS REGISTRY: keybindings/desktop-modifier-keys using default value = ['Insert', 'KP_Insert']
10:26:00.782477 - GSETTINGS SCHEMA HANDLE: typing-echo/key-echo not set [app:org.gnome.Terminal, profile:default]
10:26:00.782489 - GSETTINGS REGISTRY: typing-echo/key-echo using default value = True
10:26:00.782559 - GSETTINGS SCHEMA HANDLE: keybindings/keyboard-layout not set [app:org.gnome.Terminal, profile:default]
10:26:00.782573 - GSETTINGS REGISTRY: keybindings/keyboard-layout using default value = 'desktop'
10:26:00.782604 - GSETTINGS SCHEMA HANDLE: keybindings/desktop-modifier-keys not set [app:org.gnome.Terminal, profile:default]
10:26:00.782617 - GSETTINGS REGISTRY: keybindings/desktop-modifier-keys using default value = ['Insert', 'KP_Insert']
10:26:00.782667 - GSETTINGS SCHEMA HANDLE: typing-echo/function-keys not set [app:org.gnome.Terminal, profile:default]
10:26:00.782680 - GSETTINGS REGISTRY: typing-echo/function-keys using default value = True
10:26:00.782693 - TYPING ECHO PRESENTER: Echoing function keyboard event: True.
10:26:00.782740 - GSETTINGS SCHEMA HANDLE: keybindings/keyboard-layout not set [app:org.gnome.Terminal, profile:default]
10:26:00.782753 - GSETTINGS REGISTRY: keybindings/keyboard-layout using default value = 'desktop'
10:26:00.782782 - GSETTINGS SCHEMA HANDLE: keybindings/desktop-modifier-keys not set [app:org.gnome.Terminal, profile:default]
10:26:00.782794 - GSETTINGS REGISTRY: keybindings/desktop-modifier-keys using default value = ['Insert', 'KP_Insert']
10:26:00.782855 - SCRIPT MANAGER: Active script is: org.gnome.Terminal (module=orca.scripts.toolkits.gtk.script)
10:26:00.782914 - FOCUS MANAGER: Active mode: focus-tracking Object of interest: [frame: 'Terminal' (0x784b6440ed40)] 
10:26:00.782956 - GSETTINGS SCHEMA HANDLE: speech/enable not set [app:org.gnome.Terminal, profile:default]
10:26:00.783004 - GSETTINGS REGISTRY: speech/enable using default value = True
10:26:00.783042 - GSETTINGS SCHEMA HANDLE: speech/verbosity-level not set [app:org.gnome.Terminal, profile:default]
10:26:00.783048 - GSETTINGS REGISTRY: speech/verbosity-level using default value = 'verbose'
10:26:00.783075 - FOCUS MANAGER: Locus of focus is [frame: 'Terminal' (0x784b6440ed40)] 
10:26:00.783092 - SCRIPT MANAGER: Active script is: org.gnome.Terminal (module=orca.scripts.toolkits.gtk.script)
10:26:00.783111 - GSETTINGS SCHEMA HANDLE: speech/only-speak-displayed-text not set [app:org.gnome.Terminal, profile:default]
10:26:00.783115 - GSETTINGS REGISTRY: speech/only-speak-displayed-text using default value = False
10:26:00.783127 - GSETTINGS SCHEMA HANDLE: speech/speak-description not set [app:org.gnome.Terminal, profile:default]
10:26:00.783131 - GSETTINGS REGISTRY: speech/speak-description using default value = True
10:26:00.783142 - GSETTINGS SCHEMA HANDLE: speech/speak-tutorial-messages not set [app:org.gnome.Terminal, profile:default]
10:26:00.783146 - GSETTINGS REGISTRY: speech/speak-tutorial-messages using default value = True
10:26:00.783156 - GSETTINGS SCHEMA HANDLE: speech/speak-position-in-set not set [app:org.gnome.Terminal, profile:default]
10:26:00.783160 - GSETTINGS REGISTRY: speech/speak-position-in-set using default value = False
10:26:00.783170 - GSETTINGS SCHEMA HANDLE: speech/speak-widget-mnemonic not set [app:org.gnome.Terminal, profile:default]
10:26:00.783173 - GSETTINGS REGISTRY: speech/speak-widget-mnemonic using default value = True
10:26:00.783182 - GSETTINGS SCHEMA HANDLE: speech/speak-blank-lines not set [app:org.gnome.Terminal, profile:default]
10:26:00.783186 - GSETTINGS REGISTRY: speech/speak-blank-lines using default value = True
10:26:00.783195 - GSETTINGS SCHEMA HANDLE: speech/speak-indentation-and-justification not set [app:org.gnome.Terminal, profile:default]
10:26:00.783199 - GSETTINGS REGISTRY: speech/speak-indentation-and-justification using default value = False
10:26:00.783209 - GSETTINGS SCHEMA HANDLE: speech/announce-cell-headers not set [app:org.gnome.Terminal, profile:default]
10:26:00.783212 - GSETTINGS REGISTRY: speech/announce-cell-headers using default value = True
10:26:00.783222 - GSETTINGS SCHEMA HANDLE: speech/announce-cell-coordinates not set [app:org.gnome.Terminal, profile:default]
10:26:00.783225 - GSETTINGS REGISTRY: speech/announce-cell-coordinates using default value = True
10:26:00.783236 - GSETTINGS SCHEMA HANDLE: speech/announce-spreadsheet-cell-coordinates not set [app:org.gnome.Terminal, profile:default]
10:26:00.783239 - GSETTINGS REGISTRY: speech/announce-spreadsheet-cell-coordinates using default value = True
10:26:00.783248 - GSETTINGS SCHEMA HANDLE: speech/announce-blockquote not set [app:org.gnome.Terminal, profile:default]
10:26:00.783252 - GSETTINGS REGISTRY: speech/announce-blockquote using default value = True
10:26:00.783262 - GSETTINGS SCHEMA HANDLE: speech/announce-form not set [app:org.gnome.Terminal, profile:default]
10:26:00.783265 - GSETTINGS REGISTRY: speech/announce-form using default value = True
10:26:00.783275 - GSETTINGS SCHEMA HANDLE: speech/announce-landmark not set [app:org.gnome.Terminal, profile:default]
10:26:00.783278 - GSETTINGS REGISTRY: speech/announce-landmark using default value = True
10:26:00.783287 - GSETTINGS SCHEMA HANDLE: speech/announce-list not set [app:org.gnome.Terminal, profile:default]
10:26:00.783290 - GSETTINGS REGISTRY: speech/announce-list using default value = True
10:26:00.783300 - GSETTINGS SCHEMA HANDLE: speech/announce-grouping not set [app:org.gnome.Terminal, profile:default]
10:26:00.783303 - GSETTINGS REGISTRY: speech/announce-grouping using default value = True
10:26:00.783318 - GSETTINGS SCHEMA HANDLE: speech/announce-table not set [app:org.gnome.Terminal, profile:default]
10:26:00.783321 - GSETTINGS REGISTRY: speech/announce-table using default value = True
10:26:00.783348 - GSETTINGS SCHEMA HANDLE: voice/established not set [app:org.gnome.Terminal, profile:default]
10:26:00.783362 - GSETTINGS SCHEMA HANDLE: voice/rate not set [app:org.gnome.Terminal, profile:default]
10:26:00.783375 - GSETTINGS SCHEMA HANDLE: voice/pitch not set [app:org.gnome.Terminal, profile:default]
10:26:00.783387 - GSETTINGS SCHEMA HANDLE: voice/volume not set [app:org.gnome.Terminal, profile:default]
10:26:00.783400 - GSETTINGS SCHEMA HANDLE: voice/family-name not set [app:org.gnome.Terminal, profile:default]
10:26:00.783411 - GSETTINGS SCHEMA HANDLE: voice/family-lang not set [app:org.gnome.Terminal, profile:default]
10:26:00.783421 - GSETTINGS SCHEMA HANDLE: voice/family-dialect not set [app:org.gnome.Terminal, profile:default]
10:26:00.783431 - GSETTINGS SCHEMA HANDLE: voice/family-gender not set [app:org.gnome.Terminal, profile:default]
10:26:00.783444 - GSETTINGS SCHEMA HANDLE: voice/family-variant not set [app:org.gnome.Terminal, profile:default]
10:26:00.783481 - SPEECH GENERATOR: None voice requested for None language='', dialect='' Unmodified voice={'established': False}
10:26:00.783507 - SPEECH GENERATOR: Reported locale of None is 
10:26:00.783524 - SPEECH GENERATOR: Updated to: 'C', ''
10:26:00.783543 - GSETTINGS SCHEMA HANDLE: speech/auto-language-switching not set [app:org.gnome.Terminal, profile:default]
10:26:00.783547 - GSETTINGS REGISTRY: speech/auto-language-switching using default value = True
10:26:00.783555 - SPEECH DISPATCHER: Returning cached result for language='C' dialect='' variant='None'
10:26:00.783600 - SPEECH GENERATOR: Family updated to {'dialect': '', 'lang': 'C', 'name': ''}
10:26:00.783643 - SPEECH GENERATOR: Final voice is {'established': 'False', 'family': "{'dialect': '', 'lang': 'C', 'name': ''}"}
10:26:00.783669 - GSETTINGS SCHEMA HANDLE: keybindings/keyboard-layout not set [app:org.gnome.Terminal, profile:default]
10:26:00.783673 - GSETTINGS REGISTRY: keybindings/keyboard-layout using default value = 'desktop'
10:26:00.783685 - GSETTINGS SCHEMA HANDLE: keybindings/desktop-modifier-keys not set [app:org.gnome.Terminal, profile:default]
10:26:00.783689 - GSETTINGS REGISTRY: keybindings/desktop-modifier-keys using default value = ['Insert', 'KP_Insert']
10:26:00.783699 - SPEECH OUTPUT: 'F9' {'established': False, 'family': {'name': '', 'gender': None, 'lang': 'C', 'dialect': '', 'variant': None}}
10:26:00.783713 - GSETTINGS SCHEMA HANDLE: keybindings/keyboard-layout not set [app:org.gnome.Terminal, profile:default]
10:26:00.783717 - GSETTINGS REGISTRY: keybindings/keyboard-layout using default value = 'desktop'
10:26:00.783727 - GSETTINGS SCHEMA HANDLE: keybindings/desktop-modifier-keys not set [app:org.gnome.Terminal, profile:default]
10:26:00.783731 - GSETTINGS REGISTRY: keybindings/desktop-modifier-keys using default value = ['Insert', 'KP_Insert']
10:26:00.783740 - SPEECH DISPATCHER: Speaking 'F9' as string
10:26:00.783748 - SPEECH DISPATCHER: Speaking 'F9' as string
10:26:00.783941 - SPEECH DISPATCHER: Speaking '<speak><mark name="0:2"/>F9</speak>' 
                  ORCA rate 50.0, pitch 5.0, volume 10.0, language C, punctuation: MOST
                  SD rate 2, pitch 10, volume 100, language c
10:26:00.784065 - TOTAL PROCESSING TIME: 0.0033
^^^^^ PROCESS ATSPI_KEY_PRESSED_EVENT: 'F9' (75) ^^^^^

10:26:00.784101 - GSETTINGS SCHEMA HANDLE: keybindings/keyboard-layout not set [app:org.gnome.Terminal, profile:default]
10:26:00.784107 - GSETTINGS REGISTRY: keybindings/keyboard-layout using default value = 'desktop'
10:26:00.784119 - GSETTINGS SCHEMA HANDLE: keybindings/desktop-modifier-keys not set [app:org.gnome.Terminal, profile:default]
10:26:00.784123 - GSETTINGS REGISTRY: keybindings/desktop-modifier-keys using default value = ['Insert', 'KP_Insert']
10:26:00.784218 - GSETTINGS SCHEMA HANDLE: keybindings/keyboard-layout not set [app:org.gnome.Terminal, profile:default]
10:26:00.784228 - GSETTINGS REGISTRY: keybindings/keyboard-layout using default value = 'desktop'
10:26:00.784238 - GSETTINGS SCHEMA HANDLE: keybindings/desktop-modifier-keys not set [app:org.gnome.Terminal, profile:default]
10:26:00.784242 - GSETTINGS REGISTRY: keybindings/desktop-modifier-keys using default value = ['Insert', 'KP_Insert']
10:26:00.784702 - GSETTINGS SCHEMA HANDLE: keybindings/keyboard-layout not set [app:org.gnome.Terminal, profile:default]
10:26:00.784712 - GSETTINGS REGISTRY: keybindings/keyboard-layout using default value = 'desktop'
10:26:00.784726 - GSETTINGS SCHEMA HANDLE: keybindings/desktop-modifier-keys not set [app:org.gnome.Terminal, profile:default]
10:26:00.784731 - GSETTINGS REGISTRY: keybindings/desktop-modifier-keys using default value = ['Insert', 'KP_Insert']

KEYBOARD_EVENT:  type=ATSPI_KEY_RELEASED_EVENT
                 id=65478
                 hw_code=75
                 modifiers=0
                 text=''
                 keyval_name='F9'
                 timestamp=1789050360.7842062
                 clickCount=1

vvvvv PROCESS ATSPI_KEY_RELEASED_EVENT: 'F9' (75) vvvvv
10:26:00.784771 - SCRIPT: org.gnome.Terminal (module=orca.scripts.toolkits.gtk.script)
10:26:00.784786 - WINDOW: [frame: 'Terminal' (0x784b6440ed40)] 
10:26:00.784799 - LOCATION: [frame: 'Terminal' (0x784b6440ed40)] 
10:26:00.784820 - GSETTINGS SCHEMA HANDLE: keybindings/keyboard-layout not set [app:org.gnome.Terminal, profile:default]
10:26:00.784825 - GSETTINGS REGISTRY: keybindings/keyboard-layout using default value = 'desktop'
10:26:00.784837 - GSETTINGS SCHEMA HANDLE: keybindings/desktop-modifier-keys not set [app:org.gnome.Terminal, profile:default]
10:26:00.784841 - GSETTINGS REGISTRY: keybindings/desktop-modifier-keys using default value = ['Insert', 'KP_Insert']
10:26:00.784854 - TOTAL PROCESSING TIME: 0.0001
^^^^^ PROCESS ATSPI_KEY_RELEASED_EVENT: 'F9' (75) ^^^^^

10:26:00.784876 - GSETTINGS SCHEMA HANDLE: keybindings/keyboard-layout not set [app:org.gnome.Terminal, profile:default]
10:26:00.784881 - GSETTINGS REGISTRY: keybindings/keyboard-layout using default value = 'desktop'
10:26:00.784891 - GSETTINGS SCHEMA HANDLE: keybindings/desktop-modifier-keys not set [app:org.gnome.Terminal, profile:default]
10:26:00.784895 - GSETTINGS REGISTRY: keybindings/desktop-modifier-keys using default value = ['Insert', 'KP_Insert']
10:26:00.785062 - EVENT MANAGER: Dequeueing object:children-changed:add for [frame: 'Independent background App' (0x784b641add00)]  in accessibility_probe (AccessKit) (3, 0, [heading: 'CSS direct label' (0x784b64360880)])
10:26:00.785102 - EVENT MANAGER: Dequeued object:children-changed:add for [frame: 'Independent background App' (0x784b6419d700)]  in accessibility_probe (AccessKit) (3, 0, [heading: 'CSS direct label' (0x784b641ad700)]) priority: 6, counter: 18

vvvvv START PRIORITY-6 OBJECT EVENT OBJECT:CHILDREN-CHANGED:ADD (queue size: 6) vvvvv
10:26:00.785210 - EVENT MANAGER: object:children-changed:add for [frame: 'Independent background App' (0x784b643f5c80)]  in accessibility_probe (AccessKit) (3, 0, [heading: 'CSS direct label' (0x784b641adc80)]) obsoleted by object:children-changed:add for [frame: 'Independent background App' (0x784b641adc80)]  in accessibility_probe (AccessKit) (6, 0, [label: 'Reader-only nested detail' (0x784b642fad40)]) more recent event of same type for same object
TOTAL PROCESSING TIME: 0.0001
^^^^^ FINISHED PRIORITY-6 OBJECT EVENT OBJECT:CHILDREN-CHANGED:ADD ^^^^^


10:26:00.785267 - EVENT MANAGER: window:activate for [frame: 'Reactive TUI App accessibility round 2' (0x784b643f4dc0)]  in accessibility_probe (AccessKit) (0, 0, Reactive TUI App accessibility round 2)
10:26:00.785298 - EVENT MANAGER: Queueing window:activate for [frame: 'Reactive TUI App accessibility round 2' (0x784b6419d700)]  in accessibility_probe (AccessKit) (0, 0, Reactive TUI App accessibility round 2)
10:26:00.785314 - EVENT MANAGER: App for event source is [application: 'accessibility_probe' (0x784b64360580)] 
10:26:00.785330 - SCRIPT MANAGER: Getting script for [application: 'accessibility_probe' (0x784b64360580)]  [frame: 'Reactive TUI App accessibility round 2' (0x784b6419d700)] 
10:26:00.785520 - SCRIPT MANAGER: Script is app script accessibility_probe (module=orca.scripts.default)
10:26:00.785660 - EVENT MANAGER: window:activate for [frame: 'Reactive TUI App accessibility round 2' (0x784b641adec0)]  in accessibility_probe (AccessKit) (0, 0, Reactive TUI App accessibility round 2) has priority level: 2
10:26:00.785765 - EVENT MANAGER: Queued window:activate for [frame: 'Reactive TUI App accessibility round 2' (0x784b641addc0)]  in accessibility_probe (AccessKit) (0, 0, Reactive TUI App accessibility round 2) priority: 2, counter: 94

10:26:00.785928 - EVENT MANAGER: object:state-changed:active for [frame: 'Reactive TUI App accessibility round 2' (0x784b641acdc0)]  in accessibility_probe (AccessKit) (1, 0, 0)
10:26:00.785973 - FOCUS MANAGER: Locus of focus is [frame: 'Terminal' (0x784b6440ed40)] 
10:26:00.786076 - EVENT MANAGER: Not ignoring object:state-changed:active based on role
10:26:00.786140 - EVENT MANAGER: Queueing object:state-changed:active for [frame: 'Reactive TUI App accessibility round 2' (0x784b64354c40)]  in accessibility_probe (AccessKit) (1, 0, 0)
10:26:00.786161 - EVENT MANAGER: App for event source is [application: 'accessibility_probe' (0x784b64360580)] 
10:26:00.786185 - SCRIPT MANAGER: Getting script for [application: 'accessibility_probe' (0x784b64360580)]  [frame: 'Reactive TUI App accessibility round 2' (0x784b641acdc0)] 
10:26:00.786312 - SCRIPT MANAGER: Script is app script accessibility_probe (module=orca.scripts.default)
10:26:00.786448 - EVENT MANAGER: object:state-changed:active for [frame: 'Reactive TUI App accessibility round 2' (0x784b643558c0)]  in accessibility_probe (AccessKit) (1, 0, 0) has priority level: 2
10:26:00.786544 - EVENT MANAGER: Queued object:state-changed:active for [frame: 'Reactive TUI App accessibility round 2' (0x784b643558c0)]  in accessibility_probe (AccessKit) (1, 0, 0) priority: 2, counter: 95

10:26:00.786644 - EVENT MANAGER: object:active-descendant-changed for [application: 'accessibility_probe' (0x784b64360580)]  in accessibility_probe (AccessKit) (0, 0, [frame: 'Reactive TUI App accessibility round 2' (0x784b641acc40)])
10:26:00.786684 - FOCUS MANAGER: Locus of focus is [frame: 'Terminal' (0x784b6440ed40)] 
10:26:00.786916 - EVENT MANAGER: Queueing object:active-descendant-changed for [application: 'accessibility_probe' (0x784b64360580)]  in accessibility_probe (AccessKit) (0, 0, [frame: 'Reactive TUI App accessibility round 2' (0x784b641adf40)])
10:26:00.786958 - EVENT MANAGER: App for event source is [application: 'accessibility_probe' (0x784b64360580)] 
10:26:00.787010 - SCRIPT MANAGER: Getting script for [application: 'accessibility_probe' (0x784b64360580)]  [application: 'accessibility_probe' (0x784b64360580)] 
10:26:00.787139 - SCRIPT MANAGER: Script is app script accessibility_probe (module=orca.scripts.default)
10:26:00.787197 - EVENT MANAGER: object:active-descendant-changed for [application: 'accessibility_probe' (0x784b64360580)]  in accessibility_probe (AccessKit) (0, 0, [frame: 'Reactive TUI App accessibility round 2' (0x784b643f5f40)]) has priority level: 3
10:26:00.787237 - EVENT MANAGER: Queued object:active-descendant-changed for [application: 'accessibility_probe' (0x784b64360580)]  in accessibility_probe (AccessKit) (0, 0, [frame: 'Reactive TUI App accessibility round 2' (0x784b641ae100)]) priority: 3, counter: 96

10:26:00.787283 - EVENT MANAGER: object:state-changed:focused for [page tab: 'Overview' (0x784b642ccc40)]  in accessibility_probe (AccessKit) (1, 0, 0)
10:26:00.787299 - FOCUS MANAGER: Locus of focus is [frame: 'Terminal' (0x784b6440ed40)] 
10:26:00.787338 - EVENT_MANAGER: Not ignoring object:state-changed:focused due to source being selected
10:26:00.787370 - EVENT MANAGER: Queueing object:state-changed:focused for [page tab: 'Overview' (0x784b642ccc40)]  in accessibility_probe (AccessKit) (1, 0, 0)
10:26:00.787386 - EVENT MANAGER: App for event source is [application: 'accessibility_probe' (0x784b64360580)] 
10:26:00.787407 - SCRIPT MANAGER: Getting script for [application: 'accessibility_probe' (0x784b64360580)]  [page tab: 'Overview' (0x784b641ae100)] 
10:26:00.787470 - SCRIPT MANAGER: Script is app script accessibility_probe (module=orca.scripts.default)
10:26:00.787520 - EVENT MANAGER: object:state-changed:focused for [page tab: 'Overview' (0x784b641ae080)]  in accessibility_probe (AccessKit) (1, 0, 0) has priority level: 3
10:26:00.787558 - EVENT MANAGER: Queued object:state-changed:focused for [page tab: 'Overview' (0x784b642ccc40)]  in accessibility_probe (AccessKit) (1, 0, 0) priority: 3, counter: 97

10:26:00.787646 - AXObject: Exception in get_role_name: app no longer exists
10:26:00.787653 - AXObject: Adding to known dead objects ax_utilities_debugging._accessible_as_string:62 > ax_object.get_role_name:661 > ax_object.handle_error:193 > ax_object._set_known_dead_status:170
10:26:00.787963 - EVENT MANAGER: object:children-changed:remove for [desktop frame: 'main' (0x784b64361080)]  in  (5, 0, [DEAD (0x784b641ae100)])
10:26:00.787988 - FOCUS MANAGER: Locus of focus is [frame: 'Terminal' (0x784b6440ed40)] 
10:26:00.788042 - EVENT_MANAGER: Ignoring object:children-changed:remove due to multiple instances in short time
10:26:00.788110 - CLIPBOARD PRESENTER: Possible change event object:text-changed:delete for [terminal: 'Terminal' (0x784b644c3900)]  in org.gnome.Terminal (gtk 3.24.52) (61, 914, Project overview \n \n \n... \n \n \n \n \n (928 chars.))

10:26:00.788168 - EVENT MANAGER: object:text-changed:delete for [terminal: 'Terminal' (0x784b644c3900)]  in org.gnome.Terminal (gtk 3.24.52) (61, 914, Project overview \n \n \n... \n \n \n \n \n (928 chars.))
10:26:00.788183 - FOCUS MANAGER: Locus of focus is [frame: 'Terminal' (0x784b6440ed40)] 
10:26:00.788231 - EVENT_MANAGER: Not ignoring object:text-changed:delete due to source being focused
10:26:00.788266 - EVENT MANAGER: Queueing object:text-changed:delete for [terminal: 'Terminal' (0x784b644c3900)]  in org.gnome.Terminal (gtk 3.24.52) (61, 914, Project overview \n \n \n... \n \n \n \n \n (928 chars.))
10:26:00.788283 - EVENT MANAGER: App for event source is [application: 'org.gnome.Terminal' (0x784b644b87c0)] 
10:26:00.788300 - SCRIPT MANAGER: Getting script for [application: 'org.gnome.Terminal' (0x784b644b87c0)]  [terminal: 'Terminal' (0x784b644c3900)] 
10:26:00.794316 - AXObject: Exception in get_attributes_dict: object no longer exists
10:26:00.794374 - AXObject: Adding to known dead objects ax_object.get_attribute:1019 > ax_object.get_attributes_dict:1003 > ax_object.handle_error:193 > ax_object._set_known_dead_status:170
10:26:00.794757 - SCRIPT MANAGER: Script is custom script org.gnome.Terminal (module=orca.scripts.terminal.script)
10:26:00.794858 - EVENT MANAGER: object:text-changed:delete for [DEAD (0x784b644c3900)]  in org.gnome.Terminal (gtk 3.24.52) (61, 914, Project overview \n \n \n... \n \n \n \n \n (928 chars.)) has priority level: 4
10:26:00.794905 - EVENT MANAGER: Queued object:text-changed:delete for [DEAD (0x784b644c3900)]  in org.gnome.Terminal (gtk 3.24.52) (61, 914, Project overview \n \n \n... \n \n \n \n \n (928 chars.)) priority: 4, counter: 98
10:26:00.794964 - CLIPBOARD PRESENTER: Possible change event object:text-changed:delete for [DEAD (0x784b644c3900)]  in org.gnome.Terminal (gtk 3.24.52) (0, 61,   ▶Overview ✕    ~ Unavailable~     Settings ✕              \n)

10:26:00.795041 - EVENT MANAGER: object:text-changed:delete for [DEAD (0x784b644c3900)]  in org.gnome.Terminal (gtk 3.24.52) (0, 61,   ▶Overview ✕    ~ Unavailable~     Settings ✕              \n)
10:26:00.795061 - FOCUS MANAGER: Locus of focus is [frame: 'Terminal' (0x784b6440ed40)] 
10:26:00.795143 - EVENT MANAGER: Queueing object:text-changed:delete for [DEAD (0x784b644c3900)]  in org.gnome.Terminal (gtk 3.24.52) (0, 61,   ▶Overview ✕    ~ Unavailable~     Settings ✕              \n)
10:26:00.795161 - EVENT MANAGER: App for event source is [application: 'org.gnome.Terminal' (0x784b644b87c0)] 
10:26:00.795183 - SCRIPT MANAGER: Getting script for [application: 'org.gnome.Terminal' (0x784b644b87c0)]  [DEAD (0x784b644c3900)] 
10:26:00.795204 - SCRIPT MANAGER: Script is app script org.gnome.Terminal (module=orca.scripts.toolkits.gtk.script)
10:26:00.795242 - EVENT MANAGER: object:text-changed:delete for [DEAD (0x784b644c3900)]  in org.gnome.Terminal (gtk 3.24.52) (0, 61,   ▶Overview ✕    ~ Unavailable~     Settings ✕              \n) has priority level: 4
10:26:00.795278 - EVENT MANAGER: Queued object:text-changed:delete for [DEAD (0x784b644c3900)]  in org.gnome.Terminal (gtk 3.24.52) (0, 61,   ▶Overview ✕    ~ Unavailable~     Settings ✕              \n) priority: 4, counter: 99
10:26:00.795312 - CLIPBOARD PRESENTER: Possible change event object:text-changed:insert for [DEAD (0x784b644c3900)]  in org.gnome.Terminal (gtk 3.24.52) (0, 15, \n\n\n\n\n\n\n\n\n\n\n\n\n\n\n)

10:26:00.795350 - EVENT MANAGER: object:text-changed:insert for [DEAD (0x784b644c3900)]  in org.gnome.Terminal (gtk 3.24.52) (0, 15, \n\n\n\n\n\n\n\n\n\n\n\n\n\n\n)
10:26:00.795363 - FOCUS MANAGER: Locus of focus is [frame: 'Terminal' (0x784b6440ed40)] 
10:26:00.795434 - EVENT MANAGER: Queueing object:text-changed:insert for [DEAD (0x784b644c3900)]  in org.gnome.Terminal (gtk 3.24.52) (0, 15, \n\n\n\n\n\n\n\n\n\n\n\n\n\n\n)
10:26:00.795458 - EVENT MANAGER: App for event source is [application: 'org.gnome.Terminal' (0x784b644b87c0)] 
10:26:00.795473 - SCRIPT MANAGER: Getting script for [application: 'org.gnome.Terminal' (0x784b644b87c0)]  [DEAD (0x784b644c3900)] 
10:26:00.795505 - SCRIPT MANAGER: Script is app script org.gnome.Terminal (module=orca.scripts.toolkits.gtk.script)
10:26:00.795538 - EVENT MANAGER: object:text-changed:insert for [DEAD (0x784b644c3900)]  in org.gnome.Terminal (gtk 3.24.52) (0, 15, \n\n\n\n\n\n\n\n\n\n\n\n\n\n\n) has priority level: 4
10:26:00.795570 - EVENT MANAGER: Queued object:text-changed:insert for [DEAD (0x784b644c3900)]  in org.gnome.Terminal (gtk 3.24.52) (0, 15, \n\n\n\n\n\n\n\n\n\n\n\n\n\n\n) priority: 4, counter: 100

10:26:00.795605 - EVENT MANAGER: object:text-caret-moved for [DEAD (0x784b644c3900)]  in org.gnome.Terminal (gtk 3.24.52) (0, 0, 0)
10:26:00.795618 - FOCUS MANAGER: Locus of focus is [frame: 'Terminal' (0x784b6440ed40)] 
10:26:00.795686 - EVENT MANAGER: Queueing object:text-caret-moved for [DEAD (0x784b644c3900)]  in org.gnome.Terminal (gtk 3.24.52) (0, 0, 0)
10:26:00.795701 - EVENT MANAGER: App for event source is [application: 'org.gnome.Terminal' (0x784b644b87c0)] 
10:26:00.795715 - SCRIPT MANAGER: Getting script for [application: 'org.gnome.Terminal' (0x784b644b87c0)]  [DEAD (0x784b644c3900)] 
10:26:00.795732 - SCRIPT MANAGER: Script is app script org.gnome.Terminal (module=orca.scripts.toolkits.gtk.script)
10:26:00.795765 - EVENT MANAGER: object:text-caret-moved for [DEAD (0x784b644c3900)]  in org.gnome.Terminal (gtk 3.24.52) (0, 0, 0) has priority level: 4
10:26:00.795796 - EVENT MANAGER: Queued object:text-caret-moved for [DEAD (0x784b644c3900)]  in org.gnome.Terminal (gtk 3.24.52) (0, 0, 0) priority: 4, counter: 101
10:26:00.801749 - AXObject: Exception in get_role_name: app no longer exists
10:26:00.801787 - AXObject: Adding to known dead objects ax_utilities_debugging._accessible_as_string:62 > ax_object.get_role_name:661 > ax_object.handle_error:193 > ax_object._set_known_dead_status:170
10:26:00.802135 - EVENT MANAGER: Dequeueing window:activate for [DEAD (0x784b641af380)]  in  (None None) (0, 0, Reactive TUI App accessibility round 2)
10:26:00.802176 - EVENT MANAGER: Dequeued window:activate for [DEAD (0x784b641af380)]  in  (None None) (0, 0, Reactive TUI App accessibility round 2) priority: 2, counter: 94

vvvvv START PRIORITY-2 OBJECT EVENT WINDOW:ACTIVATE (queue size: 13) vvvvv
10:26:00.802336 - EVENT MANAGER: Ignoring defunct object: [DEAD (0x784b641af380)] 
TOTAL PROCESSING TIME: 0.0002
^^^^^ FINISHED PRIORITY-2 OBJECT EVENT WINDOW:ACTIVATE ^^^^^


10:26:00.802418 - AXObject: Exception in get_role_name: app no longer exists
10:26:00.802427 - AXObject: Adding to known dead objects ax_utilities_debugging._accessible_as_string:62 > ax_object.get_role_name:661 > ax_object.handle_error:193 > ax_object._set_known_dead_status:170
10:26:00.802703 - EVENT MANAGER: object:children-changed:remove for [desktop frame: 'main' (0x784b641c0200)]  in  (4, 0, [DEAD (0x784b641af980)])
10:26:00.802723 - FOCUS MANAGER: Locus of focus is [frame: 'Terminal' (0x784b6440ed40)] 
10:26:00.802780 - EVENT_MANAGER: Ignoring object:children-changed:remove due to multiple instances in short time

10:26:00.802821 - EVENT MANAGER: object:state-changed:focused for [DEAD (0x784b644c3900)]  in org.gnome.Terminal (gtk 3.24.52) (0, 0, 0)
10:26:00.802835 - FOCUS MANAGER: Locus of focus is [frame: 'Terminal' (0x784b6440ed40)] 
10:26:00.802913 - EVENT MANAGER: Queueing object:state-changed:focused for [DEAD (0x784b644c3900)]  in org.gnome.Terminal (gtk 3.24.52) (0, 0, 0)
10:26:00.802929 - EVENT MANAGER: App for event source is [application: 'org.gnome.Terminal' (0x784b644b87c0)] 
10:26:00.802944 - SCRIPT MANAGER: Getting script for [application: 'org.gnome.Terminal' (0x784b644b87c0)]  [DEAD (0x784b644c3900)] 
10:26:00.802966 - SCRIPT MANAGER: Script is app script org.gnome.Terminal (module=orca.scripts.toolkits.gtk.script)
10:26:00.803008 - EVENT MANAGER: object:state-changed:focused for [DEAD (0x784b644c3900)]  in org.gnome.Terminal (gtk 3.24.52) (0, 0, 0) has priority level: 3
10:26:00.803044 - EVENT MANAGER: Queued object:state-changed:focused for [DEAD (0x784b644c3900)]  in org.gnome.Terminal (gtk 3.24.52) (0, 0, 0) priority: 3, counter: 102

10:26:00.803077 - EVENT MANAGER: object:state-changed:showing for [DEAD (0x784b644c3900)]  in org.gnome.Terminal (gtk 3.24.52) (0, 0, 0)
10:26:00.803090 - FOCUS MANAGER: Locus of focus is [frame: 'Terminal' (0x784b6440ed40)] 
10:26:00.803136 - EVENT MANAGER: Ignoring object:state-changed:showing due to role

10:26:00.803183 - EVENT MANAGER: object:state-changed:showing for [scroll bar (0x784b64360480)]  in org.gnome.Terminal (gtk 3.24.52) (0, 0, 0)
10:26:00.803196 - FOCUS MANAGER: Locus of focus is [frame: 'Terminal' (0x784b6440ed40)] 
10:26:00.803240 - EVENT_MANAGER: Ignoring object:state-changed:showing due to multiple instances in short time

10:26:00.803283 - EVENT MANAGER: object:state-changed:showing for [filler (0x784b64362d40)]  in org.gnome.Terminal (gtk 3.24.52) (0, 0, 0)
10:26:00.803296 - FOCUS MANAGER: Locus of focus is [frame: 'Terminal' (0x784b6440ed40)] 
10:26:00.803336 - EVENT_MANAGER: Ignoring object:state-changed:showing due to multiple instances in short time

10:26:00.803371 - EVENT MANAGER: object:state-changed:showing for [filler (0x784b641c06c0)]  in org.gnome.Terminal (gtk 3.24.52) (0, 0, 0)
10:26:00.803383 - FOCUS MANAGER: Locus of focus is [frame: 'Terminal' (0x784b6440ed40)] 
10:26:00.803422 - EVENT_MANAGER: Ignoring object:state-changed:showing due to multiple instances in short time

10:26:00.803455 - EVENT MANAGER: object:state-changed:showing for [panel (0x784b641c0780)]  in org.gnome.Terminal (gtk 3.24.52) (0, 0, 0)
10:26:00.803470 - FOCUS MANAGER: Locus of focus is [frame: 'Terminal' (0x784b6440ed40)] 
10:26:00.803508 - EVENT_MANAGER: Ignoring object:state-changed:showing due to multiple instances in short time

10:26:00.803542 - EVENT MANAGER: object:children-changed:remove for [page tab list (0x784b641c0700)]  in org.gnome.Terminal (gtk 3.24.52) (0, 0, [page tab (0x784b641c0800)])
10:26:00.803555 - FOCUS MANAGER: Locus of focus is [frame: 'Terminal' (0x784b6440ed40)] 
10:26:00.803626 - SCRIPT MANAGER: Active script is: org.gnome.Terminal (module=orca.scripts.toolkits.gtk.script)
10:26:00.803660 - EVENT MANAGER: Queueing object:children-changed:remove for [page tab list (0x784b643558c0)]  in org.gnome.Terminal (gtk 3.24.52) (0, 0, [page tab (0x784b641ad8c0)])
10:26:00.803674 - EVENT MANAGER: App for event source is [application: 'org.gnome.Terminal' (0x784b644b87c0)] 
10:26:00.803689 - SCRIPT MANAGER: Getting script for [application: 'org.gnome.Terminal' (0x784b644b87c0)]  [page tab list (0x784b64191000)] 
10:26:00.804007 - AXObject: Exception in get_attributes_dict: object no longer exists
10:26:00.804022 - AXObject: Adding to known dead objects ax_object.get_attribute:1019 > ax_object.get_attributes_dict:1003 > ax_object.handle_error:193 > ax_object._set_known_dead_status:170
10:26:00.804300 - SCRIPT MANAGER: Script is app script org.gnome.Terminal (module=orca.scripts.toolkits.gtk.script)
10:26:00.804347 - EVENT MANAGER: object:children-changed:remove for [DEAD (0x784b64191000)]  in org.gnome.Terminal (gtk 3.24.52) (0, 0, [page tab (0x784b641c11c0)]) has priority level: 6
10:26:00.804382 - EVENT MANAGER: Queued object:children-changed:remove for [DEAD (0x784b64191000)]  in org.gnome.Terminal (gtk 3.24.52) (0, 0, [page tab (0x784b641c1080)]) priority: 6, counter: 103

10:26:00.804431 - EVENT MANAGER: object:state-changed:showing for [button: 'New Tab' (0x784b641c1080)]  in org.gnome.Terminal (gtk 3.24.52) (0, 0, 0)
10:26:00.804446 - FOCUS MANAGER: Locus of focus is [frame: 'Terminal' (0x784b6440ed40)] 
10:26:00.804493 - EVENT_MANAGER: Ignoring object:state-changed:showing due to multiple instances in short time

10:26:00.804531 - EVENT MANAGER: object:state-changed:showing for [filler (0x784b64361340)]  in org.gnome.Terminal (gtk 3.24.52) (0, 0, 0)
10:26:00.804544 - FOCUS MANAGER: Locus of focus is [frame: 'Terminal' (0x784b6440ed40)] 
10:26:00.804584 - EVENT_MANAGER: Ignoring object:state-changed:showing due to multiple instances in short time

10:26:00.804629 - EVENT MANAGER: object:state-changed:showing for [label: 'Terminal' (0x784b641c1540)]  in org.gnome.Terminal (gtk 3.24.52) (0, 0, 0)
10:26:00.804642 - FOCUS MANAGER: Locus of focus is [frame: 'Terminal' (0x784b6440ed40)] 
10:26:00.804683 - EVENT_MANAGER: Ignoring object:state-changed:showing due to multiple instances in short time

10:26:00.804723 - EVENT MANAGER: object:state-changed:showing for [filler (0x784b641c1680)]  in org.gnome.Terminal (gtk 3.24.52) (0, 0, 0)
10:26:00.804736 - FOCUS MANAGER: Locus of focus is [frame: 'Terminal' (0x784b6440ed40)] 
10:26:00.804775 - EVENT_MANAGER: Ignoring object:state-changed:showing due to multiple instances in short time

10:26:00.804810 - EVENT MANAGER: object:state-changed:showing for [toggle button: 'Menu' (0x784b641c1840)]  in org.gnome.Terminal (gtk 3.24.52) (0, 0, 0)
10:26:00.804823 - FOCUS MANAGER: Locus of focus is [frame: 'Terminal' (0x784b6440ed40)] 
10:26:00.804863 - EVENT_MANAGER: Ignoring object:state-changed:showing due to multiple instances in short time

10:26:00.804905 - EVENT MANAGER: object:state-changed:showing for [button: 'Find' (0x784b641c1980)]  in org.gnome.Terminal (gtk 3.24.52) (0, 0, 0)
10:26:00.804917 - FOCUS MANAGER: Locus of focus is [frame: 'Terminal' (0x784b6440ed40)] 
10:26:00.804956 - EVENT_MANAGER: Ignoring object:state-changed:showing due to multiple instances in short time

10:26:00.805000 - EVENT MANAGER: object:state-changed:showing for [separator (0x784b641911c0)]  in org.gnome.Terminal (gtk 3.24.52) (0, 0, 0)
10:26:00.805014 - FOCUS MANAGER: Locus of focus is [frame: 'Terminal' (0x784b6440ed40)] 
10:26:00.805053 - EVENT_MANAGER: Ignoring object:state-changed:showing due to multiple instances in short time

10:26:00.805093 - EVENT MANAGER: object:state-changed:showing for [button: 'Minimize' (0x784b64401b80)]  in org.gnome.Terminal (gtk 3.24.52) (0, 0, 0)
10:26:00.805105 - FOCUS MANAGER: Locus of focus is [frame: 'Terminal' (0x784b6440ed40)] 
10:26:00.805144 - EVENT_MANAGER: Ignoring object:state-changed:showing due to multiple instances in short time

10:26:00.805183 - EVENT MANAGER: object:state-changed:showing for [button: 'Maximize' (0x784b641c1cc0)]  in org.gnome.Terminal (gtk 3.24.52) (0, 0, 0)
10:26:00.805195 - FOCUS MANAGER: Locus of focus is [frame: 'Terminal' (0x784b6440ed40)] 
10:26:00.805233 - EVENT_MANAGER: Ignoring object:state-changed:showing due to multiple instances in short time

10:26:00.805274 - EVENT MANAGER: object:state-changed:showing for [button: 'Close' (0x784b64401f40)]  in org.gnome.Terminal (gtk 3.24.52) (0, 0, 0)
10:26:00.805286 - FOCUS MANAGER: Locus of focus is [frame: 'Terminal' (0x784b6440ed40)] 
10:26:00.805331 - EVENT_MANAGER: Ignoring object:state-changed:showing due to multiple instances in short time

10:26:00.805369 - EVENT MANAGER: object:state-changed:showing for [filler (0x784b641c1f40)]  in org.gnome.Terminal (gtk 3.24.52) (0, 0, 0)
10:26:00.805381 - FOCUS MANAGER: Locus of focus is [frame: 'Terminal' (0x784b6440ed40)] 
10:26:00.805420 - EVENT_MANAGER: Ignoring object:state-changed:showing due to multiple instances in short time

10:26:00.805451 - EVENT MANAGER: object:state-changed:showing for [panel (0x784b641911c0)]  in org.gnome.Terminal (gtk 3.24.52) (0, 0, 0)
10:26:00.805463 - FOCUS MANAGER: Locus of focus is [frame: 'Terminal' (0x784b6440ed40)] 
10:26:00.805501 - EVENT_MANAGER: Ignoring object:state-changed:showing due to multiple instances in short time

10:26:00.805531 - EVENT MANAGER: object:state-changed:showing for [DEAD (0x784b64191000)]  in org.gnome.Terminal (gtk 3.24.52) (0, 0, 0)
10:26:00.805543 - FOCUS MANAGER: Locus of focus is [frame: 'Terminal' (0x784b6440ed40)] 
10:26:00.805573 - EVENT_MANAGER: Ignoring object:state-changed:showing due to multiple instances in short time

10:26:00.805603 - EVENT MANAGER: object:state-changed:showing for [filler (0x784b644022c0)]  in org.gnome.Terminal (gtk 3.24.52) (0, 0, 0)
10:26:00.805614 - FOCUS MANAGER: Locus of focus is [frame: 'Terminal' (0x784b6440ed40)] 
10:26:00.805652 - EVENT_MANAGER: Ignoring object:state-changed:showing due to multiple instances in short time

10:26:00.805683 - EVENT MANAGER: object:state-changed:showing for [frame: 'Terminal' (0x784b6440ed40)]  in org.gnome.Terminal (gtk 3.24.52) (0, 0, 0)
10:26:00.805695 - FOCUS MANAGER: Locus of focus is [frame: 'Terminal' (0x784b6440ed40)] 
10:26:00.805710 - EVENT MANAGER: Not ignoring object:state-changed:showing based on role
10:26:00.805736 - EVENT MANAGER: Queueing object:state-changed:showing for [frame: 'Terminal' (0x784b6440ed40)]  in org.gnome.Terminal (gtk 3.24.52) (0, 0, 0)
10:26:00.805750 - EVENT MANAGER: App for event source is [application: 'org.gnome.Terminal' (0x784b644b87c0)] 
10:26:00.805764 - SCRIPT MANAGER: Getting script for [application: 'org.gnome.Terminal' (0x784b644b87c0)]  [frame: 'Terminal' (0x784b6440ed40)] 
10:26:00.805813 - AXObject: Exception in get_attributes_dict: object no longer exists
10:26:00.805818 - AXObject: Adding to known dead objects ax_object.get_attribute:1019 > ax_object.get_attributes_dict:1003 > ax_object.handle_error:193 > ax_object._set_known_dead_status:170
10:26:00.806101 - SCRIPT MANAGER: Script is app script org.gnome.Terminal (module=orca.scripts.toolkits.gtk.script)
10:26:00.806146 - EVENT MANAGER: object:state-changed:showing for [DEAD (0x784b6440ed40)]  in org.gnome.Terminal (gtk 3.24.52) (0, 0, 0) has priority level: 4
10:26:00.806181 - EVENT MANAGER: Queued object:state-changed:showing for [DEAD (0x784b6440ed40)]  in org.gnome.Terminal (gtk 3.24.52) (0, 0, 0) priority: 4, counter: 104

10:26:00.806217 - EVENT MANAGER: object:children-changed:remove for [application: 'org.gnome.Terminal' (0x784b644b87c0)]  in org.gnome.Terminal (gtk 3.24.52) (0, 0, [DEAD (0x784b6440ed40)])
10:26:00.806230 - FOCUS MANAGER: Locus of focus is [DEAD (0x784b6440ed40)] 
10:26:00.806259 - EVENT_MANAGER: Not ignoring object:children-changed:remove due to any_data being locus of focus
10:26:00.806284 - EVENT MANAGER: Queueing object:children-changed:remove for [application: 'org.gnome.Terminal' (0x784b644b87c0)]  in org.gnome.Terminal (gtk 3.24.52) (0, 0, [DEAD (0x784b6440ed40)])
10:26:00.806298 - EVENT MANAGER: App for event source is [application: 'org.gnome.Terminal' (0x784b644b87c0)] 
10:26:00.806312 - SCRIPT MANAGER: Getting script for [application: 'org.gnome.Terminal' (0x784b644b87c0)]  [application: 'org.gnome.Terminal' (0x784b644b87c0)] 
10:26:00.806361 - SCRIPT MANAGER: Script is app script org.gnome.Terminal (module=orca.scripts.toolkits.gtk.script)
10:26:00.806394 - EVENT MANAGER: object:children-changed:remove for [application: 'org.gnome.Terminal' (0x784b644b87c0)]  in org.gnome.Terminal (gtk 3.24.52) (0, 0, [DEAD (0x784b6440ed40)]) has priority level: 6
10:26:00.806426 - EVENT MANAGER: Queued object:children-changed:remove for [application: 'org.gnome.Terminal' (0x784b644b87c0)]  in org.gnome.Terminal (gtk 3.24.52) (0, 0, [DEAD (0x784b6440ed40)]) priority: 6, counter: 105

10:26:00.806457 - EVENT MANAGER: window:deactivate for [DEAD (0x784b6440ed40)]  in org.gnome.Terminal (gtk 3.24.52) (0, 0, Terminal)
10:26:00.806482 - EVENT MANAGER: Queueing window:deactivate for [DEAD (0x784b6440ed40)]  in org.gnome.Terminal (gtk 3.24.52) (0, 0, Terminal)
10:26:00.806494 - EVENT MANAGER: App for event source is [application: 'org.gnome.Terminal' (0x784b644b87c0)] 
10:26:00.806508 - SCRIPT MANAGER: Getting script for [application: 'org.gnome.Terminal' (0x784b644b87c0)]  [DEAD (0x784b6440ed40)] 
10:26:00.806523 - SCRIPT MANAGER: Script is app script org.gnome.Terminal (module=orca.scripts.toolkits.gtk.script)
10:26:00.806553 - EVENT MANAGER: window:deactivate for [DEAD (0x784b6440ed40)]  in org.gnome.Terminal (gtk 3.24.52) (0, 0, Terminal) has priority level: 2
10:26:00.806582 - EVENT MANAGER: Queued window:deactivate for [DEAD (0x784b6440ed40)]  in org.gnome.Terminal (gtk 3.24.52) (0, 0, Terminal) priority: 2, counter: 106

10:26:00.806643 - EVENT MANAGER: window:destroy for [DEAD (0x784b6440ed40)]  in org.gnome.Terminal (gtk 3.24.52) (0, 0, Terminal)
10:26:00.806668 - EVENT MANAGER: Queueing window:destroy for [DEAD (0x784b6440ed40)]  in org.gnome.Terminal (gtk 3.24.52) (0, 0, Terminal)
10:26:00.806681 - EVENT MANAGER: App for event source is [application: 'org.gnome.Terminal' (0x784b644b87c0)] 
10:26:00.806694 - SCRIPT MANAGER: Getting script for [application: 'org.gnome.Terminal' (0x784b644b87c0)]  [DEAD (0x784b6440ed40)] 
10:26:00.806710 - SCRIPT MANAGER: Script is app script org.gnome.Terminal (module=orca.scripts.toolkits.gtk.script)
10:26:00.806739 - EVENT MANAGER: window:destroy for [DEAD (0x784b6440ed40)]  in org.gnome.Terminal (gtk 3.24.52) (0, 0, Terminal) has priority level: 2
10:26:00.806768 - EVENT MANAGER: Queued window:destroy for [DEAD (0x784b6440ed40)]  in org.gnome.Terminal (gtk 3.24.52) (0, 0, Terminal) priority: 2, counter: 107

10:26:00.806816 - EVENT MANAGER: object:state-changed:sensitive for [menu item: 'Zoom Out' (0x784b641c3000)]  in org.gnome.Terminal (gtk 3.24.52) (0, 0, 0)
10:26:00.806827 - FOCUS MANAGER: Locus of focus is [DEAD (0x784b6440ed40)] 
10:26:00.806889 - EVENT MANAGER: Ignoring object:state-changed:sensitive due to role of unfocused source

10:26:00.806937 - EVENT MANAGER: object:state-changed:sensitive for [menu item: '1. 80×24' (0x784b6457bcc0)]  in org.gnome.Terminal (gtk 3.24.52) (0, 0, 0)
10:26:00.806950 - FOCUS MANAGER: Locus of focus is [DEAD (0x784b6440ed40)] 
10:26:00.806998 - EVENT_MANAGER: Ignoring object:state-changed:sensitive due to multiple instances in short time

10:26:00.807044 - EVENT MANAGER: object:state-changed:sensitive for [menu item: '2. 80×43' (0x784b641c3380)]  in org.gnome.Terminal (gtk 3.24.52) (0, 0, 0)
10:26:00.807056 - FOCUS MANAGER: Locus of focus is [DEAD (0x784b6440ed40)] 
10:26:00.807095 - EVENT_MANAGER: Ignoring object:state-changed:sensitive due to multiple instances in short time

10:26:00.807138 - EVENT MANAGER: object:state-changed:sensitive for [menu item: '3. 132×24' (0x784b641c3580)]  in org.gnome.Terminal (gtk 3.24.52) (0, 0, 0)
10:26:00.807150 - FOCUS MANAGER: Locus of focus is [DEAD (0x784b6440ed40)] 
10:26:00.807190 - EVENT_MANAGER: Ignoring object:state-changed:sensitive due to multiple instances in short time

10:26:00.807232 - EVENT MANAGER: object:state-changed:sensitive for [menu item: '4. 132×43' (0x784b641c3800)]  in org.gnome.Terminal (gtk 3.24.52) (0, 0, 0)
10:26:00.807244 - FOCUS MANAGER: Locus of focus is [DEAD (0x784b6440ed40)] 
10:26:00.807283 - EVENT_MANAGER: Ignoring object:state-changed:sensitive due to multiple instances in short time

10:26:00.807325 - EVENT MANAGER: object:state-changed:sensitive for [menu item: 'Preferences' (0x784b641c3800)]  in org.gnome.Terminal (gtk 3.24.52) (0, 0, 0)
10:26:00.807336 - FOCUS MANAGER: Locus of focus is [DEAD (0x784b6440ed40)] 
10:26:00.807379 - EVENT_MANAGER: Ignoring object:state-changed:sensitive due to multiple instances in short time

10:26:00.807476 - AXObject: Exception in get_name: object no longer exists
10:26:00.807499 - EVENT MANAGER: object:children-changed:remove for [invalid (0x784b641c3bc0)]  in org.gnome.Terminal (gtk 3.24.52) (0, 0, [check menu item: 'Show Menubar' (0x784b64363a80)])
10:26:00.807513 - FOCUS MANAGER: Locus of focus is [DEAD (0x784b6440ed40)] 
10:26:00.808119 - EVENT_MANAGER: Ignoring object:children-changed:remove due to multiple instances in short time

10:26:00.808227 - EVENT MANAGER: object:state-changed:sensitive for [menu item: 'Select All' (0x784b64360880)]  in org.gnome.Terminal (gtk 3.24.52) (0, 0, 0)
10:26:00.808244 - FOCUS MANAGER: Locus of focus is [DEAD (0x784b6440ed40)] 
10:26:00.808291 - EVENT_MANAGER: Ignoring object:state-changed:sensitive due to multiple instances in short time

10:26:00.808343 - EVENT MANAGER: object:state-changed:sensitive for [menu item: 'Find…' (0x784b641c3b00)]  in org.gnome.Terminal (gtk 3.24.52) (0, 0, 0)
10:26:00.808358 - FOCUS MANAGER: Locus of focus is [DEAD (0x784b6440ed40)] 
10:26:00.808399 - EVENT_MANAGER: Ignoring object:state-changed:sensitive due to multiple instances in short time

10:26:00.808466 - EVENT MANAGER: object:state-changed:sensitive for [menu item: 'Normal Size' (0x784b642fbd40)]  in org.gnome.Terminal (gtk 3.24.52) (0, 0, 0)
10:26:00.808478 - FOCUS MANAGER: Locus of focus is [DEAD (0x784b6440ed40)] 
10:26:00.808519 - EVENT_MANAGER: Ignoring object:state-changed:sensitive due to multiple instances in short time

10:26:00.808565 - EVENT MANAGER: object:state-changed:sensitive for [check menu item: 'Read-Only' (0x784b641c3e00)]  in org.gnome.Terminal (gtk 3.24.52) (0, 0, 0)
10:26:00.808576 - FOCUS MANAGER: Locus of focus is [DEAD (0x784b6440ed40)] 
10:26:00.808618 - EVENT_MANAGER: Ignoring object:state-changed:sensitive due to multiple instances in short time

10:26:00.808661 - EVENT MANAGER: object:state-changed:sensitive for [menu item: 'New Tab' (0x784b64362d40)]  in org.gnome.Terminal (gtk 3.24.52) (0, 0, 0)
10:26:00.808672 - FOCUS MANAGER: Locus of focus is [DEAD (0x784b6440ed40)] 
10:26:00.808713 - EVENT_MANAGER: Ignoring object:state-changed:sensitive due to multiple instances in short time

10:26:00.808756 - EVENT MANAGER: object:state-changed:sensitive for [menu item: 'New Window' (0x784b641cc1c0)]  in org.gnome.Terminal (gtk 3.24.52) (0, 0, 0)
10:26:00.808769 - FOCUS MANAGER: Locus of focus is [DEAD (0x784b6440ed40)] 
10:26:00.808808 - EVENT_MANAGER: Ignoring object:state-changed:sensitive due to multiple instances in short time

10:26:00.808851 - EVENT MANAGER: object:state-changed:sensitive for [menu item: 'Reset' (0x784b644035c0)]  in org.gnome.Terminal (gtk 3.24.52) (0, 0, 0)
10:26:00.808863 - FOCUS MANAGER: Locus of focus is [DEAD (0x784b6440ed40)] 
10:26:00.808902 - EVENT_MANAGER: Ignoring object:state-changed:sensitive due to multiple instances in short time

10:26:00.808951 - EVENT MANAGER: object:state-changed:sensitive for [menu item: 'Reset and Clear' (0x784b643f4140)]  in org.gnome.Terminal (gtk 3.24.52) (0, 0, 0)
10:26:00.808963 - FOCUS MANAGER: Locus of focus is [DEAD (0x784b6440ed40)] 
10:26:00.809040 - EVENT_MANAGER: Ignoring object:state-changed:sensitive due to multiple instances in short time

10:26:00.809096 - EVENT MANAGER: object:state-changed:sensitive for [menu item: 'Zoom In' (0x784b643543c0)]  in org.gnome.Terminal (gtk 3.24.52) (0, 0, 0)
10:26:00.809108 - FOCUS MANAGER: Locus of focus is [DEAD (0x784b6440ed40)] 
10:26:00.809146 - EVENT_MANAGER: Ignoring object:state-changed:sensitive due to multiple instances in short time

10:26:00.809188 - EVENT MANAGER: object:state-changed:sensitive for [menu item: 'About' (0x784b641cc480)]  in org.gnome.Terminal (gtk 3.24.52) (0, 0, 0)
10:26:00.809199 - FOCUS MANAGER: Locus of focus is [DEAD (0x784b6440ed40)] 
10:26:00.809239 - EVENT_MANAGER: Ignoring object:state-changed:sensitive due to multiple instances in short time

10:26:00.809280 - EVENT MANAGER: object:state-changed:sensitive for [menu item: 'Close Tab' (0x784b643d45c0)]  in org.gnome.Terminal (gtk 3.24.52) (0, 0, 0)
10:26:00.809295 - FOCUS MANAGER: Locus of focus is [DEAD (0x784b6440ed40)] 
10:26:00.809335 - EVENT_MANAGER: Ignoring object:state-changed:sensitive due to multiple instances in short time

10:26:00.809376 - EVENT MANAGER: object:state-changed:sensitive for [menu item: 'Close Window' (0x784b641cc6c0)]  in org.gnome.Terminal (gtk 3.24.52) (0, 0, 0)
10:26:00.809387 - FOCUS MANAGER: Locus of focus is [DEAD (0x784b6440ed40)] 
10:26:00.809427 - EVENT_MANAGER: Ignoring object:state-changed:sensitive due to multiple instances in short time

10:26:00.809476 - EVENT MANAGER: object:state-changed:sensitive for [check menu item: 'Full Screen' (0x784b641ac700)]  in org.gnome.Terminal (gtk 3.24.52) (0, 0, 0)
10:26:00.809503 - FOCUS MANAGER: Locus of focus is [DEAD (0x784b6440ed40)] 
10:26:00.809543 - EVENT_MANAGER: Ignoring object:state-changed:sensitive due to multiple instances in short time

10:26:00.809584 - EVENT MANAGER: object:state-changed:sensitive for [menu item: 'Contents' (0x784b641c22c0)]  in org.gnome.Terminal (gtk 3.24.52) (0, 0, 0)
10:26:00.809596 - FOCUS MANAGER: Locus of focus is [DEAD (0x784b6440ed40)] 
10:26:00.809635 - EVENT_MANAGER: Ignoring object:state-changed:sensitive due to multiple instances in short time

10:26:00.809668 - EVENT MANAGER: object:children-changed:remove for [DEAD (0x784b6440ed40)]  in org.gnome.Terminal (gtk 3.24.52) (0, 0, [filler (0x784b641cc840)])
10:26:00.809678 - FOCUS MANAGER: Locus of focus is [DEAD (0x784b6440ed40)] 
10:26:00.809704 - EVENT_MANAGER: Not ignoring object:children-changed:remove due to source being locus of focus
10:26:00.809729 - EVENT MANAGER: Queueing object:children-changed:remove for [DEAD (0x784b6440ed40)]  in org.gnome.Terminal (gtk 3.24.52) (0, 0, [filler (0x784b64363f80)])
10:26:00.809743 - EVENT MANAGER: App for event source is [application: 'org.gnome.Terminal' (0x784b644b87c0)] 
10:26:00.809756 - SCRIPT MANAGER: Getting script for [application: 'org.gnome.Terminal' (0x784b644b87c0)]  [DEAD (0x784b6440ed40)] 
10:26:00.809775 - SCRIPT MANAGER: Script is app script org.gnome.Terminal (module=orca.scripts.toolkits.gtk.script)
10:26:00.809806 - EVENT MANAGER: object:children-changed:remove for [DEAD (0x784b6440ed40)]  in org.gnome.Terminal (gtk 3.24.52) (0, 0, [filler (0x784b641cc9c0)]) has priority level: 6
10:26:00.809838 - EVENT MANAGER: Queued object:children-changed:remove for [DEAD (0x784b6440ed40)]  in org.gnome.Terminal (gtk 3.24.52) (0, 0, [filler (0x784b641cc940)]) priority: 6, counter: 108

10:26:00.809877 - EVENT MANAGER: object:children-changed:remove for [filler (0x784b6455ca40)]  in org.gnome.Terminal (gtk 3.24.52) (0, 0, [menu bar (0x784b641cca40)])
10:26:00.809888 - FOCUS MANAGER: Locus of focus is [DEAD (0x784b6440ed40)] 
10:26:00.809930 - EVENT_MANAGER: Ignoring object:children-changed:remove due to multiple instances in short time

10:26:00.809998 - EVENT MANAGER: object:children-changed:remove for [menu bar (0x784b6455ca80)]  in org.gnome.Terminal (gtk 3.24.52) (0, 0, [menu: 'File' (0x784b641cca80)])
10:26:00.810018 - FOCUS MANAGER: Locus of focus is [DEAD (0x784b6440ed40)] 
10:26:00.810060 - EVENT_MANAGER: Ignoring object:children-changed:remove due to multiple instances in short time

10:26:00.810136 - EVENT MANAGER: object:children-changed:remove for [menu bar (0x784b641ccb00)]  in org.gnome.Terminal (gtk 3.24.52) (0, 0, [menu: 'Edit' (0x784b64403a00)])
10:26:00.810148 - FOCUS MANAGER: Locus of focus is [DEAD (0x784b6440ed40)] 
10:26:00.810189 - EVENT_MANAGER: Ignoring object:children-changed:remove due to multiple instances in short time

10:26:00.810274 - EVENT MANAGER: object:children-changed:remove for [menu bar (0x784b641ccb40)]  in org.gnome.Terminal (gtk 3.24.52) (0, 0, [menu: 'View' (0x784b641ccc40)])
10:26:00.810286 - FOCUS MANAGER: Locus of focus is [DEAD (0x784b6440ed40)] 
10:26:00.810329 - EVENT_MANAGER: Ignoring object:children-changed:remove due to multiple instances in short time

10:26:00.810424 - AXObject: Exception in get_name: object no longer exists
10:26:00.810435 - AXObject: Adding to known dead objects ax_utilities_debugging._accessible_as_string:63 > ax_object.get_name:707 > ax_object.handle_error:193 > ax_object._set_known_dead_status:170
10:26:00.810896 - EVENT MANAGER: object:children-changed:remove for [invalid (0x784b641acc80)]  in org.gnome.Terminal (gtk 3.24.52) (0, 0, [check menu item: 'Full Screen' (0x784b641ccc80)])
10:26:00.810917 - FOCUS MANAGER: Locus of focus is [DEAD (0x784b6440ed40)] 
10:26:00.811030 - EVENT_MANAGER: Ignoring object:children-changed:remove due to multiple instances in short time

10:26:00.811590 - EVENT MANAGER: object:children-changed:remove for [DEAD (0x784b641acc80)]  in org.gnome.Terminal (gtk 3.24.52) (0, 0, [separator (0x784b642fbac0)])
10:26:00.811658 - FOCUS MANAGER: Locus of focus is [DEAD (0x784b6440ed40)] 
10:26:00.812213 - EVENT_MANAGER: Ignoring object:children-changed:remove due to multiple instances in short time

10:26:00.812632 - EVENT MANAGER: object:children-changed:remove for [DEAD (0x784b641acc80)]  in org.gnome.Terminal (gtk 3.24.52) (0, 0, [menu item: 'Zoom In' (0x784b641cd440)])
10:26:00.812674 - FOCUS MANAGER: Locus of focus is [DEAD (0x784b6440ed40)] 
10:26:00.812860 - EVENT_MANAGER: Ignoring object:children-changed:remove due to multiple instances in short time

10:26:00.813209 - EVENT MANAGER: object:children-changed:remove for [DEAD (0x784b641acc80)]  in org.gnome.Terminal (gtk 3.24.52) (0, 0, [menu item: 'Normal Size' (0x784b64363cc0)])
10:26:00.813247 - FOCUS MANAGER: Locus of focus is [DEAD (0x784b6440ed40)] 
10:26:00.813336 - EVENT_MANAGER: Ignoring object:children-changed:remove due to multiple instances in short time

10:26:00.813511 - EVENT MANAGER: object:children-changed:remove for [DEAD (0x784b641acc80)]  in org.gnome.Terminal (gtk 3.24.52) (0, 0, [menu item: 'Zoom Out' (0x784b641cd440)])
10:26:00.813529 - FOCUS MANAGER: Locus of focus is [DEAD (0x784b6440ed40)] 
10:26:00.813604 - EVENT_MANAGER: Ignoring object:children-changed:remove due to multiple instances in short time

10:26:00.813653 - AXObject: Exception in get_role_name: app no longer exists
10:26:00.813661 - AXObject: Adding to known dead objects ax_utilities_debugging._accessible_as_string:62 > ax_object.get_role_name:661 > ax_object.handle_error:193 > ax_object._set_known_dead_status:170
10:26:00.813971 - EVENT MANAGER: object:children-changed:remove for [desktop frame: 'main' (0x784b641ade00)]  in  (3, 0, [DEAD (0x784b641cd440)])
10:26:00.813993 - FOCUS MANAGER: Locus of focus is [DEAD (0x784b6440ed40)] 
10:26:00.814070 - EVENT MANAGER: Queueing object:children-changed:remove for [desktop frame: 'main' (0x784b6430dfc0)]  in  (3, 0, [DEAD (0x784b641cd440)])
10:26:00.814087 - EVENT MANAGER: App for event source is None
10:26:00.814106 - SCRIPT MANAGER: Getting script for None [desktop frame: 'main' (0x784b641ade00)] 
10:26:00.814214 - SCRIPT MANAGER: Script is app script default (module=orca.scripts.default)
10:26:00.814251 - EVENT MANAGER: object:children-changed:remove for [desktop frame: 'main' (0x784b643f5f40)]  in  (3, 0, [DEAD (0x784b641cd440)]) has priority level: 6
10:26:00.814284 - EVENT MANAGER: Queued object:children-changed:remove for [desktop frame: 'main' (0x784b641ade80)]  in  (3, 0, [DEAD (0x784b641cd440)]) priority: 6, counter: 109

10:26:00.814355 - EVENT MANAGER: object:children-changed:remove for [menu bar (0x784b6430dfc0)]  in org.gnome.Terminal (gtk 3.24.52) (0, 0, [menu: 'Search' (0x784b641cdfc0)])
10:26:00.814369 - FOCUS MANAGER: Locus of focus is [DEAD (0x784b6440ed40)] 
10:26:00.814447 - EVENT MANAGER: Queueing object:children-changed:remove for [menu bar (0x784b643e8200)]  in org.gnome.Terminal (gtk 3.24.52) (0, 0, [menu: 'Search' (0x784b641c0200)])
10:26:00.814463 - EVENT MANAGER: App for event source is [application: 'org.gnome.Terminal' (0x784b644b87c0)] 
10:26:00.814480 - SCRIPT MANAGER: Getting script for [application: 'org.gnome.Terminal' (0x784b644b87c0)]  [menu bar (0x784b641c0200)] 
10:26:00.814522 - AXObject: Exception in get_attributes_dict: object no longer exists
10:26:00.814533 - AXObject: Adding to known dead objects ax_object.get_attribute:1019 > ax_object.get_attributes_dict:1003 > ax_object.handle_error:193 > ax_object._set_known_dead_status:170
10:26:00.814816 - SCRIPT MANAGER: Script is app script org.gnome.Terminal (module=orca.scripts.toolkits.gtk.script)
10:26:00.814857 - EVENT MANAGER: object:children-changed:remove for [DEAD (0x784b641c0200)]  in org.gnome.Terminal (gtk 3.24.52) (0, 0, [menu: 'Search' (0x784b641ce880)]) has priority level: 6
10:26:00.814893 - EVENT MANAGER: Queued object:children-changed:remove for [DEAD (0x784b641c0200)]  in org.gnome.Terminal (gtk 3.24.52) (0, 0, [menu: 'Search' (0x784b641ce900)]) priority: 6, counter: 110

10:26:00.814970 - EVENT MANAGER: object:children-changed:remove for [DEAD (0x784b641c0200)]  in org.gnome.Terminal (gtk 3.24.52) (0, 0, [menu: 'Terminal' (0x784b641ce6c0)])
10:26:00.814990 - FOCUS MANAGER: Locus of focus is [DEAD (0x784b6440ed40)] 
10:26:00.815028 - EVENT_MANAGER: Ignoring object:children-changed:remove due to multiple instances in short time

10:26:00.815125 - EVENT MANAGER: object:children-changed:remove for [DEAD (0x784b641c0200)]  in org.gnome.Terminal (gtk 3.24.52) (0, 0, [menu: 'Help' (0x784b641ce940)])
10:26:00.815138 - FOCUS MANAGER: Locus of focus is [DEAD (0x784b6440ed40)] 
10:26:00.815172 - EVENT_MANAGER: Ignoring object:children-changed:remove due to multiple instances in short time

10:26:00.815226 - EVENT MANAGER: object:children-changed:remove for [filler (0x784b643f6840)]  in org.gnome.Terminal (gtk 3.24.52) (0, 0, [DEAD (0x784b64191000)])
10:26:00.815238 - FOCUS MANAGER: Locus of focus is [DEAD (0x784b6440ed40)] 
10:26:00.815283 - EVENT_MANAGER: Ignoring object:children-changed:remove due to multiple instances in short time

10:26:00.815341 - EVENT MANAGER: object:state-changed:sensitive for [button: 'Zoom Out' (0x784b643f6840)]  in org.gnome.Terminal (gtk 3.24.52) (0, 0, 0)
10:26:00.815353 - FOCUS MANAGER: Locus of focus is [DEAD (0x784b6440ed40)] 
10:26:00.815396 - EVENT_MANAGER: Ignoring object:state-changed:sensitive due to multiple instances in short time

10:26:00.815442 - EVENT MANAGER: object:state-changed:sensitive for [button: 'Full Screen' (0x784b641aea40)]  in org.gnome.Terminal (gtk 3.24.52) (0, 0, 0)
10:26:00.815453 - FOCUS MANAGER: Locus of focus is [DEAD (0x784b6440ed40)] 
10:26:00.815496 - EVENT_MANAGER: Ignoring object:state-changed:sensitive due to multiple instances in short time

10:26:00.815533 - EVENT MANAGER: object:state-changed:sensitive for [button: 'Find' (0x784b641aeb00)]  in org.gnome.Terminal (gtk 3.24.52) (0, 0, 0)
10:26:00.815544 - FOCUS MANAGER: Locus of focus is [DEAD (0x784b6440ed40)] 
10:26:00.815585 - EVENT_MANAGER: Ignoring object:state-changed:sensitive due to multiple instances in short time

10:26:00.815621 - EVENT MANAGER: object:state-changed:sensitive for [panel (0x784b641aeb40)]  in org.gnome.Terminal (gtk 3.24.52) (0, 0, 0)
10:26:00.815632 - FOCUS MANAGER: Locus of focus is [DEAD (0x784b6440ed40)] 
10:26:00.815673 - EVENT_MANAGER: Ignoring object:state-changed:sensitive due to multiple instances in short time

10:26:00.815709 - EVENT MANAGER: object:state-changed:sensitive for [toggle button: 'Menu' (0x784b641ae980)]  in org.gnome.Terminal (gtk 3.24.52) (0, 0, 0)
10:26:00.815720 - FOCUS MANAGER: Locus of focus is [DEAD (0x784b6440ed40)] 
10:26:00.815760 - EVENT_MANAGER: Ignoring object:state-changed:sensitive due to multiple instances in short time

10:26:00.815806 - EVENT MANAGER: object:state-changed:sensitive for [button: '100%' (0x784b6419e840)]  in org.gnome.Terminal (gtk 3.24.52) (0, 0, 0)
10:26:00.815818 - FOCUS MANAGER: Locus of focus is [DEAD (0x784b6440ed40)] 
10:26:00.815859 - EVENT_MANAGER: Ignoring object:state-changed:sensitive due to multiple instances in short time

10:26:00.815993 - EVENT MANAGER: object:state-changed:sensitive for [check box: 'Read-Only' (0x784b6431ec80)]  in org.gnome.Terminal (gtk 3.24.52) (0, 0, 0)
10:26:00.816009 - FOCUS MANAGER: Locus of focus is [DEAD (0x784b6440ed40)] 
10:26:00.816163 - EVENT_MANAGER: Ignoring object:state-changed:sensitive due to multiple instances in short time

10:26:00.816210 - EVENT MANAGER: object:state-changed:sensitive for [button: 'New Tab' (0x784b641ced40)]  in org.gnome.Terminal (gtk 3.24.52) (0, 0, 0)
10:26:00.816224 - FOCUS MANAGER: Locus of focus is [DEAD (0x784b6440ed40)] 
10:26:00.816267 - EVENT_MANAGER: Ignoring object:state-changed:sensitive due to multiple instances in short time

10:26:00.816315 - EVENT MANAGER: object:state-changed:sensitive for [button: 'New Window' (0x784b6430ed00)]  in org.gnome.Terminal (gtk 3.24.52) (0, 0, 0)
10:26:00.816327 - FOCUS MANAGER: Locus of focus is [DEAD (0x784b6440ed40)] 
10:26:00.816369 - EVENT_MANAGER: Ignoring object:state-changed:sensitive due to multiple instances in short time

10:26:00.816414 - EVENT MANAGER: object:state-changed:sensitive for [button: 'Zoom In' (0x784b641ced80)]  in org.gnome.Terminal (gtk 3.24.52) (0, 0, 0)
10:26:00.816426 - FOCUS MANAGER: Locus of focus is [DEAD (0x784b6440ed40)] 
10:26:00.816468 - EVENT_MANAGER: Ignoring object:state-changed:sensitive due to multiple instances in short time

10:26:00.816513 - EVENT MANAGER: object:state-changed:sensitive for [button: 'Preferences' (0x784b641ced80)]  in org.gnome.Terminal (gtk 3.24.52) (0, 0, 0)
10:26:00.816526 - FOCUS MANAGER: Locus of focus is [DEAD (0x784b6440ed40)] 
10:26:00.816566 - EVENT_MANAGER: Ignoring object:state-changed:sensitive due to multiple instances in short time

10:26:00.816611 - EVENT MANAGER: object:state-changed:sensitive for [button: 'Help' (0x784b641ced00)]  in org.gnome.Terminal (gtk 3.24.52) (0, 0, 0)
10:26:00.816623 - FOCUS MANAGER: Locus of focus is [DEAD (0x784b6440ed40)] 
10:26:00.816666 - EVENT_MANAGER: Ignoring object:state-changed:sensitive due to multiple instances in short time

10:26:00.816713 - EVENT MANAGER: object:state-changed:sensitive for [button: 'About' (0x784b6430ed00)]  in org.gnome.Terminal (gtk 3.24.52) (0, 0, 0)
10:26:00.816726 - FOCUS MANAGER: Locus of focus is [DEAD (0x784b6440ed40)] 
10:26:00.816766 - EVENT_MANAGER: Ignoring object:state-changed:sensitive due to multiple instances in short time

10:26:00.816801 - EVENT MANAGER: object:children-changed:remove for [DEAD (0x784b6440ed40)]  in org.gnome.Terminal (gtk 3.24.52) (-1, 0, [panel (0x784b641cf000)])
10:26:00.816812 - FOCUS MANAGER: Locus of focus is [DEAD (0x784b6440ed40)] 
10:26:00.816838 - EVENT_MANAGER: Not ignoring object:children-changed:remove due to source being locus of focus
10:26:00.816865 - EVENT MANAGER: Queueing object:children-changed:remove for [DEAD (0x784b6440ed40)]  in org.gnome.Terminal (gtk 3.24.52) (-1, 0, [panel (0x784b641c37c0)])
10:26:00.816879 - EVENT MANAGER: App for event source is [application: 'org.gnome.Terminal' (0x784b644b87c0)] 
10:26:00.816893 - SCRIPT MANAGER: Getting script for [application: 'org.gnome.Terminal' (0x784b644b87c0)]  [DEAD (0x784b6440ed40)] 
10:26:00.816913 - SCRIPT MANAGER: Script is app script org.gnome.Terminal (module=orca.scripts.toolkits.gtk.script)
10:26:00.816946 - EVENT MANAGER: object:children-changed:remove for [DEAD (0x784b6440ed40)]  in org.gnome.Terminal (gtk 3.24.52) (-1, 0, [panel (0x784b641c37c0)]) has priority level: 6
10:26:00.816985 - EVENT MANAGER: Queued object:children-changed:remove for [DEAD (0x784b6440ed40)]  in org.gnome.Terminal (gtk 3.24.52) (-1, 0, [panel (0x784b641cf100)]) priority: 6, counter: 111

10:26:00.817019 - EVENT MANAGER: object:children-changed:remove for [DEAD (0x784b6440ed40)]  in org.gnome.Terminal (gtk 3.24.52) (0, 0, [panel (0x784b64360680)])
10:26:00.817031 - FOCUS MANAGER: Locus of focus is [DEAD (0x784b6440ed40)] 
10:26:00.817056 - EVENT_MANAGER: Not ignoring object:children-changed:remove due to source being locus of focus
10:26:00.817082 - EVENT MANAGER: Queueing object:children-changed:remove for [DEAD (0x784b6440ed40)]  in org.gnome.Terminal (gtk 3.24.52) (0, 0, [panel (0x784b641c37c0)])
10:26:00.817096 - EVENT MANAGER: App for event source is [application: 'org.gnome.Terminal' (0x784b644b87c0)] 
10:26:00.817110 - SCRIPT MANAGER: Getting script for [application: 'org.gnome.Terminal' (0x784b644b87c0)]  [DEAD (0x784b6440ed40)] 
10:26:00.817131 - SCRIPT MANAGER: Script is app script org.gnome.Terminal (module=orca.scripts.toolkits.gtk.script)
10:26:00.817163 - EVENT MANAGER: object:children-changed:remove for [DEAD (0x784b6440ed40)]  in org.gnome.Terminal (gtk 3.24.52) (0, 0, [panel (0x784b641c37c0)]) has priority level: 6
10:26:00.817193 - EVENT MANAGER: Queued object:children-changed:remove for [DEAD (0x784b6440ed40)]  in org.gnome.Terminal (gtk 3.24.52) (0, 0, [panel (0x784b641cf280)]) priority: 6, counter: 112

10:26:00.817227 - EVENT MANAGER: object:children-changed:remove for [filler (0x784b6419f140)]  in org.gnome.Terminal (gtk 3.24.52) (0, 0, [label: 'Terminal' (0x784b641cf140)])
10:26:00.817239 - FOCUS MANAGER: Locus of focus is [DEAD (0x784b6440ed40)] 
10:26:00.817281 - EVENT_MANAGER: Ignoring object:children-changed:remove due to multiple instances in short time

10:26:00.817331 - EVENT MANAGER: object:children-changed:remove for [filler (0x784b641cf200)]  in org.gnome.Terminal (gtk 3.24.52) (0, 0, [label (0x784b641c37c0)])
10:26:00.817344 - FOCUS MANAGER: Locus of focus is [DEAD (0x784b6440ed40)] 
10:26:00.817384 - EVENT_MANAGER: Ignoring object:children-changed:remove due to multiple instances in short time

10:26:00.817431 - EVENT MANAGER: object:children-changed:remove for [filler (0x784b641af240)]  in org.gnome.Terminal (gtk 3.24.52) (0, 0, [separator (0x784b641cf240)])
10:26:00.817443 - FOCUS MANAGER: Locus of focus is [DEAD (0x784b6440ed40)] 
10:26:00.817484 - EVENT_MANAGER: Ignoring object:children-changed:remove due to multiple instances in short time

10:26:00.817523 - EVENT MANAGER: object:children-changed:remove for [filler (0x784b641af140)]  in org.gnome.Terminal (gtk 3.24.52) (0, 0, [button: 'Minimize' (0x784b641cf140)])
10:26:00.817535 - FOCUS MANAGER: Locus of focus is [DEAD (0x784b6440ed40)] 
10:26:00.817574 - EVENT_MANAGER: Ignoring object:children-changed:remove due to multiple instances in short time

10:26:00.817613 - EVENT MANAGER: object:children-changed:remove for [filler (0x784b6419f280)]  in org.gnome.Terminal (gtk 3.24.52) (0, 0, [button: 'Maximize' (0x784b641cf280)])
10:26:00.817625 - FOCUS MANAGER: Locus of focus is [DEAD (0x784b6440ed40)] 
10:26:00.817665 - EVENT_MANAGER: Ignoring object:children-changed:remove due to multiple instances in short time

10:26:00.817704 - EVENT MANAGER: object:children-changed:remove for [filler (0x784b641af140)]  in org.gnome.Terminal (gtk 3.24.52) (0, 0, [button: 'Close' (0x784b641cf140)])
10:26:00.817715 - FOCUS MANAGER: Locus of focus is [DEAD (0x784b6440ed40)] 
10:26:00.817754 - EVENT_MANAGER: Ignoring object:children-changed:remove due to multiple instances in short time

10:26:00.817799 - EVENT MANAGER: object:children-changed:remove for [panel (0x784b641af280)]  in org.gnome.Terminal (gtk 3.24.52) (0, 0, [filler (0x784b641cf280)])
10:26:00.817811 - FOCUS MANAGER: Locus of focus is [DEAD (0x784b6440ed40)] 
10:26:00.817851 - EVENT_MANAGER: Ignoring object:children-changed:remove due to multiple instances in short time

10:26:00.817884 - EVENT MANAGER: object:children-changed:remove for [filler (0x784b641cf280)]  in org.gnome.Terminal (gtk 3.24.52) (0, 0, [button: 'New Tab' (0x784b641cf440)])
10:26:00.817896 - FOCUS MANAGER: Locus of focus is [DEAD (0x784b6440ed40)] 
10:26:00.817936 - EVENT_MANAGER: Ignoring object:children-changed:remove due to multiple instances in short time

10:26:00.817989 - EVENT MANAGER: object:children-changed:remove for [filler (0x784b645794c0)]  in org.gnome.Terminal (gtk 3.24.52) (0, 0, [toggle button: 'Profiles' (0x784b641cf480)])
10:26:00.818002 - FOCUS MANAGER: Locus of focus is [DEAD (0x784b6440ed40)] 
10:26:00.818043 - EVENT_MANAGER: Ignoring object:children-changed:remove due to multiple instances in short time

10:26:00.818099 - EVENT MANAGER: object:children-changed:remove for [panel (0x784b643374c0)]  in org.gnome.Terminal (gtk 3.24.52) (0, 0, [panel (0x784b641cf4c0)])
10:26:00.818112 - FOCUS MANAGER: Locus of focus is [DEAD (0x784b6440ed40)] 
10:26:00.818152 - EVENT_MANAGER: Ignoring object:children-changed:remove due to multiple instances in short time

10:26:00.818203 - EVENT MANAGER: object:children-changed:remove for [filler (0x784b6419f500)]  in org.gnome.Terminal (gtk 3.24.52) (0, 0, [filler (0x784b641cf500)])
10:26:00.818215 - FOCUS MANAGER: Locus of focus is [DEAD (0x784b6440ed40)] 
10:26:00.818257 - EVENT_MANAGER: Ignoring object:children-changed:remove due to multiple instances in short time

10:26:00.818298 - EVENT MANAGER: object:children-changed:remove for [filler (0x784b641cf680)]  in org.gnome.Terminal (gtk 3.24.52) (0, 0, [filler (0x784b641cf580)])
10:26:00.818310 - FOCUS MANAGER: Locus of focus is [DEAD (0x784b6440ed40)] 
10:26:00.818351 - EVENT_MANAGER: Ignoring object:children-changed:remove due to multiple instances in short time

10:26:00.818391 - EVENT MANAGER: object:children-changed:remove for [filler (0x784b643374c0)]  in org.gnome.Terminal (gtk 3.24.52) (0, 0, [filler (0x784b641cf4c0)])
10:26:00.818402 - FOCUS MANAGER: Locus of focus is [DEAD (0x784b6440ed40)] 
10:26:00.818443 - EVENT_MANAGER: Ignoring object:children-changed:remove due to multiple instances in short time

10:26:00.818478 - EVENT MANAGER: object:children-changed:remove for [filler (0x784b641af7c0)]  in org.gnome.Terminal (gtk 3.24.52) (0, 0, [button: 'Zoom Out' (0x784b641cf7c0)])
10:26:00.818490 - FOCUS MANAGER: Locus of focus is [DEAD (0x784b6440ed40)] 
10:26:00.818531 - EVENT_MANAGER: Ignoring object:children-changed:remove due to multiple instances in short time

10:26:00.818572 - EVENT MANAGER: object:children-changed:remove for [filler (0x784b641cf900)]  in org.gnome.Terminal (gtk 3.24.52) (0, 0, [button: '100%' (0x784b641cf880)])
10:26:00.818583 - FOCUS MANAGER: Locus of focus is [DEAD (0x784b6440ed40)] 
10:26:00.818623 - EVENT_MANAGER: Ignoring object:children-changed:remove due to multiple instances in short time

10:26:00.818662 - EVENT MANAGER: object:children-changed:remove for [filler (0x784b641af8c0)]  in org.gnome.Terminal (gtk 3.24.52) (0, 0, [button: 'Zoom In' (0x784b641cf8c0)])
10:26:00.818673 - FOCUS MANAGER: Locus of focus is [DEAD (0x784b6440ed40)] 
10:26:00.818713 - EVENT_MANAGER: Ignoring object:children-changed:remove due to multiple instances in short time

10:26:00.818772 - EVENT MANAGER: object:children-changed:remove for [filler (0x784b641cfa40)]  in org.gnome.Terminal (gtk 3.24.52) (0, 0, [filler (0x784b641c37c0)])
10:26:00.818784 - FOCUS MANAGER: Locus of focus is [DEAD (0x784b6440ed40)] 
10:26:00.818824 - EVENT_MANAGER: Ignoring object:children-changed:remove due to multiple instances in short time

10:26:00.818865 - EVENT MANAGER: object:children-changed:remove for [filler (0x784b644b93c0)]  in org.gnome.Terminal (gtk 3.24.52) (0, 0, [filler (0x784b6431fac0)])
10:26:00.818879 - FOCUS MANAGER: Locus of focus is [DEAD (0x784b6440ed40)] 
10:26:00.818918 - EVENT_MANAGER: Ignoring object:children-changed:remove due to multiple instances in short time

10:26:00.818950 - EVENT MANAGER: object:children-changed:remove for [filler (0x784b641cfb80)]  in org.gnome.Terminal (gtk 3.24.52) (0, 0, [button: 'New Window' (0x784b64357840)])
10:26:00.818961 - FOCUS MANAGER: Locus of focus is [DEAD (0x784b6440ed40)] 
10:26:00.819004 - EVENT_MANAGER: Ignoring object:children-changed:remove due to multiple instances in short time

10:26:00.819046 - EVENT MANAGER: object:children-changed:remove for [filler (0x784b64357b40)]  in org.gnome.Terminal (gtk 3.24.52) (0, 0, [button: 'Full Screen' (0x784b641cfb40)])
10:26:00.819057 - FOCUS MANAGER: Locus of focus is [DEAD (0x784b6440ed40)] 
10:26:00.819095 - EVENT_MANAGER: Ignoring object:children-changed:remove due to multiple instances in short time

10:26:00.819150 - EVENT MANAGER: object:children-changed:remove for [filler (0x784b6430fbc0)]  in org.gnome.Terminal (gtk 3.24.52) (0, 0, [filler (0x784b641cfbc0)])
10:26:00.819162 - FOCUS MANAGER: Locus of focus is [DEAD (0x784b6440ed40)] 
10:26:00.819202 - EVENT_MANAGER: Ignoring object:children-changed:remove due to multiple instances in short time

10:26:00.819242 - EVENT MANAGER: object:children-changed:remove for [filler (0x784b643d7dc0)]  in org.gnome.Terminal (gtk 3.24.52) (0, 0, [separator (0x784b641cfbc0)])
10:26:00.819255 - FOCUS MANAGER: Locus of focus is [DEAD (0x784b6440ed40)] 
10:26:00.819296 - EVENT_MANAGER: Ignoring object:children-changed:remove due to multiple instances in short time

10:26:00.819340 - EVENT MANAGER: object:children-changed:remove for [filler (0x784b6430fe00)]  in org.gnome.Terminal (gtk 3.24.52) (0, 0, [filler (0x784b641cfe00)])
10:26:00.819351 - FOCUS MANAGER: Locus of focus is [DEAD (0x784b6440ed40)] 
10:26:00.819392 - EVENT_MANAGER: Ignoring object:children-changed:remove due to multiple instances in short time

10:26:00.819463 - EVENT MANAGER: object:children-changed:remove for [filler (0x784b643d7ec0)]  in org.gnome.Terminal (gtk 3.24.52) (0, 0, [check box: 'Read-Only' (0x784b641cfec0)])
10:26:00.819476 - FOCUS MANAGER: Locus of focus is [DEAD (0x784b6440ed40)] 
10:26:00.819518 - EVENT_MANAGER: Ignoring object:children-changed:remove due to multiple instances in short time

10:26:00.819570 - EVENT MANAGER: object:children-changed:remove for [filler (0x784b641cffc0)]  in org.gnome.Terminal (gtk 3.24.52) (0, 0, [filler (0x784b64403a00)])
10:26:00.819582 - FOCUS MANAGER: Locus of focus is [DEAD (0x784b6440ed40)] 
10:26:00.819622 - EVENT_MANAGER: Ignoring object:children-changed:remove due to multiple instances in short time

10:26:00.819663 - EVENT MANAGER: object:children-changed:remove for [filler (0x784b64404080)]  in org.gnome.Terminal (gtk 3.24.52) (0, 0, [filler (0x784b641e4080)])
10:26:00.819674 - FOCUS MANAGER: Locus of focus is [DEAD (0x784b6440ed40)] 
10:26:00.819715 - EVENT_MANAGER: Ignoring object:children-changed:remove due to multiple instances in short time

10:26:00.819767 - EVENT MANAGER: object:children-changed:remove for [filler (0x784b64404080)]  in org.gnome.Terminal (gtk 3.24.52) (0, 0, [button: 'Advanced' (0x784b641e4080)])
10:26:00.819779 - FOCUS MANAGER: Locus of focus is [DEAD (0x784b6440ed40)] 
10:26:00.819819 - EVENT_MANAGER: Ignoring object:children-changed:remove due to multiple instances in short time

10:26:00.819875 - EVENT MANAGER: object:children-changed:remove for [filler (0x784b641e4080)]  in org.gnome.Terminal (gtk 3.24.52) (0, 0, [filler (0x784b641e4080)])
10:26:00.819886 - FOCUS MANAGER: Locus of focus is [DEAD (0x784b6440ed40)] 
10:26:00.819926 - EVENT_MANAGER: Ignoring object:children-changed:remove due to multiple instances in short time

10:26:00.819965 - EVENT MANAGER: object:children-changed:remove for [filler (0x784b641ac200)]  in org.gnome.Terminal (gtk 3.24.52) (0, 0, [separator (0x784b641e4200)])
10:26:00.819985 - FOCUS MANAGER: Locus of focus is [DEAD (0x784b6440ed40)] 
10:26:00.820027 - EVENT_MANAGER: Ignoring object:children-changed:remove due to multiple instances in short time

10:26:00.820072 - EVENT MANAGER: object:children-changed:remove for [filler (0x784b641e43c0)]  in org.gnome.Terminal (gtk 3.24.52) (0, 0, [filler (0x784b641e4380)])
10:26:00.820084 - FOCUS MANAGER: Locus of focus is [DEAD (0x784b6440ed40)] 
10:26:00.820123 - EVENT_MANAGER: Ignoring object:children-changed:remove due to multiple instances in short time

10:26:00.820156 - EVENT MANAGER: object:children-changed:remove for [filler (0x784b641cc440)]  in org.gnome.Terminal (gtk 3.24.52) (0, 0, [button: 'Preferences' (0x784b641e4440)])
10:26:00.820166 - FOCUS MANAGER: Locus of focus is [DEAD (0x784b6440ed40)] 
10:26:00.820205 - EVENT_MANAGER: Ignoring object:children-changed:remove due to multiple instances in short time

10:26:00.820243 - EVENT MANAGER: object:children-changed:remove for [filler (0x784b643d45c0)]  in org.gnome.Terminal (gtk 3.24.52) (0, 0, [button: 'Help' (0x784b641e45c0)])
10:26:00.820253 - FOCUS MANAGER: Locus of focus is [DEAD (0x784b6440ed40)] 
10:26:00.820292 - EVENT_MANAGER: Ignoring object:children-changed:remove due to multiple instances in short time

10:26:00.820330 - EVENT MANAGER: object:children-changed:remove for [filler (0x784b64354580)]  in org.gnome.Terminal (gtk 3.24.52) (0, 0, [button: 'About' (0x784b641e4580)])
10:26:00.820344 - FOCUS MANAGER: Locus of focus is [DEAD (0x784b6440ed40)] 
10:26:00.820382 - EVENT_MANAGER: Ignoring object:children-changed:remove due to multiple instances in short time

10:26:00.820449 - EVENT MANAGER: object:children-changed:remove for [panel (0x784b641ac600)]  in org.gnome.Terminal (gtk 3.24.52) (0, 0, [toggle button: 'Menu' (0x784b641e4600)])
10:26:00.820462 - FOCUS MANAGER: Locus of focus is [DEAD (0x784b6440ed40)] 
10:26:00.820501 - EVENT_MANAGER: Ignoring object:children-changed:remove due to multiple instances in short time

10:26:00.820538 - EVENT MANAGER: object:children-changed:remove for [panel (0x784b641e4680)]  in org.gnome.Terminal (gtk 3.24.52) (0, 0, [button: 'Find' (0x784b641e4540)])
10:26:00.820549 - FOCUS MANAGER: Locus of focus is [DEAD (0x784b6440ed40)] 
10:26:00.820588 - EVENT_MANAGER: Ignoring object:children-changed:remove due to multiple instances in short time

10:26:00.820634 - EVENT MANAGER: object:children-changed:remove for [panel (0x784b641e4480)]  in org.gnome.Terminal (gtk 3.24.52) (0, 0, [filler (0x784b641e4640)])
10:26:00.820646 - FOCUS MANAGER: Locus of focus is [DEAD (0x784b6440ed40)] 
10:26:00.820685 - EVENT_MANAGER: Ignoring object:children-changed:remove due to multiple instances in short time

10:26:00.820715 - EVENT MANAGER: object:children-changed:remove for [filler (0x784b642cc740)]  in org.gnome.Terminal (gtk 3.24.52) (0, 0, [DEAD (0x784b644c3900)])
10:26:00.820726 - FOCUS MANAGER: Locus of focus is [DEAD (0x784b6440ed40)] 
10:26:00.820764 - EVENT_MANAGER: Ignoring object:children-changed:remove due to multiple instances in short time

10:26:00.820800 - EVENT MANAGER: object:children-changed:remove for [filler (0x784b641cc6c0)]  in org.gnome.Terminal (gtk 3.24.52) (0, 0, [filler (0x784b641e46c0)])
10:26:00.820810 - FOCUS MANAGER: Locus of focus is [DEAD (0x784b6440ed40)] 
10:26:00.820850 - EVENT_MANAGER: Ignoring object:children-changed:remove due to multiple instances in short time

10:26:00.820879 - EVENT MANAGER: object:children-changed:remove for [filler (0x784b641e4700)]  in org.gnome.Terminal (gtk 3.24.52) (0, 0, [scroll bar (0x784b641e4640)])
10:26:00.820890 - FOCUS MANAGER: Locus of focus is [DEAD (0x784b6440ed40)] 
10:26:00.820930 - EVENT_MANAGER: Ignoring object:children-changed:remove due to multiple instances in short time
10:26:00.821028 - EVENT MANAGER: Dequeueing object:state-changed:active for [DEAD (0x784b641af380)]  in  (None None) (1, 0, 0)
10:26:00.821061 - EVENT MANAGER: Dequeued object:state-changed:active for [DEAD (0x784b641af380)]  in  (None None) (1, 0, 0) priority: 2, counter: 95

vvvvv START PRIORITY-2 OBJECT EVENT OBJECT:STATE-CHANGED:ACTIVE (queue size: 23) vvvvv
10:26:00.821316 - EVENT MANAGER: Ignoring defunct object: [DEAD (0x784b641af380)] 
TOTAL PROCESSING TIME: 0.0003
^^^^^ FINISHED PRIORITY-2 OBJECT EVENT OBJECT:STATE-CHANGED:ACTIVE ^^^^^

10:26:00.821388 - EVENT MANAGER: Dequeueing window:deactivate for [DEAD (0x784b6440ed40)]  in  (None None) (0, 0, Terminal)
10:26:00.821438 - EVENT MANAGER: Dequeued window:deactivate for [DEAD (0x784b6440ed40)]  in  (None None) (0, 0, Terminal) priority: 2, counter: 106

vvvvv START PRIORITY-2 OBJECT EVENT WINDOW:DEACTIVATE (queue size: 22) vvvvv
10:26:00.821693 - EVENT MANAGER: Ignoring defunct object: [DEAD (0x784b6440ed40)] 
10:26:00.821709 - FOCUS MANAGER: Active window is [DEAD (0x784b6440ed40)]  event_manager._dequeue_object_event:666 > event_manager._process_object_event:942 > event_manager._handle_early_event_processing:909 > focus_manager.get_active_window:342
10:26:00.821984 - FOCUS MANAGER: Clearing all state: Active window is dead or defunct
10:26:00.822017 - SCRIPT MANAGER: Deactivating org.gnome.Terminal (module=orca.scripts.toolkits.gtk.script) reason: Active window is dead or defunct
10:26:00.822070 - GSETTINGS SCHEMA HANDLE: keybindings/keyboard-layout not set [profile:default]
10:26:00.822077 - GSETTINGS REGISTRY: keybindings/keyboard-layout using default value = 'desktop'
10:26:00.822083 - COMMAND MANAGER: Setting keyboard layout is_desktop to True.
10:26:00.822160 - GSETTINGS SCHEMA HANDLE: keybindings/entries no dict values set
10:26:00.822167 - GSETTINGS REGISTRY: keybindings/entries using default value = {}
10:26:00.822171 - COMMAND MANAGER: No user overrides to apply
10:26:00.822215 - GSETTINGS SCHEMA HANDLE: keybindings/keyboard-layout not set [profile:default]
10:26:00.822220 - GSETTINGS REGISTRY: keybindings/keyboard-layout using default value = 'desktop'
10:26:00.822229 - GSETTINGS SCHEMA HANDLE: keybindings/desktop-modifier-keys not set [profile:default]
10:26:00.822234 - GSETTINGS REGISTRY: keybindings/desktop-modifier-keys using default value = ['Insert', 'KP_Insert']

vvvvv COMMAND MANAGER: Grab diff: keyboard layout change (old: 77, new: 77) vvvvv
10:26:00.822253 -   No grab changes
^^^^^ COMMAND MANAGER: Diff completed in 0.0000s. Removed 0, added 0, transferred 0 ^^^^^

10:26:00.822263 - COMMAND MANAGER: Keyboard layout set to desktop.
10:26:00.822274 - GSETTINGS SCHEMA HANDLE: keybindings/keyboard-layout not set [profile:default]
10:26:00.822278 - GSETTINGS REGISTRY: keybindings/keyboard-layout using default value = 'desktop'
10:26:00.822285 - GSETTINGS SCHEMA HANDLE: keybindings/desktop-modifier-keys not set [profile:default]
10:26:00.822288 - GSETTINGS REGISTRY: keybindings/desktop-modifier-keys using default value = ['Insert', 'KP_Insert']
TOTAL PROCESSING TIME: 0.0008
^^^^^ FINISHED PRIORITY-2 OBJECT EVENT WINDOW:DEACTIVATE ^^^^^

10:26:00.822304 - ORCA: GLib handler received shutdown signal
10:26:00.822311 - ORCA: Shutting down
10:26:00.822332 - PRESENTATION MANAGER: Interrupting presentation
10:26:00.822365 - SPEECH MANAGER: interrupt_speech. Script: None Event: None notify_user: False
10:26:00.822686 - SPEECH MANAGER: Speech server is <orca.speechdispatcherfactory.SpeechServer object at 0x784b644a96a0>
10:26:00.822746 - BRAILLE: Kill flash message orca.shutdown:118 > presentation_manager.interrupt_presentation:88 > braille_presenter.kill_flash:1829 > braille.kill_flash:2182
10:26:00.823008 - GSETTINGS SCHEMA HANDLE: speech/enable not set [profile:default]
10:26:00.823020 - GSETTINGS REGISTRY: speech/enable using default value = True
10:26:00.823035 - GSETTINGS SCHEMA HANDLE: speech/messages-are-detailed not set [profile:default]
10:26:00.823039 - GSETTINGS REGISTRY: speech/messages-are-detailed using default value = True
10:26:00.823048 - GSETTINGS SCHEMA HANDLE: speech/only-speak-displayed-text not set [profile:default]
10:26:00.823052 - GSETTINGS REGISTRY: speech/only-speak-displayed-text using default value = False
10:26:00.823065 - GSETTINGS SCHEMA HANDLE: voice/established not set [profile:default]
10:26:00.823076 - GSETTINGS SCHEMA HANDLE: voice/rate not set [profile:default]
10:26:00.823085 - GSETTINGS SCHEMA HANDLE: voice/pitch not set [profile:default]
10:26:00.823093 - GSETTINGS SCHEMA HANDLE: voice/volume not set [profile:default]
10:26:00.823102 - GSETTINGS SCHEMA HANDLE: voice/family-name not set [profile:default]
10:26:00.823110 - GSETTINGS SCHEMA HANDLE: voice/family-lang not set [profile:default]
10:26:00.823117 - GSETTINGS SCHEMA HANDLE: voice/family-dialect not set [profile:default]
10:26:00.823124 - GSETTINGS SCHEMA HANDLE: voice/family-gender not set [profile:default]
10:26:00.823132 - GSETTINGS SCHEMA HANDLE: voice/family-variant not set [profile:default]
10:26:00.823174 - GSETTINGS SCHEMA HANDLE: speech/punctuation-level not set [profile:default]
10:26:00.823180 - GSETTINGS REGISTRY: speech/punctuation-level using default value = 'most'
10:26:00.823225 - SPEECH PRESENTER: Adjusting 'Screen reader off.' from None start_offset: None
10:26:00.823237 - GSETTINGS SCHEMA HANDLE: speech/repeated-character-limit not set [profile:default]
10:26:00.823241 - GSETTINGS REGISTRY: speech/repeated-character-limit using default value = 4
10:26:00.823257 - GSETTINGS SCHEMA HANDLE: speech/use-pronunciation-dictionary not set [profile:default]
10:26:00.823260 - GSETTINGS REGISTRY: speech/use-pronunciation-dictionary using default value = True
10:26:00.823276 - GSETTINGS SCHEMA HANDLE: pronunciations/entries no dict values set
10:26:00.823281 - GSETTINGS REGISTRY: pronunciations/entries using default value = {}
10:26:00.823290 - SPEECH PRESENTER: Adjusted text: 'Screen reader off.'
10:26:00.823294 - SPEECH: Speak 'Screen reader off.' acss: {'established': False}
10:26:00.823299 - SPEECH OUTPUT: 'Screen reader off.' {'established': False}
10:26:00.823303 - SPEECH DISPATCHER: Speaking 'Screen reader off.' as string
10:26:00.823480 - SPEECH DISPATCHER: Speaking '<speak><mark name="0:6"/>Screen <mark name="7:13"/>reader <mark name="14:18"/>off.</speak>' 
                  ORCA rate 50.0, pitch 5.0, volume 10.0, language C, punctuation: SOME
                  SD rate 2, pitch 10, volume 100, language c
10:26:00.823937 - SPEECH MANAGER: Speech server is <orca.speechdispatcherfactory.SpeechServer object at 0x784b644a96a0>
10:26:00.823999 - GSETTINGS SCHEMA HANDLE: speech/capitalization-style not set [profile:default]
10:26:00.824013 - GSETTINGS REGISTRY: speech/capitalization-style using default value = 'none'
10:26:00.824356 - SPEECH MANAGER: Speech server is <orca.speechdispatcherfactory.SpeechServer object at 0x784b644a96a0>
10:26:00.824374 - GSETTINGS SCHEMA HANDLE: speech/punctuation-level not set [profile:default]
10:26:00.824380 - GSETTINGS REGISTRY: speech/punctuation-level using default value = 'most'
10:26:00.824492 - GSETTINGS SCHEMA HANDLE: braille/enabled not set [profile:default]
10:26:00.824510 - GSETTINGS REGISTRY: braille/enabled using default value = True
10:26:00.824524 - GSETTINGS SCHEMA HANDLE: braille/flash-messages not set [profile:default]
10:26:00.824529 - GSETTINGS REGISTRY: braille/flash-messages using default value = True
10:26:00.824537 - GSETTINGS SCHEMA HANDLE: braille/flash-messages-detailed not set [profile:default]
10:26:00.824541 - GSETTINGS REGISTRY: braille/flash-messages-detailed using default value = True
10:26:00.824550 - GSETTINGS SCHEMA HANDLE: braille/enabled not set [profile:default]
10:26:00.824553 - GSETTINGS REGISTRY: braille/enabled using default value = True
10:26:00.824561 - GSETTINGS SCHEMA HANDLE: braille/flash-messages-persistent not set [profile:default]
10:26:00.824564 - GSETTINGS REGISTRY: braille/flash-messages-persistent using default value = False
10:26:00.824572 - GSETTINGS SCHEMA HANDLE: braille/flash-message-duration not set [profile:default]
10:26:00.824575 - GSETTINGS REGISTRY: braille/flash-message-duration using default value = 5000
10:26:00.824580 - BRAILLE: Display message: 'Screen reader off.' (flash_time: 5000)
10:26:00.824585 - BRAILLE: Initializing flash: Source ID: 0
10:26:00.824604 - BRAILLE: Not contracting 'Screen reader off.' because contracted braille is not enabled.
10:26:00.824628 - BRAILLE: Refresh. Pan: True target: 0
10:26:00.824644 - GSETTINGS SCHEMA HANDLE: braille/enabled not set [profile:default]
10:26:00.824649 - GSETTINGS REGISTRY: braille/enabled using default value = True
10:26:00.824672 - BRAILLE: Last text object: None (Caret: 0, Line: 0, Cell: 0)
10:26:00.824697 - BRAILLE: Current text object: None (Caret: 0, Line: 0). On same line: False
10:26:00.824704 - BRAILLE: Line 0: 'Screen reader off.' focusOffset: 0 [[0, 18]]
10:26:00.824710 - BRAILLE: Current range: (0, 32). Target cell: 0
10:26:00.824715 - BRAILLE LINE:  'Screen reader off.'
10:26:00.824719 -      VISIBLE:  'Screen reader off.', cursor=0
10:26:00.824732 - BRAILLE: Enabling braille. BrlAPI running: False
10:26:00.824736 - BRAILLE: Need to initialize first.
10:26:00.824751 - BRAILLE: Initializing. Callback: input_event_manager.InputEventManager.process_braille_event
10:26:00.824768 - BRAILLE: WINDOWPATH= None
10:26:00.824781 - BRAILLE: XDG_VTNR= 1
10:26:00.824794 - BRAILLE: Attempting connection with BrlAPI.
10:26:00.824942 - REMOTE CONTROLLER: Attempting to shut down D-Bus service.
10:26:00.824950 - DBUS SERVICE: Releasing D-Bus resources for service.
10:26:00.824956 - DBUS SERVICE: Shutting down and unpublishing module TextAttributeManager from main service.
10:26:00.825003 - DBUS SERVICE: Shutting down and unpublishing module SleepModeManager from main service.
10:26:00.825019 - DBUS SERVICE: Shutting down and unpublishing module TypingEchoPresenter from main service.
10:26:00.825034 - DBUS SERVICE: Shutting down and unpublishing module SayAllPresenter from main service.
10:26:00.825045 - DBUS SERVICE: Shutting down and unpublishing module SpeechPresenter from main service.
10:26:00.825054 - DBUS SERVICE: Shutting down and unpublishing module ActionPresenter from main service.
10:26:00.825063 - DBUS SERVICE: Shutting down and unpublishing module CommandManager from main service.
10:26:00.825073 - DBUS SERVICE: Shutting down and unpublishing module FlatReviewPresenter from main service.
10:26:00.825083 - DBUS SERVICE: Shutting down and unpublishing module ObjectNavigator from main service.
10:26:00.825092 - DBUS SERVICE: Shutting down and unpublishing module SystemInformationPresenter from main service.
10:26:00.825101 - DBUS SERVICE: Shutting down and unpublishing module BraillePresenter from main service.
10:26:00.825111 - DBUS SERVICE: Shutting down and unpublishing module TableNavigator from main service.
10:26:00.825158 - BRAILLE: BrlAPI Connection is unavailable (ConnectionError): couldn't connect to b':0' with key b'keyfile:/etc/brlapi.key+polkit': connect: No such file or directory
                  (brlerrno 11, libcerrno 2, gaierrno 0)
                  Is BRLTTY really running?
10:26:00.825175 - DBUS SERVICE: Shutting down and unpublishing module SoundPresenter from main service.
10:26:00.825211 - DBUS SERVICE: Shutting down and unpublishing module SpellCheckPresenter from main service.
10:26:00.825223 - DBUS SERVICE: Shutting down and unpublishing module DocumentPresenter from main service.
10:26:00.825232 - DBUS SERVICE: Shutting down and unpublishing module StructuralNavigator from main service.
10:26:00.825243 - DBUS SERVICE: Shutting down and unpublishing module WhereAmIPresenter from main service.
10:26:00.825251 - DBUS SERVICE: Shutting down and unpublishing module CaretNavigator from main service.
10:26:00.825262 - DBUS SERVICE: Shutting down and unpublishing module SpeechManager from main service.
10:26:00.825271 - DBUS SERVICE: Shutting down and unpublishing module NotificationPresenter from main service.
10:26:00.825280 - DBUS SERVICE: Shutting down and unpublishing module ChatPresenter from main service.
10:26:00.825288 - DBUS SERVICE: Shutting down and unpublishing module MouseReviewer from main service.
10:26:00.825297 - DBUS SERVICE: Shutting down and unpublishing module ClipboardPresenter from main service.
10:26:00.825305 - DBUS SERVICE: Shutting down and unpublishing module ProfileManager from main service.
10:26:00.825639 - REMOTE CONTROLLER: D-Bus service shut down.
10:26:00.825651 - ORCA MODIFIER MANAGER: Unsetting Orca modifiers: Shutting down.
10:26:00.830099 - ORCA MODIFIER MANAGER: Original xmodmap restored
10:26:00.830200 - EVENT MANAGER: Pause queueing: True. Clear queue: True. Shutting down.
10:26:00.830235 - INPUT EVENT MANAGER: Pause queueing: True. Shutting down.
10:26:00.830242 - SCRIPT MANAGER: Deactivating <unknown>.<module>:373 > orca._glib_shutdown_handler:182 > orca.shutdown:129 > script_manager.deactivate:70
10:26:00.830500 - EVENT MANAGER: De-registering listeners for: default (module=orca.scripts.default)
10:26:00.830509 - EVENT MANAGER: deregistering listener for: document:attributes-changed
10:26:00.830643 - EVENT MANAGER: deregistering listener for: document:load-complete
10:26:00.830697 - EVENT MANAGER: deregistering listener for: document:load-stopped
10:26:00.830744 - EVENT MANAGER: deregistering listener for: document:page-changed
10:26:00.830791 - EVENT MANAGER: deregistering listener for: document:reload
10:26:00.830836 - EVENT MANAGER: deregistering listener for: mouse:button
10:26:00.830881 - EVENT MANAGER: deregistering listener for: object:active-descendant-changed
10:26:00.830929 - EVENT MANAGER: deregistering listener for: object:announcement
10:26:00.830974 - EVENT MANAGER: deregistering listener for: object:attributes-changed
10:26:00.831045 - EVENT MANAGER: deregistering listener for: object:children-changed:add
10:26:00.831108 - EVENT MANAGER: deregistering listener for: object:children-changed:remove
10:26:00.831167 - EVENT MANAGER: deregistering listener for: object:column-reordered
10:26:00.831218 - EVENT MANAGER: deregistering listener for: object:property-change:accessible-description
10:26:00.831293 - EVENT MANAGER: deregistering listener for: object:property-change:accessible-name
10:26:00.831374 - EVENT MANAGER: deregistering listener for: object:property-change:accessible-value
10:26:00.831442 - EVENT MANAGER: deregistering listener for: object:row-reordered
10:26:00.831499 - EVENT MANAGER: deregistering listener for: object:selection-changed
10:26:00.831553 - EVENT MANAGER: deregistering listener for: object:state-changed:active
10:26:00.831614 - EVENT MANAGER: deregistering listener for: object:state-changed:busy
10:26:00.831674 - EVENT MANAGER: deregistering listener for: object:state-changed:checked
10:26:00.831732 - EVENT MANAGER: deregistering listener for: object:state-changed:expanded
10:26:00.831791 - EVENT MANAGER: deregistering listener for: object:state-changed:focused
10:26:00.831849 - EVENT MANAGER: deregistering listener for: object:state-changed:indeterminate
10:26:00.831907 - EVENT MANAGER: deregistering listener for: object:state-changed:invalid-entry
10:26:00.831965 - EVENT MANAGER: deregistering listener for: object:state-changed:pressed
10:26:00.832031 - EVENT MANAGER: deregistering listener for: object:state-changed:selected
10:26:00.832090 - EVENT MANAGER: deregistering listener for: object:state-changed:sensitive
10:26:00.832148 - EVENT MANAGER: deregistering listener for: object:state-changed:showing
10:26:00.832204 - EVENT MANAGER: deregistering listener for: object:text-attributes-changed
10:26:00.832256 - EVENT MANAGER: deregistering listener for: object:text-caret-moved
10:26:00.832308 - EVENT MANAGER: deregistering listener for: object:text-changed:delete
10:26:00.832365 - EVENT MANAGER: deregistering listener for: object:text-changed:insert
10:26:00.832420 - EVENT MANAGER: deregistering listener for: object:text-selection-changed
10:26:00.832472 - EVENT MANAGER: deregistering listener for: object:value-changed
10:26:00.832523 - EVENT MANAGER: deregistering listener for: window:activate
10:26:00.832575 - EVENT MANAGER: deregistering listener for: window:create
10:26:00.832626 - EVENT MANAGER: deregistering listener for: window:deactivate
10:26:00.832680 - EVENT MANAGER: deregistering listener for: window:destroy
10:26:00.832734 - SCRIPT MANAGER: Deactivated
10:26:00.832740 - EVENT MANAGER: Deactivating <unknown>.<module>:373 > orca._glib_shutdown_handler:182 > orca.shutdown:130 > event_manager.deactivate:98
10:26:00.832992 - INPUT EVENT MANAGER: Stopping key watcher.
10:26:00.833028 - EVENT MANAGER: Deactivated
10:26:00.833037 - CLIPBOARD PRESENTER: Deactivating
10:26:00.833120 - CLIPBOARD PRESENTER: Deactivated
10:26:00.833132 - PRESENTATION MANAGER: Shutting down presenters
10:26:00.833426 - SPEECH MANAGER: shutdown_speech. Script: None Event: None notify_user: False
10:26:00.833921 - SPEECH MANAGER: Speech server is <orca.speechdispatcherfactory.SpeechServer object at 0x784b644a96a0>
10:26:00.843723 - BRAILLE: Attempting braille shutdown.
10:26:00.843804 - BRAILLE: Braille was not running.
10:26:00.843817 - ORCA: Quitting Atspi main event loop
10:26:00.843846 - ORCA: Shutdown complete
