10:08:13.419967 - INFO: Preparing to launch.
10:08:13.420724 - ORCA: Attempt to load orca-customizations from /var/tmp/reactive-tui-api011/rtui-orca-7iupx_43/data/orca/orca-customizations.py succeeded.
10:08:13.459861 - INFO: About to launch Orca.
10:08:13.461393 - ORCA: Accessibility enabled: false
10:08:13.461425 - ORCA: Enabling accessibility.
10:08:13.464330 - GSETTINGS REGISTRY: No dconf settings found; proceeding with migration.
10:08:13.464393 - GSETTINGS REGISTRY: Migrating 'live-regions' settings to GSettings.
10:08:13.464430 - GSETTINGS REGISTRY: Schema org.gnome.Orca.LiveRegions loaded
10:08:13.464489 - GSETTINGS REGISTRY: Migrating 'sound' settings to GSettings.
10:08:13.464503 - GSETTINGS REGISTRY: Schema org.gnome.Orca.Sound loaded
10:08:13.464530 - GSETTINGS REGISTRY: Migrating 'structural-navigation' settings to GSettings.
10:08:13.464540 - GSETTINGS REGISTRY: Schema org.gnome.Orca.StructuralNavigation loaded
10:08:13.464565 - GSETTINGS REGISTRY: Migrating 'say-all' settings to GSettings.
10:08:13.464579 - GSETTINGS REGISTRY: Schema org.gnome.Orca.SayAll loaded
10:08:13.464602 - GSETTINGS REGISTRY: Migrating 'caret-navigation' settings to GSettings.
10:08:13.464610 - GSETTINGS REGISTRY: Schema org.gnome.Orca.CaretNavigation loaded
10:08:13.464627 - GSETTINGS REGISTRY: Migrating 'table-navigation' settings to GSettings.
10:08:13.464635 - GSETTINGS REGISTRY: Schema org.gnome.Orca.TableNavigation loaded
10:08:13.464655 - GSETTINGS REGISTRY: Migrating 'document' settings to GSettings.
10:08:13.464665 - GSETTINGS REGISTRY: Schema org.gnome.Orca.Document loaded
10:08:13.464703 - GSETTINGS REGISTRY: Migrating 'speech' settings to GSettings.
10:08:13.464711 - GSETTINGS REGISTRY: Schema org.gnome.Orca.Speech loaded
10:08:13.464730 - GSETTINGS REGISTRY: Migrating 'voice' settings to GSettings.
10:08:13.464738 - GSETTINGS REGISTRY: Schema org.gnome.Orca.Voice loaded
10:08:13.464757 - GSETTINGS REGISTRY: Migrating 'typing-echo' settings to GSettings.
10:08:13.464766 - GSETTINGS REGISTRY: Schema org.gnome.Orca.TypingEcho loaded
10:08:13.464786 - GSETTINGS REGISTRY: Migrating 'chat' settings to GSettings.
10:08:13.464794 - GSETTINGS REGISTRY: Schema org.gnome.Orca.Chat loaded
10:08:13.464814 - GSETTINGS REGISTRY: Migrating 'flat-review' settings to GSettings.
10:08:13.464821 - GSETTINGS REGISTRY: Schema org.gnome.Orca.FlatReview loaded
10:08:13.464836 - GSETTINGS REGISTRY: Migrating 'mouse-review' settings to GSettings.
10:08:13.464843 - GSETTINGS REGISTRY: Schema org.gnome.Orca.MouseReview loaded
10:08:13.464863 - GSETTINGS REGISTRY: Migrating 'spellcheck' settings to GSettings.
10:08:13.464870 - GSETTINGS REGISTRY: Schema org.gnome.Orca.Spellcheck loaded
10:08:13.464887 - GSETTINGS REGISTRY: Migrating 'system-information' settings to GSettings.
10:08:13.464895 - GSETTINGS REGISTRY: Schema org.gnome.Orca.SystemInformation loaded
10:08:13.464913 - GSETTINGS REGISTRY: Migrating 'text-attributes' settings to GSettings.
10:08:13.464919 - GSETTINGS REGISTRY: Schema org.gnome.Orca.TextAttributes loaded
10:08:13.464945 - GSETTINGS REGISTRY: Migrating 'braille' settings to GSettings.
10:08:13.464953 - GSETTINGS REGISTRY: Schema org.gnome.Orca.Braille loaded
10:08:13.464971 - GSETTINGS REGISTRY: Migrating 'keybindings' settings to GSettings.
10:08:13.464982 - GSETTINGS REGISTRY: Schema org.gnome.Orca.Keybindings loaded
10:08:13.464998 - GSETTINGS REGISTRY: Schema org.gnome.Orca.ProfileMetadata loaded
10:08:13.469526 - ORCA: Loading User Settings
10:08:13.469574 - EVENT MANAGER: Pause queueing: True. Clear queue: True. Loading user settings.
10:08:13.469599 - INPUT EVENT MANAGER: Pause queueing: True. Loading user settings.
10:08:13.469915 - DEFAULT: Setting up commands for None
10:08:13.470357 - BRAILLE PRESENTER: Commands set up.
10:08:13.470379 - NOTIFICATION PRESENTER: Commands set up.
10:08:13.470389 - CLIPBOARD PRESENTER: Commands set up.
10:08:13.470393 - COMMAND MANAGER: Setting up commands.
10:08:13.470416 - SAY ALL PRESENTER: Commands set up.
10:08:13.470426 - TYPING ECHO PRESENTER: Commands set up.
10:08:13.470454 - SPEECH MANAGER: Commands set up.
10:08:13.470504 - SPEECH PRESENTER: Commands set up.
10:08:13.470532 - SLEEP MODE MANAGER: Commands set up.
10:08:13.470551 - SYSTEM INFORMATION PRESENTER: Commands set up.
10:08:13.470602 - OBJECT NAVIGATOR: Commands set up.
10:08:13.470641 - GSETTINGS REGISTRY: Schema org.gnome.Orca.CaretNavigation loaded
10:08:13.470727 - GSETTINGS SCHEMA HANDLE: caret-navigation/enabled not set [profile:default]
10:08:13.470736 - GSETTINGS REGISTRY: caret-navigation/enabled using default value = True
10:08:13.470779 - CARET NAVIGATOR: Commands set up. Suspended: False
10:08:13.471084 - STRUCTURAL NAVIGATOR: Commands set up. Suspended: False
10:08:13.471114 - TABLE NAVIGATOR: Commands set up.
10:08:13.471125 - DOCUMENT PRESENTER: Commands set up.
10:08:13.471146 - LIVE REGION PRESENTER: Commands set up.
10:08:13.471153 - LEARN MODE PRESENTER: Commands set up.
10:08:13.471160 - MOUSE REVIEW: Commands set up.
10:08:13.471167 - ACTION PRESENTER: Commands set up.
10:08:13.471290 - FLAT REVIEW PRESENTER: Commands set up.
10:08:13.471311 - FLAT REVIEW FINDER: Commands set up.
10:08:13.471346 - WHERE AM I PRESENTER: Commands set up.
10:08:13.471354 - DEBUGGING TOOLS MANAGER: Commands set up.
10:08:13.471363 - CHAT PRESENTER: Commands set up.
10:08:13.471371 - PROFILE MANAGER: Commands set up.
10:08:13.471381 - BRAILLE: Setting up key ranges.
10:08:13.471406 - BRAILLE: Initializing. Callback: None
10:08:13.471424 - BRAILLE: WINDOWPATH= None
10:08:13.471438 - BRAILLE: XDG_VTNR= 1
10:08:13.471461 - BRAILLE: Attempting connection with BrlAPI.
10:08:13.471590 - BRAILLE: Not setting up key ranges: BrlAPI not running.
10:08:13.471601 - DEFAULT: Commands set up: 219 keyboard commands
10:08:13.471609 - SCRIPT: default (module=orca.scripts.default) initialized
10:08:13.471627 - GSETTINGS REGISTRY: Schema org.gnome.Orca.Keybindings loaded
10:08:13.471659 - GSETTINGS SCHEMA HANDLE: keybindings/keyboard-layout not set [profile:default]
10:08:13.471664 - GSETTINGS REGISTRY: keybindings/keyboard-layout using default value = 'desktop'
10:08:13.471668 - COMMAND MANAGER: Setting keyboard layout is_desktop to True.
10:08:13.471695 - GSETTINGS SCHEMA HANDLE: keybindings/entries no dict values set
10:08:13.471700 - GSETTINGS REGISTRY: keybindings/entries using default value = {}
10:08:13.471703 - COMMAND MANAGER: No user overrides to apply
10:08:13.471707 - COMMAND MANAGER: Device not ready, skipping grab updates.
10:08:13.471710 - COMMAND MANAGER: Keyboard layout set to desktop.
10:08:13.471715 - PRESENTATION MANAGER: Starting presenters
10:08:13.471747 - SPEECH MANAGER: start_speech. Script: None Event: None notify_user: False
10:08:13.471752 - SPEECH MANAGER: Initializing server
10:08:13.471811 - BRAILLE: BrlAPI Connection is unavailable (ConnectionError): couldn't connect to b':0' with key b'keyfile:/etc/brlapi.key+polkit': connect: No such file or directory
                  (brlerrno 11, libcerrno 2, gaierrno 0)
                  Is BRLTTY really running?
10:08:13.471850 - GSETTINGS REGISTRY: Schema org.gnome.Orca.Speech loaded
10:08:13.471929 - GSETTINGS SCHEMA HANDLE: speech/speech-server-factory not set [profile:default]
10:08:13.471937 - GSETTINGS REGISTRY: speech/speech-server-factory using default value = 'speechdispatcherfactory'
10:08:13.644578 - SPEECH MANAGER: Using speech server factory: speechdispatcherfactory
10:08:13.644686 - GSETTINGS SCHEMA HANDLE: speech/synthesizer not set [profile:default]
10:08:13.644718 - GSETTINGS REGISTRY: Schema org.gnome.Orca.Voice loaded
10:08:13.644770 - GSETTINGS SCHEMA HANDLE: voice/established not set [profile:default]
10:08:13.644789 - GSETTINGS SCHEMA HANDLE: voice/rate not set [profile:default]
10:08:13.644801 - GSETTINGS SCHEMA HANDLE: voice/pitch not set [profile:default]
10:08:13.644810 - GSETTINGS SCHEMA HANDLE: voice/volume not set [profile:default]
10:08:13.644825 - GSETTINGS SCHEMA HANDLE: voice/family-name not set [profile:default]
10:08:13.644834 - GSETTINGS SCHEMA HANDLE: voice/family-lang not set [profile:default]
10:08:13.644842 - GSETTINGS SCHEMA HANDLE: voice/family-dialect not set [profile:default]
10:08:13.644855 - GSETTINGS SCHEMA HANDLE: voice/family-gender not set [profile:default]
10:08:13.644862 - GSETTINGS SCHEMA HANDLE: voice/family-variant not set [profile:default]
10:08:13.644880 - GSETTINGS SCHEMA HANDLE: speech/punctuation-level not set [profile:default]
10:08:13.644885 - GSETTINGS REGISTRY: speech/punctuation-level using default value = 'most'
10:08:13.644919 - GSETTINGS SCHEMA HANDLE: speech/capitalization-style not set [profile:default]
10:08:13.644923 - GSETTINGS REGISTRY: speech/capitalization-style using default value = 'none'
10:08:13.644953 - SPEECH MANAGER: Server initialized
10:08:13.644973 - GSETTINGS REGISTRY: Schema org.gnome.Orca.Braille loaded
10:08:13.644996 - GSETTINGS SCHEMA HANDLE: braille/enabled not set [profile:default]
10:08:13.645001 - GSETTINGS REGISTRY: braille/enabled using default value = True
10:08:13.645023 - BRAILLE: Initializing. Callback: input_event_manager.InputEventManager.process_braille_event
10:08:13.645029 - BRAILLE: BrlAPI connection already in progress.
10:08:13.645041 - GSETTINGS SCHEMA HANDLE: braille/contracted-braille not set [profile:default]
10:08:13.645044 - GSETTINGS REGISTRY: braille/contracted-braille using default value = False
10:08:13.645054 - GSETTINGS SCHEMA HANDLE: braille/contraction-table not set [profile:default]
10:08:13.645057 - GSETTINGS REGISTRY: braille/contraction-table using default value = ''
10:08:13.645066 - GSETTINGS SCHEMA HANDLE: braille/computer-braille-at-cursor not set [profile:default]
10:08:13.645069 - GSETTINGS REGISTRY: braille/computer-braille-at-cursor using default value = True
10:08:13.645077 - GSETTINGS SCHEMA HANDLE: braille/end-of-line-indicator not set [profile:default]
10:08:13.645080 - GSETTINGS REGISTRY: braille/end-of-line-indicator using default value = True
10:08:13.645088 - GSETTINGS SCHEMA HANDLE: braille/word-wrap not set [profile:default]
10:08:13.645091 - GSETTINGS REGISTRY: braille/word-wrap using default value = False
10:08:13.645099 - GSETTINGS SCHEMA HANDLE: braille/selector-indicator not set [profile:default]
10:08:13.645103 - GSETTINGS REGISTRY: braille/selector-indicator using default value = 'dots78'
10:08:13.645108 - BRAILLE PRESENTER: Getting selector indicator: 192.
10:08:13.645116 - GSETTINGS SCHEMA HANDLE: braille/link-indicator not set [profile:default]
10:08:13.645119 - GSETTINGS REGISTRY: braille/link-indicator using default value = 'dots78'
10:08:13.645123 - BRAILLE PRESENTER: Getting link indicator: 192.
10:08:13.645130 - GSETTINGS SCHEMA HANDLE: braille/text-attributes-indicator not set [profile:default]
10:08:13.645133 - GSETTINGS REGISTRY: braille/text-attributes-indicator using default value = 'none'
10:08:13.645140 - BRAILLE PRESENTER: Getting text attributes indicator: 0.
10:08:13.645179 - GSETTINGS REGISTRY: Schema org.gnome.Orca.Sound loaded
10:08:13.645237 - GSETTINGS SCHEMA HANDLE: sound/enabled not set [profile:default]
10:08:13.645247 - GSETTINGS REGISTRY: sound/enabled using default value = True
10:08:13.645276 - GSETTINGS REGISTRY: Schema org.gnome.Orca.MouseReview loaded
10:08:13.645295 - GSETTINGS SCHEMA HANDLE: mouse-review/enabled not set [profile:default]
10:08:13.645300 - GSETTINGS REGISTRY: mouse-review/enabled using default value = False
10:08:13.645309 - ORCA MODIFIER MANAGER: Refreshing Orca modifiers: Loading user settings.
10:08:13.645326 - GSETTINGS SCHEMA HANDLE: keybindings/keyboard-layout not set [profile:default]
10:08:13.645330 - GSETTINGS REGISTRY: keybindings/keyboard-layout using default value = 'desktop'
10:08:13.645357 - GSETTINGS SCHEMA HANDLE: keybindings/desktop-modifier-keys not set [profile:default]
10:08:13.645363 - GSETTINGS REGISTRY: keybindings/desktop-modifier-keys using default value = ['Insert', 'KP_Insert']
10:08:13.645374 - GSETTINGS SCHEMA HANDLE: keybindings/keyboard-layout not set [profile:default]
10:08:13.645378 - GSETTINGS REGISTRY: keybindings/keyboard-layout using default value = 'desktop'
10:08:13.645385 - GSETTINGS SCHEMA HANDLE: keybindings/desktop-modifier-keys not set [profile:default]
10:08:13.645393 - GSETTINGS REGISTRY: keybindings/desktop-modifier-keys using default value = ['Insert', 'KP_Insert']
10:08:13.645437 - INPUT EVENT MANAGER: No device to add grab for Insert
10:08:13.645453 - INPUT EVENT MANAGER: No device to add grab for KP_Insert
10:08:13.645464 - ORCA MODIFIER MANAGER: No stored xmodmap found
10:08:13.647967 - ORCA MODIFIER MANAGER: Creating Orca xmodmap
10:08:13.648007 - GSETTINGS SCHEMA HANDLE: keybindings/keyboard-layout not set [profile:default]
10:08:13.648014 - GSETTINGS REGISTRY: keybindings/keyboard-layout using default value = 'desktop'
10:08:13.648024 - GSETTINGS SCHEMA HANDLE: keybindings/desktop-modifier-keys not set [profile:default]
10:08:13.648029 - GSETTINGS REGISTRY: keybindings/desktop-modifier-keys using default value = ['Insert', 'KP_Insert']
10:08:13.648041 - EVENT MANAGER: Pause queueing: False. Clear queue: False. User settings loaded.
10:08:13.648046 - INPUT EVENT MANAGER: Pause queueing: False. User settings loaded.
10:08:13.648050 - ORCA: User Settings Loaded
10:08:13.648069 - DEBUGGING TOOLS MANAGER: Orca version 50.1.2, AT-SPI2 version: 2.60.0, Session: x11 gnome
10:08:13.648392 - DEBUGGING TOOLS MANAGER: Desktop has 0 app(s):
10:08:13.648409 - ORCA: Running under systemd: False
10:08:13.648452 - ORCA: Connected to a11y applications gsetting: True
10:08:13.648462 - REMOTE CONTROLLER: Attempting to start D-Bus service.
10:08:13.648500 - REMOTE CONTROLLER: SessionMessageBus acquired: :1.6
10:08:13.649252 - REMOTE CONTROLLER: Service started name=org.gnome.Orca.Service path=/org/gnome/Orca/Service.
10:08:13.649270 - REMOTE CONTROLLER: Processing 25 pending module registrations.
10:08:13.649276 - REMOTE CONTROLLER: Processing pending registration for LiveRegionPresenter.
10:08:13.649334 - REMOTE CONTROLLER: Processing pending registration for SoundPresenter.
10:08:13.649409 - DBUS SERVICE: OrcaModuleDBusInterface for SoundPresenter initialized with 0 command(s), 0 parameterized command(s), 5 getter(s), 5 setter(s).
10:08:13.649540 - DBUS SERVICE: Successfully published SoundPresenter at /org/gnome/Orca/Service/SoundPresenter.
10:08:13.649547 - REMOTE CONTROLLER: Successfully registered 10 commands/getters/setters for module SoundPresenter.
10:08:13.649552 - REMOTE CONTROLLER: Processing pending registration for StructuralNavigator.
10:08:13.649766 - DBUS SERVICE: OrcaModuleDBusInterface for StructuralNavigator initialized with 85 command(s), 0 parameterized command(s), 4 getter(s), 4 setter(s).
10:08:13.649883 - DBUS SERVICE: Successfully published StructuralNavigator at /org/gnome/Orca/Service/StructuralNavigator.
10:08:13.649891 - REMOTE CONTROLLER: Successfully registered 93 commands/getters/setters for module StructuralNavigator.
10:08:13.649896 - REMOTE CONTROLLER: Processing pending registration for SayAllPresenter.
10:08:13.649990 - DBUS SERVICE: OrcaModuleDBusInterface for SayAllPresenter initialized with 3 command(s), 0 parameterized command(s), 10 getter(s), 10 setter(s).
10:08:13.650097 - DBUS SERVICE: Successfully published SayAllPresenter at /org/gnome/Orca/Service/SayAllPresenter.
10:08:13.650104 - REMOTE CONTROLLER: Successfully registered 23 commands/getters/setters for module SayAllPresenter.
10:08:13.650108 - REMOTE CONTROLLER: Processing pending registration for CaretNavigator.
10:08:13.650172 - DBUS SERVICE: OrcaModuleDBusInterface for CaretNavigator initialized with 12 command(s), 0 parameterized command(s), 3 getter(s), 3 setter(s).
10:08:13.650282 - DBUS SERVICE: Successfully published CaretNavigator at /org/gnome/Orca/Service/CaretNavigator.
10:08:13.650289 - REMOTE CONTROLLER: Successfully registered 18 commands/getters/setters for module CaretNavigator.
10:08:13.650294 - REMOTE CONTROLLER: Processing pending registration for TableNavigator.
10:08:13.650351 - DBUS SERVICE: OrcaModuleDBusInterface for TableNavigator initialized with 15 command(s), 0 parameterized command(s), 2 getter(s), 2 setter(s).
10:08:13.650453 - DBUS SERVICE: Successfully published TableNavigator at /org/gnome/Orca/Service/TableNavigator.
10:08:13.650458 - REMOTE CONTROLLER: Successfully registered 19 commands/getters/setters for module TableNavigator.
10:08:13.650465 - REMOTE CONTROLLER: Processing pending registration for DocumentPresenter.
10:08:13.650552 - DBUS SERVICE: OrcaModuleDBusInterface for DocumentPresenter initialized with 3 command(s), 0 parameterized command(s), 10 getter(s), 7 setter(s).
10:08:13.650662 - DBUS SERVICE: Successfully published DocumentPresenter at /org/gnome/Orca/Service/DocumentPresenter.
10:08:13.650669 - REMOTE CONTROLLER: Successfully registered 20 commands/getters/setters for module DocumentPresenter.
10:08:13.650673 - REMOTE CONTROLLER: Processing pending registration for SpeechPresenter.
10:08:13.650871 - DBUS SERVICE: OrcaModuleDBusInterface for SpeechPresenter initialized with 5 command(s), 0 parameterized command(s), 33 getter(s), 33 setter(s).
10:08:13.650981 - DBUS SERVICE: Successfully published SpeechPresenter at /org/gnome/Orca/Service/SpeechPresenter.
10:08:13.650988 - REMOTE CONTROLLER: Successfully registered 71 commands/getters/setters for module SpeechPresenter.
10:08:13.650993 - REMOTE CONTROLLER: Processing pending registration for SpeechManager.
10:08:13.651179 - DBUS SERVICE: OrcaModuleDBusInterface for SpeechManager initialized with 14 command(s), 1 parameterized command(s), 18 getter(s), 15 setter(s).
10:08:13.651305 - DBUS SERVICE: Successfully published SpeechManager at /org/gnome/Orca/Service/SpeechManager.
10:08:13.651313 - REMOTE CONTROLLER: Successfully registered 48 commands/getters/setters for module SpeechManager.
10:08:13.651318 - REMOTE CONTROLLER: Processing pending registration for TypingEchoPresenter.
10:08:13.651409 - DBUS SERVICE: OrcaModuleDBusInterface for TypingEchoPresenter initialized with 1 command(s), 0 parameterized command(s), 14 getter(s), 14 setter(s).
10:08:13.651518 - DBUS SERVICE: Successfully published TypingEchoPresenter at /org/gnome/Orca/Service/TypingEchoPresenter.
10:08:13.651524 - REMOTE CONTROLLER: Successfully registered 29 commands/getters/setters for module TypingEchoPresenter.
10:08:13.651529 - REMOTE CONTROLLER: Processing pending registration for SleepModeManager.
10:08:13.651553 - DBUS SERVICE: OrcaModuleDBusInterface for SleepModeManager initialized with 1 command(s), 0 parameterized command(s), 0 getter(s), 0 setter(s).
10:08:13.651670 - DBUS SERVICE: Successfully published SleepModeManager at /org/gnome/Orca/Service/SleepModeManager.
10:08:13.651676 - REMOTE CONTROLLER: Successfully registered 1 commands/getters/setters for module SleepModeManager.
10:08:13.651681 - REMOTE CONTROLLER: Processing pending registration for ActionPresenter.
10:08:13.651707 - DBUS SERVICE: OrcaModuleDBusInterface for ActionPresenter initialized with 1 command(s), 0 parameterized command(s), 0 getter(s), 0 setter(s).
10:08:13.651803 - DBUS SERVICE: Successfully published ActionPresenter at /org/gnome/Orca/Service/ActionPresenter.
10:08:13.651809 - REMOTE CONTROLLER: Successfully registered 1 commands/getters/setters for module ActionPresenter.
10:08:13.651813 - REMOTE CONTROLLER: Processing pending registration for ChatPresenter.
10:08:13.651869 - DBUS SERVICE: OrcaModuleDBusInterface for ChatPresenter initialized with 5 command(s), 0 parameterized command(s), 5 getter(s), 5 setter(s).
10:08:13.651972 - DBUS SERVICE: Successfully published ChatPresenter at /org/gnome/Orca/Service/ChatPresenter.
10:08:13.651983 - REMOTE CONTROLLER: Successfully registered 15 commands/getters/setters for module ChatPresenter.
10:08:13.651987 - REMOTE CONTROLLER: Processing pending registration for ClipboardPresenter.
10:08:13.652021 - DBUS SERVICE: OrcaModuleDBusInterface for ClipboardPresenter initialized with 1 command(s), 0 parameterized command(s), 0 getter(s), 0 setter(s).
10:08:13.652122 - DBUS SERVICE: Successfully published ClipboardPresenter at /org/gnome/Orca/Service/ClipboardPresenter.
10:08:13.652128 - REMOTE CONTROLLER: Successfully registered 1 commands/getters/setters for module ClipboardPresenter.
10:08:13.652132 - REMOTE CONTROLLER: Processing pending registration for FlatReviewPresenter.
10:08:13.652221 - DBUS SERVICE: OrcaModuleDBusInterface for FlatReviewPresenter initialized with 33 command(s), 0 parameterized command(s), 1 getter(s), 1 setter(s).
10:08:13.652327 - DBUS SERVICE: Successfully published FlatReviewPresenter at /org/gnome/Orca/Service/FlatReviewPresenter.
10:08:13.652332 - REMOTE CONTROLLER: Successfully registered 35 commands/getters/setters for module FlatReviewPresenter.
10:08:13.652336 - REMOTE CONTROLLER: Processing pending registration for MouseReviewer.
10:08:13.652385 - DBUS SERVICE: OrcaModuleDBusInterface for MouseReviewer initialized with 1 command(s), 0 parameterized command(s), 2 getter(s), 2 setter(s).
10:08:13.652491 - DBUS SERVICE: Successfully published MouseReviewer at /org/gnome/Orca/Service/MouseReviewer.
10:08:13.652497 - REMOTE CONTROLLER: Successfully registered 5 commands/getters/setters for module MouseReviewer.
10:08:13.652501 - REMOTE CONTROLLER: Processing pending registration for NotificationPresenter.
10:08:13.652531 - DBUS SERVICE: OrcaModuleDBusInterface for NotificationPresenter initialized with 4 command(s), 0 parameterized command(s), 0 getter(s), 0 setter(s).
10:08:13.652630 - DBUS SERVICE: Successfully published NotificationPresenter at /org/gnome/Orca/Service/NotificationPresenter.
10:08:13.652635 - REMOTE CONTROLLER: Successfully registered 4 commands/getters/setters for module NotificationPresenter.
10:08:13.652639 - REMOTE CONTROLLER: Processing pending registration for ObjectNavigator.
10:08:13.652674 - DBUS SERVICE: OrcaModuleDBusInterface for ObjectNavigator initialized with 6 command(s), 0 parameterized command(s), 0 getter(s), 0 setter(s).
10:08:13.652768 - DBUS SERVICE: Successfully published ObjectNavigator at /org/gnome/Orca/Service/ObjectNavigator.
10:08:13.652774 - REMOTE CONTROLLER: Successfully registered 6 commands/getters/setters for module ObjectNavigator.
10:08:13.652778 - REMOTE CONTROLLER: Processing pending registration for ProfileManager.
10:08:13.652817 - DBUS SERVICE: OrcaModuleDBusInterface for ProfileManager initialized with 2 command(s), 0 parameterized command(s), 3 getter(s), 2 setter(s).
10:08:13.652914 - DBUS SERVICE: Successfully published ProfileManager at /org/gnome/Orca/Service/ProfileManager.
10:08:13.652920 - REMOTE CONTROLLER: Successfully registered 7 commands/getters/setters for module ProfileManager.
10:08:13.652924 - REMOTE CONTROLLER: Processing pending registration for SpellCheckPresenter.
10:08:13.652992 - DBUS SERVICE: OrcaModuleDBusInterface for SpellCheckPresenter initialized with 0 command(s), 0 parameterized command(s), 3 getter(s), 3 setter(s).
10:08:13.653099 - DBUS SERVICE: Successfully published SpellCheckPresenter at /org/gnome/Orca/Service/SpellCheckPresenter.
10:08:13.653105 - REMOTE CONTROLLER: Successfully registered 6 commands/getters/setters for module SpellCheckPresenter.
10:08:13.653111 - REMOTE CONTROLLER: Processing pending registration for SystemInformationPresenter.
10:08:13.653158 - DBUS SERVICE: OrcaModuleDBusInterface for SystemInformationPresenter initialized with 4 command(s), 0 parameterized command(s), 4 getter(s), 2 setter(s).
10:08:13.653258 - DBUS SERVICE: Successfully published SystemInformationPresenter at /org/gnome/Orca/Service/SystemInformationPresenter.
10:08:13.653264 - REMOTE CONTROLLER: Successfully registered 10 commands/getters/setters for module SystemInformationPresenter.
10:08:13.653269 - REMOTE CONTROLLER: Processing pending registration for TextAttributeManager.
10:08:13.653297 - DBUS SERVICE: OrcaModuleDBusInterface for TextAttributeManager initialized with 0 command(s), 0 parameterized command(s), 2 getter(s), 2 setter(s).
10:08:13.653393 - DBUS SERVICE: Successfully published TextAttributeManager at /org/gnome/Orca/Service/TextAttributeManager.
10:08:13.653398 - REMOTE CONTROLLER: Successfully registered 4 commands/getters/setters for module TextAttributeManager.
10:08:13.653402 - REMOTE CONTROLLER: Processing pending registration for WhereAmIPresenter.
10:08:13.653441 - DBUS SERVICE: OrcaModuleDBusInterface for WhereAmIPresenter initialized with 11 command(s), 0 parameterized command(s), 0 getter(s), 0 setter(s).
10:08:13.653541 - DBUS SERVICE: Successfully published WhereAmIPresenter at /org/gnome/Orca/Service/WhereAmIPresenter.
10:08:13.653546 - REMOTE CONTROLLER: Successfully registered 11 commands/getters/setters for module WhereAmIPresenter.
10:08:13.653550 - REMOTE CONTROLLER: Processing pending registration for BraillePresenter.
10:08:13.653713 - DBUS SERVICE: OrcaModuleDBusInterface for BraillePresenter initialized with 1 command(s), 0 parameterized command(s), 26 getter(s), 25 setter(s).
10:08:13.653822 - DBUS SERVICE: Successfully published BraillePresenter at /org/gnome/Orca/Service/BraillePresenter.
10:08:13.653828 - REMOTE CONTROLLER: Successfully registered 52 commands/getters/setters for module BraillePresenter.
10:08:13.653832 - REMOTE CONTROLLER: Processing pending registration for CommandManager.
10:08:13.653903 - DBUS SERVICE: OrcaModuleDBusInterface for CommandManager initialized with 1 command(s), 0 parameterized command(s), 3 getter(s), 3 setter(s).
10:08:13.654013 - DBUS SERVICE: Successfully published CommandManager at /org/gnome/Orca/Service/CommandManager.
10:08:13.654021 - REMOTE CONTROLLER: Successfully registered 7 commands/getters/setters for module CommandManager.
10:08:13.654044 - REMOTE CONTROLLER: Registration complete. Summary: 24 modules, 210 module commands, 148 module getters, 138 module setters, 6 system commands. Total handlers: 502.
10:08:13.654072 - GSETTINGS SCHEMA HANDLE: speech/enable not set [profile:default]
10:08:13.654077 - GSETTINGS REGISTRY: speech/enable using default value = True
10:08:13.654092 - GSETTINGS SCHEMA HANDLE: speech/messages-are-detailed not set [profile:default]
10:08:13.654096 - GSETTINGS REGISTRY: speech/messages-are-detailed using default value = True
10:08:13.654106 - GSETTINGS SCHEMA HANDLE: speech/only-speak-displayed-text not set [profile:default]
10:08:13.654110 - GSETTINGS REGISTRY: speech/only-speak-displayed-text using default value = False
10:08:13.654136 - GSETTINGS SCHEMA HANDLE: voice/established not set [profile:default]
10:08:13.654148 - GSETTINGS SCHEMA HANDLE: voice/rate not set [profile:default]
10:08:13.654157 - GSETTINGS SCHEMA HANDLE: voice/pitch not set [profile:default]
10:08:13.654166 - GSETTINGS SCHEMA HANDLE: voice/volume not set [profile:default]
10:08:13.654178 - GSETTINGS SCHEMA HANDLE: voice/family-name not set [profile:default]
10:08:13.654186 - GSETTINGS SCHEMA HANDLE: voice/family-lang not set [profile:default]
10:08:13.654193 - GSETTINGS SCHEMA HANDLE: voice/family-dialect not set [profile:default]
10:08:13.654200 - GSETTINGS SCHEMA HANDLE: voice/family-gender not set [profile:default]
10:08:13.654208 - GSETTINGS SCHEMA HANDLE: voice/family-variant not set [profile:default]
10:08:13.654318 - GSETTINGS SCHEMA HANDLE: speech/punctuation-level not set [profile:default]
10:08:13.654356 - GSETTINGS REGISTRY: speech/punctuation-level using default value = 'most'
10:08:13.654409 - SPEECH PRESENTER: Adjusting 'Screen reader on.' from None start_offset: None
10:08:13.654424 - GSETTINGS SCHEMA HANDLE: speech/repeated-character-limit not set [profile:default]
10:08:13.654429 - GSETTINGS REGISTRY: speech/repeated-character-limit using default value = 4
10:08:13.654522 - GSETTINGS SCHEMA HANDLE: speech/use-pronunciation-dictionary not set [profile:default]
10:08:13.654529 - GSETTINGS REGISTRY: speech/use-pronunciation-dictionary using default value = True
10:08:13.654570 - GSETTINGS REGISTRY: Schema org.gnome.Orca.Pronunciations loaded
10:08:13.654593 - GSETTINGS SCHEMA HANDLE: pronunciations/entries no dict values set
10:08:13.654601 - GSETTINGS REGISTRY: pronunciations/entries using default value = {}
10:08:13.654610 - SPEECH PRESENTER: Adjusted text: 'Screen reader on.'
10:08:13.654616 - SPEECH: Speak 'Screen reader on.' acss: {'established': False}
10:08:13.654622 - SPEECH OUTPUT: 'Screen reader on.' {'established': False}
10:08:13.654628 - SPEECH DISPATCHER: Speaking 'Screen reader on.' as string
10:08:13.654819 - SPEECH DISPATCHER: Speaking '<speak><mark name="0:6"/>Screen <mark name="7:13"/>reader <mark name="14:17"/>on.</speak>' 
                  ORCA rate 50.0, pitch 5.0, volume 10.0, language C, punctuation: SOME
                  SD rate 2, pitch 10, volume 100, language c
10:08:13.655414 - SPEECH MANAGER: Speech server is <orca.speechdispatcherfactory.SpeechServer object at 0x7e310098d6a0>
10:08:13.655446 - GSETTINGS SCHEMA HANDLE: speech/capitalization-style not set [profile:default]
10:08:13.655451 - GSETTINGS REGISTRY: speech/capitalization-style using default value = 'none'
10:08:13.655757 - SPEECH MANAGER: Speech server is <orca.speechdispatcherfactory.SpeechServer object at 0x7e310098d6a0>
10:08:13.655802 - GSETTINGS SCHEMA HANDLE: speech/punctuation-level not set [profile:default]
10:08:13.655810 - GSETTINGS REGISTRY: speech/punctuation-level using default value = 'most'
10:08:13.655852 - GSETTINGS SCHEMA HANDLE: braille/enabled not set [profile:default]
10:08:13.655858 - GSETTINGS REGISTRY: braille/enabled using default value = True
10:08:13.655868 - GSETTINGS SCHEMA HANDLE: braille/flash-messages not set [profile:default]
10:08:13.655872 - GSETTINGS REGISTRY: braille/flash-messages using default value = True
10:08:13.655880 - GSETTINGS SCHEMA HANDLE: braille/flash-messages-detailed not set [profile:default]
10:08:13.655883 - GSETTINGS REGISTRY: braille/flash-messages-detailed using default value = True
10:08:13.655892 - GSETTINGS SCHEMA HANDLE: braille/enabled not set [profile:default]
10:08:13.655895 - GSETTINGS REGISTRY: braille/enabled using default value = True
10:08:13.655903 - GSETTINGS SCHEMA HANDLE: braille/flash-messages-persistent not set [profile:default]
10:08:13.655906 - GSETTINGS REGISTRY: braille/flash-messages-persistent using default value = False
10:08:13.655913 - GSETTINGS SCHEMA HANDLE: braille/flash-message-duration not set [profile:default]
10:08:13.655917 - GSETTINGS REGISTRY: braille/flash-message-duration using default value = 5000
10:08:13.655923 - BRAILLE: Display message: 'Screen reader on.' (flash_time: 5000)
10:08:13.655928 - BRAILLE: Initializing flash: Source ID: 0
10:08:13.655948 - BRAILLE: Not contracting 'Screen reader on.' because contracted braille is not enabled.
10:08:13.656081 - BRAILLE: Refresh. Pan: True target: 0
10:08:13.656125 - GSETTINGS SCHEMA HANDLE: braille/enabled not set [profile:default]
10:08:13.656134 - GSETTINGS REGISTRY: braille/enabled using default value = True
10:08:13.656163 - BRAILLE: Last text object: None (Caret: 0, Line: 0, Cell: 0)
10:08:13.656192 - BRAILLE: Current text object: None (Caret: 0, Line: 0). On same line: False
10:08:13.656201 - BRAILLE: Line 0: 'Screen reader on.' focusOffset: 0 [[0, 17]]
10:08:13.656208 - BRAILLE: Current range: (0, 32). Target cell: 0
10:08:13.656214 - BRAILLE LINE:  'Screen reader on.'
10:08:13.656219 -      VISIBLE:  'Screen reader on.', cursor=0
10:08:13.656233 - BRAILLE: Enabling braille. BrlAPI running: False
10:08:13.656237 - BRAILLE: Need to initialize first.
10:08:13.656252 - BRAILLE: Initializing. Callback: input_event_manager.InputEventManager.process_braille_event
10:08:13.656256 - BRAILLE: BrlAPI connection already in progress.
10:08:13.656270 - EVENT MANAGER: Activating <unknown>.<module>:373 > orca._activate_services:248 > event_manager.activate:85
10:08:13.659697 - INPUT EVENT MANAGER: Starting key watcher.
10:08:13.659749 - GSETTINGS SCHEMA HANDLE: keybindings/keyboard-layout not set [profile:default]
10:08:13.659757 - GSETTINGS REGISTRY: keybindings/keyboard-layout using default value = 'desktop'
10:08:13.659768 - GSETTINGS SCHEMA HANDLE: keybindings/desktop-modifier-keys not set [profile:default]
10:08:13.659773 - GSETTINGS REGISTRY: keybindings/desktop-modifier-keys using default value = ['Insert', 'KP_Insert']
10:08:13.660059 - INPUT EVENT MANAGER: Grab id for Insert: 0
10:08:13.660100 - INPUT EVENT MANAGER: Grab id for KP_Insert: 0
10:08:13.660106 - EVENT MANAGER: Activated
10:08:13.660113 - SCRIPT MANAGER: Activating <unknown>.<module>:373 > orca._activate_services:249 > script_manager.activate:56
10:08:13.660388 - EVENT MANAGER: Registering listeners for: default (module=orca.scripts.default)
10:08:13.660400 - EVENT MANAGER: registering listener for: document:attributes-changed
10:08:13.660601 - EVENT MANAGER: registering listener for: document:load-complete
10:08:13.660670 - EVENT MANAGER: registering listener for: document:load-stopped
10:08:13.660731 - EVENT MANAGER: registering listener for: document:page-changed
10:08:13.660788 - EVENT MANAGER: registering listener for: document:reload
10:08:13.660846 - EVENT MANAGER: registering listener for: mouse:button
10:08:13.660905 - EVENT MANAGER: registering listener for: object:active-descendant-changed
10:08:13.660965 - EVENT MANAGER: registering listener for: object:announcement
10:08:13.661057 - EVENT MANAGER: registering listener for: object:attributes-changed
10:08:13.661143 - EVENT MANAGER: registering listener for: object:children-changed:add
10:08:13.661229 - EVENT MANAGER: registering listener for: object:children-changed:remove
10:08:13.661305 - EVENT MANAGER: registering listener for: object:column-reordered
10:08:13.661363 - EVENT MANAGER: registering listener for: object:property-change:accessible-description
10:08:13.661437 - EVENT MANAGER: registering listener for: object:property-change:accessible-name
10:08:13.661514 - EVENT MANAGER: registering listener for: object:property-change:accessible-value
10:08:13.661587 - EVENT MANAGER: registering listener for: object:row-reordered
10:08:13.661645 - EVENT MANAGER: registering listener for: object:selection-changed
10:08:13.661703 - EVENT MANAGER: registering listener for: object:state-changed:active
10:08:13.661775 - EVENT MANAGER: registering listener for: object:state-changed:busy
10:08:13.661848 - EVENT MANAGER: registering listener for: object:state-changed:checked
10:08:13.661920 - EVENT MANAGER: registering listener for: object:state-changed:expanded
10:08:13.662001 - EVENT MANAGER: registering listener for: object:state-changed:focused
10:08:13.662077 - EVENT MANAGER: registering listener for: object:state-changed:indeterminate
10:08:13.662151 - EVENT MANAGER: registering listener for: object:state-changed:invalid-entry
10:08:13.662223 - EVENT MANAGER: registering listener for: object:state-changed:pressed
10:08:13.662295 - EVENT MANAGER: registering listener for: object:state-changed:selected
10:08:13.662367 - EVENT MANAGER: registering listener for: object:state-changed:sensitive
10:08:13.662438 - EVENT MANAGER: registering listener for: object:state-changed:showing
10:08:13.662512 - EVENT MANAGER: registering listener for: object:text-attributes-changed
10:08:13.662568 - EVENT MANAGER: registering listener for: object:text-caret-moved
10:08:13.662624 - EVENT MANAGER: registering listener for: object:text-changed:delete
10:08:13.662695 - EVENT MANAGER: registering listener for: object:text-changed:insert
10:08:13.662767 - EVENT MANAGER: registering listener for: object:text-selection-changed
10:08:13.662824 - EVENT MANAGER: registering listener for: object:value-changed
10:08:13.662880 - EVENT MANAGER: registering listener for: window:activate
10:08:13.662936 - EVENT MANAGER: registering listener for: window:create
10:08:13.662998 - EVENT MANAGER: registering listener for: window:deactivate
10:08:13.663056 - EVENT MANAGER: registering listener for: window:destroy
10:08:13.663142 - SCRIPT MANAGER: Setting active script to default (module=orca.scripts.default) reason: activate
10:08:13.663160 - DEFAULT: Activating script for None
10:08:13.663476 - SPEECH MANAGER: Speech server is <orca.speechdispatcherfactory.SpeechServer object at 0x7e310098d6a0>
10:08:13.663501 - GSETTINGS SCHEMA HANDLE: speech/punctuation-level not set [profile:default]
10:08:13.663507 - GSETTINGS REGISTRY: speech/punctuation-level using default value = 'most'
10:08:13.663842 - SPEECH MANAGER: Speech server is <orca.speechdispatcherfactory.SpeechServer object at 0x7e310098d6a0>
10:08:13.663860 - GSETTINGS SCHEMA HANDLE: speech/capitalization-style not set [profile:default]
10:08:13.663865 - GSETTINGS REGISTRY: speech/capitalization-style using default value = 'none'
10:08:13.664046 - SPEECH MANAGER: Speech server is <orca.speechdispatcherfactory.SpeechServer object at 0x7e310098d6a0>
10:08:13.664085 - GSETTINGS SCHEMA HANDLE: speech/synthesizer not set [profile:default]
10:08:13.664108 - SCRIPT MANAGER: Active script is: default (module=orca.scripts.default)
10:08:13.664113 - CARET NAVIGATOR: Commands suspended: False: script activation, no prior state
10:08:13.664127 - GSETTINGS SCHEMA HANDLE: keybindings/keyboard-layout not set [profile:default]
10:08:13.664133 - GSETTINGS REGISTRY: keybindings/keyboard-layout using default value = 'desktop'
10:08:13.664141 - GSETTINGS SCHEMA HANDLE: keybindings/desktop-modifier-keys not set [profile:default]
10:08:13.664145 - GSETTINGS REGISTRY: keybindings/desktop-modifier-keys using default value = ['Insert', 'KP_Insert']
10:08:13.664179 - SCRIPT MANAGER: Active script is: default (module=orca.scripts.default)
10:08:13.664184 - STRUCTURAL NAVIGATOR: Suspended: False: script activation, no prior state
10:08:13.664194 - GSETTINGS SCHEMA HANDLE: keybindings/keyboard-layout not set [profile:default]
10:08:13.664197 - GSETTINGS REGISTRY: keybindings/keyboard-layout using default value = 'desktop'
10:08:13.664204 - GSETTINGS SCHEMA HANDLE: keybindings/desktop-modifier-keys not set [profile:default]
10:08:13.664208 - GSETTINGS REGISTRY: keybindings/desktop-modifier-keys using default value = ['Insert', 'KP_Insert']
10:08:13.664247 - STRUCTURAL NAVIGATOR: Setting mode for default (module=orca.scripts.default) to NavigationMode.OFF
10:08:13.664260 - SCRIPT MANAGER: Active script is: default (module=orca.scripts.default)
10:08:13.664271 - GSETTINGS SCHEMA HANDLE: keybindings/keyboard-layout not set [profile:default]
10:08:13.664274 - GSETTINGS REGISTRY: keybindings/keyboard-layout using default value = 'desktop'
10:08:13.664284 - GSETTINGS SCHEMA HANDLE: keybindings/desktop-modifier-keys not set [profile:default]
10:08:13.664290 - GSETTINGS REGISTRY: keybindings/desktop-modifier-keys using default value = ['Insert', 'KP_Insert']
10:08:13.664344 - CARET NAVIGATOR: Setting enabled state for default (module=orca.scripts.default) to False
10:08:13.664365 - SCRIPT MANAGER: Active script is: default (module=orca.scripts.default)
10:08:13.664380 - GSETTINGS SCHEMA HANDLE: keybindings/keyboard-layout not set [profile:default]
10:08:13.664386 - GSETTINGS REGISTRY: keybindings/keyboard-layout using default value = 'desktop'
10:08:13.664397 - GSETTINGS SCHEMA HANDLE: keybindings/desktop-modifier-keys not set [profile:default]
10:08:13.664402 - GSETTINGS REGISTRY: keybindings/desktop-modifier-keys using default value = ['Insert', 'KP_Insert']
10:08:13.664418 - COMMAND MANAGER: Activating commands: activated default (module=orca.scripts.default)
10:08:13.664511 - GSETTINGS SCHEMA HANDLE: keybindings/entries no dict values set
10:08:13.664518 - GSETTINGS REGISTRY: keybindings/entries using default value = {}
10:08:13.664525 - COMMAND MANAGER: No user overrides to apply
10:08:13.664595 - GSETTINGS SCHEMA HANDLE: keybindings/keyboard-layout not set [profile:default]
10:08:13.664603 - GSETTINGS REGISTRY: keybindings/keyboard-layout using default value = 'desktop'
10:08:13.664613 - GSETTINGS SCHEMA HANDLE: keybindings/desktop-modifier-keys not set [profile:default]
10:08:13.664620 - GSETTINGS REGISTRY: keybindings/desktop-modifier-keys using default value = ['Insert', 'KP_Insert']

vvvvv COMMAND MANAGER: Grab diff: activated default (module=orca.scripts.default) (old: 77, new: 77) vvvvv
10:08:13.666662 -   Added (46):
10:08:13.666682 -     Orca+KP_Divide: routePointerToItemHandler
10:08:13.666690 -     Orca+space: preferencesSettingsHandler
10:08:13.666696 -     Orca+Control+space: appPreferencesSettingsHandler
10:08:13.666700 -     Orca+s: toggleSilenceSpeechHandler
10:08:13.666705 -     Orca+v: toggleSpeechVerbosityHandler
10:08:13.666709 -     Orca+F11: toggleTableCellReadModeHandler
10:08:13.666713 -     Orca+Shift+d: toggle_speech_monitor
10:08:13.666717 -     Orca+t: presentTimeHandler
10:08:13.666721 -     Orca+t x2: presentDateHandler
10:08:13.666725 -     Orca+Control+Up: object_navigator_up
10:08:13.666729 -     Orca+Control+Down: object_navigator_down
10:08:13.666736 -     Orca+Control+Right: object_navigator_next
10:08:13.666740 -     Orca+Control+Left: object_navigator_previous
10:08:13.666744 -     Orca+Control+Return: object_navigator_perform_action
10:08:13.666748 -     Orca+Control+s: object_navigator_toggle_simplify
10:08:13.666752 -     Orca+F12: toggle_enabled
10:08:13.666755 -     Orca+z: structural_navigator_mode_cycle
10:08:13.666759 -     Orca+Shift+t: table_navigator_toggle_enabled
10:08:13.666764 -     Orca+Alt+Shift+Left: table_cell_beginning_of_row
10:08:13.666768 -     Orca+Alt+Shift+Right: table_cell_end_of_row
10:08:13.666772 -     Orca+Alt+Shift+Up: table_cell_top_of_column
10:08:13.666776 -     Orca+Alt+Shift+Down: table_cell_bottom_of_column
10:08:13.666780 -     Orca+Shift+r: set_dynamic_column_headers_row
10:08:13.666784 -     Orca+Shift+r x2: clear_dynamic_column_headers_row
10:08:13.666788 -     Orca+Shift+c: set_dynamic_row_headers_column
10:08:13.666792 -     Orca+Shift+c x2: clear_dynamic_row_headers_column
10:08:13.666795 -     Orca+a: toggle_presentation_mode
10:08:13.666799 -     Orca+a x2: enable_sticky_focus_mode
10:08:13.666803 -     Orca+a x3: enable_sticky_browse_mode
10:08:13.666807 -     Orca+backslash: toggle_live_region_support
10:08:13.666811 -     Orca+h: enterLearnModeHandler
10:08:13.666815 -     Orca+Shift+a: show_actions_list
10:08:13.666818 -     Orca+KP_Home: reviewHomeHandler
10:08:13.666822 -     Orca+KP_Page_Up: reviewEndHandler
10:08:13.666826 -     Orca+KP_End: reviewEndOfLineHandler
10:08:13.666830 -     Orca+KP_Begin: reviewCurrentAccessibleHandler
10:08:13.666833 -     Orca+KP_Left: reviewAboveHandler
10:08:13.666837 -     Orca+KP_Right: reviewBelowHandler
10:08:13.666841 -     Orca+KP_Delete: findNextHandler
10:08:13.666844 -     Orca+Shift+KP_Delete: findPreviousHandler
10:08:13.666848 -     Orca+f: readCharAttributesHandler
10:08:13.666852 -     Orca+KP_Enter: getTitleHandler
10:08:13.666856 -     Orca+KP_Enter x2: getStatusBarHandler
10:08:13.666859 -     Orca+e: present_default_button
10:08:13.666863 -     Orca+equal: present_cell_formula
10:08:13.666867 -     Orca+Shift+Up: whereAmISelectionHandler
^^^^^ COMMAND MANAGER: Diff completed in 0.0022s. Removed 0, added 46, transferred 0 ^^^^^

10:08:13.666899 - GSETTINGS SCHEMA HANDLE: speech/enable not set [profile:default]
10:08:13.666904 - GSETTINGS REGISTRY: speech/enable using default value = True
10:08:13.666908 - SPEECH MANAGER: Speech is enabled.
10:08:13.666940 - SPEECH MANAGER: start_speech. Script: None Event: None notify_user: False
10:08:13.666944 - SPEECH MANAGER: Initializing server
10:08:13.666948 - SPEECH MANAGER: Already initialized
10:08:13.666962 - GSETTINGS SCHEMA HANDLE: keybindings/keyboard-layout not set [profile:default]
10:08:13.666966 - GSETTINGS REGISTRY: keybindings/keyboard-layout using default value = 'desktop'
10:08:13.666970 - COMMAND MANAGER: Setting keyboard layout is_desktop to True.
10:08:13.667031 - GSETTINGS SCHEMA HANDLE: keybindings/entries no dict values set
10:08:13.667042 - GSETTINGS REGISTRY: keybindings/entries using default value = {}
10:08:13.667046 - COMMAND MANAGER: No user overrides to apply
10:08:13.667086 - GSETTINGS SCHEMA HANDLE: keybindings/keyboard-layout not set [profile:default]
10:08:13.667092 - GSETTINGS REGISTRY: keybindings/keyboard-layout using default value = 'desktop'
10:08:13.667099 - GSETTINGS SCHEMA HANDLE: keybindings/desktop-modifier-keys not set [profile:default]
10:08:13.667103 - GSETTINGS REGISTRY: keybindings/desktop-modifier-keys using default value = ['Insert', 'KP_Insert']

vvvvv COMMAND MANAGER: Grab diff: keyboard layout change (old: 77, new: 77) vvvvv
10:08:13.667641 -   No grab changes
^^^^^ COMMAND MANAGER: Diff completed in 0.0005s. Removed 0, added 0, transferred 0 ^^^^^

10:08:13.667652 - COMMAND MANAGER: Keyboard layout set to desktop.
10:08:13.667665 - GSETTINGS SCHEMA HANDLE: keybindings/keyboard-layout not set [profile:default]
10:08:13.667670 - GSETTINGS REGISTRY: keybindings/keyboard-layout using default value = 'desktop'
10:08:13.667681 - GSETTINGS SCHEMA HANDLE: keybindings/desktop-modifier-keys not set [profile:default]
10:08:13.667684 - GSETTINGS REGISTRY: keybindings/desktop-modifier-keys using default value = ['Insert', 'KP_Insert']
10:08:13.667689 - SCRIPT MANAGER: Activated
10:08:13.667799 - AXUtilities: Unable to find active window from []
10:08:13.667808 - CLIPBOARD PRESENTER: Activating
10:08:13.668704 - CLIPBOARD PRESENTER: Could not access klipper interface: The name org.kde.klipper was not provided by any .service files
10:08:13.668941 - CLIPBOARD PRESENTER: Could not access GPaste interface: The name org.gnome.GPaste was not provided by any .service files
10:08:13.669126 - CLIPBOARD PRESENTER: Using Gtk.Clipboard as fallback.
10:08:13.669139 - CLIPBOARD PRESENTER: Activated
10:08:13.669154 - ORCA: Starting Atspi main event loop
10:08:13.669239 - WARNING: Braille initialization failed: BrlAPI connection unavailable.
10:08:13.669253 - BRAILLE: Scheduling BrlAPI retry in 2000 ms.

10:08:13.669670 - EVENT MANAGER: object:children-changed:add for [desktop frame: 'main' (0x7e3117f126c0)]  in  (0, 0, [application: 'orca' (0x7e3100079f80)])
10:08:13.669699 - FOCUS MANAGER: Locus of focus is None
10:08:13.669924 - SCRIPT MANAGER: Active script is: default (module=orca.scripts.default)
10:08:13.669968 - EVENT MANAGER: Queueing object:children-changed:add for [desktop frame: 'main' (0x7e310099d440)]  in  (0, 0, [application: 'orca' (0x7e310099ee40)])
10:08:13.669990 - EVENT MANAGER: App for event source is None
10:08:13.670011 - SCRIPT MANAGER: Getting script for None [desktop frame: 'main' (0x7e31000b2e40)] 
10:08:13.670069 - SCRIPT MANAGER: Script is app script default (module=orca.scripts.default)
10:08:13.670104 - EVENT MANAGER: object:children-changed:add for [desktop frame: 'main' (0x7e31000b0680)]  in  (0, 0, [application: 'orca' (0x7e31000b0bc0)]) has priority level: 6
10:08:13.670139 - EVENT MANAGER: Queued object:children-changed:add for [desktop frame: 'main' (0x7e310006ae40)]  in  (0, 0, [application: 'orca' (0x7e31000b2e40)]) priority: 6, counter: 0
10:08:13.670186 - EVENT MANAGER: Dequeueing object:children-changed:add for [desktop frame: 'main' (0x7e31000b0680)]  in  (0, 0, [application: 'orca' (0x7e3100068bc0)])
10:08:13.670214 - EVENT MANAGER: Dequeued object:children-changed:add for [desktop frame: 'main' (0x7e310006b1c0)]  in  (0, 0, [application: 'orca' (0x7e31000b31c0)]) priority: 6, counter: 0

vvvvv START PRIORITY-6 OBJECT EVENT OBJECT:CHILDREN-CHANGED:ADD (queue size: 0) vvvvv
10:08:13.670898 - EVENT SOURCE:
                  app='' name='main' role='desktop frame' axid='None' id=0x7e31000b3100
                  description=''
                  help=''
                  locale=''
                  states=''
                  relations=''
                  actions=''
                  interfaces='Component'
                  attributes=''
                  text=''
                  path=[-1]
                  
                  EVENT ANY DATA:
                  name='orca' role='application' axid='' id=0x7e310006b1c0
                  description=''
                  help=''
                  locale='C.UTF-8'
                  states=''
                  relations=''
                  actions=''
                  interfaces='Collection'
                  attributes=''
                  text=''
                  path=[-1]
                  
10:08:13.670926 - SCRIPT MANAGER: Active script is: default (module=orca.scripts.default)
10:08:13.670947 - FOCUS MANAGER: Locus of focus is None
10:08:13.670980 - EVENT MANAGER: Getting script for event for None [desktop frame: 'main' (0x7e310007b780)] 
10:08:13.671000 - SCRIPT MANAGER: Getting script for None [desktop frame: 'main' (0x7e310007b780)] 
10:08:13.671052 - SCRIPT MANAGER: Script is app script default (module=orca.scripts.default)
10:08:13.671066 - EVENT MANAGER: Script for event is default (module=orca.scripts.default)
10:08:13.671078 - EVENT MANAGER: Processing object:children-changed:add: script for event is active
10:08:13.671088 - AXUtilitiesRelation: Clearing local cache. Reason: children-changed event.
10:08:13.671097 - AXObject: Clearing local cache. Reason: children-changed event.
10:08:13.671102 - AXUtilitiesRelation: Clearing local cache. Reason: children-changed event.
10:08:13.671109 - AXUtilitiesEvent: Clearing local cache. Reason: children-changed event.
10:08:13.671117 - AXUtilitiesSelection: Clearing cache. Reason: children-changed event.
TOTAL PROCESSING TIME: 0.0009
^^^^^ FINISHED PRIORITY-6 OBJECT EVENT OBJECT:CHILDREN-CHANGED:ADD ^^^^^


10:08:13.873547 - EVENT MANAGER: object:children-changed:add for [desktop frame: 'main' (0x7e3100a39000)]  in  (1, 0, [application: 'xdg-desktop-portal-gtk' (0x7e3100a39000)])
10:08:13.873615 - FOCUS MANAGER: Locus of focus is None
10:08:13.873743 - SCRIPT MANAGER: Active script is: default (module=orca.scripts.default)
10:08:13.873789 - EVENT MANAGER: Queueing object:children-changed:add for [desktop frame: 'main' (0x7e31000b3a40)]  in  (1, 0, [application: 'xdg-desktop-portal-gtk' (0x7e31000b3bc0)])
10:08:13.873813 - EVENT MANAGER: App for event source is None
10:08:13.873835 - SCRIPT MANAGER: Getting script for None [desktop frame: 'main' (0x7e31000b3c80)] 
10:08:13.873935 - SCRIPT MANAGER: Script is app script default (module=orca.scripts.default)
10:08:13.873983 - EVENT MANAGER: object:children-changed:add for [desktop frame: 'main' (0x7e31000b3d80)]  in  (1, 0, [application: 'xdg-desktop-portal-gtk' (0x7e31000b3d40)]) has priority level: 6
10:08:13.874030 - EVENT MANAGER: Queued object:children-changed:add for [desktop frame: 'main' (0x7e31000b3e00)]  in  (1, 0, [application: 'xdg-desktop-portal-gtk' (0x7e31000b3cc0)]) priority: 6, counter: 1
10:08:13.874220 - EVENT MANAGER: Dequeueing object:children-changed:add for [desktop frame: 'main' (0x7e31000b3dc0)]  in  (1, 0, [application: 'xdg-desktop-portal-gtk' (0x7e31000b3e80)])
10:08:13.874268 - EVENT MANAGER: Dequeued object:children-changed:add for [desktop frame: 'main' (0x7e31000b3f80)]  in  (1, 0, [application: 'xdg-desktop-portal-gtk' (0x7e31000b3ec0)]) priority: 6, counter: 1

vvvvv START PRIORITY-6 OBJECT EVENT OBJECT:CHILDREN-CHANGED:ADD (queue size: 0) vvvvv
10:08:13.874842 - EVENT SOURCE:
                  app='' name='main' role='desktop frame' axid='None' id=0x7e31000c8080
                  description=''
                  help=''
                  locale=''
                  states=''
                  relations=''
                  actions=''
                  interfaces='Component'
                  attributes=''
                  text=''
                  path=[-1]
                  
                  EVENT ANY DATA:
                  name='xdg-desktop-portal-gtk' role='application' axid='' id=0x7e31000c8080
                  description=''
                  help=''
                  locale='C.UTF-8'
                  states=''
                  relations=''
                  actions=''
                  interfaces='Collection'
                  attributes=''
                  text=''
                  path=[-1]
                  
10:08:13.874867 - SCRIPT MANAGER: Active script is: default (module=orca.scripts.default)
10:08:13.874889 - FOCUS MANAGER: Locus of focus is None
10:08:13.874916 - EVENT MANAGER: Getting script for event for None [desktop frame: 'main' (0x7e31000680c0)] 
10:08:13.874934 - SCRIPT MANAGER: Getting script for None [desktop frame: 'main' (0x7e31000680c0)] 
10:08:13.875021 - SCRIPT MANAGER: Script is app script default (module=orca.scripts.default)
10:08:13.875038 - EVENT MANAGER: Script for event is default (module=orca.scripts.default)
10:08:13.875045 - EVENT MANAGER: Processing object:children-changed:add: script for event is active
10:08:13.875057 - AXUtilitiesRelation: Clearing local cache. Reason: children-changed event.
10:08:13.875063 - AXObject: Clearing local cache. Reason: children-changed event.
10:08:13.875068 - AXUtilitiesRelation: Clearing local cache. Reason: children-changed event.
10:08:13.875075 - AXUtilitiesEvent: Clearing local cache. Reason: children-changed event.
10:08:13.875083 - AXUtilitiesSelection: Clearing cache. Reason: children-changed event.
TOTAL PROCESSING TIME: 0.0008
^^^^^ FINISHED PRIORITY-6 OBJECT EVENT OBJECT:CHILDREN-CHANGED:ADD ^^^^^


10:08:13.937452 - EVENT MANAGER: object:children-changed:add for [desktop frame: 'main' (0x7e31000c80c0)]  in  (2, 0, [application: 'org.gnome.Terminal' (0x7e31000c8500)])
10:08:13.937508 - FOCUS MANAGER: Locus of focus is None
10:08:13.937586 - EVENT_MANAGER: Ignoring object:children-changed:add due to multiple instances in short time

10:08:14.087251 - EVENT MANAGER: object:property-change:accessible-name for [button: 'New Tab' (0x7e3100078580)]  in org.gnome.Terminal (gtk 3.24.52) (0, 0, New Tab)
10:08:14.087372 - FOCUS MANAGER: Locus of focus is None
10:08:14.087774 - EVENT MANAGER: Queueing object:property-change:accessible-name for [button: 'New Tab' (0x7e31000c8580)]  in org.gnome.Terminal (gtk 3.24.52) (0, 0, New Tab)
10:08:14.087828 - EVENT MANAGER: App for event source is [application: 'org.gnome.Terminal' (0x7e31000c8580)] 
10:08:14.087883 - SCRIPT MANAGER: Getting script for [application: 'org.gnome.Terminal' (0x7e31000c8580)]  [button: 'New Tab' (0x7e31000c80c0)] 
10:08:14.088028 - SCRIPT MANAGER: Creating toolkit script for [application: 'org.gnome.Terminal' (0x7e31000c8580)]  [button: 'New Tab' (0x7e31000c80c0)]  gtk
10:08:14.088105 - SCRIPT MANAGER: Mapped [application: 'org.gnome.Terminal' (0x7e31000c8580)]  to Terminal
10:08:14.088871 - SCRIPT MANAGER: Found orca.scripts.toolkits.gtk
10:08:14.089805 - DEFAULT: Setting up commands for [application: 'org.gnome.Terminal' (0x7e31000c8580)] 
10:08:14.089872 - DEFAULT: Commands already initialized.
10:08:14.089897 - SCRIPT: org.gnome.Terminal (module=orca.scripts.toolkits.gtk.script) initialized
10:08:14.089941 - SCRIPT MANAGER: Creating app script for [application: 'org.gnome.Terminal' (0x7e31000c8580)] 
10:08:14.089989 - SCRIPT MANAGER: Mapped [application: 'org.gnome.Terminal' (0x7e31000c8580)]  to Terminal
10:08:14.090125 - SCRIPT MANAGER: Found orca.scripts.toolkits.gtk
10:08:14.090349 - DEFAULT: Setting up commands for [application: 'org.gnome.Terminal' (0x7e31000c8580)] 
10:08:14.090359 - DEFAULT: Commands already initialized.
10:08:14.090364 - SCRIPT: org.gnome.Terminal (module=orca.scripts.toolkits.gtk.script) initialized
10:08:14.090396 - SCRIPT MANAGER: Script is app script org.gnome.Terminal (module=orca.scripts.toolkits.gtk.script)
10:08:14.090460 - EVENT MANAGER: object:property-change:accessible-name for [button: 'New Tab' (0x7e31000d3800)]  in org.gnome.Terminal (gtk 3.24.52) (0, 0, New Tab) has priority level: 4
10:08:14.090518 - EVENT MANAGER: Queued object:property-change:accessible-name for [button: 'New Tab' (0x7e31000b3780)]  in org.gnome.Terminal (gtk 3.24.52) (0, 0, New Tab) priority: 4, counter: 2
10:08:14.093820 - EVENT MANAGER: Dequeueing object:property-change:accessible-name for [button: 'New Tab' (0x7e31000d36c0)]  in org.gnome.Terminal (gtk 3.24.52) (0, 0, New Tab)
10:08:14.093881 - EVENT MANAGER: Dequeued object:property-change:accessible-name for [button: 'New Tab' (0x7e31000d3780)]  in org.gnome.Terminal (gtk 3.24.52) (0, 0, New Tab) priority: 4, counter: 2

vvvvv START PRIORITY-4 OBJECT EVENT OBJECT:PROPERTY-CHANGE:ACCESSIBLE-NAME (queue size: 0) vvvvv

10:08:14.094157 - EVENT MANAGER: object:property-change:accessible-name for [toggle button: 'Profiles' (0x7e31000b3940)]  in org.gnome.Terminal (gtk 3.24.52) (0, 0, Profiles)
10:08:14.094183 - FOCUS MANAGER: Locus of focus is None
10:08:14.094269 - EVENT_MANAGER: Ignoring object:property-change:accessible-name due to multiple instances in short time

10:08:14.094369 - EVENT MANAGER: object:property-change:accessible-name for [button: 'Find' (0x7e31000d3b00)]  in org.gnome.Terminal (gtk 3.24.52) (0, 0, Find)
10:08:14.094385 - FOCUS MANAGER: Locus of focus is None
10:08:14.094450 - EVENT_MANAGER: Ignoring object:property-change:accessible-name due to multiple instances in short time

10:08:14.094583 - EVENT MANAGER: object:state-changed:sensitive for [toggle button: 'Profiles' (0x7e31000d3b00)]  in org.gnome.Terminal (gtk 3.24.52) (1, 0, 0)
10:08:14.094605 - FOCUS MANAGER: Locus of focus is None
10:08:14.094688 - EVENT MANAGER: Ignoring object:state-changed:sensitive due to role of unfocused source

10:08:14.094836 - EVENT MANAGER: object:children-changed:add for [frame: 'Terminal' (0x7e31000d3cc0)]  in org.gnome.Terminal (gtk 3.24.52) (-1, 0, [panel (0x7e31000d3c80)])
10:08:14.094853 - FOCUS MANAGER: Locus of focus is None
10:08:14.094872 - EVENT MANAGER: Not ignoring object:children-changed:add based on role
10:08:14.094902 - EVENT MANAGER: Queueing object:children-changed:add for [frame: 'Terminal' (0x7e31000d3d00)]  in org.gnome.Terminal (gtk 3.24.52) (-1, 0, [panel (0x7e31000d3d40)])
10:08:14.094917 - EVENT MANAGER: App for event source is [application: 'org.gnome.Terminal' (0x7e31000c8580)] 
10:08:14.094933 - SCRIPT MANAGER: Getting script for [application: 'org.gnome.Terminal' (0x7e31000c8580)]  [frame: 'Terminal' (0x7e3100c08600)] 
10:08:14.095010 - SCRIPT MANAGER: Script is app script org.gnome.Terminal (module=orca.scripts.toolkits.gtk.script)
10:08:14.095053 - EVENT MANAGER: object:children-changed:add for [frame: 'Terminal' (0x7e31000d3f00)]  in org.gnome.Terminal (gtk 3.24.52) (-1, 0, [panel (0x7e310007ae00)]) has priority level: 6
10:08:14.095092 - EVENT MANAGER: Queued object:children-changed:add for [frame: 'Terminal' (0x7e31000b3f80)]  in org.gnome.Terminal (gtk 3.24.52) (-1, 0, [panel (0x7e31000d3f80)]) priority: 6, counter: 3

10:08:14.095589 - EVENT MANAGER: object:state-changed:sensitive for [button: 'Find' (0x7e31000d3f80)]  in org.gnome.Terminal (gtk 3.24.52) (1, 0, 0)
10:08:14.095630 - FOCUS MANAGER: Locus of focus is None
10:08:14.095715 - EVENT_MANAGER: Ignoring object:state-changed:sensitive due to multiple instances in short time

10:08:14.095777 - EVENT MANAGER: object:state-changed:sensitive for [button: 'New Tab' (0x7e31000d3840)]  in org.gnome.Terminal (gtk 3.24.52) (1, 0, 0)
10:08:14.095793 - FOCUS MANAGER: Locus of focus is None
10:08:14.095835 - EVENT_MANAGER: Ignoring object:state-changed:sensitive due to multiple instances in short time

10:08:14.096426 - EVENT MANAGER: object:state-changed:sensitive for [panel (0x7e31000d41c0)]  in org.gnome.Terminal (gtk 3.24.52) (1, 0, 0)
10:08:14.096446 - FOCUS MANAGER: Locus of focus is None
10:08:14.096519 - EVENT_MANAGER: Ignoring object:state-changed:sensitive due to multiple instances in short time

10:08:14.096608 - EVENT MANAGER: object:state-changed:sensitive for [toggle button: 'Menu' (0x7e31000d44c0)]  in org.gnome.Terminal (gtk 3.24.52) (1, 0, 0)
10:08:14.096644 - FOCUS MANAGER: Locus of focus is None
10:08:14.096709 - EVENT_MANAGER: Ignoring object:state-changed:sensitive due to multiple instances in short time

10:08:14.099035 - EVENT MANAGER: object:state-changed:sensitive for [check box: 'Read-Only' (0x7e31000d46c0)]  in org.gnome.Terminal (gtk 3.24.52) (1, 0, 0)
10:08:14.099081 - FOCUS MANAGER: Locus of focus is None
10:08:14.099186 - EVENT_MANAGER: Ignoring object:state-changed:sensitive due to multiple instances in short time

10:08:14.099496 - EVENT MANAGER: object:state-changed:checked for [check menu item: 'Show Menubar' (0x7e3100961d80)]  in org.gnome.Terminal (gtk 3.24.52) (1, 0, 0)
10:08:14.099514 - FOCUS MANAGER: Locus of focus is None
10:08:14.099608 - EVENT MANAGER: Ignoring object:state-changed:checked due to unfocused, non-showing source

10:08:14.099838 - EVENT MANAGER: object:state-changed:sensitive for [check menu item: 'Read-Only' (0x7e31000d4f00)]  in org.gnome.Terminal (gtk 3.24.52) (1, 0, 0)
10:08:14.099855 - FOCUS MANAGER: Locus of focus is None
10:08:14.099917 - EVENT_MANAGER: Ignoring object:state-changed:sensitive due to multiple instances in short time

10:08:14.100157 - EVENT MANAGER: object:state-changed:sensitive for [check menu item: 'Full Screen' (0x7e31000d4f40)]  in org.gnome.Terminal (gtk 3.24.52) (1, 0, 0)
10:08:14.100176 - FOCUS MANAGER: Locus of focus is None
10:08:14.100238 - EVENT_MANAGER: Ignoring object:state-changed:sensitive due to multiple instances in short time

10:08:14.100467 - EVENT MANAGER: object:state-changed:checked for [check menu item: 'Show Menubar' (0x7e310099d440)]  in org.gnome.Terminal (gtk 3.24.52) (0, 0, 0)
10:08:14.100487 - FOCUS MANAGER: Locus of focus is None
10:08:14.100546 - EVENT_MANAGER: Ignoring object:state-changed:checked due to multiple instances in short time

10:08:14.100609 - EVENT MANAGER: object:property-change:accessible-name for [frame: 'Terminal' (0x7e31000d5740)]  in org.gnome.Terminal (gtk 3.24.52) (0, 0, Terminal)
10:08:14.100623 - FOCUS MANAGER: Locus of focus is None
10:08:14.100641 - EVENT MANAGER: Not ignoring object:property-change:accessible-name based on role
10:08:14.100672 - EVENT MANAGER: Queueing object:property-change:accessible-name for [frame: 'Terminal' (0x7e31000d58c0)]  in org.gnome.Terminal (gtk 3.24.52) (0, 0, Terminal)
10:08:14.100686 - EVENT MANAGER: App for event source is [application: 'org.gnome.Terminal' (0x7e31000c8580)] 
10:08:14.100702 - SCRIPT MANAGER: Getting script for [application: 'org.gnome.Terminal' (0x7e31000c8580)]  [frame: 'Terminal' (0x7e31000d5100)] 
10:08:14.100729 - SCRIPT MANAGER: Script is app script org.gnome.Terminal (module=orca.scripts.toolkits.gtk.script)
10:08:14.100767 - EVENT MANAGER: object:property-change:accessible-name for [frame: 'Terminal' (0x7e31000d5a40)]  in org.gnome.Terminal (gtk 3.24.52) (0, 0, Terminal) has priority level: 4
10:08:14.100804 - EVENT MANAGER: Queued object:property-change:accessible-name for [frame: 'Terminal' (0x7e31000d5ac0)]  in org.gnome.Terminal (gtk 3.24.52) (0, 0, Terminal) priority: 4, counter: 4

10:08:14.100865 - EVENT MANAGER: object:state-changed:showing for [button: 'New Tab' (0x7e31000d3840)]  in org.gnome.Terminal (gtk 3.24.52) (1, 0, 0)
10:08:14.100879 - FOCUS MANAGER: Locus of focus is None
10:08:14.100931 - EVENT MANAGER: Ignoring object:state-changed:showing due to role

10:08:14.100968 - EVENT MANAGER: object:state-changed:showing for [toggle button: 'Menu' (0x7e31000d5d80)]  in org.gnome.Terminal (gtk 3.24.52) (1, 0, 0)
10:08:14.100990 - FOCUS MANAGER: Locus of focus is None
10:08:14.101034 - EVENT_MANAGER: Ignoring object:state-changed:showing due to multiple instances in short time

10:08:14.101142 - EVENT MANAGER: object:state-changed:showing for [button: 'Find' (0x7e31000d6140)]  in org.gnome.Terminal (gtk 3.24.52) (1, 0, 0)
10:08:14.101157 - FOCUS MANAGER: Locus of focus is None
10:08:14.101217 - EVENT_MANAGER: Ignoring object:state-changed:showing due to multiple instances in short time

10:08:14.101349 - EVENT MANAGER: object:state-changed:showing for [button: 'Minimize' (0x7e310099e500)]  in org.gnome.Terminal (gtk 3.24.52) (1, 0, 0)
10:08:14.101364 - FOCUS MANAGER: Locus of focus is None
10:08:14.101422 - EVENT_MANAGER: Ignoring object:state-changed:showing due to multiple instances in short time

10:08:14.101556 - EVENT MANAGER: object:state-changed:showing for [button: 'Maximize' (0x7e31000d6700)]  in org.gnome.Terminal (gtk 3.24.52) (1, 0, 0)
10:08:14.101572 - FOCUS MANAGER: Locus of focus is None
10:08:14.101630 - EVENT_MANAGER: Ignoring object:state-changed:showing due to multiple instances in short time

10:08:14.101761 - EVENT MANAGER: object:state-changed:showing for [button: 'Close' (0x7e31000d6980)]  in org.gnome.Terminal (gtk 3.24.52) (1, 0, 0)
10:08:14.101776 - FOCUS MANAGER: Locus of focus is None
10:08:14.101834 - EVENT_MANAGER: Ignoring object:state-changed:showing due to multiple instances in short time

10:08:14.101871 - EVENT MANAGER: object:state-changed:showing for [frame: 'Terminal' (0x7e31000d6ac0)]  in org.gnome.Terminal (gtk 3.24.52) (1, 0, 0)
10:08:14.101885 - FOCUS MANAGER: Locus of focus is None
10:08:14.101901 - EVENT MANAGER: Not ignoring object:state-changed:showing based on role
10:08:14.101929 - EVENT MANAGER: Queueing object:state-changed:showing for [frame: 'Terminal' (0x7e31000d6d00)]  in org.gnome.Terminal (gtk 3.24.52) (1, 0, 0)
10:08:14.101943 - EVENT MANAGER: App for event source is [application: 'org.gnome.Terminal' (0x7e31000c8580)] 
10:08:14.101959 - SCRIPT MANAGER: Getting script for [application: 'org.gnome.Terminal' (0x7e31000c8580)]  [frame: 'Terminal' (0x7e31000d6d80)] 
10:08:14.101991 - SCRIPT MANAGER: Script is app script org.gnome.Terminal (module=orca.scripts.toolkits.gtk.script)
10:08:14.102027 - EVENT MANAGER: object:state-changed:showing for [frame: 'Terminal' (0x7e31000d6d40)]  in org.gnome.Terminal (gtk 3.24.52) (1, 0, 0) has priority level: 4
10:08:14.102061 - EVENT MANAGER: Queued object:state-changed:showing for [frame: 'Terminal' (0x7e31000d6e00)]  in org.gnome.Terminal (gtk 3.24.52) (1, 0, 0) priority: 4, counter: 5

10:08:14.102096 - EVENT MANAGER: object:children-changed:add for [application: 'org.gnome.Terminal' (0x7e31000c8580)]  in org.gnome.Terminal (gtk 3.24.52) (0, 0, [frame: 'Terminal' (0x7e31000d6f80)])
10:08:14.102109 - FOCUS MANAGER: Locus of focus is None
10:08:14.102173 - SCRIPT MANAGER: Active script is: default (module=orca.scripts.default)
10:08:14.102184 - EVENT MANAGER: Ignoring object:children-changed:add because event is not from active app

10:08:14.102217 - EVENT MANAGER: window:create for [frame: 'Terminal' (0x7e310099eec0)]  in org.gnome.Terminal (gtk 3.24.52) (0, 0, Terminal)
10:08:14.102245 - EVENT MANAGER: Queueing window:create for [frame: 'Terminal' (0x7e31000d7040)]  in org.gnome.Terminal (gtk 3.24.52) (0, 0, Terminal)
10:08:14.102259 - EVENT MANAGER: App for event source is [application: 'org.gnome.Terminal' (0x7e31000c8580)] 
10:08:14.102274 - SCRIPT MANAGER: Getting script for [application: 'org.gnome.Terminal' (0x7e31000c8580)]  [frame: 'Terminal' (0x7e31009a6900)] 
10:08:14.102296 - SCRIPT MANAGER: Script is app script org.gnome.Terminal (module=orca.scripts.toolkits.gtk.script)
10:08:14.102330 - EVENT MANAGER: window:create for [frame: 'Terminal' (0x7e31000d7300)]  in org.gnome.Terminal (gtk 3.24.52) (0, 0, Terminal) has priority level: 2
10:08:14.102364 - EVENT MANAGER: Queued window:create for [frame: 'Terminal' (0x7e31000d7340)]  in org.gnome.Terminal (gtk 3.24.52) (0, 0, Terminal) priority: 2, counter: 6

10:08:14.102581 - EVENT MANAGER: object:children-changed:add for [page tab list (0x7e31000d73c0)]  in org.gnome.Terminal (gtk 3.24.52) (0, 0, [page tab (0x7e31000d73c0)])
10:08:14.102599 - FOCUS MANAGER: Locus of focus is None
10:08:14.102662 - EVENT_MANAGER: Ignoring object:children-changed:add due to multiple instances in short time
10:08:14.103685 - CLIPBOARD PRESENTER: Possible change event object:text-changed:insert for [terminal: 'Terminal' (0x7e31142f7500)]  in org.gnome.Terminal (gtk 3.24.52) (0, 16, \n\n\n\n\n\n\n\n\n\n\n\n\n\n\n\n)

10:08:14.103867 - EVENT MANAGER: object:text-changed:insert for [terminal: 'Terminal' (0x7e31000d4640)]  in org.gnome.Terminal (gtk 3.24.52) (0, 16, \n\n\n\n\n\n\n\n\n\n\n\n\n\n\n\n)
10:08:14.103908 - FOCUS MANAGER: Locus of focus is None
10:08:14.104134 - EVENT MANAGER: Queueing object:text-changed:insert for [terminal: 'Terminal' (0x7e31000d77c0)]  in org.gnome.Terminal (gtk 3.24.52) (0, 16, \n\n\n\n\n\n\n\n\n\n\n\n\n\n\n\n)
10:08:14.104166 - EVENT MANAGER: App for event source is [application: 'org.gnome.Terminal' (0x7e31000c8580)] 
10:08:14.104186 - SCRIPT MANAGER: Getting script for [application: 'org.gnome.Terminal' (0x7e31000c8580)]  [terminal: 'Terminal' (0x7e31000d7780)] 
10:08:14.104328 - SCRIPT MANAGER: Found orca.scripts.terminal
10:08:14.104847 - DEFAULT: Setting up commands for [application: 'org.gnome.Terminal' (0x7e31000c8580)] 
10:08:14.104859 - DEFAULT: Commands already initialized.
10:08:14.104865 - SCRIPT: org.gnome.Terminal (module=orca.scripts.terminal.script) initialized
10:08:14.104940 - SCRIPT MANAGER: Script is custom script org.gnome.Terminal (module=orca.scripts.terminal.script)
10:08:14.105029 - EVENT MANAGER: object:text-changed:insert for [terminal: 'Terminal' (0x7e3116b10c40)]  in org.gnome.Terminal (gtk 3.24.52) (0, 16, \n\n\n\n\n\n\n\n\n\n\n\n\n\n\n\n) has priority level: 4
10:08:14.105074 - EVENT MANAGER: Queued object:text-changed:insert for [terminal: 'Terminal' (0x7e31000e0c80)]  in org.gnome.Terminal (gtk 3.24.52) (0, 16, \n\n\n\n\n\n\n\n\n\n\n\n\n\n\n\n) priority: 4, counter: 7

10:08:14.105116 - EVENT MANAGER: object:text-caret-moved for [terminal: 'Terminal' (0x7e31000e0c40)]  in org.gnome.Terminal (gtk 3.24.52) (0, 0, 0)
10:08:14.105134 - FOCUS MANAGER: Locus of focus is None
10:08:14.105217 - EVENT MANAGER: Queueing object:text-caret-moved for [terminal: 'Terminal' (0x7e31000e0e80)]  in org.gnome.Terminal (gtk 3.24.52) (0, 0, 0)
10:08:14.105232 - EVENT MANAGER: App for event source is [application: 'org.gnome.Terminal' (0x7e31000c8580)] 
10:08:14.105249 - SCRIPT MANAGER: Getting script for [application: 'org.gnome.Terminal' (0x7e31000c8580)]  [terminal: 'Terminal' (0x7e31000e0dc0)] 
10:08:14.105272 - SCRIPT MANAGER: Script is custom script org.gnome.Terminal (module=orca.scripts.terminal.script)
10:08:14.105321 - EVENT MANAGER: object:text-caret-moved for [terminal: 'Terminal' (0x7e31000e1080)]  in org.gnome.Terminal (gtk 3.24.52) (0, 0, 0) has priority level: 4
10:08:14.105356 - EVENT MANAGER: Queued object:text-caret-moved for [terminal: 'Terminal' (0x7e31000e0f00)]  in org.gnome.Terminal (gtk 3.24.52) (0, 0, 0) priority: 4, counter: 8

10:08:14.105921 - EVENT MANAGER: object:children-changed:add for [desktop frame: 'main' (0x7e3100a390c0)]  in  (3, 0, [application: 'gnome-terminal' (0x7e31000e10c0)])
10:08:14.105985 - FOCUS MANAGER: Locus of focus is None
10:08:14.106208 - SCRIPT MANAGER: Active script is: default (module=orca.scripts.default)
10:08:14.106309 - EVENT MANAGER: Queueing object:children-changed:add for [desktop frame: 'main' (0x7e31000e1340)]  in  (3, 0, [application: 'gnome-terminal' (0x7e31000e1280)])
10:08:14.106353 - EVENT MANAGER: App for event source is None
10:08:14.106419 - SCRIPT MANAGER: Getting script for None [desktop frame: 'main' (0x7e31000790c0)] 
10:08:14.106507 - SCRIPT MANAGER: Script is app script default (module=orca.scripts.default)
10:08:14.106560 - EVENT MANAGER: object:children-changed:add for [desktop frame: 'main' (0x7e31000e15c0)]  in  (3, 0, [application: 'gnome-terminal' (0x7e31000e1500)]) has priority level: 6
10:08:14.106596 - EVENT MANAGER: Queued object:children-changed:add for [desktop frame: 'main' (0x7e31000e1600)]  in  (3, 0, [application: 'gnome-terminal' (0x7e31000c8440)]) priority: 6, counter: 9
10:08:14.107707 - EVENT SOURCE:
                  app='org.gnome.Terminal (gtk 3.24.52)' name='New Tab' role='button' axid='' id=0x7e31000d3840
                  description=''
                  help=''
                  locale='C.UTF-8'
                  states='enabled, focusable, sensitive, showing, visible'
                  relations=''
                  actions='click'
                  interfaces='Action, Collection, Component, Image'
                  attributes='toolkit:gtk'
                  text=''
                  path=[-1, 0, 1, 0, 0]
                  
10:08:14.107744 - SCRIPT MANAGER: Active script is: default (module=orca.scripts.default)
10:08:14.107766 - FOCUS MANAGER: Locus of focus is None
10:08:14.107798 - EVENT MANAGER: Getting script for event for [application: 'org.gnome.Terminal' (0x7e31000c8580)]  [button: 'New Tab' (0x7e310099e500)] 
10:08:14.107817 - SCRIPT MANAGER: Getting script for [application: 'org.gnome.Terminal' (0x7e31000c8580)]  [button: 'New Tab' (0x7e310099e500)] 
10:08:14.107846 - SCRIPT MANAGER: Script is app script org.gnome.Terminal (module=orca.scripts.toolkits.gtk.script)
10:08:14.107861 - EVENT MANAGER: Script for event is org.gnome.Terminal (module=orca.scripts.toolkits.gtk.script)
10:08:14.109206 - EVENT MANAGER: Change active script: False (No reason found to activate a different script.)
10:08:14.109237 - EVENT MANAGER: Processing object:property-change:accessible-name: script handles events when inactive
10:08:14.109365 - FOCUS MANAGER: Locus of focus is None
10:08:14.109382 - AXUtilitiesEvent: The event is not from the locus of focus.
TOTAL PROCESSING TIME: 0.0155
^^^^^ FINISHED PRIORITY-4 OBJECT EVENT OBJECT:PROPERTY-CHANGE:ACCESSIBLE-NAME ^^^^^

10:08:14.109872 - EVENT MANAGER: Dequeueing window:create for [frame: 'Terminal' (0x7e31000e2840)]  in org.gnome.Terminal (gtk 3.24.52) (0, 0, Terminal)
10:08:14.109968 - EVENT MANAGER: Dequeued window:create for [frame: 'Terminal' (0x7e31000e28c0)]  in org.gnome.Terminal (gtk 3.24.52) (0, 0, Terminal) priority: 2, counter: 6

vvvvv START PRIORITY-2 OBJECT EVENT WINDOW:CREATE (queue size: 6) vvvvv

10:08:14.110689 - EVENT MANAGER: object:children-changed:add for [desktop frame: 'main' (0x7e31000e2a40)]  in  (4, 0, [application: 'accessibility_probe' (0x7e31000e2980)])
10:08:14.110745 - FOCUS MANAGER: Locus of focus is None
10:08:14.110904 - EVENT_MANAGER: Ignoring object:children-changed:add due to multiple instances in short time

10:08:14.111446 - EVENT MANAGER: object:children-changed:add for [desktop frame: 'main' (0x7e31000e2b80)]  in  (5, 0, [application: 'accessibility_probe' (0x7e31000e2b00)])
10:08:14.111517 - FOCUS MANAGER: Locus of focus is None
10:08:14.111678 - EVENT_MANAGER: Ignoring object:children-changed:add due to multiple instances in short time

10:08:14.112876 - EVENT MANAGER: object:children-changed:add for [application: 'accessibility_probe' (0x7e31000e2d00)]  in accessibility_probe (AccessKit) (0, 0, [frame: 'Independent background App' (0x7e31009b4040)])
10:08:14.112915 - FOCUS MANAGER: Locus of focus is None
10:08:14.113234 - SCRIPT MANAGER: Active script is: default (module=orca.scripts.default)
10:08:14.113248 - EVENT MANAGER: Ignoring object:children-changed:add because event is not from active app

10:08:14.117014 - EVENT MANAGER: object:children-changed:add for [application: 'accessibility_probe' (0x7e31000e2f00)]  in accessibility_probe (AccessKit) (0, 0, [frame: 'Reactive TUI App accessibility round 1' (0x7e31000e2f00)])
10:08:14.117056 - FOCUS MANAGER: Locus of focus is None
10:08:14.117267 - SCRIPT MANAGER: Active script is: default (module=orca.scripts.default)
10:08:14.117279 - EVENT MANAGER: Ignoring object:children-changed:add because event is not from active app
10:08:14.117333 - CLIPBOARD PRESENTER: Possible change event object:text-changed:delete for [terminal: 'Terminal' (0x7e31000b31c0)]  in org.gnome.Terminal (gtk 3.24.52) (0, 2, \n\n)

10:08:14.117392 - EVENT MANAGER: object:text-changed:delete for [terminal: 'Terminal' (0x7e31000e3100)]  in org.gnome.Terminal (gtk 3.24.52) (0, 2, \n\n)
10:08:14.117408 - FOCUS MANAGER: Locus of focus is None
10:08:14.117487 - EVENT MANAGER: Queueing object:text-changed:delete for [terminal: 'Terminal' (0x7e31000e3040)]  in org.gnome.Terminal (gtk 3.24.52) (0, 2, \n\n)
10:08:14.117503 - EVENT MANAGER: App for event source is [application: 'org.gnome.Terminal' (0x7e31000c8580)] 
10:08:14.117519 - SCRIPT MANAGER: Getting script for [application: 'org.gnome.Terminal' (0x7e31000c8580)]  [terminal: 'Terminal' (0x7e31000e31c0)] 
10:08:14.117548 - SCRIPT MANAGER: Script is custom script org.gnome.Terminal (module=orca.scripts.terminal.script)
10:08:14.117587 - EVENT MANAGER: object:text-changed:delete for [terminal: 'Terminal' (0x7e31000e3200)]  in org.gnome.Terminal (gtk 3.24.52) (0, 2, \n\n) has priority level: 4
10:08:14.117628 - EVENT MANAGER: Queued object:text-changed:delete for [terminal: 'Terminal' (0x7e31000e3040)]  in org.gnome.Terminal (gtk 3.24.52) (0, 2, \n\n) priority: 4, counter: 10
10:08:14.117661 - CLIPBOARD PRESENTER: Possible change event object:text-changed:insert for [terminal: 'Terminal' (0x7e3100a431c0)]  in org.gnome.Terminal (gtk 3.24.52) (13, 2, \n\n)

10:08:14.117704 - EVENT MANAGER: object:text-changed:insert for [terminal: 'Terminal' (0x7e31000e3300)]  in org.gnome.Terminal (gtk 3.24.52) (13, 2, \n\n)
10:08:14.117718 - FOCUS MANAGER: Locus of focus is None
10:08:14.117765 - EVENT_MANAGER: Ignoring object:text-changed:insert due to multiple instances in short time

10:08:14.118858 - EVENT MANAGER: object:announcement for [label: 'Background calls 0' (0x7e3100a1b400)]  in accessibility_probe (AccessKit) (1, 0, Background calls 0)
10:08:14.118922 - FOCUS MANAGER: Locus of focus is None
10:08:14.119370 - EVENT MANAGER: Queueing object:announcement for [label: 'Background calls 0' (0x7e31000b3440)]  in accessibility_probe (AccessKit) (1, 0, Background calls 0)
10:08:14.119425 - EVENT MANAGER: App for event source is [application: 'accessibility_probe' (0x7e31000e31c0)] 
10:08:14.119487 - SCRIPT MANAGER: Getting script for [application: 'accessibility_probe' (0x7e31000e31c0)]  [label: 'Background calls 0' (0x7e31000e33c0)] 
10:08:14.119722 - SCRIPT MANAGER: Creating app script for [application: 'accessibility_probe' (0x7e31000e31c0)] 
10:08:14.119787 - SCRIPT MANAGER: Mapped [application: 'accessibility_probe' (0x7e31000e31c0)]  to accessibility_probe
10:08:14.120327 - DEFAULT: Setting up commands for [application: 'accessibility_probe' (0x7e31000e31c0)] 
10:08:14.120347 - DEFAULT: Commands already initialized.
10:08:14.120353 - SCRIPT: accessibility_probe (module=orca.scripts.default) initialized
10:08:14.120381 - SCRIPT MANAGER: Default script created for [application: 'accessibility_probe' (0x7e31000e31c0)]  (obj:  None)
10:08:14.120398 - SCRIPT MANAGER: Script is app script accessibility_probe (module=orca.scripts.default)
10:08:14.120576 - EVENT MANAGER: object:announcement for [label: 'Background calls 0' (0x7e31000e8d40)]  in accessibility_probe (AccessKit) (1, 0, Background calls 0) has priority level: 3
10:08:14.120618 - EVENT MANAGER: Queued object:announcement for [label: 'Background calls 0' (0x7e31000e8dc0)]  in accessibility_probe (AccessKit) (1, 0, Background calls 0) priority: 3, counter: 11

10:08:14.121403 - EVENT MANAGER: object:children-changed:add for [frame: 'Independent background App' (0x7e31000e8b80)]  in accessibility_probe (AccessKit) (0, 0, [toggle button: 'Independent App action' (0x7e31000e8b80)])
10:08:14.121429 - FOCUS MANAGER: Locus of focus is None
10:08:14.121452 - EVENT MANAGER: Not ignoring object:children-changed:add based on role
10:08:14.121485 - EVENT MANAGER: Queueing object:children-changed:add for [frame: 'Independent background App' (0x7e31000e8e80)]  in accessibility_probe (AccessKit) (0, 0, [toggle button: 'Independent App action' (0x7e31000e28c0)])
10:08:14.121500 - EVENT MANAGER: App for event source is [application: 'accessibility_probe' (0x7e31000e31c0)] 
10:08:14.121517 - SCRIPT MANAGER: Getting script for [application: 'accessibility_probe' (0x7e31000e31c0)]  [frame: 'Independent background App' (0x7e31000e8b80)] 
10:08:14.121706 - SCRIPT MANAGER: Script is app script accessibility_probe (module=orca.scripts.default)
10:08:14.121751 - EVENT MANAGER: object:children-changed:add for [frame: 'Independent background App' (0x7e31000e8f00)]  in accessibility_probe (AccessKit) (0, 0, [toggle button: 'Independent App action' (0x7e31000b37c0)]) has priority level: 6
10:08:14.121788 - EVENT MANAGER: Queued object:children-changed:add for [frame: 'Independent background App' (0x7e31000e0f00)]  in accessibility_probe (AccessKit) (0, 0, [toggle button: 'Independent App action' (0x7e31000b37c0)]) priority: 6, counter: 12

10:08:14.121829 - EVENT MANAGER: object:children-changed:add for [frame: 'Independent background App' (0x7e31000e0f00)]  in accessibility_probe (AccessKit) (1, 0, [label: 'Background calls 0' (0x7e31000e8f00)])
10:08:14.121845 - FOCUS MANAGER: Locus of focus is None
10:08:14.121864 - EVENT MANAGER: Not ignoring object:children-changed:add based on role
10:08:14.121893 - EVENT MANAGER: Queueing object:children-changed:add for [frame: 'Independent background App' (0x7e31000b37c0)]  in accessibility_probe (AccessKit) (1, 0, [label: 'Background calls 0' (0x7e31000b37c0)])
10:08:14.121908 - EVENT MANAGER: App for event source is [application: 'accessibility_probe' (0x7e31000e31c0)] 
10:08:14.121923 - SCRIPT MANAGER: Getting script for [application: 'accessibility_probe' (0x7e31000e31c0)]  [frame: 'Independent background App' (0x7e31000689c0)] 
10:08:14.122107 - SCRIPT MANAGER: Script is app script accessibility_probe (module=orca.scripts.default)
10:08:14.122165 - EVENT MANAGER: object:children-changed:add for [frame: 'Independent background App' (0x7e31000e8f00)]  in accessibility_probe (AccessKit) (1, 0, [label: 'Background calls 0' (0x7e31000b37c0)]) has priority level: 6
10:08:14.122205 - EVENT MANAGER: Queued object:children-changed:add for [frame: 'Independent background App' (0x7e31000e8b80)]  in accessibility_probe (AccessKit) (1, 0, [label: 'Background calls 0' (0x7e31000b37c0)]) priority: 6, counter: 13

10:08:14.122794 - EVENT MANAGER: object:children-changed:add for [frame: 'Independent background App' (0x7e31000e8fc0)]  in accessibility_probe (AccessKit) (2, 0, [button: 'CSS expanded control' (0x7e31000e8b80)])
10:08:14.122862 - FOCUS MANAGER: Locus of focus is None
10:08:14.122933 - EVENT MANAGER: Not ignoring object:children-changed:add based on role
10:08:14.123041 - EVENT MANAGER: Queueing object:children-changed:add for [frame: 'Independent background App' (0x7e31000e8fc0)]  in accessibility_probe (AccessKit) (2, 0, [button: 'CSS expanded control' (0x7e31000b37c0)])
10:08:14.123100 - EVENT MANAGER: App for event source is [application: 'accessibility_probe' (0x7e31000e31c0)] 
10:08:14.123152 - SCRIPT MANAGER: Getting script for [application: 'accessibility_probe' (0x7e31000e31c0)]  [frame: 'Independent background App' (0x7e31000e1080)] 
10:08:14.123584 - SCRIPT MANAGER: Script is app script accessibility_probe (module=orca.scripts.default)
10:08:14.123733 - EVENT MANAGER: object:children-changed:add for [frame: 'Independent background App' (0x7e31000e8f40)]  in accessibility_probe (AccessKit) (2, 0, [button: 'CSS expanded control' (0x7e31000b37c0)]) has priority level: 6
10:08:14.123846 - EVENT MANAGER: Queued object:children-changed:add for [frame: 'Independent background App' (0x7e31000e9000)]  in accessibility_probe (AccessKit) (2, 0, [button: 'CSS expanded control' (0x7e31000b37c0)]) priority: 6, counter: 14

10:08:14.124377 - EVENT MANAGER: object:children-changed:add for [frame: 'Independent background App' (0x7e31000e1040)]  in accessibility_probe (AccessKit) (3, 0, [heading: 'CSS direct label' (0x7e31000e1600)])
10:08:14.124409 - FOCUS MANAGER: Locus of focus is None
10:08:14.124434 - EVENT MANAGER: Not ignoring object:children-changed:add based on role
10:08:14.124466 - EVENT MANAGER: Queueing object:children-changed:add for [frame: 'Independent background App' (0x7e31000e9140)]  in accessibility_probe (AccessKit) (3, 0, [heading: 'CSS direct label' (0x7e31000b37c0)])
10:08:14.124482 - EVENT MANAGER: App for event source is [application: 'accessibility_probe' (0x7e31000e31c0)] 
10:08:14.124499 - SCRIPT MANAGER: Getting script for [application: 'accessibility_probe' (0x7e31000e31c0)]  [frame: 'Independent background App' (0x7e31000e90c0)] 
10:08:14.124656 - SCRIPT MANAGER: Script is app script accessibility_probe (module=orca.scripts.default)
10:08:14.124694 - EVENT MANAGER: object:children-changed:add for [frame: 'Independent background App' (0x7e31000e92c0)]  in accessibility_probe (AccessKit) (3, 0, [heading: 'CSS direct label' (0x7e31000b37c0)]) has priority level: 6
10:08:14.124730 - EVENT MANAGER: Queued object:children-changed:add for [frame: 'Independent background App' (0x7e31000e9280)]  in accessibility_probe (AccessKit) (3, 0, [heading: 'CSS direct label' (0x7e31000b37c0)]) priority: 6, counter: 15

10:08:14.125116 - EVENT MANAGER: object:children-changed:add for [frame: 'Independent background App' (0x7e31000e9340)]  in accessibility_probe (AccessKit) (4, 0, [list item: 'CSS selected option' (0x7e31000e9200)])
10:08:14.125177 - FOCUS MANAGER: Locus of focus is None
10:08:14.125246 - EVENT MANAGER: Not ignoring object:children-changed:add based on role
10:08:14.125343 - EVENT MANAGER: Queueing object:children-changed:add for [frame: 'Independent background App' (0x7e31000e9380)]  in accessibility_probe (AccessKit) (4, 0, [list item: 'CSS selected option' (0x7e31000b37c0)])
10:08:14.125390 - EVENT MANAGER: App for event source is [application: 'accessibility_probe' (0x7e31000e31c0)] 
10:08:14.125440 - SCRIPT MANAGER: Getting script for [application: 'accessibility_probe' (0x7e31000e31c0)]  [frame: 'Independent background App' (0x7e31000e9400)] 
10:08:14.125643 - SCRIPT MANAGER: Script is app script accessibility_probe (module=orca.scripts.default)
10:08:14.125754 - EVENT MANAGER: object:children-changed:add for [frame: 'Independent background App' (0x7e31000e9340)]  in accessibility_probe (AccessKit) (4, 0, [list item: 'CSS selected option' (0x7e31000b37c0)]) has priority level: 6
10:08:14.125862 - EVENT MANAGER: Queued object:children-changed:add for [frame: 'Independent background App' (0x7e31000e1300)]  in accessibility_probe (AccessKit) (4, 0, [list item: 'CSS selected option' (0x7e31000e9300)]) priority: 6, counter: 16

10:08:14.126307 - EVENT MANAGER: object:children-changed:add for [frame: 'Independent background App' (0x7e31000781c0)]  in accessibility_probe (AccessKit) (5, 0, [label: 'CSS restored reader text' (0x7e3100a38e80)])
10:08:14.126349 - FOCUS MANAGER: Locus of focus is None
10:08:14.126406 - EVENT MANAGER: Not ignoring object:children-changed:add based on role
10:08:14.126492 - EVENT MANAGER: Queueing object:children-changed:add for [frame: 'Independent background App' (0x7e31000e93c0)]  in accessibility_probe (AccessKit) (5, 0, [label: 'CSS restored reader text' (0x7e31000e9300)])
10:08:14.126534 - EVENT MANAGER: App for event source is [application: 'accessibility_probe' (0x7e31000e31c0)] 
10:08:14.126606 - SCRIPT MANAGER: Getting script for [application: 'accessibility_probe' (0x7e31000e31c0)]  [frame: 'Independent background App' (0x7e31000e90c0)] 
10:08:14.126764 - SCRIPT MANAGER: Script is app script accessibility_probe (module=orca.scripts.default)
10:08:14.126813 - EVENT MANAGER: object:children-changed:add for [frame: 'Independent background App' (0x7e31000e1500)]  in accessibility_probe (AccessKit) (5, 0, [label: 'CSS restored reader text' (0x7e31000e9500)]) has priority level: 6
10:08:14.126850 - EVENT MANAGER: Queued object:children-changed:add for [frame: 'Independent background App' (0x7e31000e9500)]  in accessibility_probe (AccessKit) (5, 0, [label: 'CSS restored reader text' (0x7e31000b37c0)]) priority: 6, counter: 17

10:08:14.127177 - EVENT MANAGER: object:children-changed:add for [frame: 'Independent background App' (0x7e31000e95c0)]  in accessibility_probe (AccessKit) (6, 0, [label: 'Reader-only nested detail' (0x7e311e331140)])
10:08:14.127213 - FOCUS MANAGER: Locus of focus is None
10:08:14.127236 - EVENT MANAGER: Not ignoring object:children-changed:add based on role
10:08:14.127269 - EVENT MANAGER: Queueing object:children-changed:add for [frame: 'Independent background App' (0x7e3100071540)]  in accessibility_probe (AccessKit) (6, 0, [label: 'Reader-only nested detail' (0x7e31000e9540)])
10:08:14.127286 - EVENT MANAGER: App for event source is [application: 'accessibility_probe' (0x7e31000e31c0)] 
10:08:14.127302 - SCRIPT MANAGER: Getting script for [application: 'accessibility_probe' (0x7e31000e31c0)]  [frame: 'Independent background App' (0x7e3100a390c0)] 
10:08:14.127448 - SCRIPT MANAGER: Script is app script accessibility_probe (module=orca.scripts.default)
10:08:14.127498 - EVENT MANAGER: object:children-changed:add for [frame: 'Independent background App' (0x7e31000e9580)]  in accessibility_probe (AccessKit) (6, 0, [label: 'Reader-only nested detail' (0x7e31000b37c0)]) has priority level: 6
10:08:14.127547 - EVENT MANAGER: Queued object:children-changed:add for [frame: 'Independent background App' (0x7e31000e9600)]  in accessibility_probe (AccessKit) (6, 0, [label: 'Reader-only nested detail' (0x7e31000e96c0)]) priority: 6, counter: 18

10:08:14.127584 - EVENT MANAGER: window:activate for [frame: 'Terminal' (0x7e3100c0a400)]  in org.gnome.Terminal (gtk 3.24.52) (0, 0, Terminal)
10:08:14.127614 - EVENT MANAGER: Queueing window:activate for [frame: 'Terminal' (0x7e3100c0a400)]  in org.gnome.Terminal (gtk 3.24.52) (0, 0, Terminal)
10:08:14.127627 - EVENT MANAGER: App for event source is [application: 'org.gnome.Terminal' (0x7e31000c8580)] 
10:08:14.127643 - SCRIPT MANAGER: Getting script for [application: 'org.gnome.Terminal' (0x7e31000c8580)]  [frame: 'Terminal' (0x7e3100c0a400)] 
10:08:14.127668 - SCRIPT MANAGER: Script is app script org.gnome.Terminal (module=orca.scripts.toolkits.gtk.script)
10:08:14.127703 - EVENT MANAGER: window:activate for [frame: 'Terminal' (0x7e3100c0a400)]  in org.gnome.Terminal (gtk 3.24.52) (0, 0, Terminal) has priority level: 2
10:08:14.127739 - EVENT MANAGER: Queued window:activate for [frame: 'Terminal' (0x7e3100c0a400)]  in org.gnome.Terminal (gtk 3.24.52) (0, 0, Terminal) priority: 2, counter: 19

10:08:14.127817 - EVENT MANAGER: object:state-changed:focused for [terminal: 'Terminal' (0x7e31000e9480)]  in org.gnome.Terminal (gtk 3.24.52) (1, 0, 0)
10:08:14.127832 - FOCUS MANAGER: Locus of focus is None
10:08:14.127894 - EVENT_MANAGER: Not ignoring object:state-changed:focused due to source being focused
10:08:14.127926 - EVENT MANAGER: Queueing object:state-changed:focused for [terminal: 'Terminal' (0x7e31000e9480)]  in org.gnome.Terminal (gtk 3.24.52) (1, 0, 0)
10:08:14.127945 - EVENT MANAGER: App for event source is [application: 'org.gnome.Terminal' (0x7e31000c8580)] 
10:08:14.127961 - SCRIPT MANAGER: Getting script for [application: 'org.gnome.Terminal' (0x7e31000c8580)]  [terminal: 'Terminal' (0x7e31000e10c0)] 
10:08:14.128010 - SCRIPT MANAGER: Script is custom script org.gnome.Terminal (module=orca.scripts.terminal.script)
10:08:14.128060 - EVENT MANAGER: object:state-changed:focused for [terminal: 'Terminal' (0x7e31000e9140)]  in org.gnome.Terminal (gtk 3.24.52) (1, 0, 0) has priority level: 3
10:08:14.128096 - EVENT MANAGER: Queued object:state-changed:focused for [terminal: 'Terminal' (0x7e3100a390c0)]  in org.gnome.Terminal (gtk 3.24.52) (1, 0, 0) priority: 3, counter: 20

10:08:14.128130 - EVENT MANAGER: object:state-changed:active for [frame: 'Terminal' (0x7e3100c0a400)]  in org.gnome.Terminal (gtk 3.24.52) (1, 0, 0)
10:08:14.128144 - FOCUS MANAGER: Locus of focus is None
10:08:14.128160 - EVENT MANAGER: Not ignoring object:state-changed:active based on role
10:08:14.128191 - EVENT MANAGER: Queueing object:state-changed:active for [frame: 'Terminal' (0x7e3100c0a400)]  in org.gnome.Terminal (gtk 3.24.52) (1, 0, 0)
10:08:14.128205 - EVENT MANAGER: App for event source is [application: 'org.gnome.Terminal' (0x7e31000c8580)] 
10:08:14.128220 - SCRIPT MANAGER: Getting script for [application: 'org.gnome.Terminal' (0x7e31000c8580)]  [frame: 'Terminal' (0x7e3100c0a400)] 
10:08:14.128242 - SCRIPT MANAGER: Script is app script org.gnome.Terminal (module=orca.scripts.toolkits.gtk.script)
10:08:14.128280 - EVENT MANAGER: object:state-changed:active for [frame: 'Terminal' (0x7e3100c0a400)]  in org.gnome.Terminal (gtk 3.24.52) (1, 0, 0) has priority level: 2
10:08:14.128319 - EVENT MANAGER: Queued object:state-changed:active for [frame: 'Terminal' (0x7e3100c0a400)]  in org.gnome.Terminal (gtk 3.24.52) (1, 0, 0) priority: 2, counter: 21

10:08:14.128354 - EVENT MANAGER: object:state-changed:focused for [terminal: 'Terminal' (0x7e31000b37c0)]  in org.gnome.Terminal (gtk 3.24.52) (1, 0, 0)
10:08:14.128368 - FOCUS MANAGER: Locus of focus is None
10:08:14.128418 - EVENT_MANAGER: Not ignoring object:state-changed:focused due to source being focused
10:08:14.128449 - EVENT MANAGER: Queueing object:state-changed:focused for [terminal: 'Terminal' (0x7e31000e9980)]  in org.gnome.Terminal (gtk 3.24.52) (1, 0, 0)
10:08:14.128463 - EVENT MANAGER: App for event source is [application: 'org.gnome.Terminal' (0x7e31000c8580)] 
10:08:14.128484 - SCRIPT MANAGER: Getting script for [application: 'org.gnome.Terminal' (0x7e31000c8580)]  [terminal: 'Terminal' (0x7e31000e10c0)] 
10:08:14.128504 - SCRIPT MANAGER: Script is custom script org.gnome.Terminal (module=orca.scripts.terminal.script)
10:08:14.128555 - EVENT MANAGER: object:state-changed:focused for [terminal: 'Terminal' (0x7e31000e9a80)]  in org.gnome.Terminal (gtk 3.24.52) (1, 0, 0) has priority level: 3
10:08:14.128590 - EVENT MANAGER: Queued object:state-changed:focused for [terminal: 'Terminal' (0x7e3100079980)]  in org.gnome.Terminal (gtk 3.24.52) (1, 0, 0) priority: 3, counter: 22
10:08:14.128852 - EVENT SOURCE:
                  app='org.gnome.Terminal (gtk 3.24.52)' name='Terminal' role='frame' axid='' id=0x7e3100c0a400
                  description=''
                  help=''
                  locale='C.UTF-8'
                  states='active, enabled, resizable, sensitive, showing, visible'
                  relations=''
                  actions=''
                  interfaces='Collection, Component'
                  attributes='toolkit:gtk, window-type:normal'
                  text=''
                  path=[-1, 0]
                  
10:08:14.128876 - SCRIPT MANAGER: Active script is: default (module=orca.scripts.default)
10:08:14.128892 - FOCUS MANAGER: Locus of focus is None
10:08:14.128922 - EVENT MANAGER: Getting script for event for [application: 'org.gnome.Terminal' (0x7e31000c8580)]  [frame: 'Terminal' (0x7e3100a38e80)] 
10:08:14.128937 - SCRIPT MANAGER: Getting script for [application: 'org.gnome.Terminal' (0x7e31000c8580)]  [frame: 'Terminal' (0x7e3100a38e80)] 
10:08:14.128960 - SCRIPT MANAGER: Script is app script org.gnome.Terminal (module=orca.scripts.toolkits.gtk.script)
10:08:14.128973 - EVENT MANAGER: Script for event is org.gnome.Terminal (module=orca.scripts.toolkits.gtk.script)
10:08:14.130319 - EVENT MANAGER: Change active script: False (No reason found to activate a different script.)
10:08:14.130370 - EVENT MANAGER: Processing window:create: script handles events when inactive
TOTAL PROCESSING TIME: 0.0204
^^^^^ FINISHED PRIORITY-2 OBJECT EVENT WINDOW:CREATE ^^^^^

10:08:14.130819 - EVENT MANAGER: Dequeueing window:activate for [frame: 'Terminal' (0x7e31000e9c80)]  in org.gnome.Terminal (gtk 3.24.52) (0, 0, Terminal)
10:08:14.130921 - EVENT MANAGER: Dequeued window:activate for [frame: 'Terminal' (0x7e31000e10c0)]  in org.gnome.Terminal (gtk 3.24.52) (0, 0, Terminal) priority: 2, counter: 19

vvvvv START PRIORITY-2 OBJECT EVENT WINDOW:ACTIVATE (queue size: 18) vvvvv

10:08:14.131492 - EVENT MANAGER: object:text-caret-moved for [terminal: 'Terminal' (0x7e31000e10c0)]  in org.gnome.Terminal (gtk 3.24.52) (6, 0, 0)
10:08:14.131539 - FOCUS MANAGER: Locus of focus is None
10:08:14.131699 - EVENT_MANAGER: Not ignoring object:text-caret-moved due to source being focused
10:08:14.131788 - EVENT MANAGER: Queueing object:text-caret-moved for [terminal: 'Terminal' (0x7e31000e9d80)]  in org.gnome.Terminal (gtk 3.24.52) (6, 0, 0)
10:08:14.131833 - EVENT MANAGER: App for event source is [application: 'org.gnome.Terminal' (0x7e31000c8580)] 
10:08:14.131881 - SCRIPT MANAGER: Getting script for [application: 'org.gnome.Terminal' (0x7e31000c8580)]  [terminal: 'Terminal' (0x7e31000e90c0)] 
10:08:14.131930 - SCRIPT MANAGER: Script is custom script org.gnome.Terminal (module=orca.scripts.terminal.script)
10:08:14.132050 - EVENT MANAGER: object:text-caret-moved for [terminal: 'Terminal' (0x7e31000e9f80)]  in org.gnome.Terminal (gtk 3.24.52) (6, 0, 0) has priority level: 4
10:08:14.132150 - EVENT MANAGER: Queued object:text-caret-moved for [terminal: 'Terminal' (0x7e3100079980)]  in org.gnome.Terminal (gtk 3.24.52) (6, 0, 0) priority: 4, counter: 23
10:08:14.132246 - CLIPBOARD PRESENTER: Possible change event object:text-changed:delete for [terminal: 'Terminal' (0x7e31000e9980)]  in org.gnome.Terminal (gtk 3.24.52) (0, 6, \n\n\n\n\n\n)

10:08:14.132320 - EVENT MANAGER: object:text-changed:delete for [terminal: 'Terminal' (0x7e31000e9dc0)]  in org.gnome.Terminal (gtk 3.24.52) (0, 6, \n\n\n\n\n\n)
10:08:14.132341 - FOCUS MANAGER: Locus of focus is None
10:08:14.132390 - EVENT_MANAGER: Not ignoring object:text-changed:delete due to source being focused
10:08:14.132424 - EVENT MANAGER: Queueing object:text-changed:delete for [terminal: 'Terminal' (0x7e31000ea200)]  in org.gnome.Terminal (gtk 3.24.52) (0, 6, \n\n\n\n\n\n)
10:08:14.132441 - EVENT MANAGER: App for event source is [application: 'org.gnome.Terminal' (0x7e31000c8580)] 
10:08:14.132457 - SCRIPT MANAGER: Getting script for [application: 'org.gnome.Terminal' (0x7e31000c8580)]  [terminal: 'Terminal' (0x7e31000b21c0)] 
10:08:14.132480 - SCRIPT MANAGER: Script is custom script org.gnome.Terminal (module=orca.scripts.terminal.script)
10:08:14.132518 - EVENT MANAGER: object:text-changed:delete for [terminal: 'Terminal' (0x7e3100069600)]  in org.gnome.Terminal (gtk 3.24.52) (0, 6, \n\n\n\n\n\n) has priority level: 4
10:08:14.132555 - EVENT MANAGER: Queued object:text-changed:delete for [terminal: 'Terminal' (0x7e31000e9600)]  in org.gnome.Terminal (gtk 3.24.52) (0, 6, \n\n\n\n\n\n) priority: 4, counter: 24
10:08:14.132602 - CLIPBOARD PRESENTER: Possible change event object:text-changed:insert for [terminal: 'Terminal' (0x7e31000ea200)]  in org.gnome.Terminal (gtk 3.24.52) (0, 372, \n \n \nAdvance download \n... \nAdvance download \n \n \n (378 chars.))

10:08:14.132652 - EVENT MANAGER: object:text-changed:insert for [terminal: 'Terminal' (0x7e31000e9900)]  in org.gnome.Terminal (gtk 3.24.52) (0, 372, \n \n \nAdvance download \n... \nAdvance download \n \n \n (378 chars.))
10:08:14.132667 - FOCUS MANAGER: Locus of focus is None
10:08:14.132713 - EVENT_MANAGER: Not ignoring object:text-changed:insert due to source being focused
10:08:14.132745 - EVENT MANAGER: Queueing object:text-changed:insert for [terminal: 'Terminal' (0x7e31000e9fc0)]  in org.gnome.Terminal (gtk 3.24.52) (0, 372, \n \n \nAdvance download \n... \nAdvance download \n \n \n (378 chars.))
10:08:14.132760 - EVENT MANAGER: App for event source is [application: 'org.gnome.Terminal' (0x7e31000c8580)] 
10:08:14.132776 - SCRIPT MANAGER: Getting script for [application: 'org.gnome.Terminal' (0x7e31000c8580)]  [terminal: 'Terminal' (0x7e31000e9f80)] 
10:08:14.132797 - SCRIPT MANAGER: Script is custom script org.gnome.Terminal (module=orca.scripts.terminal.script)
10:08:14.132835 - EVENT MANAGER: object:text-changed:insert for [terminal: 'Terminal' (0x7e31000e2500)]  in org.gnome.Terminal (gtk 3.24.52) (0, 372, \n \n \nAdvance download \n... \nAdvance download \n \n \n (378 chars.)) has priority level: 4
10:08:14.132872 - EVENT MANAGER: Queued object:text-changed:insert for [terminal: 'Terminal' (0x7e31000e2400)]  in org.gnome.Terminal (gtk 3.24.52) (0, 372, \n \n \nAdvance download \n... \nAdvance download \n \n \n (378 chars.)) priority: 4, counter: 25

10:08:14.132906 - EVENT MANAGER: object:text-caret-moved for [terminal: 'Terminal' (0x7e31000e24c0)]  in org.gnome.Terminal (gtk 3.24.52) (372, 0, 0)
10:08:14.132920 - FOCUS MANAGER: Locus of focus is None
10:08:14.132963 - EVENT_MANAGER: Not ignoring object:text-caret-moved due to source being focused
10:08:14.132999 - EVENT MANAGER: Queueing object:text-caret-moved for [terminal: 'Terminal' (0x7e31000e9e40)]  in org.gnome.Terminal (gtk 3.24.52) (372, 0, 0)
10:08:14.133016 - EVENT MANAGER: App for event source is [application: 'org.gnome.Terminal' (0x7e31000c8580)] 
10:08:14.133032 - SCRIPT MANAGER: Getting script for [application: 'org.gnome.Terminal' (0x7e31000c8580)]  [terminal: 'Terminal' (0x7e310007a340)] 
10:08:14.133050 - SCRIPT MANAGER: Script is custom script org.gnome.Terminal (module=orca.scripts.terminal.script)
10:08:14.133086 - EVENT MANAGER: object:text-caret-moved for [terminal: 'Terminal' (0x7e31000e2500)]  in org.gnome.Terminal (gtk 3.24.52) (372, 0, 0) has priority level: 4
10:08:14.133120 - EVENT MANAGER: Queued object:text-caret-moved for [terminal: 'Terminal' (0x7e31000ea300)]  in org.gnome.Terminal (gtk 3.24.52) (372, 0, 0) priority: 4, counter: 26

10:08:14.133536 - EVENT MANAGER: object:children-changed:add for [frame: 'Reactive TUI App accessibility round 1' (0x7e31000e9140)]  in accessibility_probe (AccessKit) (0, 0, [progress bar: 'Download progress' (0x7e31000e9f80)])
10:08:14.133554 - FOCUS MANAGER: Locus of focus is None
10:08:14.133572 - EVENT MANAGER: Not ignoring object:children-changed:add based on role
10:08:14.133601 - EVENT MANAGER: Queueing object:children-changed:add for [frame: 'Reactive TUI App accessibility round 1' (0x7e3100c0a540)]  in accessibility_probe (AccessKit) (0, 0, [progress bar: 'Download progress' (0x7e31000ea540)])
10:08:14.133615 - EVENT MANAGER: App for event source is [application: 'accessibility_probe' (0x7e31000ea340)] 
10:08:14.133631 - SCRIPT MANAGER: Getting script for [application: 'accessibility_probe' (0x7e31000ea340)]  [frame: 'Reactive TUI App accessibility round 1' (0x7e31000ea300)] 
10:08:14.133821 - SCRIPT MANAGER: Creating app script for [application: 'accessibility_probe' (0x7e31000ea340)] 
10:08:14.133852 - SCRIPT MANAGER: Mapped [application: 'accessibility_probe' (0x7e31000ea340)]  to accessibility_probe
10:08:14.137435 - DEFAULT: Setting up commands for [application: 'accessibility_probe' (0x7e31000ea340)] 
10:08:14.137459 - DEFAULT: Commands already initialized.
10:08:14.137465 - SCRIPT: accessibility_probe (module=orca.scripts.default) initialized
10:08:14.137494 - SCRIPT MANAGER: Default script created for [application: 'accessibility_probe' (0x7e31000ea340)]  (obj:  None)
10:08:14.137511 - SCRIPT MANAGER: Script is app script accessibility_probe (module=orca.scripts.default)
10:08:14.137565 - EVENT MANAGER: object:children-changed:add for [frame: 'Reactive TUI App accessibility round 1' (0x7e31000d7340)]  in accessibility_probe (AccessKit) (0, 0, [progress bar: 'Download progress' (0x7e31000ef340)]) has priority level: 6
10:08:14.137604 - EVENT MANAGER: Queued object:children-changed:add for [frame: 'Reactive TUI App accessibility round 1' (0x7e31000ef340)]  in accessibility_probe (AccessKit) (0, 0, [progress bar: 'Download progress' (0x7e31000ef3c0)]) priority: 6, counter: 27

10:08:14.137956 - EVENT MANAGER: object:children-changed:add for [frame: 'Reactive TUI App accessibility round 1' (0x7e31000d7300)]  in accessibility_probe (AccessKit) (1, 0, [button: 'Advance download' (0x7e31000ef300)])
10:08:14.137975 - FOCUS MANAGER: Locus of focus is None
10:08:14.138027 - EVENT MANAGER: Not ignoring object:children-changed:add based on role
10:08:14.138086 - EVENT MANAGER: Queueing object:children-changed:add for [frame: 'Reactive TUI App accessibility round 1' (0x7e31000ef380)]  in accessibility_probe (AccessKit) (1, 0, [button: 'Advance download' (0x7e31000e9480)])
10:08:14.138112 - EVENT MANAGER: App for event source is [application: 'accessibility_probe' (0x7e31000ea340)] 
10:08:14.138130 - SCRIPT MANAGER: Getting script for [application: 'accessibility_probe' (0x7e31000ea340)]  [frame: 'Reactive TUI App accessibility round 1' (0x7e3100bff4c0)] 
10:08:14.138308 - SCRIPT MANAGER: Script is app script accessibility_probe (module=orca.scripts.default)
10:08:14.138347 - EVENT MANAGER: object:children-changed:add for [frame: 'Reactive TUI App accessibility round 1' (0x7e31000e9480)]  in accessibility_probe (AccessKit) (1, 0, [button: 'Advance download' (0x7e31000e9480)]) has priority level: 6
10:08:14.138383 - EVENT MANAGER: Queued object:children-changed:add for [frame: 'Reactive TUI App accessibility round 1' (0x7e31000ef440)]  in accessibility_probe (AccessKit) (1, 0, [button: 'Advance download' (0x7e31000e9480)]) priority: 6, counter: 28

10:08:14.138725 - EVENT MANAGER: object:children-changed:add for [frame: 'Reactive TUI App accessibility round 1' (0x7e31000e2240)]  in accessibility_probe (AccessKit) (2, 0, [progress bar: 'Waiting for download' (0x7e31000e9480)])
10:08:14.138742 - FOCUS MANAGER: Locus of focus is None
10:08:14.138761 - EVENT MANAGER: Not ignoring object:children-changed:add based on role
10:08:14.138791 - EVENT MANAGER: Queueing object:children-changed:add for [frame: 'Reactive TUI App accessibility round 1' (0x7e31000ef480)]  in accessibility_probe (AccessKit) (2, 0, [progress bar: 'Waiting for download' (0x7e31000e9480)])
10:08:14.138806 - EVENT MANAGER: App for event source is [application: 'accessibility_probe' (0x7e31000ea340)] 
10:08:14.138822 - SCRIPT MANAGER: Getting script for [application: 'accessibility_probe' (0x7e31000ea340)]  [frame: 'Reactive TUI App accessibility round 1' (0x7e31000b25c0)] 
10:08:14.138992 - SCRIPT MANAGER: Script is app script accessibility_probe (module=orca.scripts.default)
10:08:14.139030 - EVENT MANAGER: object:children-changed:add for [frame: 'Reactive TUI App accessibility round 1' (0x7e31000ef400)]  in accessibility_probe (AccessKit) (2, 0, [progress bar: 'Waiting for download' (0x7e31000e9480)]) has priority level: 6
10:08:14.139063 - EVENT MANAGER: Queued object:children-changed:add for [frame: 'Reactive TUI App accessibility round 1' (0x7e3100a4f480)]  in accessibility_probe (AccessKit) (2, 0, [progress bar: 'Waiting for download' (0x7e31000e9480)]) priority: 6, counter: 29

10:08:14.139411 - EVENT MANAGER: object:children-changed:add for [frame: 'Reactive TUI App accessibility round 1' (0x7e31000ef480)]  in accessibility_probe (AccessKit) (3, 0, [progress bar: 'Invalid download' (0x7e31000ef480)])
10:08:14.139427 - FOCUS MANAGER: Locus of focus is None
10:08:14.139444 - EVENT MANAGER: Not ignoring object:children-changed:add based on role
10:08:14.139472 - EVENT MANAGER: Queueing object:children-changed:add for [frame: 'Reactive TUI App accessibility round 1' (0x7e31000ef500)]  in accessibility_probe (AccessKit) (3, 0, [progress bar: 'Invalid download' (0x7e31000e9480)])
10:08:14.139485 - EVENT MANAGER: App for event source is [application: 'accessibility_probe' (0x7e31000ea340)] 
10:08:14.139501 - SCRIPT MANAGER: Getting script for [application: 'accessibility_probe' (0x7e31000ea340)]  [frame: 'Reactive TUI App accessibility round 1' (0x7e3100bff480)] 
10:08:14.139668 - SCRIPT MANAGER: Script is app script accessibility_probe (module=orca.scripts.default)
10:08:14.139703 - EVENT MANAGER: object:children-changed:add for [frame: 'Reactive TUI App accessibility round 1' (0x7e31000ef480)]  in accessibility_probe (AccessKit) (3, 0, [progress bar: 'Invalid download' (0x7e31000e9e40)]) has priority level: 6
10:08:14.139735 - EVENT MANAGER: Queued object:children-changed:add for [frame: 'Reactive TUI App accessibility round 1' (0x7e3100a4f500)]  in accessibility_probe (AccessKit) (3, 0, [progress bar: 'Invalid download' (0x7e31000e9480)]) priority: 6, counter: 30

10:08:14.140074 - EVENT MANAGER: object:children-changed:add for [frame: 'Reactive TUI App accessibility round 1' (0x7e31000d7300)]  in accessibility_probe (AccessKit) (4, 0, [progress bar: 'Completed download' (0x7e31000ef300)])
10:08:14.140092 - FOCUS MANAGER: Locus of focus is None
10:08:14.140109 - EVENT MANAGER: Not ignoring object:children-changed:add based on role
10:08:14.140137 - EVENT MANAGER: Queueing object:children-changed:add for [frame: 'Reactive TUI App accessibility round 1' (0x7e31000ef540)]  in accessibility_probe (AccessKit) (4, 0, [progress bar: 'Completed download' (0x7e31000e9e40)])
10:08:14.140151 - EVENT MANAGER: App for event source is [application: 'accessibility_probe' (0x7e31000ea340)] 
10:08:14.140166 - SCRIPT MANAGER: Getting script for [application: 'accessibility_probe' (0x7e31000ea340)]  [frame: 'Reactive TUI App accessibility round 1' (0x7e31000ef4c0)] 
10:08:14.140357 - SCRIPT MANAGER: Script is app script accessibility_probe (module=orca.scripts.default)
10:08:14.140392 - EVENT MANAGER: object:children-changed:add for [frame: 'Reactive TUI App accessibility round 1' (0x7e31000ef300)]  in accessibility_probe (AccessKit) (4, 0, [progress bar: 'Completed download' (0x7e31000e9e40)]) has priority level: 6
10:08:14.140424 - EVENT MANAGER: Queued object:children-changed:add for [frame: 'Reactive TUI App accessibility round 1' (0x7e31000ef4c0)]  in accessibility_probe (AccessKit) (4, 0, [progress bar: 'Completed download' (0x7e31000e9480)]) priority: 6, counter: 31

10:08:14.140459 - EVENT MANAGER: window:activate for [frame: 'Reactive TUI App accessibility round 1' (0x7e31000ef480)]  in accessibility_probe (AccessKit) (0, 0, Reactive TUI App accessibility round 1)
10:08:14.140489 - EVENT MANAGER: Queueing window:activate for [frame: 'Reactive TUI App accessibility round 1' (0x7e31000ef5c0)]  in accessibility_probe (AccessKit) (0, 0, Reactive TUI App accessibility round 1)
10:08:14.140503 - EVENT MANAGER: App for event source is [application: 'accessibility_probe' (0x7e31000ea340)] 
10:08:14.140519 - SCRIPT MANAGER: Getting script for [application: 'accessibility_probe' (0x7e31000ea340)]  [frame: 'Reactive TUI App accessibility round 1' (0x7e3100bff4c0)] 
10:08:14.140701 - SCRIPT MANAGER: Script is app script accessibility_probe (module=orca.scripts.default)
10:08:14.140737 - EVENT MANAGER: window:activate for [frame: 'Reactive TUI App accessibility round 1' (0x7e31000ef7c0)]  in accessibility_probe (AccessKit) (0, 0, Reactive TUI App accessibility round 1) has priority level: 2
10:08:14.140774 - EVENT MANAGER: Queued window:activate for [frame: 'Reactive TUI App accessibility round 1' (0x7e31000ef840)]  in accessibility_probe (AccessKit) (0, 0, Reactive TUI App accessibility round 1) priority: 2, counter: 32

10:08:14.140895 - EVENT MANAGER: object:state-changed:active for [frame: 'Reactive TUI App accessibility round 1' (0x7e31000ef780)]  in accessibility_probe (AccessKit) (1, 0, 0)
10:08:14.140909 - FOCUS MANAGER: Locus of focus is None
10:08:14.140926 - EVENT MANAGER: Not ignoring object:state-changed:active based on role
10:08:14.140955 - EVENT MANAGER: Queueing object:state-changed:active for [frame: 'Reactive TUI App accessibility round 1' (0x7e31000ef480)]  in accessibility_probe (AccessKit) (1, 0, 0)
10:08:14.140969 - EVENT MANAGER: App for event source is [application: 'accessibility_probe' (0x7e31000ea340)] 
10:08:14.140987 - SCRIPT MANAGER: Getting script for [application: 'accessibility_probe' (0x7e31000ea340)]  [frame: 'Reactive TUI App accessibility round 1' (0x7e31000ef480)] 
10:08:14.141171 - SCRIPT MANAGER: Script is app script accessibility_probe (module=orca.scripts.default)
10:08:14.141249 - EVENT MANAGER: object:state-changed:active for [frame: 'Reactive TUI App accessibility round 1' (0x7e31000ef900)]  in accessibility_probe (AccessKit) (1, 0, 0) has priority level: 2
10:08:14.141293 - EVENT MANAGER: Queued object:state-changed:active for [frame: 'Reactive TUI App accessibility round 1' (0x7e31000ef940)]  in accessibility_probe (AccessKit) (1, 0, 0) priority: 2, counter: 33

10:08:14.141337 - EVENT MANAGER: object:active-descendant-changed for [application: 'accessibility_probe' (0x7e31000ea340)]  in accessibility_probe (AccessKit) (0, 0, [frame: 'Reactive TUI App accessibility round 1' (0x7e31009b7940)])
10:08:14.141353 - FOCUS MANAGER: Locus of focus is None
10:08:14.141438 - EVENT MANAGER: Queueing object:active-descendant-changed for [application: 'accessibility_probe' (0x7e31000ea340)]  in accessibility_probe (AccessKit) (0, 0, [frame: 'Reactive TUI App accessibility round 1' (0x7e31000e9480)])
10:08:14.141454 - EVENT MANAGER: App for event source is [application: 'accessibility_probe' (0x7e31000ea340)] 
10:08:14.141470 - SCRIPT MANAGER: Getting script for [application: 'accessibility_probe' (0x7e31000ea340)]  [application: 'accessibility_probe' (0x7e31000ea340)] 
10:08:14.141700 - SCRIPT MANAGER: Script is app script accessibility_probe (module=orca.scripts.default)
10:08:14.141752 - EVENT MANAGER: object:active-descendant-changed for [application: 'accessibility_probe' (0x7e31000ea340)]  in accessibility_probe (AccessKit) (0, 0, [frame: 'Reactive TUI App accessibility round 1' (0x7e31000e9480)]) has priority level: 3
10:08:14.141789 - EVENT MANAGER: Queued object:active-descendant-changed for [application: 'accessibility_probe' (0x7e31000ea340)]  in accessibility_probe (AccessKit) (0, 0, [frame: 'Reactive TUI App accessibility round 1' (0x7e31000e9480)]) priority: 3, counter: 34

10:08:14.142184 - EVENT MANAGER: object:state-changed:focused for [button: 'Advance download' (0x7e31000efac0)]  in accessibility_probe (AccessKit) (1, 0, 0)
10:08:14.142205 - FOCUS MANAGER: Locus of focus is None
10:08:14.143739 - EVENT_MANAGER: Not ignoring object:state-changed:focused due to source being focused
10:08:14.143804 - EVENT MANAGER: Queueing object:state-changed:focused for [button: 'Advance download' (0x7e31000efb00)]  in accessibility_probe (AccessKit) (1, 0, 0)
10:08:14.143825 - EVENT MANAGER: App for event source is [application: 'accessibility_probe' (0x7e31000ea340)] 
10:08:14.143844 - SCRIPT MANAGER: Getting script for [application: 'accessibility_probe' (0x7e31000ea340)]  [button: 'Advance download' (0x7e31000efc80)] 
10:08:14.144058 - SCRIPT MANAGER: Script is app script accessibility_probe (module=orca.scripts.default)
10:08:14.144105 - EVENT MANAGER: object:state-changed:focused for [button: 'Advance download' (0x7e31000efd00)]  in accessibility_probe (AccessKit) (1, 0, 0) has priority level: 3
10:08:14.144144 - EVENT MANAGER: Queued object:state-changed:focused for [button: 'Advance download' (0x7e31000efd80)]  in accessibility_probe (AccessKit) (1, 0, 0) priority: 3, counter: 35

10:08:14.144198 - EVENT MANAGER: object:text-caret-moved for [terminal: 'Terminal' (0x7e31000efe80)]  in org.gnome.Terminal (gtk 3.24.52) (381, 0, 0)
10:08:14.144214 - FOCUS MANAGER: Locus of focus is None
10:08:14.144269 - EVENT_MANAGER: Not ignoring object:text-caret-moved due to source being focused
10:08:14.144302 - EVENT MANAGER: Queueing object:text-caret-moved for [terminal: 'Terminal' (0x7e31000f0100)]  in org.gnome.Terminal (gtk 3.24.52) (381, 0, 0)
10:08:14.144318 - EVENT MANAGER: App for event source is [application: 'org.gnome.Terminal' (0x7e31000c8580)] 
10:08:14.144335 - SCRIPT MANAGER: Getting script for [application: 'org.gnome.Terminal' (0x7e31000c8580)]  [terminal: 'Terminal' (0x7e3100a4f480)] 
10:08:14.144358 - SCRIPT MANAGER: Script is custom script org.gnome.Terminal (module=orca.scripts.terminal.script)
10:08:14.144396 - EVENT MANAGER: object:text-caret-moved for [terminal: 'Terminal' (0x7e3100070240)]  in org.gnome.Terminal (gtk 3.24.52) (381, 0, 0) has priority level: 4
10:08:14.144432 - EVENT MANAGER: Queued object:text-caret-moved for [terminal: 'Terminal' (0x7e3100070240)]  in org.gnome.Terminal (gtk 3.24.52) (381, 0, 0) priority: 4, counter: 36
10:08:14.144467 - CLIPBOARD PRESENTER: Possible change event object:text-changed:delete for [terminal: 'Terminal' (0x7e31000e9340)]  in org.gnome.Terminal (gtk 3.24.52) (372, 9, \n\n\n\n\n\n\n\n\n)

10:08:14.144515 - EVENT MANAGER: object:text-changed:delete for [terminal: 'Terminal' (0x7e3100079340)]  in org.gnome.Terminal (gtk 3.24.52) (372, 9, \n\n\n\n\n\n\n\n\n)
10:08:14.144529 - FOCUS MANAGER: Locus of focus is None
10:08:14.144572 - EVENT_MANAGER: Not ignoring object:text-changed:delete due to source being focused
10:08:14.144603 - EVENT MANAGER: Queueing object:text-changed:delete for [terminal: 'Terminal' (0x7e31000c8040)]  in org.gnome.Terminal (gtk 3.24.52) (372, 9, \n\n\n\n\n\n\n\n\n)
10:08:14.144617 - EVENT MANAGER: App for event source is [application: 'org.gnome.Terminal' (0x7e31000c8580)] 
10:08:14.144632 - SCRIPT MANAGER: Getting script for [application: 'org.gnome.Terminal' (0x7e31000c8580)]  [terminal: 'Terminal' (0x7e31000f01c0)] 
10:08:14.144652 - SCRIPT MANAGER: Script is custom script org.gnome.Terminal (module=orca.scripts.terminal.script)
10:08:14.144690 - EVENT MANAGER: object:text-changed:delete for [terminal: 'Terminal' (0x7e3100070240)]  in org.gnome.Terminal (gtk 3.24.52) (372, 9, \n\n\n\n\n\n\n\n\n) has priority level: 4
10:08:14.144723 - EVENT MANAGER: Queued object:text-changed:delete for [terminal: 'Terminal' (0x7e3100070240)]  in org.gnome.Terminal (gtk 3.24.52) (372, 9, \n\n\n\n\n\n\n\n\n) priority: 4, counter: 37
10:08:14.144759 - CLIPBOARD PRESENTER: Possible change event object:text-changed:insert for [terminal: 'Terminal' (0x7e31000f0280)]  in org.gnome.Terminal (gtk 3.24.52) (372, 603, \n \n \n \n \n... \n \n \n \n \n (612 chars.))

10:08:14.144803 - EVENT MANAGER: object:text-changed:insert for [terminal: 'Terminal' (0x7e31000f0180)]  in org.gnome.Terminal (gtk 3.24.52) (372, 603, \n \n \n \n \n... \n \n \n \n \n (612 chars.))
10:08:14.144817 - FOCUS MANAGER: Locus of focus is None
10:08:14.144859 - EVENT_MANAGER: Not ignoring object:text-changed:insert due to source being focused
10:08:14.144891 - EVENT MANAGER: Queueing object:text-changed:insert for [terminal: 'Terminal' (0x7e31000f0340)]  in org.gnome.Terminal (gtk 3.24.52) (372, 603, \n \n \n \n \n... \n \n \n \n \n (612 chars.))
10:08:14.144905 - EVENT MANAGER: App for event source is [application: 'org.gnome.Terminal' (0x7e31000c8580)] 
10:08:14.144919 - SCRIPT MANAGER: Getting script for [application: 'org.gnome.Terminal' (0x7e31000c8580)]  [terminal: 'Terminal' (0x7e31000f0380)] 
10:08:14.144938 - SCRIPT MANAGER: Script is custom script org.gnome.Terminal (module=orca.scripts.terminal.script)
10:08:14.144975 - EVENT MANAGER: object:text-changed:insert for [terminal: 'Terminal' (0x7e31000f03c0)]  in org.gnome.Terminal (gtk 3.24.52) (372, 603, \n \n \n \n \n... \n \n \n \n \n (612 chars.)) has priority level: 4
10:08:14.145017 - EVENT MANAGER: Queued object:text-changed:insert for [terminal: 'Terminal' (0x7e31000f0180)]  in org.gnome.Terminal (gtk 3.24.52) (372, 603, \n \n \n \n \n... \n \n \n \n \n (612 chars.)) priority: 4, counter: 38

10:08:14.145051 - EVENT MANAGER: object:text-caret-moved for [terminal: 'Terminal' (0x7e31000f0480)]  in org.gnome.Terminal (gtk 3.24.52) (975, 0, 0)
10:08:14.145065 - FOCUS MANAGER: Locus of focus is None
10:08:14.145106 - EVENT_MANAGER: Not ignoring object:text-caret-moved due to source being focused
10:08:14.145136 - EVENT MANAGER: Queueing object:text-caret-moved for [terminal: 'Terminal' (0x7e31000f0540)]  in org.gnome.Terminal (gtk 3.24.52) (975, 0, 0)
10:08:14.145150 - EVENT MANAGER: App for event source is [application: 'org.gnome.Terminal' (0x7e31000c8580)] 
10:08:14.145165 - SCRIPT MANAGER: Getting script for [application: 'org.gnome.Terminal' (0x7e31000c8580)]  [terminal: 'Terminal' (0x7e31000f0580)] 
10:08:14.145184 - SCRIPT MANAGER: Script is custom script org.gnome.Terminal (module=orca.scripts.terminal.script)
10:08:14.145219 - EVENT MANAGER: object:text-caret-moved for [terminal: 'Terminal' (0x7e31000f0680)]  in org.gnome.Terminal (gtk 3.24.52) (975, 0, 0) has priority level: 4
10:08:14.145251 - EVENT MANAGER: Queued object:text-caret-moved for [terminal: 'Terminal' (0x7e31000f0540)]  in org.gnome.Terminal (gtk 3.24.52) (975, 0, 0) priority: 4, counter: 39
10:08:14.146466 - EVENT SOURCE:
                  app='org.gnome.Terminal (gtk 3.24.52)' name='Terminal' role='frame' axid='' id=0x7e310008bac0
                  description=''
                  help=''
                  locale='C.UTF-8'
                  states='active, enabled, resizable, sensitive, showing, visible'
                  relations=''
                  actions=''
                  interfaces='Collection, Component'
                  attributes='toolkit:gtk, window-type:normal'
                  text=''
                  path=[-1, 0]
                  
10:08:14.146493 - SCRIPT MANAGER: Active script is: default (module=orca.scripts.default)
10:08:14.146511 - FOCUS MANAGER: Locus of focus is None
10:08:14.146540 - EVENT MANAGER: Getting script for event for [application: 'org.gnome.Terminal' (0x7e31000c8580)]  [frame: 'Terminal' (0x7e31000d3ac0)] 
10:08:14.146555 - SCRIPT MANAGER: Getting script for [application: 'org.gnome.Terminal' (0x7e31000c8580)]  [frame: 'Terminal' (0x7e31000d3ac0)] 
10:08:14.146579 - SCRIPT MANAGER: Script is app script org.gnome.Terminal (module=orca.scripts.toolkits.gtk.script)
10:08:14.146592 - EVENT MANAGER: Script for event is org.gnome.Terminal (module=orca.scripts.toolkits.gtk.script)
10:08:14.147306 - FOCUS MANAGER: Active window is None event_manager._process_object_event:958 > event_manager._is_activatable_event:814 > event_manager._is_activatable_by_event_type:828 > focus_manager.get_active_window:342
10:08:14.147693 - EVENT MANAGER: Change active script: True (Window activation)
10:08:14.147727 - SCRIPT MANAGER: Deactivating default (module=orca.scripts.default) reason: Window activation
10:08:14.147756 - SCRIPT MANAGER: Setting active script to org.gnome.Terminal (module=orca.scripts.toolkits.gtk.script) reason: Window activation
10:08:14.147774 - DEFAULT: Activating script for [application: 'org.gnome.Terminal' (0x7e31000c8580)] 
10:08:14.148116 - SPEECH MANAGER: Speech server is <orca.speechdispatcherfactory.SpeechServer object at 0x7e310098d6a0>
10:08:14.148277 - GSETTINGS SCHEMA HANDLE: speech/punctuation-level not set [app:org.gnome.Terminal, profile:default]
10:08:14.148298 - GSETTINGS REGISTRY: speech/punctuation-level using default value = 'most'
10:08:14.148570 - SPEECH MANAGER: Speech server is <orca.speechdispatcherfactory.SpeechServer object at 0x7e310098d6a0>
10:08:14.148640 - GSETTINGS SCHEMA HANDLE: speech/capitalization-style not set [app:org.gnome.Terminal, profile:default]
10:08:14.148664 - GSETTINGS REGISTRY: speech/capitalization-style using default value = 'none'
10:08:14.148881 - SPEECH MANAGER: Speech server is <orca.speechdispatcherfactory.SpeechServer object at 0x7e310098d6a0>
10:08:14.148982 - GSETTINGS SCHEMA HANDLE: speech/synthesizer not set [app:org.gnome.Terminal, profile:default]
10:08:14.149047 - SCRIPT MANAGER: Active script is: org.gnome.Terminal (module=orca.scripts.toolkits.gtk.script)
10:08:14.149059 - CARET NAVIGATOR: Commands suspended: False: script activation, no prior state
10:08:14.149110 - GSETTINGS SCHEMA HANDLE: keybindings/keyboard-layout not set [app:org.gnome.Terminal, profile:default]
10:08:14.149116 - GSETTINGS REGISTRY: keybindings/keyboard-layout using default value = 'desktop'
10:08:14.149133 - GSETTINGS SCHEMA HANDLE: keybindings/desktop-modifier-keys not set [app:org.gnome.Terminal, profile:default]
10:08:14.149138 - GSETTINGS REGISTRY: keybindings/desktop-modifier-keys using default value = ['Insert', 'KP_Insert']
10:08:14.149172 - SCRIPT MANAGER: Active script is: org.gnome.Terminal (module=orca.scripts.toolkits.gtk.script)
10:08:14.149177 - STRUCTURAL NAVIGATOR: Suspended: False: script activation, no prior state
10:08:14.149193 - GSETTINGS SCHEMA HANDLE: keybindings/keyboard-layout not set [app:org.gnome.Terminal, profile:default]
10:08:14.149197 - GSETTINGS REGISTRY: keybindings/keyboard-layout using default value = 'desktop'
10:08:14.149208 - GSETTINGS SCHEMA HANDLE: keybindings/desktop-modifier-keys not set [app:org.gnome.Terminal, profile:default]
10:08:14.149212 - GSETTINGS REGISTRY: keybindings/desktop-modifier-keys using default value = ['Insert', 'KP_Insert']
10:08:14.149250 - STRUCTURAL NAVIGATOR: Setting mode for org.gnome.Terminal (module=orca.scripts.toolkits.gtk.script) to NavigationMode.OFF
10:08:14.149265 - SCRIPT MANAGER: Active script is: org.gnome.Terminal (module=orca.scripts.toolkits.gtk.script)
10:08:14.149281 - GSETTINGS SCHEMA HANDLE: keybindings/keyboard-layout not set [app:org.gnome.Terminal, profile:default]
10:08:14.149285 - GSETTINGS REGISTRY: keybindings/keyboard-layout using default value = 'desktop'
10:08:14.149295 - GSETTINGS SCHEMA HANDLE: keybindings/desktop-modifier-keys not set [app:org.gnome.Terminal, profile:default]
10:08:14.149299 - GSETTINGS REGISTRY: keybindings/desktop-modifier-keys using default value = ['Insert', 'KP_Insert']
10:08:14.149332 - CARET NAVIGATOR: Setting enabled state for org.gnome.Terminal (module=orca.scripts.toolkits.gtk.script) to False
10:08:14.149346 - SCRIPT MANAGER: Active script is: org.gnome.Terminal (module=orca.scripts.toolkits.gtk.script)
10:08:14.149359 - GSETTINGS SCHEMA HANDLE: keybindings/keyboard-layout not set [app:org.gnome.Terminal, profile:default]
10:08:14.149363 - GSETTINGS REGISTRY: keybindings/keyboard-layout using default value = 'desktop'
10:08:14.149374 - GSETTINGS SCHEMA HANDLE: keybindings/desktop-modifier-keys not set [app:org.gnome.Terminal, profile:default]
10:08:14.149378 - GSETTINGS REGISTRY: keybindings/desktop-modifier-keys using default value = ['Insert', 'KP_Insert']
10:08:14.149389 - COMMAND MANAGER: Activating commands: activated org.gnome.Terminal (module=orca.scripts.toolkits.gtk.script)
10:08:14.149456 - GSETTINGS SCHEMA HANDLE: keybindings/entries no dict values set
10:08:14.149461 - GSETTINGS REGISTRY: keybindings/entries using default value = {}
10:08:14.149465 - COMMAND MANAGER: No user overrides to apply
10:08:14.149509 - GSETTINGS SCHEMA HANDLE: keybindings/keyboard-layout not set [app:org.gnome.Terminal, profile:default]
10:08:14.149513 - GSETTINGS REGISTRY: keybindings/keyboard-layout using default value = 'desktop'
10:08:14.149523 - GSETTINGS SCHEMA HANDLE: keybindings/desktop-modifier-keys not set [app:org.gnome.Terminal, profile:default]
10:08:14.149527 - GSETTINGS REGISTRY: keybindings/desktop-modifier-keys using default value = ['Insert', 'KP_Insert']

vvvvv COMMAND MANAGER: Grab diff: activated org.gnome.Terminal (module=orca.scripts.toolkits.gtk.script) (old: 77, new: 77) vvvvv
10:08:14.150326 -   Added (31):
10:08:14.150340 -     KP_Divide: leftClickReviewItemHandler
10:08:14.150346 -     KP_Multiply: rightClickReviewItemHandler
10:08:14.150354 -     KP_Add: sayAllHandler
10:08:14.150363 -     Alt+BackSpace: bypass_mode_toggle
10:08:14.150369 -     Alt+Control+Shift+q: toggle_sleep_mode
10:08:14.150373 -     Alt+Shift+Left: table_cell_left
10:08:14.150377 -     Alt+Shift+Right: table_cell_right
10:08:14.150381 -     Alt+Shift+Up: table_cell_up
10:08:14.150385 -     Alt+Shift+Down: table_cell_down
10:08:14.150389 -     Alt+Shift+Home: table_cell_first
10:08:14.150393 -     Alt+Shift+End: table_cell_last
10:08:14.150396 -     KP_Subtract: toggleFlatReviewModeHandler
10:08:14.150399 -     KP_Home: reviewPreviousLineHandler
10:08:14.150403 -     KP_Up: reviewCurrentLineHandler
10:08:14.150406 -     KP_Page_Up: reviewNextLineHandler
10:08:14.150409 -     KP_Up x2: reviewSpellCurrentLineHandler
10:08:14.150412 -     KP_Up x3: reviewPhoneticCurrentLineHandler
10:08:14.150415 -     KP_Left: reviewPreviousItemHandler
10:08:14.150418 -     KP_Begin: reviewCurrentItemHandler
10:08:14.150421 -     KP_Right: reviewNextItemHandler
10:08:14.150424 -     KP_Begin x2: reviewSpellCurrentItemHandler
10:08:14.150427 -     KP_Begin x3: reviewPhoneticCurrentItemHandler
10:08:14.150431 -     KP_End: reviewPreviousCharacterHandler
10:08:14.150434 -     KP_Down: reviewCurrentCharacterHandler
10:08:14.150437 -     KP_Down x2: reviewSpellCurrentCharacterHandler
10:08:14.150440 -     KP_Down x3: reviewUnicodeCurrentCharacterHandler
10:08:14.150443 -     KP_Page_Down: reviewNextCharacterHandler
10:08:14.150446 -     KP_Add x2: flatReviewSayAllHandler
10:08:14.150449 -     KP_Delete: findHandler
10:08:14.150452 -     KP_Enter: whereAmIBasicHandler
10:08:14.150455 -     KP_Enter x2: whereAmIDetailedHandler
^^^^^ COMMAND MANAGER: Diff completed in 0.0009s. Removed 0, added 31, transferred 0 ^^^^^

10:08:14.150492 - GSETTINGS SCHEMA HANDLE: speech/enable not set [app:org.gnome.Terminal, profile:default]
10:08:14.150499 - GSETTINGS REGISTRY: speech/enable using default value = True
10:08:14.150503 - SPEECH MANAGER: Speech is enabled.
10:08:14.150537 - SPEECH MANAGER: start_speech. Script: None Event: None notify_user: False
10:08:14.150542 - SPEECH MANAGER: Initializing server
10:08:14.150545 - SPEECH MANAGER: Already initialized
10:08:14.150564 - GSETTINGS SCHEMA HANDLE: keybindings/keyboard-layout not set [app:org.gnome.Terminal, profile:default]
10:08:14.150569 - GSETTINGS REGISTRY: keybindings/keyboard-layout using default value = 'desktop'
10:08:14.150573 - COMMAND MANAGER: Setting keyboard layout is_desktop to True.
10:08:14.150631 - GSETTINGS SCHEMA HANDLE: keybindings/entries no dict values set
10:08:14.150636 - GSETTINGS REGISTRY: keybindings/entries using default value = {}
10:08:14.150639 - COMMAND MANAGER: No user overrides to apply
10:08:14.150683 - GSETTINGS SCHEMA HANDLE: keybindings/keyboard-layout not set [app:org.gnome.Terminal, profile:default]
10:08:14.150688 - GSETTINGS REGISTRY: keybindings/keyboard-layout using default value = 'desktop'
10:08:14.150699 - GSETTINGS SCHEMA HANDLE: keybindings/desktop-modifier-keys not set [app:org.gnome.Terminal, profile:default]
10:08:14.150703 - GSETTINGS REGISTRY: keybindings/desktop-modifier-keys using default value = ['Insert', 'KP_Insert']

vvvvv COMMAND MANAGER: Grab diff: keyboard layout change (old: 77, new: 77) vvvvv
10:08:14.150718 -   No grab changes
^^^^^ COMMAND MANAGER: Diff completed in 0.0000s. Removed 0, added 0, transferred 0 ^^^^^

10:08:14.150726 - COMMAND MANAGER: Keyboard layout set to desktop.
10:08:14.150741 - GSETTINGS SCHEMA HANDLE: keybindings/keyboard-layout not set [app:org.gnome.Terminal, profile:default]
10:08:14.150745 - GSETTINGS REGISTRY: keybindings/keyboard-layout using default value = 'desktop'
10:08:14.150754 - GSETTINGS SCHEMA HANDLE: keybindings/desktop-modifier-keys not set [app:org.gnome.Terminal, profile:default]
10:08:14.150758 - GSETTINGS REGISTRY: keybindings/desktop-modifier-keys using default value = ['Insert', 'KP_Insert']
10:08:14.150766 - EVENT MANAGER: Processing window:activate: script for event is active
10:08:14.150807 - AXObject: Clearing AT-SPI cache on [frame: 'Terminal' (0x7e31000ef3c0)]  Recursive: False.  Reason: Checking if window can be the active window
10:08:14.151697 - AXUtilities: [frame: 'Terminal' (0x7e31000ef3c0)]  from [application: 'org.gnome.Terminal' (0x7e31000c8580)]  can be active window
10:08:14.151729 - FOCUS MANAGER: Active window is None event_manager._dequeue_object_event:666 > event_manager._process_object_event:982 > default._on_window_activated:1384 > focus_manager.get_active_window:342
10:08:14.152190 - FOCUS MANAGER: Request to set active window to [frame: 'Terminal' (0x7e31000ef480)] 
10:08:14.152220 - FOCUS MANAGER: Focus None is not in [frame: 'Terminal' (0x7e31000ef480)] 
10:08:14.152241 - FOCUS MANAGER: Request to set locus of focus to [frame: 'Terminal' (0x7e31000ef480)]  event_manager._process_object_event:982 > default._on_window_activated:1391 > focus_manager.set_active_window:391 > focus_manager.set_locus_of_focus:271
10:08:14.152531 - AXObject: Clearing AT-SPI cache on [frame: 'Terminal' (0x7e31000ef480)]  Recursive: False.  Reason: Setting locus of focus.
10:08:14.152551 - SCRIPT MANAGER: Active script is: org.gnome.Terminal (module=orca.scripts.toolkits.gtk.script)
10:08:14.152718 - FOCUS MANAGER: Changing locus of focus from None to [frame: 'Terminal' (0x7e31000ef480)] . Notify: True
10:08:14.152760 - FOCUS MANAGER: Switching mode from None to focus-tracking
10:08:14.152822 - FOCUS MANAGER: Region of interest: [frame: 'Terminal' (0x7e31000ef480)]  (0, 0)
10:08:14.152888 - FOCUS MANAGER: Switching object of interest from None to [frame: 'Terminal' (0x7e31000ef480)] 
10:08:14.153154 - DOCUMENT PRESENTER: Updating mode for focus change. Old focus: None old doc: None New focus: [frame: 'Terminal' (0x7e31000ef480)]  new doc: None
10:08:14.153175 - SCRIPT MANAGER: Active script is: org.gnome.Terminal (module=orca.scripts.toolkits.gtk.script)
10:08:14.153181 - CARET NAVIGATOR: Commands suspended: False: locus of focus no longer in document
10:08:14.153207 - GSETTINGS SCHEMA HANDLE: keybindings/keyboard-layout not set [app:org.gnome.Terminal, profile:default]
10:08:14.153212 - GSETTINGS REGISTRY: keybindings/keyboard-layout using default value = 'desktop'
10:08:14.153226 - GSETTINGS SCHEMA HANDLE: keybindings/desktop-modifier-keys not set [app:org.gnome.Terminal, profile:default]
10:08:14.153231 - GSETTINGS REGISTRY: keybindings/desktop-modifier-keys using default value = ['Insert', 'KP_Insert']
10:08:14.153257 - SCRIPT MANAGER: Active script is: org.gnome.Terminal (module=orca.scripts.toolkits.gtk.script)
10:08:14.153261 - STRUCTURAL NAVIGATOR: Suspended: False: locus of focus no longer in document
10:08:14.153274 - GSETTINGS SCHEMA HANDLE: keybindings/keyboard-layout not set [app:org.gnome.Terminal, profile:default]
10:08:14.153278 - GSETTINGS REGISTRY: keybindings/keyboard-layout using default value = 'desktop'
10:08:14.153289 - GSETTINGS SCHEMA HANDLE: keybindings/desktop-modifier-keys not set [app:org.gnome.Terminal, profile:default]
10:08:14.153293 - GSETTINGS REGISTRY: keybindings/desktop-modifier-keys using default value = ['Insert', 'KP_Insert']
10:08:14.153326 - STRUCTURAL NAVIGATOR: Setting mode for org.gnome.Terminal (module=orca.scripts.toolkits.gtk.script) to NavigationMode.OFF
10:08:14.153341 - SCRIPT MANAGER: Active script is: org.gnome.Terminal (module=orca.scripts.toolkits.gtk.script)
10:08:14.153356 - GSETTINGS SCHEMA HANDLE: keybindings/keyboard-layout not set [app:org.gnome.Terminal, profile:default]
10:08:14.153360 - GSETTINGS REGISTRY: keybindings/keyboard-layout using default value = 'desktop'
10:08:14.153371 - GSETTINGS SCHEMA HANDLE: keybindings/desktop-modifier-keys not set [app:org.gnome.Terminal, profile:default]
10:08:14.153375 - GSETTINGS REGISTRY: keybindings/desktop-modifier-keys using default value = ['Insert', 'KP_Insert']
10:08:14.153406 - CARET NAVIGATOR: Setting enabled state for org.gnome.Terminal (module=orca.scripts.toolkits.gtk.script) to False
10:08:14.153419 - SCRIPT MANAGER: Active script is: org.gnome.Terminal (module=orca.scripts.toolkits.gtk.script)
10:08:14.153432 - GSETTINGS SCHEMA HANDLE: keybindings/keyboard-layout not set [app:org.gnome.Terminal, profile:default]
10:08:14.153439 - GSETTINGS REGISTRY: keybindings/keyboard-layout using default value = 'desktop'
10:08:14.153450 - GSETTINGS SCHEMA HANDLE: keybindings/desktop-modifier-keys not set [app:org.gnome.Terminal, profile:default]
10:08:14.153454 - GSETTINGS REGISTRY: keybindings/desktop-modifier-keys using default value = ['Insert', 'KP_Insert']
10:08:14.153496 - SCRIPT UTILITIES: [frame: 'Terminal' (0x7e31000ef480)]  is top-level object for: [frame: 'Terminal' (0x7e31000ef480)] 
10:08:14.153509 - FOCUS MANAGER: Request to set active window to [frame: 'Terminal' (0x7e31000ef480)] 
10:08:14.153514 - FOCUS MANAGER: Setting active window to existing active window
10:08:14.153531 - SCRIPT MANAGER: Getting script for [application: 'org.gnome.Terminal' (0x7e31000c8580)]  [frame: 'Terminal' (0x7e31000ef480)] 
10:08:14.153556 - SCRIPT MANAGER: Script is app script org.gnome.Terminal (module=orca.scripts.toolkits.gtk.script)
10:08:14.153562 - PRESENTATION MANAGER: Not interrupting for locusOfFocus change: event is None
10:08:14.153592 - FOCUS MANAGER: Active mode: focus-tracking Object of interest: [frame: 'Terminal' (0x7e31000ef480)] 
10:08:14.153610 - GSETTINGS SCHEMA HANDLE: speech/enable not set [app:org.gnome.Terminal, profile:default]
10:08:14.153615 - GSETTINGS REGISTRY: speech/enable using default value = True
10:08:14.153629 - GSETTINGS SCHEMA HANDLE: speech/verbosity-level not set [app:org.gnome.Terminal, profile:default]
10:08:14.153633 - GSETTINGS REGISTRY: speech/verbosity-level using default value = 'verbose'
10:08:14.153645 - FOCUS MANAGER: Locus of focus is [frame: 'Terminal' (0x7e31000ef480)] 
10:08:14.153659 - SCRIPT MANAGER: Active script is: org.gnome.Terminal (module=orca.scripts.toolkits.gtk.script)
10:08:14.153675 - GSETTINGS SCHEMA HANDLE: speech/only-speak-displayed-text not set [app:org.gnome.Terminal, profile:default]
10:08:14.153678 - GSETTINGS REGISTRY: speech/only-speak-displayed-text using default value = False
10:08:14.153690 - GSETTINGS SCHEMA HANDLE: speech/speak-description not set [app:org.gnome.Terminal, profile:default]
10:08:14.153694 - GSETTINGS REGISTRY: speech/speak-description using default value = True
10:08:14.153705 - GSETTINGS SCHEMA HANDLE: speech/speak-tutorial-messages not set [app:org.gnome.Terminal, profile:default]
10:08:14.153709 - GSETTINGS REGISTRY: speech/speak-tutorial-messages using default value = True
10:08:14.153719 - GSETTINGS SCHEMA HANDLE: speech/speak-position-in-set not set [app:org.gnome.Terminal, profile:default]
10:08:14.153722 - GSETTINGS REGISTRY: speech/speak-position-in-set using default value = False
10:08:14.153733 - GSETTINGS SCHEMA HANDLE: speech/speak-widget-mnemonic not set [app:org.gnome.Terminal, profile:default]
10:08:14.153736 - GSETTINGS REGISTRY: speech/speak-widget-mnemonic using default value = True
10:08:14.153746 - GSETTINGS SCHEMA HANDLE: speech/speak-blank-lines not set [app:org.gnome.Terminal, profile:default]
10:08:14.153750 - GSETTINGS REGISTRY: speech/speak-blank-lines using default value = True
10:08:14.153761 - GSETTINGS SCHEMA HANDLE: speech/speak-indentation-and-justification not set [app:org.gnome.Terminal, profile:default]
10:08:14.153765 - GSETTINGS REGISTRY: speech/speak-indentation-and-justification using default value = False
10:08:14.153775 - GSETTINGS SCHEMA HANDLE: speech/announce-cell-headers not set [app:org.gnome.Terminal, profile:default]
10:08:14.153779 - GSETTINGS REGISTRY: speech/announce-cell-headers using default value = True
10:08:14.153789 - GSETTINGS SCHEMA HANDLE: speech/announce-cell-coordinates not set [app:org.gnome.Terminal, profile:default]
10:08:14.153792 - GSETTINGS REGISTRY: speech/announce-cell-coordinates using default value = True
10:08:14.153802 - GSETTINGS SCHEMA HANDLE: speech/announce-spreadsheet-cell-coordinates not set [app:org.gnome.Terminal, profile:default]
10:08:14.153806 - GSETTINGS REGISTRY: speech/announce-spreadsheet-cell-coordinates using default value = True
10:08:14.153817 - GSETTINGS SCHEMA HANDLE: speech/announce-blockquote not set [app:org.gnome.Terminal, profile:default]
10:08:14.153822 - GSETTINGS REGISTRY: speech/announce-blockquote using default value = True
10:08:14.153833 - GSETTINGS SCHEMA HANDLE: speech/announce-form not set [app:org.gnome.Terminal, profile:default]
10:08:14.153836 - GSETTINGS REGISTRY: speech/announce-form using default value = True
10:08:14.153846 - GSETTINGS SCHEMA HANDLE: speech/announce-landmark not set [app:org.gnome.Terminal, profile:default]
10:08:14.153849 - GSETTINGS REGISTRY: speech/announce-landmark using default value = True
10:08:14.153859 - GSETTINGS SCHEMA HANDLE: speech/announce-list not set [app:org.gnome.Terminal, profile:default]
10:08:14.153862 - GSETTINGS REGISTRY: speech/announce-list using default value = True
10:08:14.153872 - GSETTINGS SCHEMA HANDLE: speech/announce-grouping not set [app:org.gnome.Terminal, profile:default]
10:08:14.153875 - GSETTINGS REGISTRY: speech/announce-grouping using default value = True
10:08:14.153884 - GSETTINGS SCHEMA HANDLE: speech/announce-table not set [app:org.gnome.Terminal, profile:default]
10:08:14.153888 - GSETTINGS REGISTRY: speech/announce-table using default value = True
10:08:14.153972 - GENERATOR: _get_functional_role: frame
10:08:14.154062 - SPEECH GENERATOR: speech_generator.SpeechGenerator._generate_frame for [frame: 'Terminal' (0x7e31000ef480)]  args: {'formatType': 'unfocused', 'priorObj': "[frame: 'Terminal' (0x7e31000ef480)] ", 'role': 'frame'}
10:08:14.154091 - SPEECH GENERATOR: _generate_old_ancestors: []
10:08:14.154111 - SPEECH GENERATOR: _generate_new_ancestors: []
10:08:14.154362 - AXUtilitiesRelation: [frame: 'Terminal' (0x7e31000ef480)]  is labelled by: []
10:08:14.154381 - GENERATOR: _generate_accessible_label: []
10:08:14.154395 - SPEECH GENERATOR: _generate_accessible_label: []
10:08:14.154422 - GENERATOR: _generate_accessible_name: [Terminal]
10:08:14.154462 - GSETTINGS SCHEMA HANDLE: voice/established not set [app:org.gnome.Terminal, profile:default]
10:08:14.154479 - GSETTINGS SCHEMA HANDLE: voice/rate not set [app:org.gnome.Terminal, profile:default]
10:08:14.154491 - GSETTINGS SCHEMA HANDLE: voice/pitch not set [app:org.gnome.Terminal, profile:default]
10:08:14.154502 - GSETTINGS SCHEMA HANDLE: voice/volume not set [app:org.gnome.Terminal, profile:default]
10:08:14.154514 - GSETTINGS SCHEMA HANDLE: voice/family-name not set [app:org.gnome.Terminal, profile:default]
10:08:14.154524 - GSETTINGS SCHEMA HANDLE: voice/family-lang not set [app:org.gnome.Terminal, profile:default]
10:08:14.154535 - GSETTINGS SCHEMA HANDLE: voice/family-dialect not set [app:org.gnome.Terminal, profile:default]
10:08:14.154546 - GSETTINGS SCHEMA HANDLE: voice/family-gender not set [app:org.gnome.Terminal, profile:default]
10:08:14.154556 - GSETTINGS SCHEMA HANDLE: voice/family-variant not set [app:org.gnome.Terminal, profile:default]
10:08:14.154584 - SPEECH GENERATOR: default voice requested for [frame: 'Terminal' (0x7e31000ef480)]  language='', dialect='' Unmodified voice={'established': False}
10:08:14.154609 - SPEECH GENERATOR: Reported locale of [frame: 'Terminal' (0x7e31000ef480)]  is C
10:08:14.154626 - SPEECH GENERATOR: Updated to: 'C', ''
10:08:14.154649 - GSETTINGS SCHEMA HANDLE: speech/auto-language-switching not set [app:org.gnome.Terminal, profile:default]
10:08:14.154654 - GSETTINGS REGISTRY: speech/auto-language-switching using default value = True
10:08:14.154666 - SPEECH DISPATCHER: Searching for language='C' dialect='' variant='None'.
10:08:14.160587 - SPEECH DISPATCHER: Unfiltered voice list has 0 entries.
10:08:14.160835 - SPEECH DISPATCHER: Unfiltered voice list (try 2) has 0 entries.
10:08:14.160846 - SPEECH DISPATCHER: Found 0 match(es) for language='C' dialect='' variant='None' in 0.0062s.
10:08:14.160908 - SPEECH GENERATOR: Family updated to {'dialect': '', 'lang': 'C', 'name': ''}
10:08:14.160955 - SPEECH GENERATOR: Final voice is {'established': 'False', 'family': "{'dialect': '', 'lang': 'C', 'name': ''}"}
10:08:14.161009 - SPEECH GENERATOR: _generate_accessible_name: [Terminal, {'established': 'False', 'family': "{'dialect': '', 'lang': 'C', 'name': ''}"}]
10:08:14.161076 - GENERATOR: _generate_accessible_label_and_name: [Terminal, {'established': 'False', 'family': "{'dialect': '', 'lang': 'C', 'name': ''}"}]
10:08:14.161100 - SPEECH PRESENTER: Adjusting 'Terminal' from [frame: 'Terminal' (0x7e31000ef480)]  start_offset: None
10:08:14.161137 - GSETTINGS SCHEMA HANDLE: speech/speak-numbers-as-digits not set [app:org.gnome.Terminal, profile:default]
10:08:14.161142 - GSETTINGS REGISTRY: speech/speak-numbers-as-digits using default value = False
10:08:14.161170 - GSETTINGS SCHEMA HANDLE: speech/repeated-character-limit not set [app:org.gnome.Terminal, profile:default]
10:08:14.161174 - GSETTINGS REGISTRY: speech/repeated-character-limit using default value = 4
10:08:14.161308 - GSETTINGS SCHEMA HANDLE: speech/use-pronunciation-dictionary not set [app:org.gnome.Terminal, profile:default]
10:08:14.161316 - GSETTINGS REGISTRY: speech/use-pronunciation-dictionary using default value = True
10:08:14.161352 - GSETTINGS SCHEMA HANDLE: pronunciations/entries no dict values set
10:08:14.161358 - GSETTINGS REGISTRY: pronunciations/entries using default value = {}
10:08:14.161363 - SPEECH PRESENTER: Adjusted text: 'Terminal'
10:08:14.161419 - SPEECH GENERATOR: _generate_accessible_label_and_name: [Terminal, {'established': 'False', 'family': "{'dialect': '', 'lang': 'C', 'name': ''}"}]
10:08:14.161500 - SPEECH GENERATOR: _generate_accessible_role: []
10:08:14.161566 - AXUtilities: Unfocused alerts and dialogs for [frame: 'Terminal' (0x7e31000ef480)] : []
10:08:14.161581 - SPEECH GENERATOR: _generate_unfocused_dialog_count: []
10:08:14.161637 - SPEECH GENERATOR: Results: [Terminal, {'established': 'False', 'family': "{'dialect': '', 'lang': 'C', 'name': ''}"}]
10:08:14.161702 - SPEECH: Speak [Terminal, {'established': 'False', 'family': "{'dialect': '', 'lang': 'C', 'name': ''}"}], acss: None
10:08:14.161723 - SPEECH OUTPUT: 'Terminal' {'established': False, 'family': {'name': '', 'gender': None, 'lang': 'C', 'dialect': '', 'variant': None}}
10:08:14.161731 - SPEECH DISPATCHER: Speaking 'Terminal' as string
10:08:14.162025 - SPEECH DISPATCHER: Speaking '<speak><mark name="0:8"/>Terminal</speak>' 
                  ORCA rate 50.0, pitch 5.0, volume 10.0, language C, punctuation: MOST
                  SD rate 2, pitch 10, volume 100, language c
10:08:14.162157 - GSETTINGS SCHEMA HANDLE: braille/enabled not set [app:org.gnome.Terminal, profile:default]
10:08:14.162168 - GSETTINGS REGISTRY: braille/enabled using default value = True
10:08:14.162212 - FOCUS MANAGER: Active mode: focus-tracking Object of interest: [frame: 'Terminal' (0x7e31000ef480)] 
10:08:14.162233 - GSETTINGS SCHEMA HANDLE: braille/enabled not set [app:org.gnome.Terminal, profile:default]
10:08:14.162238 - GSETTINGS REGISTRY: braille/enabled using default value = True
10:08:14.162257 - GSETTINGS SCHEMA HANDLE: braille/verbosity-level not set [app:org.gnome.Terminal, profile:default]
10:08:14.162262 - GSETTINGS REGISTRY: braille/verbosity-level using default value = 'verbose'
10:08:14.162278 - FOCUS MANAGER: Locus of focus is [frame: 'Terminal' (0x7e31000ef480)] 
10:08:14.162296 - SCRIPT MANAGER: Active script is: org.gnome.Terminal (module=orca.scripts.toolkits.gtk.script)
10:08:14.162313 - GSETTINGS SCHEMA HANDLE: braille/rolename-style not set [app:org.gnome.Terminal, profile:default]
10:08:14.162317 - GSETTINGS REGISTRY: braille/rolename-style using default value = 'verbose'
10:08:14.162330 - GSETTINGS SCHEMA HANDLE: braille/display-ancestors not set [app:org.gnome.Terminal, profile:default]
10:08:14.162334 - GSETTINGS REGISTRY: braille/display-ancestors using default value = True
10:08:14.162346 - GSETTINGS SCHEMA HANDLE: braille/end-of-line-indicator not set [app:org.gnome.Terminal, profile:default]
10:08:14.162349 - GSETTINGS REGISTRY: braille/end-of-line-indicator using default value = True
10:08:14.162360 - GSETTINGS SCHEMA HANDLE: braille/present-mnemonics not set [app:org.gnome.Terminal, profile:default]
10:08:14.162364 - GSETTINGS REGISTRY: braille/present-mnemonics using default value = True
10:08:14.162451 - GENERATOR: _get_functional_role: frame
10:08:14.162514 - BRAILLE GENERATOR: braille_generator.BrailleGenerator._generate_frame for [frame: 'Terminal' (0x7e31000ef480)]  args: {'formatType': 'focused', 'priorObj': "[frame: 'Terminal' (0x7e31000ef480)] ", 'role': 'frame'}
10:08:14.162846 - GENERATOR: _get_functional_role: application
10:08:14.162870 - BRAILLE GENERATOR: [application: 'org.gnome.Terminal' (0x7e31000c8580)]  lacks dedicated generator
10:08:14.162930 - BRAILLE GENERATOR: braille_generator.BrailleGenerator._generate_default_presentation for [application: 'org.gnome.Terminal' (0x7e31000c8580)]  args: {'formatType': 'ancestor', 'includeContext': 'False', 'priorObj': "[frame: 'Terminal' (0x7e31000ef480)] ", 'role': 'application'}
10:08:14.163042 - AXUtilitiesRelation: [application: 'org.gnome.Terminal' (0x7e31000c8580)]  is labelled by: []
10:08:14.163061 - GENERATOR: _generate_accessible_label: []
10:08:14.163082 - GENERATOR: _generate_accessible_name: [org.gnome.Terminal]
10:08:14.163102 - GENERATOR: _generate_accessible_label_and_name: [org.gnome.Terminal]
10:08:14.163307 - BRAILLE GENERATOR: _generate_accessible_role: [application]
10:08:14.163324 - BRAILLE: Not contracting 'org.gnome.Terminal application' because contracted braille is not enabled.
10:08:14.163346 - BRAILLE GENERATOR: Results: [COMPONENT: 'org.gnome.Terminal application', cursor offset:0]
10:08:14.163370 - BRAILLE GENERATOR: _generate_ancestors: [COMPONENT: 'org.gnome.Terminal application', cursor offset:0]
10:08:14.163401 - AXUtilitiesRelation: [frame: 'Terminal' (0x7e31000ef480)]  is labelled by: []
10:08:14.163415 - GENERATOR: _generate_accessible_label: []
10:08:14.163434 - GENERATOR: _generate_accessible_name: [Terminal]
10:08:14.163452 - GENERATOR: _generate_accessible_label_and_name: [Terminal]
10:08:14.163525 - BRAILLE GENERATOR: _generate_accessible_role: [frame]
10:08:14.163588 - AXUtilities: Unfocused alerts and dialogs for [frame: 'Terminal' (0x7e31000ef480)] : []
10:08:14.163601 - BRAILLE GENERATOR: _generate_alert_and_dialog_count: []
10:08:14.163608 - BRAILLE: Not contracting 'Terminal frame' because contracted braille is not enabled.
10:08:14.163643 - AXUtilitiesRelation: [frame: 'Terminal' (0x7e31000ef480)]  is described by: []
10:08:14.163657 - GENERATOR: _generate_accessible_description: []
10:08:14.163679 - GENERATOR: _generate_state_current: []
10:08:14.163706 - BRAILLE GENERATOR: Results: [COMPONENT: 'org.gnome.Terminal application', cursor offset:0, REGION: ' ', cursor offset:0, COMPONENT: 'Terminal frame', cursor offset:0]
10:08:14.163755 - BRAILLE: Refresh. Pan: True target: 0
10:08:14.163762 - BRAILLE: Kill flash message braille.display_line:1618 > braille.refresh:2097 > braille._prepare_refresh:1856 > braille.kill_flash:2182
10:08:14.165000 - GSETTINGS SCHEMA HANDLE: braille/enabled not set [app:org.gnome.Terminal, profile:default]
10:08:14.165014 - GSETTINGS REGISTRY: braille/enabled using default value = True
10:08:14.165038 - BRAILLE: Last text object: None (Caret: 0, Line: 0, Cell: 0)
10:08:14.165064 - BRAILLE: Current text object: None (Caret: 0, Line: 0). On same line: False
10:08:14.165074 - BRAILLE: Line 0: 'org.gnome.Terminal application Terminal frame' focusOffset: 31 [[0, 31], [31, 45]]
10:08:14.165079 - BRAILLE: Cursor offset in line string is: 31
10:08:14.165087 - BRAILLE: Adjusting offset to 31 (unhandled condition)
10:08:14.165094 - BRAILLE: Current range: (31, 63). Target cell: 0
10:08:14.165101 - BRAILLE LINE:  'org.gnome.Terminal application Terminal frame'
10:08:14.165105 -      VISIBLE:  'Terminal frame', cursor=1
10:08:14.165119 - BRAILLE: Enabling braille. BrlAPI running: False
10:08:14.165123 - BRAILLE: Need to initialize first.
10:08:14.165138 - BRAILLE: Initializing. Callback: input_event_manager.InputEventManager.process_braille_event
10:08:14.165157 - BRAILLE: WINDOWPATH= None
10:08:14.165170 - BRAILLE: XDG_VTNR= 1
10:08:14.165185 - BRAILLE: Attempting connection with BrlAPI.
10:08:14.165350 - AXTable: Setting last cell coordinates to row=-1, column=-1
10:08:14.165382 - FOCUS MANAGER: Setting last cursor position to [frame: 'Terminal' (0x7e31000ef480)]  -1
10:08:14.165577 - BRAILLE: BrlAPI Connection is unavailable (ConnectionError): couldn't connect to b':0' with key b'keyfile:/etc/brlapi.key+polkit': connect: No such file or directory
                  (brlerrno 11, libcerrno 2, gaierrno 0)
                  Is BRLTTY really running?
10:08:14.165437 - FOCUS MANAGER: Active window is [frame: 'Terminal' (0x7e31000ef480)]  focus_manager.set_locus_of_focus:327 > focus_manager._save_object_details:254 > ax_utilities_event.save_object_info_for_events:195 > focus_manager.get_active_window:342
10:08:14.166043 - SCRIPT MANAGER: Getting script for [application: 'org.gnome.Terminal' (0x7e31000c8580)]  [frame: 'Terminal' (0x7e31000ef480)] 
10:08:14.166075 - SCRIPT MANAGER: Script is app script org.gnome.Terminal (module=orca.scripts.toolkits.gtk.script)
10:08:14.166149 - SPELL CHECK PRESENTER: Handling window:activate for [frame: 'Terminal' (0x7e31000ef480)] 
10:08:14.166169 - SPELL CHECK PRESENTER: Attempting activation for [frame: 'Terminal' (0x7e31000ef480)] 
10:08:14.166216 - SPELL CHECK PRESENTER: [frame: 'Terminal' (0x7e31000ef480)]  is not spellcheck window
10:08:14.166221 - SPELL CHECK PRESENTER: Not a spellcheck window. Deactivating.
10:08:14.166236 - FOCUS MANAGER: Request to set locus of focus to [frame: 'Terminal' (0x7e31000ef480)]  event_manager._dequeue_object_event:666 > event_manager._process_object_event:982 > default._on_window_activated:1408 > focus_manager.set_locus_of_focus:271
10:08:14.166497 - AXObject: Clearing AT-SPI cache on [frame: 'Terminal' (0x7e31000ef480)]  Recursive: False.  Reason: Setting locus of focus.
10:08:14.166505 - FOCUS MANAGER: Setting locus of focus to existing locus of focus
TOTAL PROCESSING TIME: 0.0356
^^^^^ FINISHED PRIORITY-2 OBJECT EVENT WINDOW:ACTIVATE ^^^^^

10:08:14.167723 - GSETTINGS SCHEMA HANDLE: keybindings/keyboard-layout not set [app:org.gnome.Terminal, profile:default]
10:08:14.167746 - GSETTINGS REGISTRY: keybindings/keyboard-layout using default value = 'desktop'
10:08:14.167793 - GSETTINGS SCHEMA HANDLE: keybindings/desktop-modifier-keys not set [app:org.gnome.Terminal, profile:default]
10:08:14.167812 - GSETTINGS REGISTRY: keybindings/desktop-modifier-keys using default value = ['Insert', 'KP_Insert']
10:08:14.167956 - FOCUS MANAGER: Active window is [frame: 'Terminal' (0x7e31000ef480)]  <unknown>.<module>:373 > input_event_manager._on_key_pressed:261 > input_event_manager.process_keyboard_event:297 > focus_manager.get_active_window:342
10:08:14.168355 - AXObject: Clearing AT-SPI cache on [frame: 'Terminal' (0x7e31000ef480)]  Recursive: False.  Reason: Checking if window can be the active window
10:08:14.169669 - AXUtilities: [frame: 'Terminal' (0x7e31000ef480)]  from [application: 'org.gnome.Terminal' (0x7e31000c8580)]  can be active window
10:08:14.169920 - FOCUS MANAGER: Locus of focus is [frame: 'Terminal' (0x7e31000ef480)] 
10:08:14.170070 - SCRIPT MANAGER: Active script is: org.gnome.Terminal (module=orca.scripts.toolkits.gtk.script)

KEYBOARD_EVENT:  type=ATSPI_KEY_PRESSED_EVENT
                 id=65363
                 hw_code=114
                 modifiers=0
                 text=''
                 keyval_name='Right'
                 timestamp=1789049294.167673
                 clickCount=1

vvvvv PROCESS ATSPI_KEY_PRESSED_EVENT: 'Right' (114) vvvvv
10:08:14.170240 - SCRIPT: org.gnome.Terminal (module=orca.scripts.toolkits.gtk.script)
10:08:14.170257 - WINDOW: [frame: 'Terminal' (0x7e31000ef480)] 
10:08:14.170270 - LOCATION: [frame: 'Terminal' (0x7e31000ef480)] 
10:08:14.170317 - GSETTINGS SCHEMA HANDLE: keybindings/keyboard-layout not set [app:org.gnome.Terminal, profile:default]
10:08:14.170323 - GSETTINGS REGISTRY: keybindings/keyboard-layout using default value = 'desktop'
10:08:14.170338 - GSETTINGS SCHEMA HANDLE: keybindings/desktop-modifier-keys not set [app:org.gnome.Terminal, profile:default]
10:08:14.170343 - GSETTINGS REGISTRY: keybindings/desktop-modifier-keys using default value = ['Insert', 'KP_Insert']
10:08:14.170355 - PRESENTATION MANAGER: Interrupting presentation
10:08:14.170386 - SPEECH MANAGER: interrupt_speech. Script: None Event: None notify_user: False
10:08:14.170549 - SPEECH MANAGER: Speech server is <orca.speechdispatcherfactory.SpeechServer object at 0x7e310098d6a0>
10:08:14.170675 - BRAILLE: Kill flash message input_event._present:603 > presentation_manager.interrupt_presentation:88 > braille_presenter.kill_flash:1829 > braille.kill_flash:2182
10:08:14.171047 - TYPING ECHO PRESENTER: should_echo_keyboard_event: 'right'?
10:08:14.171081 - GSETTINGS SCHEMA HANDLE: keybindings/keyboard-layout not set [app:org.gnome.Terminal, profile:default]
10:08:14.171088 - GSETTINGS REGISTRY: keybindings/keyboard-layout using default value = 'desktop'
10:08:14.171102 - GSETTINGS SCHEMA HANDLE: keybindings/desktop-modifier-keys not set [app:org.gnome.Terminal, profile:default]
10:08:14.171107 - GSETTINGS REGISTRY: keybindings/desktop-modifier-keys using default value = ['Insert', 'KP_Insert']
10:08:14.171126 - GSETTINGS REGISTRY: Schema org.gnome.Orca.TypingEcho loaded
10:08:14.171159 - GSETTINGS SCHEMA HANDLE: typing-echo/character-echo not set [app:org.gnome.Terminal, profile:default]
10:08:14.171164 - GSETTINGS REGISTRY: typing-echo/character-echo using default value = False
10:08:14.171180 - GSETTINGS SCHEMA HANDLE: keybindings/keyboard-layout not set [app:org.gnome.Terminal, profile:default]
10:08:14.171183 - GSETTINGS REGISTRY: keybindings/keyboard-layout using default value = 'desktop'
10:08:14.171194 - GSETTINGS SCHEMA HANDLE: keybindings/desktop-modifier-keys not set [app:org.gnome.Terminal, profile:default]
10:08:14.171198 - GSETTINGS REGISTRY: keybindings/desktop-modifier-keys using default value = ['Insert', 'KP_Insert']
10:08:14.171227 - GSETTINGS SCHEMA HANDLE: typing-echo/key-echo not set [app:org.gnome.Terminal, profile:default]
10:08:14.171232 - GSETTINGS REGISTRY: typing-echo/key-echo using default value = True
10:08:14.171261 - GSETTINGS SCHEMA HANDLE: typing-echo/navigation-keys not set [app:org.gnome.Terminal, profile:default]
10:08:14.171266 - GSETTINGS REGISTRY: typing-echo/navigation-keys using default value = False
10:08:14.171272 - TYPING ECHO PRESENTER: Echoing navigation keyboard event: False.
10:08:14.171280 - TOTAL PROCESSING TIME: 0.0011
^^^^^ PROCESS ATSPI_KEY_PRESSED_EVENT: 'Right' (114) ^^^^^

10:08:14.171319 - GSETTINGS SCHEMA HANDLE: keybindings/keyboard-layout not set [app:org.gnome.Terminal, profile:default]
10:08:14.171324 - GSETTINGS REGISTRY: keybindings/keyboard-layout using default value = 'desktop'
10:08:14.171336 - GSETTINGS SCHEMA HANDLE: keybindings/desktop-modifier-keys not set [app:org.gnome.Terminal, profile:default]
10:08:14.171340 - GSETTINGS REGISTRY: keybindings/desktop-modifier-keys using default value = ['Insert', 'KP_Insert']
10:08:14.171410 - GSETTINGS SCHEMA HANDLE: keybindings/keyboard-layout not set [app:org.gnome.Terminal, profile:default]
10:08:14.171416 - GSETTINGS REGISTRY: keybindings/keyboard-layout using default value = 'desktop'
10:08:14.171426 - GSETTINGS SCHEMA HANDLE: keybindings/desktop-modifier-keys not set [app:org.gnome.Terminal, profile:default]
10:08:14.171430 - GSETTINGS REGISTRY: keybindings/desktop-modifier-keys using default value = ['Insert', 'KP_Insert']
10:08:14.171853 - GSETTINGS SCHEMA HANDLE: keybindings/keyboard-layout not set [app:org.gnome.Terminal, profile:default]
10:08:14.171859 - GSETTINGS REGISTRY: keybindings/keyboard-layout using default value = 'desktop'
10:08:14.171871 - GSETTINGS SCHEMA HANDLE: keybindings/desktop-modifier-keys not set [app:org.gnome.Terminal, profile:default]
10:08:14.171876 - GSETTINGS REGISTRY: keybindings/desktop-modifier-keys using default value = ['Insert', 'KP_Insert']

KEYBOARD_EVENT:  type=ATSPI_KEY_RELEASED_EVENT
                 id=65363
                 hw_code=114
                 modifiers=0
                 text=''
                 keyval_name='Right'
                 timestamp=1789049294.1713965
                 clickCount=1

vvvvv PROCESS ATSPI_KEY_RELEASED_EVENT: 'Right' (114) vvvvv
10:08:14.171922 - SCRIPT: org.gnome.Terminal (module=orca.scripts.toolkits.gtk.script)
10:08:14.171941 - WINDOW: [frame: 'Terminal' (0x7e31000ef480)] 
10:08:14.171953 - LOCATION: [frame: 'Terminal' (0x7e31000ef480)] 
10:08:14.171989 - GSETTINGS SCHEMA HANDLE: keybindings/keyboard-layout not set [app:org.gnome.Terminal, profile:default]
10:08:14.171996 - GSETTINGS REGISTRY: keybindings/keyboard-layout using default value = 'desktop'
10:08:14.172008 - GSETTINGS SCHEMA HANDLE: keybindings/desktop-modifier-keys not set [app:org.gnome.Terminal, profile:default]
10:08:14.172013 - GSETTINGS REGISTRY: keybindings/desktop-modifier-keys using default value = ['Insert', 'KP_Insert']
10:08:14.172028 - TOTAL PROCESSING TIME: 0.0001
^^^^^ PROCESS ATSPI_KEY_RELEASED_EVENT: 'Right' (114) ^^^^^

10:08:14.172051 - GSETTINGS SCHEMA HANDLE: keybindings/keyboard-layout not set [app:org.gnome.Terminal, profile:default]
10:08:14.172056 - GSETTINGS REGISTRY: keybindings/keyboard-layout using default value = 'desktop'
10:08:14.172067 - GSETTINGS SCHEMA HANDLE: keybindings/desktop-modifier-keys not set [app:org.gnome.Terminal, profile:default]
10:08:14.172071 - GSETTINGS REGISTRY: keybindings/desktop-modifier-keys using default value = ['Insert', 'KP_Insert']
10:08:14.172240 - EVENT MANAGER: Dequeueing object:state-changed:active for [frame: 'Terminal' (0x7e31000ef480)]  in org.gnome.Terminal (gtk 3.24.52) (1, 0, 0)
10:08:14.172274 - EVENT MANAGER: Dequeued object:state-changed:active for [frame: 'Terminal' (0x7e31000ef480)]  in org.gnome.Terminal (gtk 3.24.52) (1, 0, 0) priority: 2, counter: 21

vvvvv START PRIORITY-2 OBJECT EVENT OBJECT:STATE-CHANGED:ACTIVE (queue size: 34) vvvvv

10:08:14.173728 - EVENT MANAGER: object:children-changed:add for [progress bar: 'Waiting for download' (0x7e31000f0480)]  in accessibility_probe (AccessKit) (0, 0, [label: 'Waiting for download' (0x7e30eaf6df40)])
10:08:14.173758 - FOCUS MANAGER: Locus of focus is [frame: 'Terminal' (0x7e31000ef480)] 
10:08:14.173958 - EVENT_MANAGER: Ignoring object:children-changed:add due to multiple instances in short time

10:08:14.174550 - EVENT MANAGER: object:children-changed:add for [progress bar: 'Waiting for download' (0x7e30eaf6df80)]  in accessibility_probe (AccessKit) (1, 0, [label: '▒▒▒▒▒▒▒▒▒▒▒▒▒▒▒▒▒▒▒▒▒▒' (0x7e30eaf6df00)])
10:08:14.174569 - FOCUS MANAGER: Locus of focus is [frame: 'Terminal' (0x7e31000ef480)] 
10:08:14.174613 - EVENT_MANAGER: Ignoring object:children-changed:add due to multiple instances in short time

10:08:14.174893 - EVENT MANAGER: object:children-changed:add for [progress bar: 'Waiting for download' (0x7e30eaf6df40)]  in accessibility_probe (AccessKit) (2, 0, [label: '███████████████' (0x7e30eaf6df40)])
10:08:14.174910 - FOCUS MANAGER: Locus of focus is [frame: 'Terminal' (0x7e31000ef480)] 
10:08:14.174951 - EVENT_MANAGER: Ignoring object:children-changed:add due to multiple instances in short time

10:08:14.175239 - EVENT MANAGER: object:children-changed:add for [progress bar: 'Waiting for download' (0x7e30eaf6e200)]  in accessibility_probe (AccessKit) (3, 0, [label: '▒▒▒▒▒▒▒▒▒▒▒▒▒▒▒▒▒▒▒▒▒▒▒' (0x7e30eaf6e200)])
10:08:14.175258 - FOCUS MANAGER: Locus of focus is [frame: 'Terminal' (0x7e31000ef480)] 
10:08:14.175301 - EVENT_MANAGER: Ignoring object:children-changed:add due to multiple instances in short time

10:08:14.175619 - EVENT MANAGER: object:children-changed:add for [progress bar: 'Waiting for download' (0x7e31000b3a40)]  in accessibility_probe (AccessKit) (4, 0, [label: 'Loading...' (0x7e31000b3a80)])
10:08:14.175652 - FOCUS MANAGER: Locus of focus is [frame: 'Terminal' (0x7e31000ef480)] 
10:08:14.175708 - EVENT_MANAGER: Ignoring object:children-changed:add due to multiple instances in short time

10:08:14.176191 - EVENT MANAGER: object:children-changed:add for [progress bar: 'Download progress' (0x7e31000d63c0)]  in accessibility_probe (AccessKit) (0, 0, [label: 'Download progress' (0x7e31000d6500)])
10:08:14.176221 - FOCUS MANAGER: Locus of focus is [frame: 'Terminal' (0x7e31000ef480)] 
10:08:14.176392 - EVENT_MANAGER: Ignoring object:children-changed:add due to multiple instances in short time

10:08:14.176750 - EVENT MANAGER: object:children-changed:add for [progress bar: 'Download progress' (0x7e30eaf6dd80)]  in accessibility_probe (AccessKit) (1, 0, [label: '███████████████' (0x7e310099e440)])
10:08:14.176783 - FOCUS MANAGER: Locus of focus is [frame: 'Terminal' (0x7e31000ef480)] 
10:08:14.176837 - EVENT_MANAGER: Ignoring object:children-changed:add due to multiple instances in short time

10:08:14.177271 - EVENT MANAGER: object:children-changed:add for [progress bar: 'Download progress' (0x7e30eaf6e5c0)]  in accessibility_probe (AccessKit) (2, 0, [label: '▒▒▒▒▒▒▒▒▒▒▒▒▒▒▒▒▒▒▒▒▒▒▒▒▒▒▒▒▒▒▒▒▒▒▒▒▒▒▒▒▒▒▒▒▒' (0x7e31000d6440)])
10:08:14.177308 - FOCUS MANAGER: Locus of focus is [frame: 'Terminal' (0x7e31000ef480)] 
10:08:14.177362 - EVENT_MANAGER: Ignoring object:children-changed:add due to multiple instances in short time

10:08:14.177681 - EVENT MANAGER: object:children-changed:add for [progress bar: 'Download progress' (0x7e31000d66c0)]  in accessibility_probe (AccessKit) (3, 0, [label: '25.0%' (0x7e310099e440)])
10:08:14.177701 - FOCUS MANAGER: Locus of focus is [frame: 'Terminal' (0x7e31000ef480)] 
10:08:14.177747 - EVENT_MANAGER: Ignoring object:children-changed:add due to multiple instances in short time

10:08:14.178190 - EVENT MANAGER: object:children-changed:add for [progress bar: 'Completed download' (0x7e31000d6940)]  in accessibility_probe (AccessKit) (0, 0, [label: 'Completed download' (0x7e31000d6440)])
10:08:14.178210 - FOCUS MANAGER: Locus of focus is [frame: 'Terminal' (0x7e31000ef480)] 
10:08:14.178376 - EVENT_MANAGER: Ignoring object:children-changed:add due to multiple instances in short time

10:08:14.178664 - EVENT MANAGER: object:children-changed:add for [progress bar: 'Completed download' (0x7e30eaf6eb80)]  in accessibility_probe (AccessKit) (1, 0, [label: '████████████████████████████████████████████████████████████' (0x7e310099e440)])
10:08:14.178683 - FOCUS MANAGER: Locus of focus is [frame: 'Terminal' (0x7e31000ef480)] 
10:08:14.178727 - EVENT_MANAGER: Ignoring object:children-changed:add due to multiple instances in short time

10:08:14.179017 - EVENT MANAGER: object:children-changed:add for [progress bar: 'Completed download' (0x7e30eaf6ed80)]  in accessibility_probe (AccessKit) (2, 0, [label: '100.0%' (0x7e31000d6440)])
10:08:14.179036 - FOCUS MANAGER: Locus of focus is [frame: 'Terminal' (0x7e31000ef480)] 
10:08:14.179079 - EVENT_MANAGER: Ignoring object:children-changed:add due to multiple instances in short time

10:08:14.179510 - EVENT MANAGER: object:children-changed:add for [progress bar: 'Invalid download' (0x7e30eaf6edc0)]  in accessibility_probe (AccessKit) (0, 0, [label: 'Invalid value or range' (0x7e31000e3040)])
10:08:14.179529 - FOCUS MANAGER: Locus of focus is [frame: 'Terminal' (0x7e31000ef480)] 
10:08:14.179693 - EVENT_MANAGER: Ignoring object:children-changed:add due to multiple instances in short time

10:08:14.179738 - EVENT MANAGER: object:text-caret-moved for [terminal: 'Terminal' (0x7e30eaf6edc0)]  in org.gnome.Terminal (gtk 3.24.52) (616, 0, 0)
10:08:14.179752 - FOCUS MANAGER: Locus of focus is [frame: 'Terminal' (0x7e31000ef480)] 
10:08:14.179799 - EVENT_MANAGER: Not ignoring object:text-caret-moved due to source being focused
10:08:14.179834 - EVENT MANAGER: Queueing object:text-caret-moved for [terminal: 'Terminal' (0x7e30eaf6ef00)]  in org.gnome.Terminal (gtk 3.24.52) (616, 0, 0)
10:08:14.179849 - EVENT MANAGER: App for event source is [application: 'org.gnome.Terminal' (0x7e31000c8580)] 
10:08:14.179866 - SCRIPT MANAGER: Getting script for [application: 'org.gnome.Terminal' (0x7e31000c8580)]  [terminal: 'Terminal' (0x7e30eaf6efc0)] 
10:08:14.179894 - SCRIPT MANAGER: Script is custom script org.gnome.Terminal (module=orca.scripts.terminal.script)
10:08:14.179933 - EVENT MANAGER: object:text-caret-moved for [terminal: 'Terminal' (0x7e310099ed80)]  in org.gnome.Terminal (gtk 3.24.52) (616, 0, 0) has priority level: 4
10:08:14.179970 - EVENT MANAGER: Queued object:text-caret-moved for [terminal: 'Terminal' (0x7e310099ed80)]  in org.gnome.Terminal (gtk 3.24.52) (616, 0, 0) priority: 4, counter: 40
10:08:14.180012 - CLIPBOARD PRESENTER: Possible change event object:text-changed:delete for [terminal: 'Terminal' (0x7e310099ed80)]  in org.gnome.Terminal (gtk 3.24.52) (0, 616, \n \n \nAdvance download \n... \n \n \n \n \n (626 chars.))

10:08:14.180064 - EVENT MANAGER: object:text-changed:delete for [terminal: 'Terminal' (0x7e30eaf6ed80)]  in org.gnome.Terminal (gtk 3.24.52) (0, 616, \n \n \nAdvance download \n... \n \n \n \n \n (626 chars.))
10:08:14.180077 - FOCUS MANAGER: Locus of focus is [frame: 'Terminal' (0x7e31000ef480)] 
10:08:14.180122 - EVENT_MANAGER: Not ignoring object:text-changed:delete due to source being focused
10:08:14.180153 - EVENT MANAGER: Queueing object:text-changed:delete for [terminal: 'Terminal' (0x7e3100bfed80)]  in org.gnome.Terminal (gtk 3.24.52) (0, 616, \n \n \nAdvance download \n... \n \n \n \n \n (626 chars.))
10:08:14.180168 - EVENT MANAGER: App for event source is [application: 'org.gnome.Terminal' (0x7e31000c8580)] 
10:08:14.180183 - SCRIPT MANAGER: Getting script for [application: 'org.gnome.Terminal' (0x7e31000c8580)]  [terminal: 'Terminal' (0x7e30eaf6df80)] 
10:08:14.180203 - SCRIPT MANAGER: Script is custom script org.gnome.Terminal (module=orca.scripts.terminal.script)
10:08:14.180241 - EVENT MANAGER: object:text-changed:delete for [terminal: 'Terminal' (0x7e30eaf6ed80)]  in org.gnome.Terminal (gtk 3.24.52) (0, 616, \n \n \nAdvance download \n... \n \n \n \n \n (626 chars.)) has priority level: 4
10:08:14.180277 - EVENT MANAGER: Queued object:text-changed:delete for [terminal: 'Terminal' (0x7e30eaf6ef80)]  in org.gnome.Terminal (gtk 3.24.52) (0, 616, \n \n \nAdvance download \n... \n \n \n \n \n (626 chars.)) priority: 4, counter: 41
10:08:14.180316 - CLIPBOARD PRESENTER: Possible change event object:text-changed:insert for [terminal: 'Terminal' (0x7e30eaf6e440)]  in org.gnome.Terminal (gtk 3.24.52) (0, 616, Download progress \n███████████████▒▒▒▒▒▒▒▒▒▒▒▒▒▒▒▒▒▒▒▒▒▒▒▒▒▒▒▒▒▒▒▒▒▒▒▒▒▒▒▒▒▒▒▒▒\n25.0% \nAdvance download... or range \nCompleted download \n████████████████████████████████████████████████████████████\n100.0% (626 chars.))

10:08:14.180367 - EVENT MANAGER: object:text-changed:insert for [terminal: 'Terminal' (0x7e30eaf6e440)]  in org.gnome.Terminal (gtk 3.24.52) (0, 616, Download progress \n███████████████▒▒▒▒▒▒▒▒▒▒▒▒▒▒▒▒▒▒▒▒▒▒▒▒▒▒▒▒▒▒▒▒▒▒▒▒▒▒▒▒▒▒▒▒▒\n25.0% \nAdvance download... or range \nCompleted download \n████████████████████████████████████████████████████████████\n100.0% (626 chars.))
10:08:14.180381 - FOCUS MANAGER: Locus of focus is [frame: 'Terminal' (0x7e31000ef480)] 
10:08:14.180426 - EVENT_MANAGER: Not ignoring object:text-changed:insert due to source being focused
10:08:14.180460 - EVENT MANAGER: Queueing object:text-changed:insert for [terminal: 'Terminal' (0x7e30eaf6f040)]  in org.gnome.Terminal (gtk 3.24.52) (0, 616, Download progress \n███████████████▒▒▒▒▒▒▒▒▒▒▒▒▒▒▒▒▒▒▒▒▒▒▒▒▒▒▒▒▒▒▒▒▒▒▒▒▒▒▒▒▒▒▒▒▒\n25.0% \nAdvance download... or range \nCompleted download \n████████████████████████████████████████████████████████████\n100.0% (626 chars.))
10:08:14.180479 - EVENT MANAGER: App for event source is [application: 'org.gnome.Terminal' (0x7e31000c8580)] 
10:08:14.180496 - SCRIPT MANAGER: Getting script for [application: 'org.gnome.Terminal' (0x7e31000c8580)]  [terminal: 'Terminal' (0x7e30eaf6df80)] 
10:08:14.180516 - SCRIPT MANAGER: Script is custom script org.gnome.Terminal (module=orca.scripts.terminal.script)
10:08:14.180557 - EVENT MANAGER: object:text-changed:insert for [terminal: 'Terminal' (0x7e30eaf6f040)]  in org.gnome.Terminal (gtk 3.24.52) (0, 616, Download progress \n███████████████▒▒▒▒▒▒▒▒▒▒▒▒▒▒▒▒▒▒▒▒▒▒▒▒▒▒▒▒▒▒▒▒▒▒▒▒▒▒▒▒▒▒▒▒▒\n25.0% \nAdvance download... or range \nCompleted download \n████████████████████████████████████████████████████████████\n100.0% (626 chars.)) has priority level: 4
10:08:14.180596 - EVENT MANAGER: Queued object:text-changed:insert for [terminal: 'Terminal' (0x7e30eaf6f040)]  in org.gnome.Terminal (gtk 3.24.52) (0, 616, Download progress \n███████████████▒▒▒▒▒▒▒▒▒▒▒▒▒▒▒▒▒▒▒▒▒▒▒▒▒▒▒▒▒▒▒▒▒▒▒▒▒▒▒▒▒▒▒▒▒\n25.0% \nAdvance download... or range \nCompleted download \n████████████████████████████████████████████████████████████\n100.0% (626 chars.)) priority: 4, counter: 42
10:08:14.181100 - EVENT SOURCE:
                  app='org.gnome.Terminal (gtk 3.24.52)' name='Terminal' role='frame' axid='' id=0x7e31000ef480
                  description=''
                  help=''
                  locale='C.UTF-8'
                  states='active, enabled, resizable, sensitive, showing, visible'
                  relations=''
                  actions=''
                  interfaces='Collection, Component'
                  attributes='toolkit:gtk, window-type:normal'
                  text=''
                  path=[-1, 0]
                  
10:08:14.181131 - SCRIPT MANAGER: Active script is: org.gnome.Terminal (module=orca.scripts.toolkits.gtk.script)
10:08:14.181152 - FOCUS MANAGER: Locus of focus is [frame: 'Terminal' (0x7e31000ef480)] 
10:08:14.181168 - EVENT MANAGER: Script for event from locus of focus is org.gnome.Terminal (module=orca.scripts.toolkits.gtk.script)
10:08:14.181174 - EVENT MANAGER: Processing object:state-changed:active: script for event is active
10:08:14.181213 - AXObject: Clearing AT-SPI cache on [frame: 'Terminal' (0x7e31000ef480)]  Recursive: False.  Reason: Checking if window can be the active window
10:08:14.181895 - AXUtilities: [frame: 'Terminal' (0x7e31000ef480)]  from [application: 'org.gnome.Terminal' (0x7e31000c8580)]  can be active window
10:08:14.181917 - FOCUS MANAGER: Active window is [frame: 'Terminal' (0x7e31000ef480)]  event_manager._dequeue_object_event:666 > event_manager._process_object_event:982 > default._on_active_changed:799 > focus_manager.get_active_window:342
TOTAL PROCESSING TIME: 0.0099
^^^^^ FINISHED PRIORITY-2 OBJECT EVENT OBJECT:STATE-CHANGED:ACTIVE ^^^^^

10:08:14.182215 - WARNING: Braille initialization failed: BrlAPI connection unavailable.
10:08:14.182232 - BRAILLE: Scheduling BrlAPI retry in 2000 ms.
10:08:14.182302 - EVENT MANAGER: Dequeueing window:activate for [frame: 'Reactive TUI App accessibility round 1' (0x7e30eaf6ebc0)]  in accessibility_probe (AccessKit) (0, 0, Reactive TUI App accessibility round 1)
10:08:14.182342 - EVENT MANAGER: Dequeued window:activate for [frame: 'Reactive TUI App accessibility round 1' (0x7e31000ef600)]  in accessibility_probe (AccessKit) (0, 0, Reactive TUI App accessibility round 1) priority: 2, counter: 32

vvvvv START PRIORITY-2 OBJECT EVENT WINDOW:ACTIVATE (queue size: 36) vvvvv
10:08:14.183949 - EVENT SOURCE:
                  app='accessibility_probe (AccessKit )' name='Reactive TUI App accessibility round 1' role='frame' axid='' id=0x7e3100a41880
                  description=''
                  help=''
                  locale=''
                  states='active, enabled, sensitive, showing, visible'
                  relations=''
                  actions=''
                  interfaces='Component'
                  attributes=''
                  text=''
                  path=[-1, 0]
                  
10:08:14.183990 - SCRIPT MANAGER: Active script is: org.gnome.Terminal (module=orca.scripts.toolkits.gtk.script)
10:08:14.184013 - FOCUS MANAGER: Locus of focus is [frame: 'Terminal' (0x7e31000ef480)] 
10:08:14.184041 - EVENT MANAGER: Getting script for event for [application: 'accessibility_probe' (0x7e31000ea340)]  [frame: 'Reactive TUI App accessibility round 1' (0x7e31000e9880)] 
10:08:14.184059 - SCRIPT MANAGER: Getting script for [application: 'accessibility_probe' (0x7e31000ea340)]  [frame: 'Reactive TUI App accessibility round 1' (0x7e31000e9880)] 
10:08:14.184197 - SCRIPT MANAGER: Script is app script accessibility_probe (module=orca.scripts.default)
10:08:14.184212 - EVENT MANAGER: Script for event is accessibility_probe (module=orca.scripts.default)
10:08:14.184647 - FOCUS MANAGER: Active window is [frame: 'Terminal' (0x7e31000ef480)]  event_manager._process_object_event:958 > event_manager._is_activatable_event:814 > event_manager._is_activatable_by_event_type:828 > focus_manager.get_active_window:342
10:08:14.184903 - EVENT MANAGER: Change active script: True (Window activation)
10:08:14.184929 - SCRIPT MANAGER: Deactivating org.gnome.Terminal (module=orca.scripts.toolkits.gtk.script) reason: Window activation
10:08:14.184955 - SCRIPT MANAGER: Setting active script to accessibility_probe (module=orca.scripts.default) reason: Window activation
10:08:14.184970 - DEFAULT: Activating script for [application: 'accessibility_probe' (0x7e31000ea340)] 
10:08:14.185171 - SPEECH MANAGER: Speech server is <orca.speechdispatcherfactory.SpeechServer object at 0x7e310098d6a0>
10:08:14.185239 - GSETTINGS SCHEMA HANDLE: speech/punctuation-level not set [app:accessibility_probe, profile:default]
10:08:14.185247 - GSETTINGS REGISTRY: speech/punctuation-level using default value = 'most'
10:08:14.185456 - SPEECH MANAGER: Speech server is <orca.speechdispatcherfactory.SpeechServer object at 0x7e310098d6a0>
10:08:14.185533 - GSETTINGS SCHEMA HANDLE: speech/capitalization-style not set [app:accessibility_probe, profile:default]
10:08:14.185552 - GSETTINGS REGISTRY: speech/capitalization-style using default value = 'none'
10:08:14.185831 - SPEECH MANAGER: Speech server is <orca.speechdispatcherfactory.SpeechServer object at 0x7e310098d6a0>
10:08:14.185927 - GSETTINGS SCHEMA HANDLE: speech/synthesizer not set [app:accessibility_probe, profile:default]
10:08:14.185974 - SCRIPT MANAGER: Active script is: accessibility_probe (module=orca.scripts.default)
10:08:14.185998 - CARET NAVIGATOR: Commands suspended: False: script activation, no prior state
10:08:14.186072 - GSETTINGS SCHEMA HANDLE: keybindings/keyboard-layout not set [app:accessibility_probe, profile:default]
10:08:14.186104 - GSETTINGS REGISTRY: keybindings/keyboard-layout using default value = 'desktop'
10:08:14.186141 - GSETTINGS SCHEMA HANDLE: keybindings/desktop-modifier-keys not set [app:accessibility_probe, profile:default]
10:08:14.186149 - GSETTINGS REGISTRY: keybindings/desktop-modifier-keys using default value = ['Insert', 'KP_Insert']
10:08:14.186187 - SCRIPT MANAGER: Active script is: accessibility_probe (module=orca.scripts.default)
10:08:14.186194 - STRUCTURAL NAVIGATOR: Suspended: False: script activation, no prior state
10:08:14.186213 - GSETTINGS SCHEMA HANDLE: keybindings/keyboard-layout not set [app:accessibility_probe, profile:default]
10:08:14.186217 - GSETTINGS REGISTRY: keybindings/keyboard-layout using default value = 'desktop'
10:08:14.186229 - GSETTINGS SCHEMA HANDLE: keybindings/desktop-modifier-keys not set [app:accessibility_probe, profile:default]
10:08:14.186237 - GSETTINGS REGISTRY: keybindings/desktop-modifier-keys using default value = ['Insert', 'KP_Insert']
10:08:14.186274 - STRUCTURAL NAVIGATOR: Setting mode for accessibility_probe (module=orca.scripts.default) to NavigationMode.OFF
10:08:14.186289 - SCRIPT MANAGER: Active script is: accessibility_probe (module=orca.scripts.default)
10:08:14.186304 - GSETTINGS SCHEMA HANDLE: keybindings/keyboard-layout not set [app:accessibility_probe, profile:default]
10:08:14.186308 - GSETTINGS REGISTRY: keybindings/keyboard-layout using default value = 'desktop'
10:08:14.186319 - GSETTINGS SCHEMA HANDLE: keybindings/desktop-modifier-keys not set [app:accessibility_probe, profile:default]
10:08:14.186322 - GSETTINGS REGISTRY: keybindings/desktop-modifier-keys using default value = ['Insert', 'KP_Insert']
10:08:14.186356 - CARET NAVIGATOR: Setting enabled state for accessibility_probe (module=orca.scripts.default) to False
10:08:14.186370 - SCRIPT MANAGER: Active script is: accessibility_probe (module=orca.scripts.default)
10:08:14.186383 - GSETTINGS SCHEMA HANDLE: keybindings/keyboard-layout not set [app:accessibility_probe, profile:default]
10:08:14.186387 - GSETTINGS REGISTRY: keybindings/keyboard-layout using default value = 'desktop'
10:08:14.186396 - GSETTINGS SCHEMA HANDLE: keybindings/desktop-modifier-keys not set [app:accessibility_probe, profile:default]
10:08:14.186400 - GSETTINGS REGISTRY: keybindings/desktop-modifier-keys using default value = ['Insert', 'KP_Insert']
10:08:14.186411 - COMMAND MANAGER: Activating commands: activated accessibility_probe (module=orca.scripts.default)
10:08:14.186481 - GSETTINGS SCHEMA HANDLE: keybindings/entries no dict values set
10:08:14.186486 - GSETTINGS REGISTRY: keybindings/entries using default value = {}
10:08:14.186489 - COMMAND MANAGER: No user overrides to apply
10:08:14.186533 - GSETTINGS SCHEMA HANDLE: keybindings/keyboard-layout not set [app:accessibility_probe, profile:default]
10:08:14.186537 - GSETTINGS REGISTRY: keybindings/keyboard-layout using default value = 'desktop'
10:08:14.186547 - GSETTINGS SCHEMA HANDLE: keybindings/desktop-modifier-keys not set [app:accessibility_probe, profile:default]
10:08:14.186550 - GSETTINGS REGISTRY: keybindings/desktop-modifier-keys using default value = ['Insert', 'KP_Insert']

vvvvv COMMAND MANAGER: Grab diff: activated accessibility_probe (module=orca.scripts.default) (old: 77, new: 77) vvvvv
10:08:14.186567 -   No grab changes
^^^^^ COMMAND MANAGER: Diff completed in 0.0000s. Removed 0, added 0, transferred 0 ^^^^^

10:08:14.186590 - GSETTINGS SCHEMA HANDLE: speech/enable not set [app:accessibility_probe, profile:default]
10:08:14.186594 - GSETTINGS REGISTRY: speech/enable using default value = True
10:08:14.186597 - SPEECH MANAGER: Speech is enabled.
10:08:14.186627 - SPEECH MANAGER: start_speech. Script: None Event: None notify_user: False
10:08:14.186631 - SPEECH MANAGER: Initializing server
10:08:14.186634 - SPEECH MANAGER: Already initialized
10:08:14.186647 - GSETTINGS SCHEMA HANDLE: keybindings/keyboard-layout not set [app:accessibility_probe, profile:default]
10:08:14.186651 - GSETTINGS REGISTRY: keybindings/keyboard-layout using default value = 'desktop'
10:08:14.186655 - COMMAND MANAGER: Setting keyboard layout is_desktop to True.
10:08:14.186706 - GSETTINGS SCHEMA HANDLE: keybindings/entries no dict values set
10:08:14.186710 - GSETTINGS REGISTRY: keybindings/entries using default value = {}
10:08:14.186713 - COMMAND MANAGER: No user overrides to apply
10:08:14.186753 - GSETTINGS SCHEMA HANDLE: keybindings/keyboard-layout not set [app:accessibility_probe, profile:default]
10:08:14.186757 - GSETTINGS REGISTRY: keybindings/keyboard-layout using default value = 'desktop'
10:08:14.186766 - GSETTINGS SCHEMA HANDLE: keybindings/desktop-modifier-keys not set [app:accessibility_probe, profile:default]
10:08:14.186770 - GSETTINGS REGISTRY: keybindings/desktop-modifier-keys using default value = ['Insert', 'KP_Insert']

vvvvv COMMAND MANAGER: Grab diff: keyboard layout change (old: 77, new: 77) vvvvv
10:08:14.186785 -   No grab changes
^^^^^ COMMAND MANAGER: Diff completed in 0.0000s. Removed 0, added 0, transferred 0 ^^^^^

10:08:14.186793 - COMMAND MANAGER: Keyboard layout set to desktop.
10:08:14.186805 - GSETTINGS SCHEMA HANDLE: keybindings/keyboard-layout not set [app:accessibility_probe, profile:default]
10:08:14.186809 - GSETTINGS REGISTRY: keybindings/keyboard-layout using default value = 'desktop'
10:08:14.186818 - GSETTINGS SCHEMA HANDLE: keybindings/desktop-modifier-keys not set [app:accessibility_probe, profile:default]
10:08:14.186822 - GSETTINGS REGISTRY: keybindings/desktop-modifier-keys using default value = ['Insert', 'KP_Insert']
10:08:14.186830 - EVENT MANAGER: Processing window:activate: script for event is active
10:08:14.186866 - AXObject: Clearing AT-SPI cache on [frame: 'Reactive TUI App accessibility round 1' (0x7e30eaf6dfc0)]  Recursive: False.  Reason: Checking if window can be the active window
10:08:14.188576 - AXUtilities: [frame: 'Reactive TUI App accessibility round 1' (0x7e30eaf6dfc0)]  from [application: 'accessibility_probe' (0x7e31000ea340)]  can be active window
10:08:14.188632 - FOCUS MANAGER: Active window is [frame: 'Terminal' (0x7e31000ef480)]  event_manager._dequeue_object_event:666 > event_manager._process_object_event:982 > default._on_window_activated:1384 > focus_manager.get_active_window:342
10:08:14.189155 - FOCUS MANAGER: Request to set active window to [frame: 'Reactive TUI App accessibility round 1' (0x7e31017208c0)] 
10:08:14.189274 - FOCUS MANAGER: Focus [frame: 'Terminal' (0x7e31000ef480)]  is not in [frame: 'Reactive TUI App accessibility round 1' (0x7e31017208c0)] 
10:08:14.189333 - FOCUS MANAGER: Request to set locus of focus to [frame: 'Reactive TUI App accessibility round 1' (0x7e31017208c0)]  event_manager._process_object_event:982 > default._on_window_activated:1391 > focus_manager.set_active_window:391 > focus_manager.set_locus_of_focus:271
10:08:14.189872 - AXObject: Clearing AT-SPI cache on [frame: 'Reactive TUI App accessibility round 1' (0x7e31017208c0)]  Recursive: False.  Reason: Setting locus of focus.
10:08:14.189914 - SCRIPT MANAGER: Active script is: accessibility_probe (module=orca.scripts.default)
10:08:14.190855 - FOCUS MANAGER: Changing locus of focus from [frame: 'Terminal' (0x7e31000ef480)]  to [frame: 'Reactive TUI App accessibility round 1' (0x7e31017208c0)] . Notify: True
10:08:14.191210 - FOCUS MANAGER: Region of interest: [frame: 'Reactive TUI App accessibility round 1' (0x7e31017208c0)]  (0, 0)
10:08:14.191554 - FOCUS MANAGER: Switching object of interest from [frame: 'Terminal' (0x7e31000ef480)]  to [frame: 'Reactive TUI App accessibility round 1' (0x7e31017208c0)] 
10:08:14.192240 - DOCUMENT PRESENTER: Updating mode for focus change. Old focus: [frame: 'Terminal' (0x7e31000ef480)]  old doc: None New focus: [frame: 'Reactive TUI App accessibility round 1' (0x7e31017208c0)]  new doc: None
10:08:14.192284 - SCRIPT MANAGER: Active script is: accessibility_probe (module=orca.scripts.default)
10:08:14.192300 - CARET NAVIGATOR: Commands suspended: False: locus of focus no longer in document
10:08:14.192353 - GSETTINGS SCHEMA HANDLE: keybindings/keyboard-layout not set [app:accessibility_probe, profile:default]
10:08:14.192370 - GSETTINGS REGISTRY: keybindings/keyboard-layout using default value = 'desktop'
10:08:14.192407 - GSETTINGS SCHEMA HANDLE: keybindings/desktop-modifier-keys not set [app:accessibility_probe, profile:default]
10:08:14.192422 - GSETTINGS REGISTRY: keybindings/desktop-modifier-keys using default value = ['Insert', 'KP_Insert']
10:08:14.192476 - SCRIPT MANAGER: Active script is: accessibility_probe (module=orca.scripts.default)
10:08:14.192491 - STRUCTURAL NAVIGATOR: Suspended: False: locus of focus no longer in document
10:08:14.192528 - GSETTINGS SCHEMA HANDLE: keybindings/keyboard-layout not set [app:accessibility_probe, profile:default]
10:08:14.192541 - GSETTINGS REGISTRY: keybindings/keyboard-layout using default value = 'desktop'
10:08:14.192589 - GSETTINGS SCHEMA HANDLE: keybindings/desktop-modifier-keys not set [app:accessibility_probe, profile:default]
10:08:14.192603 - GSETTINGS REGISTRY: keybindings/desktop-modifier-keys using default value = ['Insert', 'KP_Insert']
10:08:14.192668 - STRUCTURAL NAVIGATOR: Setting mode for accessibility_probe (module=orca.scripts.default) to NavigationMode.OFF
10:08:14.192697 - SCRIPT MANAGER: Active script is: accessibility_probe (module=orca.scripts.default)
10:08:14.192735 - GSETTINGS SCHEMA HANDLE: keybindings/keyboard-layout not set [app:accessibility_probe, profile:default]
10:08:14.192748 - GSETTINGS REGISTRY: keybindings/keyboard-layout using default value = 'desktop'
10:08:14.192779 - GSETTINGS SCHEMA HANDLE: keybindings/desktop-modifier-keys not set [app:accessibility_probe, profile:default]
10:08:14.192792 - GSETTINGS REGISTRY: keybindings/desktop-modifier-keys using default value = ['Insert', 'KP_Insert']
10:08:14.192851 - CARET NAVIGATOR: Setting enabled state for accessibility_probe (module=orca.scripts.default) to False
10:08:14.192879 - SCRIPT MANAGER: Active script is: accessibility_probe (module=orca.scripts.default)
10:08:14.192915 - GSETTINGS SCHEMA HANDLE: keybindings/keyboard-layout not set [app:accessibility_probe, profile:default]
10:08:14.192928 - GSETTINGS REGISTRY: keybindings/keyboard-layout using default value = 'desktop'
10:08:14.192959 - GSETTINGS SCHEMA HANDLE: keybindings/desktop-modifier-keys not set [app:accessibility_probe, profile:default]
10:08:14.192971 - GSETTINGS REGISTRY: keybindings/desktop-modifier-keys using default value = ['Insert', 'KP_Insert']
10:08:14.193069 - SCRIPT UTILITIES: [frame: 'Reactive TUI App accessibility round 1' (0x7e31017208c0)]  is top-level object for: [frame: 'Reactive TUI App accessibility round 1' (0x7e31017208c0)] 
10:08:14.193105 - FOCUS MANAGER: Request to set active window to [frame: 'Reactive TUI App accessibility round 1' (0x7e31017208c0)] 
10:08:14.193120 - FOCUS MANAGER: Setting active window to existing active window
10:08:14.193162 - SCRIPT MANAGER: Getting script for [application: 'accessibility_probe' (0x7e31000ea340)]  [frame: 'Reactive TUI App accessibility round 1' (0x7e31017208c0)] 
10:08:14.193376 - SCRIPT MANAGER: Script is app script accessibility_probe (module=orca.scripts.default)
10:08:14.193401 - PRESENTATION MANAGER: Not interrupting for locusOfFocus change: event is None
10:08:14.193443 - FOCUS MANAGER: Active mode: focus-tracking Object of interest: [frame: 'Reactive TUI App accessibility round 1' (0x7e31017208c0)] 
10:08:14.193473 - GSETTINGS SCHEMA HANDLE: speech/enable not set [app:accessibility_probe, profile:default]
10:08:14.193479 - GSETTINGS REGISTRY: speech/enable using default value = True
10:08:14.193498 - GSETTINGS SCHEMA HANDLE: speech/verbosity-level not set [app:accessibility_probe, profile:default]
10:08:14.193503 - GSETTINGS REGISTRY: speech/verbosity-level using default value = 'verbose'
10:08:14.193519 - FOCUS MANAGER: Locus of focus is [frame: 'Reactive TUI App accessibility round 1' (0x7e31017208c0)] 
10:08:14.193534 - SCRIPT MANAGER: Active script is: accessibility_probe (module=orca.scripts.default)
10:08:14.193552 - GSETTINGS SCHEMA HANDLE: speech/only-speak-displayed-text not set [app:accessibility_probe, profile:default]
10:08:14.193556 - GSETTINGS REGISTRY: speech/only-speak-displayed-text using default value = False
10:08:14.193567 - GSETTINGS SCHEMA HANDLE: speech/speak-description not set [app:accessibility_probe, profile:default]
10:08:14.193571 - GSETTINGS REGISTRY: speech/speak-description using default value = True
10:08:14.193581 - GSETTINGS SCHEMA HANDLE: speech/speak-tutorial-messages not set [app:accessibility_probe, profile:default]
10:08:14.193584 - GSETTINGS REGISTRY: speech/speak-tutorial-messages using default value = True
10:08:14.193595 - GSETTINGS SCHEMA HANDLE: speech/speak-position-in-set not set [app:accessibility_probe, profile:default]
10:08:14.193599 - GSETTINGS REGISTRY: speech/speak-position-in-set using default value = False
10:08:14.193609 - GSETTINGS SCHEMA HANDLE: speech/speak-widget-mnemonic not set [app:accessibility_probe, profile:default]
10:08:14.193617 - GSETTINGS REGISTRY: speech/speak-widget-mnemonic using default value = True
10:08:14.193627 - GSETTINGS SCHEMA HANDLE: speech/speak-blank-lines not set [app:accessibility_probe, profile:default]
10:08:14.193630 - GSETTINGS REGISTRY: speech/speak-blank-lines using default value = True
10:08:14.193641 - GSETTINGS SCHEMA HANDLE: speech/speak-indentation-and-justification not set [app:accessibility_probe, profile:default]
10:08:14.193644 - GSETTINGS REGISTRY: speech/speak-indentation-and-justification using default value = False
10:08:14.193655 - GSETTINGS SCHEMA HANDLE: speech/announce-cell-headers not set [app:accessibility_probe, profile:default]
10:08:14.193658 - GSETTINGS REGISTRY: speech/announce-cell-headers using default value = True
10:08:14.193668 - GSETTINGS SCHEMA HANDLE: speech/announce-cell-coordinates not set [app:accessibility_probe, profile:default]
10:08:14.193671 - GSETTINGS REGISTRY: speech/announce-cell-coordinates using default value = True
10:08:14.193681 - GSETTINGS SCHEMA HANDLE: speech/announce-spreadsheet-cell-coordinates not set [app:accessibility_probe, profile:default]
10:08:14.193685 - GSETTINGS REGISTRY: speech/announce-spreadsheet-cell-coordinates using default value = True
10:08:14.193695 - GSETTINGS SCHEMA HANDLE: speech/announce-blockquote not set [app:accessibility_probe, profile:default]
10:08:14.193698 - GSETTINGS REGISTRY: speech/announce-blockquote using default value = True
10:08:14.193707 - GSETTINGS SCHEMA HANDLE: speech/announce-form not set [app:accessibility_probe, profile:default]
10:08:14.193711 - GSETTINGS REGISTRY: speech/announce-form using default value = True
10:08:14.193720 - GSETTINGS SCHEMA HANDLE: speech/announce-landmark not set [app:accessibility_probe, profile:default]
10:08:14.193723 - GSETTINGS REGISTRY: speech/announce-landmark using default value = True
10:08:14.193733 - GSETTINGS SCHEMA HANDLE: speech/announce-list not set [app:accessibility_probe, profile:default]
10:08:14.193737 - GSETTINGS REGISTRY: speech/announce-list using default value = True
10:08:14.193746 - GSETTINGS SCHEMA HANDLE: speech/announce-grouping not set [app:accessibility_probe, profile:default]
10:08:14.193750 - GSETTINGS REGISTRY: speech/announce-grouping using default value = True
10:08:14.193759 - GSETTINGS SCHEMA HANDLE: speech/announce-table not set [app:accessibility_probe, profile:default]
10:08:14.193762 - GSETTINGS REGISTRY: speech/announce-table using default value = True
10:08:14.196515 - GENERATOR: _get_functional_role: frame
10:08:14.196607 - SPEECH GENERATOR: speech_generator.SpeechGenerator._generate_frame for [frame: 'Reactive TUI App accessibility round 1' (0x7e31017208c0)]  args: {'formatType': 'unfocused', 'priorObj': "[frame: 'Terminal' (0x7e31000ef480)] ", 'role': 'frame'}
10:08:14.196647 - SPEECH GENERATOR: _generate_old_ancestors: []
10:08:14.196671 - SPEECH GENERATOR: _generate_new_ancestors: []
10:08:14.196708 - AXUtilitiesRelation: [frame: 'Reactive TUI App accessibility round 1' (0x7e31017208c0)]  is labelled by: []
10:08:14.196722 - GENERATOR: _generate_accessible_label: []
10:08:14.196735 - SPEECH GENERATOR: _generate_accessible_label: []
10:08:14.196759 - GENERATOR: _generate_accessible_name: [Reactive TUI App accessibility round 1]
10:08:14.196811 - GSETTINGS SCHEMA HANDLE: voice/established not set [app:accessibility_probe, profile:default]
10:08:14.196828 - GSETTINGS SCHEMA HANDLE: voice/rate not set [app:accessibility_probe, profile:default]
10:08:14.196842 - GSETTINGS SCHEMA HANDLE: voice/pitch not set [app:accessibility_probe, profile:default]
10:08:14.196854 - GSETTINGS SCHEMA HANDLE: voice/volume not set [app:accessibility_probe, profile:default]
10:08:14.196867 - GSETTINGS SCHEMA HANDLE: voice/family-name not set [app:accessibility_probe, profile:default]
10:08:14.196879 - GSETTINGS SCHEMA HANDLE: voice/family-lang not set [app:accessibility_probe, profile:default]
10:08:14.196890 - GSETTINGS SCHEMA HANDLE: voice/family-dialect not set [app:accessibility_probe, profile:default]
10:08:14.196903 - GSETTINGS SCHEMA HANDLE: voice/family-gender not set [app:accessibility_probe, profile:default]
10:08:14.196915 - GSETTINGS SCHEMA HANDLE: voice/family-variant not set [app:accessibility_probe, profile:default]
10:08:14.196947 - SPEECH GENERATOR: default voice requested for [frame: 'Reactive TUI App accessibility round 1' (0x7e31017208c0)]  language='', dialect='' Unmodified voice={'established': False}
10:08:14.196973 - SPEECH GENERATOR: Reported locale of [frame: 'Reactive TUI App accessibility round 1' (0x7e31017208c0)]  is 
10:08:14.196997 - SPEECH GENERATOR: Updated to: 'C', ''
10:08:14.197020 - GSETTINGS SCHEMA HANDLE: speech/auto-language-switching not set [app:accessibility_probe, profile:default]
10:08:14.197025 - GSETTINGS REGISTRY: speech/auto-language-switching using default value = True
10:08:14.197036 - SPEECH DISPATCHER: Returning cached result for language='C' dialect='' variant='None'
10:08:14.197073 - SPEECH GENERATOR: Family updated to {'dialect': '', 'lang': 'C', 'name': ''}
10:08:14.197117 - SPEECH GENERATOR: Final voice is {'established': 'False', 'family': "{'dialect': '', 'lang': 'C', 'name': ''}"}
10:08:14.197167 - SPEECH GENERATOR: _generate_accessible_name: [Reactive TUI App accessibility round 1, {'established': 'False', 'family': "{'dialect': '', 'lang': 'C', 'name': ''}"}]
10:08:14.197215 - GENERATOR: _generate_accessible_label_and_name: [Reactive TUI App accessibility round 1, {'established': 'False', 'family': "{'dialect': '', 'lang': 'C', 'name': ''}"}]
10:08:14.197234 - SPEECH PRESENTER: Adjusting 'Reactive TUI App accessibility round 1' from [frame: 'Reactive TUI App accessibility round 1' (0x7e31017208c0)]  start_offset: None
10:08:14.197411 - GSETTINGS SCHEMA HANDLE: speech/speak-numbers-as-digits not set [app:accessibility_probe, profile:default]
10:08:14.197416 - GSETTINGS REGISTRY: speech/speak-numbers-as-digits using default value = False
10:08:14.197441 - GSETTINGS SCHEMA HANDLE: speech/repeated-character-limit not set [app:accessibility_probe, profile:default]
10:08:14.197446 - GSETTINGS REGISTRY: speech/repeated-character-limit using default value = 4
10:08:14.197908 - GSETTINGS SCHEMA HANDLE: speech/use-pronunciation-dictionary not set [app:accessibility_probe, profile:default]
10:08:14.197916 - GSETTINGS REGISTRY: speech/use-pronunciation-dictionary using default value = True
10:08:14.197952 - GSETTINGS SCHEMA HANDLE: pronunciations/entries no dict values set
10:08:14.197960 - GSETTINGS REGISTRY: pronunciations/entries using default value = {}
10:08:14.197967 - SPEECH PRESENTER: Adjusted text: 'Reactive TUI App accessibility round 1'
10:08:14.198037 - SPEECH GENERATOR: _generate_accessible_label_and_name: [Reactive TUI App accessibility round 1, {'established': 'False', 'family': "{'dialect': '', 'lang': 'C', 'name': ''}"}]
10:08:14.200101 - GSETTINGS SCHEMA HANDLE: voice/established not set [app:accessibility_probe, profile:default]
10:08:14.200166 - GSETTINGS SCHEMA HANDLE: voice/rate not set [app:accessibility_probe, profile:default]
10:08:14.200211 - GSETTINGS SCHEMA HANDLE: voice/pitch not set [app:accessibility_probe, profile:default]
10:08:14.200251 - GSETTINGS SCHEMA HANDLE: voice/volume not set [app:accessibility_probe, profile:default]
10:08:14.200291 - GSETTINGS SCHEMA HANDLE: voice/family-name not set [app:accessibility_probe, profile:default]
10:08:14.200328 - GSETTINGS SCHEMA HANDLE: voice/family-lang not set [app:accessibility_probe, profile:default]
10:08:14.200362 - GSETTINGS SCHEMA HANDLE: voice/family-dialect not set [app:accessibility_probe, profile:default]
10:08:14.200396 - GSETTINGS SCHEMA HANDLE: voice/family-gender not set [app:accessibility_probe, profile:default]
10:08:14.200430 - GSETTINGS SCHEMA HANDLE: voice/family-variant not set [app:accessibility_probe, profile:default]
10:08:14.200497 - SPEECH GENERATOR: system voice requested for [frame: 'Reactive TUI App accessibility round 1' (0x7e31017208c0)]  language='', dialect='' Unmodified voice={'established': False}
10:08:14.200556 - SPEECH GENERATOR: Reported locale of [frame: 'Reactive TUI App accessibility round 1' (0x7e31017208c0)]  is 
10:08:14.200590 - SPEECH GENERATOR: Updated to: 'C', ''
10:08:14.200673 - GSETTINGS SCHEMA HANDLE: voice/established not set [app:accessibility_probe, profile:default]
10:08:14.200690 - GSETTINGS SCHEMA HANDLE: voice/rate not set [app:accessibility_probe, profile:default]
10:08:14.200703 - GSETTINGS SCHEMA HANDLE: voice/pitch not set [app:accessibility_probe, profile:default]
10:08:14.200714 - GSETTINGS SCHEMA HANDLE: voice/volume not set [app:accessibility_probe, profile:default]
10:08:14.200726 - GSETTINGS SCHEMA HANDLE: voice/family-name not set [app:accessibility_probe, profile:default]
10:08:14.200737 - GSETTINGS SCHEMA HANDLE: voice/family-lang not set [app:accessibility_probe, profile:default]
10:08:14.200748 - GSETTINGS SCHEMA HANDLE: voice/family-dialect not set [app:accessibility_probe, profile:default]
10:08:14.200758 - GSETTINGS SCHEMA HANDLE: voice/family-gender not set [app:accessibility_probe, profile:default]
10:08:14.200769 - GSETTINGS SCHEMA HANDLE: voice/family-variant not set [app:accessibility_probe, profile:default]
10:08:14.200811 - SPEECH GENERATOR: Final voice is {'established': 'False', 'family': '{}'}
10:08:14.200848 - SPEECH GENERATOR: _generate_accessible_role: [frame, {'established': 'False', 'family': '{}'}]
10:08:14.200914 - AXUtilities: Unfocused alerts and dialogs for [frame: 'Reactive TUI App accessibility round 1' (0x7e31017208c0)] : []
10:08:14.200928 - SPEECH GENERATOR: _generate_unfocused_dialog_count: []
10:08:14.201134 - GENERATOR: _generate_state_current: []
10:08:14.201150 - SPEECH GENERATOR: _generate_state_current: []
10:08:14.201164 - SPEECH GENERATOR: _generate_has_click_action: []
10:08:14.201178 - SPEECH GENERATOR: _generate_has_details: []
10:08:14.201191 - SPEECH GENERATOR: _generate_details_for: []
10:08:14.201384 - AXUtilitiesRelation: [frame: 'Reactive TUI App accessibility round 1' (0x7e31017208c0)]  is described by: []
10:08:14.201399 - GENERATOR: _generate_accessible_description: []
10:08:14.201412 - SPEECH GENERATOR: _generate_accessible_description: []
10:08:14.201436 - SPEECH GENERATOR: _generate_state_has_popup: []
10:08:14.201624 - SPEECH GENERATOR: _generate_tutorial: []
10:08:14.201702 - SPEECH GENERATOR: Results: [Reactive TUI App accessibility round 1, {'established': 'False', 'family': "{'dialect': '', 'lang': 'C', 'name': ''}"}, frame, {'established': 'False', 'family': '{}'}]
10:08:14.201785 - SPEECH: Speak [Reactive TUI App accessibility round 1, {'established': 'False', 'family': "{'dialect': '', 'lang': 'C', 'name': ''}"}, frame, {'established': 'False', 'family': '{}'}], acss: None
10:08:14.201852 - SPEECH: New voice {'established': 'False'}  != active voice {'established': 'False', 'family': "{'dialect': '', 'lang': 'C', 'name': ''}"}
10:08:14.201864 - SPEECH OUTPUT: 'Reactive TUI App accessibility round 1' {'established': False, 'family': {'name': '', 'gender': None, 'lang': 'C', 'dialect': '', 'variant': None}}
10:08:14.201870 - SPEECH DISPATCHER: Speaking 'Reactive TUI App accessibility round 1' as string
10:08:14.202054 - SPEECH DISPATCHER: Speaking '<speak><mark name="0:8"/>Reactive <mark name="9:12"/>TUI <mark name="13:16"/>App <mark name="17:30"/>accessibility <mark name="31:36"/>round <mark name="37:38"/>1</speak>' 
                  ORCA rate 50.0, pitch 5.0, volume 10.0, language C, punctuation: MOST
                  SD rate 2, pitch 10, volume 100, language c
10:08:14.202150 - SPEECH OUTPUT: 'frame' {'established': False}
10:08:14.202154 - SPEECH DISPATCHER: Speaking 'frame' as string
10:08:14.202567 - SPEECH DISPATCHER: Speaking '<speak><mark name="0:5"/>frame</speak>' 
                  ORCA rate 50.0, pitch 5.0, volume 10.0, language C, punctuation: MOST
                  SD rate 2, pitch 10, volume 100, language c
10:08:14.205758 - GSETTINGS SCHEMA HANDLE: braille/enabled not set [app:accessibility_probe, profile:default]
10:08:14.205782 - GSETTINGS REGISTRY: braille/enabled using default value = True
10:08:14.205847 - FOCUS MANAGER: Active mode: focus-tracking Object of interest: [frame: 'Reactive TUI App accessibility round 1' (0x7e31017208c0)] 
10:08:14.205922 - GSETTINGS SCHEMA HANDLE: braille/enabled not set [app:accessibility_probe, profile:default]
10:08:14.205938 - GSETTINGS REGISTRY: braille/enabled using default value = True
10:08:14.206012 - GSETTINGS SCHEMA HANDLE: braille/verbosity-level not set [app:accessibility_probe, profile:default]
10:08:14.206031 - GSETTINGS REGISTRY: braille/verbosity-level using default value = 'verbose'
10:08:14.206086 - FOCUS MANAGER: Locus of focus is [frame: 'Reactive TUI App accessibility round 1' (0x7e31017208c0)] 
10:08:14.206121 - SCRIPT MANAGER: Active script is: accessibility_probe (module=orca.scripts.default)
10:08:14.206165 - GSETTINGS SCHEMA HANDLE: braille/rolename-style not set [app:accessibility_probe, profile:default]
10:08:14.206178 - GSETTINGS REGISTRY: braille/rolename-style using default value = 'verbose'
10:08:14.206214 - GSETTINGS SCHEMA HANDLE: braille/display-ancestors not set [app:accessibility_probe, profile:default]
10:08:14.206227 - GSETTINGS REGISTRY: braille/display-ancestors using default value = True
10:08:14.206262 - GSETTINGS SCHEMA HANDLE: braille/end-of-line-indicator not set [app:accessibility_probe, profile:default]
10:08:14.206274 - GSETTINGS REGISTRY: braille/end-of-line-indicator using default value = True
10:08:14.206307 - GSETTINGS SCHEMA HANDLE: braille/present-mnemonics not set [app:accessibility_probe, profile:default]
10:08:14.206319 - GSETTINGS REGISTRY: braille/present-mnemonics using default value = True
10:08:14.208236 - GENERATOR: _get_functional_role: frame
10:08:14.208317 - BRAILLE GENERATOR: braille_generator.BrailleGenerator._generate_frame for [frame: 'Reactive TUI App accessibility round 1' (0x7e31017208c0)]  args: {'formatType': 'focused', 'priorObj': "[frame: 'Terminal' (0x7e31000ef480)] ", 'role': 'frame'}
10:08:14.209438 - GENERATOR: _get_functional_role: application
10:08:14.209464 - BRAILLE GENERATOR: [application: 'accessibility_probe' (0x7e31000ea340)]  lacks dedicated generator
10:08:14.209522 - BRAILLE GENERATOR: braille_generator.BrailleGenerator._generate_default_presentation for [application: 'accessibility_probe' (0x7e31000ea340)]  args: {'formatType': 'ancestor', 'includeContext': 'False', 'priorObj': "[frame: 'Terminal' (0x7e31000ef480)] ", 'role': 'application'}
10:08:14.209683 - AXUtilitiesRelation: [application: 'accessibility_probe' (0x7e31000ea340)]  is labelled by: []
10:08:14.209699 - GENERATOR: _generate_accessible_label: []
10:08:14.209720 - GENERATOR: _generate_accessible_name: [accessibility_probe]
10:08:14.209739 - GENERATOR: _generate_accessible_label_and_name: [accessibility_probe]
10:08:14.210991 - BRAILLE GENERATOR: _generate_accessible_role: [application]
10:08:14.211030 - BRAILLE: Not contracting 'accessibility_probe application' because contracted braille is not enabled.
10:08:14.211055 - BRAILLE GENERATOR: Results: [COMPONENT: 'accessibility_probe application', cursor offset:0]
10:08:14.211085 - BRAILLE GENERATOR: _generate_ancestors: [COMPONENT: 'accessibility_probe application', cursor offset:0]
10:08:14.211124 - AXUtilitiesRelation: [frame: 'Reactive TUI App accessibility round 1' (0x7e31017208c0)]  is labelled by: []
10:08:14.211138 - GENERATOR: _generate_accessible_label: []
10:08:14.211159 - GENERATOR: _generate_accessible_name: [Reactive TUI App accessibility round 1]
10:08:14.211178 - GENERATOR: _generate_accessible_label_and_name: [Reactive TUI App accessibility round 1]
10:08:14.212110 - BRAILLE GENERATOR: _generate_accessible_role: [frame]
10:08:14.212188 - AXUtilities: Unfocused alerts and dialogs for [frame: 'Reactive TUI App accessibility round 1' (0x7e31017208c0)] : []
10:08:14.212203 - BRAILLE GENERATOR: _generate_alert_and_dialog_count: []
10:08:14.212212 - BRAILLE: Not contracting 'Reactive TUI App accessibility round 1 frame' because contracted braille is not enabled.
10:08:14.212235 - GENERATOR: _generate_accessible_description: []
10:08:14.212384 - GENERATOR: _generate_state_current: []
10:08:14.212421 - BRAILLE GENERATOR: Results: [COMPONENT: 'accessibility_probe application', cursor offset:0, REGION: ' ', cursor offset:0, COMPONENT: 'Reactive TUI App accessibility round 1 frame', cursor offset:0]
10:08:14.212464 - BRAILLE: Refresh. Pan: True target: 0
10:08:14.212471 - BRAILLE: Kill flash message braille.display_line:1618 > braille.refresh:2097 > braille._prepare_refresh:1856 > braille.kill_flash:2182
10:08:14.212984 - GSETTINGS SCHEMA HANDLE: braille/enabled not set [app:accessibility_probe, profile:default]
10:08:14.212995 - GSETTINGS REGISTRY: braille/enabled using default value = True
10:08:14.213016 - BRAILLE: Last text object: None (Caret: 0, Line: 0, Cell: 0)
10:08:14.213041 - BRAILLE: Current text object: None (Caret: 0, Line: 0). On same line: False
10:08:14.213049 - BRAILLE: Line 0: 'accessibility_probe application Reactive TUI App accessibility round 1 frame' focusOffset: 32 [[0, 32], [32, 63], [63, 76]]
10:08:14.213054 - BRAILLE: Cursor offset in line string is: 32
10:08:14.213062 - BRAILLE: Adjusting offset to 32 (unhandled condition)
10:08:14.213067 - BRAILLE: Current range: (32, 64). Target cell: 0
10:08:14.213072 - BRAILLE LINE:  'accessibility_probe application Reactive TUI App accessibility round 1 frame'
10:08:14.213076 -      VISIBLE:  'Reactive TUI App accessibility r', cursor=1
10:08:14.213089 - BRAILLE: Enabling braille. BrlAPI running: False
10:08:14.213092 - BRAILLE: Need to initialize first.
10:08:14.213107 - BRAILLE: Initializing. Callback: input_event_manager.InputEventManager.process_braille_event
10:08:14.213123 - BRAILLE: WINDOWPATH= None
10:08:14.213136 - BRAILLE: XDG_VTNR= 1
10:08:14.213154 - BRAILLE: Attempting connection with BrlAPI.
10:08:14.213311 - AXTable: Setting last cell coordinates to row=-1, column=-1
10:08:14.213338 - FOCUS MANAGER: Setting last cursor position to [frame: 'Reactive TUI App accessibility round 1' (0x7e31017208c0)]  -1
10:08:14.213390 - FOCUS MANAGER: Active window is [frame: 'Reactive TUI App accessibility round 1' (0x7e31017208c0)]  focus_manager.set_locus_of_focus:327 > focus_manager._save_object_details:254 > ax_utilities_event.save_object_info_for_events:195 > focus_manager.get_active_window:342
10:08:14.213803 - BRAILLE: BrlAPI Connection is unavailable (ConnectionError): couldn't connect to b':0' with key b'keyfile:/etc/brlapi.key+polkit': connect: No such file or directory
                  (brlerrno 11, libcerrno 2, gaierrno 0)
                  Is BRLTTY really running?
10:08:14.213842 - SCRIPT MANAGER: Getting script for [application: 'accessibility_probe' (0x7e31000ea340)]  [frame: 'Reactive TUI App accessibility round 1' (0x7e31017208c0)] 
10:08:14.214092 - SCRIPT MANAGER: Script is app script accessibility_probe (module=orca.scripts.default)
10:08:14.214319 - SPELL CHECK PRESENTER: Handling window:activate for [frame: 'Reactive TUI App accessibility round 1' (0x7e31017208c0)] 
10:08:14.214339 - SPELL CHECK PRESENTER: Attempting activation for [frame: 'Reactive TUI App accessibility round 1' (0x7e31017208c0)] 
10:08:14.214625 - SPELL CHECK PRESENTER: [frame: 'Reactive TUI App accessibility round 1' (0x7e31017208c0)]  is not spellcheck window
10:08:14.214632 - SPELL CHECK PRESENTER: Not a spellcheck window. Deactivating.
10:08:14.214649 - FOCUS MANAGER: Request to set locus of focus to [frame: 'Reactive TUI App accessibility round 1' (0x7e31017208c0)]  event_manager._dequeue_object_event:666 > event_manager._process_object_event:982 > default._on_window_activated:1408 > focus_manager.set_locus_of_focus:271
10:08:14.214927 - AXObject: Clearing AT-SPI cache on [frame: 'Reactive TUI App accessibility round 1' (0x7e31017208c0)]  Recursive: False.  Reason: Setting locus of focus.
10:08:14.214937 - FOCUS MANAGER: Setting locus of focus to existing locus of focus
TOTAL PROCESSING TIME: 0.0326
^^^^^ FINISHED PRIORITY-2 OBJECT EVENT WINDOW:ACTIVATE ^^^^^

10:08:14.216197 - EVENT MANAGER: Dequeueing object:state-changed:active for [frame: 'Reactive TUI App accessibility round 1' (0x7e31017208c0)]  in accessibility_probe (AccessKit) (1, 0, 0)
10:08:14.216801 - EVENT MANAGER: Dequeued object:state-changed:active for [frame: 'Reactive TUI App accessibility round 1' (0x7e31017208c0)]  in accessibility_probe (AccessKit) (1, 0, 0) priority: 2, counter: 33

vvvvv START PRIORITY-2 OBJECT EVENT OBJECT:STATE-CHANGED:ACTIVE (queue size: 35) vvvvv
10:08:14.218490 - EVENT SOURCE:
                  app='accessibility_probe (AccessKit )' name='Reactive TUI App accessibility round 1' role='frame' axid='' id=0x7e31017208c0
                  description=''
                  help=''
                  locale=''
                  states='active, enabled, sensitive, showing, visible'
                  relations=''
                  actions=''
                  interfaces='Component'
                  attributes=''
                  text=''
                  path=[-1, 0]
                  
10:08:14.218527 - SCRIPT MANAGER: Active script is: accessibility_probe (module=orca.scripts.default)
10:08:14.218549 - FOCUS MANAGER: Locus of focus is [frame: 'Reactive TUI App accessibility round 1' (0x7e31017208c0)] 
10:08:14.218564 - EVENT MANAGER: Script for event from locus of focus is accessibility_probe (module=orca.scripts.default)
10:08:14.218570 - EVENT MANAGER: Processing object:state-changed:active: script for event is active
10:08:14.218607 - AXObject: Clearing AT-SPI cache on [frame: 'Reactive TUI App accessibility round 1' (0x7e31017208c0)]  Recursive: False.  Reason: Checking if window can be the active window
10:08:14.219943 - AXUtilities: [frame: 'Reactive TUI App accessibility round 1' (0x7e31017208c0)]  from [application: 'accessibility_probe' (0x7e31000ea340)]  can be active window
10:08:14.219962 - FOCUS MANAGER: Active window is [frame: 'Reactive TUI App accessibility round 1' (0x7e31017208c0)]  event_manager._dequeue_object_event:666 > event_manager._process_object_event:982 > default._on_active_changed:799 > focus_manager.get_active_window:342
TOTAL PROCESSING TIME: 0.0035
^^^^^ FINISHED PRIORITY-2 OBJECT EVENT OBJECT:STATE-CHANGED:ACTIVE ^^^^^

10:08:14.220291 - WARNING: Braille initialization failed: BrlAPI connection unavailable.
10:08:14.220308 - BRAILLE: Scheduling BrlAPI retry in 2000 ms.
10:08:14.220377 - EVENT MANAGER: Dequeueing object:announcement for [label: 'Background calls 0' (0x7e30eaf8c0c0)]  in accessibility_probe (AccessKit) (1, 0, Background calls 0)
10:08:14.220414 - EVENT MANAGER: Dequeued object:announcement for [label: 'Background calls 0' (0x7e31000d5d80)]  in accessibility_probe (AccessKit) (1, 0, Background calls 0) priority: 3, counter: 11

vvvvv START PRIORITY-3 OBJECT EVENT OBJECT:ANNOUNCEMENT (queue size: 34) vvvvv
10:08:14.221954 - EVENT SOURCE:
                  app='accessibility_probe (AccessKit )' name='Background calls 0' role='label' axid='' id=0x7e31000d5d80
                  description=''
                  help=''
                  locale=''
                  states='enabled, sensitive, showing, visible'
                  relations=''
                  actions=''
                  interfaces=''
                  attributes=''
                  text=''
                  path=[-1, 0, 1]
                  
10:08:14.221996 - SCRIPT MANAGER: Active script is: accessibility_probe (module=orca.scripts.default)
10:08:14.222027 - FOCUS MANAGER: Locus of focus is [frame: 'Reactive TUI App accessibility round 1' (0x7e31017208c0)] 
10:08:14.222063 - EVENT MANAGER: Getting script for event for [application: 'accessibility_probe' (0x7e31000e31c0)]  [label: 'Background calls 0' (0x7e3100bfc300)] 
10:08:14.222082 - SCRIPT MANAGER: Getting script for [application: 'accessibility_probe' (0x7e31000e31c0)]  [label: 'Background calls 0' (0x7e3100bfc300)] 
10:08:14.222516 - SCRIPT MANAGER: Script is app script accessibility_probe (module=orca.scripts.default)
10:08:14.222567 - EVENT MANAGER: Script for event is accessibility_probe (module=orca.scripts.default)
10:08:14.223735 - EVENT MANAGER: Change active script: False (No reason found to activate a different script.)
10:08:14.223774 - EVENT MANAGER: Processing object:announcement: script handles events when inactive
10:08:14.223891 - GSETTINGS SCHEMA HANDLE: speech/enable not set [app:accessibility_probe, profile:default]
10:08:14.223910 - GSETTINGS REGISTRY: speech/enable using default value = True
10:08:14.223955 - GSETTINGS SCHEMA HANDLE: speech/messages-are-detailed not set [app:accessibility_probe, profile:default]
10:08:14.223969 - GSETTINGS REGISTRY: speech/messages-are-detailed using default value = True
10:08:14.224017 - GSETTINGS SCHEMA HANDLE: speech/only-speak-displayed-text not set [app:accessibility_probe, profile:default]
10:08:14.224031 - GSETTINGS REGISTRY: speech/only-speak-displayed-text using default value = False
10:08:14.224074 - GSETTINGS SCHEMA HANDLE: voice/established not set [app:accessibility_probe, profile:default]
10:08:14.224112 - GSETTINGS SCHEMA HANDLE: voice/rate not set [app:accessibility_probe, profile:default]
10:08:14.224149 - GSETTINGS SCHEMA HANDLE: voice/pitch not set [app:accessibility_probe, profile:default]
10:08:14.224184 - GSETTINGS SCHEMA HANDLE: voice/volume not set [app:accessibility_probe, profile:default]
10:08:14.224223 - GSETTINGS SCHEMA HANDLE: voice/family-name not set [app:accessibility_probe, profile:default]
10:08:14.224257 - GSETTINGS SCHEMA HANDLE: voice/family-lang not set [app:accessibility_probe, profile:default]
10:08:14.224291 - GSETTINGS SCHEMA HANDLE: voice/family-dialect not set [app:accessibility_probe, profile:default]
10:08:14.224324 - GSETTINGS SCHEMA HANDLE: voice/family-gender not set [app:accessibility_probe, profile:default]
10:08:14.224357 - GSETTINGS SCHEMA HANDLE: voice/family-variant not set [app:accessibility_probe, profile:default]
10:08:14.224489 - GSETTINGS SCHEMA HANDLE: speech/punctuation-level not set [app:accessibility_probe, profile:default]
10:08:14.224506 - GSETTINGS REGISTRY: speech/punctuation-level using default value = 'most'
10:08:14.224598 - SPEECH PRESENTER: Adjusting 'Background calls 0' from None start_offset: None
10:08:14.224638 - GSETTINGS SCHEMA HANDLE: speech/repeated-character-limit not set [app:accessibility_probe, profile:default]
10:08:14.224650 - GSETTINGS REGISTRY: speech/repeated-character-limit using default value = 4
10:08:14.224715 - GSETTINGS SCHEMA HANDLE: speech/use-pronunciation-dictionary not set [app:accessibility_probe, profile:default]
10:08:14.224735 - GSETTINGS REGISTRY: speech/use-pronunciation-dictionary using default value = True
10:08:14.224750 - SPEECH PRESENTER: Adjusted text: 'Background calls 0'
10:08:14.224758 - SPEECH: Speak 'Background calls 0' acss: {'established': False}
10:08:14.224764 - SPEECH OUTPUT: 'Background calls 0' {'established': False}
10:08:14.224769 - SPEECH DISPATCHER: Speaking 'Background calls 0' as string
10:08:14.225022 - SPEECH DISPATCHER: Speaking '<speak><mark name="0:10"/>Background <mark name="11:16"/>calls <mark name="17:18"/>0</speak>' 
                  ORCA rate 50.0, pitch 5.0, volume 10.0, language C, punctuation: SOME
                  SD rate 2, pitch 10, volume 100, language c
10:08:14.225267 - SPEECH MANAGER: Speech server is <orca.speechdispatcherfactory.SpeechServer object at 0x7e310098d6a0>
10:08:14.225313 - GSETTINGS SCHEMA HANDLE: speech/capitalization-style not set [app:accessibility_probe, profile:default]
10:08:14.225322 - GSETTINGS REGISTRY: speech/capitalization-style using default value = 'none'
10:08:14.225494 - SPEECH MANAGER: Speech server is <orca.speechdispatcherfactory.SpeechServer object at 0x7e310098d6a0>
10:08:14.225516 - GSETTINGS SCHEMA HANDLE: speech/punctuation-level not set [app:accessibility_probe, profile:default]
10:08:14.225521 - GSETTINGS REGISTRY: speech/punctuation-level using default value = 'most'
10:08:14.225561 - GSETTINGS SCHEMA HANDLE: braille/enabled not set [app:accessibility_probe, profile:default]
10:08:14.225566 - GSETTINGS REGISTRY: braille/enabled using default value = True
10:08:14.225579 - GSETTINGS SCHEMA HANDLE: braille/flash-messages not set [app:accessibility_probe, profile:default]
10:08:14.225584 - GSETTINGS REGISTRY: braille/flash-messages using default value = True
10:08:14.225596 - GSETTINGS SCHEMA HANDLE: braille/flash-messages-detailed not set [app:accessibility_probe, profile:default]
10:08:14.225603 - GSETTINGS REGISTRY: braille/flash-messages-detailed using default value = True
10:08:14.225615 - GSETTINGS SCHEMA HANDLE: braille/enabled not set [app:accessibility_probe, profile:default]
10:08:14.225619 - GSETTINGS REGISTRY: braille/enabled using default value = True
10:08:14.225631 - GSETTINGS SCHEMA HANDLE: braille/flash-messages-persistent not set [app:accessibility_probe, profile:default]
10:08:14.225634 - GSETTINGS REGISTRY: braille/flash-messages-persistent using default value = False
10:08:14.225644 - GSETTINGS SCHEMA HANDLE: braille/flash-message-duration not set [app:accessibility_probe, profile:default]
10:08:14.225648 - GSETTINGS REGISTRY: braille/flash-message-duration using default value = 5000
10:08:14.225655 - BRAILLE: Display message: 'Background calls 0' (flash_time: 5000)
10:08:14.225660 - BRAILLE: Initializing flash: Source ID: 0
10:08:14.225679 - BRAILLE: Not contracting 'Background calls 0' because contracted braille is not enabled.
10:08:14.225702 - BRAILLE: Refresh. Pan: True target: 0
10:08:14.225721 - GSETTINGS SCHEMA HANDLE: braille/enabled not set [app:accessibility_probe, profile:default]
10:08:14.225725 - GSETTINGS REGISTRY: braille/enabled using default value = True
10:08:14.225745 - BRAILLE: Last text object: None (Caret: 0, Line: 0, Cell: 0)
10:08:14.225769 - BRAILLE: Current text object: None (Caret: 0, Line: 0). On same line: False
10:08:14.225775 - BRAILLE: Line 0: 'Background calls 0' focusOffset: 0 [[0, 18]]
10:08:14.225781 - BRAILLE: Current range: (0, 32). Target cell: 0
10:08:14.225785 - BRAILLE LINE:  'Background calls 0'
10:08:14.225789 -      VISIBLE:  'Background calls 0', cursor=0
10:08:14.225802 - BRAILLE: Enabling braille. BrlAPI running: False
10:08:14.225806 - BRAILLE: Need to initialize first.
10:08:14.225824 - BRAILLE: Initializing. Callback: input_event_manager.InputEventManager.process_braille_event
10:08:14.225841 - BRAILLE: WINDOWPATH= None
10:08:14.225855 - BRAILLE: XDG_VTNR= 1
10:08:14.225867 - BRAILLE: Attempting connection with BrlAPI.
TOTAL PROCESSING TIME: 0.0055
^^^^^ FINISHED PRIORITY-3 OBJECT EVENT OBJECT:ANNOUNCEMENT ^^^^^

10:08:14.226044 - EVENT MANAGER: Dequeueing object:state-changed:focused for [terminal: 'Terminal' (0x7e3100a5ca00)]  in org.gnome.Terminal (gtk 3.24.52) (1, 0, 0)
10:08:14.226115 - BRAILLE: BrlAPI Connection is unavailable (ConnectionError): couldn't connect to b':0' with key b'keyfile:/etc/brlapi.key+polkit': connect: No such file or directory
                  (brlerrno 11, libcerrno 2, gaierrno 0)
                  Is BRLTTY really running?
10:08:14.226163 - EVENT MANAGER: Dequeued object:state-changed:focused for [terminal: 'Terminal' (0x7e30eaf8c800)]  in org.gnome.Terminal (gtk 3.24.52) (1, 0, 0) priority: 3, counter: 20

vvvvv START PRIORITY-3 OBJECT EVENT OBJECT:STATE-CHANGED:FOCUSED (queue size: 33) vvvvv
10:08:14.226615 - EVENT MANAGER: object:state-changed:focused for [terminal: 'Terminal' (0x7e3100a5ca00)]  in org.gnome.Terminal (gtk 3.24.52) (1, 0, 0) obsoleted by object:state-changed:focused for [terminal: 'Terminal' (0x7e31000e9e80)]  in org.gnome.Terminal (gtk 3.24.52) (1, 0, 0) more recent duplicate
TOTAL PROCESSING TIME: 0.0005
^^^^^ FINISHED PRIORITY-3 OBJECT EVENT OBJECT:STATE-CHANGED:FOCUSED ^^^^^

10:08:14.226671 - EVENT MANAGER: Dequeueing object:state-changed:focused for [terminal: 'Terminal' (0x7e31000e9e80)]  in org.gnome.Terminal (gtk 3.24.52) (1, 0, 0)
10:08:14.226705 - EVENT MANAGER: Dequeued object:state-changed:focused for [terminal: 'Terminal' (0x7e31000d4e80)]  in org.gnome.Terminal (gtk 3.24.52) (1, 0, 0) priority: 3, counter: 22

vvvvv START PRIORITY-3 OBJECT EVENT OBJECT:STATE-CHANGED:FOCUSED (queue size: 32) vvvvv
10:08:14.228140 - EVENT SOURCE:
                  app='org.gnome.Terminal (gtk 3.24.52)' name='Terminal' role='terminal' axid='' id=0x7e31000d5d80
                  description=''
                  help=''
                  locale='C.UTF-8'
                  states='enabled, focusable, focused, sensitive, showing, visible'
                  relations=''
                  actions='menu'
                  interfaces='Action, Collection, Component, Text'
                  attributes='toolkit:gtk'
                  text='Download progress \n███████████████▒▒▒▒▒▒▒▒▒▒▒▒▒▒▒▒▒▒▒▒▒▒▒▒▒▒▒▒▒▒▒▒▒▒▒▒▒▒▒▒▒▒▒▒▒\n25.0% \nAdvance download ... \n \n \n \n \n (992 chars.)'
                  path=[-1, 0, 0, 1, 0, 0, 0, 0]
                  
10:08:14.228180 - SCRIPT MANAGER: Active script is: accessibility_probe (module=orca.scripts.default)
10:08:14.228202 - FOCUS MANAGER: Locus of focus is [frame: 'Reactive TUI App accessibility round 1' (0x7e31017208c0)] 
10:08:14.228234 - EVENT MANAGER: Getting script for event for [application: 'org.gnome.Terminal' (0x7e31000c8580)]  [terminal: 'Terminal' (0x7e31000d4f80)] 
10:08:14.228251 - SCRIPT MANAGER: Getting script for [application: 'org.gnome.Terminal' (0x7e31000c8580)]  [terminal: 'Terminal' (0x7e31000d4f80)] 
10:08:14.228278 - SCRIPT MANAGER: Script is custom script org.gnome.Terminal (module=orca.scripts.terminal.script)
10:08:14.228291 - EVENT MANAGER: Script for event is org.gnome.Terminal (module=orca.scripts.terminal.script)
10:08:14.229271 - EVENT MANAGER: Change active script: True (Event source claimed focus.)
10:08:14.229333 - SCRIPT MANAGER: Deactivating accessibility_probe (module=orca.scripts.default) reason: Event source claimed focus.
10:08:14.229361 - SCRIPT MANAGER: Setting active script to org.gnome.Terminal (module=orca.scripts.terminal.script) reason: Event source claimed focus.
10:08:14.229380 - DEFAULT: Activating script for [application: 'org.gnome.Terminal' (0x7e31000c8580)] 
10:08:14.229579 - SPEECH MANAGER: Speech server is <orca.speechdispatcherfactory.SpeechServer object at 0x7e310098d6a0>
10:08:14.229629 - GSETTINGS SCHEMA HANDLE: speech/punctuation-level not set [app:org.gnome.Terminal, profile:default]
10:08:14.229636 - GSETTINGS REGISTRY: speech/punctuation-level using default value = 'most'
10:08:14.229842 - SPEECH MANAGER: Speech server is <orca.speechdispatcherfactory.SpeechServer object at 0x7e310098d6a0>
10:08:14.229895 - GSETTINGS SCHEMA HANDLE: speech/capitalization-style not set [app:org.gnome.Terminal, profile:default]
10:08:14.229906 - GSETTINGS REGISTRY: speech/capitalization-style using default value = 'none'
10:08:14.230110 - SPEECH MANAGER: Speech server is <orca.speechdispatcherfactory.SpeechServer object at 0x7e310098d6a0>
10:08:14.230160 - GSETTINGS SCHEMA HANDLE: speech/synthesizer not set [app:org.gnome.Terminal, profile:default]
10:08:14.230183 - SCRIPT MANAGER: Active script is: org.gnome.Terminal (module=orca.scripts.terminal.script)
10:08:14.230189 - CARET NAVIGATOR: Commands suspended: False: script activation, no prior state
10:08:14.230209 - GSETTINGS SCHEMA HANDLE: keybindings/keyboard-layout not set [app:org.gnome.Terminal, profile:default]
10:08:14.230213 - GSETTINGS REGISTRY: keybindings/keyboard-layout using default value = 'desktop'
10:08:14.230226 - GSETTINGS SCHEMA HANDLE: keybindings/desktop-modifier-keys not set [app:org.gnome.Terminal, profile:default]
10:08:14.230231 - GSETTINGS REGISTRY: keybindings/desktop-modifier-keys using default value = ['Insert', 'KP_Insert']
10:08:14.230263 - SCRIPT MANAGER: Active script is: org.gnome.Terminal (module=orca.scripts.terminal.script)
10:08:14.230267 - STRUCTURAL NAVIGATOR: Suspended: False: script activation, no prior state
10:08:14.230279 - GSETTINGS SCHEMA HANDLE: keybindings/keyboard-layout not set [app:org.gnome.Terminal, profile:default]
10:08:14.230283 - GSETTINGS REGISTRY: keybindings/keyboard-layout using default value = 'desktop'
10:08:14.230294 - GSETTINGS SCHEMA HANDLE: keybindings/desktop-modifier-keys not set [app:org.gnome.Terminal, profile:default]
10:08:14.230298 - GSETTINGS REGISTRY: keybindings/desktop-modifier-keys using default value = ['Insert', 'KP_Insert']
10:08:14.230333 - STRUCTURAL NAVIGATOR: Setting mode for org.gnome.Terminal (module=orca.scripts.terminal.script) to NavigationMode.OFF
10:08:14.230351 - SCRIPT MANAGER: Active script is: org.gnome.Terminal (module=orca.scripts.terminal.script)
10:08:14.230365 - GSETTINGS SCHEMA HANDLE: keybindings/keyboard-layout not set [app:org.gnome.Terminal, profile:default]
10:08:14.230369 - GSETTINGS REGISTRY: keybindings/keyboard-layout using default value = 'desktop'
10:08:14.230380 - GSETTINGS SCHEMA HANDLE: keybindings/desktop-modifier-keys not set [app:org.gnome.Terminal, profile:default]
10:08:14.230383 - GSETTINGS REGISTRY: keybindings/desktop-modifier-keys using default value = ['Insert', 'KP_Insert']
10:08:14.230414 - CARET NAVIGATOR: Setting enabled state for org.gnome.Terminal (module=orca.scripts.terminal.script) to False
10:08:14.230426 - SCRIPT MANAGER: Active script is: org.gnome.Terminal (module=orca.scripts.terminal.script)
10:08:14.230438 - GSETTINGS SCHEMA HANDLE: keybindings/keyboard-layout not set [app:org.gnome.Terminal, profile:default]
10:08:14.230442 - GSETTINGS REGISTRY: keybindings/keyboard-layout using default value = 'desktop'
10:08:14.230452 - GSETTINGS SCHEMA HANDLE: keybindings/desktop-modifier-keys not set [app:org.gnome.Terminal, profile:default]
10:08:14.230456 - GSETTINGS REGISTRY: keybindings/desktop-modifier-keys using default value = ['Insert', 'KP_Insert']
10:08:14.230466 - COMMAND MANAGER: Activating commands: activated org.gnome.Terminal (module=orca.scripts.terminal.script)
10:08:14.230534 - GSETTINGS SCHEMA HANDLE: keybindings/entries no dict values set
10:08:14.230539 - GSETTINGS REGISTRY: keybindings/entries using default value = {}
10:08:14.230542 - COMMAND MANAGER: No user overrides to apply
10:08:14.230587 - GSETTINGS SCHEMA HANDLE: keybindings/keyboard-layout not set [app:org.gnome.Terminal, profile:default]
10:08:14.230591 - GSETTINGS REGISTRY: keybindings/keyboard-layout using default value = 'desktop'
10:08:14.230601 - GSETTINGS SCHEMA HANDLE: keybindings/desktop-modifier-keys not set [app:org.gnome.Terminal, profile:default]
10:08:14.230605 - GSETTINGS REGISTRY: keybindings/desktop-modifier-keys using default value = ['Insert', 'KP_Insert']

vvvvv COMMAND MANAGER: Grab diff: activated org.gnome.Terminal (module=orca.scripts.terminal.script) (old: 77, new: 77) vvvvv
10:08:14.230622 -   No grab changes
^^^^^ COMMAND MANAGER: Diff completed in 0.0000s. Removed 0, added 0, transferred 0 ^^^^^

10:08:14.230644 - GSETTINGS SCHEMA HANDLE: speech/enable not set [app:org.gnome.Terminal, profile:default]
10:08:14.230648 - GSETTINGS REGISTRY: speech/enable using default value = True
10:08:14.230652 - SPEECH MANAGER: Speech is enabled.
10:08:14.230681 - SPEECH MANAGER: start_speech. Script: None Event: None notify_user: False
10:08:14.230685 - SPEECH MANAGER: Initializing server
10:08:14.230689 - SPEECH MANAGER: Already initialized
10:08:14.230703 - GSETTINGS SCHEMA HANDLE: keybindings/keyboard-layout not set [app:org.gnome.Terminal, profile:default]
10:08:14.230707 - GSETTINGS REGISTRY: keybindings/keyboard-layout using default value = 'desktop'
10:08:14.230711 - COMMAND MANAGER: Setting keyboard layout is_desktop to True.
10:08:14.230762 - GSETTINGS SCHEMA HANDLE: keybindings/entries no dict values set
10:08:14.230766 - GSETTINGS REGISTRY: keybindings/entries using default value = {}
10:08:14.230769 - COMMAND MANAGER: No user overrides to apply
10:08:14.230810 - GSETTINGS SCHEMA HANDLE: keybindings/keyboard-layout not set [app:org.gnome.Terminal, profile:default]
10:08:14.230813 - GSETTINGS REGISTRY: keybindings/keyboard-layout using default value = 'desktop'
10:08:14.230824 - GSETTINGS SCHEMA HANDLE: keybindings/desktop-modifier-keys not set [app:org.gnome.Terminal, profile:default]
10:08:14.230827 - GSETTINGS REGISTRY: keybindings/desktop-modifier-keys using default value = ['Insert', 'KP_Insert']

vvvvv COMMAND MANAGER: Grab diff: keyboard layout change (old: 77, new: 77) vvvvv
10:08:14.230840 -   No grab changes
^^^^^ COMMAND MANAGER: Diff completed in 0.0000s. Removed 0, added 0, transferred 0 ^^^^^

10:08:14.230847 - COMMAND MANAGER: Keyboard layout set to desktop.
10:08:14.230863 - GSETTINGS SCHEMA HANDLE: keybindings/keyboard-layout not set [app:org.gnome.Terminal, profile:default]
10:08:14.230867 - GSETTINGS REGISTRY: keybindings/keyboard-layout using default value = 'desktop'
10:08:14.230876 - GSETTINGS SCHEMA HANDLE: keybindings/desktop-modifier-keys not set [app:org.gnome.Terminal, profile:default]
10:08:14.230879 - GSETTINGS REGISTRY: keybindings/desktop-modifier-keys using default value = ['Insert', 'KP_Insert']
10:08:14.230888 - EVENT MANAGER: Processing object:state-changed:focused: script for event is active
10:08:14.231176 - SCRIPT UTILITIES: [frame: 'Terminal' (0x7e31000ef480)]  is top-level object for: [terminal: 'Terminal' (0x7e30eaf83c80)] 
10:08:14.231349 - SCRIPT UTILITIES: [terminal: 'Terminal' (0x7e30eaf83c80)]  is in frame [frame: 'Terminal' (0x7e31000ef480)]  and dialog None
10:08:14.231373 - AXObject: Clearing AT-SPI cache on [frame: 'Terminal' (0x7e31000ef480)]  Recursive: False.  Reason: Checking if window can be the active window
10:08:14.232246 - AXUtilities: [frame: 'Terminal' (0x7e31000ef480)]  from [application: 'org.gnome.Terminal' (0x7e31000c8580)]  can be active window
10:08:14.232281 - FOCUS MANAGER: Request to set locus of focus to [terminal: 'Terminal' (0x7e30eaf83c80)]  event_manager._dequeue_object_event:666 > event_manager._process_object_event:982 > default._on_focused_changed:1114 > focus_manager.set_locus_of_focus:271
10:08:14.232615 - AXObject: Clearing AT-SPI cache on [terminal: 'Terminal' (0x7e30eaf83c80)]  Recursive: False.  Reason: Setting locus of focus.
10:08:14.232637 - SCRIPT MANAGER: Active script is: org.gnome.Terminal (module=orca.scripts.terminal.script)
10:08:14.232793 - FOCUS MANAGER: Changing locus of focus from [frame: 'Reactive TUI App accessibility round 1' (0x7e31017208c0)]  to [terminal: 'Terminal' (0x7e30eaf83c80)] . Notify: True
10:08:14.232869 - FOCUS MANAGER: Region of interest: [terminal: 'Terminal' (0x7e30eaf83c80)]  (0, 0)
10:08:14.232936 - FOCUS MANAGER: Switching object of interest from [frame: 'Reactive TUI App accessibility round 1' (0x7e31017208c0)]  to [terminal: 'Terminal' (0x7e30eaf83c80)] 
10:08:14.233252 - DOCUMENT PRESENTER: Updating mode for focus change. Old focus: [frame: 'Reactive TUI App accessibility round 1' (0x7e31017208c0)]  old doc: None New focus: [terminal: 'Terminal' (0x7e30eaf83c80)]  new doc: None
10:08:14.233275 - SCRIPT MANAGER: Active script is: org.gnome.Terminal (module=orca.scripts.terminal.script)
10:08:14.233280 - CARET NAVIGATOR: Commands suspended: False: locus of focus no longer in document
10:08:14.233308 - GSETTINGS SCHEMA HANDLE: keybindings/keyboard-layout not set [app:org.gnome.Terminal, profile:default]
10:08:14.233313 - GSETTINGS REGISTRY: keybindings/keyboard-layout using default value = 'desktop'
10:08:14.233326 - GSETTINGS SCHEMA HANDLE: keybindings/desktop-modifier-keys not set [app:org.gnome.Terminal, profile:default]
10:08:14.233331 - GSETTINGS REGISTRY: keybindings/desktop-modifier-keys using default value = ['Insert', 'KP_Insert']
10:08:14.233360 - SCRIPT MANAGER: Active script is: org.gnome.Terminal (module=orca.scripts.terminal.script)
10:08:14.233364 - STRUCTURAL NAVIGATOR: Suspended: False: locus of focus no longer in document
10:08:14.233376 - GSETTINGS SCHEMA HANDLE: keybindings/keyboard-layout not set [app:org.gnome.Terminal, profile:default]
10:08:14.233380 - GSETTINGS REGISTRY: keybindings/keyboard-layout using default value = 'desktop'
10:08:14.233390 - GSETTINGS SCHEMA HANDLE: keybindings/desktop-modifier-keys not set [app:org.gnome.Terminal, profile:default]
10:08:14.233394 - GSETTINGS REGISTRY: keybindings/desktop-modifier-keys using default value = ['Insert', 'KP_Insert']
10:08:14.233428 - STRUCTURAL NAVIGATOR: Setting mode for org.gnome.Terminal (module=orca.scripts.terminal.script) to NavigationMode.OFF
10:08:14.233442 - SCRIPT MANAGER: Active script is: org.gnome.Terminal (module=orca.scripts.terminal.script)
10:08:14.233455 - GSETTINGS SCHEMA HANDLE: keybindings/keyboard-layout not set [app:org.gnome.Terminal, profile:default]
10:08:14.233463 - GSETTINGS REGISTRY: keybindings/keyboard-layout using default value = 'desktop'
10:08:14.233473 - GSETTINGS SCHEMA HANDLE: keybindings/desktop-modifier-keys not set [app:org.gnome.Terminal, profile:default]
10:08:14.233476 - GSETTINGS REGISTRY: keybindings/desktop-modifier-keys using default value = ['Insert', 'KP_Insert']
10:08:14.233507 - CARET NAVIGATOR: Setting enabled state for org.gnome.Terminal (module=orca.scripts.terminal.script) to False
10:08:14.233520 - SCRIPT MANAGER: Active script is: org.gnome.Terminal (module=orca.scripts.terminal.script)
10:08:14.233532 - GSETTINGS SCHEMA HANDLE: keybindings/keyboard-layout not set [app:org.gnome.Terminal, profile:default]
10:08:14.233536 - GSETTINGS REGISTRY: keybindings/keyboard-layout using default value = 'desktop'
10:08:14.233545 - GSETTINGS SCHEMA HANDLE: keybindings/desktop-modifier-keys not set [app:org.gnome.Terminal, profile:default]
10:08:14.233549 - GSETTINGS REGISTRY: keybindings/desktop-modifier-keys using default value = ['Insert', 'KP_Insert']
10:08:14.233724 - SCRIPT UTILITIES: [frame: 'Terminal' (0x7e31000ef480)]  is top-level object for: [terminal: 'Terminal' (0x7e30eaf83c80)] 
10:08:14.233738 - FOCUS MANAGER: Request to set active window to [frame: 'Terminal' (0x7e31000ef480)] 
10:08:14.233868 - SCRIPT MANAGER: Getting script for [application: 'org.gnome.Terminal' (0x7e31000c8580)]  [terminal: 'Terminal' (0x7e30eaf83c80)] 
10:08:14.233894 - SCRIPT MANAGER: Script is custom script org.gnome.Terminal (module=orca.scripts.terminal.script)
10:08:14.234077 - AXUtilitiesRelation: [frame: 'Reactive TUI App accessibility round 1' (0x7e31017208c0)]  is controlled by [terminal: 'Terminal' (0x7e30eaf83c80)] : False
10:08:14.234106 - AXUtilitiesRelation: [terminal: 'Terminal' (0x7e30eaf83c80)]  is controlled by [frame: 'Reactive TUI App accessibility round 1' (0x7e31017208c0)] : False
10:08:14.234111 - PRESENTATION MANAGER: Interrupting presentation
10:08:14.234141 - SPEECH MANAGER: interrupt_speech. Script: None Event: None notify_user: False
10:08:14.234298 - SPEECH MANAGER: Speech server is <orca.speechdispatcherfactory.SpeechServer object at 0x7e310098d6a0>
10:08:14.234523 - BRAILLE: Kill flash message presentation_manager.interrupt_if_needed_for_focus_change:100 > presentation_manager.interrupt_presentation:88 > braille_presenter.kill_flash:1829 > braille.kill_flash:2182
10:08:14.234935 - BRAILLE: Refresh. Pan: False target: 0
10:08:14.234969 - GSETTINGS SCHEMA HANDLE: braille/enabled not set [app:org.gnome.Terminal, profile:default]
10:08:14.234983 - GSETTINGS REGISTRY: braille/enabled using default value = True
10:08:14.235004 - BRAILLE: Last text object: None (Caret: 0, Line: 0, Cell: 0)
10:08:14.235028 - BRAILLE: Current text object: None (Caret: 0, Line: 0). On same line: False
10:08:14.235049 - BRAILLE: Line 0: 'accessibility_probe application Reactive TUI App accessibility round 1 frame' focusOffset: 32 [[0, 32], [32, 63], [63, 76]]
10:08:14.235054 - BRAILLE: Cursor offset in line string is: 32
10:08:14.235058 - BRAILLE: Current range: (32, 64). Target cell: 0
10:08:14.235064 - BRAILLE LINE:  'accessibility_probe application Reactive TUI App accessibility round 1 frame'
10:08:14.235067 -      VISIBLE:  'Reactive TUI App accessibility r', cursor=1
10:08:14.235080 - BRAILLE: Enabling braille. BrlAPI running: False
10:08:14.235084 - BRAILLE: Need to initialize first.
10:08:14.235099 - BRAILLE: Initializing. Callback: input_event_manager.InputEventManager.process_braille_event
10:08:14.235102 - BRAILLE: BrlAPI connection already in progress.
10:08:14.235144 - FOCUS MANAGER: Active mode: focus-tracking Object of interest: [terminal: 'Terminal' (0x7e30eaf83c80)] 
10:08:14.235162 - GSETTINGS SCHEMA HANDLE: speech/enable not set [app:org.gnome.Terminal, profile:default]
10:08:14.235166 - GSETTINGS REGISTRY: speech/enable using default value = True
10:08:14.235181 - GSETTINGS SCHEMA HANDLE: speech/verbosity-level not set [app:org.gnome.Terminal, profile:default]
10:08:14.235185 - GSETTINGS REGISTRY: speech/verbosity-level using default value = 'verbose'
10:08:14.235202 - FOCUS MANAGER: Locus of focus is [terminal: 'Terminal' (0x7e30eaf83c80)] 
10:08:14.235217 - SCRIPT MANAGER: Active script is: org.gnome.Terminal (module=orca.scripts.terminal.script)
10:08:14.235232 - GSETTINGS SCHEMA HANDLE: speech/only-speak-displayed-text not set [app:org.gnome.Terminal, profile:default]
10:08:14.235236 - GSETTINGS REGISTRY: speech/only-speak-displayed-text using default value = False
10:08:14.235248 - GSETTINGS SCHEMA HANDLE: speech/speak-description not set [app:org.gnome.Terminal, profile:default]
10:08:14.235251 - GSETTINGS REGISTRY: speech/speak-description using default value = True
10:08:14.235262 - GSETTINGS SCHEMA HANDLE: speech/speak-tutorial-messages not set [app:org.gnome.Terminal, profile:default]
10:08:14.235265 - GSETTINGS REGISTRY: speech/speak-tutorial-messages using default value = True
10:08:14.235275 - GSETTINGS SCHEMA HANDLE: speech/speak-position-in-set not set [app:org.gnome.Terminal, profile:default]
10:08:14.235279 - GSETTINGS REGISTRY: speech/speak-position-in-set using default value = False
10:08:14.235288 - GSETTINGS SCHEMA HANDLE: speech/speak-widget-mnemonic not set [app:org.gnome.Terminal, profile:default]
10:08:14.235292 - GSETTINGS REGISTRY: speech/speak-widget-mnemonic using default value = True
10:08:14.235301 - GSETTINGS SCHEMA HANDLE: speech/speak-blank-lines not set [app:org.gnome.Terminal, profile:default]
10:08:14.235305 - GSETTINGS REGISTRY: speech/speak-blank-lines using default value = True
10:08:14.235315 - GSETTINGS SCHEMA HANDLE: speech/speak-indentation-and-justification not set [app:org.gnome.Terminal, profile:default]
10:08:14.235318 - GSETTINGS REGISTRY: speech/speak-indentation-and-justification using default value = False
10:08:14.235328 - GSETTINGS SCHEMA HANDLE: speech/announce-cell-headers not set [app:org.gnome.Terminal, profile:default]
10:08:14.235331 - GSETTINGS REGISTRY: speech/announce-cell-headers using default value = True
10:08:14.235341 - GSETTINGS SCHEMA HANDLE: speech/announce-cell-coordinates not set [app:org.gnome.Terminal, profile:default]
10:08:14.235344 - GSETTINGS REGISTRY: speech/announce-cell-coordinates using default value = True
10:08:14.235354 - GSETTINGS SCHEMA HANDLE: speech/announce-spreadsheet-cell-coordinates not set [app:org.gnome.Terminal, profile:default]
10:08:14.235357 - GSETTINGS REGISTRY: speech/announce-spreadsheet-cell-coordinates using default value = True
10:08:14.235367 - GSETTINGS SCHEMA HANDLE: speech/announce-blockquote not set [app:org.gnome.Terminal, profile:default]
10:08:14.235370 - GSETTINGS REGISTRY: speech/announce-blockquote using default value = True
10:08:14.235380 - GSETTINGS SCHEMA HANDLE: speech/announce-form not set [app:org.gnome.Terminal, profile:default]
10:08:14.235383 - GSETTINGS REGISTRY: speech/announce-form using default value = True
10:08:14.235392 - GSETTINGS SCHEMA HANDLE: speech/announce-landmark not set [app:org.gnome.Terminal, profile:default]
10:08:14.235395 - GSETTINGS REGISTRY: speech/announce-landmark using default value = True
10:08:14.235404 - GSETTINGS SCHEMA HANDLE: speech/announce-list not set [app:org.gnome.Terminal, profile:default]
10:08:14.235407 - GSETTINGS REGISTRY: speech/announce-list using default value = True
10:08:14.235418 - GSETTINGS SCHEMA HANDLE: speech/announce-grouping not set [app:org.gnome.Terminal, profile:default]
10:08:14.235421 - GSETTINGS REGISTRY: speech/announce-grouping using default value = True
10:08:14.235430 - GSETTINGS SCHEMA HANDLE: speech/announce-table not set [app:org.gnome.Terminal, profile:default]
10:08:14.235433 - GSETTINGS REGISTRY: speech/announce-table using default value = True
10:08:14.235509 - GENERATOR: _get_functional_role: terminal
10:08:14.235577 - SPEECH GENERATOR: speech_generator.SpeechGenerator._generate_terminal for [terminal: 'Terminal' (0x7e30eaf83c80)]  args: {'formatType': 'unfocused', 'priorObj': "[frame: 'Reactive TUI App accessibility round 1' (0x7e31017208c0)] ", 'role': 'terminal'}
10:08:14.235609 - SPEECH GENERATOR: _generate_old_ancestors: []
10:08:14.235660 - AXUtilitiesObject: Looking for common ancestor of [frame: 'Reactive TUI App accessibility round 1' (0x7e31017208c0)]  and [terminal: 'Terminal' (0x7e30eaf83c80)] 
10:08:14.235837 - AXUtilitiesObject: Common ancestor of [frame: 'Reactive TUI App accessibility round 1' (0x7e31017208c0)]  and [terminal: 'Terminal' (0x7e30eaf83c80)]  is None
10:08:14.235945 - GENERATOR: _get_functional_role: filler
10:08:14.235973 - AXUtilities: [filler (0x7e30eaf8e540)]  believed to be layout only: True, has layout-only role
10:08:14.236058 - GENERATOR: _get_functional_role: panel
10:08:14.236123 - AXUtilitiesRelation: [panel (0x7e30eaf8e800)]  is labelled by: []
10:08:14.236147 - AXUtilitiesRelation: [panel (0x7e30eaf8e800)]  is described by: []
10:08:14.236165 - AXUtilities: [panel (0x7e30eaf8e800)]  believed to be layout only: True, lacks name, description, and relations
10:08:14.236367 - GENERATOR: _get_functional_role: page-tab
10:08:14.236490 - GENERATOR: _get_functional_role: page-tab-list
10:08:14.236593 - GENERATOR: _get_functional_role: filler
10:08:14.236617 - AXUtilities: [filler (0x7e30eaf8ecc0)]  believed to be layout only: True, has layout-only role
10:08:14.236712 - GENERATOR: _get_functional_role: frame
10:08:14.236953 - GENERATOR: _get_functional_role: application
10:08:14.237193 - SPEECH GENERATOR: speech_generator.SpeechGenerator._generate_page_tab for [page tab (0x7e310099eec0)]  args: {'ancestorOf': "[terminal: 'Terminal' (0x7e30eaf83c80)] ",
                   'count': '1',
                   'formatType': 'ancestor',
                   'leaving': 'None',
                   'priorObj': "[frame: 'Reactive TUI App accessibility round 1' (0x7e31017208c0)] ",
                   'role': 'page-tab'}
10:08:14.237304 - AXUtilitiesRelation: [page tab (0x7e310099eec0)]  is labelled by: []
10:08:14.237325 - GENERATOR: _generate_accessible_label: []
10:08:14.237340 - SPEECH GENERATOR: _generate_accessible_label: []
10:08:14.237372 - GENERATOR: _generate_accessible_name: []
10:08:14.237386 - SPEECH GENERATOR: _generate_accessible_name: []
10:08:14.237401 - GENERATOR: _generate_accessible_label_and_name: []
10:08:14.237413 - SPEECH GENERATOR: _generate_accessible_label_and_name: []
10:08:14.237777 - GSETTINGS SCHEMA HANDLE: voice/established not set [app:org.gnome.Terminal, profile:default]
10:08:14.237798 - GSETTINGS SCHEMA HANDLE: voice/rate not set [app:org.gnome.Terminal, profile:default]
10:08:14.237812 - GSETTINGS SCHEMA HANDLE: voice/pitch not set [app:org.gnome.Terminal, profile:default]
10:08:14.237823 - GSETTINGS SCHEMA HANDLE: voice/volume not set [app:org.gnome.Terminal, profile:default]
10:08:14.237837 - GSETTINGS SCHEMA HANDLE: voice/family-name not set [app:org.gnome.Terminal, profile:default]
10:08:14.237847 - GSETTINGS SCHEMA HANDLE: voice/family-lang not set [app:org.gnome.Terminal, profile:default]
10:08:14.237858 - GSETTINGS SCHEMA HANDLE: voice/family-dialect not set [app:org.gnome.Terminal, profile:default]
10:08:14.237868 - GSETTINGS SCHEMA HANDLE: voice/family-gender not set [app:org.gnome.Terminal, profile:default]
10:08:14.237878 - GSETTINGS SCHEMA HANDLE: voice/family-variant not set [app:org.gnome.Terminal, profile:default]
10:08:14.237907 - SPEECH GENERATOR: system voice requested for [page tab (0x7e310099eec0)]  language='', dialect='' Unmodified voice={'established': False}
10:08:14.237953 - SPEECH GENERATOR: Reported locale of [page tab (0x7e310099eec0)]  is C
10:08:14.237969 - SPEECH GENERATOR: Updated to: 'C', ''
10:08:14.238011 - GSETTINGS SCHEMA HANDLE: voice/established not set [app:org.gnome.Terminal, profile:default]
10:08:14.238027 - GSETTINGS SCHEMA HANDLE: voice/rate not set [app:org.gnome.Terminal, profile:default]
10:08:14.238038 - GSETTINGS SCHEMA HANDLE: voice/pitch not set [app:org.gnome.Terminal, profile:default]
10:08:14.238048 - GSETTINGS SCHEMA HANDLE: voice/volume not set [app:org.gnome.Terminal, profile:default]
10:08:14.238059 - GSETTINGS SCHEMA HANDLE: voice/family-name not set [app:org.gnome.Terminal, profile:default]
10:08:14.238069 - GSETTINGS SCHEMA HANDLE: voice/family-lang not set [app:org.gnome.Terminal, profile:default]
10:08:14.238083 - GSETTINGS SCHEMA HANDLE: voice/family-dialect not set [app:org.gnome.Terminal, profile:default]
10:08:14.238092 - GSETTINGS SCHEMA HANDLE: voice/family-gender not set [app:org.gnome.Terminal, profile:default]
10:08:14.238102 - GSETTINGS SCHEMA HANDLE: voice/family-variant not set [app:org.gnome.Terminal, profile:default]
10:08:14.238143 - SPEECH GENERATOR: Final voice is {'established': 'False', 'family': '{}'}
10:08:14.238181 - SPEECH GENERATOR: _generate_accessible_role: [page tab, {'established': 'False', 'family': '{}'}]
10:08:14.238216 - SPEECH GENERATOR: Results: [page tab, {'established': 'False', 'family': '{}'}]
10:08:14.238236 - SPEECH GENERATOR: [page tab list (0x7e3100068c40)]  lacks dedicated generator
10:08:14.238314 - SPEECH GENERATOR: speech_generator.SpeechGenerator._generate_default_presentation for [page tab list (0x7e3100068c40)]  args: {'ancestorOf': "[terminal: 'Terminal' (0x7e30eaf83c80)] ",
                   'count': '1',
                   'formatType': 'ancestor',
                   'leaving': 'None',
                   'priorObj': "[frame: 'Reactive TUI App accessibility round 1' (0x7e31017208c0)] ",
                   'role': 'page-tab-list'}
10:08:14.238334 - SPEECH GENERATOR: _generate_details_for: []
10:08:14.238348 - SPEECH GENERATOR: Results: []
10:08:14.238418 - SPEECH GENERATOR: speech_generator.SpeechGenerator._generate_frame for [frame: 'Terminal' (0x7e31000ef480)]  args: {'ancestorOf': "[terminal: 'Terminal' (0x7e30eaf83c80)] ",
                   'count': '1',
                   'formatType': 'ancestor',
                   'leaving': 'None',
                   'priorObj': "[frame: 'Reactive TUI App accessibility round 1' (0x7e31017208c0)] ",
                   'role': 'frame'}
10:08:14.238458 - AXUtilitiesRelation: [frame: 'Terminal' (0x7e31000ef480)]  is labelled by: []
10:08:14.238472 - GENERATOR: _generate_accessible_label: []
10:08:14.238485 - SPEECH GENERATOR: _generate_accessible_label: []
10:08:14.238506 - GENERATOR: _generate_accessible_name: [Terminal]
10:08:14.238524 - GSETTINGS SCHEMA HANDLE: voice/established not set [app:org.gnome.Terminal, profile:default]
10:08:14.238537 - GSETTINGS SCHEMA HANDLE: voice/rate not set [app:org.gnome.Terminal, profile:default]
10:08:14.238548 - GSETTINGS SCHEMA HANDLE: voice/pitch not set [app:org.gnome.Terminal, profile:default]
10:08:14.238558 - GSETTINGS SCHEMA HANDLE: voice/volume not set [app:org.gnome.Terminal, profile:default]
10:08:14.238569 - GSETTINGS SCHEMA HANDLE: voice/family-name not set [app:org.gnome.Terminal, profile:default]
10:08:14.238579 - GSETTINGS SCHEMA HANDLE: voice/family-lang not set [app:org.gnome.Terminal, profile:default]
10:08:14.238589 - GSETTINGS SCHEMA HANDLE: voice/family-dialect not set [app:org.gnome.Terminal, profile:default]
10:08:14.238599 - GSETTINGS SCHEMA HANDLE: voice/family-gender not set [app:org.gnome.Terminal, profile:default]
10:08:14.238609 - GSETTINGS SCHEMA HANDLE: voice/family-variant not set [app:org.gnome.Terminal, profile:default]
10:08:14.238633 - SPEECH GENERATOR: default voice requested for [frame: 'Terminal' (0x7e31000ef480)]  language='', dialect='' Unmodified voice={'established': False}
10:08:14.238656 - SPEECH GENERATOR: Reported locale of [frame: 'Terminal' (0x7e31000ef480)]  is C
10:08:14.238667 - SPEECH GENERATOR: Updated to: 'C', ''
10:08:14.238686 - GSETTINGS SCHEMA HANDLE: speech/auto-language-switching not set [app:org.gnome.Terminal, profile:default]
10:08:14.238690 - GSETTINGS REGISTRY: speech/auto-language-switching using default value = True
10:08:14.238699 - SPEECH DISPATCHER: Returning cached result for language='C' dialect='' variant='None'
10:08:14.238732 - SPEECH GENERATOR: Family updated to {'dialect': '', 'lang': 'C', 'name': ''}
10:08:14.238773 - SPEECH GENERATOR: Final voice is {'established': 'False', 'family': "{'dialect': '', 'lang': 'C', 'name': ''}"}
10:08:14.238819 - SPEECH GENERATOR: _generate_accessible_name: [Terminal, {'established': 'False', 'family': "{'dialect': '', 'lang': 'C', 'name': ''}"}]
10:08:14.238870 - GENERATOR: _generate_accessible_label_and_name: [Terminal, {'established': 'False', 'family': "{'dialect': '', 'lang': 'C', 'name': ''}"}]
10:08:14.238889 - SPEECH PRESENTER: Adjusting 'Terminal' from [frame: 'Terminal' (0x7e31000ef480)]  start_offset: None
10:08:14.238910 - GSETTINGS SCHEMA HANDLE: speech/speak-numbers-as-digits not set [app:org.gnome.Terminal, profile:default]
10:08:14.238913 - GSETTINGS REGISTRY: speech/speak-numbers-as-digits using default value = False
10:08:14.238938 - GSETTINGS SCHEMA HANDLE: speech/repeated-character-limit not set [app:org.gnome.Terminal, profile:default]
10:08:14.238942 - GSETTINGS REGISTRY: speech/repeated-character-limit using default value = 4
10:08:14.239058 - GSETTINGS SCHEMA HANDLE: speech/use-pronunciation-dictionary not set [app:org.gnome.Terminal, profile:default]
10:08:14.239066 - GSETTINGS REGISTRY: speech/use-pronunciation-dictionary using default value = True
10:08:14.239085 - GSETTINGS SCHEMA HANDLE: pronunciations/entries no dict values set
10:08:14.239089 - GSETTINGS REGISTRY: pronunciations/entries using default value = {}
10:08:14.239093 - SPEECH PRESENTER: Adjusted text: 'Terminal'
10:08:14.239148 - SPEECH GENERATOR: _generate_accessible_label_and_name: [Terminal, {'established': 'False', 'family': "{'dialect': '', 'lang': 'C', 'name': ''}"}]
10:08:14.239196 - SPEECH GENERATOR: Results: [Terminal, {'established': 'False', 'family': "{'dialect': '', 'lang': 'C', 'name': ''}"}]
10:08:14.239275 - SPEECH GENERATOR: _generate_new_ancestors: [[Terminal, {'established': 'False', 'family': "{'dialect': '', 'lang': 'C', 'name': ''}"}], [], [page tab, {'established': 'False', 'family': '{}'}]]
10:08:14.239305 - GENERATOR: _generate_text_substring: []
10:08:14.239319 - SPEECH GENERATOR: _generate_text_substring: []
10:08:14.239466 - AXText: [terminal: 'Terminal' (0x7e30eaf83c80)]  reports 1336 characters.
10:08:14.239536 - AXText: [terminal: 'Terminal' (0x7e30eaf83c80)]  reports caret offset of 616.
10:08:14.239668 - AXText: Line at offset 616 in [terminal: 'Terminal' (0x7e30eaf83c80)]  '100.0%                                                      \n' (610-671)
10:08:14.239698 - AXText: Getting attributes for [terminal: 'Terminal' (0x7e30eaf83c80)]  chars: 610-671
10:08:14.239858 - AXText: Attributes for [terminal: 'Terminal' (0x7e30eaf83c80)]  at offset 610: ({'bg-color': '0,0,0', 'fg-color': '65535,65535,65535'}, start_offset=606, end_offset=666)
10:08:14.239958 - AXText: Attributes for [terminal: 'Terminal' (0x7e30eaf83c80)]  at offset 666: ({'bg-color': '0,0,0', 'fg-color': '65535,65535,65535'}, start_offset=606, end_offset=666)
10:08:14.240045 - AXText: Attributes for [terminal: 'Terminal' (0x7e30eaf83c80)]  at offset 667: ({'bg-color': '0,0,0', 'fg-color': '61423,17476,17476'}, start_offset=667, end_offset=688)
10:08:14.240075 - AXText: 3 attribute ranges found.
10:08:14.240125 - AXText: Text of [terminal: 'Terminal' (0x7e30eaf83c80)]  (610-671): '100.0%                                                      \n'
10:08:14.240156 - GSETTINGS SCHEMA HANDLE: voice/established not set [app:org.gnome.Terminal, profile:default]
10:08:14.240173 - GSETTINGS SCHEMA HANDLE: voice/rate not set [app:org.gnome.Terminal, profile:default]
10:08:14.240186 - GSETTINGS SCHEMA HANDLE: voice/pitch not set [app:org.gnome.Terminal, profile:default]
10:08:14.240198 - GSETTINGS SCHEMA HANDLE: voice/volume not set [app:org.gnome.Terminal, profile:default]
10:08:14.240210 - GSETTINGS SCHEMA HANDLE: voice/family-name not set [app:org.gnome.Terminal, profile:default]
10:08:14.240221 - GSETTINGS SCHEMA HANDLE: voice/family-lang not set [app:org.gnome.Terminal, profile:default]
10:08:14.240231 - GSETTINGS SCHEMA HANDLE: voice/family-dialect not set [app:org.gnome.Terminal, profile:default]
10:08:14.240241 - GSETTINGS SCHEMA HANDLE: voice/family-gender not set [app:org.gnome.Terminal, profile:default]
10:08:14.240251 - GSETTINGS SCHEMA HANDLE: voice/family-variant not set [app:org.gnome.Terminal, profile:default]
10:08:14.240278 - SPEECH GENERATOR: None voice requested for [terminal: 'Terminal' (0x7e30eaf83c80)]  language='', dialect='' Unmodified voice={'established': False}
10:08:14.240304 - SPEECH GENERATOR: Reported locale of [terminal: 'Terminal' (0x7e30eaf83c80)]  is C
10:08:14.240317 - SPEECH GENERATOR: Updated to: 'C', ''
10:08:14.240337 - GSETTINGS SCHEMA HANDLE: speech/auto-language-switching not set [app:org.gnome.Terminal, profile:default]
10:08:14.240341 - GSETTINGS REGISTRY: speech/auto-language-switching using default value = True
10:08:14.240350 - SPEECH DISPATCHER: Returning cached result for language='C' dialect='' variant='None'
10:08:14.240386 - SPEECH GENERATOR: Family updated to {'dialect': '', 'lang': 'C', 'name': ''}
10:08:14.240427 - SPEECH GENERATOR: Final voice is {'established': 'False', 'family': "{'dialect': '', 'lang': 'C', 'name': ''}"}
10:08:14.240447 - SPEECH PRESENTER: Adjusting '100.0%                                                      
                  ' from [terminal: 'Terminal' (0x7e30eaf83c80)]  start_offset: 610
10:08:14.240478 - AXHypertext: 0 hyperlinks found in [terminal: 'Terminal' (0x7e30eaf83c80)]  between start: 610 and end: 671
10:08:14.240496 - GSETTINGS SCHEMA HANDLE: speech/speak-numbers-as-digits not set [app:org.gnome.Terminal, profile:default]
10:08:14.240500 - GSETTINGS REGISTRY: speech/speak-numbers-as-digits using default value = False
10:08:14.240520 - GSETTINGS SCHEMA HANDLE: speech/repeated-character-limit not set [app:org.gnome.Terminal, profile:default]
10:08:14.240525 - GSETTINGS REGISTRY: speech/repeated-character-limit using default value = 4
10:08:14.240762 - GSETTINGS SCHEMA HANDLE: speech/use-pronunciation-dictionary not set [app:org.gnome.Terminal, profile:default]
10:08:14.240771 - GSETTINGS REGISTRY: speech/use-pronunciation-dictionary using default value = True
10:08:14.240780 - SPEECH PRESENTER: Adjusted text: '100.0%                                                      
                  '
10:08:14.240836 - SPEECH GENERATOR: _generate_text_line: [100.0%                                                      
                  , {'established': 'False', 'family': "{'dialect': '', 'lang': 'C', 'name': ''}"}]
10:08:14.240950 - SPEECH GENERATOR: Results: [[Terminal, {'established': 'False', 'family': "{'dialect': '', 'lang': 'C', 'name': ''}"}], [], [page tab, {'established': 'False', 'family': '{}'}], 100.0%                                                      
                  , {'established': 'False', 'family': "{'dialect': '', 'lang': 'C', 'name': ''}"}]
10:08:14.241078 - SPEECH: Speak [[Terminal, {'established': 'False', 'family': "{'dialect': '', 'lang': 'C', 'name': ''}"}], [], [page tab, {'established': 'False', 'family': '{}'}], 100.0%                                                      
                  , {'established': 'False', 'family': "{'dialect': '', 'lang': 'C', 'name': ''}"}], acss: None
10:08:14.241095 - SPEECH OUTPUT: 'Terminal' {'established': False, 'family': {'name': '', 'gender': None, 'lang': 'C', 'dialect': '', 'variant': None}}
10:08:14.241100 - SPEECH DISPATCHER: Speaking 'Terminal' as string
10:08:14.241283 - SPEECH DISPATCHER: Speaking '<speak><mark name="0:8"/>Terminal</speak>' 
                  ORCA rate 50.0, pitch 5.0, volume 10.0, language C, punctuation: MOST
                  SD rate 2, pitch 10, volume 100, language c
10:08:14.241338 - SPEECH OUTPUT: 'page tab' {'established': False}
10:08:14.241344 - SPEECH DISPATCHER: Speaking 'page tab' as string
10:08:14.241530 - SPEECH DISPATCHER: Speaking '<speak><mark name="0:4"/>page <mark name="5:8"/>tab</speak>' 
                  ORCA rate 50.0, pitch 5.0, volume 10.0, language C, punctuation: MOST
                  SD rate 2, pitch 10, volume 100, language c
10:08:14.241594 - SPEECH OUTPUT: '100.0%                                                      
                  ' {'established': False, 'family': {'name': '', 'gender': None, 'lang': 'C', 'dialect': '', 'variant': None}}
10:08:14.241611 - SPEECH DISPATCHER: Speaking '100.0%                                                      
                  ' as string
10:08:14.241829 - SPEECH DISPATCHER: Speaking '<speak><mark name="0:6"/>100.0%                                                      
                  </speak>' 
                  ORCA rate 50.0, pitch 5.0, volume 10.0, language C, punctuation: MOST
                  SD rate 2, pitch 10, volume 100, language c
10:08:14.241921 - GSETTINGS SCHEMA HANDLE: braille/enabled not set [app:org.gnome.Terminal, profile:default]
10:08:14.241929 - GSETTINGS REGISTRY: braille/enabled using default value = True
10:08:14.241963 - FOCUS MANAGER: Active mode: focus-tracking Object of interest: [terminal: 'Terminal' (0x7e30eaf83c80)] 
10:08:14.241983 - GSETTINGS SCHEMA HANDLE: braille/enabled not set [app:org.gnome.Terminal, profile:default]
10:08:14.241990 - GSETTINGS REGISTRY: braille/enabled using default value = True
10:08:14.242006 - GSETTINGS SCHEMA HANDLE: braille/verbosity-level not set [app:org.gnome.Terminal, profile:default]
10:08:14.242010 - GSETTINGS REGISTRY: braille/verbosity-level using default value = 'verbose'
10:08:14.242024 - FOCUS MANAGER: Locus of focus is [terminal: 'Terminal' (0x7e30eaf83c80)] 
10:08:14.242039 - SCRIPT MANAGER: Active script is: org.gnome.Terminal (module=orca.scripts.terminal.script)
10:08:14.242054 - GSETTINGS SCHEMA HANDLE: braille/rolename-style not set [app:org.gnome.Terminal, profile:default]
10:08:14.242057 - GSETTINGS REGISTRY: braille/rolename-style using default value = 'verbose'
10:08:14.242068 - GSETTINGS SCHEMA HANDLE: braille/display-ancestors not set [app:org.gnome.Terminal, profile:default]
10:08:14.242072 - GSETTINGS REGISTRY: braille/display-ancestors using default value = True
10:08:14.242082 - GSETTINGS SCHEMA HANDLE: braille/end-of-line-indicator not set [app:org.gnome.Terminal, profile:default]
10:08:14.242086 - GSETTINGS REGISTRY: braille/end-of-line-indicator using default value = True
10:08:14.242095 - GSETTINGS SCHEMA HANDLE: braille/present-mnemonics not set [app:org.gnome.Terminal, profile:default]
10:08:14.242098 - GSETTINGS REGISTRY: braille/present-mnemonics using default value = True
10:08:14.242163 - GENERATOR: _get_functional_role: terminal
10:08:14.242219 - BRAILLE GENERATOR: braille_generator.BrailleGenerator._generate_terminal for [terminal: 'Terminal' (0x7e30eaf83c80)]  args: {'formatType': 'focused', 'priorObj': "[frame: 'Reactive TUI App accessibility round 1' (0x7e31017208c0)] ", 'role': 'terminal'}
10:08:14.242244 - BRAILLE: Creating text region for [terminal: 'Terminal' (0x7e30eaf83c80)]  label:'', offsets: None-None, caret: None
10:08:14.242309 - AXText: [terminal: 'Terminal' (0x7e30eaf83c80)]  reports caret offset of 616.
10:08:14.242357 - AXText: [terminal: 'Terminal' (0x7e30eaf83c80)]  reports 1336 characters.
10:08:14.242427 - AXText: Line at offset 616 in [terminal: 'Terminal' (0x7e30eaf83c80)]  '100.0%                                                      \n' (610-671)
10:08:14.242443 - BRAILLE: Not contracting '100.0%                                                      
                  ' because contracted braille is not enabled.
10:08:14.242467 - BRAILLE GENERATOR: Results: [TEXT: '100.0%                                                      ', cursor offset:6 start offset:0, line offset:610]
10:08:14.242523 - AXText: [terminal: 'Terminal' (0x7e30eaf83c80)]  reports 1336 characters.
10:08:14.242592 - AXText: Text of [terminal: 'Terminal' (0x7e30eaf83c80)]  'Download progress                                           \n███████████████▒▒▒▒▒▒▒▒▒▒▒▒▒▒▒▒▒▒▒▒▒▒▒▒▒▒▒▒▒▒▒▒▒▒▒▒▒▒▒▒▒▒▒▒▒\n25.0%                                                       \nAdvance download                                            \nWaiting for download                                        \n▒▒▒▒▒▒▒▒▒▒▒▒▒▒▒▒▒▒▒▒▒▒███████████████▒▒▒▒▒▒▒▒▒▒▒▒▒▒▒▒▒▒▒▒▒▒▒\nLoading...                                                  \nInvalid value or range                                      \nCompleted download                                          \n████████████████████████████████████████████████████████████\n100.0%                                                      \n                                                            \n                                                            \n                                                            \n                                                            \n                                                            \n'
10:08:14.242613 - SCRIPT MANAGER: Active script is: org.gnome.Terminal (module=orca.scripts.terminal.script)
10:08:14.242633 - AXHypertext: 0 hyperlinks found in [terminal: 'Terminal' (0x7e30eaf83c80)] 
10:08:14.242682 - AXText: [terminal: 'Terminal' (0x7e30eaf83c80)]  reports 0 selection(s).
10:08:14.242699 - BRAILLE: Refresh. Pan: True target: 0
10:08:14.242704 - BRAILLE: Kill flash message braille.display_line:1618 > braille.refresh:2097 > braille._prepare_refresh:1856 > braille.kill_flash:2182
10:08:14.243283 - GSETTINGS SCHEMA HANDLE: braille/enabled not set [app:org.gnome.Terminal, profile:default]
10:08:14.243306 - GSETTINGS REGISTRY: braille/enabled using default value = True
10:08:14.243346 - BRAILLE: Last text object: None (Caret: 0, Line: 0, Cell: 0)
10:08:14.243406 - BRAILLE: Current text object: [terminal: 'Terminal' (0x7e30eaf83c80)]  (Caret: 616, Line: 610). On same line: False
10:08:14.243424 - BRAILLE: Line 0: '100.0%                                                      ' focusOffset: 0 [[0, 32], [32, 60]]
10:08:14.243436 - BRAILLE: Cursor offset in line string is: 6
10:08:14.243450 - BRAILLE: Adjusting offset to 0 (unhandled condition)
10:08:14.243461 - BRAILLE: Current range: (0, 32). Target cell: 0
10:08:14.243474 - BRAILLE LINE:  '100.0%                                                      '
10:08:14.243484 -      VISIBLE:  '100.0%                          ', cursor=7
10:08:14.243513 - BRAILLE: Enabling braille. BrlAPI running: False
10:08:14.243524 - BRAILLE: Need to initialize first.
10:08:14.243552 - BRAILLE: Initializing. Callback: input_event_manager.InputEventManager.process_braille_event
10:08:14.243562 - BRAILLE: BrlAPI connection already in progress.
10:08:14.244059 - AXTable: Setting last cell coordinates to row=-1, column=-1
10:08:14.244157 - AXText: [terminal: 'Terminal' (0x7e30eaf83c80)]  reports caret offset of 616.
10:08:14.244180 - FOCUS MANAGER: Setting last cursor position to [terminal: 'Terminal' (0x7e30eaf83c80)]  616
10:08:14.244225 - AXText: [terminal: 'Terminal' (0x7e30eaf83c80)]  reports 0 selection(s).
10:08:14.244290 - FOCUS MANAGER: Active window is [frame: 'Terminal' (0x7e31000ef480)]  focus_manager.set_locus_of_focus:327 > focus_manager._save_object_details:254 > ax_utilities_event.save_object_info_for_events:195 > focus_manager.get_active_window:342
TOTAL PROCESSING TIME: 0.0180
^^^^^ FINISHED PRIORITY-3 OBJECT EVENT OBJECT:STATE-CHANGED:FOCUSED ^^^^^

10:08:14.244699 - WARNING: Braille initialization failed: BrlAPI connection unavailable.
10:08:14.244714 - BRAILLE: Scheduling BrlAPI retry in 2000 ms.
10:08:14.244789 - EVENT MANAGER: Dequeueing object:active-descendant-changed for [application: 'accessibility_probe' (0x7e31000ea340)]  in accessibility_probe (AccessKit) (0, 0, [frame: 'Reactive TUI App accessibility round 1' (0x7e31017208c0)])
10:08:14.244824 - EVENT MANAGER: Dequeued object:active-descendant-changed for [application: 'accessibility_probe' (0x7e31000ea340)]  in accessibility_probe (AccessKit) (0, 0, [frame: 'Reactive TUI App accessibility round 1' (0x7e31017208c0)]) priority: 3, counter: 34

vvvvv START PRIORITY-3 OBJECT EVENT OBJECT:ACTIVE-DESCENDANT-CHANGED (queue size: 31) vvvvv
10:08:14.247265 - EVENT SOURCE:
                  app='accessibility_probe (AccessKit )' name='accessibility_probe' role='application' axid='' id=0x7e31000ea340
                  description=''
                  help=''
                  locale=''
                  states=''
                  relations=''
                  actions=''
                  interfaces=''
                  attributes=''
                  text=''
                  path=[-1]
                  
                  EVENT ANY DATA:
                  name='Reactive TUI App accessibility round 1' role='frame' axid='' id=0x7e31017208c0
                  description=''
                  help=''
                  locale=''
                  states='active, enabled, sensitive, showing, visible'
                  relations=''
                  actions=''
                  interfaces='Component'
                  attributes=''
                  text=''
                  path=[-1, 0]
                  
10:08:14.247303 - SCRIPT MANAGER: Active script is: org.gnome.Terminal (module=orca.scripts.terminal.script)
10:08:14.247331 - FOCUS MANAGER: Locus of focus is [terminal: 'Terminal' (0x7e30eaf83c80)] 
10:08:14.247361 - EVENT MANAGER: Getting script for event for [application: 'accessibility_probe' (0x7e31000ea340)]  [application: 'accessibility_probe' (0x7e31000ea340)] 
10:08:14.247379 - SCRIPT MANAGER: Getting script for [application: 'accessibility_probe' (0x7e31000ea340)]  [application: 'accessibility_probe' (0x7e31000ea340)] 
10:08:14.247581 - SCRIPT MANAGER: Script is app script accessibility_probe (module=orca.scripts.default)
10:08:14.247603 - EVENT MANAGER: Script for event is accessibility_probe (module=orca.scripts.default)
10:08:14.248048 - EVENT MANAGER: Change active script: False (No reason found to activate a different script.)
10:08:14.248060 - EVENT MANAGER: Processing object:active-descendant-changed: script handles events when inactive
10:08:14.248087 - AXUtilitiesEvent: Neither source nor child have focused state.
TOTAL PROCESSING TIME: 0.0033
^^^^^ FINISHED PRIORITY-3 OBJECT EVENT OBJECT:ACTIVE-DESCENDANT-CHANGED ^^^^^

10:08:14.248153 - EVENT MANAGER: Dequeueing object:state-changed:focused for [button: 'Advance download' (0x7e30eaf8fe00)]  in accessibility_probe (AccessKit) (1, 0, 0)
10:08:14.248190 - EVENT MANAGER: Dequeued object:state-changed:focused for [button: 'Advance download' (0x7e30eaf8fe40)]  in accessibility_probe (AccessKit) (1, 0, 0) priority: 3, counter: 35

vvvvv START PRIORITY-3 OBJECT EVENT OBJECT:STATE-CHANGED:FOCUSED (queue size: 30) vvvvv
10:08:14.251286 - EVENT SOURCE:
                  app='accessibility_probe (AccessKit )' name='Advance download' role='button' axid='' id=0x7e31009b5000
                  description=''
                  help=''
                  locale=''
                  states='enabled, focusable, focused, sensitive, showing, visible'
                  relations=''
                  actions='click'
                  interfaces='Action, Component'
                  attributes=''
                  text=''
                  path=[-1, 0, 1]
                  
10:08:14.251321 - SCRIPT MANAGER: Active script is: org.gnome.Terminal (module=orca.scripts.terminal.script)
10:08:14.251346 - FOCUS MANAGER: Locus of focus is [terminal: 'Terminal' (0x7e30eaf83c80)] 
10:08:14.251378 - EVENT MANAGER: Getting script for event for [application: 'accessibility_probe' (0x7e31000ea340)]  [button: 'Advance download' (0x7e30eaf8fec0)] 
10:08:14.251396 - SCRIPT MANAGER: Getting script for [application: 'accessibility_probe' (0x7e31000ea340)]  [button: 'Advance download' (0x7e30eaf8fec0)] 
10:08:14.251602 - SCRIPT MANAGER: Script is app script accessibility_probe (module=orca.scripts.default)
10:08:14.251628 - EVENT MANAGER: Script for event is accessibility_probe (module=orca.scripts.default)
10:08:14.252118 - EVENT MANAGER: Change active script: True (Event source claimed focus.)
10:08:14.252150 - SCRIPT MANAGER: Deactivating org.gnome.Terminal (module=orca.scripts.terminal.script) reason: Event source claimed focus.
10:08:14.252175 - SCRIPT MANAGER: Setting active script to accessibility_probe (module=orca.scripts.default) reason: Event source claimed focus.
10:08:14.252190 - DEFAULT: Activating script for [application: 'accessibility_probe' (0x7e31000ea340)] 
10:08:14.252453 - SPEECH MANAGER: Speech server is <orca.speechdispatcherfactory.SpeechServer object at 0x7e310098d6a0>
10:08:14.252485 - GSETTINGS SCHEMA HANDLE: speech/punctuation-level not set [app:accessibility_probe, profile:default]
10:08:14.252491 - GSETTINGS REGISTRY: speech/punctuation-level using default value = 'most'
10:08:14.252860 - SPEECH MANAGER: Speech server is <orca.speechdispatcherfactory.SpeechServer object at 0x7e310098d6a0>
10:08:14.252882 - GSETTINGS SCHEMA HANDLE: speech/capitalization-style not set [app:accessibility_probe, profile:default]
10:08:14.252887 - GSETTINGS REGISTRY: speech/capitalization-style using default value = 'none'
10:08:14.253039 - SPEECH MANAGER: Speech server is <orca.speechdispatcherfactory.SpeechServer object at 0x7e310098d6a0>
10:08:14.253080 - GSETTINGS SCHEMA HANDLE: speech/synthesizer not set [app:accessibility_probe, profile:default]
10:08:14.253100 - SCRIPT MANAGER: Active script is: accessibility_probe (module=orca.scripts.default)
10:08:14.253105 - CARET NAVIGATOR: Commands suspended: False: script activation, no prior state
10:08:14.253121 - GSETTINGS SCHEMA HANDLE: keybindings/keyboard-layout not set [app:accessibility_probe, profile:default]
10:08:14.253125 - GSETTINGS REGISTRY: keybindings/keyboard-layout using default value = 'desktop'
10:08:14.253136 - GSETTINGS SCHEMA HANDLE: keybindings/desktop-modifier-keys not set [app:accessibility_probe, profile:default]
10:08:14.253141 - GSETTINGS REGISTRY: keybindings/desktop-modifier-keys using default value = ['Insert', 'KP_Insert']
10:08:14.253169 - SCRIPT MANAGER: Active script is: accessibility_probe (module=orca.scripts.default)
10:08:14.253174 - STRUCTURAL NAVIGATOR: Suspended: False: script activation, no prior state
10:08:14.253185 - GSETTINGS SCHEMA HANDLE: keybindings/keyboard-layout not set [app:accessibility_probe, profile:default]
10:08:14.253189 - GSETTINGS REGISTRY: keybindings/keyboard-layout using default value = 'desktop'
10:08:14.253199 - GSETTINGS SCHEMA HANDLE: keybindings/desktop-modifier-keys not set [app:accessibility_probe, profile:default]
10:08:14.253203 - GSETTINGS REGISTRY: keybindings/desktop-modifier-keys using default value = ['Insert', 'KP_Insert']
10:08:14.253236 - STRUCTURAL NAVIGATOR: Setting mode for accessibility_probe (module=orca.scripts.default) to NavigationMode.OFF
10:08:14.253249 - SCRIPT MANAGER: Active script is: accessibility_probe (module=orca.scripts.default)
10:08:14.253263 - GSETTINGS SCHEMA HANDLE: keybindings/keyboard-layout not set [app:accessibility_probe, profile:default]
10:08:14.253267 - GSETTINGS REGISTRY: keybindings/keyboard-layout using default value = 'desktop'
10:08:14.253276 - GSETTINGS SCHEMA HANDLE: keybindings/desktop-modifier-keys not set [app:accessibility_probe, profile:default]
10:08:14.253280 - GSETTINGS REGISTRY: keybindings/desktop-modifier-keys using default value = ['Insert', 'KP_Insert']
10:08:14.253310 - CARET NAVIGATOR: Setting enabled state for accessibility_probe (module=orca.scripts.default) to False
10:08:14.253323 - SCRIPT MANAGER: Active script is: accessibility_probe (module=orca.scripts.default)
10:08:14.253334 - GSETTINGS SCHEMA HANDLE: keybindings/keyboard-layout not set [app:accessibility_probe, profile:default]
10:08:14.253338 - GSETTINGS REGISTRY: keybindings/keyboard-layout using default value = 'desktop'
10:08:14.253347 - GSETTINGS SCHEMA HANDLE: keybindings/desktop-modifier-keys not set [app:accessibility_probe, profile:default]
10:08:14.253351 - GSETTINGS REGISTRY: keybindings/desktop-modifier-keys using default value = ['Insert', 'KP_Insert']
10:08:14.253361 - COMMAND MANAGER: Activating commands: activated accessibility_probe (module=orca.scripts.default)
10:08:14.253427 - GSETTINGS SCHEMA HANDLE: keybindings/entries no dict values set
10:08:14.253432 - GSETTINGS REGISTRY: keybindings/entries using default value = {}
10:08:14.253435 - COMMAND MANAGER: No user overrides to apply
10:08:14.253477 - GSETTINGS SCHEMA HANDLE: keybindings/keyboard-layout not set [app:accessibility_probe, profile:default]
10:08:14.253480 - GSETTINGS REGISTRY: keybindings/keyboard-layout using default value = 'desktop'
10:08:14.253493 - GSETTINGS SCHEMA HANDLE: keybindings/desktop-modifier-keys not set [app:accessibility_probe, profile:default]
10:08:14.253497 - GSETTINGS REGISTRY: keybindings/desktop-modifier-keys using default value = ['Insert', 'KP_Insert']

vvvvv COMMAND MANAGER: Grab diff: activated accessibility_probe (module=orca.scripts.default) (old: 77, new: 77) vvvvv
10:08:14.253514 -   No grab changes
^^^^^ COMMAND MANAGER: Diff completed in 0.0000s. Removed 0, added 0, transferred 0 ^^^^^

10:08:14.253534 - GSETTINGS SCHEMA HANDLE: speech/enable not set [app:accessibility_probe, profile:default]
10:08:14.253538 - GSETTINGS REGISTRY: speech/enable using default value = True
10:08:14.253541 - SPEECH MANAGER: Speech is enabled.
10:08:14.253570 - SPEECH MANAGER: start_speech. Script: None Event: None notify_user: False
10:08:14.253574 - SPEECH MANAGER: Initializing server
10:08:14.253577 - SPEECH MANAGER: Already initialized
10:08:14.253590 - GSETTINGS SCHEMA HANDLE: keybindings/keyboard-layout not set [app:accessibility_probe, profile:default]
10:08:14.253594 - GSETTINGS REGISTRY: keybindings/keyboard-layout using default value = 'desktop'
10:08:14.253598 - COMMAND MANAGER: Setting keyboard layout is_desktop to True.
10:08:14.253651 - GSETTINGS SCHEMA HANDLE: keybindings/entries no dict values set
10:08:14.253655 - GSETTINGS REGISTRY: keybindings/entries using default value = {}
10:08:14.253658 - COMMAND MANAGER: No user overrides to apply
10:08:14.253698 - GSETTINGS SCHEMA HANDLE: keybindings/keyboard-layout not set [app:accessibility_probe, profile:default]
10:08:14.253702 - GSETTINGS REGISTRY: keybindings/keyboard-layout using default value = 'desktop'
10:08:14.253712 - GSETTINGS SCHEMA HANDLE: keybindings/desktop-modifier-keys not set [app:accessibility_probe, profile:default]
10:08:14.253716 - GSETTINGS REGISTRY: keybindings/desktop-modifier-keys using default value = ['Insert', 'KP_Insert']

vvvvv COMMAND MANAGER: Grab diff: keyboard layout change (old: 77, new: 77) vvvvv
10:08:14.253728 -   No grab changes
^^^^^ COMMAND MANAGER: Diff completed in 0.0000s. Removed 0, added 0, transferred 0 ^^^^^

10:08:14.253736 - COMMAND MANAGER: Keyboard layout set to desktop.
10:08:14.253749 - GSETTINGS SCHEMA HANDLE: keybindings/keyboard-layout not set [app:accessibility_probe, profile:default]
10:08:14.253752 - GSETTINGS REGISTRY: keybindings/keyboard-layout using default value = 'desktop'
10:08:14.253762 - GSETTINGS SCHEMA HANDLE: keybindings/desktop-modifier-keys not set [app:accessibility_probe, profile:default]
10:08:14.253766 - GSETTINGS REGISTRY: keybindings/desktop-modifier-keys using default value = ['Insert', 'KP_Insert']
10:08:14.253773 - EVENT MANAGER: Processing object:state-changed:focused: script for event is active
10:08:14.254270 - SCRIPT UTILITIES: [frame: 'Reactive TUI App accessibility round 1' (0x7e31017208c0)]  is top-level object for: [button: 'Advance download' (0x7e30eaf8fe00)] 
10:08:14.254645 - SCRIPT UTILITIES: [button: 'Advance download' (0x7e30eaf8fe00)]  is in frame [frame: 'Reactive TUI App accessibility round 1' (0x7e31017208c0)]  and dialog None
10:08:14.254672 - AXObject: Clearing AT-SPI cache on [frame: 'Reactive TUI App accessibility round 1' (0x7e31017208c0)]  Recursive: False.  Reason: Checking if window can be the active window
10:08:14.255930 - AXUtilities: [frame: 'Reactive TUI App accessibility round 1' (0x7e31017208c0)]  from [application: 'accessibility_probe' (0x7e31000ea340)]  can be active window
10:08:14.256108 - FOCUS MANAGER: Request to set locus of focus to [button: 'Advance download' (0x7e30eaf8fe00)]  event_manager._dequeue_object_event:666 > event_manager._process_object_event:982 > default._on_focused_changed:1114 > focus_manager.set_locus_of_focus:271
10:08:14.256388 - AXObject: Clearing AT-SPI cache on [button: 'Advance download' (0x7e30eaf8fe00)]  Recursive: False.  Reason: Setting locus of focus.
10:08:14.256408 - SCRIPT MANAGER: Active script is: accessibility_probe (module=orca.scripts.default)
10:08:14.257046 - FOCUS MANAGER: Changing locus of focus from [terminal: 'Terminal' (0x7e30eaf83c80)]  to [button: 'Advance download' (0x7e30eaf8fe00)] . Notify: True
10:08:14.257305 - FOCUS MANAGER: Region of interest: [button: 'Advance download' (0x7e30eaf8fe00)]  (0, 0)
10:08:14.257551 - FOCUS MANAGER: Switching object of interest from [terminal: 'Terminal' (0x7e30eaf83c80)]  to [button: 'Advance download' (0x7e30eaf8fe00)] 
10:08:14.258462 - DOCUMENT PRESENTER: Updating mode for focus change. Old focus: [terminal: 'Terminal' (0x7e30eaf83c80)]  old doc: None New focus: [button: 'Advance download' (0x7e30eaf8fe00)]  new doc: None
10:08:14.258482 - SCRIPT MANAGER: Active script is: accessibility_probe (module=orca.scripts.default)
10:08:14.258487 - CARET NAVIGATOR: Commands suspended: False: locus of focus no longer in document
10:08:14.258512 - GSETTINGS SCHEMA HANDLE: keybindings/keyboard-layout not set [app:accessibility_probe, profile:default]
10:08:14.258517 - GSETTINGS REGISTRY: keybindings/keyboard-layout using default value = 'desktop'
10:08:14.258531 - GSETTINGS SCHEMA HANDLE: keybindings/desktop-modifier-keys not set [app:accessibility_probe, profile:default]
10:08:14.258535 - GSETTINGS REGISTRY: keybindings/desktop-modifier-keys using default value = ['Insert', 'KP_Insert']
10:08:14.258562 - SCRIPT MANAGER: Active script is: accessibility_probe (module=orca.scripts.default)
10:08:14.258566 - STRUCTURAL NAVIGATOR: Suspended: False: locus of focus no longer in document
10:08:14.258578 - GSETTINGS SCHEMA HANDLE: keybindings/keyboard-layout not set [app:accessibility_probe, profile:default]
10:08:14.258582 - GSETTINGS REGISTRY: keybindings/keyboard-layout using default value = 'desktop'
10:08:14.258592 - GSETTINGS SCHEMA HANDLE: keybindings/desktop-modifier-keys not set [app:accessibility_probe, profile:default]
10:08:14.258596 - GSETTINGS REGISTRY: keybindings/desktop-modifier-keys using default value = ['Insert', 'KP_Insert']
10:08:14.258628 - STRUCTURAL NAVIGATOR: Setting mode for accessibility_probe (module=orca.scripts.default) to NavigationMode.OFF
10:08:14.258641 - SCRIPT MANAGER: Active script is: accessibility_probe (module=orca.scripts.default)
10:08:14.258655 - GSETTINGS SCHEMA HANDLE: keybindings/keyboard-layout not set [app:accessibility_probe, profile:default]
10:08:14.258658 - GSETTINGS REGISTRY: keybindings/keyboard-layout using default value = 'desktop'
10:08:14.258668 - GSETTINGS SCHEMA HANDLE: keybindings/desktop-modifier-keys not set [app:accessibility_probe, profile:default]
10:08:14.258672 - GSETTINGS REGISTRY: keybindings/desktop-modifier-keys using default value = ['Insert', 'KP_Insert']
10:08:14.258703 - CARET NAVIGATOR: Setting enabled state for accessibility_probe (module=orca.scripts.default) to False
10:08:14.258716 - SCRIPT MANAGER: Active script is: accessibility_probe (module=orca.scripts.default)
10:08:14.258728 - GSETTINGS SCHEMA HANDLE: keybindings/keyboard-layout not set [app:accessibility_probe, profile:default]
10:08:14.258731 - GSETTINGS REGISTRY: keybindings/keyboard-layout using default value = 'desktop'
10:08:14.258741 - GSETTINGS SCHEMA HANDLE: keybindings/desktop-modifier-keys not set [app:accessibility_probe, profile:default]
10:08:14.258744 - GSETTINGS REGISTRY: keybindings/desktop-modifier-keys using default value = ['Insert', 'KP_Insert']
10:08:14.259093 - SCRIPT UTILITIES: [frame: 'Reactive TUI App accessibility round 1' (0x7e31017208c0)]  is top-level object for: [button: 'Advance download' (0x7e30eaf8fe00)] 
10:08:14.259110 - FOCUS MANAGER: Request to set active window to [frame: 'Reactive TUI App accessibility round 1' (0x7e31017208c0)] 
10:08:14.259411 - SCRIPT MANAGER: Getting script for [application: 'accessibility_probe' (0x7e31000ea340)]  [button: 'Advance download' (0x7e30eaf8fe00)] 
10:08:14.259551 - SCRIPT MANAGER: Script is app script accessibility_probe (module=orca.scripts.default)
10:08:14.259892 - AXUtilitiesRelation: [terminal: 'Terminal' (0x7e30eaf83c80)]  is controlled by [button: 'Advance download' (0x7e30eaf8fe00)] : False
10:08:14.259920 - AXUtilitiesRelation: [button: 'Advance download' (0x7e30eaf8fe00)]  is controlled by [terminal: 'Terminal' (0x7e30eaf83c80)] : False
10:08:14.259928 - PRESENTATION MANAGER: Interrupting presentation
10:08:14.259958 - SPEECH MANAGER: interrupt_speech. Script: None Event: None notify_user: False
10:08:14.260285 - SPEECH MANAGER: Speech server is <orca.speechdispatcherfactory.SpeechServer object at 0x7e310098d6a0>
10:08:14.260345 - BRAILLE: Kill flash message presentation_manager.interrupt_if_needed_for_focus_change:100 > presentation_manager.interrupt_presentation:88 > braille_presenter.kill_flash:1829 > braille.kill_flash:2182
10:08:14.260713 - FOCUS MANAGER: Active mode: focus-tracking Object of interest: [button: 'Advance download' (0x7e30eaf8fe00)] 
10:08:14.260738 - GSETTINGS SCHEMA HANDLE: speech/enable not set [app:accessibility_probe, profile:default]
10:08:14.260744 - GSETTINGS REGISTRY: speech/enable using default value = True
10:08:14.260760 - GSETTINGS SCHEMA HANDLE: speech/verbosity-level not set [app:accessibility_probe, profile:default]
10:08:14.260764 - GSETTINGS REGISTRY: speech/verbosity-level using default value = 'verbose'
10:08:14.260777 - FOCUS MANAGER: Locus of focus is [button: 'Advance download' (0x7e30eaf8fe00)] 
10:08:14.260791 - SCRIPT MANAGER: Active script is: accessibility_probe (module=orca.scripts.default)
10:08:14.260806 - GSETTINGS SCHEMA HANDLE: speech/only-speak-displayed-text not set [app:accessibility_probe, profile:default]
10:08:14.260810 - GSETTINGS REGISTRY: speech/only-speak-displayed-text using default value = False
10:08:14.260821 - GSETTINGS SCHEMA HANDLE: speech/speak-description not set [app:accessibility_probe, profile:default]
10:08:14.260824 - GSETTINGS REGISTRY: speech/speak-description using default value = True
10:08:14.260835 - GSETTINGS SCHEMA HANDLE: speech/speak-tutorial-messages not set [app:accessibility_probe, profile:default]
10:08:14.260838 - GSETTINGS REGISTRY: speech/speak-tutorial-messages using default value = True
10:08:14.260848 - GSETTINGS SCHEMA HANDLE: speech/speak-position-in-set not set [app:accessibility_probe, profile:default]
10:08:14.260851 - GSETTINGS REGISTRY: speech/speak-position-in-set using default value = False
10:08:14.260861 - GSETTINGS SCHEMA HANDLE: speech/speak-widget-mnemonic not set [app:accessibility_probe, profile:default]
10:08:14.260864 - GSETTINGS REGISTRY: speech/speak-widget-mnemonic using default value = True
10:08:14.260873 - GSETTINGS SCHEMA HANDLE: speech/speak-blank-lines not set [app:accessibility_probe, profile:default]
10:08:14.260877 - GSETTINGS REGISTRY: speech/speak-blank-lines using default value = True
10:08:14.260886 - GSETTINGS SCHEMA HANDLE: speech/speak-indentation-and-justification not set [app:accessibility_probe, profile:default]
10:08:14.260890 - GSETTINGS REGISTRY: speech/speak-indentation-and-justification using default value = False
10:08:14.260900 - GSETTINGS SCHEMA HANDLE: speech/announce-cell-headers not set [app:accessibility_probe, profile:default]
10:08:14.260903 - GSETTINGS REGISTRY: speech/announce-cell-headers using default value = True
10:08:14.260913 - GSETTINGS SCHEMA HANDLE: speech/announce-cell-coordinates not set [app:accessibility_probe, profile:default]
10:08:14.260916 - GSETTINGS REGISTRY: speech/announce-cell-coordinates using default value = True
10:08:14.260925 - GSETTINGS SCHEMA HANDLE: speech/announce-spreadsheet-cell-coordinates not set [app:accessibility_probe, profile:default]
10:08:14.260929 - GSETTINGS REGISTRY: speech/announce-spreadsheet-cell-coordinates using default value = True
10:08:14.260938 - GSETTINGS SCHEMA HANDLE: speech/announce-blockquote not set [app:accessibility_probe, profile:default]
10:08:14.260941 - GSETTINGS REGISTRY: speech/announce-blockquote using default value = True
10:08:14.260951 - GSETTINGS SCHEMA HANDLE: speech/announce-form not set [app:accessibility_probe, profile:default]
10:08:14.260954 - GSETTINGS REGISTRY: speech/announce-form using default value = True
10:08:14.260964 - GSETTINGS SCHEMA HANDLE: speech/announce-landmark not set [app:accessibility_probe, profile:default]
10:08:14.260969 - GSETTINGS REGISTRY: speech/announce-landmark using default value = True
10:08:14.260988 - GSETTINGS SCHEMA HANDLE: speech/announce-list not set [app:accessibility_probe, profile:default]
10:08:14.260993 - GSETTINGS REGISTRY: speech/announce-list using default value = True
10:08:14.261002 - GSETTINGS SCHEMA HANDLE: speech/announce-grouping not set [app:accessibility_probe, profile:default]
10:08:14.261005 - GSETTINGS REGISTRY: speech/announce-grouping using default value = True
10:08:14.261015 - GSETTINGS SCHEMA HANDLE: speech/announce-table not set [app:accessibility_probe, profile:default]
10:08:14.261018 - GSETTINGS REGISTRY: speech/announce-table using default value = True
10:08:14.262718 - GENERATOR: _get_functional_role: button
10:08:14.262804 - SPEECH GENERATOR: speech_generator.SpeechGenerator._generate_push_button for [button: 'Advance download' (0x7e30eaf8fe00)]  args: {'formatType': 'unfocused', 'priorObj': "[terminal: 'Terminal' (0x7e30eaf83c80)] ", 'role': 'button'}
10:08:14.262841 - SPEECH GENERATOR: _generate_old_ancestors: []
10:08:14.262896 - AXUtilitiesObject: Looking for common ancestor of [terminal: 'Terminal' (0x7e30eaf83c80)]  and [button: 'Advance download' (0x7e30eaf8fe00)] 
10:08:14.263512 - AXUtilitiesObject: Common ancestor of [terminal: 'Terminal' (0x7e30eaf83c80)]  and [button: 'Advance download' (0x7e30eaf8fe00)]  is None
10:08:14.265349 - GENERATOR: _get_functional_role: frame
10:08:14.266867 - GENERATOR: _get_functional_role: application
10:08:14.266973 - SPEECH GENERATOR: speech_generator.SpeechGenerator._generate_frame for [frame: 'Reactive TUI App accessibility round 1' (0x7e31017208c0)]  args: {'ancestorOf': "[button: 'Advance download' (0x7e30eaf8fe00)] ",
                   'count': '1',
                   'formatType': 'ancestor',
                   'leaving': 'None',
                   'priorObj': "[terminal: 'Terminal' (0x7e30eaf83c80)] ",
                   'role': 'frame'}
10:08:14.267030 - AXUtilitiesRelation: [frame: 'Reactive TUI App accessibility round 1' (0x7e31017208c0)]  is labelled by: []
10:08:14.267047 - GENERATOR: _generate_accessible_label: []
10:08:14.267061 - SPEECH GENERATOR: _generate_accessible_label: []
10:08:14.267083 - GENERATOR: _generate_accessible_name: [Reactive TUI App accessibility round 1]
10:08:14.267113 - GSETTINGS SCHEMA HANDLE: voice/established not set [app:accessibility_probe, profile:default]
10:08:14.267127 - GSETTINGS SCHEMA HANDLE: voice/rate not set [app:accessibility_probe, profile:default]
10:08:14.267140 - GSETTINGS SCHEMA HANDLE: voice/pitch not set [app:accessibility_probe, profile:default]
10:08:14.267151 - GSETTINGS SCHEMA HANDLE: voice/volume not set [app:accessibility_probe, profile:default]
10:08:14.267163 - GSETTINGS SCHEMA HANDLE: voice/family-name not set [app:accessibility_probe, profile:default]
10:08:14.267174 - GSETTINGS SCHEMA HANDLE: voice/family-lang not set [app:accessibility_probe, profile:default]
10:08:14.267184 - GSETTINGS SCHEMA HANDLE: voice/family-dialect not set [app:accessibility_probe, profile:default]
10:08:14.267194 - GSETTINGS SCHEMA HANDLE: voice/family-gender not set [app:accessibility_probe, profile:default]
10:08:14.267204 - GSETTINGS SCHEMA HANDLE: voice/family-variant not set [app:accessibility_probe, profile:default]
10:08:14.267231 - SPEECH GENERATOR: default voice requested for [frame: 'Reactive TUI App accessibility round 1' (0x7e31017208c0)]  language='', dialect='' Unmodified voice={'established': False}
10:08:14.267254 - SPEECH GENERATOR: Reported locale of [frame: 'Reactive TUI App accessibility round 1' (0x7e31017208c0)]  is 
10:08:14.267266 - SPEECH GENERATOR: Updated to: 'C', ''
10:08:14.267286 - GSETTINGS SCHEMA HANDLE: speech/auto-language-switching not set [app:accessibility_probe, profile:default]
10:08:14.267290 - GSETTINGS REGISTRY: speech/auto-language-switching using default value = True
10:08:14.267298 - SPEECH DISPATCHER: Returning cached result for language='C' dialect='' variant='None'
10:08:14.267336 - SPEECH GENERATOR: Family updated to {'dialect': '', 'lang': 'C', 'name': ''}
10:08:14.267381 - SPEECH GENERATOR: Final voice is {'established': 'False', 'family': "{'dialect': '', 'lang': 'C', 'name': ''}"}
10:08:14.267427 - SPEECH GENERATOR: _generate_accessible_name: [Reactive TUI App accessibility round 1, {'established': 'False', 'family': "{'dialect': '', 'lang': 'C', 'name': ''}"}]
10:08:14.267478 - GENERATOR: _generate_accessible_label_and_name: [Reactive TUI App accessibility round 1, {'established': 'False', 'family': "{'dialect': '', 'lang': 'C', 'name': ''}"}]
10:08:14.267497 - SPEECH PRESENTER: Adjusting 'Reactive TUI App accessibility round 1' from [frame: 'Reactive TUI App accessibility round 1' (0x7e31017208c0)]  start_offset: None
10:08:14.267726 - GSETTINGS SCHEMA HANDLE: speech/speak-numbers-as-digits not set [app:accessibility_probe, profile:default]
10:08:14.267742 - GSETTINGS REGISTRY: speech/speak-numbers-as-digits using default value = False
10:08:14.267772 - GSETTINGS SCHEMA HANDLE: speech/repeated-character-limit not set [app:accessibility_probe, profile:default]
10:08:14.267777 - GSETTINGS REGISTRY: speech/repeated-character-limit using default value = 4
10:08:14.268477 - GSETTINGS SCHEMA HANDLE: speech/use-pronunciation-dictionary not set [app:accessibility_probe, profile:default]
10:08:14.268496 - GSETTINGS REGISTRY: speech/use-pronunciation-dictionary using default value = True
10:08:14.268520 - GSETTINGS SCHEMA HANDLE: pronunciations/entries no dict values set
10:08:14.268525 - GSETTINGS REGISTRY: pronunciations/entries using default value = {}
10:08:14.268533 - SPEECH PRESENTER: Adjusted text: 'Reactive TUI App accessibility round 1'
10:08:14.268595 - SPEECH GENERATOR: _generate_accessible_label_and_name: [Reactive TUI App accessibility round 1, {'established': 'False', 'family': "{'dialect': '', 'lang': 'C', 'name': ''}"}]
10:08:14.268645 - SPEECH GENERATOR: Results: [Reactive TUI App accessibility round 1, {'established': 'False', 'family': "{'dialect': '', 'lang': 'C', 'name': ''}"}]
10:08:14.268697 - SPEECH GENERATOR: _generate_new_ancestors: [[Reactive TUI App accessibility round 1, {'established': 'False', 'family': "{'dialect': '', 'lang': 'C', 'name': ''}"}]]
10:08:14.268734 - AXUtilitiesRelation: [button: 'Advance download' (0x7e30eaf8fe00)]  is labelled by: []
10:08:14.268747 - GENERATOR: _generate_accessible_label: []
10:08:14.268760 - SPEECH GENERATOR: _generate_accessible_label: []
10:08:14.268781 - GENERATOR: _generate_accessible_name: [Advance download]
10:08:14.268800 - GSETTINGS SCHEMA HANDLE: voice/established not set [app:accessibility_probe, profile:default]
10:08:14.268814 - GSETTINGS SCHEMA HANDLE: voice/rate not set [app:accessibility_probe, profile:default]
10:08:14.268825 - GSETTINGS SCHEMA HANDLE: voice/pitch not set [app:accessibility_probe, profile:default]
10:08:14.268835 - GSETTINGS SCHEMA HANDLE: voice/volume not set [app:accessibility_probe, profile:default]
10:08:14.268848 - GSETTINGS SCHEMA HANDLE: voice/family-name not set [app:accessibility_probe, profile:default]
10:08:14.268858 - GSETTINGS SCHEMA HANDLE: voice/family-lang not set [app:accessibility_probe, profile:default]
10:08:14.268868 - GSETTINGS SCHEMA HANDLE: voice/family-dialect not set [app:accessibility_probe, profile:default]
10:08:14.268878 - GSETTINGS SCHEMA HANDLE: voice/family-gender not set [app:accessibility_probe, profile:default]
10:08:14.268888 - GSETTINGS SCHEMA HANDLE: voice/family-variant not set [app:accessibility_probe, profile:default]
10:08:14.268913 - SPEECH GENERATOR: default voice requested for [button: 'Advance download' (0x7e30eaf8fe00)]  language='', dialect='' Unmodified voice={'established': False}
10:08:14.268935 - SPEECH GENERATOR: Reported locale of [button: 'Advance download' (0x7e30eaf8fe00)]  is 
10:08:14.268947 - SPEECH GENERATOR: Updated to: 'C', ''
10:08:14.268966 - GSETTINGS SCHEMA HANDLE: speech/auto-language-switching not set [app:accessibility_probe, profile:default]
10:08:14.268970 - GSETTINGS REGISTRY: speech/auto-language-switching using default value = True
10:08:14.268984 - SPEECH DISPATCHER: Returning cached result for language='C' dialect='' variant='None'
10:08:14.269098 - SPEECH GENERATOR: Family updated to {'dialect': '', 'lang': 'C', 'name': ''}
10:08:14.269157 - SPEECH GENERATOR: Final voice is {'established': 'False', 'family': "{'dialect': '', 'lang': 'C', 'name': ''}"}
10:08:14.269208 - SPEECH GENERATOR: _generate_accessible_name: [Advance download, {'established': 'False', 'family': "{'dialect': '', 'lang': 'C', 'name': ''}"}]
10:08:14.269267 - GENERATOR: _generate_accessible_label_and_name: [Advance download, {'established': 'False', 'family': "{'dialect': '', 'lang': 'C', 'name': ''}"}]
10:08:14.269290 - SPEECH PRESENTER: Adjusting 'Advance download' from [button: 'Advance download' (0x7e30eaf8fe00)]  start_offset: None
10:08:14.269588 - GSETTINGS SCHEMA HANDLE: speech/speak-numbers-as-digits not set [app:accessibility_probe, profile:default]
10:08:14.269605 - GSETTINGS REGISTRY: speech/speak-numbers-as-digits using default value = False
10:08:14.269638 - GSETTINGS SCHEMA HANDLE: speech/repeated-character-limit not set [app:accessibility_probe, profile:default]
10:08:14.269644 - GSETTINGS REGISTRY: speech/repeated-character-limit using default value = 4
10:08:14.270652 - GSETTINGS SCHEMA HANDLE: speech/use-pronunciation-dictionary not set [app:accessibility_probe, profile:default]
10:08:14.270662 - GSETTINGS REGISTRY: speech/use-pronunciation-dictionary using default value = True
10:08:14.270671 - SPEECH PRESENTER: Adjusted text: 'Advance download'
10:08:14.270738 - SPEECH GENERATOR: _generate_accessible_label_and_name: [Advance download, {'established': 'False', 'family': "{'dialect': '', 'lang': 'C', 'name': ''}"}]
10:08:14.270779 - GENERATOR: _generate_state_expanded: []
10:08:14.270793 - SPEECH GENERATOR: _generate_state_expanded: []
10:08:14.272138 - GSETTINGS SCHEMA HANDLE: voice/established not set [app:accessibility_probe, profile:default]
10:08:14.272159 - GSETTINGS SCHEMA HANDLE: voice/rate not set [app:accessibility_probe, profile:default]
10:08:14.272172 - GSETTINGS SCHEMA HANDLE: voice/pitch not set [app:accessibility_probe, profile:default]
10:08:14.272183 - GSETTINGS SCHEMA HANDLE: voice/volume not set [app:accessibility_probe, profile:default]
10:08:14.272196 - GSETTINGS SCHEMA HANDLE: voice/family-name not set [app:accessibility_probe, profile:default]
10:08:14.272207 - GSETTINGS SCHEMA HANDLE: voice/family-lang not set [app:accessibility_probe, profile:default]
10:08:14.272218 - GSETTINGS SCHEMA HANDLE: voice/family-dialect not set [app:accessibility_probe, profile:default]
10:08:14.272228 - GSETTINGS SCHEMA HANDLE: voice/family-gender not set [app:accessibility_probe, profile:default]
10:08:14.272239 - GSETTINGS SCHEMA HANDLE: voice/family-variant not set [app:accessibility_probe, profile:default]
10:08:14.272268 - SPEECH GENERATOR: system voice requested for [button: 'Advance download' (0x7e30eaf8fe00)]  language='', dialect='' Unmodified voice={'established': False}
10:08:14.272292 - SPEECH GENERATOR: Reported locale of [button: 'Advance download' (0x7e30eaf8fe00)]  is 
10:08:14.272303 - SPEECH GENERATOR: Updated to: 'C', ''
10:08:14.272318 - GSETTINGS SCHEMA HANDLE: voice/established not set [app:accessibility_probe, profile:default]
10:08:14.272330 - GSETTINGS SCHEMA HANDLE: voice/rate not set [app:accessibility_probe, profile:default]
10:08:14.272341 - GSETTINGS SCHEMA HANDLE: voice/pitch not set [app:accessibility_probe, profile:default]
10:08:14.272351 - GSETTINGS SCHEMA HANDLE: voice/volume not set [app:accessibility_probe, profile:default]
10:08:14.272362 - GSETTINGS SCHEMA HANDLE: voice/family-name not set [app:accessibility_probe, profile:default]
10:08:14.272373 - GSETTINGS SCHEMA HANDLE: voice/family-lang not set [app:accessibility_probe, profile:default]
10:08:14.272383 - GSETTINGS SCHEMA HANDLE: voice/family-dialect not set [app:accessibility_probe, profile:default]
10:08:14.272393 - GSETTINGS SCHEMA HANDLE: voice/family-gender not set [app:accessibility_probe, profile:default]
10:08:14.272403 - GSETTINGS SCHEMA HANDLE: voice/family-variant not set [app:accessibility_probe, profile:default]
10:08:14.272446 - SPEECH GENERATOR: Final voice is {'established': 'False', 'family': '{}'}
10:08:14.272488 - SPEECH GENERATOR: _generate_accessible_role: [button, {'established': 'False', 'family': '{}'}]
10:08:14.272515 - GENERATOR: _generate_state_sensitive: []
10:08:14.272529 - SPEECH GENERATOR: _generate_state_sensitive: []
10:08:14.272546 - GSETTINGS SCHEMA HANDLE: speech/insert-pauses-between-utterances not set [app:accessibility_probe, profile:default]
10:08:14.272550 - GSETTINGS REGISTRY: speech/insert-pauses-between-utterances using default value = True
10:08:14.272564 - GSETTINGS SCHEMA HANDLE: speech/punctuation-level not set [app:accessibility_probe, profile:default]
10:08:14.272568 - GSETTINGS REGISTRY: speech/punctuation-level using default value = 'most'
10:08:14.273108 - GENERATOR: _generate_keyboard_mnemonic: []
10:08:14.273127 - SPEECH GENERATOR: _generate_keyboard_mnemonic: []
10:08:14.273144 - GSETTINGS SCHEMA HANDLE: speech/insert-pauses-between-utterances not set [app:accessibility_probe, profile:default]
10:08:14.273148 - GSETTINGS REGISTRY: speech/insert-pauses-between-utterances using default value = True
10:08:14.273161 - GSETTINGS SCHEMA HANDLE: speech/punctuation-level not set [app:accessibility_probe, profile:default]
10:08:14.273164 - GSETTINGS REGISTRY: speech/punctuation-level using default value = 'most'
10:08:14.273656 - SPEECH GENERATOR: _generate_keyboard_accelerator: []
10:08:14.273688 - GENERATOR: _generate_state_current: []
10:08:14.273702 - SPEECH GENERATOR: _generate_state_current: []
10:08:14.273716 - SPEECH GENERATOR: _generate_has_click_action: []
10:08:14.273729 - SPEECH GENERATOR: _generate_has_details: []
10:08:14.273741 - SPEECH GENERATOR: _generate_details_for: []
10:08:14.273909 - AXUtilitiesRelation: [button: 'Advance download' (0x7e30eaf8fe00)]  is described by: []
10:08:14.273924 - GENERATOR: _generate_accessible_description: []
10:08:14.273936 - SPEECH GENERATOR: _generate_accessible_description: []
10:08:14.273959 - SPEECH GENERATOR: _generate_state_has_popup: []
10:08:14.274384 - SPEECH GENERATOR: _generate_tutorial: []
10:08:14.274508 - SPEECH GENERATOR: Results: [[Reactive TUI App accessibility round 1, {'established': 'False', 'family': "{'dialect': '', 'lang': 'C', 'name': ''}"}], Advance download, {'established': 'False', 'family': "{'dialect': '', 'lang': 'C', 'name': ''}"}, button, {'established': 'False', 'family': '{}'}, PAUSE, PAUSE]
10:08:14.274630 - SPEECH: Speak [[Reactive TUI App accessibility round 1, {'established': 'False', 'family': "{'dialect': '', 'lang': 'C', 'name': ''}"}], Advance download, {'established': 'False', 'family': "{'dialect': '', 'lang': 'C', 'name': ''}"}, button, {'established': 'False', 'family': '{}'}, PAUSE, PAUSE], acss: None
10:08:14.274646 - SPEECH OUTPUT: 'Reactive TUI App accessibility round 1' {'established': False, 'family': {'name': '', 'gender': None, 'lang': 'C', 'dialect': '', 'variant': None}}
10:08:14.274651 - SPEECH DISPATCHER: Speaking 'Reactive TUI App accessibility round 1' as string
10:08:14.274833 - SPEECH DISPATCHER: Speaking '<speak><mark name="0:8"/>Reactive <mark name="9:12"/>TUI <mark name="13:16"/>App <mark name="17:30"/>accessibility <mark name="31:36"/>round <mark name="37:38"/>1</speak>' 
                  ORCA rate 50.0, pitch 5.0, volume 10.0, language C, punctuation: MOST
                  SD rate 2, pitch 10, volume 100, language c
10:08:14.275034 - SPEECH: New voice {'established': 'False'}  != active voice {'established': 'False', 'family': "{'dialect': '', 'lang': 'C', 'name': ''}"}
10:08:14.275056 - SPEECH OUTPUT: 'Advance download' {'established': False, 'family': {'name': '', 'gender': None, 'lang': 'C', 'dialect': '', 'variant': None}}
10:08:14.275062 - SPEECH DISPATCHER: Speaking 'Advance download' as string
10:08:14.275180 - SPEECH DISPATCHER: Speaking '<speak><mark name="0:7"/>Advance <mark name="8:16"/>download</speak>' 
                  ORCA rate 50.0, pitch 5.0, volume 10.0, language C, punctuation: MOST
                  SD rate 2, pitch 10, volume 100, language c
10:08:14.282326 - SPEECH OUTPUT: 'button.' {'established': False}
10:08:14.282334 - SPEECH DISPATCHER: Speaking 'button.' as string
10:08:14.282739 - SPEECH DISPATCHER: Speaking '<speak><mark name="0:7"/>button.</speak>' 
                  ORCA rate 50.0, pitch 5.0, volume 10.0, language C, punctuation: MOST
                  SD rate 2, pitch 10, volume 100, language c
10:08:14.282815 - GSETTINGS SCHEMA HANDLE: braille/enabled not set [app:accessibility_probe, profile:default]
10:08:14.282822 - GSETTINGS REGISTRY: braille/enabled using default value = True
10:08:14.282852 - FOCUS MANAGER: Active mode: focus-tracking Object of interest: [button: 'Advance download' (0x7e30eaf8fe00)] 
10:08:14.282866 - GSETTINGS SCHEMA HANDLE: braille/enabled not set [app:accessibility_probe, profile:default]
10:08:14.282870 - GSETTINGS REGISTRY: braille/enabled using default value = True
10:08:14.282885 - GSETTINGS SCHEMA HANDLE: braille/verbosity-level not set [app:accessibility_probe, profile:default]
10:08:14.282889 - GSETTINGS REGISTRY: braille/verbosity-level using default value = 'verbose'
10:08:14.282903 - FOCUS MANAGER: Locus of focus is [button: 'Advance download' (0x7e30eaf8fe00)] 
10:08:14.282918 - SCRIPT MANAGER: Active script is: accessibility_probe (module=orca.scripts.default)
10:08:14.282933 - GSETTINGS SCHEMA HANDLE: braille/rolename-style not set [app:accessibility_probe, profile:default]
10:08:14.282937 - GSETTINGS REGISTRY: braille/rolename-style using default value = 'verbose'
10:08:14.282949 - GSETTINGS SCHEMA HANDLE: braille/display-ancestors not set [app:accessibility_probe, profile:default]
10:08:14.282952 - GSETTINGS REGISTRY: braille/display-ancestors using default value = True
10:08:14.282963 - GSETTINGS SCHEMA HANDLE: braille/end-of-line-indicator not set [app:accessibility_probe, profile:default]
10:08:14.282966 - GSETTINGS REGISTRY: braille/end-of-line-indicator using default value = True
10:08:14.282979 - GSETTINGS SCHEMA HANDLE: braille/present-mnemonics not set [app:accessibility_probe, profile:default]
10:08:14.282983 - GSETTINGS REGISTRY: braille/present-mnemonics using default value = True
10:08:14.284203 - GENERATOR: _get_functional_role: button
10:08:14.284272 - BRAILLE GENERATOR: braille_generator.BrailleGenerator._generate_push_button for [button: 'Advance download' (0x7e30eaf8fe00)]  args: {'formatType': 'focused', 'priorObj': "[terminal: 'Terminal' (0x7e30eaf83c80)] ", 'role': 'button'}
10:08:14.285615 - GENERATOR: _get_functional_role: frame
10:08:14.285681 - BRAILLE GENERATOR: braille_generator.BrailleGenerator._generate_frame for [frame: 'Reactive TUI App accessibility round 1' (0x7e31017208c0)]  args: {'formatType': 'ancestor', 'includeContext': 'False', 'priorObj': "[terminal: 'Terminal' (0x7e30eaf83c80)] ", 'role': 'frame'}
10:08:14.285719 - AXUtilitiesRelation: [frame: 'Reactive TUI App accessibility round 1' (0x7e31017208c0)]  is labelled by: []
10:08:14.285734 - GENERATOR: _generate_accessible_label: []
10:08:14.285754 - GENERATOR: _generate_accessible_name: [Reactive TUI App accessibility round 1]
10:08:14.285773 - GENERATOR: _generate_accessible_label_and_name: [Reactive TUI App accessibility round 1]
10:08:14.286641 - BRAILLE GENERATOR: _generate_accessible_role: [frame]
10:08:14.286703 - AXUtilities: Unfocused alerts and dialogs for [frame: 'Reactive TUI App accessibility round 1' (0x7e31017208c0)] : []
10:08:14.286717 - BRAILLE GENERATOR: _generate_alert_and_dialog_count: []
10:08:14.286726 - BRAILLE: Not contracting 'Reactive TUI App accessibility round 1 frame' because contracted braille is not enabled.
10:08:14.286746 - GENERATOR: _generate_accessible_description: []
10:08:14.286868 - GENERATOR: _generate_state_current: []
10:08:14.286889 - BRAILLE GENERATOR: Results: [COMPONENT: 'Reactive TUI App accessibility round 1 frame', cursor offset:0]
10:08:14.287890 - GENERATOR: _get_functional_role: application
10:08:14.287926 - BRAILLE GENERATOR: [application: 'accessibility_probe' (0x7e31000ea340)]  lacks dedicated generator
10:08:14.287992 - BRAILLE GENERATOR: braille_generator.BrailleGenerator._generate_default_presentation for [application: 'accessibility_probe' (0x7e31000ea340)]  args: {'formatType': 'ancestor', 'includeContext': 'False', 'priorObj': "[terminal: 'Terminal' (0x7e30eaf83c80)] ", 'role': 'application'}
10:08:14.288041 - AXUtilitiesRelation: [application: 'accessibility_probe' (0x7e31000ea340)]  is labelled by: []
10:08:14.288058 - GENERATOR: _generate_accessible_label: []
10:08:14.288080 - GENERATOR: _generate_accessible_name: [accessibility_probe]
10:08:14.288098 - GENERATOR: _generate_accessible_label_and_name: [accessibility_probe]
10:08:14.288776 - BRAILLE GENERATOR: _generate_accessible_role: [application]
10:08:14.288785 - BRAILLE: Not contracting 'accessibility_probe application' because contracted braille is not enabled.
10:08:14.288805 - BRAILLE GENERATOR: Results: [COMPONENT: 'accessibility_probe application', cursor offset:0]
10:08:14.288840 - BRAILLE GENERATOR: _generate_ancestors: [COMPONENT: 'accessibility_probe application', cursor offset:0, REGION: ' ', cursor offset:0, COMPONENT: 'Reactive TUI App accessibility round 1 frame', cursor offset:0]
10:08:14.288868 - AXUtilitiesRelation: [button: 'Advance download' (0x7e30eaf8fe00)]  is labelled by: []
10:08:14.288882 - GENERATOR: _generate_accessible_label: []
10:08:14.288900 - GENERATOR: _generate_accessible_name: [Advance download]
10:08:14.288919 - GENERATOR: _generate_accessible_label_and_name: [Advance download]
10:08:14.288951 - GENERATOR: _generate_state_expanded: []
10:08:14.289731 - BRAILLE GENERATOR: _generate_accessible_role: [button]
10:08:14.290238 - GENERATOR: _generate_keyboard_mnemonic: []
10:08:14.290706 - BRAILLE: Not contracting 'Advance download button' because contracted braille is not enabled.
10:08:14.290729 - GENERATOR: _generate_accessible_description: []
10:08:14.290750 - GENERATOR: _generate_state_current: []
10:08:14.290786 - BRAILLE GENERATOR: Results: [COMPONENT: 'accessibility_probe application', cursor offset:0, REGION: ' ', cursor offset:0, COMPONENT: 'Reactive TUI App accessibility round 1 frame', cursor offset:0, REGION: ' ', cursor offset:0, COMPONENT: 'Advance download button', cursor offset:0]
10:08:14.290824 - BRAILLE: Refresh. Pan: True target: 0
10:08:14.290829 - BRAILLE: Kill flash message braille.display_line:1618 > braille.refresh:2097 > braille._prepare_refresh:1856 > braille.kill_flash:2182
10:08:14.291300 - GSETTINGS SCHEMA HANDLE: braille/enabled not set [app:accessibility_probe, profile:default]
10:08:14.291314 - GSETTINGS REGISTRY: braille/enabled using default value = True
10:08:14.291339 - BRAILLE: Last text object: [terminal: 'Terminal' (0x7e30eaf83c80)]  (Caret: 616, Line: 610, Cell: 7)
10:08:14.291364 - BRAILLE: Current text object: None (Caret: 0, Line: 0). On same line: False
10:08:14.291371 - BRAILLE: Line 0: 'accessibility_probe application Reactive TUI App accessibility round 1 frame Advance download button' focusOffset: 77 [[0, 32], [32, 63], [63, 77], [77, 100]]
10:08:14.291375 - BRAILLE: Cursor offset in line string is: 77
10:08:14.291381 - BRAILLE: Adjusting offset to 77 (unhandled condition)
10:08:14.291385 - BRAILLE: Current range: (77, 109). Target cell: 0
10:08:14.291391 - BRAILLE LINE:  'accessibility_probe application Reactive TUI App accessibility round 1 frame Advance download button'
10:08:14.291395 -      VISIBLE:  'Advance download button', cursor=1
10:08:14.291409 - BRAILLE: Enabling braille. BrlAPI running: False
10:08:14.291413 - BRAILLE: Need to initialize first.
10:08:14.291435 - BRAILLE: Initializing. Callback: input_event_manager.InputEventManager.process_braille_event
10:08:14.291461 - BRAILLE: WINDOWPATH= None
10:08:14.291484 - BRAILLE: XDG_VTNR= 1
10:08:14.291506 - BRAILLE: Attempting connection with BrlAPI.
10:08:14.291777 - BRAILLE: BrlAPI Connection is unavailable (ConnectionError): couldn't connect to b':0' with key b'keyfile:/etc/brlapi.key+polkit': connect: No such file or directory
                  (brlerrno 11, libcerrno 2, gaierrno 0)
                  Is BRLTTY really running?
10:08:14.292004 - AXTable: Setting last cell coordinates to row=-1, column=-1
10:08:14.292042 - FOCUS MANAGER: Setting last cursor position to [button: 'Advance download' (0x7e30eaf8fe00)]  -1
10:08:14.292086 - FOCUS MANAGER: Active window is [frame: 'Reactive TUI App accessibility round 1' (0x7e31017208c0)]  focus_manager.set_locus_of_focus:327 > focus_manager._save_object_details:254 > ax_utilities_event.save_object_info_for_events:195 > focus_manager.get_active_window:342
TOTAL PROCESSING TIME: 0.0445
^^^^^ FINISHED PRIORITY-3 OBJECT EVENT OBJECT:STATE-CHANGED:FOCUSED ^^^^^

10:08:14.292775 - EVENT MANAGER: Dequeueing object:property-change:accessible-name for [frame: 'Terminal' (0x7e31000ef480)]  in org.gnome.Terminal (gtk 3.24.52) (0, 0, Terminal)
10:08:14.292816 - EVENT MANAGER: Dequeued object:property-change:accessible-name for [frame: 'Terminal' (0x7e31000ef480)]  in org.gnome.Terminal (gtk 3.24.52) (0, 0, Terminal) priority: 4, counter: 4

vvvvv START PRIORITY-4 OBJECT EVENT OBJECT:PROPERTY-CHANGE:ACCESSIBLE-NAME (queue size: 29) vvvvv
10:08:14.293354 - EVENT SOURCE:
                  app='org.gnome.Terminal (gtk 3.24.52)' name='Terminal' role='frame' axid='' id=0x7e31000ef480
                  description=''
                  help=''
                  locale='C.UTF-8'
                  states='active, enabled, resizable, sensitive, showing, visible'
                  relations=''
                  actions=''
                  interfaces='Collection, Component'
                  attributes='toolkit:gtk, window-type:normal'
                  text=''
                  path=[-1, 0]
                  
10:08:14.293378 - SCRIPT MANAGER: Active script is: accessibility_probe (module=orca.scripts.default)
10:08:14.293396 - FOCUS MANAGER: Locus of focus is [button: 'Advance download' (0x7e30eaf8fe00)] 
10:08:14.293421 - EVENT MANAGER: Getting script for event for [application: 'org.gnome.Terminal' (0x7e31000c8580)]  [frame: 'Terminal' (0x7e31000ef480)] 
10:08:14.293437 - SCRIPT MANAGER: Getting script for [application: 'org.gnome.Terminal' (0x7e31000c8580)]  [frame: 'Terminal' (0x7e31000ef480)] 
10:08:14.293466 - SCRIPT MANAGER: Script is app script org.gnome.Terminal (module=orca.scripts.toolkits.gtk.script)
10:08:14.293480 - EVENT MANAGER: Script for event is org.gnome.Terminal (module=orca.scripts.toolkits.gtk.script)
10:08:14.293984 - EVENT MANAGER: Change active script: False (No reason found to activate a different script.)
10:08:14.293997 - EVENT MANAGER: Processing object:property-change:accessible-name: script handles events when inactive
10:08:14.294020 - AXUtilitiesEvent: The new name matches the old name.
TOTAL PROCESSING TIME: 0.0012
^^^^^ FINISHED PRIORITY-4 OBJECT EVENT OBJECT:PROPERTY-CHANGE:ACCESSIBLE-NAME ^^^^^

10:08:14.294039 - WARNING: Braille initialization failed: BrlAPI connection unavailable.
10:08:14.294049 - BRAILLE: Scheduling BrlAPI retry in 2000 ms.
10:08:14.294104 - EVENT MANAGER: Dequeueing object:state-changed:showing for [frame: 'Terminal' (0x7e31000ef480)]  in org.gnome.Terminal (gtk 3.24.52) (1, 0, 0)
10:08:14.294137 - EVENT MANAGER: Dequeued object:state-changed:showing for [frame: 'Terminal' (0x7e31000ef480)]  in org.gnome.Terminal (gtk 3.24.52) (1, 0, 0) priority: 4, counter: 5

vvvvv START PRIORITY-4 OBJECT EVENT OBJECT:STATE-CHANGED:SHOWING (queue size: 28) vvvvv
10:08:14.294550 - EVENT SOURCE:
                  app='org.gnome.Terminal (gtk 3.24.52)' name='Terminal' role='frame' axid='' id=0x7e31000ef480
                  description=''
                  help=''
                  locale='C.UTF-8'
                  states='active, enabled, resizable, sensitive, showing, visible'
                  relations=''
                  actions=''
                  interfaces='Collection, Component'
                  attributes='toolkit:gtk, window-type:normal'
                  text=''
                  path=[-1, 0]
                  
10:08:14.294569 - SCRIPT MANAGER: Active script is: accessibility_probe (module=orca.scripts.default)
10:08:14.294586 - FOCUS MANAGER: Locus of focus is [button: 'Advance download' (0x7e30eaf8fe00)] 
10:08:14.294613 - EVENT MANAGER: Getting script for event for [application: 'org.gnome.Terminal' (0x7e31000c8580)]  [frame: 'Terminal' (0x7e31000ef480)] 
10:08:14.294629 - SCRIPT MANAGER: Getting script for [application: 'org.gnome.Terminal' (0x7e31000c8580)]  [frame: 'Terminal' (0x7e31000ef480)] 
10:08:14.294654 - SCRIPT MANAGER: Script is app script org.gnome.Terminal (module=orca.scripts.toolkits.gtk.script)
10:08:14.294667 - EVENT MANAGER: Script for event is org.gnome.Terminal (module=orca.scripts.toolkits.gtk.script)
10:08:14.295111 - EVENT MANAGER: Change active script: False (No reason found to activate a different script.)
10:08:14.295121 - EVENT MANAGER: Processing object:state-changed:showing: script handles events when inactive
10:08:14.295155 - AXUtilitiesRelation: [frame: 'Terminal' (0x7e31000ef480)]  is popup for: []
TOTAL PROCESSING TIME: 0.0010
^^^^^ FINISHED PRIORITY-4 OBJECT EVENT OBJECT:STATE-CHANGED:SHOWING ^^^^^

10:08:14.295224 - EVENT MANAGER: Dequeueing object:text-changed:insert for [terminal: 'Terminal' (0x7e30eaf83c80)]  in org.gnome.Terminal (gtk 3.24.52) (0, 16, \n\n\n\n\n\n\n\n\n\n\n\n\n\n\n\n)
10:08:14.295258 - EVENT MANAGER: Dequeued object:text-changed:insert for [terminal: 'Terminal' (0x7e30eaf83c80)]  in org.gnome.Terminal (gtk 3.24.52) (0, 16, \n\n\n\n\n\n\n\n\n\n\n\n\n\n\n\n) priority: 4, counter: 7

vvvvv START PRIORITY-4 OBJECT EVENT OBJECT:TEXT-CHANGED:INSERT (queue size: 27) vvvvv
10:08:14.295936 - EVENT SOURCE:
                  app='org.gnome.Terminal (gtk 3.24.52)' name='Terminal' role='terminal' axid='' id=0x7e30eaf83c80
                  description=''
                  help=''
                  locale='C.UTF-8'
                  states='enabled, focusable, focused, sensitive, showing, visible'
                  relations=''
                  actions='menu'
                  interfaces='Action, Collection, Component, Text'
                  attributes='toolkit:gtk'
                  text='Download progress \n███████████████▒▒▒▒▒▒▒▒▒▒▒▒▒▒▒▒▒▒▒▒▒▒▒▒▒▒▒▒▒▒▒▒▒▒▒▒▒▒▒▒▒▒▒▒▒\n25.0% \nAdvance download ... \n \n \n \n \n (992 chars.)'
                  path=[-1, 0, 0, 1, 0, 0, 0, 0]
                  
10:08:14.295960 - SCRIPT MANAGER: Active script is: accessibility_probe (module=orca.scripts.default)
10:08:14.295982 - FOCUS MANAGER: Locus of focus is [button: 'Advance download' (0x7e30eaf8fe00)] 
10:08:14.296012 - EVENT MANAGER: Getting script for event for [application: 'org.gnome.Terminal' (0x7e31000c8580)]  [terminal: 'Terminal' (0x7e30eaf83c80)] 
10:08:14.296027 - SCRIPT MANAGER: Getting script for [application: 'org.gnome.Terminal' (0x7e31000c8580)]  [terminal: 'Terminal' (0x7e30eaf83c80)] 
10:08:14.296050 - SCRIPT MANAGER: Script is custom script org.gnome.Terminal (module=orca.scripts.terminal.script)
10:08:14.296063 - EVENT MANAGER: Script for event is org.gnome.Terminal (module=orca.scripts.terminal.script)
10:08:14.296489 - EVENT MANAGER: Change active script: False (No reason found to activate a different script.)
10:08:14.296498 - EVENT MANAGER: Not processing object:text-changed:insert due to lack of reason
TOTAL PROCESSING TIME: 0.0012
^^^^^ FINISHED PRIORITY-4 OBJECT EVENT OBJECT:TEXT-CHANGED:INSERT ^^^^^

10:08:14.296552 - EVENT MANAGER: Dequeueing object:text-caret-moved for [terminal: 'Terminal' (0x7e30eaf83c80)]  in org.gnome.Terminal (gtk 3.24.52) (0, 0, 0)
10:08:14.296587 - EVENT MANAGER: Dequeued object:text-caret-moved for [terminal: 'Terminal' (0x7e30eaf83c80)]  in org.gnome.Terminal (gtk 3.24.52) (0, 0, 0) priority: 4, counter: 8

vvvvv START PRIORITY-4 OBJECT EVENT OBJECT:TEXT-CARET-MOVED (queue size: 26) vvvvv
10:08:14.296786 - EVENT MANAGER: object:text-caret-moved for [terminal: 'Terminal' (0x7e30eaf83c80)]  in org.gnome.Terminal (gtk 3.24.52) (0, 0, 0) obsoleted by object:text-caret-moved for [terminal: 'Terminal' (0x7e30eaf83c80)]  in org.gnome.Terminal (gtk 3.24.52) (372, 0, 0) more recent event of same type for same object
TOTAL PROCESSING TIME: 0.0002
^^^^^ FINISHED PRIORITY-4 OBJECT EVENT OBJECT:TEXT-CARET-MOVED ^^^^^

10:08:14.296833 - EVENT MANAGER: Dequeueing object:text-changed:delete for [terminal: 'Terminal' (0x7e30eaf83c80)]  in org.gnome.Terminal (gtk 3.24.52) (0, 2, \n\n)
10:08:14.296864 - EVENT MANAGER: Dequeued object:text-changed:delete for [terminal: 'Terminal' (0x7e30eaf83c80)]  in org.gnome.Terminal (gtk 3.24.52) (0, 2, \n\n) priority: 4, counter: 10

vvvvv START PRIORITY-4 OBJECT EVENT OBJECT:TEXT-CHANGED:DELETE (queue size: 25) vvvvv
10:08:14.297522 - EVENT SOURCE:
                  app='org.gnome.Terminal (gtk 3.24.52)' name='Terminal' role='terminal' axid='' id=0x7e30eaf83c80
                  description=''
                  help=''
                  locale='C.UTF-8'
                  states='enabled, focusable, focused, sensitive, showing, visible'
                  relations=''
                  actions='menu'
                  interfaces='Action, Collection, Component, Text'
                  attributes='toolkit:gtk'
                  text='Download progress \n███████████████▒▒▒▒▒▒▒▒▒▒▒▒▒▒▒▒▒▒▒▒▒▒▒▒▒▒▒▒▒▒▒▒▒▒▒▒▒▒▒▒▒▒▒▒▒\n25.0% \nAdvance download ... \n \n \n \n \n (992 chars.)'
                  path=[-1, 0, 0, 1, 0, 0, 0, 0]
                  
10:08:14.297545 - SCRIPT MANAGER: Active script is: accessibility_probe (module=orca.scripts.default)
10:08:14.297561 - FOCUS MANAGER: Locus of focus is [button: 'Advance download' (0x7e30eaf8fe00)] 
10:08:14.297584 - EVENT MANAGER: Getting script for event for [application: 'org.gnome.Terminal' (0x7e31000c8580)]  [terminal: 'Terminal' (0x7e30eaf83c80)] 
10:08:14.297600 - SCRIPT MANAGER: Getting script for [application: 'org.gnome.Terminal' (0x7e31000c8580)]  [terminal: 'Terminal' (0x7e30eaf83c80)] 
10:08:14.297621 - SCRIPT MANAGER: Script is custom script org.gnome.Terminal (module=orca.scripts.terminal.script)
10:08:14.297633 - EVENT MANAGER: Script for event is org.gnome.Terminal (module=orca.scripts.terminal.script)
10:08:14.298105 - EVENT MANAGER: Change active script: False (No reason found to activate a different script.)
10:08:14.298116 - EVENT MANAGER: Not processing object:text-changed:delete due to lack of reason
TOTAL PROCESSING TIME: 0.0013
^^^^^ FINISHED PRIORITY-4 OBJECT EVENT OBJECT:TEXT-CHANGED:DELETE ^^^^^

10:08:14.298170 - EVENT MANAGER: Dequeueing object:text-caret-moved for [terminal: 'Terminal' (0x7e30eaf83c80)]  in org.gnome.Terminal (gtk 3.24.52) (6, 0, 0)
10:08:14.298204 - EVENT MANAGER: Dequeued object:text-caret-moved for [terminal: 'Terminal' (0x7e30eaf83c80)]  in org.gnome.Terminal (gtk 3.24.52) (6, 0, 0) priority: 4, counter: 23

vvvvv START PRIORITY-4 OBJECT EVENT OBJECT:TEXT-CARET-MOVED (queue size: 24) vvvvv
10:08:14.298418 - EVENT MANAGER: object:text-caret-moved for [terminal: 'Terminal' (0x7e30eaf83c80)]  in org.gnome.Terminal (gtk 3.24.52) (6, 0, 0) obsoleted by object:text-caret-moved for [terminal: 'Terminal' (0x7e30eaf83c80)]  in org.gnome.Terminal (gtk 3.24.52) (616, 0, 0) more recent event of same type for same object
TOTAL PROCESSING TIME: 0.0002
^^^^^ FINISHED PRIORITY-4 OBJECT EVENT OBJECT:TEXT-CARET-MOVED ^^^^^

10:08:14.298462 - EVENT MANAGER: Dequeueing object:text-changed:delete for [terminal: 'Terminal' (0x7e30eaf83c80)]  in org.gnome.Terminal (gtk 3.24.52) (0, 6, \n\n\n\n\n\n)
10:08:14.298495 - EVENT MANAGER: Dequeued object:text-changed:delete for [terminal: 'Terminal' (0x7e30eaf83c80)]  in org.gnome.Terminal (gtk 3.24.52) (0, 6, \n\n\n\n\n\n) priority: 4, counter: 24

vvvvv START PRIORITY-4 OBJECT EVENT OBJECT:TEXT-CHANGED:DELETE (queue size: 23) vvvvv
10:08:14.299123 - EVENT SOURCE:
                  app='org.gnome.Terminal (gtk 3.24.52)' name='Terminal' role='terminal' axid='' id=0x7e30eaf83c80
                  description=''
                  help=''
                  locale='C.UTF-8'
                  states='enabled, focusable, focused, sensitive, showing, visible'
                  relations=''
                  actions='menu'
                  interfaces='Action, Collection, Component, Text'
                  attributes='toolkit:gtk'
                  text='Download progress \n███████████████▒▒▒▒▒▒▒▒▒▒▒▒▒▒▒▒▒▒▒▒▒▒▒▒▒▒▒▒▒▒▒▒▒▒▒▒▒▒▒▒▒▒▒▒▒\n25.0% \nAdvance download ... \n \n \n \n \n (992 chars.)'
                  path=[-1, 0, 0, 1, 0, 0, 0, 0]
                  
10:08:14.299148 - SCRIPT MANAGER: Active script is: accessibility_probe (module=orca.scripts.default)
10:08:14.299165 - FOCUS MANAGER: Locus of focus is [button: 'Advance download' (0x7e30eaf8fe00)] 
10:08:14.299190 - EVENT MANAGER: Getting script for event for [application: 'org.gnome.Terminal' (0x7e31000c8580)]  [terminal: 'Terminal' (0x7e30eaf83c80)] 
10:08:14.299206 - SCRIPT MANAGER: Getting script for [application: 'org.gnome.Terminal' (0x7e31000c8580)]  [terminal: 'Terminal' (0x7e30eaf83c80)] 
10:08:14.299228 - SCRIPT MANAGER: Script is custom script org.gnome.Terminal (module=orca.scripts.terminal.script)
10:08:14.299240 - EVENT MANAGER: Script for event is org.gnome.Terminal (module=orca.scripts.terminal.script)
10:08:14.299654 - EVENT MANAGER: Change active script: False (No reason found to activate a different script.)
10:08:14.299662 - EVENT MANAGER: Not processing object:text-changed:delete due to lack of reason
TOTAL PROCESSING TIME: 0.0012
^^^^^ FINISHED PRIORITY-4 OBJECT EVENT OBJECT:TEXT-CHANGED:DELETE ^^^^^

10:08:14.299713 - EVENT MANAGER: Dequeueing object:text-changed:insert for [terminal: 'Terminal' (0x7e30eaf83c80)]  in org.gnome.Terminal (gtk 3.24.52) (0, 372, \n \n \nAdvance download \n... \nAdvance download \n \n \n (378 chars.))
10:08:14.299747 - EVENT MANAGER: Dequeued object:text-changed:insert for [terminal: 'Terminal' (0x7e30eaf83c80)]  in org.gnome.Terminal (gtk 3.24.52) (0, 372, \n \n \nAdvance download \n... \nAdvance download \n \n \n (378 chars.)) priority: 4, counter: 25

vvvvv START PRIORITY-4 OBJECT EVENT OBJECT:TEXT-CHANGED:INSERT (queue size: 22) vvvvv
10:08:14.300363 - EVENT SOURCE:
                  app='org.gnome.Terminal (gtk 3.24.52)' name='Terminal' role='terminal' axid='' id=0x7e30eaf83c80
                  description=''
                  help=''
                  locale='C.UTF-8'
                  states='enabled, focusable, focused, sensitive, showing, visible'
                  relations=''
                  actions='menu'
                  interfaces='Action, Collection, Component, Text'
                  attributes='toolkit:gtk'
                  text='Download progress \n███████████████▒▒▒▒▒▒▒▒▒▒▒▒▒▒▒▒▒▒▒▒▒▒▒▒▒▒▒▒▒▒▒▒▒▒▒▒▒▒▒▒▒▒▒▒▒\n25.0% \nAdvance download ... \n \n \n \n \n (992 chars.)'
                  path=[-1, 0, 0, 1, 0, 0, 0, 0]
                  
10:08:14.300387 - SCRIPT MANAGER: Active script is: accessibility_probe (module=orca.scripts.default)
10:08:14.300405 - FOCUS MANAGER: Locus of focus is [button: 'Advance download' (0x7e30eaf8fe00)] 
10:08:14.300429 - EVENT MANAGER: Getting script for event for [application: 'org.gnome.Terminal' (0x7e31000c8580)]  [terminal: 'Terminal' (0x7e30eaf83c80)] 
10:08:14.300445 - SCRIPT MANAGER: Getting script for [application: 'org.gnome.Terminal' (0x7e31000c8580)]  [terminal: 'Terminal' (0x7e30eaf83c80)] 
10:08:14.300466 - SCRIPT MANAGER: Script is custom script org.gnome.Terminal (module=orca.scripts.terminal.script)
10:08:14.300479 - EVENT MANAGER: Script for event is org.gnome.Terminal (module=orca.scripts.terminal.script)
10:08:14.300897 - EVENT MANAGER: Change active script: False (No reason found to activate a different script.)
10:08:14.300906 - EVENT MANAGER: Not processing object:text-changed:insert due to lack of reason
TOTAL PROCESSING TIME: 0.0012
^^^^^ FINISHED PRIORITY-4 OBJECT EVENT OBJECT:TEXT-CHANGED:INSERT ^^^^^

10:08:14.300958 - EVENT MANAGER: Dequeueing object:text-caret-moved for [terminal: 'Terminal' (0x7e30eaf83c80)]  in org.gnome.Terminal (gtk 3.24.52) (372, 0, 0)
10:08:14.301003 - EVENT MANAGER: Dequeued object:text-caret-moved for [terminal: 'Terminal' (0x7e30eaf83c80)]  in org.gnome.Terminal (gtk 3.24.52) (372, 0, 0) priority: 4, counter: 26

vvvvv START PRIORITY-4 OBJECT EVENT OBJECT:TEXT-CARET-MOVED (queue size: 21) vvvvv
10:08:14.301197 - EVENT MANAGER: object:text-caret-moved for [terminal: 'Terminal' (0x7e30eaf83c80)]  in org.gnome.Terminal (gtk 3.24.52) (372, 0, 0) obsoleted by object:text-caret-moved for [terminal: 'Terminal' (0x7e30eaf83c80)]  in org.gnome.Terminal (gtk 3.24.52) (616, 0, 0) more recent event of same type for same object
TOTAL PROCESSING TIME: 0.0002
^^^^^ FINISHED PRIORITY-4 OBJECT EVENT OBJECT:TEXT-CARET-MOVED ^^^^^

10:08:14.301239 - EVENT MANAGER: Dequeueing object:text-caret-moved for [terminal: 'Terminal' (0x7e30eaf83c80)]  in org.gnome.Terminal (gtk 3.24.52) (381, 0, 0)
10:08:14.301271 - EVENT MANAGER: Dequeued object:text-caret-moved for [terminal: 'Terminal' (0x7e30eaf83c80)]  in org.gnome.Terminal (gtk 3.24.52) (381, 0, 0) priority: 4, counter: 36

vvvvv START PRIORITY-4 OBJECT EVENT OBJECT:TEXT-CARET-MOVED (queue size: 20) vvvvv
10:08:14.301500 - EVENT MANAGER: object:text-caret-moved for [terminal: 'Terminal' (0x7e30eaf83c80)]  in org.gnome.Terminal (gtk 3.24.52) (381, 0, 0) obsoleted by object:text-caret-moved for [terminal: 'Terminal' (0x7e30eaf83c80)]  in org.gnome.Terminal (gtk 3.24.52) (616, 0, 0) more recent event of same type for same object
TOTAL PROCESSING TIME: 0.0002
^^^^^ FINISHED PRIORITY-4 OBJECT EVENT OBJECT:TEXT-CARET-MOVED ^^^^^

10:08:14.301566 - EVENT MANAGER: Dequeueing object:text-changed:delete for [terminal: 'Terminal' (0x7e30eaf83c80)]  in org.gnome.Terminal (gtk 3.24.52) (372, 9, \n\n\n\n\n\n\n\n\n)
10:08:14.301618 - EVENT MANAGER: Dequeued object:text-changed:delete for [terminal: 'Terminal' (0x7e30eaf83c80)]  in org.gnome.Terminal (gtk 3.24.52) (372, 9, \n\n\n\n\n\n\n\n\n) priority: 4, counter: 37

vvvvv START PRIORITY-4 OBJECT EVENT OBJECT:TEXT-CHANGED:DELETE (queue size: 19) vvvvv
10:08:14.302490 - EVENT SOURCE:
                  app='org.gnome.Terminal (gtk 3.24.52)' name='Terminal' role='terminal' axid='' id=0x7e30eaf83c80
                  description=''
                  help=''
                  locale='C.UTF-8'
                  states='enabled, focusable, focused, sensitive, showing, visible'
                  relations=''
                  actions='menu'
                  interfaces='Action, Collection, Component, Text'
                  attributes='toolkit:gtk'
                  text='Download progress \n███████████████▒▒▒▒▒▒▒▒▒▒▒▒▒▒▒▒▒▒▒▒▒▒▒▒▒▒▒▒▒▒▒▒▒▒▒▒▒▒▒▒▒▒▒▒▒\n25.0% \nAdvance download ... \n \n \n \n \n (992 chars.)'
                  path=[-1, 0, 0, 1, 0, 0, 0, 0]
                  
10:08:14.302518 - SCRIPT MANAGER: Active script is: accessibility_probe (module=orca.scripts.default)
10:08:14.302538 - FOCUS MANAGER: Locus of focus is [button: 'Advance download' (0x7e30eaf8fe00)] 
10:08:14.302565 - EVENT MANAGER: Getting script for event for [application: 'org.gnome.Terminal' (0x7e31000c8580)]  [terminal: 'Terminal' (0x7e30eaf83c80)] 
10:08:14.302581 - SCRIPT MANAGER: Getting script for [application: 'org.gnome.Terminal' (0x7e31000c8580)]  [terminal: 'Terminal' (0x7e30eaf83c80)] 
10:08:14.302604 - SCRIPT MANAGER: Script is custom script org.gnome.Terminal (module=orca.scripts.terminal.script)
10:08:14.302617 - EVENT MANAGER: Script for event is org.gnome.Terminal (module=orca.scripts.terminal.script)
10:08:14.303098 - EVENT MANAGER: Change active script: False (No reason found to activate a different script.)
10:08:14.303109 - EVENT MANAGER: Not processing object:text-changed:delete due to lack of reason
TOTAL PROCESSING TIME: 0.0015
^^^^^ FINISHED PRIORITY-4 OBJECT EVENT OBJECT:TEXT-CHANGED:DELETE ^^^^^

10:08:14.303168 - EVENT MANAGER: Dequeueing object:text-changed:insert for [terminal: 'Terminal' (0x7e30eaf83c80)]  in org.gnome.Terminal (gtk 3.24.52) (372, 603, \n \n \n \n \n... \n \n \n \n \n (612 chars.))
10:08:14.303208 - EVENT MANAGER: Dequeued object:text-changed:insert for [terminal: 'Terminal' (0x7e30eaf83c80)]  in org.gnome.Terminal (gtk 3.24.52) (372, 603, \n \n \n \n \n... \n \n \n \n \n (612 chars.)) priority: 4, counter: 38

vvvvv START PRIORITY-4 OBJECT EVENT OBJECT:TEXT-CHANGED:INSERT (queue size: 18) vvvvv
10:08:14.304099 - EVENT SOURCE:
                  app='org.gnome.Terminal (gtk 3.24.52)' name='Terminal' role='terminal' axid='' id=0x7e30eaf83c80
                  description=''
                  help=''
                  locale='C.UTF-8'
                  states='enabled, focusable, focused, sensitive, showing, visible'
                  relations=''
                  actions='menu'
                  interfaces='Action, Collection, Component, Text'
                  attributes='toolkit:gtk'
                  text='Download progress \n███████████████▒▒▒▒▒▒▒▒▒▒▒▒▒▒▒▒▒▒▒▒▒▒▒▒▒▒▒▒▒▒▒▒▒▒▒▒▒▒▒▒▒▒▒▒▒\n25.0% \nAdvance download ... \n \n \n \n \n (992 chars.)'
                  path=[-1, 0, 0, 1, 0, 0, 0, 0]
                  
10:08:14.304134 - SCRIPT MANAGER: Active script is: accessibility_probe (module=orca.scripts.default)
10:08:14.304159 - FOCUS MANAGER: Locus of focus is [button: 'Advance download' (0x7e30eaf8fe00)] 
10:08:14.304191 - EVENT MANAGER: Getting script for event for [application: 'org.gnome.Terminal' (0x7e31000c8580)]  [terminal: 'Terminal' (0x7e30eaf83c80)] 
10:08:14.304210 - SCRIPT MANAGER: Getting script for [application: 'org.gnome.Terminal' (0x7e31000c8580)]  [terminal: 'Terminal' (0x7e30eaf83c80)] 
10:08:14.304234 - SCRIPT MANAGER: Script is custom script org.gnome.Terminal (module=orca.scripts.terminal.script)
10:08:14.304248 - EVENT MANAGER: Script for event is org.gnome.Terminal (module=orca.scripts.terminal.script)
10:08:14.304683 - EVENT MANAGER: Change active script: False (No reason found to activate a different script.)
10:08:14.304699 - EVENT MANAGER: Not processing object:text-changed:insert due to lack of reason
TOTAL PROCESSING TIME: 0.0015
^^^^^ FINISHED PRIORITY-4 OBJECT EVENT OBJECT:TEXT-CHANGED:INSERT ^^^^^

10:08:14.304857 - GSETTINGS SCHEMA HANDLE: keybindings/keyboard-layout not set [app:accessibility_probe, profile:default]
10:08:14.304866 - GSETTINGS REGISTRY: keybindings/keyboard-layout using default value = 'desktop'
10:08:14.304881 - GSETTINGS SCHEMA HANDLE: keybindings/desktop-modifier-keys not set [app:accessibility_probe, profile:default]
10:08:14.304887 - GSETTINGS REGISTRY: keybindings/desktop-modifier-keys using default value = ['Insert', 'KP_Insert']
10:08:14.304909 - FOCUS MANAGER: Active window is [frame: 'Reactive TUI App accessibility round 1' (0x7e31017208c0)]  <unknown>.<module>:373 > input_event_manager._on_key_pressed:261 > input_event_manager.process_keyboard_event:297 > focus_manager.get_active_window:342
10:08:14.305156 - AXObject: Clearing AT-SPI cache on [frame: 'Reactive TUI App accessibility round 1' (0x7e31017208c0)]  Recursive: False.  Reason: Checking if window can be the active window

10:08:14.305456 - EVENT MANAGER: object:state-changed:sensitive for [menu item: 'Paste' (0x7e30eafa3500)]  in org.gnome.Terminal (gtk 3.24.52) (1, 0, 0)
10:08:14.305473 - FOCUS MANAGER: Locus of focus is [button: 'Advance download' (0x7e30eaf8fe00)] 
10:08:14.305543 - EVENT MANAGER: Ignoring object:state-changed:sensitive due to role of unfocused source
10:08:14.306717 - AXUtilities: [frame: 'Reactive TUI App accessibility round 1' (0x7e31017208c0)]  from [application: 'accessibility_probe' (0x7e31000ea340)]  can be active window
10:08:14.306900 - FOCUS MANAGER: Locus of focus is [button: 'Advance download' (0x7e30eaf8fe00)] 
10:08:14.307050 - SCRIPT MANAGER: Active script is: accessibility_probe (module=orca.scripts.default)

KEYBOARD_EVENT:  type=ATSPI_KEY_PRESSED_EVENT
                 id=65507
                 hw_code=37
                 modifiers=0
                 text=''
                 keyval_name='Control_L'
                 timestamp=1789049294.3048244
                 clickCount=1

vvvvv PROCESS ATSPI_KEY_PRESSED_EVENT: 'Control_L' (37) vvvvv
10:08:14.307227 - SCRIPT: accessibility_probe (module=orca.scripts.default)
10:08:14.307243 - WINDOW: [frame: 'Reactive TUI App accessibility round 1' (0x7e31017208c0)] 
10:08:14.307255 - LOCATION: [button: 'Advance download' (0x7e30eaf8fe00)] 
10:08:14.307292 - GSETTINGS SCHEMA HANDLE: keybindings/keyboard-layout not set [app:accessibility_probe, profile:default]
10:08:14.307298 - GSETTINGS REGISTRY: keybindings/keyboard-layout using default value = 'desktop'
10:08:14.307311 - GSETTINGS SCHEMA HANDLE: keybindings/desktop-modifier-keys not set [app:accessibility_probe, profile:default]
10:08:14.307317 - GSETTINGS REGISTRY: keybindings/desktop-modifier-keys using default value = ['Insert', 'KP_Insert']
10:08:14.307325 - PRESENTATION MANAGER: Interrupting presentation
10:08:14.307355 - SPEECH MANAGER: interrupt_speech. Script: None Event: None notify_user: False
10:08:14.307783 - SPEECH MANAGER: Speech server is <orca.speechdispatcherfactory.SpeechServer object at 0x7e310098d6a0>
10:08:14.307957 - BRAILLE: Kill flash message input_event._present:603 > presentation_manager.interrupt_presentation:88 > braille_presenter.kill_flash:1829 > braille.kill_flash:2182
10:08:14.308264 - TYPING ECHO PRESENTER: should_echo_keyboard_event: 'left control'?
10:08:14.308288 - GSETTINGS SCHEMA HANDLE: keybindings/keyboard-layout not set [app:accessibility_probe, profile:default]
10:08:14.308293 - GSETTINGS REGISTRY: keybindings/keyboard-layout using default value = 'desktop'
10:08:14.308306 - GSETTINGS SCHEMA HANDLE: keybindings/desktop-modifier-keys not set [app:accessibility_probe, profile:default]
10:08:14.308311 - GSETTINGS REGISTRY: keybindings/desktop-modifier-keys using default value = ['Insert', 'KP_Insert']
10:08:14.308350 - GSETTINGS SCHEMA HANDLE: typing-echo/character-echo not set [app:accessibility_probe, profile:default]
10:08:14.308355 - GSETTINGS REGISTRY: typing-echo/character-echo using default value = False
10:08:14.308369 - GSETTINGS SCHEMA HANDLE: keybindings/keyboard-layout not set [app:accessibility_probe, profile:default]
10:08:14.308372 - GSETTINGS REGISTRY: keybindings/keyboard-layout using default value = 'desktop'
10:08:14.308383 - GSETTINGS SCHEMA HANDLE: keybindings/desktop-modifier-keys not set [app:accessibility_probe, profile:default]
10:08:14.308386 - GSETTINGS REGISTRY: keybindings/desktop-modifier-keys using default value = ['Insert', 'KP_Insert']
10:08:14.308404 - GSETTINGS SCHEMA HANDLE: typing-echo/key-echo not set [app:accessibility_probe, profile:default]
10:08:14.308408 - GSETTINGS REGISTRY: typing-echo/key-echo using default value = True
10:08:14.308460 - GSETTINGS SCHEMA HANDLE: typing-echo/modifier-keys not set [app:accessibility_probe, profile:default]
10:08:14.308466 - GSETTINGS REGISTRY: typing-echo/modifier-keys using default value = True
10:08:14.308471 - TYPING ECHO PRESENTER: Echoing modifier keyboard event: True.
10:08:14.308492 - GSETTINGS SCHEMA HANDLE: keybindings/keyboard-layout not set [app:accessibility_probe, profile:default]
10:08:14.308496 - GSETTINGS REGISTRY: keybindings/keyboard-layout using default value = 'desktop'
10:08:14.308506 - GSETTINGS SCHEMA HANDLE: keybindings/desktop-modifier-keys not set [app:accessibility_probe, profile:default]
10:08:14.308510 - GSETTINGS REGISTRY: keybindings/desktop-modifier-keys using default value = ['Insert', 'KP_Insert']
10:08:14.308540 - SCRIPT MANAGER: Active script is: accessibility_probe (module=orca.scripts.default)
10:08:14.308566 - FOCUS MANAGER: Active mode: focus-tracking Object of interest: [button: 'Advance download' (0x7e30eaf8fe00)] 
10:08:14.308582 - GSETTINGS SCHEMA HANDLE: speech/enable not set [app:accessibility_probe, profile:default]
10:08:14.308586 - GSETTINGS REGISTRY: speech/enable using default value = True
10:08:14.308600 - GSETTINGS SCHEMA HANDLE: speech/verbosity-level not set [app:accessibility_probe, profile:default]
10:08:14.308607 - GSETTINGS REGISTRY: speech/verbosity-level using default value = 'verbose'
10:08:14.308620 - FOCUS MANAGER: Locus of focus is [button: 'Advance download' (0x7e30eaf8fe00)] 
10:08:14.308633 - SCRIPT MANAGER: Active script is: accessibility_probe (module=orca.scripts.default)
10:08:14.308647 - GSETTINGS SCHEMA HANDLE: speech/only-speak-displayed-text not set [app:accessibility_probe, profile:default]
10:08:14.308651 - GSETTINGS REGISTRY: speech/only-speak-displayed-text using default value = False
10:08:14.308662 - GSETTINGS SCHEMA HANDLE: speech/speak-description not set [app:accessibility_probe, profile:default]
10:08:14.308665 - GSETTINGS REGISTRY: speech/speak-description using default value = True
10:08:14.308675 - GSETTINGS SCHEMA HANDLE: speech/speak-tutorial-messages not set [app:accessibility_probe, profile:default]
10:08:14.308678 - GSETTINGS REGISTRY: speech/speak-tutorial-messages using default value = True
10:08:14.308688 - GSETTINGS SCHEMA HANDLE: speech/speak-position-in-set not set [app:accessibility_probe, profile:default]
10:08:14.308692 - GSETTINGS REGISTRY: speech/speak-position-in-set using default value = False
10:08:14.308701 - GSETTINGS SCHEMA HANDLE: speech/speak-widget-mnemonic not set [app:accessibility_probe, profile:default]
10:08:14.308704 - GSETTINGS REGISTRY: speech/speak-widget-mnemonic using default value = True
10:08:14.308713 - GSETTINGS SCHEMA HANDLE: speech/speak-blank-lines not set [app:accessibility_probe, profile:default]
10:08:14.308716 - GSETTINGS REGISTRY: speech/speak-blank-lines using default value = True
10:08:14.308727 - GSETTINGS SCHEMA HANDLE: speech/speak-indentation-and-justification not set [app:accessibility_probe, profile:default]
10:08:14.308730 - GSETTINGS REGISTRY: speech/speak-indentation-and-justification using default value = False
10:08:14.308741 - GSETTINGS SCHEMA HANDLE: speech/announce-cell-headers not set [app:accessibility_probe, profile:default]
10:08:14.308744 - GSETTINGS REGISTRY: speech/announce-cell-headers using default value = True
10:08:14.308753 - GSETTINGS SCHEMA HANDLE: speech/announce-cell-coordinates not set [app:accessibility_probe, profile:default]
10:08:14.308756 - GSETTINGS REGISTRY: speech/announce-cell-coordinates using default value = True
10:08:14.308766 - GSETTINGS SCHEMA HANDLE: speech/announce-spreadsheet-cell-coordinates not set [app:accessibility_probe, profile:default]
10:08:14.308769 - GSETTINGS REGISTRY: speech/announce-spreadsheet-cell-coordinates using default value = True
10:08:14.308779 - GSETTINGS SCHEMA HANDLE: speech/announce-blockquote not set [app:accessibility_probe, profile:default]
10:08:14.308782 - GSETTINGS REGISTRY: speech/announce-blockquote using default value = True
10:08:14.308791 - GSETTINGS SCHEMA HANDLE: speech/announce-form not set [app:accessibility_probe, profile:default]
10:08:14.308794 - GSETTINGS REGISTRY: speech/announce-form using default value = True
10:08:14.308803 - GSETTINGS SCHEMA HANDLE: speech/announce-landmark not set [app:accessibility_probe, profile:default]
10:08:14.308807 - GSETTINGS REGISTRY: speech/announce-landmark using default value = True
10:08:14.308816 - GSETTINGS SCHEMA HANDLE: speech/announce-list not set [app:accessibility_probe, profile:default]
10:08:14.308819 - GSETTINGS REGISTRY: speech/announce-list using default value = True
10:08:14.308828 - GSETTINGS SCHEMA HANDLE: speech/announce-grouping not set [app:accessibility_probe, profile:default]
10:08:14.308831 - GSETTINGS REGISTRY: speech/announce-grouping using default value = True
10:08:14.308841 - GSETTINGS SCHEMA HANDLE: speech/announce-table not set [app:accessibility_probe, profile:default]
10:08:14.308844 - GSETTINGS REGISTRY: speech/announce-table using default value = True
10:08:14.308865 - GSETTINGS SCHEMA HANDLE: voice/established not set [app:accessibility_probe, profile:default]
10:08:14.308877 - GSETTINGS SCHEMA HANDLE: voice/rate not set [app:accessibility_probe, profile:default]
10:08:14.308888 - GSETTINGS SCHEMA HANDLE: voice/pitch not set [app:accessibility_probe, profile:default]
10:08:14.308900 - GSETTINGS SCHEMA HANDLE: voice/volume not set [app:accessibility_probe, profile:default]
10:08:14.308912 - GSETTINGS SCHEMA HANDLE: voice/family-name not set [app:accessibility_probe, profile:default]
10:08:14.308923 - GSETTINGS SCHEMA HANDLE: voice/family-lang not set [app:accessibility_probe, profile:default]
10:08:14.308932 - GSETTINGS SCHEMA HANDLE: voice/family-dialect not set [app:accessibility_probe, profile:default]
10:08:14.308942 - GSETTINGS SCHEMA HANDLE: voice/family-gender not set [app:accessibility_probe, profile:default]
10:08:14.308956 - GSETTINGS SCHEMA HANDLE: voice/family-variant not set [app:accessibility_probe, profile:default]
10:08:14.308986 - SPEECH GENERATOR: None voice requested for None language='', dialect='' Unmodified voice={'established': False}
10:08:14.309010 - SPEECH GENERATOR: Reported locale of None is 
10:08:14.309024 - SPEECH GENERATOR: Updated to: 'C', ''
10:08:14.309040 - GSETTINGS SCHEMA HANDLE: speech/auto-language-switching not set [app:accessibility_probe, profile:default]
10:08:14.309044 - GSETTINGS REGISTRY: speech/auto-language-switching using default value = True
10:08:14.309052 - SPEECH DISPATCHER: Returning cached result for language='C' dialect='' variant='None'
10:08:14.309090 - SPEECH GENERATOR: Family updated to {'dialect': '', 'lang': 'C', 'name': ''}
10:08:14.309133 - SPEECH GENERATOR: Final voice is {'established': 'False', 'family': "{'dialect': '', 'lang': 'C', 'name': ''}"}
10:08:14.309155 - GSETTINGS SCHEMA HANDLE: keybindings/keyboard-layout not set [app:accessibility_probe, profile:default]
10:08:14.309160 - GSETTINGS REGISTRY: keybindings/keyboard-layout using default value = 'desktop'
10:08:14.309171 - GSETTINGS SCHEMA HANDLE: keybindings/desktop-modifier-keys not set [app:accessibility_probe, profile:default]
10:08:14.309176 - GSETTINGS REGISTRY: keybindings/desktop-modifier-keys using default value = ['Insert', 'KP_Insert']
10:08:14.309185 - SPEECH OUTPUT: 'left control' {'established': False, 'family': {'name': '', 'gender': None, 'lang': 'C', 'dialect': '', 'variant': None}}
10:08:14.309199 - GSETTINGS SCHEMA HANDLE: keybindings/keyboard-layout not set [app:accessibility_probe, profile:default]
10:08:14.309202 - GSETTINGS REGISTRY: keybindings/keyboard-layout using default value = 'desktop'
10:08:14.309212 - GSETTINGS SCHEMA HANDLE: keybindings/desktop-modifier-keys not set [app:accessibility_probe, profile:default]
10:08:14.309216 - GSETTINGS REGISTRY: keybindings/desktop-modifier-keys using default value = ['Insert', 'KP_Insert']
10:08:14.309223 - SPEECH DISPATCHER: Speaking 'left control' as string
10:08:14.309227 - SPEECH DISPATCHER: Speaking 'left control' as string
10:08:14.309679 - SPEECH DISPATCHER: Speaking '<speak><mark name="0:4"/>left <mark name="5:12"/>control</speak>' 
                  ORCA rate 50.0, pitch 5.0, volume 10.0, language C, punctuation: MOST
                  SD rate 2, pitch 10, volume 100, language c
10:08:14.309761 - TOTAL PROCESSING TIME: 0.0026
^^^^^ PROCESS ATSPI_KEY_PRESSED_EVENT: 'Control_L' (37) ^^^^^

10:08:14.311617 - GSETTINGS SCHEMA HANDLE: keybindings/keyboard-layout not set [app:accessibility_probe, profile:default]
10:08:14.311646 - GSETTINGS REGISTRY: keybindings/keyboard-layout using default value = 'desktop'
10:08:14.311664 - GSETTINGS SCHEMA HANDLE: keybindings/desktop-modifier-keys not set [app:accessibility_probe, profile:default]
10:08:14.311671 - GSETTINGS REGISTRY: keybindings/desktop-modifier-keys using default value = ['Insert', 'KP_Insert']
10:08:14.311679 - ORCA MODIFIER MANAGER: Setting pressed state to True
10:08:14.311717 - FOCUS MANAGER: Active window is [frame: 'Reactive TUI App accessibility round 1' (0x7e31017208c0)]  <unknown>.<module>:373 > input_event_manager._on_key_pressed:261 > input_event_manager.process_keyboard_event:297 > focus_manager.get_active_window:342
10:08:14.311963 - AXObject: Clearing AT-SPI cache on [frame: 'Reactive TUI App accessibility round 1' (0x7e31017208c0)]  Recursive: False.  Reason: Checking if window can be the active window
10:08:14.313424 - AXUtilities: [frame: 'Reactive TUI App accessibility round 1' (0x7e31017208c0)]  from [application: 'accessibility_probe' (0x7e31000ea340)]  can be active window
10:08:14.313600 - FOCUS MANAGER: Locus of focus is [button: 'Advance download' (0x7e30eaf8fe00)] 
10:08:14.313743 - SCRIPT MANAGER: Active script is: accessibility_probe (module=orca.scripts.default)
10:08:14.313902 - GSETTINGS SCHEMA HANDLE: keybindings/keyboard-layout not set [app:accessibility_probe, profile:default]
10:08:14.313909 - GSETTINGS REGISTRY: keybindings/keyboard-layout using default value = 'desktop'
10:08:14.313923 - GSETTINGS SCHEMA HANDLE: keybindings/desktop-modifier-keys not set [app:accessibility_probe, profile:default]
10:08:14.313928 - GSETTINGS REGISTRY: keybindings/desktop-modifier-keys using default value = ['Insert', 'KP_Insert']

KEYBOARD_EVENT:  type=ATSPI_KEY_PRESSED_EVENT
                 id=65379
                 hw_code=118
                 modifiers=4356
                 text=''
                 keyval_name='Insert'
                 timestamp=1789049294.311578
                 clickCount=1

vvvvv PROCESS ATSPI_KEY_PRESSED_EVENT: 'Insert' (118) vvvvv
10:08:14.313967 - SCRIPT: accessibility_probe (module=orca.scripts.default)
10:08:14.313985 - WINDOW: [frame: 'Reactive TUI App accessibility round 1' (0x7e31017208c0)] 
10:08:14.313998 - LOCATION: [button: 'Advance download' (0x7e30eaf8fe00)] 
10:08:14.314022 - GSETTINGS SCHEMA HANDLE: keybindings/keyboard-layout not set [app:accessibility_probe, profile:default]
10:08:14.314027 - GSETTINGS REGISTRY: keybindings/keyboard-layout using default value = 'desktop'
10:08:14.314038 - GSETTINGS SCHEMA HANDLE: keybindings/desktop-modifier-keys not set [app:accessibility_probe, profile:default]
10:08:14.314043 - GSETTINGS REGISTRY: keybindings/desktop-modifier-keys using default value = ['Insert', 'KP_Insert']
10:08:14.314050 - PRESENTATION MANAGER: Interrupting presentation
10:08:14.314079 - SPEECH MANAGER: interrupt_speech. Script: None Event: None notify_user: False
10:08:14.314356 - SPEECH MANAGER: Speech server is <orca.speechdispatcherfactory.SpeechServer object at 0x7e310098d6a0>
10:08:14.317209 - BRAILLE: Kill flash message input_event._present:603 > presentation_manager.interrupt_presentation:88 > braille_presenter.kill_flash:1829 > braille.kill_flash:2182
10:08:14.317536 - TYPING ECHO PRESENTER: should_echo_keyboard_event: 'insert'?
10:08:14.317562 - GSETTINGS SCHEMA HANDLE: keybindings/keyboard-layout not set [app:accessibility_probe, profile:default]
10:08:14.317568 - GSETTINGS REGISTRY: keybindings/keyboard-layout using default value = 'desktop'
10:08:14.317580 - GSETTINGS SCHEMA HANDLE: keybindings/desktop-modifier-keys not set [app:accessibility_probe, profile:default]
10:08:14.317585 - GSETTINGS REGISTRY: keybindings/desktop-modifier-keys using default value = ['Insert', 'KP_Insert']
10:08:14.317602 - GSETTINGS SCHEMA HANDLE: typing-echo/key-echo not set [app:accessibility_probe, profile:default]
10:08:14.317606 - GSETTINGS REGISTRY: typing-echo/key-echo using default value = True
10:08:14.317617 - GSETTINGS SCHEMA HANDLE: typing-echo/modifier-keys not set [app:accessibility_probe, profile:default]
10:08:14.317621 - GSETTINGS REGISTRY: typing-echo/modifier-keys using default value = True
10:08:14.317625 - TYPING ECHO PRESENTER: Echoing modifier Orca modifier event: True.
10:08:14.317643 - GSETTINGS SCHEMA HANDLE: keybindings/keyboard-layout not set [app:accessibility_probe, profile:default]
10:08:14.317647 - GSETTINGS REGISTRY: keybindings/keyboard-layout using default value = 'desktop'
10:08:14.317657 - GSETTINGS SCHEMA HANDLE: keybindings/desktop-modifier-keys not set [app:accessibility_probe, profile:default]
10:08:14.317660 - GSETTINGS REGISTRY: keybindings/desktop-modifier-keys using default value = ['Insert', 'KP_Insert']
10:08:14.317682 - SCRIPT MANAGER: Active script is: accessibility_probe (module=orca.scripts.default)
10:08:14.317707 - FOCUS MANAGER: Active mode: focus-tracking Object of interest: [button: 'Advance download' (0x7e30eaf8fe00)] 
10:08:14.317722 - GSETTINGS SCHEMA HANDLE: speech/enable not set [app:accessibility_probe, profile:default]
10:08:14.317729 - GSETTINGS REGISTRY: speech/enable using default value = True
10:08:14.317742 - GSETTINGS SCHEMA HANDLE: speech/verbosity-level not set [app:accessibility_probe, profile:default]
10:08:14.317745 - GSETTINGS REGISTRY: speech/verbosity-level using default value = 'verbose'
10:08:14.317758 - FOCUS MANAGER: Locus of focus is [button: 'Advance download' (0x7e30eaf8fe00)] 
10:08:14.317772 - SCRIPT MANAGER: Active script is: accessibility_probe (module=orca.scripts.default)
10:08:14.317785 - GSETTINGS SCHEMA HANDLE: speech/only-speak-displayed-text not set [app:accessibility_probe, profile:default]
10:08:14.317789 - GSETTINGS REGISTRY: speech/only-speak-displayed-text using default value = False
10:08:14.317799 - GSETTINGS SCHEMA HANDLE: speech/speak-description not set [app:accessibility_probe, profile:default]
10:08:14.317803 - GSETTINGS REGISTRY: speech/speak-description using default value = True
10:08:14.317813 - GSETTINGS SCHEMA HANDLE: speech/speak-tutorial-messages not set [app:accessibility_probe, profile:default]
10:08:14.317816 - GSETTINGS REGISTRY: speech/speak-tutorial-messages using default value = True
10:08:14.317827 - GSETTINGS SCHEMA HANDLE: speech/speak-position-in-set not set [app:accessibility_probe, profile:default]
10:08:14.317830 - GSETTINGS REGISTRY: speech/speak-position-in-set using default value = False
10:08:14.317839 - GSETTINGS SCHEMA HANDLE: speech/speak-widget-mnemonic not set [app:accessibility_probe, profile:default]
10:08:14.317842 - GSETTINGS REGISTRY: speech/speak-widget-mnemonic using default value = True
10:08:14.317852 - GSETTINGS SCHEMA HANDLE: speech/speak-blank-lines not set [app:accessibility_probe, profile:default]
10:08:14.317855 - GSETTINGS REGISTRY: speech/speak-blank-lines using default value = True
10:08:14.317865 - GSETTINGS SCHEMA HANDLE: speech/speak-indentation-and-justification not set [app:accessibility_probe, profile:default]
10:08:14.317869 - GSETTINGS REGISTRY: speech/speak-indentation-and-justification using default value = False
10:08:14.317878 - GSETTINGS SCHEMA HANDLE: speech/announce-cell-headers not set [app:accessibility_probe, profile:default]
10:08:14.317881 - GSETTINGS REGISTRY: speech/announce-cell-headers using default value = True
10:08:14.317891 - GSETTINGS SCHEMA HANDLE: speech/announce-cell-coordinates not set [app:accessibility_probe, profile:default]
10:08:14.317894 - GSETTINGS REGISTRY: speech/announce-cell-coordinates using default value = True
10:08:14.317903 - GSETTINGS SCHEMA HANDLE: speech/announce-spreadsheet-cell-coordinates not set [app:accessibility_probe, profile:default]
10:08:14.317907 - GSETTINGS REGISTRY: speech/announce-spreadsheet-cell-coordinates using default value = True
10:08:14.317916 - GSETTINGS SCHEMA HANDLE: speech/announce-blockquote not set [app:accessibility_probe, profile:default]
10:08:14.317919 - GSETTINGS REGISTRY: speech/announce-blockquote using default value = True
10:08:14.317928 - GSETTINGS SCHEMA HANDLE: speech/announce-form not set [app:accessibility_probe, profile:default]
10:08:14.317931 - GSETTINGS REGISTRY: speech/announce-form using default value = True
10:08:14.317940 - GSETTINGS SCHEMA HANDLE: speech/announce-landmark not set [app:accessibility_probe, profile:default]
10:08:14.317943 - GSETTINGS REGISTRY: speech/announce-landmark using default value = True
10:08:14.317952 - GSETTINGS SCHEMA HANDLE: speech/announce-list not set [app:accessibility_probe, profile:default]
10:08:14.317955 - GSETTINGS REGISTRY: speech/announce-list using default value = True
10:08:14.317964 - GSETTINGS SCHEMA HANDLE: speech/announce-grouping not set [app:accessibility_probe, profile:default]
10:08:14.317967 - GSETTINGS REGISTRY: speech/announce-grouping using default value = True
10:08:14.317979 - GSETTINGS SCHEMA HANDLE: speech/announce-table not set [app:accessibility_probe, profile:default]
10:08:14.317983 - GSETTINGS REGISTRY: speech/announce-table using default value = True
10:08:14.318004 - GSETTINGS SCHEMA HANDLE: voice/established not set [app:accessibility_probe, profile:default]
10:08:14.318019 - GSETTINGS SCHEMA HANDLE: voice/rate not set [app:accessibility_probe, profile:default]
10:08:14.318030 - GSETTINGS SCHEMA HANDLE: voice/pitch not set [app:accessibility_probe, profile:default]
10:08:14.318041 - GSETTINGS SCHEMA HANDLE: voice/volume not set [app:accessibility_probe, profile:default]
10:08:14.318052 - GSETTINGS SCHEMA HANDLE: voice/family-name not set [app:accessibility_probe, profile:default]
10:08:14.318063 - GSETTINGS SCHEMA HANDLE: voice/family-lang not set [app:accessibility_probe, profile:default]
10:08:14.318073 - GSETTINGS SCHEMA HANDLE: voice/family-dialect not set [app:accessibility_probe, profile:default]
10:08:14.318083 - GSETTINGS SCHEMA HANDLE: voice/family-gender not set [app:accessibility_probe, profile:default]
10:08:14.318093 - GSETTINGS SCHEMA HANDLE: voice/family-variant not set [app:accessibility_probe, profile:default]
10:08:14.318119 - SPEECH GENERATOR: None voice requested for None language='', dialect='' Unmodified voice={'established': False}
10:08:14.318140 - SPEECH GENERATOR: Reported locale of None is 
10:08:14.318154 - SPEECH GENERATOR: Updated to: 'C', ''
10:08:14.318170 - GSETTINGS SCHEMA HANDLE: speech/auto-language-switching not set [app:accessibility_probe, profile:default]
10:08:14.318174 - GSETTINGS REGISTRY: speech/auto-language-switching using default value = True
10:08:14.318182 - SPEECH DISPATCHER: Returning cached result for language='C' dialect='' variant='None'
10:08:14.318223 - SPEECH GENERATOR: Family updated to {'dialect': '', 'lang': 'C', 'name': ''}
10:08:14.318264 - SPEECH GENERATOR: Final voice is {'established': 'False', 'family': "{'dialect': '', 'lang': 'C', 'name': ''}"}
10:08:14.318285 - GSETTINGS SCHEMA HANDLE: keybindings/keyboard-layout not set [app:accessibility_probe, profile:default]
10:08:14.318289 - GSETTINGS REGISTRY: keybindings/keyboard-layout using default value = 'desktop'
10:08:14.318300 - GSETTINGS SCHEMA HANDLE: keybindings/desktop-modifier-keys not set [app:accessibility_probe, profile:default]
10:08:14.318304 - GSETTINGS REGISTRY: keybindings/desktop-modifier-keys using default value = ['Insert', 'KP_Insert']
10:08:14.318310 - SPEECH OUTPUT: 'insert' {'established': False, 'family': {'name': '', 'gender': None, 'lang': 'C', 'dialect': '', 'variant': None}}
10:08:14.318324 - GSETTINGS SCHEMA HANDLE: keybindings/keyboard-layout not set [app:accessibility_probe, profile:default]
10:08:14.318328 - GSETTINGS REGISTRY: keybindings/keyboard-layout using default value = 'desktop'
10:08:14.318338 - GSETTINGS SCHEMA HANDLE: keybindings/desktop-modifier-keys not set [app:accessibility_probe, profile:default]
10:08:14.318341 - GSETTINGS REGISTRY: keybindings/desktop-modifier-keys using default value = ['Insert', 'KP_Insert']
10:08:14.318346 - SPEECH DISPATCHER: Speaking 'insert' as string
10:08:14.318349 - SPEECH DISPATCHER: Speaking 'insert' as string
10:08:14.318504 - SPEECH DISPATCHER: Speaking '<speak><mark name="0:6"/>insert</speak>' 
                  ORCA rate 50.0, pitch 5.0, volume 10.0, language C, punctuation: MOST
                  SD rate 2, pitch 10, volume 100, language c
10:08:14.318567 - TOTAL PROCESSING TIME: 0.0046
^^^^^ PROCESS ATSPI_KEY_PRESSED_EVENT: 'Insert' (118) ^^^^^

10:08:14.318611 - GSETTINGS SCHEMA HANDLE: keybindings/keyboard-layout not set [app:accessibility_probe, profile:default]
10:08:14.318620 - GSETTINGS REGISTRY: keybindings/keyboard-layout using default value = 'desktop'
10:08:14.318639 - GSETTINGS SCHEMA HANDLE: keybindings/desktop-modifier-keys not set [app:accessibility_probe, profile:default]
10:08:14.318646 - GSETTINGS REGISTRY: keybindings/desktop-modifier-keys using default value = ['Insert', 'KP_Insert']
10:08:14.318730 - GSETTINGS SCHEMA HANDLE: keybindings/keyboard-layout not set [app:accessibility_probe, profile:default]
10:08:14.318737 - GSETTINGS REGISTRY: keybindings/keyboard-layout using default value = 'desktop'
10:08:14.318754 - GSETTINGS SCHEMA HANDLE: keybindings/desktop-modifier-keys not set [app:accessibility_probe, profile:default]
10:08:14.318765 - GSETTINGS REGISTRY: keybindings/desktop-modifier-keys using default value = ['Insert', 'KP_Insert']
10:08:14.318799 - FOCUS MANAGER: Active window is [frame: 'Reactive TUI App accessibility round 1' (0x7e31017208c0)]  <unknown>.<module>:373 > input_event_manager._on_key_pressed:261 > input_event_manager.process_keyboard_event:297 > focus_manager.get_active_window:342
10:08:14.319171 - AXObject: Clearing AT-SPI cache on [frame: 'Reactive TUI App accessibility round 1' (0x7e31017208c0)]  Recursive: False.  Reason: Checking if window can be the active window
10:08:14.320560 - AXUtilities: [frame: 'Reactive TUI App accessibility round 1' (0x7e31017208c0)]  from [application: 'accessibility_probe' (0x7e31000ea340)]  can be active window
10:08:14.320728 - FOCUS MANAGER: Locus of focus is [button: 'Advance download' (0x7e30eaf8fe00)] 
10:08:14.320872 - SCRIPT MANAGER: Active script is: accessibility_probe (module=orca.scripts.default)
10:08:14.321052 - GSETTINGS SCHEMA HANDLE: keybindings/keyboard-layout not set [app:accessibility_probe, profile:default]
10:08:14.321063 - GSETTINGS REGISTRY: keybindings/keyboard-layout using default value = 'desktop'
10:08:14.321077 - GSETTINGS SCHEMA HANDLE: keybindings/desktop-modifier-keys not set [app:accessibility_probe, profile:default]
10:08:14.321082 - GSETTINGS REGISTRY: keybindings/desktop-modifier-keys using default value = ['Insert', 'KP_Insert']

KEYBOARD_EVENT:  type=ATSPI_KEY_PRESSED_EVENT
                 id=65361
                 hw_code=113
                 modifiers=4356
                 text=''
                 keyval_name='Left'
                 timestamp=1789049294.3187099
                 clickCount=1

vvvvv PROCESS ATSPI_KEY_PRESSED_EVENT: 'Left' (113) vvvvv
10:08:14.321119 - SCRIPT: accessibility_probe (module=orca.scripts.default)
10:08:14.321134 - WINDOW: [frame: 'Reactive TUI App accessibility round 1' (0x7e31017208c0)] 
10:08:14.321146 - LOCATION: [button: 'Advance download' (0x7e30eaf8fe00)] 
10:08:14.321181 - COMMAND: object_navigator_previous
10:08:14.321205 - GSETTINGS SCHEMA HANDLE: keybindings/keyboard-layout not set [app:accessibility_probe, profile:default]
10:08:14.321210 - GSETTINGS REGISTRY: keybindings/keyboard-layout using default value = 'desktop'
10:08:14.321222 - GSETTINGS SCHEMA HANDLE: keybindings/desktop-modifier-keys not set [app:accessibility_probe, profile:default]
10:08:14.321227 - GSETTINGS REGISTRY: keybindings/desktop-modifier-keys using default value = ['Insert', 'KP_Insert']
10:08:14.321233 - PRESENTATION MANAGER: Interrupting presentation
10:08:14.321262 - SPEECH MANAGER: interrupt_speech. Script: None Event: None notify_user: False
10:08:14.321622 - SPEECH MANAGER: Speech server is <orca.speechdispatcherfactory.SpeechServer object at 0x7e310098d6a0>
10:08:14.321720 - BRAILLE: Kill flash message input_event._present:603 > presentation_manager.interrupt_presentation:88 > braille_presenter.kill_flash:1829 > braille.kill_flash:2182
10:08:14.322127 - TYPING ECHO PRESENTER: should_echo_keyboard_event: 'left'?
10:08:14.322168 - GSETTINGS SCHEMA HANDLE: keybindings/keyboard-layout not set [app:accessibility_probe, profile:default]
10:08:14.322176 - GSETTINGS REGISTRY: keybindings/keyboard-layout using default value = 'desktop'
10:08:14.322190 - GSETTINGS SCHEMA HANDLE: keybindings/desktop-modifier-keys not set [app:accessibility_probe, profile:default]
10:08:14.322196 - GSETTINGS REGISTRY: keybindings/desktop-modifier-keys using default value = ['Insert', 'KP_Insert']
10:08:14.322206 - TYPING ECHO PRESENTER: Not echoing keyboard event: modifier.
10:08:14.322222 - TOTAL PROCESSING TIME: 0.0011
^^^^^ PROCESS ATSPI_KEY_PRESSED_EVENT: 'Left' (113) ^^^^^

10:08:14.322249 - GSETTINGS SCHEMA HANDLE: keybindings/keyboard-layout not set [app:accessibility_probe, profile:default]
10:08:14.322254 - GSETTINGS REGISTRY: keybindings/keyboard-layout using default value = 'desktop'
10:08:14.322265 - GSETTINGS SCHEMA HANDLE: keybindings/desktop-modifier-keys not set [app:accessibility_probe, profile:default]
10:08:14.322274 - GSETTINGS REGISTRY: keybindings/desktop-modifier-keys using default value = ['Insert', 'KP_Insert']
10:08:14.322355 - GSETTINGS SCHEMA HANDLE: keybindings/keyboard-layout not set [app:accessibility_probe, profile:default]
10:08:14.322360 - GSETTINGS REGISTRY: keybindings/keyboard-layout using default value = 'desktop'
10:08:14.322371 - GSETTINGS SCHEMA HANDLE: keybindings/desktop-modifier-keys not set [app:accessibility_probe, profile:default]
10:08:14.322375 - GSETTINGS REGISTRY: keybindings/desktop-modifier-keys using default value = ['Insert', 'KP_Insert']
10:08:14.322810 - GSETTINGS SCHEMA HANDLE: keybindings/keyboard-layout not set [app:accessibility_probe, profile:default]
10:08:14.322817 - GSETTINGS REGISTRY: keybindings/keyboard-layout using default value = 'desktop'
10:08:14.322829 - GSETTINGS SCHEMA HANDLE: keybindings/desktop-modifier-keys not set [app:accessibility_probe, profile:default]
10:08:14.322834 - GSETTINGS REGISTRY: keybindings/desktop-modifier-keys using default value = ['Insert', 'KP_Insert']

KEYBOARD_EVENT:  type=ATSPI_KEY_RELEASED_EVENT
                 id=65361
                 hw_code=113
                 modifiers=4356
                 text=''
                 keyval_name='Left'
                 timestamp=1789049294.3223414
                 clickCount=1

vvvvv PROCESS ATSPI_KEY_RELEASED_EVENT: 'Left' (113) vvvvv
10:08:14.322872 - SCRIPT: accessibility_probe (module=orca.scripts.default)
10:08:14.322888 - WINDOW: [frame: 'Reactive TUI App accessibility round 1' (0x7e31017208c0)] 
10:08:14.322900 - LOCATION: [button: 'Advance download' (0x7e30eaf8fe00)] 
10:08:14.322923 - COMMAND: object_navigator_previous
10:08:14.322941 - GSETTINGS SCHEMA HANDLE: keybindings/keyboard-layout not set [app:accessibility_probe, profile:default]
10:08:14.322946 - GSETTINGS REGISTRY: keybindings/keyboard-layout using default value = 'desktop'
10:08:14.322957 - GSETTINGS SCHEMA HANDLE: keybindings/desktop-modifier-keys not set [app:accessibility_probe, profile:default]
10:08:14.322961 - GSETTINGS REGISTRY: keybindings/desktop-modifier-keys using default value = ['Insert', 'KP_Insert']
10:08:14.322972 - TOTAL PROCESSING TIME: 0.0001
^^^^^ PROCESS ATSPI_KEY_RELEASED_EVENT: 'Left' (113) ^^^^^

10:08:14.323018 - GSETTINGS SCHEMA HANDLE: keybindings/keyboard-layout not set [app:accessibility_probe, profile:default]
10:08:14.323022 - GSETTINGS REGISTRY: keybindings/keyboard-layout using default value = 'desktop'
10:08:14.323032 - GSETTINGS SCHEMA HANDLE: keybindings/desktop-modifier-keys not set [app:accessibility_probe, profile:default]
10:08:14.323036 - GSETTINGS REGISTRY: keybindings/desktop-modifier-keys using default value = ['Insert', 'KP_Insert']
10:08:14.323104 - GSETTINGS SCHEMA HANDLE: keybindings/keyboard-layout not set [app:accessibility_probe, profile:default]
10:08:14.323110 - GSETTINGS REGISTRY: keybindings/keyboard-layout using default value = 'desktop'
10:08:14.323120 - GSETTINGS SCHEMA HANDLE: keybindings/desktop-modifier-keys not set [app:accessibility_probe, profile:default]
10:08:14.323124 - GSETTINGS REGISTRY: keybindings/desktop-modifier-keys using default value = ['Insert', 'KP_Insert']
10:08:14.323129 - ORCA MODIFIER MANAGER: Setting pressed state to False
10:08:14.323551 - GSETTINGS SCHEMA HANDLE: keybindings/keyboard-layout not set [app:accessibility_probe, profile:default]
10:08:14.323558 - GSETTINGS REGISTRY: keybindings/keyboard-layout using default value = 'desktop'
10:08:14.323569 - GSETTINGS SCHEMA HANDLE: keybindings/desktop-modifier-keys not set [app:accessibility_probe, profile:default]
10:08:14.323573 - GSETTINGS REGISTRY: keybindings/desktop-modifier-keys using default value = ['Insert', 'KP_Insert']

KEYBOARD_EVENT:  type=ATSPI_KEY_RELEASED_EVENT
                 id=65379
                 hw_code=118
                 modifiers=4
                 text=''
                 keyval_name='Insert'
                 timestamp=1789049294.3230925
                 clickCount=1

vvvvv PROCESS ATSPI_KEY_RELEASED_EVENT: 'Insert' (118) vvvvv
10:08:14.323607 - SCRIPT: accessibility_probe (module=orca.scripts.default)
10:08:14.323625 - WINDOW: [frame: 'Reactive TUI App accessibility round 1' (0x7e31017208c0)] 
10:08:14.323637 - LOCATION: [button: 'Advance download' (0x7e30eaf8fe00)] 
10:08:14.323654 - GSETTINGS SCHEMA HANDLE: keybindings/keyboard-layout not set [app:accessibility_probe, profile:default]
10:08:14.323658 - GSETTINGS REGISTRY: keybindings/keyboard-layout using default value = 'desktop'
10:08:14.323668 - GSETTINGS SCHEMA HANDLE: keybindings/desktop-modifier-keys not set [app:accessibility_probe, profile:default]
10:08:14.323672 - GSETTINGS REGISTRY: keybindings/desktop-modifier-keys using default value = ['Insert', 'KP_Insert']
10:08:14.323683 - TOTAL PROCESSING TIME: 0.0001
^^^^^ PROCESS ATSPI_KEY_RELEASED_EVENT: 'Insert' (118) ^^^^^

10:08:14.323704 - GSETTINGS SCHEMA HANDLE: keybindings/keyboard-layout not set [app:accessibility_probe, profile:default]
10:08:14.323708 - GSETTINGS REGISTRY: keybindings/keyboard-layout using default value = 'desktop'
10:08:14.323718 - GSETTINGS SCHEMA HANDLE: keybindings/desktop-modifier-keys not set [app:accessibility_probe, profile:default]
10:08:14.323722 - GSETTINGS REGISTRY: keybindings/desktop-modifier-keys using default value = ['Insert', 'KP_Insert']
10:08:14.324062 - GSETTINGS SCHEMA HANDLE: keybindings/keyboard-layout not set [app:accessibility_probe, profile:default]
10:08:14.324069 - GSETTINGS REGISTRY: keybindings/keyboard-layout using default value = 'desktop'
10:08:14.324080 - GSETTINGS SCHEMA HANDLE: keybindings/desktop-modifier-keys not set [app:accessibility_probe, profile:default]
10:08:14.324084 - GSETTINGS REGISTRY: keybindings/desktop-modifier-keys using default value = ['Insert', 'KP_Insert']

KEYBOARD_EVENT:  type=ATSPI_KEY_RELEASED_EVENT
                 id=65507
                 hw_code=37
                 modifiers=4
                 text=''
                 keyval_name='Control_L'
                 timestamp=1789049294.3240502
                 clickCount=1

vvvvv PROCESS ATSPI_KEY_RELEASED_EVENT: 'Control_L' (37) vvvvv
10:08:14.324505 - SCRIPT: accessibility_probe (module=orca.scripts.default)
10:08:14.324520 - WINDOW: [frame: 'Reactive TUI App accessibility round 1' (0x7e31017208c0)] 
10:08:14.324540 - LOCATION: [button: 'Advance download' (0x7e30eaf8fe00)] 
10:08:14.324561 - GSETTINGS SCHEMA HANDLE: keybindings/keyboard-layout not set [app:accessibility_probe, profile:default]
10:08:14.324565 - GSETTINGS REGISTRY: keybindings/keyboard-layout using default value = 'desktop'
10:08:14.324576 - GSETTINGS SCHEMA HANDLE: keybindings/desktop-modifier-keys not set [app:accessibility_probe, profile:default]
10:08:14.324580 - GSETTINGS REGISTRY: keybindings/desktop-modifier-keys using default value = ['Insert', 'KP_Insert']
10:08:14.324590 - TOTAL PROCESSING TIME: 0.0001
^^^^^ PROCESS ATSPI_KEY_RELEASED_EVENT: 'Control_L' (37) ^^^^^


vvvvv HANDLE ATSPI_KEY_PRESSED_EVENT: 'Left' (113) vvvvv
10:08:14.324702 - OBJECT NAVIGATOR: move_to_previous_sibling. Script: accessibility_probe (module=orca.scripts.default) Event: KEYBOARD_EVENT:  type=ATSPI_KEY_PRESSED_EVENT
                                   id=65361
                                   hw_code=113
                                   modifiers=4356
                                   text=''
                                   keyval_name='Left'
                                   timestamp=1789049294.3187099
                                   clickCount=1 notify_user: True
10:08:14.324729 - FOCUS MANAGER: Active mode: focus-tracking Object of interest: [button: 'Advance download' (0x7e30eaf8fe00)] 
10:08:14.324755 - OBJECT NAVIGATOR: Not excluding [frame: 'Reactive TUI App accessibility round 1' (0x7e31017208c0)] 
10:08:14.327100 - OBJECT NAVIGATOR: Not excluding [progress bar: 'Download progress' (0x7e30eafbd280)] 
10:08:14.327296 - OBJECT NAVIGATOR: Not excluding [button: 'Advance download' (0x7e30eaf8fe00)] 
10:08:14.327473 - OBJECT NAVIGATOR: Not excluding [progress bar: 'Waiting for download' (0x7e30eafbd580)] 
10:08:14.327706 - OBJECT NAVIGATOR: Not excluding [progress bar: 'Invalid download' (0x7e30eafbd480)] 
10:08:14.327970 - OBJECT NAVIGATOR: Not excluding [progress bar: 'Completed download' (0x7e30eafbd640)] 
10:08:14.328008 - OBJECT NAVIGATOR: Presenting [progress bar: 'Download progress' (0x7e30eafbd280)] 
10:08:14.328056 - FOCUS MANAGER: Switching mode from focus-tracking to object-navigator
10:08:14.328079 - FOCUS MANAGER: Region of interest: [progress bar: 'Download progress' (0x7e30eafbd280)]  (0, 0)
10:08:14.328110 - FOCUS MANAGER: Switching object of interest from [button: 'Advance download' (0x7e30eaf8fe00)]  to [progress bar: 'Download progress' (0x7e30eafbd280)] 
10:08:14.328133 - DEFAULT: Presenting object [progress bar: 'Download progress' (0x7e30eafbd280)] . Interrupt: False
10:08:14.328161 - FOCUS MANAGER: Active mode: object-navigator Object of interest: [progress bar: 'Download progress' (0x7e30eafbd280)] 
10:08:14.328187 - GSETTINGS SCHEMA HANDLE: speech/enable not set [app:accessibility_probe, profile:default]
10:08:14.328193 - GSETTINGS REGISTRY: speech/enable using default value = True
10:08:14.328214 - GSETTINGS SCHEMA HANDLE: speech/verbosity-level not set [app:accessibility_probe, profile:default]
10:08:14.328218 - GSETTINGS REGISTRY: speech/verbosity-level using default value = 'verbose'
10:08:14.328232 - FOCUS MANAGER: Locus of focus is [button: 'Advance download' (0x7e30eaf8fe00)] 
10:08:14.328246 - SCRIPT MANAGER: Active script is: accessibility_probe (module=orca.scripts.default)
10:08:14.328260 - GSETTINGS SCHEMA HANDLE: speech/only-speak-displayed-text not set [app:accessibility_probe, profile:default]
10:08:14.328264 - GSETTINGS REGISTRY: speech/only-speak-displayed-text using default value = False
10:08:14.328274 - GSETTINGS SCHEMA HANDLE: speech/speak-description not set [app:accessibility_probe, profile:default]
10:08:14.328278 - GSETTINGS REGISTRY: speech/speak-description using default value = True
10:08:14.328288 - GSETTINGS SCHEMA HANDLE: speech/speak-tutorial-messages not set [app:accessibility_probe, profile:default]
10:08:14.328293 - GSETTINGS REGISTRY: speech/speak-tutorial-messages using default value = True
10:08:14.328305 - GSETTINGS SCHEMA HANDLE: speech/speak-position-in-set not set [app:accessibility_probe, profile:default]
10:08:14.328308 - GSETTINGS REGISTRY: speech/speak-position-in-set using default value = False
10:08:14.328317 - GSETTINGS SCHEMA HANDLE: speech/speak-widget-mnemonic not set [app:accessibility_probe, profile:default]
10:08:14.328321 - GSETTINGS REGISTRY: speech/speak-widget-mnemonic using default value = True
10:08:14.328330 - GSETTINGS SCHEMA HANDLE: speech/speak-blank-lines not set [app:accessibility_probe, profile:default]
10:08:14.328333 - GSETTINGS REGISTRY: speech/speak-blank-lines using default value = True
10:08:14.328346 - GSETTINGS SCHEMA HANDLE: speech/speak-indentation-and-justification not set [app:accessibility_probe, profile:default]
10:08:14.328349 - GSETTINGS REGISTRY: speech/speak-indentation-and-justification using default value = False
10:08:14.328359 - GSETTINGS SCHEMA HANDLE: speech/announce-cell-headers not set [app:accessibility_probe, profile:default]
10:08:14.328362 - GSETTINGS REGISTRY: speech/announce-cell-headers using default value = True
10:08:14.328371 - GSETTINGS SCHEMA HANDLE: speech/announce-cell-coordinates not set [app:accessibility_probe, profile:default]
10:08:14.328374 - GSETTINGS REGISTRY: speech/announce-cell-coordinates using default value = True
10:08:14.328384 - GSETTINGS SCHEMA HANDLE: speech/announce-spreadsheet-cell-coordinates not set [app:accessibility_probe, profile:default]
10:08:14.328387 - GSETTINGS REGISTRY: speech/announce-spreadsheet-cell-coordinates using default value = True
10:08:14.328396 - GSETTINGS SCHEMA HANDLE: speech/announce-blockquote not set [app:accessibility_probe, profile:default]
10:08:14.328399 - GSETTINGS REGISTRY: speech/announce-blockquote using default value = True
10:08:14.328409 - GSETTINGS SCHEMA HANDLE: speech/announce-form not set [app:accessibility_probe, profile:default]
10:08:14.328412 - GSETTINGS REGISTRY: speech/announce-form using default value = True
10:08:14.328424 - GSETTINGS SCHEMA HANDLE: speech/announce-landmark not set [app:accessibility_probe, profile:default]
10:08:14.328427 - GSETTINGS REGISTRY: speech/announce-landmark using default value = True
10:08:14.328436 - GSETTINGS SCHEMA HANDLE: speech/announce-list not set [app:accessibility_probe, profile:default]
10:08:14.328439 - GSETTINGS REGISTRY: speech/announce-list using default value = True
10:08:14.328448 - GSETTINGS SCHEMA HANDLE: speech/announce-grouping not set [app:accessibility_probe, profile:default]
10:08:14.328451 - GSETTINGS REGISTRY: speech/announce-grouping using default value = True
10:08:14.328460 - GSETTINGS SCHEMA HANDLE: speech/announce-table not set [app:accessibility_probe, profile:default]
10:08:14.328463 - GSETTINGS REGISTRY: speech/announce-table using default value = True
10:08:14.332200 - GENERATOR: _get_functional_role: progress-bar
10:08:14.332369 - SPEECH GENERATOR: speech_generator.SpeechGenerator._generate_progress_bar for [progress bar: 'Download progress' (0x7e30eafbd280)]  args: {'formatType': 'unfocused', 'priorObj': "[button: 'Advance download' (0x7e30eaf8fe00)] ", 'role': 'progress-bar'}
10:08:14.332413 - SPEECH GENERATOR: _generate_progress_bar_index: []
10:08:14.332828 - AXUtilitiesRelation: [progress bar: 'Download progress' (0x7e30eafbd280)]  is labelled by: []
10:08:14.332864 - GENERATOR: _generate_accessible_label: []
10:08:14.332893 - SPEECH GENERATOR: _generate_accessible_label: []
10:08:14.332947 - GENERATOR: _generate_accessible_name: [Download progress]
10:08:14.333022 - GSETTINGS SCHEMA HANDLE: voice/established not set [app:accessibility_probe, profile:default]
10:08:14.333065 - GSETTINGS SCHEMA HANDLE: voice/rate not set [app:accessibility_probe, profile:default]
10:08:14.333101 - GSETTINGS SCHEMA HANDLE: voice/pitch not set [app:accessibility_probe, profile:default]
10:08:14.333136 - GSETTINGS SCHEMA HANDLE: voice/volume not set [app:accessibility_probe, profile:default]
10:08:14.333173 - GSETTINGS SCHEMA HANDLE: voice/family-name not set [app:accessibility_probe, profile:default]
10:08:14.333206 - GSETTINGS SCHEMA HANDLE: voice/family-lang not set [app:accessibility_probe, profile:default]
10:08:14.333238 - GSETTINGS SCHEMA HANDLE: voice/family-dialect not set [app:accessibility_probe, profile:default]
10:08:14.333270 - GSETTINGS SCHEMA HANDLE: voice/family-gender not set [app:accessibility_probe, profile:default]
10:08:14.333303 - GSETTINGS SCHEMA HANDLE: voice/family-variant not set [app:accessibility_probe, profile:default]
10:08:14.333359 - SPEECH GENERATOR: default voice requested for [progress bar: 'Download progress' (0x7e30eafbd280)]  language='', dialect='' Unmodified voice={'established': False}
10:08:14.333739 - SPEECH GENERATOR: Reported locale of [progress bar: 'Download progress' (0x7e30eafbd280)]  is 
10:08:14.333772 - SPEECH GENERATOR: Updated to: 'C', ''
10:08:14.333824 - GSETTINGS SCHEMA HANDLE: speech/auto-language-switching not set [app:accessibility_probe, profile:default]
10:08:14.333837 - GSETTINGS REGISTRY: speech/auto-language-switching using default value = True
10:08:14.333856 - SPEECH DISPATCHER: Returning cached result for language='C' dialect='' variant='None'
10:08:14.333922 - SPEECH GENERATOR: Family updated to {'dialect': '', 'lang': 'C', 'name': ''}
10:08:14.334016 - SPEECH GENERATOR: Final voice is {'established': 'False', 'family': "{'dialect': '', 'lang': 'C', 'name': ''}"}
10:08:14.334111 - SPEECH GENERATOR: _generate_accessible_name: [Download progress, {'established': 'False', 'family': "{'dialect': '', 'lang': 'C', 'name': ''}"}]
10:08:14.334211 - GENERATOR: _generate_accessible_label_and_name: [Download progress, {'established': 'False', 'family': "{'dialect': '', 'lang': 'C', 'name': ''}"}]
10:08:14.334254 - SPEECH PRESENTER: Adjusting 'Download progress' from [progress bar: 'Download progress' (0x7e30eafbd280)]  start_offset: None
10:08:14.334595 - GSETTINGS SCHEMA HANDLE: speech/speak-numbers-as-digits not set [app:accessibility_probe, profile:default]
10:08:14.334614 - GSETTINGS REGISTRY: speech/speak-numbers-as-digits using default value = False
10:08:14.334683 - GSETTINGS SCHEMA HANDLE: speech/repeated-character-limit not set [app:accessibility_probe, profile:default]
10:08:14.334697 - GSETTINGS REGISTRY: speech/repeated-character-limit using default value = 4
10:08:14.336066 - GSETTINGS SCHEMA HANDLE: speech/use-pronunciation-dictionary not set [app:accessibility_probe, profile:default]
10:08:14.336093 - GSETTINGS REGISTRY: speech/use-pronunciation-dictionary using default value = True
10:08:14.336106 - SPEECH PRESENTER: Adjusted text: 'Download progress'
10:08:14.336173 - SPEECH GENERATOR: _generate_accessible_label_and_name: [Download progress, {'established': 'False', 'family': "{'dialect': '', 'lang': 'C', 'name': ''}"}]
10:08:14.336628 - AXValue: Current value of [progress bar: 'Download progress' (0x7e30eafbd280)]  is 50.0
10:08:14.336852 - AXValue: Minimum value of [progress bar: 'Download progress' (0x7e30eafbd280)]  is 0.0
10:08:14.337097 - AXValue: Maximum value of [progress bar: 'Download progress' (0x7e30eafbd280)]  is 200.0
10:08:14.337131 - AXValue: Current value of [progress bar: 'Download progress' (0x7e30eafbd280)]  as percent is is 25
10:08:14.337204 - GSETTINGS SCHEMA HANDLE: voice/established not set [app:accessibility_probe, profile:default]
10:08:14.337222 - GSETTINGS SCHEMA HANDLE: voice/rate not set [app:accessibility_probe, profile:default]
10:08:14.337235 - GSETTINGS SCHEMA HANDLE: voice/pitch not set [app:accessibility_probe, profile:default]
10:08:14.337246 - GSETTINGS SCHEMA HANDLE: voice/volume not set [app:accessibility_probe, profile:default]
10:08:14.337258 - GSETTINGS SCHEMA HANDLE: voice/family-name not set [app:accessibility_probe, profile:default]
10:08:14.337269 - GSETTINGS SCHEMA HANDLE: voice/family-lang not set [app:accessibility_probe, profile:default]
10:08:14.337279 - GSETTINGS SCHEMA HANDLE: voice/family-dialect not set [app:accessibility_probe, profile:default]
10:08:14.337289 - GSETTINGS SCHEMA HANDLE: voice/family-gender not set [app:accessibility_probe, profile:default]
10:08:14.337299 - GSETTINGS SCHEMA HANDLE: voice/family-variant not set [app:accessibility_probe, profile:default]
10:08:14.337326 - SPEECH GENERATOR: system voice requested for [progress bar: 'Download progress' (0x7e30eafbd280)]  language='', dialect='' Unmodified voice={'established': False}
10:08:14.337350 - SPEECH GENERATOR: Reported locale of [progress bar: 'Download progress' (0x7e30eafbd280)]  is 
10:08:14.337360 - SPEECH GENERATOR: Updated to: 'C', ''
10:08:14.337375 - GSETTINGS SCHEMA HANDLE: voice/established not set [app:accessibility_probe, profile:default]
10:08:14.337386 - GSETTINGS SCHEMA HANDLE: voice/rate not set [app:accessibility_probe, profile:default]
10:08:14.337398 - GSETTINGS SCHEMA HANDLE: voice/pitch not set [app:accessibility_probe, profile:default]
10:08:14.337408 - GSETTINGS SCHEMA HANDLE: voice/volume not set [app:accessibility_probe, profile:default]
10:08:14.337419 - GSETTINGS SCHEMA HANDLE: voice/family-name not set [app:accessibility_probe, profile:default]
10:08:14.337430 - GSETTINGS SCHEMA HANDLE: voice/family-lang not set [app:accessibility_probe, profile:default]
10:08:14.337440 - GSETTINGS SCHEMA HANDLE: voice/family-dialect not set [app:accessibility_probe, profile:default]
10:08:14.337450 - GSETTINGS SCHEMA HANDLE: voice/family-gender not set [app:accessibility_probe, profile:default]
10:08:14.337460 - GSETTINGS SCHEMA HANDLE: voice/family-variant not set [app:accessibility_probe, profile:default]
10:08:14.337498 - SPEECH GENERATOR: Final voice is {'established': 'False', 'family': '{}'}
10:08:14.337534 - SPEECH GENERATOR: _generate_progress_bar_value: [25 percent., {'established': 'False', 'family': '{}'}]
10:08:14.337563 - GENERATOR: _generate_state_current: []
10:08:14.337577 - SPEECH GENERATOR: _generate_state_current: []
10:08:14.337591 - SPEECH GENERATOR: _generate_has_click_action: []
10:08:14.337603 - SPEECH GENERATOR: _generate_has_details: []
10:08:14.337615 - SPEECH GENERATOR: _generate_details_for: []
10:08:14.337808 - AXUtilitiesRelation: [progress bar: 'Download progress' (0x7e30eafbd280)]  is described by: []
10:08:14.337826 - GENERATOR: _generate_accessible_description: []
10:08:14.337838 - SPEECH GENERATOR: _generate_accessible_description: []
10:08:14.337861 - SPEECH GENERATOR: _generate_state_has_popup: []
10:08:14.338295 - SPEECH GENERATOR: _generate_tutorial: []
10:08:14.338374 - SPEECH GENERATOR: Results: [Download progress, {'established': 'False', 'family': "{'dialect': '', 'lang': 'C', 'name': ''}"}, 25 percent., {'established': 'False', 'family': '{}'}]
10:08:14.338453 - SPEECH: Speak [Download progress, {'established': 'False', 'family': "{'dialect': '', 'lang': 'C', 'name': ''}"}, 25 percent., {'established': 'False', 'family': '{}'}], acss: None
10:08:14.338516 - SPEECH: New voice {'established': 'False'}  != active voice {'established': 'False', 'family': "{'dialect': '', 'lang': 'C', 'name': ''}"}
10:08:14.338525 - SPEECH OUTPUT: 'Download progress' {'established': False, 'family': {'name': '', 'gender': None, 'lang': 'C', 'dialect': '', 'variant': None}}
10:08:14.338530 - SPEECH DISPATCHER: Speaking 'Download progress' as string
10:08:14.338694 - SPEECH DISPATCHER: Speaking '<speak><mark name="0:8"/>Download <mark name="9:17"/>progress</speak>' 
                  ORCA rate 50.0, pitch 5.0, volume 10.0, language C, punctuation: MOST
                  SD rate 2, pitch 10, volume 100, language c
10:08:14.338848 - SPEECH OUTPUT: '25 percent.' {'established': False}
10:08:14.338854 - SPEECH DISPATCHER: Speaking '25 percent.' as string
10:08:14.339019 - SPEECH DISPATCHER: Speaking '<speak><mark name="0:2"/>25 <mark name="3:11"/>percent.</speak>' 
                  ORCA rate 50.0, pitch 5.0, volume 10.0, language C, punctuation: MOST
                  SD rate 2, pitch 10, volume 100, language c
10:08:14.341944 - GSETTINGS SCHEMA HANDLE: braille/enabled not set [app:accessibility_probe, profile:default]
10:08:14.341954 - GSETTINGS REGISTRY: braille/enabled using default value = True
10:08:14.341988 - FOCUS MANAGER: Active mode: object-navigator Object of interest: [progress bar: 'Download progress' (0x7e30eafbd280)] 
10:08:14.342004 - GSETTINGS SCHEMA HANDLE: braille/enabled not set [app:accessibility_probe, profile:default]
10:08:14.342008 - GSETTINGS REGISTRY: braille/enabled using default value = True
10:08:14.342025 - GSETTINGS SCHEMA HANDLE: braille/verbosity-level not set [app:accessibility_probe, profile:default]
10:08:14.342029 - GSETTINGS REGISTRY: braille/verbosity-level using default value = 'verbose'
10:08:14.342044 - FOCUS MANAGER: Locus of focus is [button: 'Advance download' (0x7e30eaf8fe00)] 
10:08:14.342060 - SCRIPT MANAGER: Active script is: accessibility_probe (module=orca.scripts.default)
10:08:14.342076 - GSETTINGS SCHEMA HANDLE: braille/rolename-style not set [app:accessibility_probe, profile:default]
10:08:14.342080 - GSETTINGS REGISTRY: braille/rolename-style using default value = 'verbose'
10:08:14.342091 - GSETTINGS SCHEMA HANDLE: braille/display-ancestors not set [app:accessibility_probe, profile:default]
10:08:14.342095 - GSETTINGS REGISTRY: braille/display-ancestors using default value = True
10:08:14.342133 - GSETTINGS SCHEMA HANDLE: braille/end-of-line-indicator not set [app:accessibility_probe, profile:default]
10:08:14.342137 - GSETTINGS REGISTRY: braille/end-of-line-indicator using default value = True
10:08:14.342148 - GSETTINGS SCHEMA HANDLE: braille/present-mnemonics not set [app:accessibility_probe, profile:default]
10:08:14.342151 - GSETTINGS REGISTRY: braille/present-mnemonics using default value = True
10:08:14.343227 - GENERATOR: _get_functional_role: progress-bar
10:08:14.343291 - BRAILLE GENERATOR: braille_generator.BrailleGenerator._generate_progress_bar for [progress bar: 'Download progress' (0x7e30eafbd280)]  args: {'formatType': 'unfocused', 'priorObj': "[button: 'Advance download' (0x7e30eaf8fe00)] ", 'role': 'progress-bar'}
10:08:14.343308 - BRAILLE GENERATOR: Results: []
10:08:14.343332 - BRAILLE GENERATOR: Could not determine focused region for [progress bar: 'Download progress' (0x7e30eafbd280)]  Candidates: []
10:08:14.343348 - TOTAL PROCESSING TIME: 0.0187
^^^^^ HANDLE ATSPI_KEY_PRESSED_EVENT: 'Left' (113) ^^^^^

10:08:14.343437 - FALLBACK: Contents changed. (<Gtk.Clipboard object at 0x7e31000d41c0 (GtkClipboard at 0x25a4d4c0)>, <Gdk.EventOwnerChange object at 0x7e3100d36830 (void at 0x25aaeb50)>) {}
10:08:14.362124 - EVENT MANAGER: Dequeueing object:text-caret-moved for [terminal: 'Terminal' (0x7e30eaf83c80)]  in org.gnome.Terminal (gtk 3.24.52) (975, 0, 0)
10:08:14.362188 - EVENT MANAGER: Dequeued object:text-caret-moved for [terminal: 'Terminal' (0x7e30eaf83c80)]  in org.gnome.Terminal (gtk 3.24.52) (975, 0, 0) priority: 4, counter: 39

vvvvv START PRIORITY-4 OBJECT EVENT OBJECT:TEXT-CARET-MOVED (queue size: 17) vvvvv
10:08:14.362418 - EVENT MANAGER: object:text-caret-moved for [terminal: 'Terminal' (0x7e30eaf83c80)]  in org.gnome.Terminal (gtk 3.24.52) (975, 0, 0) obsoleted by object:text-caret-moved for [terminal: 'Terminal' (0x7e30eaf83c80)]  in org.gnome.Terminal (gtk 3.24.52) (616, 0, 0) more recent event of same type for same object
TOTAL PROCESSING TIME: 0.0002
^^^^^ FINISHED PRIORITY-4 OBJECT EVENT OBJECT:TEXT-CARET-MOVED ^^^^^

10:08:14.362480 - FALLBACK: Clipboard contents: 
10:08:14.362488 - CLIPBOARD PRESENTER: Contents changed to: ''
10:08:14.362495 - CLIPBOARD PRESENTER: Not presenting change: likely duplicate.
10:08:14.362545 - EVENT MANAGER: Dequeueing object:text-caret-moved for [terminal: 'Terminal' (0x7e30eaf83c80)]  in org.gnome.Terminal (gtk 3.24.52) (616, 0, 0)
10:08:14.362578 - EVENT MANAGER: Dequeued object:text-caret-moved for [terminal: 'Terminal' (0x7e30eaf83c80)]  in org.gnome.Terminal (gtk 3.24.52) (616, 0, 0) priority: 4, counter: 40

vvvvv START PRIORITY-4 OBJECT EVENT OBJECT:TEXT-CARET-MOVED (queue size: 16) vvvvv
10:08:14.363216 - EVENT SOURCE:
                  app='org.gnome.Terminal (gtk 3.24.52)' name='Terminal' role='terminal' axid='' id=0x7e30eaf83c80
                  description=''
                  help=''
                  locale='C.UTF-8'
                  states='enabled, focusable, focused, sensitive, showing, visible'
                  relations=''
                  actions='menu'
                  interfaces='Action, Collection, Component, Text'
                  attributes='toolkit:gtk'
                  text='Download progress \n███████████████▒▒▒▒▒▒▒▒▒▒▒▒▒▒▒▒▒▒▒▒▒▒▒▒▒▒▒▒▒▒▒▒▒▒▒▒▒▒▒▒▒▒▒▒▒\n25.0% \nAdvance download ... \n \n \n \n \n (992 chars.)'
                  path=[-1, 0, 0, 1, 0, 0, 0, 0]
                  
10:08:14.363250 - SCRIPT MANAGER: Active script is: accessibility_probe (module=orca.scripts.default)
10:08:14.363270 - FOCUS MANAGER: Locus of focus is [button: 'Advance download' (0x7e30eaf8fe00)] 
10:08:14.363297 - EVENT MANAGER: Getting script for event for [application: 'org.gnome.Terminal' (0x7e31000c8580)]  [terminal: 'Terminal' (0x7e30eaf83c80)] 
10:08:14.363313 - SCRIPT MANAGER: Getting script for [application: 'org.gnome.Terminal' (0x7e31000c8580)]  [terminal: 'Terminal' (0x7e30eaf83c80)] 
10:08:14.363340 - SCRIPT MANAGER: Script is custom script org.gnome.Terminal (module=orca.scripts.terminal.script)
10:08:14.363353 - EVENT MANAGER: Script for event is org.gnome.Terminal (module=orca.scripts.terminal.script)
10:08:14.363856 - EVENT MANAGER: Change active script: False (No reason found to activate a different script.)
10:08:14.363864 - EVENT MANAGER: Not processing object:text-caret-moved due to lack of reason
TOTAL PROCESSING TIME: 0.0013
^^^^^ FINISHED PRIORITY-4 OBJECT EVENT OBJECT:TEXT-CARET-MOVED ^^^^^

10:08:14.363945 - EVENT MANAGER: Dequeueing object:text-changed:delete for [terminal: 'Terminal' (0x7e30eaf83c80)]  in org.gnome.Terminal (gtk 3.24.52) (0, 616, \n \n \nAdvance download \n... \n \n \n \n \n (626 chars.))
10:08:14.363990 - EVENT MANAGER: Dequeued object:text-changed:delete for [terminal: 'Terminal' (0x7e30eaf83c80)]  in org.gnome.Terminal (gtk 3.24.52) (0, 616, \n \n \nAdvance download \n... \n \n \n \n \n (626 chars.)) priority: 4, counter: 41

vvvvv START PRIORITY-4 OBJECT EVENT OBJECT:TEXT-CHANGED:DELETE (queue size: 15) vvvvv
10:08:14.364724 - EVENT SOURCE:
                  app='org.gnome.Terminal (gtk 3.24.52)' name='Terminal' role='terminal' axid='' id=0x7e30eaf83c80
                  description=''
                  help=''
                  locale='C.UTF-8'
                  states='enabled, focusable, focused, sensitive, showing, visible'
                  relations=''
                  actions='menu'
                  interfaces='Action, Collection, Component, Text'
                  attributes='toolkit:gtk'
                  text='Download progress \n███████████████▒▒▒▒▒▒▒▒▒▒▒▒▒▒▒▒▒▒▒▒▒▒▒▒▒▒▒▒▒▒▒▒▒▒▒▒▒▒▒▒▒▒▒▒▒\n25.0% \nAdvance download ... \n \n \n \n \n (992 chars.)'
                  path=[-1, 0, 0, 1, 0, 0, 0, 0]
                  
10:08:14.364756 - SCRIPT MANAGER: Active script is: accessibility_probe (module=orca.scripts.default)
10:08:14.364778 - FOCUS MANAGER: Locus of focus is [button: 'Advance download' (0x7e30eaf8fe00)] 
10:08:14.364806 - EVENT MANAGER: Getting script for event for [application: 'org.gnome.Terminal' (0x7e31000c8580)]  [terminal: 'Terminal' (0x7e30eaf83c80)] 
10:08:14.364822 - SCRIPT MANAGER: Getting script for [application: 'org.gnome.Terminal' (0x7e31000c8580)]  [terminal: 'Terminal' (0x7e30eaf83c80)] 
10:08:14.364845 - SCRIPT MANAGER: Script is custom script org.gnome.Terminal (module=orca.scripts.terminal.script)
10:08:14.364858 - EVENT MANAGER: Script for event is org.gnome.Terminal (module=orca.scripts.terminal.script)
10:08:14.365344 - EVENT MANAGER: Change active script: False (No reason found to activate a different script.)
10:08:14.365355 - EVENT MANAGER: Not processing object:text-changed:delete due to lack of reason
TOTAL PROCESSING TIME: 0.0014
^^^^^ FINISHED PRIORITY-4 OBJECT EVENT OBJECT:TEXT-CHANGED:DELETE ^^^^^

10:08:14.365414 - EVENT MANAGER: Dequeueing object:text-changed:insert for [terminal: 'Terminal' (0x7e30eaf83c80)]  in org.gnome.Terminal (gtk 3.24.52) (0, 616, Download progress \n███████████████▒▒▒▒▒▒▒▒▒▒▒▒▒▒▒▒▒▒▒▒▒▒▒▒▒▒▒▒▒▒▒▒▒▒▒▒▒▒▒▒▒▒▒▒▒\n25.0% \nAdvance download... or range \nCompleted download \n████████████████████████████████████████████████████████████\n100.0% (626 chars.))
10:08:14.365453 - EVENT MANAGER: Dequeued object:text-changed:insert for [terminal: 'Terminal' (0x7e30eaf83c80)]  in org.gnome.Terminal (gtk 3.24.52) (0, 616, Download progress \n███████████████▒▒▒▒▒▒▒▒▒▒▒▒▒▒▒▒▒▒▒▒▒▒▒▒▒▒▒▒▒▒▒▒▒▒▒▒▒▒▒▒▒▒▒▒▒\n25.0% \nAdvance download... or range \nCompleted download \n████████████████████████████████████████████████████████████\n100.0% (626 chars.)) priority: 4, counter: 42

vvvvv START PRIORITY-4 OBJECT EVENT OBJECT:TEXT-CHANGED:INSERT (queue size: 14) vvvvv
10:08:14.366012 - EVENT SOURCE:
                  app='org.gnome.Terminal (gtk 3.24.52)' name='Terminal' role='terminal' axid='' id=0x7e30eaf83c80
                  description=''
                  help=''
                  locale='C.UTF-8'
                  states='enabled, focusable, focused, sensitive, showing, visible'
                  relations=''
                  actions='menu'
                  interfaces='Action, Collection, Component, Text'
                  attributes='toolkit:gtk'
                  text='Download progress \n███████████████▒▒▒▒▒▒▒▒▒▒▒▒▒▒▒▒▒▒▒▒▒▒▒▒▒▒▒▒▒▒▒▒▒▒▒▒▒▒▒▒▒▒▒▒▒\n25.0% \nAdvance download ... \n \n \n \n \n (992 chars.)'
                  path=[-1, 0, 0, 1, 0, 0, 0, 0]
                  
10:08:14.366036 - SCRIPT MANAGER: Active script is: accessibility_probe (module=orca.scripts.default)
10:08:14.366052 - FOCUS MANAGER: Locus of focus is [button: 'Advance download' (0x7e30eaf8fe00)] 
10:08:14.366076 - EVENT MANAGER: Getting script for event for [application: 'org.gnome.Terminal' (0x7e31000c8580)]  [terminal: 'Terminal' (0x7e30eaf83c80)] 
10:08:14.366091 - SCRIPT MANAGER: Getting script for [application: 'org.gnome.Terminal' (0x7e31000c8580)]  [terminal: 'Terminal' (0x7e30eaf83c80)] 
10:08:14.366112 - SCRIPT MANAGER: Script is custom script org.gnome.Terminal (module=orca.scripts.terminal.script)
10:08:14.366124 - EVENT MANAGER: Script for event is org.gnome.Terminal (module=orca.scripts.terminal.script)
10:08:14.366537 - EVENT MANAGER: Change active script: False (No reason found to activate a different script.)
10:08:14.366546 - EVENT MANAGER: Not processing object:text-changed:insert due to lack of reason
TOTAL PROCESSING TIME: 0.0011
^^^^^ FINISHED PRIORITY-4 OBJECT EVENT OBJECT:TEXT-CHANGED:INSERT ^^^^^

10:08:14.366594 - EVENT MANAGER: Dequeueing object:children-changed:add for [frame: 'Terminal' (0x7e31000ef480)]  in org.gnome.Terminal (gtk 3.24.52) (-1, 0, [panel (0x7e31000d41c0)])
10:08:14.366626 - EVENT MANAGER: Dequeued object:children-changed:add for [frame: 'Terminal' (0x7e31000ef480)]  in org.gnome.Terminal (gtk 3.24.52) (-1, 0, [panel (0x7e30eafbe980)]) priority: 6, counter: 3

vvvvv START PRIORITY-6 OBJECT EVENT OBJECT:CHILDREN-CHANGED:ADD (queue size: 13) vvvvv
10:08:14.367894 - AXObject: [panel (0x7e31000f0040)]  has index -1 ; parent [toggle button: 'Menu' (0x7e30eafbec00)]  has 0 children
10:08:14.368037 - EVENT SOURCE:
                  app='org.gnome.Terminal (gtk 3.24.52)' name='Terminal' role='frame' axid='' id=0x7e31000ef480
                  description=''
                  help=''
                  locale='C.UTF-8'
                  states='active, enabled, resizable, sensitive, showing, visible'
                  relations=''
                  actions=''
                  interfaces='Collection, Component'
                  attributes='toolkit:gtk, window-type:normal'
                  text=''
                  path=[-1, 0]
                  
                  EVENT ANY DATA:
                  name='' role='panel' axid='' id=0x7e31000f0040
                  description=''
                  help=''
                  locale='C.UTF-8'
                  states='enabled, modal, sensitive'
                  relations='popup-for: [toggle button: 'Menu']'
                  actions=''
                  interfaces='Collection, Component'
                  attributes='toolkit:gtk'
                  text=''
                  path=[-1, 0, 1, 1, -1]
                  
10:08:14.368060 - SCRIPT MANAGER: Active script is: accessibility_probe (module=orca.scripts.default)
10:08:14.368080 - FOCUS MANAGER: Locus of focus is [button: 'Advance download' (0x7e30eaf8fe00)] 
10:08:14.368108 - EVENT MANAGER: Getting script for event for [application: 'org.gnome.Terminal' (0x7e31000c8580)]  [frame: 'Terminal' (0x7e31000ef480)] 
10:08:14.368125 - SCRIPT MANAGER: Getting script for [application: 'org.gnome.Terminal' (0x7e31000c8580)]  [frame: 'Terminal' (0x7e31000ef480)] 
10:08:14.368151 - SCRIPT MANAGER: Script is app script org.gnome.Terminal (module=orca.scripts.toolkits.gtk.script)
10:08:14.368164 - EVENT MANAGER: Script for event is org.gnome.Terminal (module=orca.scripts.toolkits.gtk.script)
10:08:14.368574 - EVENT MANAGER: Change active script: False (No reason found to activate a different script.)
10:08:14.368582 - EVENT MANAGER: Processing object:children-changed:add: script handles events when inactive
10:08:14.368593 - AXUtilitiesRelation: Clearing local cache. Reason: children-changed event.
10:08:14.368606 - AXObject: Clearing local cache. Reason: children-changed event.
10:08:14.368613 - AXUtilitiesRelation: Clearing local cache. Reason: children-changed event.
10:08:14.368624 - AXUtilitiesEvent: Clearing local cache. Reason: children-changed event.
10:08:14.368631 - AXUtilitiesSelection: Clearing cache. Reason: children-changed event.
TOTAL PROCESSING TIME: 0.0020
^^^^^ FINISHED PRIORITY-6 OBJECT EVENT OBJECT:CHILDREN-CHANGED:ADD ^^^^^

10:08:14.368754 - GSETTINGS SCHEMA HANDLE: keybindings/keyboard-layout not set [app:accessibility_probe, profile:default]
10:08:14.368762 - GSETTINGS REGISTRY: keybindings/keyboard-layout using default value = 'desktop'
10:08:14.368776 - GSETTINGS SCHEMA HANDLE: keybindings/desktop-modifier-keys not set [app:accessibility_probe, profile:default]
10:08:14.368781 - GSETTINGS REGISTRY: keybindings/desktop-modifier-keys using default value = ['Insert', 'KP_Insert']
10:08:14.368800 - FOCUS MANAGER: Active window is [frame: 'Reactive TUI App accessibility round 1' (0x7e31017208c0)]  <unknown>.<module>:373 > input_event_manager._on_key_pressed:261 > input_event_manager.process_keyboard_event:297 > focus_manager.get_active_window:342
10:08:14.369065 - AXObject: Clearing AT-SPI cache on [frame: 'Reactive TUI App accessibility round 1' (0x7e31017208c0)]  Recursive: False.  Reason: Checking if window can be the active window

10:08:14.369482 - EVENT MANAGER: object:state-changed:sensitive for [menu item: 'Paste' (0x7e30eafbec00)]  in org.gnome.Terminal (gtk 3.24.52) (0, 0, 0)
10:08:14.369499 - FOCUS MANAGER: Locus of focus is [button: 'Advance download' (0x7e30eaf8fe00)] 
10:08:14.369550 - EVENT_MANAGER: Ignoring object:state-changed:sensitive due to multiple instances in short time
10:08:14.370746 - AXUtilities: [frame: 'Reactive TUI App accessibility round 1' (0x7e31017208c0)]  from [application: 'accessibility_probe' (0x7e31000ea340)]  can be active window
10:08:14.370912 - FOCUS MANAGER: Locus of focus is [button: 'Advance download' (0x7e30eaf8fe00)] 
10:08:14.371053 - SCRIPT MANAGER: Active script is: accessibility_probe (module=orca.scripts.default)
10:08:14.371218 - GSETTINGS SCHEMA HANDLE: keybindings/keyboard-layout not set [app:accessibility_probe, profile:default]
10:08:14.371225 - GSETTINGS REGISTRY: keybindings/keyboard-layout using default value = 'desktop'
10:08:14.371239 - GSETTINGS SCHEMA HANDLE: keybindings/desktop-modifier-keys not set [app:accessibility_probe, profile:default]
10:08:14.371244 - GSETTINGS REGISTRY: keybindings/desktop-modifier-keys using default value = ['Insert', 'KP_Insert']

KEYBOARD_EVENT:  type=ATSPI_KEY_PRESSED_EVENT
                 id=65507
                 hw_code=37
                 modifiers=0
                 text=''
                 keyval_name='Control_L'
                 timestamp=1789049294.3687172
                 clickCount=1

vvvvv PROCESS ATSPI_KEY_PRESSED_EVENT: 'Control_L' (37) vvvvv
10:08:14.371289 - SCRIPT: accessibility_probe (module=orca.scripts.default)
10:08:14.371303 - WINDOW: [frame: 'Reactive TUI App accessibility round 1' (0x7e31017208c0)] 
10:08:14.371315 - LOCATION: [button: 'Advance download' (0x7e30eaf8fe00)] 
10:08:14.371334 - GSETTINGS SCHEMA HANDLE: keybindings/keyboard-layout not set [app:accessibility_probe, profile:default]
10:08:14.371339 - GSETTINGS REGISTRY: keybindings/keyboard-layout using default value = 'desktop'
10:08:14.371350 - GSETTINGS SCHEMA HANDLE: keybindings/desktop-modifier-keys not set [app:accessibility_probe, profile:default]
10:08:14.371354 - GSETTINGS REGISTRY: keybindings/desktop-modifier-keys using default value = ['Insert', 'KP_Insert']
10:08:14.371360 - PRESENTATION MANAGER: Interrupting presentation
10:08:14.371390 - SPEECH MANAGER: interrupt_speech. Script: None Event: None notify_user: False
10:08:14.371647 - SPEECH MANAGER: Speech server is <orca.speechdispatcherfactory.SpeechServer object at 0x7e310098d6a0>
10:08:14.371868 - BRAILLE: Kill flash message input_event._present:603 > presentation_manager.interrupt_presentation:88 > braille_presenter.kill_flash:1829 > braille.kill_flash:2182
10:08:14.372182 - TYPING ECHO PRESENTER: should_echo_keyboard_event: 'left control'?
10:08:14.372207 - GSETTINGS SCHEMA HANDLE: keybindings/keyboard-layout not set [app:accessibility_probe, profile:default]
10:08:14.372216 - GSETTINGS REGISTRY: keybindings/keyboard-layout using default value = 'desktop'
10:08:14.372229 - GSETTINGS SCHEMA HANDLE: keybindings/desktop-modifier-keys not set [app:accessibility_probe, profile:default]
10:08:14.372234 - GSETTINGS REGISTRY: keybindings/desktop-modifier-keys using default value = ['Insert', 'KP_Insert']
10:08:14.372250 - GSETTINGS SCHEMA HANDLE: typing-echo/character-echo not set [app:accessibility_probe, profile:default]
10:08:14.372254 - GSETTINGS REGISTRY: typing-echo/character-echo using default value = False
10:08:14.372266 - GSETTINGS SCHEMA HANDLE: keybindings/keyboard-layout not set [app:accessibility_probe, profile:default]
10:08:14.372270 - GSETTINGS REGISTRY: keybindings/keyboard-layout using default value = 'desktop'
10:08:14.372280 - GSETTINGS SCHEMA HANDLE: keybindings/desktop-modifier-keys not set [app:accessibility_probe, profile:default]
10:08:14.372284 - GSETTINGS REGISTRY: keybindings/desktop-modifier-keys using default value = ['Insert', 'KP_Insert']
10:08:14.372299 - GSETTINGS SCHEMA HANDLE: typing-echo/key-echo not set [app:accessibility_probe, profile:default]
10:08:14.372303 - GSETTINGS REGISTRY: typing-echo/key-echo using default value = True
10:08:14.372334 - GSETTINGS SCHEMA HANDLE: typing-echo/modifier-keys not set [app:accessibility_probe, profile:default]
10:08:14.372338 - GSETTINGS REGISTRY: typing-echo/modifier-keys using default value = True
10:08:14.372343 - TYPING ECHO PRESENTER: Echoing modifier keyboard event: True.
10:08:14.372360 - GSETTINGS SCHEMA HANDLE: keybindings/keyboard-layout not set [app:accessibility_probe, profile:default]
10:08:14.372364 - GSETTINGS REGISTRY: keybindings/keyboard-layout using default value = 'desktop'
10:08:14.372374 - GSETTINGS SCHEMA HANDLE: keybindings/desktop-modifier-keys not set [app:accessibility_probe, profile:default]
10:08:14.372377 - GSETTINGS REGISTRY: keybindings/desktop-modifier-keys using default value = ['Insert', 'KP_Insert']
10:08:14.372399 - SCRIPT MANAGER: Active script is: accessibility_probe (module=orca.scripts.default)
10:08:14.372426 - FOCUS MANAGER: Active mode: object-navigator Object of interest: [progress bar: 'Download progress' (0x7e30eafbd280)] 
10:08:14.372442 - GSETTINGS SCHEMA HANDLE: speech/enable not set [app:accessibility_probe, profile:default]
10:08:14.372446 - GSETTINGS REGISTRY: speech/enable using default value = True
10:08:14.372460 - GSETTINGS SCHEMA HANDLE: speech/verbosity-level not set [app:accessibility_probe, profile:default]
10:08:14.372463 - GSETTINGS REGISTRY: speech/verbosity-level using default value = 'verbose'
10:08:14.372476 - FOCUS MANAGER: Locus of focus is [button: 'Advance download' (0x7e30eaf8fe00)] 
10:08:14.372490 - SCRIPT MANAGER: Active script is: accessibility_probe (module=orca.scripts.default)
10:08:14.372504 - GSETTINGS SCHEMA HANDLE: speech/only-speak-displayed-text not set [app:accessibility_probe, profile:default]
10:08:14.372508 - GSETTINGS REGISTRY: speech/only-speak-displayed-text using default value = False
10:08:14.372518 - GSETTINGS SCHEMA HANDLE: speech/speak-description not set [app:accessibility_probe, profile:default]
10:08:14.372522 - GSETTINGS REGISTRY: speech/speak-description using default value = True
10:08:14.372531 - GSETTINGS SCHEMA HANDLE: speech/speak-tutorial-messages not set [app:accessibility_probe, profile:default]
10:08:14.372535 - GSETTINGS REGISTRY: speech/speak-tutorial-messages using default value = True
10:08:14.372545 - GSETTINGS SCHEMA HANDLE: speech/speak-position-in-set not set [app:accessibility_probe, profile:default]
10:08:14.372548 - GSETTINGS REGISTRY: speech/speak-position-in-set using default value = False
10:08:14.372558 - GSETTINGS SCHEMA HANDLE: speech/speak-widget-mnemonic not set [app:accessibility_probe, profile:default]
10:08:14.372561 - GSETTINGS REGISTRY: speech/speak-widget-mnemonic using default value = True
10:08:14.372571 - GSETTINGS SCHEMA HANDLE: speech/speak-blank-lines not set [app:accessibility_probe, profile:default]
10:08:14.372576 - GSETTINGS REGISTRY: speech/speak-blank-lines using default value = True
10:08:14.372586 - GSETTINGS SCHEMA HANDLE: speech/speak-indentation-and-justification not set [app:accessibility_probe, profile:default]
10:08:14.372590 - GSETTINGS REGISTRY: speech/speak-indentation-and-justification using default value = False
10:08:14.372600 - GSETTINGS SCHEMA HANDLE: speech/announce-cell-headers not set [app:accessibility_probe, profile:default]
10:08:14.372603 - GSETTINGS REGISTRY: speech/announce-cell-headers using default value = True
10:08:14.372613 - GSETTINGS SCHEMA HANDLE: speech/announce-cell-coordinates not set [app:accessibility_probe, profile:default]
10:08:14.372616 - GSETTINGS REGISTRY: speech/announce-cell-coordinates using default value = True
10:08:14.372626 - GSETTINGS SCHEMA HANDLE: speech/announce-spreadsheet-cell-coordinates not set [app:accessibility_probe, profile:default]
10:08:14.372629 - GSETTINGS REGISTRY: speech/announce-spreadsheet-cell-coordinates using default value = True
10:08:14.372639 - GSETTINGS SCHEMA HANDLE: speech/announce-blockquote not set [app:accessibility_probe, profile:default]
10:08:14.372642 - GSETTINGS REGISTRY: speech/announce-blockquote using default value = True
10:08:14.372651 - GSETTINGS SCHEMA HANDLE: speech/announce-form not set [app:accessibility_probe, profile:default]
10:08:14.372655 - GSETTINGS REGISTRY: speech/announce-form using default value = True
10:08:14.372666 - GSETTINGS SCHEMA HANDLE: speech/announce-landmark not set [app:accessibility_probe, profile:default]
10:08:14.372671 - GSETTINGS REGISTRY: speech/announce-landmark using default value = True
10:08:14.372685 - GSETTINGS SCHEMA HANDLE: speech/announce-list not set [app:accessibility_probe, profile:default]
10:08:14.372690 - GSETTINGS REGISTRY: speech/announce-list using default value = True
10:08:14.372704 - GSETTINGS SCHEMA HANDLE: speech/announce-grouping not set [app:accessibility_probe, profile:default]
10:08:14.372709 - GSETTINGS REGISTRY: speech/announce-grouping using default value = True
10:08:14.372724 - GSETTINGS SCHEMA HANDLE: speech/announce-table not set [app:accessibility_probe, profile:default]
10:08:14.372729 - GSETTINGS REGISTRY: speech/announce-table using default value = True
10:08:14.372756 - GSETTINGS SCHEMA HANDLE: voice/established not set [app:accessibility_probe, profile:default]
10:08:14.372773 - GSETTINGS SCHEMA HANDLE: voice/rate not set [app:accessibility_probe, profile:default]
10:08:14.372789 - GSETTINGS SCHEMA HANDLE: voice/pitch not set [app:accessibility_probe, profile:default]
10:08:14.372803 - GSETTINGS SCHEMA HANDLE: voice/volume not set [app:accessibility_probe, profile:default]
10:08:14.372822 - GSETTINGS SCHEMA HANDLE: voice/family-name not set [app:accessibility_probe, profile:default]
10:08:14.372839 - GSETTINGS SCHEMA HANDLE: voice/family-lang not set [app:accessibility_probe, profile:default]
10:08:14.372852 - GSETTINGS SCHEMA HANDLE: voice/family-dialect not set [app:accessibility_probe, profile:default]
10:08:14.372864 - GSETTINGS SCHEMA HANDLE: voice/family-gender not set [app:accessibility_probe, profile:default]
10:08:14.372876 - GSETTINGS SCHEMA HANDLE: voice/family-variant not set [app:accessibility_probe, profile:default]
10:08:14.372910 - SPEECH GENERATOR: None voice requested for None language='', dialect='' Unmodified voice={'established': False}
10:08:14.372936 - SPEECH GENERATOR: Reported locale of None is 
10:08:14.372950 - SPEECH GENERATOR: Updated to: 'C', ''
10:08:14.372967 - GSETTINGS SCHEMA HANDLE: speech/auto-language-switching not set [app:accessibility_probe, profile:default]
10:08:14.372971 - GSETTINGS REGISTRY: speech/auto-language-switching using default value = True
10:08:14.372993 - SPEECH DISPATCHER: Returning cached result for language='C' dialect='' variant='None'
10:08:14.373035 - SPEECH GENERATOR: Family updated to {'dialect': '', 'lang': 'C', 'name': ''}
10:08:14.373076 - SPEECH GENERATOR: Final voice is {'established': 'False', 'family': "{'dialect': '', 'lang': 'C', 'name': ''}"}
10:08:14.373096 - GSETTINGS SCHEMA HANDLE: keybindings/keyboard-layout not set [app:accessibility_probe, profile:default]
10:08:14.373103 - GSETTINGS REGISTRY: keybindings/keyboard-layout using default value = 'desktop'
10:08:14.373114 - GSETTINGS SCHEMA HANDLE: keybindings/desktop-modifier-keys not set [app:accessibility_probe, profile:default]
10:08:14.373118 - GSETTINGS REGISTRY: keybindings/desktop-modifier-keys using default value = ['Insert', 'KP_Insert']
10:08:14.373127 - SPEECH OUTPUT: 'left control' {'established': False, 'family': {'name': '', 'gender': None, 'lang': 'C', 'dialect': '', 'variant': None}}
10:08:14.373140 - GSETTINGS SCHEMA HANDLE: keybindings/keyboard-layout not set [app:accessibility_probe, profile:default]
10:08:14.373143 - GSETTINGS REGISTRY: keybindings/keyboard-layout using default value = 'desktop'
10:08:14.373153 - GSETTINGS SCHEMA HANDLE: keybindings/desktop-modifier-keys not set [app:accessibility_probe, profile:default]
10:08:14.373156 - GSETTINGS REGISTRY: keybindings/desktop-modifier-keys using default value = ['Insert', 'KP_Insert']
10:08:14.373163 - SPEECH DISPATCHER: Speaking 'left control' as string
10:08:14.373167 - SPEECH DISPATCHER: Speaking 'left control' as string
10:08:14.373933 - SPEECH DISPATCHER: Speaking '<speak><mark name="0:4"/>left <mark name="5:12"/>control</speak>' 
                  ORCA rate 50.0, pitch 5.0, volume 10.0, language C, punctuation: MOST
                  SD rate 2, pitch 10, volume 100, language c
10:08:14.374379 - TOTAL PROCESSING TIME: 0.0031
^^^^^ PROCESS ATSPI_KEY_PRESSED_EVENT: 'Control_L' (37) ^^^^^

10:08:14.377433 - GSETTINGS SCHEMA HANDLE: keybindings/keyboard-layout not set [app:accessibility_probe, profile:default]
10:08:14.377467 - GSETTINGS REGISTRY: keybindings/keyboard-layout using default value = 'desktop'
10:08:14.377507 - GSETTINGS SCHEMA HANDLE: keybindings/desktop-modifier-keys not set [app:accessibility_probe, profile:default]
10:08:14.377523 - GSETTINGS REGISTRY: keybindings/desktop-modifier-keys using default value = ['Insert', 'KP_Insert']
10:08:14.377537 - ORCA MODIFIER MANAGER: Setting pressed state to True
10:08:14.377603 - FOCUS MANAGER: Active window is [frame: 'Reactive TUI App accessibility round 1' (0x7e31017208c0)]  <unknown>.<module>:373 > input_event_manager._on_key_pressed:261 > input_event_manager.process_keyboard_event:297 > focus_manager.get_active_window:342
10:08:14.377868 - AXObject: Clearing AT-SPI cache on [frame: 'Reactive TUI App accessibility round 1' (0x7e31017208c0)]  Recursive: False.  Reason: Checking if window can be the active window
10:08:14.381455 - AXUtilities: [frame: 'Reactive TUI App accessibility round 1' (0x7e31017208c0)]  from [application: 'accessibility_probe' (0x7e31000ea340)]  can be active window
10:08:14.381774 - FOCUS MANAGER: Locus of focus is [button: 'Advance download' (0x7e30eaf8fe00)] 
10:08:14.382108 - SCRIPT MANAGER: Active script is: accessibility_probe (module=orca.scripts.default)
10:08:14.382301 - GSETTINGS SCHEMA HANDLE: keybindings/keyboard-layout not set [app:accessibility_probe, profile:default]
10:08:14.382312 - GSETTINGS REGISTRY: keybindings/keyboard-layout using default value = 'desktop'
10:08:14.382327 - GSETTINGS SCHEMA HANDLE: keybindings/desktop-modifier-keys not set [app:accessibility_probe, profile:default]
10:08:14.382332 - GSETTINGS REGISTRY: keybindings/desktop-modifier-keys using default value = ['Insert', 'KP_Insert']

KEYBOARD_EVENT:  type=ATSPI_KEY_PRESSED_EVENT
                 id=65379
                 hw_code=118
                 modifiers=4356
                 text=''
                 keyval_name='Insert'
                 timestamp=1789049294.377377
                 clickCount=1

vvvvv PROCESS ATSPI_KEY_PRESSED_EVENT: 'Insert' (118) vvvvv
10:08:14.382376 - SCRIPT: accessibility_probe (module=orca.scripts.default)
10:08:14.382414 - WINDOW: [frame: 'Reactive TUI App accessibility round 1' (0x7e31017208c0)] 
10:08:14.382427 - LOCATION: [button: 'Advance download' (0x7e30eaf8fe00)] 
10:08:14.382451 - GSETTINGS SCHEMA HANDLE: keybindings/keyboard-layout not set [app:accessibility_probe, profile:default]
10:08:14.382461 - GSETTINGS REGISTRY: keybindings/keyboard-layout using default value = 'desktop'
10:08:14.382473 - GSETTINGS SCHEMA HANDLE: keybindings/desktop-modifier-keys not set [app:accessibility_probe, profile:default]
10:08:14.382477 - GSETTINGS REGISTRY: keybindings/desktop-modifier-keys using default value = ['Insert', 'KP_Insert']
10:08:14.382484 - PRESENTATION MANAGER: Interrupting presentation
10:08:14.382514 - SPEECH MANAGER: interrupt_speech. Script: None Event: None notify_user: False
10:08:14.382714 - SPEECH MANAGER: Speech server is <orca.speechdispatcherfactory.SpeechServer object at 0x7e310098d6a0>
10:08:14.382762 - BRAILLE: Kill flash message input_event._present:603 > presentation_manager.interrupt_presentation:88 > braille_presenter.kill_flash:1829 > braille.kill_flash:2182
10:08:14.383094 - TYPING ECHO PRESENTER: should_echo_keyboard_event: 'insert'?
10:08:14.383118 - GSETTINGS SCHEMA HANDLE: keybindings/keyboard-layout not set [app:accessibility_probe, profile:default]
10:08:14.383123 - GSETTINGS REGISTRY: keybindings/keyboard-layout using default value = 'desktop'
10:08:14.383135 - GSETTINGS SCHEMA HANDLE: keybindings/desktop-modifier-keys not set [app:accessibility_probe, profile:default]
10:08:14.383140 - GSETTINGS REGISTRY: keybindings/desktop-modifier-keys using default value = ['Insert', 'KP_Insert']
10:08:14.383158 - GSETTINGS SCHEMA HANDLE: typing-echo/key-echo not set [app:accessibility_probe, profile:default]
10:08:14.383162 - GSETTINGS REGISTRY: typing-echo/key-echo using default value = True
10:08:14.383172 - GSETTINGS SCHEMA HANDLE: typing-echo/modifier-keys not set [app:accessibility_probe, profile:default]
10:08:14.383176 - GSETTINGS REGISTRY: typing-echo/modifier-keys using default value = True
10:08:14.383180 - TYPING ECHO PRESENTER: Echoing modifier Orca modifier event: True.
10:08:14.383198 - GSETTINGS SCHEMA HANDLE: keybindings/keyboard-layout not set [app:accessibility_probe, profile:default]
10:08:14.383202 - GSETTINGS REGISTRY: keybindings/keyboard-layout using default value = 'desktop'
10:08:14.383212 - GSETTINGS SCHEMA HANDLE: keybindings/desktop-modifier-keys not set [app:accessibility_probe, profile:default]
10:08:14.383215 - GSETTINGS REGISTRY: keybindings/desktop-modifier-keys using default value = ['Insert', 'KP_Insert']
10:08:14.383235 - SCRIPT MANAGER: Active script is: accessibility_probe (module=orca.scripts.default)
10:08:14.383260 - FOCUS MANAGER: Active mode: object-navigator Object of interest: [progress bar: 'Download progress' (0x7e30eafbd280)] 
10:08:14.383276 - GSETTINGS SCHEMA HANDLE: speech/enable not set [app:accessibility_probe, profile:default]
10:08:14.383280 - GSETTINGS REGISTRY: speech/enable using default value = True
10:08:14.383294 - GSETTINGS SCHEMA HANDLE: speech/verbosity-level not set [app:accessibility_probe, profile:default]
10:08:14.383297 - GSETTINGS REGISTRY: speech/verbosity-level using default value = 'verbose'
10:08:14.383310 - FOCUS MANAGER: Locus of focus is [button: 'Advance download' (0x7e30eaf8fe00)] 
10:08:14.383324 - SCRIPT MANAGER: Active script is: accessibility_probe (module=orca.scripts.default)
10:08:14.383338 - GSETTINGS SCHEMA HANDLE: speech/only-speak-displayed-text not set [app:accessibility_probe, profile:default]
10:08:14.383342 - GSETTINGS REGISTRY: speech/only-speak-displayed-text using default value = False
10:08:14.383352 - GSETTINGS SCHEMA HANDLE: speech/speak-description not set [app:accessibility_probe, profile:default]
10:08:14.383356 - GSETTINGS REGISTRY: speech/speak-description using default value = True
10:08:14.383367 - GSETTINGS SCHEMA HANDLE: speech/speak-tutorial-messages not set [app:accessibility_probe, profile:default]
10:08:14.383370 - GSETTINGS REGISTRY: speech/speak-tutorial-messages using default value = True
10:08:14.383380 - GSETTINGS SCHEMA HANDLE: speech/speak-position-in-set not set [app:accessibility_probe, profile:default]
10:08:14.383383 - GSETTINGS REGISTRY: speech/speak-position-in-set using default value = False
10:08:14.383393 - GSETTINGS SCHEMA HANDLE: speech/speak-widget-mnemonic not set [app:accessibility_probe, profile:default]
10:08:14.383399 - GSETTINGS REGISTRY: speech/speak-widget-mnemonic using default value = True
10:08:14.383409 - GSETTINGS SCHEMA HANDLE: speech/speak-blank-lines not set [app:accessibility_probe, profile:default]
10:08:14.383412 - GSETTINGS REGISTRY: speech/speak-blank-lines using default value = True
10:08:14.383421 - GSETTINGS SCHEMA HANDLE: speech/speak-indentation-and-justification not set [app:accessibility_probe, profile:default]
10:08:14.383425 - GSETTINGS REGISTRY: speech/speak-indentation-and-justification using default value = False
10:08:14.383434 - GSETTINGS SCHEMA HANDLE: speech/announce-cell-headers not set [app:accessibility_probe, profile:default]
10:08:14.383438 - GSETTINGS REGISTRY: speech/announce-cell-headers using default value = True
10:08:14.383447 - GSETTINGS SCHEMA HANDLE: speech/announce-cell-coordinates not set [app:accessibility_probe, profile:default]
10:08:14.383451 - GSETTINGS REGISTRY: speech/announce-cell-coordinates using default value = True
10:08:14.383461 - GSETTINGS SCHEMA HANDLE: speech/announce-spreadsheet-cell-coordinates not set [app:accessibility_probe, profile:default]
10:08:14.383464 - GSETTINGS REGISTRY: speech/announce-spreadsheet-cell-coordinates using default value = True
10:08:14.383474 - GSETTINGS SCHEMA HANDLE: speech/announce-blockquote not set [app:accessibility_probe, profile:default]
10:08:14.383477 - GSETTINGS REGISTRY: speech/announce-blockquote using default value = True
10:08:14.383487 - GSETTINGS SCHEMA HANDLE: speech/announce-form not set [app:accessibility_probe, profile:default]
10:08:14.383490 - GSETTINGS REGISTRY: speech/announce-form using default value = True
10:08:14.383499 - GSETTINGS SCHEMA HANDLE: speech/announce-landmark not set [app:accessibility_probe, profile:default]
10:08:14.383502 - GSETTINGS REGISTRY: speech/announce-landmark using default value = True
10:08:14.383511 - GSETTINGS SCHEMA HANDLE: speech/announce-list not set [app:accessibility_probe, profile:default]
10:08:14.383515 - GSETTINGS REGISTRY: speech/announce-list using default value = True
10:08:14.383524 - GSETTINGS SCHEMA HANDLE: speech/announce-grouping not set [app:accessibility_probe, profile:default]
10:08:14.383527 - GSETTINGS REGISTRY: speech/announce-grouping using default value = True
10:08:14.383536 - GSETTINGS SCHEMA HANDLE: speech/announce-table not set [app:accessibility_probe, profile:default]
10:08:14.383539 - GSETTINGS REGISTRY: speech/announce-table using default value = True
10:08:14.383560 - GSETTINGS SCHEMA HANDLE: voice/established not set [app:accessibility_probe, profile:default]
10:08:14.383573 - GSETTINGS SCHEMA HANDLE: voice/rate not set [app:accessibility_probe, profile:default]
10:08:14.383584 - GSETTINGS SCHEMA HANDLE: voice/pitch not set [app:accessibility_probe, profile:default]
10:08:14.383595 - GSETTINGS SCHEMA HANDLE: voice/volume not set [app:accessibility_probe, profile:default]
10:08:14.383607 - GSETTINGS SCHEMA HANDLE: voice/family-name not set [app:accessibility_probe, profile:default]
10:08:14.383617 - GSETTINGS SCHEMA HANDLE: voice/family-lang not set [app:accessibility_probe, profile:default]
10:08:14.383627 - GSETTINGS SCHEMA HANDLE: voice/family-dialect not set [app:accessibility_probe, profile:default]
10:08:14.383637 - GSETTINGS SCHEMA HANDLE: voice/family-gender not set [app:accessibility_probe, profile:default]
10:08:14.383646 - GSETTINGS SCHEMA HANDLE: voice/family-variant not set [app:accessibility_probe, profile:default]
10:08:14.383673 - SPEECH GENERATOR: None voice requested for None language='', dialect='' Unmodified voice={'established': False}
10:08:14.383695 - SPEECH GENERATOR: Reported locale of None is 
10:08:14.383709 - SPEECH GENERATOR: Updated to: 'C', ''
10:08:14.383725 - GSETTINGS SCHEMA HANDLE: speech/auto-language-switching not set [app:accessibility_probe, profile:default]
10:08:14.383731 - GSETTINGS REGISTRY: speech/auto-language-switching using default value = True
10:08:14.383740 - SPEECH DISPATCHER: Returning cached result for language='C' dialect='' variant='None'
10:08:14.383782 - SPEECH GENERATOR: Family updated to {'dialect': '', 'lang': 'C', 'name': ''}
10:08:14.383824 - SPEECH GENERATOR: Final voice is {'established': 'False', 'family': "{'dialect': '', 'lang': 'C', 'name': ''}"}
10:08:14.383844 - GSETTINGS SCHEMA HANDLE: keybindings/keyboard-layout not set [app:accessibility_probe, profile:default]
10:08:14.383848 - GSETTINGS REGISTRY: keybindings/keyboard-layout using default value = 'desktop'
10:08:14.383860 - GSETTINGS SCHEMA HANDLE: keybindings/desktop-modifier-keys not set [app:accessibility_probe, profile:default]
10:08:14.383864 - GSETTINGS REGISTRY: keybindings/desktop-modifier-keys using default value = ['Insert', 'KP_Insert']
10:08:14.383870 - SPEECH OUTPUT: 'insert' {'established': False, 'family': {'name': '', 'gender': None, 'lang': 'C', 'dialect': '', 'variant': None}}
10:08:14.383883 - GSETTINGS SCHEMA HANDLE: keybindings/keyboard-layout not set [app:accessibility_probe, profile:default]
10:08:14.383887 - GSETTINGS REGISTRY: keybindings/keyboard-layout using default value = 'desktop'
10:08:14.383897 - GSETTINGS SCHEMA HANDLE: keybindings/desktop-modifier-keys not set [app:accessibility_probe, profile:default]
10:08:14.383901 - GSETTINGS REGISTRY: keybindings/desktop-modifier-keys using default value = ['Insert', 'KP_Insert']
10:08:14.383905 - SPEECH DISPATCHER: Speaking 'insert' as string
10:08:14.383909 - SPEECH DISPATCHER: Speaking 'insert' as string
10:08:14.384163 - SPEECH DISPATCHER: Speaking '<speak><mark name="0:6"/>insert</speak>' 
                  ORCA rate 50.0, pitch 5.0, volume 10.0, language C, punctuation: MOST
                  SD rate 2, pitch 10, volume 100, language c
10:08:14.384216 - TOTAL PROCESSING TIME: 0.0019
^^^^^ PROCESS ATSPI_KEY_PRESSED_EVENT: 'Insert' (118) ^^^^^

10:08:14.384248 - GSETTINGS SCHEMA HANDLE: keybindings/keyboard-layout not set [app:accessibility_probe, profile:default]
10:08:14.384253 - GSETTINGS REGISTRY: keybindings/keyboard-layout using default value = 'desktop'
10:08:14.384265 - GSETTINGS SCHEMA HANDLE: keybindings/desktop-modifier-keys not set [app:accessibility_probe, profile:default]
10:08:14.384270 - GSETTINGS REGISTRY: keybindings/desktop-modifier-keys using default value = ['Insert', 'KP_Insert']
10:08:14.384391 - GSETTINGS SCHEMA HANDLE: keybindings/keyboard-layout not set [app:accessibility_probe, profile:default]
10:08:14.384396 - GSETTINGS REGISTRY: keybindings/keyboard-layout using default value = 'desktop'
10:08:14.384406 - GSETTINGS SCHEMA HANDLE: keybindings/desktop-modifier-keys not set [app:accessibility_probe, profile:default]
10:08:14.384410 - GSETTINGS REGISTRY: keybindings/desktop-modifier-keys using default value = ['Insert', 'KP_Insert']
10:08:14.384433 - FOCUS MANAGER: Active window is [frame: 'Reactive TUI App accessibility round 1' (0x7e31017208c0)]  <unknown>.<module>:373 > input_event_manager._on_key_pressed:261 > input_event_manager.process_keyboard_event:297 > focus_manager.get_active_window:342
10:08:14.384658 - AXObject: Clearing AT-SPI cache on [frame: 'Reactive TUI App accessibility round 1' (0x7e31017208c0)]  Recursive: False.  Reason: Checking if window can be the active window
10:08:14.387078 - AXUtilities: [frame: 'Reactive TUI App accessibility round 1' (0x7e31017208c0)]  from [application: 'accessibility_probe' (0x7e31000ea340)]  can be active window
10:08:14.387267 - FOCUS MANAGER: Locus of focus is [button: 'Advance download' (0x7e30eaf8fe00)] 
10:08:14.387415 - SCRIPT MANAGER: Active script is: accessibility_probe (module=orca.scripts.default)
10:08:14.387574 - GSETTINGS SCHEMA HANDLE: keybindings/keyboard-layout not set [app:accessibility_probe, profile:default]
10:08:14.387581 - GSETTINGS REGISTRY: keybindings/keyboard-layout using default value = 'desktop'
10:08:14.387596 - GSETTINGS SCHEMA HANDLE: keybindings/desktop-modifier-keys not set [app:accessibility_probe, profile:default]
10:08:14.387602 - GSETTINGS REGISTRY: keybindings/desktop-modifier-keys using default value = ['Insert', 'KP_Insert']

KEYBOARD_EVENT:  type=ATSPI_KEY_PRESSED_EVENT
                 id=65363
                 hw_code=114
                 modifiers=4356
                 text=''
                 keyval_name='Right'
                 timestamp=1789049294.3843799
                 clickCount=1

vvvvv PROCESS ATSPI_KEY_PRESSED_EVENT: 'Right' (114) vvvvv
10:08:14.387645 - SCRIPT: accessibility_probe (module=orca.scripts.default)
10:08:14.387660 - WINDOW: [frame: 'Reactive TUI App accessibility round 1' (0x7e31017208c0)] 
10:08:14.387672 - LOCATION: [button: 'Advance download' (0x7e30eaf8fe00)] 
10:08:14.387696 - COMMAND: object_navigator_next
10:08:14.387717 - GSETTINGS SCHEMA HANDLE: keybindings/keyboard-layout not set [app:accessibility_probe, profile:default]
10:08:14.387722 - GSETTINGS REGISTRY: keybindings/keyboard-layout using default value = 'desktop'
10:08:14.387733 - GSETTINGS SCHEMA HANDLE: keybindings/desktop-modifier-keys not set [app:accessibility_probe, profile:default]
10:08:14.387738 - GSETTINGS REGISTRY: keybindings/desktop-modifier-keys using default value = ['Insert', 'KP_Insert']
10:08:14.387744 - PRESENTATION MANAGER: Interrupting presentation
10:08:14.387773 - SPEECH MANAGER: interrupt_speech. Script: None Event: None notify_user: False
10:08:14.387955 - SPEECH MANAGER: Speech server is <orca.speechdispatcherfactory.SpeechServer object at 0x7e310098d6a0>
10:08:14.391297 - BRAILLE: Kill flash message input_event._present:603 > presentation_manager.interrupt_presentation:88 > braille_presenter.kill_flash:1829 > braille.kill_flash:2182
10:08:14.391667 - TYPING ECHO PRESENTER: should_echo_keyboard_event: 'right'?
10:08:14.391705 - GSETTINGS SCHEMA HANDLE: keybindings/keyboard-layout not set [app:accessibility_probe, profile:default]
10:08:14.391713 - GSETTINGS REGISTRY: keybindings/keyboard-layout using default value = 'desktop'
10:08:14.391728 - GSETTINGS SCHEMA HANDLE: keybindings/desktop-modifier-keys not set [app:accessibility_probe, profile:default]
10:08:14.391733 - GSETTINGS REGISTRY: keybindings/desktop-modifier-keys using default value = ['Insert', 'KP_Insert']
10:08:14.391744 - TYPING ECHO PRESENTER: Not echoing keyboard event: modifier.
10:08:14.391760 - TOTAL PROCESSING TIME: 0.0042
^^^^^ PROCESS ATSPI_KEY_PRESSED_EVENT: 'Right' (114) ^^^^^

10:08:14.391785 - GSETTINGS SCHEMA HANDLE: keybindings/keyboard-layout not set [app:accessibility_probe, profile:default]
10:08:14.391790 - GSETTINGS REGISTRY: keybindings/keyboard-layout using default value = 'desktop'
10:08:14.391801 - GSETTINGS SCHEMA HANDLE: keybindings/desktop-modifier-keys not set [app:accessibility_probe, profile:default]
10:08:14.391805 - GSETTINGS REGISTRY: keybindings/desktop-modifier-keys using default value = ['Insert', 'KP_Insert']
10:08:14.391870 - GSETTINGS SCHEMA HANDLE: keybindings/keyboard-layout not set [app:accessibility_probe, profile:default]
10:08:14.391876 - GSETTINGS REGISTRY: keybindings/keyboard-layout using default value = 'desktop'
10:08:14.391886 - GSETTINGS SCHEMA HANDLE: keybindings/desktop-modifier-keys not set [app:accessibility_probe, profile:default]
10:08:14.391890 - GSETTINGS REGISTRY: keybindings/desktop-modifier-keys using default value = ['Insert', 'KP_Insert']
10:08:14.392312 - GSETTINGS SCHEMA HANDLE: keybindings/keyboard-layout not set [app:accessibility_probe, profile:default]
10:08:14.392320 - GSETTINGS REGISTRY: keybindings/keyboard-layout using default value = 'desktop'
10:08:14.392332 - GSETTINGS SCHEMA HANDLE: keybindings/desktop-modifier-keys not set [app:accessibility_probe, profile:default]
10:08:14.392336 - GSETTINGS REGISTRY: keybindings/desktop-modifier-keys using default value = ['Insert', 'KP_Insert']

KEYBOARD_EVENT:  type=ATSPI_KEY_RELEASED_EVENT
                 id=65363
                 hw_code=114
                 modifiers=4356
                 text=''
                 keyval_name='Right'
                 timestamp=1789049294.3918583
                 clickCount=1

vvvvv PROCESS ATSPI_KEY_RELEASED_EVENT: 'Right' (114) vvvvv
10:08:14.392374 - SCRIPT: accessibility_probe (module=orca.scripts.default)
10:08:14.392390 - WINDOW: [frame: 'Reactive TUI App accessibility round 1' (0x7e31017208c0)] 
10:08:14.392405 - LOCATION: [button: 'Advance download' (0x7e30eaf8fe00)] 
10:08:14.392428 - COMMAND: object_navigator_next
10:08:14.392446 - GSETTINGS SCHEMA HANDLE: keybindings/keyboard-layout not set [app:accessibility_probe, profile:default]
10:08:14.392450 - GSETTINGS REGISTRY: keybindings/keyboard-layout using default value = 'desktop'
10:08:14.392461 - GSETTINGS SCHEMA HANDLE: keybindings/desktop-modifier-keys not set [app:accessibility_probe, profile:default]
10:08:14.392466 - GSETTINGS REGISTRY: keybindings/desktop-modifier-keys using default value = ['Insert', 'KP_Insert']
10:08:14.392477 - TOTAL PROCESSING TIME: 0.0001
^^^^^ PROCESS ATSPI_KEY_RELEASED_EVENT: 'Right' (114) ^^^^^

10:08:14.392499 - GSETTINGS SCHEMA HANDLE: keybindings/keyboard-layout not set [app:accessibility_probe, profile:default]
10:08:14.392503 - GSETTINGS REGISTRY: keybindings/keyboard-layout using default value = 'desktop'
10:08:14.392513 - GSETTINGS SCHEMA HANDLE: keybindings/desktop-modifier-keys not set [app:accessibility_probe, profile:default]
10:08:14.392518 - GSETTINGS REGISTRY: keybindings/desktop-modifier-keys using default value = ['Insert', 'KP_Insert']
10:08:14.392581 - GSETTINGS SCHEMA HANDLE: keybindings/keyboard-layout not set [app:accessibility_probe, profile:default]
10:08:14.392585 - GSETTINGS REGISTRY: keybindings/keyboard-layout using default value = 'desktop'
10:08:14.392595 - GSETTINGS SCHEMA HANDLE: keybindings/desktop-modifier-keys not set [app:accessibility_probe, profile:default]
10:08:14.392599 - GSETTINGS REGISTRY: keybindings/desktop-modifier-keys using default value = ['Insert', 'KP_Insert']
10:08:14.392604 - ORCA MODIFIER MANAGER: Setting pressed state to False
10:08:14.393000 - GSETTINGS SCHEMA HANDLE: keybindings/keyboard-layout not set [app:accessibility_probe, profile:default]
10:08:14.393006 - GSETTINGS REGISTRY: keybindings/keyboard-layout using default value = 'desktop'
10:08:14.393018 - GSETTINGS SCHEMA HANDLE: keybindings/desktop-modifier-keys not set [app:accessibility_probe, profile:default]
10:08:14.393022 - GSETTINGS REGISTRY: keybindings/desktop-modifier-keys using default value = ['Insert', 'KP_Insert']

KEYBOARD_EVENT:  type=ATSPI_KEY_RELEASED_EVENT
                 id=65379
                 hw_code=118
                 modifiers=4
                 text=''
                 keyval_name='Insert'
                 timestamp=1789049294.3925695
                 clickCount=1

vvvvv PROCESS ATSPI_KEY_RELEASED_EVENT: 'Insert' (118) vvvvv
10:08:14.393053 - SCRIPT: accessibility_probe (module=orca.scripts.default)
10:08:14.393066 - WINDOW: [frame: 'Reactive TUI App accessibility round 1' (0x7e31017208c0)] 
10:08:14.393077 - LOCATION: [button: 'Advance download' (0x7e30eaf8fe00)] 
10:08:14.393093 - GSETTINGS SCHEMA HANDLE: keybindings/keyboard-layout not set [app:accessibility_probe, profile:default]
10:08:14.393097 - GSETTINGS REGISTRY: keybindings/keyboard-layout using default value = 'desktop'
10:08:14.393107 - GSETTINGS SCHEMA HANDLE: keybindings/desktop-modifier-keys not set [app:accessibility_probe, profile:default]
10:08:14.393112 - GSETTINGS REGISTRY: keybindings/desktop-modifier-keys using default value = ['Insert', 'KP_Insert']
10:08:14.393122 - TOTAL PROCESSING TIME: 0.0001
^^^^^ PROCESS ATSPI_KEY_RELEASED_EVENT: 'Insert' (118) ^^^^^

10:08:14.393142 - GSETTINGS SCHEMA HANDLE: keybindings/keyboard-layout not set [app:accessibility_probe, profile:default]
10:08:14.393146 - GSETTINGS REGISTRY: keybindings/keyboard-layout using default value = 'desktop'
10:08:14.393156 - GSETTINGS SCHEMA HANDLE: keybindings/desktop-modifier-keys not set [app:accessibility_probe, profile:default]
10:08:14.393159 - GSETTINGS REGISTRY: keybindings/desktop-modifier-keys using default value = ['Insert', 'KP_Insert']
10:08:14.393467 - GSETTINGS SCHEMA HANDLE: keybindings/keyboard-layout not set [app:accessibility_probe, profile:default]
10:08:14.393471 - GSETTINGS REGISTRY: keybindings/keyboard-layout using default value = 'desktop'
10:08:14.393481 - GSETTINGS SCHEMA HANDLE: keybindings/desktop-modifier-keys not set [app:accessibility_probe, profile:default]
10:08:14.393487 - GSETTINGS REGISTRY: keybindings/desktop-modifier-keys using default value = ['Insert', 'KP_Insert']

KEYBOARD_EVENT:  type=ATSPI_KEY_RELEASED_EVENT
                 id=65507
                 hw_code=37
                 modifiers=4
                 text=''
                 keyval_name='Control_L'
                 timestamp=1789049294.393457
                 clickCount=1

vvvvv PROCESS ATSPI_KEY_RELEASED_EVENT: 'Control_L' (37) vvvvv
10:08:14.393897 - SCRIPT: accessibility_probe (module=orca.scripts.default)
10:08:14.393911 - WINDOW: [frame: 'Reactive TUI App accessibility round 1' (0x7e31017208c0)] 
10:08:14.393924 - LOCATION: [button: 'Advance download' (0x7e30eaf8fe00)] 
10:08:14.393941 - GSETTINGS SCHEMA HANDLE: keybindings/keyboard-layout not set [app:accessibility_probe, profile:default]
10:08:14.393945 - GSETTINGS REGISTRY: keybindings/keyboard-layout using default value = 'desktop'
10:08:14.393956 - GSETTINGS SCHEMA HANDLE: keybindings/desktop-modifier-keys not set [app:accessibility_probe, profile:default]
10:08:14.393960 - GSETTINGS REGISTRY: keybindings/desktop-modifier-keys using default value = ['Insert', 'KP_Insert']
10:08:14.393969 - TOTAL PROCESSING TIME: 0.0001
^^^^^ PROCESS ATSPI_KEY_RELEASED_EVENT: 'Control_L' (37) ^^^^^


vvvvv HANDLE ATSPI_KEY_PRESSED_EVENT: 'Right' (114) vvvvv
10:08:14.394065 - OBJECT NAVIGATOR: move_to_next_sibling. Script: accessibility_probe (module=orca.scripts.default) Event: KEYBOARD_EVENT:  type=ATSPI_KEY_PRESSED_EVENT
                                   id=65363
                                   hw_code=114
                                   modifiers=4356
                                   text=''
                                   keyval_name='Right'
                                   timestamp=1789049294.3843799
                                   clickCount=1 notify_user: True
10:08:14.394091 - FOCUS MANAGER: Active mode: object-navigator Object of interest: [progress bar: 'Download progress' (0x7e30eafbd280)] 
10:08:14.394116 - OBJECT NAVIGATOR: Not excluding [frame: 'Reactive TUI App accessibility round 1' (0x7e31017208c0)] 
10:08:14.396052 - OBJECT NAVIGATOR: Not excluding [progress bar: 'Download progress' (0x7e30eafbd280)] 
10:08:14.396075 - OBJECT NAVIGATOR: Not excluding [button: 'Advance download' (0x7e30eaf8fe00)] 
10:08:14.396092 - OBJECT NAVIGATOR: Not excluding [progress bar: 'Waiting for download' (0x7e30eafd4200)] 
10:08:14.396108 - OBJECT NAVIGATOR: Not excluding [progress bar: 'Invalid download' (0x7e30eafd41c0)] 
10:08:14.396123 - OBJECT NAVIGATOR: Not excluding [progress bar: 'Completed download' (0x7e30eafd4140)] 
10:08:14.396137 - OBJECT NAVIGATOR: Presenting [button: 'Advance download' (0x7e30eaf8fe00)] 
10:08:14.396175 - FOCUS MANAGER: Region of interest: [button: 'Advance download' (0x7e30eaf8fe00)]  (0, 0)
10:08:14.396206 - FOCUS MANAGER: Switching object of interest from [progress bar: 'Download progress' (0x7e30eafbd280)]  to [button: 'Advance download' (0x7e30eaf8fe00)] 
10:08:14.396230 - DEFAULT: Presenting object [button: 'Advance download' (0x7e30eaf8fe00)] . Interrupt: False
10:08:14.396258 - FOCUS MANAGER: Active mode: object-navigator Object of interest: [button: 'Advance download' (0x7e30eaf8fe00)] 
10:08:14.396283 - GSETTINGS SCHEMA HANDLE: speech/enable not set [app:accessibility_probe, profile:default]
10:08:14.396288 - GSETTINGS REGISTRY: speech/enable using default value = True
10:08:14.396303 - GSETTINGS SCHEMA HANDLE: speech/verbosity-level not set [app:accessibility_probe, profile:default]
10:08:14.396307 - GSETTINGS REGISTRY: speech/verbosity-level using default value = 'verbose'
10:08:14.396320 - FOCUS MANAGER: Locus of focus is [button: 'Advance download' (0x7e30eaf8fe00)] 
10:08:14.396335 - SCRIPT MANAGER: Active script is: accessibility_probe (module=orca.scripts.default)
10:08:14.396350 - GSETTINGS SCHEMA HANDLE: speech/only-speak-displayed-text not set [app:accessibility_probe, profile:default]
10:08:14.396353 - GSETTINGS REGISTRY: speech/only-speak-displayed-text using default value = False
10:08:14.396375 - GSETTINGS SCHEMA HANDLE: speech/speak-description not set [app:accessibility_probe, profile:default]
10:08:14.396379 - GSETTINGS REGISTRY: speech/speak-description using default value = True
10:08:14.396389 - GSETTINGS SCHEMA HANDLE: speech/speak-tutorial-messages not set [app:accessibility_probe, profile:default]
10:08:14.396392 - GSETTINGS REGISTRY: speech/speak-tutorial-messages using default value = True
10:08:14.396402 - GSETTINGS SCHEMA HANDLE: speech/speak-position-in-set not set [app:accessibility_probe, profile:default]
10:08:14.396406 - GSETTINGS REGISTRY: speech/speak-position-in-set using default value = False
10:08:14.396415 - GSETTINGS SCHEMA HANDLE: speech/speak-widget-mnemonic not set [app:accessibility_probe, profile:default]
10:08:14.396418 - GSETTINGS REGISTRY: speech/speak-widget-mnemonic using default value = True
10:08:14.396428 - GSETTINGS SCHEMA HANDLE: speech/speak-blank-lines not set [app:accessibility_probe, profile:default]
10:08:14.396432 - GSETTINGS REGISTRY: speech/speak-blank-lines using default value = True
10:08:14.396441 - GSETTINGS SCHEMA HANDLE: speech/speak-indentation-and-justification not set [app:accessibility_probe, profile:default]
10:08:14.396445 - GSETTINGS REGISTRY: speech/speak-indentation-and-justification using default value = False
10:08:14.396455 - GSETTINGS SCHEMA HANDLE: speech/announce-cell-headers not set [app:accessibility_probe, profile:default]
10:08:14.396458 - GSETTINGS REGISTRY: speech/announce-cell-headers using default value = True
10:08:14.396467 - GSETTINGS SCHEMA HANDLE: speech/announce-cell-coordinates not set [app:accessibility_probe, profile:default]
10:08:14.396471 - GSETTINGS REGISTRY: speech/announce-cell-coordinates using default value = True
10:08:14.396482 - GSETTINGS SCHEMA HANDLE: speech/announce-spreadsheet-cell-coordinates not set [app:accessibility_probe, profile:default]
10:08:14.396485 - GSETTINGS REGISTRY: speech/announce-spreadsheet-cell-coordinates using default value = True
10:08:14.396494 - GSETTINGS SCHEMA HANDLE: speech/announce-blockquote not set [app:accessibility_probe, profile:default]
10:08:14.396498 - GSETTINGS REGISTRY: speech/announce-blockquote using default value = True
10:08:14.396507 - GSETTINGS SCHEMA HANDLE: speech/announce-form not set [app:accessibility_probe, profile:default]
10:08:14.396510 - GSETTINGS REGISTRY: speech/announce-form using default value = True
10:08:14.396519 - GSETTINGS SCHEMA HANDLE: speech/announce-landmark not set [app:accessibility_probe, profile:default]
10:08:14.396523 - GSETTINGS REGISTRY: speech/announce-landmark using default value = True
10:08:14.396532 - GSETTINGS SCHEMA HANDLE: speech/announce-list not set [app:accessibility_probe, profile:default]
10:08:14.396535 - GSETTINGS REGISTRY: speech/announce-list using default value = True
10:08:14.396544 - GSETTINGS SCHEMA HANDLE: speech/announce-grouping not set [app:accessibility_probe, profile:default]
10:08:14.396548 - GSETTINGS REGISTRY: speech/announce-grouping using default value = True
10:08:14.396556 - GSETTINGS SCHEMA HANDLE: speech/announce-table not set [app:accessibility_probe, profile:default]
10:08:14.396560 - GSETTINGS REGISTRY: speech/announce-table using default value = True
10:08:14.397698 - GENERATOR: _get_functional_role: button
10:08:14.397780 - SPEECH GENERATOR: speech_generator.SpeechGenerator._generate_push_button for [button: 'Advance download' (0x7e30eaf8fe00)]  args: {'formatType': 'unfocused', 'priorObj': "[progress bar: 'Download progress' (0x7e30eafbd280)] ", 'role': 'button'}
10:08:14.398422 - SCRIPT UTILITIES: [frame: 'Reactive TUI App accessibility round 1' (0x7e31017208c0)]  is top-level object for: [button: 'Advance download' (0x7e30eaf8fe00)] 
10:08:14.398745 - SCRIPT UTILITIES: [button: 'Advance download' (0x7e30eaf8fe00)]  is in frame [frame: 'Reactive TUI App accessibility round 1' (0x7e31017208c0)]  and dialog None
10:08:14.398895 - SPEECH GENERATOR: _generate_old_ancestors: []
10:08:14.398930 - SPEECH GENERATOR: _generate_new_ancestors: []
10:08:14.399139 - AXUtilitiesRelation: [button: 'Advance download' (0x7e30eaf8fe00)]  is labelled by: []
10:08:14.399171 - GENERATOR: _generate_accessible_label: []
10:08:14.399187 - SPEECH GENERATOR: _generate_accessible_label: []
10:08:14.399213 - GENERATOR: _generate_accessible_name: [Advance download]
10:08:14.399249 - GSETTINGS SCHEMA HANDLE: voice/established not set [app:accessibility_probe, profile:default]
10:08:14.399265 - GSETTINGS SCHEMA HANDLE: voice/rate not set [app:accessibility_probe, profile:default]
10:08:14.399277 - GSETTINGS SCHEMA HANDLE: voice/pitch not set [app:accessibility_probe, profile:default]
10:08:14.399288 - GSETTINGS SCHEMA HANDLE: voice/volume not set [app:accessibility_probe, profile:default]
10:08:14.399302 - GSETTINGS SCHEMA HANDLE: voice/family-name not set [app:accessibility_probe, profile:default]
10:08:14.399312 - GSETTINGS SCHEMA HANDLE: voice/family-lang not set [app:accessibility_probe, profile:default]
10:08:14.399323 - GSETTINGS SCHEMA HANDLE: voice/family-dialect not set [app:accessibility_probe, profile:default]
10:08:14.399333 - GSETTINGS SCHEMA HANDLE: voice/family-gender not set [app:accessibility_probe, profile:default]
10:08:14.399342 - GSETTINGS SCHEMA HANDLE: voice/family-variant not set [app:accessibility_probe, profile:default]
10:08:14.399371 - SPEECH GENERATOR: default voice requested for [button: 'Advance download' (0x7e30eaf8fe00)]  language='', dialect='' Unmodified voice={'established': False}
10:08:14.399395 - SPEECH GENERATOR: Reported locale of [button: 'Advance download' (0x7e30eaf8fe00)]  is 
10:08:14.399410 - SPEECH GENERATOR: Updated to: 'C', ''
10:08:14.399433 - GSETTINGS SCHEMA HANDLE: speech/auto-language-switching not set [app:accessibility_probe, profile:default]
10:08:14.399438 - GSETTINGS REGISTRY: speech/auto-language-switching using default value = True
10:08:14.399447 - SPEECH DISPATCHER: Returning cached result for language='C' dialect='' variant='None'
10:08:14.399486 - SPEECH GENERATOR: Family updated to {'dialect': '', 'lang': 'C', 'name': ''}
10:08:14.399528 - SPEECH GENERATOR: Final voice is {'established': 'False', 'family': "{'dialect': '', 'lang': 'C', 'name': ''}"}
10:08:14.399575 - SPEECH GENERATOR: _generate_accessible_name: [Advance download, {'established': 'False', 'family': "{'dialect': '', 'lang': 'C', 'name': ''}"}]
10:08:14.399625 - GENERATOR: _generate_accessible_label_and_name: [Advance download, {'established': 'False', 'family': "{'dialect': '', 'lang': 'C', 'name': ''}"}]
10:08:14.399645 - SPEECH PRESENTER: Adjusting 'Advance download' from [button: 'Advance download' (0x7e30eaf8fe00)]  start_offset: None
10:08:14.399889 - GSETTINGS SCHEMA HANDLE: speech/speak-numbers-as-digits not set [app:accessibility_probe, profile:default]
10:08:14.399906 - GSETTINGS REGISTRY: speech/speak-numbers-as-digits using default value = False
10:08:14.399941 - GSETTINGS SCHEMA HANDLE: speech/repeated-character-limit not set [app:accessibility_probe, profile:default]
10:08:14.399947 - GSETTINGS REGISTRY: speech/repeated-character-limit using default value = 4
10:08:14.400933 - GSETTINGS SCHEMA HANDLE: speech/use-pronunciation-dictionary not set [app:accessibility_probe, profile:default]
10:08:14.400945 - GSETTINGS REGISTRY: speech/use-pronunciation-dictionary using default value = True
10:08:14.400956 - SPEECH PRESENTER: Adjusted text: 'Advance download'
10:08:14.401020 - SPEECH GENERATOR: _generate_accessible_label_and_name: [Advance download, {'established': 'False', 'family': "{'dialect': '', 'lang': 'C', 'name': ''}"}]
10:08:14.401062 - GENERATOR: _generate_state_expanded: []
10:08:14.401075 - SPEECH GENERATOR: _generate_state_expanded: []
10:08:14.402162 - GSETTINGS SCHEMA HANDLE: voice/established not set [app:accessibility_probe, profile:default]
10:08:14.402182 - GSETTINGS SCHEMA HANDLE: voice/rate not set [app:accessibility_probe, profile:default]
10:08:14.402194 - GSETTINGS SCHEMA HANDLE: voice/pitch not set [app:accessibility_probe, profile:default]
10:08:14.402205 - GSETTINGS SCHEMA HANDLE: voice/volume not set [app:accessibility_probe, profile:default]
10:08:14.402221 - GSETTINGS SCHEMA HANDLE: voice/family-name not set [app:accessibility_probe, profile:default]
10:08:14.402231 - GSETTINGS SCHEMA HANDLE: voice/family-lang not set [app:accessibility_probe, profile:default]
10:08:14.402240 - GSETTINGS SCHEMA HANDLE: voice/family-dialect not set [app:accessibility_probe, profile:default]
10:08:14.402250 - GSETTINGS SCHEMA HANDLE: voice/family-gender not set [app:accessibility_probe, profile:default]
10:08:14.402260 - GSETTINGS SCHEMA HANDLE: voice/family-variant not set [app:accessibility_probe, profile:default]
10:08:14.402293 - SPEECH GENERATOR: system voice requested for [button: 'Advance download' (0x7e30eaf8fe00)]  language='', dialect='' Unmodified voice={'established': False}
10:08:14.402317 - SPEECH GENERATOR: Reported locale of [button: 'Advance download' (0x7e30eaf8fe00)]  is 
10:08:14.402330 - SPEECH GENERATOR: Updated to: 'C', ''
10:08:14.402346 - GSETTINGS SCHEMA HANDLE: voice/established not set [app:accessibility_probe, profile:default]
10:08:14.402357 - GSETTINGS SCHEMA HANDLE: voice/rate not set [app:accessibility_probe, profile:default]
10:08:14.402367 - GSETTINGS SCHEMA HANDLE: voice/pitch not set [app:accessibility_probe, profile:default]
10:08:14.402377 - GSETTINGS SCHEMA HANDLE: voice/volume not set [app:accessibility_probe, profile:default]
10:08:14.402388 - GSETTINGS SCHEMA HANDLE: voice/family-name not set [app:accessibility_probe, profile:default]
10:08:14.402397 - GSETTINGS SCHEMA HANDLE: voice/family-lang not set [app:accessibility_probe, profile:default]
10:08:14.402407 - GSETTINGS SCHEMA HANDLE: voice/family-dialect not set [app:accessibility_probe, profile:default]
10:08:14.402417 - GSETTINGS SCHEMA HANDLE: voice/family-gender not set [app:accessibility_probe, profile:default]
10:08:14.402426 - GSETTINGS SCHEMA HANDLE: voice/family-variant not set [app:accessibility_probe, profile:default]
10:08:14.402463 - SPEECH GENERATOR: Final voice is {'established': 'False', 'family': '{}'}
10:08:14.402499 - SPEECH GENERATOR: _generate_accessible_role: [button, {'established': 'False', 'family': '{}'}]
10:08:14.402526 - GENERATOR: _generate_state_sensitive: []
10:08:14.402539 - SPEECH GENERATOR: _generate_state_sensitive: []
10:08:14.402556 - GSETTINGS SCHEMA HANDLE: speech/insert-pauses-between-utterances not set [app:accessibility_probe, profile:default]
10:08:14.402561 - GSETTINGS REGISTRY: speech/insert-pauses-between-utterances using default value = True
10:08:14.402575 - GSETTINGS SCHEMA HANDLE: speech/punctuation-level not set [app:accessibility_probe, profile:default]
10:08:14.402579 - GSETTINGS REGISTRY: speech/punctuation-level using default value = 'most'
10:08:14.403091 - GENERATOR: _generate_keyboard_mnemonic: []
10:08:14.403108 - SPEECH GENERATOR: _generate_keyboard_mnemonic: []
10:08:14.403124 - GSETTINGS SCHEMA HANDLE: speech/insert-pauses-between-utterances not set [app:accessibility_probe, profile:default]
10:08:14.403129 - GSETTINGS REGISTRY: speech/insert-pauses-between-utterances using default value = True
10:08:14.403141 - GSETTINGS SCHEMA HANDLE: speech/punctuation-level not set [app:accessibility_probe, profile:default]
10:08:14.403145 - GSETTINGS REGISTRY: speech/punctuation-level using default value = 'most'
10:08:14.403618 - SPEECH GENERATOR: _generate_keyboard_accelerator: []
10:08:14.403645 - GENERATOR: _generate_state_current: []
10:08:14.403658 - SPEECH GENERATOR: _generate_state_current: []
10:08:14.403671 - SPEECH GENERATOR: _generate_has_click_action: []
10:08:14.403684 - SPEECH GENERATOR: _generate_has_details: []
10:08:14.403696 - SPEECH GENERATOR: _generate_details_for: []
10:08:14.403721 - GENERATOR: _generate_accessible_description: []
10:08:14.403733 - SPEECH GENERATOR: _generate_accessible_description: []
10:08:14.403753 - SPEECH GENERATOR: _generate_state_has_popup: []
10:08:14.404175 - SPEECH GENERATOR: _generate_tutorial: []
10:08:14.404264 - SPEECH GENERATOR: Results: [Advance download, {'established': 'False', 'family': "{'dialect': '', 'lang': 'C', 'name': ''}"}, button, {'established': 'False', 'family': '{}'}, PAUSE, PAUSE]
10:08:14.404353 - SPEECH: Speak [Advance download, {'established': 'False', 'family': "{'dialect': '', 'lang': 'C', 'name': ''}"}, button, {'established': 'False', 'family': '{}'}, PAUSE, PAUSE], acss: None
10:08:14.404414 - SPEECH: New voice {'established': 'False'}  != active voice {'established': 'False', 'family': "{'dialect': '', 'lang': 'C', 'name': ''}"}
10:08:14.404429 - SPEECH OUTPUT: 'Advance download' {'established': False, 'family': {'name': '', 'gender': None, 'lang': 'C', 'dialect': '', 'variant': None}}
10:08:14.404434 - SPEECH DISPATCHER: Speaking 'Advance download' as string
10:08:14.404612 - SPEECH DISPATCHER: Speaking '<speak><mark name="0:7"/>Advance <mark name="8:16"/>download</speak>' 
                  ORCA rate 50.0, pitch 5.0, volume 10.0, language C, punctuation: MOST
                  SD rate 2, pitch 10, volume 100, language c
10:08:14.404664 - SPEECH OUTPUT: 'button.' {'established': False}
10:08:14.404669 - SPEECH DISPATCHER: Speaking 'button.' as string
10:08:14.404793 - SPEECH DISPATCHER: Speaking '<speak><mark name="0:7"/>button.</speak>' 
                  ORCA rate 50.0, pitch 5.0, volume 10.0, language C, punctuation: MOST
                  SD rate 2, pitch 10, volume 100, language c
10:08:14.404863 - GSETTINGS SCHEMA HANDLE: braille/enabled not set [app:accessibility_probe, profile:default]
10:08:14.404869 - GSETTINGS REGISTRY: braille/enabled using default value = True
10:08:14.404898 - FOCUS MANAGER: Active mode: object-navigator Object of interest: [button: 'Advance download' (0x7e30eaf8fe00)] 
10:08:14.404912 - GSETTINGS SCHEMA HANDLE: braille/enabled not set [app:accessibility_probe, profile:default]
10:08:14.404916 - GSETTINGS REGISTRY: braille/enabled using default value = True
10:08:14.404930 - GSETTINGS SCHEMA HANDLE: braille/verbosity-level not set [app:accessibility_probe, profile:default]
10:08:14.404934 - GSETTINGS REGISTRY: braille/verbosity-level using default value = 'verbose'
10:08:14.404947 - FOCUS MANAGER: Locus of focus is [button: 'Advance download' (0x7e30eaf8fe00)] 
10:08:14.404962 - SCRIPT MANAGER: Active script is: accessibility_probe (module=orca.scripts.default)
10:08:14.404979 - GSETTINGS SCHEMA HANDLE: braille/rolename-style not set [app:accessibility_probe, profile:default]
10:08:14.404984 - GSETTINGS REGISTRY: braille/rolename-style using default value = 'verbose'
10:08:14.404995 - GSETTINGS SCHEMA HANDLE: braille/display-ancestors not set [app:accessibility_probe, profile:default]
10:08:14.404998 - GSETTINGS REGISTRY: braille/display-ancestors using default value = True
10:08:14.405008 - GSETTINGS SCHEMA HANDLE: braille/end-of-line-indicator not set [app:accessibility_probe, profile:default]
10:08:14.405011 - GSETTINGS REGISTRY: braille/end-of-line-indicator using default value = True
10:08:14.405021 - GSETTINGS SCHEMA HANDLE: braille/present-mnemonics not set [app:accessibility_probe, profile:default]
10:08:14.405024 - GSETTINGS REGISTRY: braille/present-mnemonics using default value = True
10:08:14.408160 - GENERATOR: _get_functional_role: button
10:08:14.408294 - BRAILLE GENERATOR: braille_generator.BrailleGenerator._generate_push_button for [button: 'Advance download' (0x7e30eaf8fe00)]  args: {'formatType': 'focused', 'priorObj': "[progress bar: 'Download progress' (0x7e30eafbd280)] ", 'role': 'button'}
10:08:14.410457 - GENERATOR: _get_functional_role: frame
10:08:14.410543 - BRAILLE GENERATOR: braille_generator.BrailleGenerator._generate_frame for [frame: 'Reactive TUI App accessibility round 1' (0x7e31017208c0)]  args: {'formatType': 'ancestor', 'includeContext': 'False', 'priorObj': "[progress bar: 'Download progress' (0x7e30eafbd280)] ", 'role': 'frame'}
10:08:14.410720 - AXUtilitiesRelation: [frame: 'Reactive TUI App accessibility round 1' (0x7e31017208c0)]  is labelled by: []
10:08:14.410738 - GENERATOR: _generate_accessible_label: []
10:08:14.410760 - GENERATOR: _generate_accessible_name: [Reactive TUI App accessibility round 1]
10:08:14.410779 - GENERATOR: _generate_accessible_label_and_name: [Reactive TUI App accessibility round 1]
10:08:14.411700 - BRAILLE GENERATOR: _generate_accessible_role: [frame]
10:08:14.411771 - AXUtilities: Unfocused alerts and dialogs for [frame: 'Reactive TUI App accessibility round 1' (0x7e31017208c0)] : []
10:08:14.411786 - BRAILLE GENERATOR: _generate_alert_and_dialog_count: []
10:08:14.411795 - BRAILLE: Not contracting 'Reactive TUI App accessibility round 1 frame' because contracted braille is not enabled.
10:08:14.411816 - GENERATOR: _generate_accessible_description: []
10:08:14.411940 - GENERATOR: _generate_state_current: []
10:08:14.411960 - BRAILLE GENERATOR: Results: [COMPONENT: 'Reactive TUI App accessibility round 1 frame', cursor offset:0]
10:08:14.412875 - GENERATOR: _get_functional_role: application
10:08:14.412899 - BRAILLE GENERATOR: [application: 'accessibility_probe' (0x7e31000ea340)]  lacks dedicated generator
10:08:14.412957 - BRAILLE GENERATOR: braille_generator.BrailleGenerator._generate_default_presentation for [application: 'accessibility_probe' (0x7e31000ea340)]  args: {'formatType': 'ancestor', 'includeContext': 'False', 'priorObj': "[progress bar: 'Download progress' (0x7e30eafbd280)] ", 'role': 'application'}
10:08:14.413138 - AXUtilitiesRelation: [application: 'accessibility_probe' (0x7e31000ea340)]  is labelled by: []
10:08:14.413155 - GENERATOR: _generate_accessible_label: []
10:08:14.413174 - GENERATOR: _generate_accessible_name: [accessibility_probe]
10:08:14.413196 - GENERATOR: _generate_accessible_label_and_name: [accessibility_probe]
10:08:14.413904 - BRAILLE GENERATOR: _generate_accessible_role: [application]
10:08:14.413913 - BRAILLE: Not contracting 'accessibility_probe application' because contracted braille is not enabled.
10:08:14.413932 - BRAILLE GENERATOR: Results: [COMPONENT: 'accessibility_probe application', cursor offset:0]
10:08:14.413967 - BRAILLE GENERATOR: _generate_ancestors: [COMPONENT: 'accessibility_probe application', cursor offset:0, REGION: ' ', cursor offset:0, COMPONENT: 'Reactive TUI App accessibility round 1 frame', cursor offset:0]
10:08:14.414000 - AXUtilitiesRelation: [button: 'Advance download' (0x7e30eaf8fe00)]  is labelled by: []
10:08:14.414014 - GENERATOR: _generate_accessible_label: []
10:08:14.414032 - GENERATOR: _generate_accessible_name: [Advance download]
10:08:14.414049 - GENERATOR: _generate_accessible_label_and_name: [Advance download]
10:08:14.414251 - GENERATOR: _generate_state_expanded: []
10:08:14.415313 - BRAILLE GENERATOR: _generate_accessible_role: [button]
10:08:14.415842 - GENERATOR: _generate_keyboard_mnemonic: []
10:08:14.416338 - BRAILLE: Not contracting 'Advance download button' because contracted braille is not enabled.
10:08:14.416363 - GENERATOR: _generate_accessible_description: []
10:08:14.416385 - GENERATOR: _generate_state_current: []
10:08:14.416422 - BRAILLE GENERATOR: Results: [COMPONENT: 'accessibility_probe application', cursor offset:0, REGION: ' ', cursor offset:0, COMPONENT: 'Reactive TUI App accessibility round 1 frame', cursor offset:0, REGION: ' ', cursor offset:0, COMPONENT: 'Advance download button', cursor offset:0]
10:08:14.416464 - BRAILLE: Refresh. Pan: True target: 0
10:08:14.416470 - BRAILLE: Kill flash message braille.display_line:1618 > braille.refresh:2097 > braille._prepare_refresh:1856 > braille.kill_flash:2182
10:08:14.417097 - GSETTINGS SCHEMA HANDLE: braille/enabled not set [app:accessibility_probe, profile:default]
10:08:14.417108 - GSETTINGS REGISTRY: braille/enabled using default value = True
10:08:14.417128 - BRAILLE: Last text object: None (Caret: 0, Line: 0, Cell: 0)
10:08:14.417153 - BRAILLE: Current text object: None (Caret: 0, Line: 0). On same line: False
10:08:14.417161 - BRAILLE: Line 0: 'accessibility_probe application Reactive TUI App accessibility round 1 frame Advance download button' focusOffset: 77 [[0, 32], [32, 63], [63, 77], [77, 100]]
10:08:14.417166 - BRAILLE: Cursor offset in line string is: 77
10:08:14.417171 - BRAILLE: Adjusting offset to 77 (unhandled condition)
10:08:14.417176 - BRAILLE: Current range: (77, 109). Target cell: 0
10:08:14.417184 - BRAILLE LINE:  'accessibility_probe application Reactive TUI App accessibility round 1 frame Advance download button'
10:08:14.417188 -      VISIBLE:  'Advance download button', cursor=1
10:08:14.417202 - BRAILLE: Enabling braille. BrlAPI running: False
10:08:14.417206 - BRAILLE: Need to initialize first.
10:08:14.417220 - BRAILLE: Initializing. Callback: input_event_manager.InputEventManager.process_braille_event
10:08:14.417236 - BRAILLE: WINDOWPATH= None
10:08:14.417249 - BRAILLE: XDG_VTNR= 1
10:08:14.417267 - BRAILLE: Attempting connection with BrlAPI.
10:08:14.417402 - TOTAL PROCESSING TIME: 0.0234
^^^^^ HANDLE ATSPI_KEY_PRESSED_EVENT: 'Right' (114) ^^^^^

10:08:14.417468 - FALLBACK: Contents changed. (<Gtk.Clipboard object at 0x7e30eafee440 (GtkClipboard at 0x25a4d4c0)>, <Gdk.EventOwnerChange object at 0x7e3100d36990 (void at 0x25aaeb50)>) {}
10:08:14.417600 - BRAILLE: BrlAPI Connection is unavailable (ConnectionError): couldn't connect to b':0' with key b'keyfile:/etc/brlapi.key+polkit': connect: No such file or directory
                  (brlerrno 11, libcerrno 2, gaierrno 0)
                  Is BRLTTY really running?
10:08:14.417695 - EVENT MANAGER: Dequeueing object:children-changed:add for [desktop frame: 'main' (0x7e30eafbe2c0)]  in  (3, 0, [application: 'gnome-terminal' (0x7e31000e3340)])
10:08:14.417770 - EVENT MANAGER: Dequeued object:children-changed:add for [desktop frame: 'main' (0x7e30eafee840)]  in  (3, 0, [application: 'gnome-terminal' (0x7e30eafee740)]) priority: 6, counter: 9

vvvvv START PRIORITY-6 OBJECT EVENT OBJECT:CHILDREN-CHANGED:ADD (queue size: 12) vvvvv

10:08:14.418157 - EVENT MANAGER: object:state-changed:sensitive for [menu item: 'Paste' (0x7e30eaf6e7c0)]  in org.gnome.Terminal (gtk 3.24.52) (1, 0, 0)
10:08:14.418175 - FOCUS MANAGER: Locus of focus is [button: 'Advance download' (0x7e30eaf8fe00)] 
10:08:14.418226 - EVENT_MANAGER: Ignoring object:state-changed:sensitive due to multiple instances in short time
10:08:14.418644 - EVENT SOURCE:
                  app='' name='main' role='desktop frame' axid='None' id=0x7e30eaf6e840
                  description=''
                  help=''
                  locale=''
                  states=''
                  relations=''
                  actions=''
                  interfaces='Component'
                  attributes=''
                  text=''
                  path=[-1]
                  
                  EVENT ANY DATA:
                  name='gnome-terminal' role='application' axid='' id=0x7e30eaf6e840
                  description=''
                  help=''
                  locale='C.UTF-8'
                  states=''
                  relations=''
                  actions=''
                  interfaces='Collection'
                  attributes=''
                  text=''
                  path=[-1]
                  
10:08:14.418665 - SCRIPT MANAGER: Active script is: accessibility_probe (module=orca.scripts.default)
10:08:14.418683 - FOCUS MANAGER: Locus of focus is [button: 'Advance download' (0x7e30eaf8fe00)] 
10:08:14.418706 - EVENT MANAGER: Getting script for event for None [desktop frame: 'main' (0x7e310099e500)] 
10:08:14.418723 - SCRIPT MANAGER: Getting script for None [desktop frame: 'main' (0x7e310099e500)] 
10:08:14.418773 - SCRIPT MANAGER: Script is app script default (module=orca.scripts.default)
10:08:14.418787 - EVENT MANAGER: Script for event is default (module=orca.scripts.default)
10:08:14.418803 - EVENT MANAGER: Change active script: False (No reason found to activate a different script.)
10:08:14.418809 - EVENT MANAGER: Processing object:children-changed:add: script handles events when inactive
10:08:14.418818 - AXUtilitiesRelation: Clearing local cache. Reason: children-changed event.
10:08:14.418824 - AXObject: Clearing local cache. Reason: children-changed event.
10:08:14.418830 - AXUtilitiesRelation: Clearing local cache. Reason: children-changed event.
10:08:14.418836 - AXUtilitiesEvent: Clearing local cache. Reason: children-changed event.
10:08:14.418841 - AXUtilitiesSelection: Clearing cache. Reason: children-changed event.
TOTAL PROCESSING TIME: 0.0011
^^^^^ FINISHED PRIORITY-6 OBJECT EVENT OBJECT:CHILDREN-CHANGED:ADD ^^^^^

10:08:14.418926 - FALLBACK: Clipboard contents: 
10:08:14.418934 - CLIPBOARD PRESENTER: Contents changed to: ''
10:08:14.418951 - SCRIPT MANAGER: Active script is: accessibility_probe (module=orca.scripts.default)
10:08:14.418960 - CLIPBOARD PRESENTER: Not presenting change: is not cut, copy, or paste
10:08:14.419042 - EVENT MANAGER: Dequeueing object:children-changed:add for [frame: 'Independent background App' (0x7e30eafbcbc0)]  in accessibility_probe (AccessKit) (0, 0, [toggle button: 'Independent App action' (0x7e30eaf8cbc0)])
10:08:14.419096 - EVENT MANAGER: Dequeued object:children-changed:add for [frame: 'Independent background App' (0x7e31000d4d00)]  in accessibility_probe (AccessKit) (0, 0, [toggle button: 'Independent App action' (0x7e3100a4d640)]) priority: 6, counter: 12

vvvvv START PRIORITY-6 OBJECT EVENT OBJECT:CHILDREN-CHANGED:ADD (queue size: 11) vvvvv
10:08:14.419225 - EVENT MANAGER: object:children-changed:add for [frame: 'Independent background App' (0x7e3100078580)]  in accessibility_probe (AccessKit) (0, 0, [toggle button: 'Independent App action' (0x7e31000f0580)]) obsoleted by object:children-changed:add for [frame: 'Independent background App' (0x7e3100078580)]  in accessibility_probe (AccessKit) (5, 0, [label: 'CSS restored reader text' (0x7e31000f0580)]) more recent event of same type for same object
TOTAL PROCESSING TIME: 0.0001
^^^^^ FINISHED PRIORITY-6 OBJECT EVENT OBJECT:CHILDREN-CHANGED:ADD ^^^^^

10:08:14.419246 - WARNING: Braille initialization failed: BrlAPI connection unavailable.
10:08:14.419256 - BRAILLE: Scheduling BrlAPI retry in 2000 ms.
10:08:14.419322 - EVENT MANAGER: Dequeueing object:children-changed:add for [frame: 'Independent background App' (0x7e31000d3fc0)]  in accessibility_probe (AccessKit) (1, 0, [label: 'Background calls 0' (0x7e30eafee600)])
10:08:14.419360 - EVENT MANAGER: Dequeued object:children-changed:add for [frame: 'Independent background App' (0x7e30eafee940)]  in accessibility_probe (AccessKit) (1, 0, [label: 'Background calls 0' (0x7e30eafee600)]) priority: 6, counter: 13

vvvvv START PRIORITY-6 OBJECT EVENT OBJECT:CHILDREN-CHANGED:ADD (queue size: 10) vvvvv
10:08:14.419466 - EVENT MANAGER: object:children-changed:add for [frame: 'Independent background App' (0x7e30eafee900)]  in accessibility_probe (AccessKit) (1, 0, [label: 'Background calls 0' (0x7e30eafee440)]) obsoleted by object:children-changed:add for [frame: 'Independent background App' (0x7e30eafee900)]  in accessibility_probe (AccessKit) (5, 0, [label: 'CSS restored reader text' (0x7e30eaf6e900)]) more recent event of same type for same object
TOTAL PROCESSING TIME: 0.0001
^^^^^ FINISHED PRIORITY-6 OBJECT EVENT OBJECT:CHILDREN-CHANGED:ADD ^^^^^

10:08:14.419506 - EVENT MANAGER: Dequeueing object:children-changed:add for [frame: 'Independent background App' (0x7e30eafee900)]  in accessibility_probe (AccessKit) (2, 0, [button: 'CSS expanded control' (0x7e30eaf6e900)])
10:08:14.419535 - EVENT MANAGER: Dequeued object:children-changed:add for [frame: 'Independent background App' (0x7e30eafee900)]  in accessibility_probe (AccessKit) (2, 0, [button: 'CSS expanded control' (0x7e30eaf6e900)]) priority: 6, counter: 14

vvvvv START PRIORITY-6 OBJECT EVENT OBJECT:CHILDREN-CHANGED:ADD (queue size: 9) vvvvv
10:08:14.419631 - EVENT MANAGER: object:children-changed:add for [frame: 'Independent background App' (0x7e30eafee840)]  in accessibility_probe (AccessKit) (2, 0, [button: 'CSS expanded control' (0x7e30eafee440)]) obsoleted by object:children-changed:add for [frame: 'Independent background App' (0x7e30eaf6e840)]  in accessibility_probe (AccessKit) (5, 0, [label: 'CSS restored reader text' (0x7e3100078580)]) more recent event of same type for same object
TOTAL PROCESSING TIME: 0.0001
^^^^^ FINISHED PRIORITY-6 OBJECT EVENT OBJECT:CHILDREN-CHANGED:ADD ^^^^^

10:08:14.419938 - EVENT MANAGER: Dequeueing object:children-changed:add for [frame: 'Independent background App' (0x7e30eafee900)]  in accessibility_probe (AccessKit) (3, 0, [heading: 'CSS direct label' (0x7e30eaf6e900)])
10:08:14.420075 - EVENT MANAGER: Dequeued object:children-changed:add for [frame: 'Independent background App' (0x7e30eafee900)]  in accessibility_probe (AccessKit) (3, 0, [heading: 'CSS direct label' (0x7e30eaf6e900)]) priority: 6, counter: 15

vvvvv START PRIORITY-6 OBJECT EVENT OBJECT:CHILDREN-CHANGED:ADD (queue size: 8) vvvvv
10:08:14.420313 - EVENT MANAGER: object:children-changed:add for [frame: 'Independent background App' (0x7e30eafee440)]  in accessibility_probe (AccessKit) (3, 0, [heading: 'CSS direct label' (0x7e31000e2980)]) obsoleted by object:children-changed:add for [frame: 'Independent background App' (0x7e30eafee440)]  in accessibility_probe (AccessKit) (5, 0, [label: 'CSS restored reader text' (0x7e3100078580)]) more recent event of same type for same object
TOTAL PROCESSING TIME: 0.0002
^^^^^ FINISHED PRIORITY-6 OBJECT EVENT OBJECT:CHILDREN-CHANGED:ADD ^^^^^

10:08:14.420386 - EVENT MANAGER: Dequeueing object:children-changed:add for [frame: 'Independent background App' (0x7e30eafee840)]  in accessibility_probe (AccessKit) (4, 0, [list item: 'CSS selected option' (0x7e30eaf6e840)])
10:08:14.420423 - EVENT MANAGER: Dequeued object:children-changed:add for [frame: 'Independent background App' (0x7e30eaf6e840)]  in accessibility_probe (AccessKit) (4, 0, [list item: 'CSS selected option' (0x7e3100078580)]) priority: 6, counter: 16

vvvvv START PRIORITY-6 OBJECT EVENT OBJECT:CHILDREN-CHANGED:ADD (queue size: 7) vvvvv
10:08:14.420570 - EVENT MANAGER: object:children-changed:add for [frame: 'Independent background App' (0x7e30eafee880)]  in accessibility_probe (AccessKit) (4, 0, [list item: 'CSS selected option' (0x7e31000e2980)]) obsoleted by object:children-changed:add for [frame: 'Independent background App' (0x7e30eafee7c0)]  in accessibility_probe (AccessKit) (6, 0, [label: 'Reader-only nested detail' (0x7e31000e2980)]) more recent event of same type for same object
TOTAL PROCESSING TIME: 0.0001
^^^^^ FINISHED PRIORITY-6 OBJECT EVENT OBJECT:CHILDREN-CHANGED:ADD ^^^^^

10:08:14.420615 - EVENT MANAGER: Dequeueing object:children-changed:add for [frame: 'Independent background App' (0x7e30eafee980)]  in accessibility_probe (AccessKit) (5, 0, [label: 'CSS restored reader text' (0x7e30eafee440)])
10:08:14.420648 - EVENT MANAGER: Dequeued object:children-changed:add for [frame: 'Independent background App' (0x7e30eafee840)]  in accessibility_probe (AccessKit) (5, 0, [label: 'CSS restored reader text' (0x7e30eafee440)]) priority: 6, counter: 17

vvvvv START PRIORITY-6 OBJECT EVENT OBJECT:CHILDREN-CHANGED:ADD (queue size: 6) vvvvv
10:08:14.420779 - EVENT MANAGER: object:children-changed:add for [frame: 'Independent background App' (0x7e30eafee440)]  in accessibility_probe (AccessKit) (5, 0, [label: 'CSS restored reader text' (0x7e3100078580)]) obsoleted by object:children-changed:add for [frame: 'Independent background App' (0x7e30eafee440)]  in accessibility_probe (AccessKit) (6, 0, [label: 'Reader-only nested detail' (0x7e3100078580)]) more recent event of same type for same object
TOTAL PROCESSING TIME: 0.0001
^^^^^ FINISHED PRIORITY-6 OBJECT EVENT OBJECT:CHILDREN-CHANGED:ADD ^^^^^

10:08:14.420819 - EVENT MANAGER: Dequeueing object:children-changed:add for [frame: 'Independent background App' (0x7e30eafee440)]  in accessibility_probe (AccessKit) (6, 0, [label: 'Reader-only nested detail' (0x7e31000e2980)])
10:08:14.420850 - EVENT MANAGER: Dequeued object:children-changed:add for [frame: 'Independent background App' (0x7e30eafee980)]  in accessibility_probe (AccessKit) (6, 0, [label: 'Reader-only nested detail' (0x7e30eafee440)]) priority: 6, counter: 18

vvvvv START PRIORITY-6 OBJECT EVENT OBJECT:CHILDREN-CHANGED:ADD (queue size: 5) vvvvv
10:08:14.424990 - EVENT SOURCE:
                  app='accessibility_probe (AccessKit )' name='Independent background App' role='frame' axid='' id=0x7e310099e500
                  description=''
                  help=''
                  locale=''
                  states='enabled, focusable, sensitive, showing, visible'
                  relations=''
                  actions=''
                  interfaces='Component'
                  attributes=''
                  text=''
                  path=[-1, 0]
                  
                  EVENT ANY DATA:
                  name='Reader-only nested detail' role='label' axid='' id=0x7e3100078580
                  description=''
                  help=''
                  locale=''
                  states='enabled, sensitive, showing, visible'
                  relations=''
                  actions=''
                  interfaces=''
                  attributes=''
                  text=''
                  path=[-1, 0, 6]
                  
10:08:14.425020 - SCRIPT MANAGER: Active script is: accessibility_probe (module=orca.scripts.default)
10:08:14.425041 - FOCUS MANAGER: Locus of focus is [button: 'Advance download' (0x7e30eaf8fe00)] 
10:08:14.425066 - EVENT MANAGER: Getting script for event for [application: 'accessibility_probe' (0x7e31000e31c0)]  [frame: 'Independent background App' (0x7e310099e500)] 
10:08:14.425082 - SCRIPT MANAGER: Getting script for [application: 'accessibility_probe' (0x7e31000e31c0)]  [frame: 'Independent background App' (0x7e310099e500)] 
10:08:14.425285 - SCRIPT MANAGER: Script is app script accessibility_probe (module=orca.scripts.default)
10:08:14.425298 - EVENT MANAGER: Script for event is accessibility_probe (module=orca.scripts.default)
10:08:14.425730 - EVENT MANAGER: Change active script: False (No reason found to activate a different script.)
10:08:14.425737 - EVENT MANAGER: Processing object:children-changed:add: script handles events when inactive
10:08:14.425746 - AXUtilitiesRelation: Clearing local cache. Reason: children-changed event.
10:08:14.425751 - AXObject: Clearing local cache. Reason: children-changed event.
10:08:14.425756 - AXUtilitiesRelation: Clearing local cache. Reason: children-changed event.
10:08:14.425762 - AXUtilitiesEvent: Clearing local cache. Reason: children-changed event.
10:08:14.425767 - AXUtilitiesSelection: Clearing cache. Reason: children-changed event.
TOTAL PROCESSING TIME: 0.0049
^^^^^ FINISHED PRIORITY-6 OBJECT EVENT OBJECT:CHILDREN-CHANGED:ADD ^^^^^

10:08:14.425863 - EVENT MANAGER: Dequeueing object:children-changed:add for [frame: 'Reactive TUI App accessibility round 1' (0x7e31017208c0)]  in accessibility_probe (AccessKit) (0, 0, [progress bar: 'Download progress' (0x7e30eafbd280)])
10:08:14.425896 - EVENT MANAGER: Dequeued object:children-changed:add for [frame: 'Reactive TUI App accessibility round 1' (0x7e31017208c0)]  in accessibility_probe (AccessKit) (0, 0, [progress bar: 'Download progress' (0x7e30eafbd280)]) priority: 6, counter: 27

vvvvv START PRIORITY-6 OBJECT EVENT OBJECT:CHILDREN-CHANGED:ADD (queue size: 4) vvvvv
10:08:14.425964 - EVENT MANAGER: object:children-changed:add for [frame: 'Reactive TUI App accessibility round 1' (0x7e31017208c0)]  in accessibility_probe (AccessKit) (0, 0, [progress bar: 'Download progress' (0x7e30eafbd280)]) obsoleted by object:children-changed:add for [frame: 'Reactive TUI App accessibility round 1' (0x7e31017208c0)]  in accessibility_probe (AccessKit) (4, 0, [progress bar: 'Completed download' (0x7e30eafd4140)]) more recent event of same type for same object
TOTAL PROCESSING TIME: 0.0001
^^^^^ FINISHED PRIORITY-6 OBJECT EVENT OBJECT:CHILDREN-CHANGED:ADD ^^^^^

10:08:14.426009 - EVENT MANAGER: Dequeueing object:children-changed:add for [frame: 'Reactive TUI App accessibility round 1' (0x7e31017208c0)]  in accessibility_probe (AccessKit) (1, 0, [button: 'Advance download' (0x7e30eaf8fe00)])
10:08:14.426039 - EVENT MANAGER: Dequeued object:children-changed:add for [frame: 'Reactive TUI App accessibility round 1' (0x7e31017208c0)]  in accessibility_probe (AccessKit) (1, 0, [button: 'Advance download' (0x7e30eaf8fe00)]) priority: 6, counter: 28

vvvvv START PRIORITY-6 OBJECT EVENT OBJECT:CHILDREN-CHANGED:ADD (queue size: 3) vvvvv
10:08:14.426105 - EVENT MANAGER: object:children-changed:add for [frame: 'Reactive TUI App accessibility round 1' (0x7e31017208c0)]  in accessibility_probe (AccessKit) (1, 0, [button: 'Advance download' (0x7e30eaf8fe00)]) obsoleted by object:children-changed:add for [frame: 'Reactive TUI App accessibility round 1' (0x7e31017208c0)]  in accessibility_probe (AccessKit) (4, 0, [progress bar: 'Completed download' (0x7e30eafd4140)]) more recent event of same type for same object
TOTAL PROCESSING TIME: 0.0001
^^^^^ FINISHED PRIORITY-6 OBJECT EVENT OBJECT:CHILDREN-CHANGED:ADD ^^^^^

10:08:14.426145 - EVENT MANAGER: Dequeueing object:children-changed:add for [frame: 'Reactive TUI App accessibility round 1' (0x7e31017208c0)]  in accessibility_probe (AccessKit) (2, 0, [progress bar: 'Waiting for download' (0x7e30eafd4200)])
10:08:14.426175 - EVENT MANAGER: Dequeued object:children-changed:add for [frame: 'Reactive TUI App accessibility round 1' (0x7e31017208c0)]  in accessibility_probe (AccessKit) (2, 0, [progress bar: 'Waiting for download' (0x7e30eafd4200)]) priority: 6, counter: 29

vvvvv START PRIORITY-6 OBJECT EVENT OBJECT:CHILDREN-CHANGED:ADD (queue size: 2) vvvvv
10:08:14.426238 - EVENT MANAGER: object:children-changed:add for [frame: 'Reactive TUI App accessibility round 1' (0x7e31017208c0)]  in accessibility_probe (AccessKit) (2, 0, [progress bar: 'Waiting for download' (0x7e30eafd4200)]) obsoleted by object:children-changed:add for [frame: 'Reactive TUI App accessibility round 1' (0x7e31017208c0)]  in accessibility_probe (AccessKit) (4, 0, [progress bar: 'Completed download' (0x7e30eafd4140)]) more recent event of same type for same object
TOTAL PROCESSING TIME: 0.0001
^^^^^ FINISHED PRIORITY-6 OBJECT EVENT OBJECT:CHILDREN-CHANGED:ADD ^^^^^

10:08:14.426276 - EVENT MANAGER: Dequeueing object:children-changed:add for [frame: 'Reactive TUI App accessibility round 1' (0x7e31017208c0)]  in accessibility_probe (AccessKit) (3, 0, [progress bar: 'Invalid download' (0x7e30eafd41c0)])
10:08:14.426305 - EVENT MANAGER: Dequeued object:children-changed:add for [frame: 'Reactive TUI App accessibility round 1' (0x7e31017208c0)]  in accessibility_probe (AccessKit) (3, 0, [progress bar: 'Invalid download' (0x7e30eafd41c0)]) priority: 6, counter: 30

vvvvv START PRIORITY-6 OBJECT EVENT OBJECT:CHILDREN-CHANGED:ADD (queue size: 1) vvvvv
10:08:14.426369 - EVENT MANAGER: object:children-changed:add for [frame: 'Reactive TUI App accessibility round 1' (0x7e31017208c0)]  in accessibility_probe (AccessKit) (3, 0, [progress bar: 'Invalid download' (0x7e30eafd41c0)]) obsoleted by object:children-changed:add for [frame: 'Reactive TUI App accessibility round 1' (0x7e31017208c0)]  in accessibility_probe (AccessKit) (4, 0, [progress bar: 'Completed download' (0x7e30eafd4140)]) more recent event of same type for same object
TOTAL PROCESSING TIME: 0.0001
^^^^^ FINISHED PRIORITY-6 OBJECT EVENT OBJECT:CHILDREN-CHANGED:ADD ^^^^^

10:08:14.426404 - EVENT MANAGER: Dequeueing object:children-changed:add for [frame: 'Reactive TUI App accessibility round 1' (0x7e31017208c0)]  in accessibility_probe (AccessKit) (4, 0, [progress bar: 'Completed download' (0x7e30eafd4140)])
10:08:14.426433 - EVENT MANAGER: Dequeued object:children-changed:add for [frame: 'Reactive TUI App accessibility round 1' (0x7e31017208c0)]  in accessibility_probe (AccessKit) (4, 0, [progress bar: 'Completed download' (0x7e30eafd4140)]) priority: 6, counter: 31

vvvvv START PRIORITY-6 OBJECT EVENT OBJECT:CHILDREN-CHANGED:ADD (queue size: 0) vvvvv
10:08:14.432127 - EVENT SOURCE:
                  app='accessibility_probe (AccessKit )' name='Reactive TUI App accessibility round 1' role='frame' axid='' id=0x7e31017208c0
                  description=''
                  help=''
                  locale=''
                  states='active, enabled, sensitive, showing, visible'
                  relations=''
                  actions=''
                  interfaces='Component'
                  attributes=''
                  text=''
                  path=[-1, 0]
                  
                  EVENT ANY DATA:
                  name='Completed download' role='progress bar' axid='' id=0x7e30eafd4140
                  description=''
                  help=''
                  locale=''
                  states='enabled, sensitive, showing, visible'
                  relations=''
                  actions=''
                  interfaces='Value'
                  attributes=''
                  text=''
                  path=[-1, 0, 4]
                  
10:08:14.432212 - SCRIPT MANAGER: Active script is: accessibility_probe (module=orca.scripts.default)
10:08:14.432269 - FOCUS MANAGER: Locus of focus is [button: 'Advance download' (0x7e30eaf8fe00)] 
10:08:14.432366 - EVENT MANAGER: Getting script for event for [application: 'accessibility_probe' (0x7e31000ea340)]  [frame: 'Reactive TUI App accessibility round 1' (0x7e31017208c0)] 
10:08:14.432414 - SCRIPT MANAGER: Getting script for [application: 'accessibility_probe' (0x7e31000ea340)]  [frame: 'Reactive TUI App accessibility round 1' (0x7e31017208c0)] 
10:08:14.432635 - SCRIPT MANAGER: Script is app script accessibility_probe (module=orca.scripts.default)
10:08:14.432652 - EVENT MANAGER: Script for event is accessibility_probe (module=orca.scripts.default)
10:08:14.432659 - EVENT MANAGER: Processing object:children-changed:add: script for event is active
10:08:14.432669 - AXUtilitiesRelation: Clearing local cache. Reason: children-changed event.
10:08:14.432676 - AXObject: Clearing local cache. Reason: children-changed event.
10:08:14.432683 - AXUtilitiesRelation: Clearing local cache. Reason: children-changed event.
10:08:14.432688 - AXUtilitiesEvent: Clearing local cache. Reason: children-changed event.
10:08:14.432694 - AXUtilitiesSelection: Clearing cache. Reason: children-changed event.
TOTAL PROCESSING TIME: 0.0063
^^^^^ FINISHED PRIORITY-6 OBJECT EVENT OBJECT:CHILDREN-CHANGED:ADD ^^^^^

10:08:14.442575 - CLIPBOARD PRESENTER: Possible change event object:text-changed:delete for [terminal: 'Terminal' (0x7e30eaf83c80)]  in org.gnome.Terminal (gtk 3.24.52) (77, 47, ▒▒▒▒▒▒▒▒▒▒▒▒▒▒▒▒▒▒▒▒▒▒▒▒▒▒▒▒▒▒▒▒▒▒▒▒▒▒▒▒▒▒▒▒\n25)
10:08:14.442620 - INPUT EVENT MANAGER: Last event was command.
10:08:14.443073 - FALLBACK: Clipboard contents: 
10:08:14.443101 - CLIPBOARD PRESENTER: Current contents: 

10:08:14.443180 - EVENT MANAGER: object:text-changed:delete for [terminal: 'Terminal' (0x7e30eaf83c80)]  in org.gnome.Terminal (gtk 3.24.52) (77, 47, ▒▒▒▒▒▒▒▒▒▒▒▒▒▒▒▒▒▒▒▒▒▒▒▒▒▒▒▒▒▒▒▒▒▒▒▒▒▒▒▒▒▒▒▒\n25)
10:08:14.443203 - FOCUS MANAGER: Locus of focus is [button: 'Advance download' (0x7e30eaf8fe00)] 
10:08:14.443261 - EVENT_MANAGER: Not ignoring object:text-changed:delete due to source being focused
10:08:14.443302 - EVENT MANAGER: Queueing object:text-changed:delete for [terminal: 'Terminal' (0x7e30eaf83c80)]  in org.gnome.Terminal (gtk 3.24.52) (77, 47, ▒▒▒▒▒▒▒▒▒▒▒▒▒▒▒▒▒▒▒▒▒▒▒▒▒▒▒▒▒▒▒▒▒▒▒▒▒▒▒▒▒▒▒▒\n25)
10:08:14.443321 - EVENT MANAGER: App for event source is [application: 'org.gnome.Terminal' (0x7e31000c8580)] 
10:08:14.443338 - SCRIPT MANAGER: Getting script for [application: 'org.gnome.Terminal' (0x7e31000c8580)]  [terminal: 'Terminal' (0x7e30eaf83c80)] 
10:08:14.443416 - SCRIPT MANAGER: Script is custom script org.gnome.Terminal (module=orca.scripts.terminal.script)
10:08:14.443459 - EVENT MANAGER: object:text-changed:delete for [terminal: 'Terminal' (0x7e30eaf83c80)]  in org.gnome.Terminal (gtk 3.24.52) (77, 47, ▒▒▒▒▒▒▒▒▒▒▒▒▒▒▒▒▒▒▒▒▒▒▒▒▒▒▒▒▒▒▒▒▒▒▒▒▒▒▒▒▒▒▒▒\n25) has priority level: 4
10:08:14.443501 - EVENT MANAGER: Queued object:text-changed:delete for [terminal: 'Terminal' (0x7e30eaf83c80)]  in org.gnome.Terminal (gtk 3.24.52) (77, 47, ▒▒▒▒▒▒▒▒▒▒▒▒▒▒▒▒▒▒▒▒▒▒▒▒▒▒▒▒▒▒▒▒▒▒▒▒▒▒▒▒▒▒▒▒\n25) priority: 4, counter: 43
10:08:14.443554 - CLIPBOARD PRESENTER: Possible change event object:text-changed:insert for [terminal: 'Terminal' (0x7e30eaf83c80)]  in org.gnome.Terminal (gtk 3.24.52) (77, 47, █████████████████████████████▒▒▒▒▒▒▒▒▒▒▒▒▒▒▒\n75)
10:08:14.443574 - INPUT EVENT MANAGER: Last event was command.
10:08:14.443661 - EVENT MANAGER: Dequeueing object:text-changed:delete for [terminal: 'Terminal' (0x7e30eaf83c80)]  in org.gnome.Terminal (gtk 3.24.52) (77, 47, ▒▒▒▒▒▒▒▒▒▒▒▒▒▒▒▒▒▒▒▒▒▒▒▒▒▒▒▒▒▒▒▒▒▒▒▒▒▒▒▒▒▒▒▒\n25)
10:08:14.443695 - EVENT MANAGER: Dequeued object:text-changed:delete for [terminal: 'Terminal' (0x7e30eaf83c80)]  in org.gnome.Terminal (gtk 3.24.52) (77, 47, ▒▒▒▒▒▒▒▒▒▒▒▒▒▒▒▒▒▒▒▒▒▒▒▒▒▒▒▒▒▒▒▒▒▒▒▒▒▒▒▒▒▒▒▒\n25) priority: 4, counter: 43

vvvvv START PRIORITY-4 OBJECT EVENT OBJECT:TEXT-CHANGED:DELETE (queue size: 0) vvvvv
10:08:14.444185 - EVENT SOURCE:
                  app='org.gnome.Terminal (gtk 3.24.52)' name='Terminal' role='terminal' axid='' id=0x7e30eaf83c80
                  description=''
                  help=''
                  locale='C.UTF-8'
                  states='enabled, focusable, focused, sensitive, showing, visible'
                  relations=''
                  actions='menu'
                  interfaces='Action, Collection, Component, Text'
                  attributes='toolkit:gtk'
                  text='Download progress \n█████████████████████████████████████████████▒▒▒▒▒▒▒▒▒▒▒▒▒▒▒\n75.0% \nAdvance download ... \n \n \n \n \n (992 chars.)'
                  path=[-1, 0, 0, 1, 0, 0, 0, 0]
                  
10:08:14.444210 - SCRIPT MANAGER: Active script is: accessibility_probe (module=orca.scripts.default)
10:08:14.444228 - FOCUS MANAGER: Locus of focus is [button: 'Advance download' (0x7e30eaf8fe00)] 
10:08:14.444252 - EVENT MANAGER: Getting script for event for [application: 'org.gnome.Terminal' (0x7e31000c8580)]  [terminal: 'Terminal' (0x7e30eaf83c80)] 
10:08:14.444268 - SCRIPT MANAGER: Getting script for [application: 'org.gnome.Terminal' (0x7e31000c8580)]  [terminal: 'Terminal' (0x7e30eaf83c80)] 
10:08:14.444292 - SCRIPT MANAGER: Script is custom script org.gnome.Terminal (module=orca.scripts.terminal.script)
10:08:14.444306 - EVENT MANAGER: Script for event is org.gnome.Terminal (module=orca.scripts.terminal.script)
10:08:14.444842 - EVENT MANAGER: Change active script: False (No reason found to activate a different script.)
10:08:14.444851 - EVENT MANAGER: Not processing object:text-changed:delete due to lack of reason
TOTAL PROCESSING TIME: 0.0012
^^^^^ FINISHED PRIORITY-4 OBJECT EVENT OBJECT:TEXT-CHANGED:DELETE ^^^^^

10:08:14.444921 - FALLBACK: Clipboard contents: 
10:08:14.444928 - CLIPBOARD PRESENTER: Current contents: 

10:08:14.444973 - EVENT MANAGER: object:text-changed:insert for [terminal: 'Terminal' (0x7e30eaf83c80)]  in org.gnome.Terminal (gtk 3.24.52) (77, 47, █████████████████████████████▒▒▒▒▒▒▒▒▒▒▒▒▒▒▒\n75)
10:08:14.445004 - FOCUS MANAGER: Locus of focus is [button: 'Advance download' (0x7e30eaf8fe00)] 
10:08:14.445056 - EVENT_MANAGER: Not ignoring object:text-changed:insert due to source being focused
10:08:14.445089 - EVENT MANAGER: Queueing object:text-changed:insert for [terminal: 'Terminal' (0x7e30eaf83c80)]  in org.gnome.Terminal (gtk 3.24.52) (77, 47, █████████████████████████████▒▒▒▒▒▒▒▒▒▒▒▒▒▒▒\n75)
10:08:14.445105 - EVENT MANAGER: App for event source is [application: 'org.gnome.Terminal' (0x7e31000c8580)] 
10:08:14.445121 - SCRIPT MANAGER: Getting script for [application: 'org.gnome.Terminal' (0x7e31000c8580)]  [terminal: 'Terminal' (0x7e30eaf83c80)] 
10:08:14.445146 - SCRIPT MANAGER: Script is custom script org.gnome.Terminal (module=orca.scripts.terminal.script)
10:08:14.445226 - EVENT MANAGER: object:text-changed:insert for [terminal: 'Terminal' (0x7e30eaf83c80)]  in org.gnome.Terminal (gtk 3.24.52) (77, 47, █████████████████████████████▒▒▒▒▒▒▒▒▒▒▒▒▒▒▒\n75) has priority level: 4
10:08:14.445286 - EVENT MANAGER: Queued object:text-changed:insert for [terminal: 'Terminal' (0x7e30eaf83c80)]  in org.gnome.Terminal (gtk 3.24.52) (77, 47, █████████████████████████████▒▒▒▒▒▒▒▒▒▒▒▒▒▒▒\n75) priority: 4, counter: 44

10:08:14.445340 - EVENT MANAGER: object:text-caret-moved for [terminal: 'Terminal' (0x7e30eaf83c80)]  in org.gnome.Terminal (gtk 3.24.52) (123, 0, 0)
10:08:14.445356 - FOCUS MANAGER: Locus of focus is [button: 'Advance download' (0x7e30eaf8fe00)] 
10:08:14.445405 - EVENT_MANAGER: Not ignoring object:text-caret-moved due to source being focused
10:08:14.445438 - EVENT MANAGER: Queueing object:text-caret-moved for [terminal: 'Terminal' (0x7e30eaf83c80)]  in org.gnome.Terminal (gtk 3.24.52) (123, 0, 0)
10:08:14.445453 - EVENT MANAGER: App for event source is [application: 'org.gnome.Terminal' (0x7e31000c8580)] 
10:08:14.445469 - SCRIPT MANAGER: Getting script for [application: 'org.gnome.Terminal' (0x7e31000c8580)]  [terminal: 'Terminal' (0x7e30eaf83c80)] 
10:08:14.445491 - SCRIPT MANAGER: Script is custom script org.gnome.Terminal (module=orca.scripts.terminal.script)
10:08:14.445528 - EVENT MANAGER: object:text-caret-moved for [terminal: 'Terminal' (0x7e30eaf83c80)]  in org.gnome.Terminal (gtk 3.24.52) (123, 0, 0) has priority level: 4
10:08:14.445563 - EVENT MANAGER: Queued object:text-caret-moved for [terminal: 'Terminal' (0x7e30eaf83c80)]  in org.gnome.Terminal (gtk 3.24.52) (123, 0, 0) priority: 4, counter: 45

10:08:14.446056 - EVENT MANAGER: object:property-change:accessible-name for [label: '▒▒▒▒▒▒▒▒▒▒▒▒▒▒▒' (0x7e30eaf8c180)]  in accessibility_probe (AccessKit) (0, 0, ▒▒▒▒▒▒▒▒▒▒▒▒▒▒▒)
10:08:14.446076 - FOCUS MANAGER: Locus of focus is [button: 'Advance download' (0x7e30eaf8fe00)] 
10:08:14.446302 - EVENT MANAGER: Queueing object:property-change:accessible-name for [label: '▒▒▒▒▒▒▒▒▒▒▒▒▒▒▒' (0x7e31000e2980)]  in accessibility_probe (AccessKit) (0, 0, ▒▒▒▒▒▒▒▒▒▒▒▒▒▒▒)
10:08:14.446320 - EVENT MANAGER: App for event source is [application: 'accessibility_probe' (0x7e31000ea340)] 
10:08:14.446336 - SCRIPT MANAGER: Getting script for [application: 'accessibility_probe' (0x7e31000ea340)]  [label: '▒▒▒▒▒▒▒▒▒▒▒▒▒▒▒' (0x7e30eafa2f00)] 
10:08:14.446477 - SCRIPT MANAGER: Script is app script accessibility_probe (module=orca.scripts.default)
10:08:14.446515 - EVENT MANAGER: object:property-change:accessible-name for [label: '▒▒▒▒▒▒▒▒▒▒▒▒▒▒▒' (0x7e30eafbe440)]  in accessibility_probe (AccessKit) (0, 0, ▒▒▒▒▒▒▒▒▒▒▒▒▒▒▒) has priority level: 4
10:08:14.446550 - EVENT MANAGER: Queued object:property-change:accessible-name for [label: '▒▒▒▒▒▒▒▒▒▒▒▒▒▒▒' (0x7e31000e2cc0)]  in accessibility_probe (AccessKit) (0, 0, ▒▒▒▒▒▒▒▒▒▒▒▒▒▒▒) priority: 4, counter: 46

10:08:14.446588 - EVENT MANAGER: object:property-change:accessible-value for [progress bar: 'Download progress' (0x7e30eafbd280)]  in accessibility_probe (AccessKit) (0, 0, 0)
10:08:14.446603 - FOCUS MANAGER: Locus of focus is [button: 'Advance download' (0x7e30eaf8fe00)] 
10:08:14.446678 - EVENT MANAGER: Queueing object:property-change:accessible-value for [progress bar: 'Download progress' (0x7e30eafbd280)]  in accessibility_probe (AccessKit) (0, 0, 0)
10:08:14.446694 - EVENT MANAGER: App for event source is [application: 'accessibility_probe' (0x7e31000ea340)] 
10:08:14.446713 - SCRIPT MANAGER: Getting script for [application: 'accessibility_probe' (0x7e31000ea340)]  [progress bar: 'Download progress' (0x7e30eafbd280)] 
10:08:14.446842 - SCRIPT MANAGER: Script is app script accessibility_probe (module=orca.scripts.default)
10:08:14.446878 - EVENT MANAGER: object:property-change:accessible-value for [progress bar: 'Download progress' (0x7e30eafbd280)]  in accessibility_probe (AccessKit) (0, 0, 0) has priority level: 4
10:08:14.446911 - EVENT MANAGER: Queued object:property-change:accessible-value for [progress bar: 'Download progress' (0x7e30eafbd280)]  in accessibility_probe (AccessKit) (0, 0, 0) priority: 4, counter: 47

10:08:14.447335 - EVENT MANAGER: object:property-change:accessible-name for [label: '█████████████████████████████████████████████' (0x7e30eafbed00)]  in accessibility_probe (AccessKit) (0, 0, █████████████████████████████████████████████)
10:08:14.447364 - FOCUS MANAGER: Locus of focus is [button: 'Advance download' (0x7e30eaf8fe00)] 
10:08:14.447547 - EVENT_MANAGER: Ignoring object:property-change:accessible-name due to multiple instances in short time

10:08:14.447864 - EVENT MANAGER: object:property-change:accessible-name for [label: '75.0%' (0x7e30eafeeb40)]  in accessibility_probe (AccessKit) (0, 0, 75.0%)
10:08:14.447883 - FOCUS MANAGER: Locus of focus is [button: 'Advance download' (0x7e30eaf8fe00)] 
10:08:14.448049 - EVENT_MANAGER: Ignoring object:property-change:accessible-name due to multiple instances in short time
10:08:14.448107 - EVENT MANAGER: Dequeueing object:text-changed:insert for [terminal: 'Terminal' (0x7e30eaf83c80)]  in org.gnome.Terminal (gtk 3.24.52) (77, 47, █████████████████████████████▒▒▒▒▒▒▒▒▒▒▒▒▒▒▒\n75)
10:08:14.448144 - EVENT MANAGER: Dequeued object:text-changed:insert for [terminal: 'Terminal' (0x7e30eaf83c80)]  in org.gnome.Terminal (gtk 3.24.52) (77, 47, █████████████████████████████▒▒▒▒▒▒▒▒▒▒▒▒▒▒▒\n75) priority: 4, counter: 44

vvvvv START PRIORITY-4 OBJECT EVENT OBJECT:TEXT-CHANGED:INSERT (queue size: 3) vvvvv
10:08:14.448635 - EVENT SOURCE:
                  app='org.gnome.Terminal (gtk 3.24.52)' name='Terminal' role='terminal' axid='' id=0x7e30eaf83c80
                  description=''
                  help=''
                  locale='C.UTF-8'
                  states='enabled, focusable, focused, sensitive, showing, visible'
                  relations=''
                  actions='menu'
                  interfaces='Action, Collection, Component, Text'
                  attributes='toolkit:gtk'
                  text='Download progress \n█████████████████████████████████████████████▒▒▒▒▒▒▒▒▒▒▒▒▒▒▒\n75.0% \nAdvance download ... \n \n \n \n \n (992 chars.)'
                  path=[-1, 0, 0, 1, 0, 0, 0, 0]
                  
10:08:14.448657 - SCRIPT MANAGER: Active script is: accessibility_probe (module=orca.scripts.default)
10:08:14.448674 - FOCUS MANAGER: Locus of focus is [button: 'Advance download' (0x7e30eaf8fe00)] 
10:08:14.448699 - EVENT MANAGER: Getting script for event for [application: 'org.gnome.Terminal' (0x7e31000c8580)]  [terminal: 'Terminal' (0x7e30eaf83c80)] 
10:08:14.448715 - SCRIPT MANAGER: Getting script for [application: 'org.gnome.Terminal' (0x7e31000c8580)]  [terminal: 'Terminal' (0x7e30eaf83c80)] 
10:08:14.448737 - SCRIPT MANAGER: Script is custom script org.gnome.Terminal (module=orca.scripts.terminal.script)
10:08:14.448751 - EVENT MANAGER: Script for event is org.gnome.Terminal (module=orca.scripts.terminal.script)
10:08:14.449225 - EVENT MANAGER: Change active script: False (No reason found to activate a different script.)
10:08:14.449240 - EVENT MANAGER: Not processing object:text-changed:insert due to lack of reason
TOTAL PROCESSING TIME: 0.0011
^^^^^ FINISHED PRIORITY-4 OBJECT EVENT OBJECT:TEXT-CHANGED:INSERT ^^^^^

10:08:14.449308 - EVENT MANAGER: Dequeueing object:text-caret-moved for [terminal: 'Terminal' (0x7e30eaf83c80)]  in org.gnome.Terminal (gtk 3.24.52) (123, 0, 0)
10:08:14.449344 - EVENT MANAGER: Dequeued object:text-caret-moved for [terminal: 'Terminal' (0x7e30eaf83c80)]  in org.gnome.Terminal (gtk 3.24.52) (123, 0, 0) priority: 4, counter: 45

vvvvv START PRIORITY-4 OBJECT EVENT OBJECT:TEXT-CARET-MOVED (queue size: 2) vvvvv
10:08:14.449811 - EVENT SOURCE:
                  app='org.gnome.Terminal (gtk 3.24.52)' name='Terminal' role='terminal' axid='' id=0x7e30eaf83c80
                  description=''
                  help=''
                  locale='C.UTF-8'
                  states='enabled, focusable, focused, sensitive, showing, visible'
                  relations=''
                  actions='menu'
                  interfaces='Action, Collection, Component, Text'
                  attributes='toolkit:gtk'
                  text='Download progress \n█████████████████████████████████████████████▒▒▒▒▒▒▒▒▒▒▒▒▒▒▒\n75.0% \nAdvance download ... \n \n \n \n \n (992 chars.)'
                  path=[-1, 0, 0, 1, 0, 0, 0, 0]
                  
10:08:14.449832 - SCRIPT MANAGER: Active script is: accessibility_probe (module=orca.scripts.default)
10:08:14.449849 - FOCUS MANAGER: Locus of focus is [button: 'Advance download' (0x7e30eaf8fe00)] 
10:08:14.449874 - EVENT MANAGER: Getting script for event for [application: 'org.gnome.Terminal' (0x7e31000c8580)]  [terminal: 'Terminal' (0x7e30eaf83c80)] 
10:08:14.449889 - SCRIPT MANAGER: Getting script for [application: 'org.gnome.Terminal' (0x7e31000c8580)]  [terminal: 'Terminal' (0x7e30eaf83c80)] 
10:08:14.449910 - SCRIPT MANAGER: Script is custom script org.gnome.Terminal (module=orca.scripts.terminal.script)
10:08:14.449923 - EVENT MANAGER: Script for event is org.gnome.Terminal (module=orca.scripts.terminal.script)
10:08:14.450341 - EVENT MANAGER: Change active script: False (No reason found to activate a different script.)
10:08:14.450352 - EVENT MANAGER: Not processing object:text-caret-moved due to lack of reason
TOTAL PROCESSING TIME: 0.0010
^^^^^ FINISHED PRIORITY-4 OBJECT EVENT OBJECT:TEXT-CARET-MOVED ^^^^^

10:08:14.450406 - EVENT MANAGER: Dequeueing object:property-change:accessible-name for [label: '▒▒▒▒▒▒▒▒▒▒▒▒▒▒▒' (0x7e30eafeecc0)]  in accessibility_probe (AccessKit) (0, 0, ▒▒▒▒▒▒▒▒▒▒▒▒▒▒▒)
10:08:14.450442 - EVENT MANAGER: Dequeued object:property-change:accessible-name for [label: '▒▒▒▒▒▒▒▒▒▒▒▒▒▒▒' (0x7e30eaf6eb80)]  in accessibility_probe (AccessKit) (0, 0, ▒▒▒▒▒▒▒▒▒▒▒▒▒▒▒) priority: 4, counter: 46

vvvvv START PRIORITY-4 OBJECT EVENT OBJECT:PROPERTY-CHANGE:ACCESSIBLE-NAME (queue size: 1) vvvvv
10:08:14.452253 - EVENT SOURCE:
                  app='accessibility_probe (AccessKit )' name='▒▒▒▒▒▒▒▒▒▒▒▒▒▒▒' role='label' axid='' id=0x7e31000d6cc0
                  description=''
                  help=''
                  locale=''
                  states='enabled, sensitive, showing, visible'
                  relations=''
                  actions=''
                  interfaces=''
                  attributes=''
                  text=''
                  path=[-1, 0, 0, 2]
                  
10:08:14.452284 - SCRIPT MANAGER: Active script is: accessibility_probe (module=orca.scripts.default)
10:08:14.452307 - FOCUS MANAGER: Locus of focus is [button: 'Advance download' (0x7e30eaf8fe00)] 
10:08:14.452340 - EVENT MANAGER: Getting script for event for [application: 'accessibility_probe' (0x7e31000ea340)]  [label: '▒▒▒▒▒▒▒▒▒▒▒▒▒▒▒' (0x7e30eafbf280)] 
10:08:14.452366 - SCRIPT MANAGER: Getting script for [application: 'accessibility_probe' (0x7e31000ea340)]  [label: '▒▒▒▒▒▒▒▒▒▒▒▒▒▒▒' (0x7e30eafbf280)] 
10:08:14.452507 - SCRIPT MANAGER: Script is app script accessibility_probe (module=orca.scripts.default)
10:08:14.452523 - EVENT MANAGER: Script for event is accessibility_probe (module=orca.scripts.default)
10:08:14.452529 - EVENT MANAGER: Processing object:property-change:accessible-name: script for event is active
10:08:14.452583 - FOCUS MANAGER: Locus of focus is [button: 'Advance download' (0x7e30eaf8fe00)] 
10:08:14.452589 - AXUtilitiesEvent: The event is not from the locus of focus.
TOTAL PROCESSING TIME: 0.0021
^^^^^ FINISHED PRIORITY-4 OBJECT EVENT OBJECT:PROPERTY-CHANGE:ACCESSIBLE-NAME ^^^^^

10:08:14.452638 - EVENT MANAGER: Dequeueing object:property-change:accessible-value for [progress bar: 'Download progress' (0x7e30eafbd280)]  in accessibility_probe (AccessKit) (0, 0, 0)
10:08:14.452671 - EVENT MANAGER: Dequeued object:property-change:accessible-value for [progress bar: 'Download progress' (0x7e30eafbd280)]  in accessibility_probe (AccessKit) (0, 0, 0) priority: 4, counter: 47

vvvvv START PRIORITY-4 OBJECT EVENT OBJECT:PROPERTY-CHANGE:ACCESSIBLE-VALUE (queue size: 0) vvvvv
10:08:14.453820 - EVENT SOURCE:
                  app='accessibility_probe (AccessKit )' name='Download progress' role='progress bar' axid='' id=0x7e30eafbd280
                  description=''
                  help=''
                  locale=''
                  states='enabled, sensitive, showing, visible'
                  relations=''
                  actions=''
                  interfaces='Value'
                  attributes=''
                  text=''
                  path=[-1, 0, 0]
                  
10:08:14.453850 - SCRIPT MANAGER: Active script is: accessibility_probe (module=orca.scripts.default)
10:08:14.453866 - FOCUS MANAGER: Locus of focus is [button: 'Advance download' (0x7e30eaf8fe00)] 
10:08:14.453891 - EVENT MANAGER: Getting script for event for [application: 'accessibility_probe' (0x7e31000ea340)]  [progress bar: 'Download progress' (0x7e30eafbd280)] 
10:08:14.453907 - SCRIPT MANAGER: Getting script for [application: 'accessibility_probe' (0x7e31000ea340)]  [progress bar: 'Download progress' (0x7e30eafbd280)] 
10:08:14.454051 - SCRIPT MANAGER: Script is app script accessibility_probe (module=orca.scripts.default)
10:08:14.454065 - EVENT MANAGER: Script for event is accessibility_probe (module=orca.scripts.default)
10:08:14.454070 - EVENT MANAGER: Processing object:property-change:accessible-value: script for event is active
10:08:14.454242 - AXValue: Current value of [progress bar: 'Download progress' (0x7e30eafbd280)]  is 150.0
10:08:14.454289 - AXUtilitiesEvent: [progress bar: 'Download progress' (0x7e30eafbd280)]  has no size.
TOTAL PROCESSING TIME: 0.0016
^^^^^ FINISHED PRIORITY-4 OBJECT EVENT OBJECT:PROPERTY-CHANGE:ACCESSIBLE-VALUE ^^^^^

10:08:14.463522 - GSETTINGS SCHEMA HANDLE: keybindings/keyboard-layout not set [app:accessibility_probe, profile:default]
10:08:14.463559 - GSETTINGS REGISTRY: keybindings/keyboard-layout using default value = 'desktop'
10:08:14.463599 - GSETTINGS SCHEMA HANDLE: keybindings/desktop-modifier-keys not set [app:accessibility_probe, profile:default]
10:08:14.463615 - GSETTINGS REGISTRY: keybindings/desktop-modifier-keys using default value = ['Insert', 'KP_Insert']
10:08:14.463668 - FOCUS MANAGER: Active window is [frame: 'Reactive TUI App accessibility round 1' (0x7e31017208c0)]  <unknown>.<module>:373 > input_event_manager._on_key_pressed:261 > input_event_manager.process_keyboard_event:297 > focus_manager.get_active_window:342
10:08:14.464153 - AXObject: Clearing AT-SPI cache on [frame: 'Reactive TUI App accessibility round 1' (0x7e31017208c0)]  Recursive: False.  Reason: Checking if window can be the active window
10:08:14.465787 - AXUtilities: [frame: 'Reactive TUI App accessibility round 1' (0x7e31017208c0)]  from [application: 'accessibility_probe' (0x7e31000ea340)]  can be active window
10:08:14.465986 - FOCUS MANAGER: Locus of focus is [button: 'Advance download' (0x7e30eaf8fe00)] 
10:08:14.466131 - SCRIPT MANAGER: Active script is: accessibility_probe (module=orca.scripts.default)
10:08:14.466305 - GSETTINGS SCHEMA HANDLE: keybindings/keyboard-layout not set [app:accessibility_probe, profile:default]
10:08:14.466314 - GSETTINGS REGISTRY: keybindings/keyboard-layout using default value = 'desktop'
10:08:14.466328 - GSETTINGS SCHEMA HANDLE: keybindings/desktop-modifier-keys not set [app:accessibility_probe, profile:default]
10:08:14.466334 - GSETTINGS REGISTRY: keybindings/desktop-modifier-keys using default value = ['Insert', 'KP_Insert']

KEYBOARD_EVENT:  type=ATSPI_KEY_PRESSED_EVENT
                 id=65507
                 hw_code=37
                 modifiers=0
                 text=''
                 keyval_name='Control_L'
                 timestamp=1789049294.4634385
                 clickCount=1

vvvvv PROCESS ATSPI_KEY_PRESSED_EVENT: 'Control_L' (37) vvvvv
10:08:14.466384 - SCRIPT: accessibility_probe (module=orca.scripts.default)
10:08:14.466401 - WINDOW: [frame: 'Reactive TUI App accessibility round 1' (0x7e31017208c0)] 
10:08:14.466414 - LOCATION: [button: 'Advance download' (0x7e30eaf8fe00)] 
10:08:14.466436 - GSETTINGS SCHEMA HANDLE: keybindings/keyboard-layout not set [app:accessibility_probe, profile:default]
10:08:14.466440 - GSETTINGS REGISTRY: keybindings/keyboard-layout using default value = 'desktop'
10:08:14.466452 - GSETTINGS SCHEMA HANDLE: keybindings/desktop-modifier-keys not set [app:accessibility_probe, profile:default]
10:08:14.466456 - GSETTINGS REGISTRY: keybindings/desktop-modifier-keys using default value = ['Insert', 'KP_Insert']
10:08:14.466463 - PRESENTATION MANAGER: Interrupting presentation
10:08:14.466494 - SPEECH MANAGER: interrupt_speech. Script: None Event: None notify_user: False
10:08:14.466872 - SPEECH MANAGER: Speech server is <orca.speechdispatcherfactory.SpeechServer object at 0x7e310098d6a0>
10:08:14.467019 - BRAILLE: Kill flash message input_event._present:603 > presentation_manager.interrupt_presentation:88 > braille_presenter.kill_flash:1829 > braille.kill_flash:2182
10:08:14.467346 - TYPING ECHO PRESENTER: should_echo_keyboard_event: 'left control'?
10:08:14.467379 - GSETTINGS SCHEMA HANDLE: keybindings/keyboard-layout not set [app:accessibility_probe, profile:default]
10:08:14.467387 - GSETTINGS REGISTRY: keybindings/keyboard-layout using default value = 'desktop'
10:08:14.467407 - GSETTINGS SCHEMA HANDLE: keybindings/desktop-modifier-keys not set [app:accessibility_probe, profile:default]
10:08:14.467415 - GSETTINGS REGISTRY: keybindings/desktop-modifier-keys using default value = ['Insert', 'KP_Insert']
10:08:14.467440 - GSETTINGS SCHEMA HANDLE: typing-echo/character-echo not set [app:accessibility_probe, profile:default]
10:08:14.467445 - GSETTINGS REGISTRY: typing-echo/character-echo using default value = False
10:08:14.467464 - GSETTINGS SCHEMA HANDLE: keybindings/keyboard-layout not set [app:accessibility_probe, profile:default]
10:08:14.467470 - GSETTINGS REGISTRY: keybindings/keyboard-layout using default value = 'desktop'
10:08:14.467486 - GSETTINGS SCHEMA HANDLE: keybindings/desktop-modifier-keys not set [app:accessibility_probe, profile:default]
10:08:14.467492 - GSETTINGS REGISTRY: keybindings/desktop-modifier-keys using default value = ['Insert', 'KP_Insert']
10:08:14.467522 - GSETTINGS SCHEMA HANDLE: typing-echo/key-echo not set [app:accessibility_probe, profile:default]
10:08:14.467528 - GSETTINGS REGISTRY: typing-echo/key-echo using default value = True
10:08:14.467562 - GSETTINGS SCHEMA HANDLE: typing-echo/modifier-keys not set [app:accessibility_probe, profile:default]
10:08:14.467566 - GSETTINGS REGISTRY: typing-echo/modifier-keys using default value = True
10:08:14.467571 - TYPING ECHO PRESENTER: Echoing modifier keyboard event: True.
10:08:14.467591 - GSETTINGS SCHEMA HANDLE: keybindings/keyboard-layout not set [app:accessibility_probe, profile:default]
10:08:14.467597 - GSETTINGS REGISTRY: keybindings/keyboard-layout using default value = 'desktop'
10:08:14.467613 - GSETTINGS SCHEMA HANDLE: keybindings/desktop-modifier-keys not set [app:accessibility_probe, profile:default]
10:08:14.467617 - GSETTINGS REGISTRY: keybindings/desktop-modifier-keys using default value = ['Insert', 'KP_Insert']
10:08:14.467646 - SCRIPT MANAGER: Active script is: accessibility_probe (module=orca.scripts.default)
10:08:14.467672 - FOCUS MANAGER: Active mode: object-navigator Object of interest: [button: 'Advance download' (0x7e30eaf8fe00)] 
10:08:14.467689 - GSETTINGS SCHEMA HANDLE: speech/enable not set [app:accessibility_probe, profile:default]
10:08:14.467692 - GSETTINGS REGISTRY: speech/enable using default value = True
10:08:14.467705 - GSETTINGS SCHEMA HANDLE: speech/verbosity-level not set [app:accessibility_probe, profile:default]
10:08:14.467709 - GSETTINGS REGISTRY: speech/verbosity-level using default value = 'verbose'
10:08:14.467721 - FOCUS MANAGER: Locus of focus is [button: 'Advance download' (0x7e30eaf8fe00)] 
10:08:14.467736 - SCRIPT MANAGER: Active script is: accessibility_probe (module=orca.scripts.default)
10:08:14.467753 - GSETTINGS SCHEMA HANDLE: speech/only-speak-displayed-text not set [app:accessibility_probe, profile:default]
10:08:14.467759 - GSETTINGS REGISTRY: speech/only-speak-displayed-text using default value = False
10:08:14.467776 - GSETTINGS SCHEMA HANDLE: speech/speak-description not set [app:accessibility_probe, profile:default]
10:08:14.467780 - GSETTINGS REGISTRY: speech/speak-description using default value = True
10:08:14.467795 - GSETTINGS SCHEMA HANDLE: speech/speak-tutorial-messages not set [app:accessibility_probe, profile:default]
10:08:14.467800 - GSETTINGS REGISTRY: speech/speak-tutorial-messages using default value = True
10:08:14.467814 - GSETTINGS SCHEMA HANDLE: speech/speak-position-in-set not set [app:accessibility_probe, profile:default]
10:08:14.467819 - GSETTINGS REGISTRY: speech/speak-position-in-set using default value = False
10:08:14.467833 - GSETTINGS SCHEMA HANDLE: speech/speak-widget-mnemonic not set [app:accessibility_probe, profile:default]
10:08:14.467838 - GSETTINGS REGISTRY: speech/speak-widget-mnemonic using default value = True
10:08:14.467852 - GSETTINGS SCHEMA HANDLE: speech/speak-blank-lines not set [app:accessibility_probe, profile:default]
10:08:14.467858 - GSETTINGS REGISTRY: speech/speak-blank-lines using default value = True
10:08:14.467871 - GSETTINGS SCHEMA HANDLE: speech/speak-indentation-and-justification not set [app:accessibility_probe, profile:default]
10:08:14.467878 - GSETTINGS REGISTRY: speech/speak-indentation-and-justification using default value = False
10:08:14.467894 - GSETTINGS SCHEMA HANDLE: speech/announce-cell-headers not set [app:accessibility_probe, profile:default]
10:08:14.467899 - GSETTINGS REGISTRY: speech/announce-cell-headers using default value = True
10:08:14.467914 - GSETTINGS SCHEMA HANDLE: speech/announce-cell-coordinates not set [app:accessibility_probe, profile:default]
10:08:14.467919 - GSETTINGS REGISTRY: speech/announce-cell-coordinates using default value = True
10:08:14.467933 - GSETTINGS SCHEMA HANDLE: speech/announce-spreadsheet-cell-coordinates not set [app:accessibility_probe, profile:default]
10:08:14.467938 - GSETTINGS REGISTRY: speech/announce-spreadsheet-cell-coordinates using default value = True
10:08:14.467957 - GSETTINGS SCHEMA HANDLE: speech/announce-blockquote not set [app:accessibility_probe, profile:default]
10:08:14.467962 - GSETTINGS REGISTRY: speech/announce-blockquote using default value = True
10:08:14.467975 - GSETTINGS SCHEMA HANDLE: speech/announce-form not set [app:accessibility_probe, profile:default]
10:08:14.467988 - GSETTINGS REGISTRY: speech/announce-form using default value = True
10:08:14.468005 - GSETTINGS SCHEMA HANDLE: speech/announce-landmark not set [app:accessibility_probe, profile:default]
10:08:14.468012 - GSETTINGS REGISTRY: speech/announce-landmark using default value = True
10:08:14.468027 - GSETTINGS SCHEMA HANDLE: speech/announce-list not set [app:accessibility_probe, profile:default]
10:08:14.468032 - GSETTINGS REGISTRY: speech/announce-list using default value = True
10:08:14.468055 - GSETTINGS SCHEMA HANDLE: speech/announce-grouping not set [app:accessibility_probe, profile:default]
10:08:14.468059 - GSETTINGS REGISTRY: speech/announce-grouping using default value = True
10:08:14.468072 - GSETTINGS SCHEMA HANDLE: speech/announce-table not set [app:accessibility_probe, profile:default]
10:08:14.468078 - GSETTINGS REGISTRY: speech/announce-table using default value = True
10:08:14.468109 - GSETTINGS SCHEMA HANDLE: voice/established not set [app:accessibility_probe, profile:default]
10:08:14.468124 - GSETTINGS SCHEMA HANDLE: voice/rate not set [app:accessibility_probe, profile:default]
10:08:14.468135 - GSETTINGS SCHEMA HANDLE: voice/pitch not set [app:accessibility_probe, profile:default]
10:08:14.468146 - GSETTINGS SCHEMA HANDLE: voice/volume not set [app:accessibility_probe, profile:default]
10:08:14.468159 - GSETTINGS SCHEMA HANDLE: voice/family-name not set [app:accessibility_probe, profile:default]
10:08:14.468168 - GSETTINGS SCHEMA HANDLE: voice/family-lang not set [app:accessibility_probe, profile:default]
10:08:14.468178 - GSETTINGS SCHEMA HANDLE: voice/family-dialect not set [app:accessibility_probe, profile:default]
10:08:14.468187 - GSETTINGS SCHEMA HANDLE: voice/family-gender not set [app:accessibility_probe, profile:default]
10:08:14.468197 - GSETTINGS SCHEMA HANDLE: voice/family-variant not set [app:accessibility_probe, profile:default]
10:08:14.468228 - SPEECH GENERATOR: None voice requested for None language='', dialect='' Unmodified voice={'established': False}
10:08:14.468251 - SPEECH GENERATOR: Reported locale of None is 
10:08:14.468267 - SPEECH GENERATOR: Updated to: 'C', ''
10:08:14.468286 - GSETTINGS SCHEMA HANDLE: speech/auto-language-switching not set [app:accessibility_probe, profile:default]
10:08:14.468289 - GSETTINGS REGISTRY: speech/auto-language-switching using default value = True
10:08:14.468298 - SPEECH DISPATCHER: Returning cached result for language='C' dialect='' variant='None'
10:08:14.468340 - SPEECH GENERATOR: Family updated to {'dialect': '', 'lang': 'C', 'name': ''}
10:08:14.468383 - SPEECH GENERATOR: Final voice is {'established': 'False', 'family': "{'dialect': '', 'lang': 'C', 'name': ''}"}
10:08:14.468406 - GSETTINGS SCHEMA HANDLE: keybindings/keyboard-layout not set [app:accessibility_probe, profile:default]
10:08:14.468411 - GSETTINGS REGISTRY: keybindings/keyboard-layout using default value = 'desktop'
10:08:14.468422 - GSETTINGS SCHEMA HANDLE: keybindings/desktop-modifier-keys not set [app:accessibility_probe, profile:default]
10:08:14.468426 - GSETTINGS REGISTRY: keybindings/desktop-modifier-keys using default value = ['Insert', 'KP_Insert']
10:08:14.468436 - SPEECH OUTPUT: 'left control' {'established': False, 'family': {'name': '', 'gender': None, 'lang': 'C', 'dialect': '', 'variant': None}}
10:08:14.468450 - GSETTINGS SCHEMA HANDLE: keybindings/keyboard-layout not set [app:accessibility_probe, profile:default]
10:08:14.468454 - GSETTINGS REGISTRY: keybindings/keyboard-layout using default value = 'desktop'
10:08:14.468464 - GSETTINGS SCHEMA HANDLE: keybindings/desktop-modifier-keys not set [app:accessibility_probe, profile:default]
10:08:14.468468 - GSETTINGS REGISTRY: keybindings/desktop-modifier-keys using default value = ['Insert', 'KP_Insert']
10:08:14.468474 - SPEECH DISPATCHER: Speaking 'left control' as string
10:08:14.468478 - SPEECH DISPATCHER: Speaking 'left control' as string
10:08:14.468632 - SPEECH DISPATCHER: Speaking '<speak><mark name="0:4"/>left <mark name="5:12"/>control</speak>' 
                  ORCA rate 50.0, pitch 5.0, volume 10.0, language C, punctuation: MOST
                  SD rate 2, pitch 10, volume 100, language c
10:08:14.468690 - TOTAL PROCESSING TIME: 0.0023
^^^^^ PROCESS ATSPI_KEY_PRESSED_EVENT: 'Control_L' (37) ^^^^^

10:08:14.470057 - GSETTINGS SCHEMA HANDLE: keybindings/keyboard-layout not set [app:accessibility_probe, profile:default]
10:08:14.470078 - GSETTINGS REGISTRY: keybindings/keyboard-layout using default value = 'desktop'
10:08:14.470101 - GSETTINGS SCHEMA HANDLE: keybindings/desktop-modifier-keys not set [app:accessibility_probe, profile:default]
10:08:14.470112 - GSETTINGS REGISTRY: keybindings/desktop-modifier-keys using default value = ['Insert', 'KP_Insert']
10:08:14.470118 - ORCA MODIFIER MANAGER: Setting pressed state to True
10:08:14.470146 - FOCUS MANAGER: Active window is [frame: 'Reactive TUI App accessibility round 1' (0x7e31017208c0)]  <unknown>.<module>:373 > input_event_manager._on_key_pressed:261 > input_event_manager.process_keyboard_event:297 > focus_manager.get_active_window:342
10:08:14.470379 - AXObject: Clearing AT-SPI cache on [frame: 'Reactive TUI App accessibility round 1' (0x7e31017208c0)]  Recursive: False.  Reason: Checking if window can be the active window
10:08:14.471946 - AXUtilities: [frame: 'Reactive TUI App accessibility round 1' (0x7e31017208c0)]  from [application: 'accessibility_probe' (0x7e31000ea340)]  can be active window
10:08:14.472136 - FOCUS MANAGER: Locus of focus is [button: 'Advance download' (0x7e30eaf8fe00)] 
10:08:14.472303 - SCRIPT MANAGER: Active script is: accessibility_probe (module=orca.scripts.default)
10:08:14.472459 - GSETTINGS SCHEMA HANDLE: keybindings/keyboard-layout not set [app:accessibility_probe, profile:default]
10:08:14.472467 - GSETTINGS REGISTRY: keybindings/keyboard-layout using default value = 'desktop'
10:08:14.472480 - GSETTINGS SCHEMA HANDLE: keybindings/desktop-modifier-keys not set [app:accessibility_probe, profile:default]
10:08:14.472486 - GSETTINGS REGISTRY: keybindings/desktop-modifier-keys using default value = ['Insert', 'KP_Insert']

KEYBOARD_EVENT:  type=ATSPI_KEY_PRESSED_EVENT
                 id=65379
                 hw_code=118
                 modifiers=4356
                 text=''
                 keyval_name='Insert'
                 timestamp=1789049294.4700294
                 clickCount=1

vvvvv PROCESS ATSPI_KEY_PRESSED_EVENT: 'Insert' (118) vvvvv
10:08:14.472523 - SCRIPT: accessibility_probe (module=orca.scripts.default)
10:08:14.472538 - WINDOW: [frame: 'Reactive TUI App accessibility round 1' (0x7e31017208c0)] 
10:08:14.472549 - LOCATION: [button: 'Advance download' (0x7e30eaf8fe00)] 
10:08:14.472573 - GSETTINGS SCHEMA HANDLE: keybindings/keyboard-layout not set [app:accessibility_probe, profile:default]
10:08:14.472577 - GSETTINGS REGISTRY: keybindings/keyboard-layout using default value = 'desktop'
10:08:14.472589 - GSETTINGS SCHEMA HANDLE: keybindings/desktop-modifier-keys not set [app:accessibility_probe, profile:default]
10:08:14.472593 - GSETTINGS REGISTRY: keybindings/desktop-modifier-keys using default value = ['Insert', 'KP_Insert']
10:08:14.472601 - PRESENTATION MANAGER: Interrupting presentation
10:08:14.472630 - SPEECH MANAGER: interrupt_speech. Script: None Event: None notify_user: False
10:08:14.473052 - SPEECH MANAGER: Speech server is <orca.speechdispatcherfactory.SpeechServer object at 0x7e310098d6a0>
10:08:14.473178 - BRAILLE: Kill flash message input_event._present:603 > presentation_manager.interrupt_presentation:88 > braille_presenter.kill_flash:1829 > braille.kill_flash:2182
10:08:14.473484 - TYPING ECHO PRESENTER: should_echo_keyboard_event: 'insert'?
10:08:14.473507 - GSETTINGS SCHEMA HANDLE: keybindings/keyboard-layout not set [app:accessibility_probe, profile:default]
10:08:14.473513 - GSETTINGS REGISTRY: keybindings/keyboard-layout using default value = 'desktop'
10:08:14.473524 - GSETTINGS SCHEMA HANDLE: keybindings/desktop-modifier-keys not set [app:accessibility_probe, profile:default]
10:08:14.473529 - GSETTINGS REGISTRY: keybindings/desktop-modifier-keys using default value = ['Insert', 'KP_Insert']
10:08:14.473544 - GSETTINGS SCHEMA HANDLE: typing-echo/key-echo not set [app:accessibility_probe, profile:default]
10:08:14.473548 - GSETTINGS REGISTRY: typing-echo/key-echo using default value = True
10:08:14.473558 - GSETTINGS SCHEMA HANDLE: typing-echo/modifier-keys not set [app:accessibility_probe, profile:default]
10:08:14.473561 - GSETTINGS REGISTRY: typing-echo/modifier-keys using default value = True
10:08:14.473568 - TYPING ECHO PRESENTER: Echoing modifier Orca modifier event: True.
10:08:14.473585 - GSETTINGS SCHEMA HANDLE: keybindings/keyboard-layout not set [app:accessibility_probe, profile:default]
10:08:14.473588 - GSETTINGS REGISTRY: keybindings/keyboard-layout using default value = 'desktop'
10:08:14.473598 - GSETTINGS SCHEMA HANDLE: keybindings/desktop-modifier-keys not set [app:accessibility_probe, profile:default]
10:08:14.473601 - GSETTINGS REGISTRY: keybindings/desktop-modifier-keys using default value = ['Insert', 'KP_Insert']
10:08:14.473620 - SCRIPT MANAGER: Active script is: accessibility_probe (module=orca.scripts.default)
10:08:14.473645 - FOCUS MANAGER: Active mode: object-navigator Object of interest: [button: 'Advance download' (0x7e30eaf8fe00)] 
10:08:14.473661 - GSETTINGS SCHEMA HANDLE: speech/enable not set [app:accessibility_probe, profile:default]
10:08:14.473665 - GSETTINGS REGISTRY: speech/enable using default value = True
10:08:14.473679 - GSETTINGS SCHEMA HANDLE: speech/verbosity-level not set [app:accessibility_probe, profile:default]
10:08:14.473683 - GSETTINGS REGISTRY: speech/verbosity-level using default value = 'verbose'
10:08:14.473695 - FOCUS MANAGER: Locus of focus is [button: 'Advance download' (0x7e30eaf8fe00)] 
10:08:14.473709 - SCRIPT MANAGER: Active script is: accessibility_probe (module=orca.scripts.default)
10:08:14.473723 - GSETTINGS SCHEMA HANDLE: speech/only-speak-displayed-text not set [app:accessibility_probe, profile:default]
10:08:14.473727 - GSETTINGS REGISTRY: speech/only-speak-displayed-text using default value = False
10:08:14.473738 - GSETTINGS SCHEMA HANDLE: speech/speak-description not set [app:accessibility_probe, profile:default]
10:08:14.473741 - GSETTINGS REGISTRY: speech/speak-description using default value = True
10:08:14.473751 - GSETTINGS SCHEMA HANDLE: speech/speak-tutorial-messages not set [app:accessibility_probe, profile:default]
10:08:14.473754 - GSETTINGS REGISTRY: speech/speak-tutorial-messages using default value = True
10:08:14.473764 - GSETTINGS SCHEMA HANDLE: speech/speak-position-in-set not set [app:accessibility_probe, profile:default]
10:08:14.473767 - GSETTINGS REGISTRY: speech/speak-position-in-set using default value = False
10:08:14.473777 - GSETTINGS SCHEMA HANDLE: speech/speak-widget-mnemonic not set [app:accessibility_probe, profile:default]
10:08:14.473780 - GSETTINGS REGISTRY: speech/speak-widget-mnemonic using default value = True
10:08:14.473789 - GSETTINGS SCHEMA HANDLE: speech/speak-blank-lines not set [app:accessibility_probe, profile:default]
10:08:14.473793 - GSETTINGS REGISTRY: speech/speak-blank-lines using default value = True
10:08:14.473802 - GSETTINGS SCHEMA HANDLE: speech/speak-indentation-and-justification not set [app:accessibility_probe, profile:default]
10:08:14.473806 - GSETTINGS REGISTRY: speech/speak-indentation-and-justification using default value = False
10:08:14.473816 - GSETTINGS SCHEMA HANDLE: speech/announce-cell-headers not set [app:accessibility_probe, profile:default]
10:08:14.473819 - GSETTINGS REGISTRY: speech/announce-cell-headers using default value = True
10:08:14.473828 - GSETTINGS SCHEMA HANDLE: speech/announce-cell-coordinates not set [app:accessibility_probe, profile:default]
10:08:14.473831 - GSETTINGS REGISTRY: speech/announce-cell-coordinates using default value = True
10:08:14.473840 - GSETTINGS SCHEMA HANDLE: speech/announce-spreadsheet-cell-coordinates not set [app:accessibility_probe, profile:default]
10:08:14.473843 - GSETTINGS REGISTRY: speech/announce-spreadsheet-cell-coordinates using default value = True
10:08:14.473853 - GSETTINGS SCHEMA HANDLE: speech/announce-blockquote not set [app:accessibility_probe, profile:default]
10:08:14.473856 - GSETTINGS REGISTRY: speech/announce-blockquote using default value = True
10:08:14.473866 - GSETTINGS SCHEMA HANDLE: speech/announce-form not set [app:accessibility_probe, profile:default]
10:08:14.473869 - GSETTINGS REGISTRY: speech/announce-form using default value = True
10:08:14.473878 - GSETTINGS SCHEMA HANDLE: speech/announce-landmark not set [app:accessibility_probe, profile:default]
10:08:14.473882 - GSETTINGS REGISTRY: speech/announce-landmark using default value = True
10:08:14.473892 - GSETTINGS SCHEMA HANDLE: speech/announce-list not set [app:accessibility_probe, profile:default]
10:08:14.473895 - GSETTINGS REGISTRY: speech/announce-list using default value = True
10:08:14.473904 - GSETTINGS SCHEMA HANDLE: speech/announce-grouping not set [app:accessibility_probe, profile:default]
10:08:14.473907 - GSETTINGS REGISTRY: speech/announce-grouping using default value = True
10:08:14.473916 - GSETTINGS SCHEMA HANDLE: speech/announce-table not set [app:accessibility_probe, profile:default]
10:08:14.473919 - GSETTINGS REGISTRY: speech/announce-table using default value = True
10:08:14.473940 - GSETTINGS SCHEMA HANDLE: voice/established not set [app:accessibility_probe, profile:default]
10:08:14.473952 - GSETTINGS SCHEMA HANDLE: voice/rate not set [app:accessibility_probe, profile:default]
10:08:14.473963 - GSETTINGS SCHEMA HANDLE: voice/pitch not set [app:accessibility_probe, profile:default]
10:08:14.473973 - GSETTINGS SCHEMA HANDLE: voice/volume not set [app:accessibility_probe, profile:default]
10:08:14.473990 - GSETTINGS SCHEMA HANDLE: voice/family-name not set [app:accessibility_probe, profile:default]
10:08:14.474000 - GSETTINGS SCHEMA HANDLE: voice/family-lang not set [app:accessibility_probe, profile:default]
10:08:14.474010 - GSETTINGS SCHEMA HANDLE: voice/family-dialect not set [app:accessibility_probe, profile:default]
10:08:14.474020 - GSETTINGS SCHEMA HANDLE: voice/family-gender not set [app:accessibility_probe, profile:default]
10:08:14.474030 - GSETTINGS SCHEMA HANDLE: voice/family-variant not set [app:accessibility_probe, profile:default]
10:08:14.474057 - SPEECH GENERATOR: None voice requested for None language='', dialect='' Unmodified voice={'established': False}
10:08:14.474080 - SPEECH GENERATOR: Reported locale of None is 
10:08:14.474094 - SPEECH GENERATOR: Updated to: 'C', ''
10:08:14.474111 - GSETTINGS SCHEMA HANDLE: speech/auto-language-switching not set [app:accessibility_probe, profile:default]
10:08:14.474115 - GSETTINGS REGISTRY: speech/auto-language-switching using default value = True
10:08:14.474123 - SPEECH DISPATCHER: Returning cached result for language='C' dialect='' variant='None'
10:08:14.474165 - SPEECH GENERATOR: Family updated to {'dialect': '', 'lang': 'C', 'name': ''}
10:08:14.474207 - SPEECH GENERATOR: Final voice is {'established': 'False', 'family': "{'dialect': '', 'lang': 'C', 'name': ''}"}
10:08:14.474227 - GSETTINGS SCHEMA HANDLE: keybindings/keyboard-layout not set [app:accessibility_probe, profile:default]
10:08:14.474231 - GSETTINGS REGISTRY: keybindings/keyboard-layout using default value = 'desktop'
10:08:14.474241 - GSETTINGS SCHEMA HANDLE: keybindings/desktop-modifier-keys not set [app:accessibility_probe, profile:default]
10:08:14.474245 - GSETTINGS REGISTRY: keybindings/desktop-modifier-keys using default value = ['Insert', 'KP_Insert']
10:08:14.474251 - SPEECH OUTPUT: 'insert' {'established': False, 'family': {'name': '', 'gender': None, 'lang': 'C', 'dialect': '', 'variant': None}}
10:08:14.474264 - GSETTINGS SCHEMA HANDLE: keybindings/keyboard-layout not set [app:accessibility_probe, profile:default]
10:08:14.474268 - GSETTINGS REGISTRY: keybindings/keyboard-layout using default value = 'desktop'
10:08:14.474277 - GSETTINGS SCHEMA HANDLE: keybindings/desktop-modifier-keys not set [app:accessibility_probe, profile:default]
10:08:14.474281 - GSETTINGS REGISTRY: keybindings/desktop-modifier-keys using default value = ['Insert', 'KP_Insert']
10:08:14.474285 - SPEECH DISPATCHER: Speaking 'insert' as string
10:08:14.474288 - SPEECH DISPATCHER: Speaking 'insert' as string
10:08:14.474448 - SPEECH DISPATCHER: Speaking '<speak><mark name="0:6"/>insert</speak>' 
                  ORCA rate 50.0, pitch 5.0, volume 10.0, language C, punctuation: MOST
                  SD rate 2, pitch 10, volume 100, language c
10:08:14.474510 - TOTAL PROCESSING TIME: 0.0020
^^^^^ PROCESS ATSPI_KEY_PRESSED_EVENT: 'Insert' (118) ^^^^^

10:08:14.474556 - GSETTINGS SCHEMA HANDLE: keybindings/keyboard-layout not set [app:accessibility_probe, profile:default]
10:08:14.474562 - GSETTINGS REGISTRY: keybindings/keyboard-layout using default value = 'desktop'
10:08:14.474576 - GSETTINGS SCHEMA HANDLE: keybindings/desktop-modifier-keys not set [app:accessibility_probe, profile:default]
10:08:14.474581 - GSETTINGS REGISTRY: keybindings/desktop-modifier-keys using default value = ['Insert', 'KP_Insert']
10:08:14.474641 - GSETTINGS SCHEMA HANDLE: keybindings/keyboard-layout not set [app:accessibility_probe, profile:default]
10:08:14.474646 - GSETTINGS REGISTRY: keybindings/keyboard-layout using default value = 'desktop'
10:08:14.474657 - GSETTINGS SCHEMA HANDLE: keybindings/desktop-modifier-keys not set [app:accessibility_probe, profile:default]
10:08:14.474661 - GSETTINGS REGISTRY: keybindings/desktop-modifier-keys using default value = ['Insert', 'KP_Insert']
10:08:14.474681 - FOCUS MANAGER: Active window is [frame: 'Reactive TUI App accessibility round 1' (0x7e31017208c0)]  <unknown>.<module>:373 > input_event_manager._on_key_pressed:261 > input_event_manager.process_keyboard_event:297 > focus_manager.get_active_window:342
10:08:14.474905 - AXObject: Clearing AT-SPI cache on [frame: 'Reactive TUI App accessibility round 1' (0x7e31017208c0)]  Recursive: False.  Reason: Checking if window can be the active window
10:08:14.476086 - AXUtilities: [frame: 'Reactive TUI App accessibility round 1' (0x7e31017208c0)]  from [application: 'accessibility_probe' (0x7e31000ea340)]  can be active window
10:08:14.476238 - FOCUS MANAGER: Locus of focus is [button: 'Advance download' (0x7e30eaf8fe00)] 
10:08:14.476381 - SCRIPT MANAGER: Active script is: accessibility_probe (module=orca.scripts.default)
10:08:14.476531 - GSETTINGS SCHEMA HANDLE: keybindings/keyboard-layout not set [app:accessibility_probe, profile:default]
10:08:14.476537 - GSETTINGS REGISTRY: keybindings/keyboard-layout using default value = 'desktop'
10:08:14.476550 - GSETTINGS SCHEMA HANDLE: keybindings/desktop-modifier-keys not set [app:accessibility_probe, profile:default]
10:08:14.476554 - GSETTINGS REGISTRY: keybindings/desktop-modifier-keys using default value = ['Insert', 'KP_Insert']

KEYBOARD_EVENT:  type=ATSPI_KEY_PRESSED_EVENT
                 id=65361
                 hw_code=113
                 modifiers=4356
                 text=''
                 keyval_name='Left'
                 timestamp=1789049294.4746284
                 clickCount=1

vvvvv PROCESS ATSPI_KEY_PRESSED_EVENT: 'Left' (113) vvvvv
10:08:14.476587 - SCRIPT: accessibility_probe (module=orca.scripts.default)
10:08:14.476603 - WINDOW: [frame: 'Reactive TUI App accessibility round 1' (0x7e31017208c0)] 
10:08:14.476614 - LOCATION: [button: 'Advance download' (0x7e30eaf8fe00)] 
10:08:14.476637 - COMMAND: object_navigator_previous
10:08:14.476656 - GSETTINGS SCHEMA HANDLE: keybindings/keyboard-layout not set [app:accessibility_probe, profile:default]
10:08:14.476660 - GSETTINGS REGISTRY: keybindings/keyboard-layout using default value = 'desktop'
10:08:14.476671 - GSETTINGS SCHEMA HANDLE: keybindings/desktop-modifier-keys not set [app:accessibility_probe, profile:default]
10:08:14.476675 - GSETTINGS REGISTRY: keybindings/desktop-modifier-keys using default value = ['Insert', 'KP_Insert']
10:08:14.476681 - PRESENTATION MANAGER: Interrupting presentation
10:08:14.476709 - SPEECH MANAGER: interrupt_speech. Script: None Event: None notify_user: False
10:08:14.476932 - SPEECH MANAGER: Speech server is <orca.speechdispatcherfactory.SpeechServer object at 0x7e310098d6a0>
10:08:14.480255 - BRAILLE: Kill flash message input_event._present:603 > presentation_manager.interrupt_presentation:88 > braille_presenter.kill_flash:1829 > braille.kill_flash:2182
10:08:14.480608 - TYPING ECHO PRESENTER: should_echo_keyboard_event: 'left'?
10:08:14.480631 - GSETTINGS SCHEMA HANDLE: keybindings/keyboard-layout not set [app:accessibility_probe, profile:default]
10:08:14.480636 - GSETTINGS REGISTRY: keybindings/keyboard-layout using default value = 'desktop'
10:08:14.480651 - GSETTINGS SCHEMA HANDLE: keybindings/desktop-modifier-keys not set [app:accessibility_probe, profile:default]
10:08:14.480656 - GSETTINGS REGISTRY: keybindings/desktop-modifier-keys using default value = ['Insert', 'KP_Insert']
10:08:14.480664 - TYPING ECHO PRESENTER: Not echoing keyboard event: modifier.
10:08:14.480676 - TOTAL PROCESSING TIME: 0.0041
^^^^^ PROCESS ATSPI_KEY_PRESSED_EVENT: 'Left' (113) ^^^^^

10:08:14.480699 - GSETTINGS SCHEMA HANDLE: keybindings/keyboard-layout not set [app:accessibility_probe, profile:default]
10:08:14.480704 - GSETTINGS REGISTRY: keybindings/keyboard-layout using default value = 'desktop'
10:08:14.480714 - GSETTINGS SCHEMA HANDLE: keybindings/desktop-modifier-keys not set [app:accessibility_probe, profile:default]
10:08:14.480718 - GSETTINGS REGISTRY: keybindings/desktop-modifier-keys using default value = ['Insert', 'KP_Insert']
10:08:14.480768 - GSETTINGS SCHEMA HANDLE: keybindings/keyboard-layout not set [app:accessibility_probe, profile:default]
10:08:14.480774 - GSETTINGS REGISTRY: keybindings/keyboard-layout using default value = 'desktop'
10:08:14.480785 - GSETTINGS SCHEMA HANDLE: keybindings/desktop-modifier-keys not set [app:accessibility_probe, profile:default]
10:08:14.480789 - GSETTINGS REGISTRY: keybindings/desktop-modifier-keys using default value = ['Insert', 'KP_Insert']
10:08:14.481206 - GSETTINGS SCHEMA HANDLE: keybindings/keyboard-layout not set [app:accessibility_probe, profile:default]
10:08:14.481214 - GSETTINGS REGISTRY: keybindings/keyboard-layout using default value = 'desktop'
10:08:14.481226 - GSETTINGS SCHEMA HANDLE: keybindings/desktop-modifier-keys not set [app:accessibility_probe, profile:default]
10:08:14.481230 - GSETTINGS REGISTRY: keybindings/desktop-modifier-keys using default value = ['Insert', 'KP_Insert']

KEYBOARD_EVENT:  type=ATSPI_KEY_RELEASED_EVENT
                 id=65361
                 hw_code=113
                 modifiers=4356
                 text=''
                 keyval_name='Left'
                 timestamp=1789049294.4807568
                 clickCount=1

vvvvv PROCESS ATSPI_KEY_RELEASED_EVENT: 'Left' (113) vvvvv
10:08:14.481262 - SCRIPT: accessibility_probe (module=orca.scripts.default)
10:08:14.481276 - WINDOW: [frame: 'Reactive TUI App accessibility round 1' (0x7e31017208c0)] 
10:08:14.481287 - LOCATION: [button: 'Advance download' (0x7e30eaf8fe00)] 
10:08:14.481308 - COMMAND: object_navigator_previous
10:08:14.481326 - GSETTINGS SCHEMA HANDLE: keybindings/keyboard-layout not set [app:accessibility_probe, profile:default]
10:08:14.481331 - GSETTINGS REGISTRY: keybindings/keyboard-layout using default value = 'desktop'
10:08:14.481342 - GSETTINGS SCHEMA HANDLE: keybindings/desktop-modifier-keys not set [app:accessibility_probe, profile:default]
10:08:14.481346 - GSETTINGS REGISTRY: keybindings/desktop-modifier-keys using default value = ['Insert', 'KP_Insert']
10:08:14.481357 - TOTAL PROCESSING TIME: 0.0001
^^^^^ PROCESS ATSPI_KEY_RELEASED_EVENT: 'Left' (113) ^^^^^

10:08:14.481378 - GSETTINGS SCHEMA HANDLE: keybindings/keyboard-layout not set [app:accessibility_probe, profile:default]
10:08:14.481382 - GSETTINGS REGISTRY: keybindings/keyboard-layout using default value = 'desktop'
10:08:14.481392 - GSETTINGS SCHEMA HANDLE: keybindings/desktop-modifier-keys not set [app:accessibility_probe, profile:default]
10:08:14.481396 - GSETTINGS REGISTRY: keybindings/desktop-modifier-keys using default value = ['Insert', 'KP_Insert']
10:08:14.481481 - GSETTINGS SCHEMA HANDLE: keybindings/keyboard-layout not set [app:accessibility_probe, profile:default]
10:08:14.481492 - GSETTINGS REGISTRY: keybindings/keyboard-layout using default value = 'desktop'
10:08:14.481505 - GSETTINGS SCHEMA HANDLE: keybindings/desktop-modifier-keys not set [app:accessibility_probe, profile:default]
10:08:14.481510 - GSETTINGS REGISTRY: keybindings/desktop-modifier-keys using default value = ['Insert', 'KP_Insert']
10:08:14.481515 - ORCA MODIFIER MANAGER: Setting pressed state to False
10:08:14.481941 - GSETTINGS SCHEMA HANDLE: keybindings/keyboard-layout not set [app:accessibility_probe, profile:default]
10:08:14.481951 - GSETTINGS REGISTRY: keybindings/keyboard-layout using default value = 'desktop'
10:08:14.481962 - GSETTINGS SCHEMA HANDLE: keybindings/desktop-modifier-keys not set [app:accessibility_probe, profile:default]
10:08:14.481966 - GSETTINGS REGISTRY: keybindings/desktop-modifier-keys using default value = ['Insert', 'KP_Insert']

KEYBOARD_EVENT:  type=ATSPI_KEY_RELEASED_EVENT
                 id=65379
                 hw_code=118
                 modifiers=4
                 text=''
                 keyval_name='Insert'
                 timestamp=1789049294.4814608
                 clickCount=1

vvvvv PROCESS ATSPI_KEY_RELEASED_EVENT: 'Insert' (118) vvvvv
10:08:14.482009 - SCRIPT: accessibility_probe (module=orca.scripts.default)
10:08:14.482025 - WINDOW: [frame: 'Reactive TUI App accessibility round 1' (0x7e31017208c0)] 
10:08:14.482036 - LOCATION: [button: 'Advance download' (0x7e30eaf8fe00)] 
10:08:14.482055 - GSETTINGS SCHEMA HANDLE: keybindings/keyboard-layout not set [app:accessibility_probe, profile:default]
10:08:14.482059 - GSETTINGS REGISTRY: keybindings/keyboard-layout using default value = 'desktop'
10:08:14.482070 - GSETTINGS SCHEMA HANDLE: keybindings/desktop-modifier-keys not set [app:accessibility_probe, profile:default]
10:08:14.482074 - GSETTINGS REGISTRY: keybindings/desktop-modifier-keys using default value = ['Insert', 'KP_Insert']
10:08:14.482085 - TOTAL PROCESSING TIME: 0.0001
^^^^^ PROCESS ATSPI_KEY_RELEASED_EVENT: 'Insert' (118) ^^^^^

10:08:14.482106 - GSETTINGS SCHEMA HANDLE: keybindings/keyboard-layout not set [app:accessibility_probe, profile:default]
10:08:14.482110 - GSETTINGS REGISTRY: keybindings/keyboard-layout using default value = 'desktop'
10:08:14.482121 - GSETTINGS SCHEMA HANDLE: keybindings/desktop-modifier-keys not set [app:accessibility_probe, profile:default]
10:08:14.482125 - GSETTINGS REGISTRY: keybindings/desktop-modifier-keys using default value = ['Insert', 'KP_Insert']
10:08:14.482444 - GSETTINGS SCHEMA HANDLE: keybindings/keyboard-layout not set [app:accessibility_probe, profile:default]
10:08:14.482449 - GSETTINGS REGISTRY: keybindings/keyboard-layout using default value = 'desktop'
10:08:14.482459 - GSETTINGS SCHEMA HANDLE: keybindings/desktop-modifier-keys not set [app:accessibility_probe, profile:default]
10:08:14.482463 - GSETTINGS REGISTRY: keybindings/desktop-modifier-keys using default value = ['Insert', 'KP_Insert']

KEYBOARD_EVENT:  type=ATSPI_KEY_RELEASED_EVENT
                 id=65507
                 hw_code=37
                 modifiers=4
                 text=''
                 keyval_name='Control_L'
                 timestamp=1789049294.482433
                 clickCount=1

vvvvv PROCESS ATSPI_KEY_RELEASED_EVENT: 'Control_L' (37) vvvvv
10:08:14.482948 - SCRIPT: accessibility_probe (module=orca.scripts.default)
10:08:14.482973 - WINDOW: [frame: 'Reactive TUI App accessibility round 1' (0x7e31017208c0)] 
10:08:14.482994 - LOCATION: [button: 'Advance download' (0x7e30eaf8fe00)] 
10:08:14.483024 - GSETTINGS SCHEMA HANDLE: keybindings/keyboard-layout not set [app:accessibility_probe, profile:default]
10:08:14.483030 - GSETTINGS REGISTRY: keybindings/keyboard-layout using default value = 'desktop'
10:08:14.483043 - GSETTINGS SCHEMA HANDLE: keybindings/desktop-modifier-keys not set [app:accessibility_probe, profile:default]
10:08:14.483047 - GSETTINGS REGISTRY: keybindings/desktop-modifier-keys using default value = ['Insert', 'KP_Insert']
10:08:14.483059 - TOTAL PROCESSING TIME: 0.0002
^^^^^ PROCESS ATSPI_KEY_RELEASED_EVENT: 'Control_L' (37) ^^^^^


vvvvv HANDLE ATSPI_KEY_PRESSED_EVENT: 'Left' (113) vvvvv
10:08:14.483155 - OBJECT NAVIGATOR: move_to_previous_sibling. Script: accessibility_probe (module=orca.scripts.default) Event: KEYBOARD_EVENT:  type=ATSPI_KEY_PRESSED_EVENT
                                   id=65361
                                   hw_code=113
                                   modifiers=4356
                                   text=''
                                   keyval_name='Left'
                                   timestamp=1789049294.4746284
                                   clickCount=1 notify_user: True
10:08:14.483184 - FOCUS MANAGER: Active mode: object-navigator Object of interest: [button: 'Advance download' (0x7e30eaf8fe00)] 
10:08:14.483209 - OBJECT NAVIGATOR: Not excluding [frame: 'Reactive TUI App accessibility round 1' (0x7e31017208c0)] 

10:08:14.483569 - EVENT MANAGER: object:state-changed:sensitive for [menu item: 'Paste' (0x7e30eafbe2c0)]  in org.gnome.Terminal (gtk 3.24.52) (0, 0, 0)
10:08:14.483586 - FOCUS MANAGER: Locus of focus is [button: 'Advance download' (0x7e30eaf8fe00)] 
10:08:14.483638 - EVENT_MANAGER: Ignoring object:state-changed:sensitive due to multiple instances in short time
10:08:14.485632 - OBJECT NAVIGATOR: Not excluding [progress bar: 'Download progress' (0x7e30eafbd280)] 
10:08:14.485659 - OBJECT NAVIGATOR: Not excluding [button: 'Advance download' (0x7e30eaf8fe00)] 
10:08:14.485676 - OBJECT NAVIGATOR: Not excluding [progress bar: 'Waiting for download' (0x7e30eafd4200)] 
10:08:14.485692 - OBJECT NAVIGATOR: Not excluding [progress bar: 'Invalid download' (0x7e30eafd41c0)] 
10:08:14.485707 - OBJECT NAVIGATOR: Not excluding [progress bar: 'Completed download' (0x7e30eafd4140)] 
10:08:14.485722 - OBJECT NAVIGATOR: Presenting [progress bar: 'Download progress' (0x7e30eafbd280)] 
10:08:14.485757 - FOCUS MANAGER: Region of interest: [progress bar: 'Download progress' (0x7e30eafbd280)]  (0, 0)
10:08:14.485788 - FOCUS MANAGER: Switching object of interest from [button: 'Advance download' (0x7e30eaf8fe00)]  to [progress bar: 'Download progress' (0x7e30eafbd280)] 
10:08:14.485810 - DEFAULT: Presenting object [progress bar: 'Download progress' (0x7e30eafbd280)] . Interrupt: False
10:08:14.485836 - FOCUS MANAGER: Active mode: object-navigator Object of interest: [progress bar: 'Download progress' (0x7e30eafbd280)] 
10:08:14.485858 - GSETTINGS SCHEMA HANDLE: speech/enable not set [app:accessibility_probe, profile:default]
10:08:14.485863 - GSETTINGS REGISTRY: speech/enable using default value = True
10:08:14.485877 - GSETTINGS SCHEMA HANDLE: speech/verbosity-level not set [app:accessibility_probe, profile:default]
10:08:14.485881 - GSETTINGS REGISTRY: speech/verbosity-level using default value = 'verbose'
10:08:14.485893 - FOCUS MANAGER: Locus of focus is [button: 'Advance download' (0x7e30eaf8fe00)] 
10:08:14.485907 - SCRIPT MANAGER: Active script is: accessibility_probe (module=orca.scripts.default)
10:08:14.485921 - GSETTINGS SCHEMA HANDLE: speech/only-speak-displayed-text not set [app:accessibility_probe, profile:default]
10:08:14.485925 - GSETTINGS REGISTRY: speech/only-speak-displayed-text using default value = False
10:08:14.485935 - GSETTINGS SCHEMA HANDLE: speech/speak-description not set [app:accessibility_probe, profile:default]
10:08:14.485939 - GSETTINGS REGISTRY: speech/speak-description using default value = True
10:08:14.485949 - GSETTINGS SCHEMA HANDLE: speech/speak-tutorial-messages not set [app:accessibility_probe, profile:default]
10:08:14.485952 - GSETTINGS REGISTRY: speech/speak-tutorial-messages using default value = True
10:08:14.485961 - GSETTINGS SCHEMA HANDLE: speech/speak-position-in-set not set [app:accessibility_probe, profile:default]
10:08:14.485965 - GSETTINGS REGISTRY: speech/speak-position-in-set using default value = False
10:08:14.485974 - GSETTINGS SCHEMA HANDLE: speech/speak-widget-mnemonic not set [app:accessibility_probe, profile:default]
10:08:14.485984 - GSETTINGS REGISTRY: speech/speak-widget-mnemonic using default value = True
10:08:14.485994 - GSETTINGS SCHEMA HANDLE: speech/speak-blank-lines not set [app:accessibility_probe, profile:default]
10:08:14.485997 - GSETTINGS REGISTRY: speech/speak-blank-lines using default value = True
10:08:14.486007 - GSETTINGS SCHEMA HANDLE: speech/speak-indentation-and-justification not set [app:accessibility_probe, profile:default]
10:08:14.486010 - GSETTINGS REGISTRY: speech/speak-indentation-and-justification using default value = False
10:08:14.486019 - GSETTINGS SCHEMA HANDLE: speech/announce-cell-headers not set [app:accessibility_probe, profile:default]
10:08:14.486026 - GSETTINGS REGISTRY: speech/announce-cell-headers using default value = True
10:08:14.486035 - GSETTINGS SCHEMA HANDLE: speech/announce-cell-coordinates not set [app:accessibility_probe, profile:default]
10:08:14.486038 - GSETTINGS REGISTRY: speech/announce-cell-coordinates using default value = True
10:08:14.486048 - GSETTINGS SCHEMA HANDLE: speech/announce-spreadsheet-cell-coordinates not set [app:accessibility_probe, profile:default]
10:08:14.486051 - GSETTINGS REGISTRY: speech/announce-spreadsheet-cell-coordinates using default value = True
10:08:14.486061 - GSETTINGS SCHEMA HANDLE: speech/announce-blockquote not set [app:accessibility_probe, profile:default]
10:08:14.486064 - GSETTINGS REGISTRY: speech/announce-blockquote using default value = True
10:08:14.486073 - GSETTINGS SCHEMA HANDLE: speech/announce-form not set [app:accessibility_probe, profile:default]
10:08:14.486076 - GSETTINGS REGISTRY: speech/announce-form using default value = True
10:08:14.486085 - GSETTINGS SCHEMA HANDLE: speech/announce-landmark not set [app:accessibility_probe, profile:default]
10:08:14.486089 - GSETTINGS REGISTRY: speech/announce-landmark using default value = True
10:08:14.486097 - GSETTINGS SCHEMA HANDLE: speech/announce-list not set [app:accessibility_probe, profile:default]
10:08:14.486101 - GSETTINGS REGISTRY: speech/announce-list using default value = True
10:08:14.486110 - GSETTINGS SCHEMA HANDLE: speech/announce-grouping not set [app:accessibility_probe, profile:default]
10:08:14.486113 - GSETTINGS REGISTRY: speech/announce-grouping using default value = True
10:08:14.486121 - GSETTINGS SCHEMA HANDLE: speech/announce-table not set [app:accessibility_probe, profile:default]
10:08:14.486124 - GSETTINGS REGISTRY: speech/announce-table using default value = True
10:08:14.487339 - GENERATOR: _get_functional_role: progress-bar
10:08:14.487408 - SPEECH GENERATOR: speech_generator.SpeechGenerator._generate_progress_bar for [progress bar: 'Download progress' (0x7e30eafbd280)]  args: {'formatType': 'unfocused', 'priorObj': "[button: 'Advance download' (0x7e30eaf8fe00)] ", 'role': 'progress-bar'}
10:08:14.487427 - SPEECH GENERATOR: _generate_progress_bar_index: []
10:08:14.487478 - AXUtilitiesRelation: [progress bar: 'Download progress' (0x7e30eafbd280)]  is labelled by: []
10:08:14.487492 - GENERATOR: _generate_accessible_label: []
10:08:14.487504 - SPEECH GENERATOR: _generate_accessible_label: []
10:08:14.487526 - GENERATOR: _generate_accessible_name: [Download progress]
10:08:14.487546 - GSETTINGS SCHEMA HANDLE: voice/established not set [app:accessibility_probe, profile:default]
10:08:14.487559 - GSETTINGS SCHEMA HANDLE: voice/rate not set [app:accessibility_probe, profile:default]
10:08:14.487571 - GSETTINGS SCHEMA HANDLE: voice/pitch not set [app:accessibility_probe, profile:default]
10:08:14.487582 - GSETTINGS SCHEMA HANDLE: voice/volume not set [app:accessibility_probe, profile:default]
10:08:14.487594 - GSETTINGS SCHEMA HANDLE: voice/family-name not set [app:accessibility_probe, profile:default]
10:08:14.487605 - GSETTINGS SCHEMA HANDLE: voice/family-lang not set [app:accessibility_probe, profile:default]
10:08:14.487615 - GSETTINGS SCHEMA HANDLE: voice/family-dialect not set [app:accessibility_probe, profile:default]
10:08:14.487625 - GSETTINGS SCHEMA HANDLE: voice/family-gender not set [app:accessibility_probe, profile:default]
10:08:14.487635 - GSETTINGS SCHEMA HANDLE: voice/family-variant not set [app:accessibility_probe, profile:default]
10:08:14.487660 - SPEECH GENERATOR: default voice requested for [progress bar: 'Download progress' (0x7e30eafbd280)]  language='', dialect='' Unmodified voice={'established': False}
10:08:14.487683 - SPEECH GENERATOR: Reported locale of [progress bar: 'Download progress' (0x7e30eafbd280)]  is 
10:08:14.487695 - SPEECH GENERATOR: Updated to: 'C', ''
10:08:14.487714 - GSETTINGS SCHEMA HANDLE: speech/auto-language-switching not set [app:accessibility_probe, profile:default]
10:08:14.487721 - GSETTINGS REGISTRY: speech/auto-language-switching using default value = True
10:08:14.487729 - SPEECH DISPATCHER: Returning cached result for language='C' dialect='' variant='None'
10:08:14.487763 - SPEECH GENERATOR: Family updated to {'dialect': '', 'lang': 'C', 'name': ''}
10:08:14.487805 - SPEECH GENERATOR: Final voice is {'established': 'False', 'family': "{'dialect': '', 'lang': 'C', 'name': ''}"}
10:08:14.487851 - SPEECH GENERATOR: _generate_accessible_name: [Download progress, {'established': 'False', 'family': "{'dialect': '', 'lang': 'C', 'name': ''}"}]
10:08:14.487901 - GENERATOR: _generate_accessible_label_and_name: [Download progress, {'established': 'False', 'family': "{'dialect': '', 'lang': 'C', 'name': ''}"}]
10:08:14.487920 - SPEECH PRESENTER: Adjusting 'Download progress' from [progress bar: 'Download progress' (0x7e30eafbd280)]  start_offset: None
10:08:14.488100 - GSETTINGS SCHEMA HANDLE: speech/speak-numbers-as-digits not set [app:accessibility_probe, profile:default]
10:08:14.488106 - GSETTINGS REGISTRY: speech/speak-numbers-as-digits using default value = False
10:08:14.488129 - GSETTINGS SCHEMA HANDLE: speech/repeated-character-limit not set [app:accessibility_probe, profile:default]
10:08:14.488133 - GSETTINGS REGISTRY: speech/repeated-character-limit using default value = 4
10:08:14.489189 - GSETTINGS SCHEMA HANDLE: speech/use-pronunciation-dictionary not set [app:accessibility_probe, profile:default]
10:08:14.489208 - GSETTINGS REGISTRY: speech/use-pronunciation-dictionary using default value = True
10:08:14.489220 - SPEECH PRESENTER: Adjusted text: 'Download progress'
10:08:14.489285 - SPEECH GENERATOR: _generate_accessible_label_and_name: [Download progress, {'established': 'False', 'family': "{'dialect': '', 'lang': 'C', 'name': ''}"}]
10:08:14.489453 - AXValue: Current value of [progress bar: 'Download progress' (0x7e30eafbd280)]  is 150.0
10:08:14.489608 - AXValue: Minimum value of [progress bar: 'Download progress' (0x7e30eafbd280)]  is 0.0
10:08:14.489766 - AXValue: Maximum value of [progress bar: 'Download progress' (0x7e30eafbd280)]  is 200.0
10:08:14.489783 - AXValue: Current value of [progress bar: 'Download progress' (0x7e30eafbd280)]  as percent is is 75
10:08:14.489843 - GSETTINGS SCHEMA HANDLE: voice/established not set [app:accessibility_probe, profile:default]
10:08:14.489859 - GSETTINGS SCHEMA HANDLE: voice/rate not set [app:accessibility_probe, profile:default]
10:08:14.489871 - GSETTINGS SCHEMA HANDLE: voice/pitch not set [app:accessibility_probe, profile:default]
10:08:14.489882 - GSETTINGS SCHEMA HANDLE: voice/volume not set [app:accessibility_probe, profile:default]
10:08:14.489894 - GSETTINGS SCHEMA HANDLE: voice/family-name not set [app:accessibility_probe, profile:default]
10:08:14.489905 - GSETTINGS SCHEMA HANDLE: voice/family-lang not set [app:accessibility_probe, profile:default]
10:08:14.489915 - GSETTINGS SCHEMA HANDLE: voice/family-dialect not set [app:accessibility_probe, profile:default]
10:08:14.489925 - GSETTINGS SCHEMA HANDLE: voice/family-gender not set [app:accessibility_probe, profile:default]
10:08:14.489935 - GSETTINGS SCHEMA HANDLE: voice/family-variant not set [app:accessibility_probe, profile:default]
10:08:14.489961 - SPEECH GENERATOR: system voice requested for [progress bar: 'Download progress' (0x7e30eafbd280)]  language='', dialect='' Unmodified voice={'established': False}
10:08:14.489988 - SPEECH GENERATOR: Reported locale of [progress bar: 'Download progress' (0x7e30eafbd280)]  is 
10:08:14.489998 - SPEECH GENERATOR: Updated to: 'C', ''
10:08:14.490014 - GSETTINGS SCHEMA HANDLE: voice/established not set [app:accessibility_probe, profile:default]
10:08:14.490026 - GSETTINGS SCHEMA HANDLE: voice/rate not set [app:accessibility_probe, profile:default]
10:08:14.490036 - GSETTINGS SCHEMA HANDLE: voice/pitch not set [app:accessibility_probe, profile:default]
10:08:14.490046 - GSETTINGS SCHEMA HANDLE: voice/volume not set [app:accessibility_probe, profile:default]
10:08:14.490056 - GSETTINGS SCHEMA HANDLE: voice/family-name not set [app:accessibility_probe, profile:default]
10:08:14.490070 - GSETTINGS SCHEMA HANDLE: voice/family-lang not set [app:accessibility_probe, profile:default]
10:08:14.490081 - GSETTINGS SCHEMA HANDLE: voice/family-dialect not set [app:accessibility_probe, profile:default]
10:08:14.490091 - GSETTINGS SCHEMA HANDLE: voice/family-gender not set [app:accessibility_probe, profile:default]
10:08:14.490100 - GSETTINGS SCHEMA HANDLE: voice/family-variant not set [app:accessibility_probe, profile:default]
10:08:14.490136 - SPEECH GENERATOR: Final voice is {'established': 'False', 'family': '{}'}
10:08:14.490171 - SPEECH GENERATOR: _generate_progress_bar_value: [75 percent., {'established': 'False', 'family': '{}'}]
10:08:14.490199 - GENERATOR: _generate_state_current: []
10:08:14.490212 - SPEECH GENERATOR: _generate_state_current: []
10:08:14.490226 - SPEECH GENERATOR: _generate_has_click_action: []
10:08:14.490238 - SPEECH GENERATOR: _generate_has_details: []
10:08:14.490251 - SPEECH GENERATOR: _generate_details_for: []
10:08:14.490275 - GENERATOR: _generate_accessible_description: []
10:08:14.490287 - SPEECH GENERATOR: _generate_accessible_description: []
10:08:14.490307 - SPEECH GENERATOR: _generate_state_has_popup: []
10:08:14.490857 - SPEECH GENERATOR: _generate_tutorial: []
10:08:14.490955 - SPEECH GENERATOR: Results: [Download progress, {'established': 'False', 'family': "{'dialect': '', 'lang': 'C', 'name': ''}"}, 75 percent., {'established': 'False', 'family': '{}'}]
10:08:14.491044 - SPEECH: Speak [Download progress, {'established': 'False', 'family': "{'dialect': '', 'lang': 'C', 'name': ''}"}, 75 percent., {'established': 'False', 'family': '{}'}], acss: None
10:08:14.491110 - SPEECH: New voice {'established': 'False'}  != active voice {'established': 'False', 'family': "{'dialect': '', 'lang': 'C', 'name': ''}"}
10:08:14.491122 - SPEECH OUTPUT: 'Download progress' {'established': False, 'family': {'name': '', 'gender': None, 'lang': 'C', 'dialect': '', 'variant': None}}
10:08:14.491126 - SPEECH DISPATCHER: Speaking 'Download progress' as string
10:08:14.491293 - SPEECH DISPATCHER: Speaking '<speak><mark name="0:8"/>Download <mark name="9:17"/>progress</speak>' 
                  ORCA rate 50.0, pitch 5.0, volume 10.0, language C, punctuation: MOST
                  SD rate 2, pitch 10, volume 100, language c
10:08:14.491360 - SPEECH OUTPUT: '75 percent.' {'established': False}
10:08:14.491366 - SPEECH DISPATCHER: Speaking '75 percent.' as string
10:08:14.491533 - SPEECH DISPATCHER: Speaking '<speak><mark name="0:2"/>75 <mark name="3:11"/>percent.</speak>' 
                  ORCA rate 50.0, pitch 5.0, volume 10.0, language C, punctuation: MOST
                  SD rate 2, pitch 10, volume 100, language c
10:08:14.491611 - GSETTINGS SCHEMA HANDLE: braille/enabled not set [app:accessibility_probe, profile:default]
10:08:14.491618 - GSETTINGS REGISTRY: braille/enabled using default value = True
10:08:14.491648 - FOCUS MANAGER: Active mode: object-navigator Object of interest: [progress bar: 'Download progress' (0x7e30eafbd280)] 
10:08:14.491663 - GSETTINGS SCHEMA HANDLE: braille/enabled not set [app:accessibility_probe, profile:default]
10:08:14.491668 - GSETTINGS REGISTRY: braille/enabled using default value = True
10:08:14.491696 - GSETTINGS SCHEMA HANDLE: braille/verbosity-level not set [app:accessibility_probe, profile:default]
10:08:14.491700 - GSETTINGS REGISTRY: braille/verbosity-level using default value = 'verbose'
10:08:14.491719 - FOCUS MANAGER: Locus of focus is [button: 'Advance download' (0x7e30eaf8fe00)] 
10:08:14.491733 - SCRIPT MANAGER: Active script is: accessibility_probe (module=orca.scripts.default)
10:08:14.491749 - GSETTINGS SCHEMA HANDLE: braille/rolename-style not set [app:accessibility_probe, profile:default]
10:08:14.491753 - GSETTINGS REGISTRY: braille/rolename-style using default value = 'verbose'
10:08:14.491764 - GSETTINGS SCHEMA HANDLE: braille/display-ancestors not set [app:accessibility_probe, profile:default]
10:08:14.491768 - GSETTINGS REGISTRY: braille/display-ancestors using default value = True
10:08:14.491782 - GSETTINGS SCHEMA HANDLE: braille/end-of-line-indicator not set [app:accessibility_probe, profile:default]
10:08:14.491786 - GSETTINGS REGISTRY: braille/end-of-line-indicator using default value = True
10:08:14.491795 - GSETTINGS SCHEMA HANDLE: braille/present-mnemonics not set [app:accessibility_probe, profile:default]
10:08:14.491799 - GSETTINGS REGISTRY: braille/present-mnemonics using default value = True
10:08:14.492973 - GENERATOR: _get_functional_role: progress-bar
10:08:14.493051 - BRAILLE GENERATOR: braille_generator.BrailleGenerator._generate_progress_bar for [progress bar: 'Download progress' (0x7e30eafbd280)]  args: {'formatType': 'unfocused', 'priorObj': "[button: 'Advance download' (0x7e30eaf8fe00)] ", 'role': 'progress-bar'}
10:08:14.493072 - BRAILLE GENERATOR: Results: []
10:08:14.493097 - BRAILLE GENERATOR: Could not determine focused region for [progress bar: 'Download progress' (0x7e30eafbd280)]  Candidates: []
10:08:14.493107 - TOTAL PROCESSING TIME: 0.0100
^^^^^ HANDLE ATSPI_KEY_PRESSED_EVENT: 'Left' (113) ^^^^^

10:08:14.493163 - FALLBACK: Contents changed. (<Gtk.Clipboard object at 0x7e3100115940 (GtkClipboard at 0x25a4d4c0)>, <Gdk.EventOwnerChange object at 0x7e30eaca81a0 (void at 0x25aaeb50)>) {}

10:08:14.493287 - EVENT MANAGER: object:state-changed:sensitive for [menu item: 'Paste' (0x7e30eafbd7c0)]  in org.gnome.Terminal (gtk 3.24.52) (1, 0, 0)
10:08:14.493305 - FOCUS MANAGER: Locus of focus is [button: 'Advance download' (0x7e30eaf8fe00)] 
10:08:14.493353 - EVENT_MANAGER: Ignoring object:state-changed:sensitive due to multiple instances in short time
10:08:14.493394 - FALLBACK: Clipboard contents: 
10:08:14.493400 - CLIPBOARD PRESENTER: Contents changed to: ''
10:08:14.493405 - CLIPBOARD PRESENTER: Not presenting change: likely duplicate.
10:08:14.496664 - GSETTINGS SCHEMA HANDLE: keybindings/keyboard-layout not set [app:accessibility_probe, profile:default]
10:08:14.496675 - GSETTINGS REGISTRY: keybindings/keyboard-layout using default value = 'desktop'
10:08:14.496690 - GSETTINGS SCHEMA HANDLE: keybindings/desktop-modifier-keys not set [app:accessibility_probe, profile:default]
10:08:14.496694 - GSETTINGS REGISTRY: keybindings/desktop-modifier-keys using default value = ['Insert', 'KP_Insert']
10:08:14.496712 - FOCUS MANAGER: Active window is [frame: 'Reactive TUI App accessibility round 1' (0x7e31017208c0)]  <unknown>.<module>:373 > input_event_manager._on_key_pressed:261 > input_event_manager.process_keyboard_event:297 > focus_manager.get_active_window:342
10:08:14.496950 - AXObject: Clearing AT-SPI cache on [frame: 'Reactive TUI App accessibility round 1' (0x7e31017208c0)]  Recursive: False.  Reason: Checking if window can be the active window
10:08:14.504099 - AXUtilities: [frame: 'Reactive TUI App accessibility round 1' (0x7e31017208c0)]  from [application: 'accessibility_probe' (0x7e31000ea340)]  can be active window
10:08:14.504294 - FOCUS MANAGER: Locus of focus is [button: 'Advance download' (0x7e30eaf8fe00)] 
10:08:14.504443 - SCRIPT MANAGER: Active script is: accessibility_probe (module=orca.scripts.default)
10:08:14.504607 - GSETTINGS SCHEMA HANDLE: keybindings/keyboard-layout not set [app:accessibility_probe, profile:default]
10:08:14.504614 - GSETTINGS REGISTRY: keybindings/keyboard-layout using default value = 'desktop'
10:08:14.504628 - GSETTINGS SCHEMA HANDLE: keybindings/desktop-modifier-keys not set [app:accessibility_probe, profile:default]
10:08:14.504634 - GSETTINGS REGISTRY: keybindings/desktop-modifier-keys using default value = ['Insert', 'KP_Insert']

KEYBOARD_EVENT:  type=ATSPI_KEY_PRESSED_EVENT
                 id=65481
                 hw_code=96
                 modifiers=0
                 text=''
                 keyval_name='F12'
                 timestamp=1789049294.4966385
                 clickCount=1

vvvvv PROCESS ATSPI_KEY_PRESSED_EVENT: 'F12' (96) vvvvv
10:08:14.504670 - SCRIPT: accessibility_probe (module=orca.scripts.default)
10:08:14.504685 - WINDOW: [frame: 'Reactive TUI App accessibility round 1' (0x7e31017208c0)] 
10:08:14.504700 - LOCATION: [button: 'Advance download' (0x7e30eaf8fe00)] 
10:08:14.504727 - GSETTINGS SCHEMA HANDLE: keybindings/keyboard-layout not set [app:accessibility_probe, profile:default]
10:08:14.504731 - GSETTINGS REGISTRY: keybindings/keyboard-layout using default value = 'desktop'
10:08:14.504743 - GSETTINGS SCHEMA HANDLE: keybindings/desktop-modifier-keys not set [app:accessibility_probe, profile:default]
10:08:14.504747 - GSETTINGS REGISTRY: keybindings/desktop-modifier-keys using default value = ['Insert', 'KP_Insert']
10:08:14.504753 - PRESENTATION MANAGER: Interrupting presentation
10:08:14.504782 - SPEECH MANAGER: interrupt_speech. Script: None Event: None notify_user: False
10:08:14.505160 - SPEECH MANAGER: Speech server is <orca.speechdispatcherfactory.SpeechServer object at 0x7e310098d6a0>
10:08:14.505203 - BRAILLE: Kill flash message input_event._present:603 > presentation_manager.interrupt_presentation:88 > braille_presenter.kill_flash:1829 > braille.kill_flash:2182
10:08:14.505525 - TYPING ECHO PRESENTER: should_echo_keyboard_event: 'F12'?
10:08:14.505549 - GSETTINGS SCHEMA HANDLE: keybindings/keyboard-layout not set [app:accessibility_probe, profile:default]
10:08:14.505554 - GSETTINGS REGISTRY: keybindings/keyboard-layout using default value = 'desktop'
10:08:14.505567 - GSETTINGS SCHEMA HANDLE: keybindings/desktop-modifier-keys not set [app:accessibility_probe, profile:default]
10:08:14.505571 - GSETTINGS REGISTRY: keybindings/desktop-modifier-keys using default value = ['Insert', 'KP_Insert']
10:08:14.505587 - GSETTINGS SCHEMA HANDLE: typing-echo/character-echo not set [app:accessibility_probe, profile:default]
10:08:14.505591 - GSETTINGS REGISTRY: typing-echo/character-echo using default value = False
10:08:14.505603 - GSETTINGS SCHEMA HANDLE: keybindings/keyboard-layout not set [app:accessibility_probe, profile:default]
10:08:14.505607 - GSETTINGS REGISTRY: keybindings/keyboard-layout using default value = 'desktop'
10:08:14.505616 - GSETTINGS SCHEMA HANDLE: keybindings/desktop-modifier-keys not set [app:accessibility_probe, profile:default]
10:08:14.505620 - GSETTINGS REGISTRY: keybindings/desktop-modifier-keys using default value = ['Insert', 'KP_Insert']
10:08:14.505634 - GSETTINGS SCHEMA HANDLE: typing-echo/key-echo not set [app:accessibility_probe, profile:default]
10:08:14.505637 - GSETTINGS REGISTRY: typing-echo/key-echo using default value = True
10:08:14.505668 - GSETTINGS SCHEMA HANDLE: keybindings/keyboard-layout not set [app:accessibility_probe, profile:default]
10:08:14.505672 - GSETTINGS REGISTRY: keybindings/keyboard-layout using default value = 'desktop'
10:08:14.505682 - GSETTINGS SCHEMA HANDLE: keybindings/desktop-modifier-keys not set [app:accessibility_probe, profile:default]
10:08:14.505686 - GSETTINGS REGISTRY: keybindings/desktop-modifier-keys using default value = ['Insert', 'KP_Insert']
10:08:14.505728 - GSETTINGS SCHEMA HANDLE: typing-echo/function-keys not set [app:accessibility_probe, profile:default]
10:08:14.505733 - GSETTINGS REGISTRY: typing-echo/function-keys using default value = True
10:08:14.505738 - TYPING ECHO PRESENTER: Echoing function keyboard event: True.
10:08:14.505756 - GSETTINGS SCHEMA HANDLE: keybindings/keyboard-layout not set [app:accessibility_probe, profile:default]
10:08:14.505760 - GSETTINGS REGISTRY: keybindings/keyboard-layout using default value = 'desktop'
10:08:14.505771 - GSETTINGS SCHEMA HANDLE: keybindings/desktop-modifier-keys not set [app:accessibility_probe, profile:default]
10:08:14.505775 - GSETTINGS REGISTRY: keybindings/desktop-modifier-keys using default value = ['Insert', 'KP_Insert']
10:08:14.505800 - SCRIPT MANAGER: Active script is: accessibility_probe (module=orca.scripts.default)
10:08:14.505825 - FOCUS MANAGER: Active mode: object-navigator Object of interest: [progress bar: 'Download progress' (0x7e30eafbd280)] 
10:08:14.505842 - GSETTINGS SCHEMA HANDLE: speech/enable not set [app:accessibility_probe, profile:default]
10:08:14.505846 - GSETTINGS REGISTRY: speech/enable using default value = True
10:08:14.505860 - GSETTINGS SCHEMA HANDLE: speech/verbosity-level not set [app:accessibility_probe, profile:default]
10:08:14.505867 - GSETTINGS REGISTRY: speech/verbosity-level using default value = 'verbose'
10:08:14.505880 - FOCUS MANAGER: Locus of focus is [button: 'Advance download' (0x7e30eaf8fe00)] 
10:08:14.505893 - SCRIPT MANAGER: Active script is: accessibility_probe (module=orca.scripts.default)
10:08:14.505908 - GSETTINGS SCHEMA HANDLE: speech/only-speak-displayed-text not set [app:accessibility_probe, profile:default]
10:08:14.505912 - GSETTINGS REGISTRY: speech/only-speak-displayed-text using default value = False
10:08:14.505922 - GSETTINGS SCHEMA HANDLE: speech/speak-description not set [app:accessibility_probe, profile:default]
10:08:14.505926 - GSETTINGS REGISTRY: speech/speak-description using default value = True
10:08:14.505936 - GSETTINGS SCHEMA HANDLE: speech/speak-tutorial-messages not set [app:accessibility_probe, profile:default]
10:08:14.505939 - GSETTINGS REGISTRY: speech/speak-tutorial-messages using default value = True
10:08:14.505949 - GSETTINGS SCHEMA HANDLE: speech/speak-position-in-set not set [app:accessibility_probe, profile:default]
10:08:14.505953 - GSETTINGS REGISTRY: speech/speak-position-in-set using default value = False
10:08:14.505963 - GSETTINGS SCHEMA HANDLE: speech/speak-widget-mnemonic not set [app:accessibility_probe, profile:default]
10:08:14.505966 - GSETTINGS REGISTRY: speech/speak-widget-mnemonic using default value = True
10:08:14.505975 - GSETTINGS SCHEMA HANDLE: speech/speak-blank-lines not set [app:accessibility_probe, profile:default]
10:08:14.505985 - GSETTINGS REGISTRY: speech/speak-blank-lines using default value = True
10:08:14.505995 - GSETTINGS SCHEMA HANDLE: speech/speak-indentation-and-justification not set [app:accessibility_probe, profile:default]
10:08:14.505999 - GSETTINGS REGISTRY: speech/speak-indentation-and-justification using default value = False
10:08:14.506008 - GSETTINGS SCHEMA HANDLE: speech/announce-cell-headers not set [app:accessibility_probe, profile:default]
10:08:14.506012 - GSETTINGS REGISTRY: speech/announce-cell-headers using default value = True
10:08:14.506021 - GSETTINGS SCHEMA HANDLE: speech/announce-cell-coordinates not set [app:accessibility_probe, profile:default]
10:08:14.506024 - GSETTINGS REGISTRY: speech/announce-cell-coordinates using default value = True
10:08:14.506034 - GSETTINGS SCHEMA HANDLE: speech/announce-spreadsheet-cell-coordinates not set [app:accessibility_probe, profile:default]
10:08:14.506037 - GSETTINGS REGISTRY: speech/announce-spreadsheet-cell-coordinates using default value = True
10:08:14.506047 - GSETTINGS SCHEMA HANDLE: speech/announce-blockquote not set [app:accessibility_probe, profile:default]
10:08:14.506050 - GSETTINGS REGISTRY: speech/announce-blockquote using default value = True
10:08:14.506060 - GSETTINGS SCHEMA HANDLE: speech/announce-form not set [app:accessibility_probe, profile:default]
10:08:14.506063 - GSETTINGS REGISTRY: speech/announce-form using default value = True
10:08:14.506072 - GSETTINGS SCHEMA HANDLE: speech/announce-landmark not set [app:accessibility_probe, profile:default]
10:08:14.506075 - GSETTINGS REGISTRY: speech/announce-landmark using default value = True
10:08:14.506084 - GSETTINGS SCHEMA HANDLE: speech/announce-list not set [app:accessibility_probe, profile:default]
10:08:14.506087 - GSETTINGS REGISTRY: speech/announce-list using default value = True
10:08:14.506097 - GSETTINGS SCHEMA HANDLE: speech/announce-grouping not set [app:accessibility_probe, profile:default]
10:08:14.506100 - GSETTINGS REGISTRY: speech/announce-grouping using default value = True
10:08:14.506108 - GSETTINGS SCHEMA HANDLE: speech/announce-table not set [app:accessibility_probe, profile:default]
10:08:14.506111 - GSETTINGS REGISTRY: speech/announce-table using default value = True
10:08:14.506131 - GSETTINGS SCHEMA HANDLE: voice/established not set [app:accessibility_probe, profile:default]
10:08:14.506144 - GSETTINGS SCHEMA HANDLE: voice/rate not set [app:accessibility_probe, profile:default]
10:08:14.506154 - GSETTINGS SCHEMA HANDLE: voice/pitch not set [app:accessibility_probe, profile:default]
10:08:14.506167 - GSETTINGS SCHEMA HANDLE: voice/volume not set [app:accessibility_probe, profile:default]
10:08:14.506178 - GSETTINGS SCHEMA HANDLE: voice/family-name not set [app:accessibility_probe, profile:default]
10:08:14.506188 - GSETTINGS SCHEMA HANDLE: voice/family-lang not set [app:accessibility_probe, profile:default]
10:08:14.506198 - GSETTINGS SCHEMA HANDLE: voice/family-dialect not set [app:accessibility_probe, profile:default]
10:08:14.506208 - GSETTINGS SCHEMA HANDLE: voice/family-gender not set [app:accessibility_probe, profile:default]
10:08:14.506218 - GSETTINGS SCHEMA HANDLE: voice/family-variant not set [app:accessibility_probe, profile:default]
10:08:14.506243 - SPEECH GENERATOR: None voice requested for None language='', dialect='' Unmodified voice={'established': False}
10:08:14.506265 - SPEECH GENERATOR: Reported locale of None is 
10:08:14.506277 - SPEECH GENERATOR: Updated to: 'C', ''
10:08:14.506292 - GSETTINGS SCHEMA HANDLE: speech/auto-language-switching not set [app:accessibility_probe, profile:default]
10:08:14.506295 - GSETTINGS REGISTRY: speech/auto-language-switching using default value = True
10:08:14.506303 - SPEECH DISPATCHER: Returning cached result for language='C' dialect='' variant='None'
10:08:14.506341 - SPEECH GENERATOR: Family updated to {'dialect': '', 'lang': 'C', 'name': ''}
10:08:14.506384 - SPEECH GENERATOR: Final voice is {'established': 'False', 'family': "{'dialect': '', 'lang': 'C', 'name': ''}"}
10:08:14.506404 - GSETTINGS SCHEMA HANDLE: keybindings/keyboard-layout not set [app:accessibility_probe, profile:default]
10:08:14.506409 - GSETTINGS REGISTRY: keybindings/keyboard-layout using default value = 'desktop'
10:08:14.506420 - GSETTINGS SCHEMA HANDLE: keybindings/desktop-modifier-keys not set [app:accessibility_probe, profile:default]
10:08:14.506424 - GSETTINGS REGISTRY: keybindings/desktop-modifier-keys using default value = ['Insert', 'KP_Insert']
10:08:14.506433 - SPEECH OUTPUT: 'F12' {'established': False, 'family': {'name': '', 'gender': None, 'lang': 'C', 'dialect': '', 'variant': None}}
10:08:14.506446 - GSETTINGS SCHEMA HANDLE: keybindings/keyboard-layout not set [app:accessibility_probe, profile:default]
10:08:14.506450 - GSETTINGS REGISTRY: keybindings/keyboard-layout using default value = 'desktop'
10:08:14.506459 - GSETTINGS SCHEMA HANDLE: keybindings/desktop-modifier-keys not set [app:accessibility_probe, profile:default]
10:08:14.506463 - GSETTINGS REGISTRY: keybindings/desktop-modifier-keys using default value = ['Insert', 'KP_Insert']
10:08:14.506469 - SPEECH DISPATCHER: Speaking 'F12' as string
10:08:14.506473 - SPEECH DISPATCHER: Speaking 'F12' as string
10:08:14.506613 - SPEECH DISPATCHER: Speaking '<speak><mark name="0:3"/>F12</speak>' 
                  ORCA rate 50.0, pitch 5.0, volume 10.0, language C, punctuation: MOST
                  SD rate 2, pitch 10, volume 100, language c
10:08:14.506661 - TOTAL PROCESSING TIME: 0.0020
^^^^^ PROCESS ATSPI_KEY_PRESSED_EVENT: 'F12' (96) ^^^^^

10:08:14.506687 - GSETTINGS SCHEMA HANDLE: keybindings/keyboard-layout not set [app:accessibility_probe, profile:default]
10:08:14.506692 - GSETTINGS REGISTRY: keybindings/keyboard-layout using default value = 'desktop'
10:08:14.506703 - GSETTINGS SCHEMA HANDLE: keybindings/desktop-modifier-keys not set [app:accessibility_probe, profile:default]
10:08:14.506708 - GSETTINGS REGISTRY: keybindings/desktop-modifier-keys using default value = ['Insert', 'KP_Insert']
10:08:14.506765 - GSETTINGS SCHEMA HANDLE: keybindings/keyboard-layout not set [app:accessibility_probe, profile:default]
10:08:14.506769 - GSETTINGS REGISTRY: keybindings/keyboard-layout using default value = 'desktop'
10:08:14.506779 - GSETTINGS SCHEMA HANDLE: keybindings/desktop-modifier-keys not set [app:accessibility_probe, profile:default]
10:08:14.506783 - GSETTINGS REGISTRY: keybindings/desktop-modifier-keys using default value = ['Insert', 'KP_Insert']
10:08:14.507215 - GSETTINGS SCHEMA HANDLE: keybindings/keyboard-layout not set [app:accessibility_probe, profile:default]
10:08:14.507226 - GSETTINGS REGISTRY: keybindings/keyboard-layout using default value = 'desktop'
10:08:14.507237 - GSETTINGS SCHEMA HANDLE: keybindings/desktop-modifier-keys not set [app:accessibility_probe, profile:default]
10:08:14.507241 - GSETTINGS REGISTRY: keybindings/desktop-modifier-keys using default value = ['Insert', 'KP_Insert']

KEYBOARD_EVENT:  type=ATSPI_KEY_RELEASED_EVENT
                 id=65481
                 hw_code=96
                 modifiers=0
                 text=''
                 keyval_name='F12'
                 timestamp=1789049294.5067542
                 clickCount=1

vvvvv PROCESS ATSPI_KEY_RELEASED_EVENT: 'F12' (96) vvvvv
10:08:14.507276 - SCRIPT: accessibility_probe (module=orca.scripts.default)
10:08:14.507291 - WINDOW: [frame: 'Reactive TUI App accessibility round 1' (0x7e31017208c0)] 
10:08:14.507303 - LOCATION: [button: 'Advance download' (0x7e30eaf8fe00)] 
10:08:14.507324 - GSETTINGS SCHEMA HANDLE: keybindings/keyboard-layout not set [app:accessibility_probe, profile:default]
10:08:14.507329 - GSETTINGS REGISTRY: keybindings/keyboard-layout using default value = 'desktop'
10:08:14.507340 - GSETTINGS SCHEMA HANDLE: keybindings/desktop-modifier-keys not set [app:accessibility_probe, profile:default]
10:08:14.507344 - GSETTINGS REGISTRY: keybindings/desktop-modifier-keys using default value = ['Insert', 'KP_Insert']
10:08:14.507355 - TOTAL PROCESSING TIME: 0.0001
^^^^^ PROCESS ATSPI_KEY_RELEASED_EVENT: 'F12' (96) ^^^^^

10:08:14.507375 - GSETTINGS SCHEMA HANDLE: keybindings/keyboard-layout not set [app:accessibility_probe, profile:default]
10:08:14.507379 - GSETTINGS REGISTRY: keybindings/keyboard-layout using default value = 'desktop'
10:08:14.507389 - GSETTINGS SCHEMA HANDLE: keybindings/desktop-modifier-keys not set [app:accessibility_probe, profile:default]
10:08:14.507393 - GSETTINGS REGISTRY: keybindings/desktop-modifier-keys using default value = ['Insert', 'KP_Insert']
10:08:14.507643 - CLIPBOARD PRESENTER: Possible change event object:text-changed:delete for [terminal: 'Terminal' (0x7e30eaf83c80)]  in org.gnome.Terminal (gtk 3.24.52) (0, 616, Download progress \n█████████████████████████████████████████████▒▒▒▒▒▒▒▒▒▒▒▒▒▒▒\n75.0% \nAdvance download... or range \nCompleted download \n████████████████████████████████████████████████████████████\n100.0% (626 chars.))

10:08:14.507705 - EVENT MANAGER: object:text-changed:delete for [terminal: 'Terminal' (0x7e30eaf83c80)]  in org.gnome.Terminal (gtk 3.24.52) (0, 616, Download progress \n█████████████████████████████████████████████▒▒▒▒▒▒▒▒▒▒▒▒▒▒▒\n75.0% \nAdvance download... or range \nCompleted download \n████████████████████████████████████████████████████████████\n100.0% (626 chars.))
10:08:14.507722 - FOCUS MANAGER: Locus of focus is [button: 'Advance download' (0x7e30eaf8fe00)] 
10:08:14.507769 - EVENT_MANAGER: Not ignoring object:text-changed:delete due to source being focused
10:08:14.507804 - EVENT MANAGER: Queueing object:text-changed:delete for [terminal: 'Terminal' (0x7e30eaf83c80)]  in org.gnome.Terminal (gtk 3.24.52) (0, 616, Download progress \n█████████████████████████████████████████████▒▒▒▒▒▒▒▒▒▒▒▒▒▒▒\n75.0% \nAdvance download... or range \nCompleted download \n████████████████████████████████████████████████████████████\n100.0% (626 chars.))
10:08:14.507823 - EVENT MANAGER: App for event source is [application: 'org.gnome.Terminal' (0x7e31000c8580)] 
10:08:14.507839 - SCRIPT MANAGER: Getting script for [application: 'org.gnome.Terminal' (0x7e31000c8580)]  [terminal: 'Terminal' (0x7e30eaf83c80)] 
10:08:14.507864 - SCRIPT MANAGER: Script is custom script org.gnome.Terminal (module=orca.scripts.terminal.script)
10:08:14.507905 - EVENT MANAGER: object:text-changed:delete for [terminal: 'Terminal' (0x7e30eaf83c80)]  in org.gnome.Terminal (gtk 3.24.52) (0, 616, Download progress \n█████████████████████████████████████████████▒▒▒▒▒▒▒▒▒▒▒▒▒▒▒\n75.0% \nAdvance download... or range \nCompleted download \n████████████████████████████████████████████████████████████\n100.0% (626 chars.)) has priority level: 4
10:08:14.507947 - EVENT MANAGER: Queued object:text-changed:delete for [terminal: 'Terminal' (0x7e30eaf83c80)]  in org.gnome.Terminal (gtk 3.24.52) (0, 616, Download progress \n█████████████████████████████████████████████▒▒▒▒▒▒▒▒▒▒▒▒▒▒▒\n75.0% \nAdvance download... or range \nCompleted download \n████████████████████████████████████████████████████████████\n100.0% (626 chars.)) priority: 4, counter: 48
10:08:14.508003 - CLIPBOARD PRESENTER: Possible change event object:text-changed:insert for [terminal: 'Terminal' (0x7e30eaf83c80)]  in org.gnome.Terminal (gtk 3.24.52) (0, 616, \n \n \n \n \n... \n \n \n \n \n (626 chars.))

10:08:14.508050 - EVENT MANAGER: object:text-changed:insert for [terminal: 'Terminal' (0x7e30eaf83c80)]  in org.gnome.Terminal (gtk 3.24.52) (0, 616, \n \n \n \n \n... \n \n \n \n \n (626 chars.))
10:08:14.508064 - FOCUS MANAGER: Locus of focus is [button: 'Advance download' (0x7e30eaf8fe00)] 
10:08:14.508105 - EVENT_MANAGER: Not ignoring object:text-changed:insert due to source being focused
10:08:14.508135 - EVENT MANAGER: Queueing object:text-changed:insert for [terminal: 'Terminal' (0x7e30eaf83c80)]  in org.gnome.Terminal (gtk 3.24.52) (0, 616, \n \n \n \n \n... \n \n \n \n \n (626 chars.))
10:08:14.508149 - EVENT MANAGER: App for event source is [application: 'org.gnome.Terminal' (0x7e31000c8580)] 
10:08:14.508164 - SCRIPT MANAGER: Getting script for [application: 'org.gnome.Terminal' (0x7e31000c8580)]  [terminal: 'Terminal' (0x7e30eaf83c80)] 
10:08:14.508183 - SCRIPT MANAGER: Script is custom script org.gnome.Terminal (module=orca.scripts.terminal.script)
10:08:14.508220 - EVENT MANAGER: object:text-changed:insert for [terminal: 'Terminal' (0x7e30eaf83c80)]  in org.gnome.Terminal (gtk 3.24.52) (0, 616, \n \n \n \n \n... \n \n \n \n \n (626 chars.)) has priority level: 4
10:08:14.508254 - EVENT MANAGER: Queued object:text-changed:insert for [terminal: 'Terminal' (0x7e30eaf83c80)]  in org.gnome.Terminal (gtk 3.24.52) (0, 616, \n \n \n \n \n... \n \n \n \n \n (626 chars.)) priority: 4, counter: 49

10:08:14.508288 - EVENT MANAGER: object:text-caret-moved for [terminal: 'Terminal' (0x7e30eaf83c80)]  in org.gnome.Terminal (gtk 3.24.52) (616, 0, 0)
10:08:14.508301 - FOCUS MANAGER: Locus of focus is [button: 'Advance download' (0x7e30eaf8fe00)] 
10:08:14.508341 - EVENT_MANAGER: Not ignoring object:text-caret-moved due to source being focused
10:08:14.508388 - EVENT MANAGER: Queueing object:text-caret-moved for [terminal: 'Terminal' (0x7e30eaf83c80)]  in org.gnome.Terminal (gtk 3.24.52) (616, 0, 0)
10:08:14.508404 - EVENT MANAGER: App for event source is [application: 'org.gnome.Terminal' (0x7e31000c8580)] 
10:08:14.508424 - SCRIPT MANAGER: Getting script for [application: 'org.gnome.Terminal' (0x7e31000c8580)]  [terminal: 'Terminal' (0x7e30eaf83c80)] 
10:08:14.508456 - SCRIPT MANAGER: Script is custom script org.gnome.Terminal (module=orca.scripts.terminal.script)
10:08:14.508516 - EVENT MANAGER: object:text-caret-moved for [terminal: 'Terminal' (0x7e30eaf83c80)]  in org.gnome.Terminal (gtk 3.24.52) (616, 0, 0) has priority level: 4
10:08:14.508570 - EVENT MANAGER: Queued object:text-caret-moved for [terminal: 'Terminal' (0x7e30eaf83c80)]  in org.gnome.Terminal (gtk 3.24.52) (616, 0, 0) priority: 4, counter: 50

10:08:14.509181 - EVENT MANAGER: object:children-changed:add for [frame: 'Reactive TUI App accessibility round 1' (0x7e31017208c0)]  in accessibility_probe (AccessKit) (0, 0, [image: 'Request latency' (0x7e31000e1300)])
10:08:14.509217 - FOCUS MANAGER: Locus of focus is [button: 'Advance download' (0x7e30eaf8fe00)] 
10:08:14.509240 - EVENT MANAGER: Not ignoring object:children-changed:add based on role
10:08:14.509275 - EVENT MANAGER: Queueing object:children-changed:add for [frame: 'Reactive TUI App accessibility round 1' (0x7e31017208c0)]  in accessibility_probe (AccessKit) (0, 0, [image: 'Request latency' (0x7e3100078580)])
10:08:14.509294 - EVENT MANAGER: App for event source is [application: 'accessibility_probe' (0x7e31000ea340)] 
10:08:14.509312 - SCRIPT MANAGER: Getting script for [application: 'accessibility_probe' (0x7e31000ea340)]  [frame: 'Reactive TUI App accessibility round 1' (0x7e31017208c0)] 
10:08:14.509471 - SCRIPT MANAGER: Script is app script accessibility_probe (module=orca.scripts.default)
10:08:14.509513 - EVENT MANAGER: object:children-changed:add for [frame: 'Reactive TUI App accessibility round 1' (0x7e31017208c0)]  in accessibility_probe (AccessKit) (0, 0, [image: 'Request latency' (0x7e30eafeec00)]) has priority level: 6
10:08:14.509549 - EVENT MANAGER: Queued object:children-changed:add for [frame: 'Reactive TUI App accessibility round 1' (0x7e31017208c0)]  in accessibility_probe (AccessKit) (0, 0, [image: 'Request latency' (0x7e30eafef9c0)]) priority: 6, counter: 51

10:08:14.509587 - EVENT MANAGER: object:children-changed:remove for [frame: 'Reactive TUI App accessibility round 1' (0x7e31017208c0)]  in accessibility_probe (AccessKit) (-1, 0, [progress bar: 'Download progress' (0x7e30eafbd280)])
10:08:14.509600 - FOCUS MANAGER: Locus of focus is [button: 'Advance download' (0x7e30eaf8fe00)] 
10:08:14.509616 - EVENT MANAGER: Not ignoring object:children-changed:remove based on role
10:08:14.509643 - EVENT MANAGER: Queueing object:children-changed:remove for [frame: 'Reactive TUI App accessibility round 1' (0x7e31017208c0)]  in accessibility_probe (AccessKit) (-1, 0, [progress bar: 'Download progress' (0x7e30eafbd280)])
10:08:14.509656 - EVENT MANAGER: App for event source is [application: 'accessibility_probe' (0x7e31000ea340)] 
10:08:14.509671 - SCRIPT MANAGER: Getting script for [application: 'accessibility_probe' (0x7e31000ea340)]  [frame: 'Reactive TUI App accessibility round 1' (0x7e31017208c0)] 
10:08:14.509799 - SCRIPT MANAGER: Script is app script accessibility_probe (module=orca.scripts.default)
10:08:14.509835 - EVENT MANAGER: object:children-changed:remove for [frame: 'Reactive TUI App accessibility round 1' (0x7e31017208c0)]  in accessibility_probe (AccessKit) (-1, 0, [progress bar: 'Download progress' (0x7e30eafbd280)]) has priority level: 6
10:08:14.509866 - EVENT MANAGER: Queued object:children-changed:remove for [frame: 'Reactive TUI App accessibility round 1' (0x7e31017208c0)]  in accessibility_probe (AccessKit) (-1, 0, [progress bar: 'Download progress' (0x7e30eafbd280)]) priority: 6, counter: 52

10:08:14.509899 - EVENT MANAGER: object:children-changed:remove for [frame: 'Reactive TUI App accessibility round 1' (0x7e31017208c0)]  in accessibility_probe (AccessKit) (-1, 0, [button: 'Advance download' (0x7e30eaf8fe00)])
10:08:14.509912 - FOCUS MANAGER: Locus of focus is [button: 'Advance download' (0x7e30eaf8fe00)] 
10:08:14.509928 - EVENT MANAGER: Not ignoring object:children-changed:remove based on role
10:08:14.509952 - EVENT MANAGER: Queueing object:children-changed:remove for [frame: 'Reactive TUI App accessibility round 1' (0x7e31017208c0)]  in accessibility_probe (AccessKit) (-1, 0, [button: 'Advance download' (0x7e30eaf8fe00)])
10:08:14.509970 - EVENT MANAGER: App for event source is [application: 'accessibility_probe' (0x7e31000ea340)] 
10:08:14.509991 - SCRIPT MANAGER: Getting script for [application: 'accessibility_probe' (0x7e31000ea340)]  [frame: 'Reactive TUI App accessibility round 1' (0x7e31017208c0)] 
10:08:14.510131 - SCRIPT MANAGER: Script is app script accessibility_probe (module=orca.scripts.default)
10:08:14.510168 - EVENT MANAGER: object:children-changed:remove for [frame: 'Reactive TUI App accessibility round 1' (0x7e31017208c0)]  in accessibility_probe (AccessKit) (-1, 0, [button: 'Advance download' (0x7e30eaf8fe00)]) has priority level: 6
10:08:14.510199 - EVENT MANAGER: Queued object:children-changed:remove for [frame: 'Reactive TUI App accessibility round 1' (0x7e31017208c0)]  in accessibility_probe (AccessKit) (-1, 0, [button: 'Advance download' (0x7e30eaf8fe00)]) priority: 6, counter: 53

10:08:14.510234 - EVENT MANAGER: object:children-changed:remove for [frame: 'Reactive TUI App accessibility round 1' (0x7e31017208c0)]  in accessibility_probe (AccessKit) (-1, 0, [progress bar: 'Waiting for download' (0x7e30eafd4200)])
10:08:14.510247 - FOCUS MANAGER: Locus of focus is [button: 'Advance download' (0x7e30eaf8fe00)] 
10:08:14.510262 - EVENT MANAGER: Not ignoring object:children-changed:remove based on role
10:08:14.510289 - EVENT MANAGER: Queueing object:children-changed:remove for [frame: 'Reactive TUI App accessibility round 1' (0x7e31017208c0)]  in accessibility_probe (AccessKit) (-1, 0, [progress bar: 'Waiting for download' (0x7e30eafd4200)])
10:08:14.510302 - EVENT MANAGER: App for event source is [application: 'accessibility_probe' (0x7e31000ea340)] 
10:08:14.510317 - SCRIPT MANAGER: Getting script for [application: 'accessibility_probe' (0x7e31000ea340)]  [frame: 'Reactive TUI App accessibility round 1' (0x7e31017208c0)] 
10:08:14.510481 - SCRIPT MANAGER: Script is app script accessibility_probe (module=orca.scripts.default)
10:08:14.510515 - EVENT MANAGER: object:children-changed:remove for [frame: 'Reactive TUI App accessibility round 1' (0x7e31017208c0)]  in accessibility_probe (AccessKit) (-1, 0, [progress bar: 'Waiting for download' (0x7e30eafd4200)]) has priority level: 6
10:08:14.510546 - EVENT MANAGER: Queued object:children-changed:remove for [frame: 'Reactive TUI App accessibility round 1' (0x7e31017208c0)]  in accessibility_probe (AccessKit) (-1, 0, [progress bar: 'Waiting for download' (0x7e30eafd4200)]) priority: 6, counter: 54

10:08:14.510579 - EVENT MANAGER: object:children-changed:remove for [frame: 'Reactive TUI App accessibility round 1' (0x7e31017208c0)]  in accessibility_probe (AccessKit) (-1, 0, [progress bar: 'Invalid download' (0x7e30eafd41c0)])
10:08:14.510592 - FOCUS MANAGER: Locus of focus is [button: 'Advance download' (0x7e30eaf8fe00)] 
10:08:14.510607 - EVENT MANAGER: Not ignoring object:children-changed:remove based on role
10:08:14.510632 - EVENT MANAGER: Queueing object:children-changed:remove for [frame: 'Reactive TUI App accessibility round 1' (0x7e31017208c0)]  in accessibility_probe (AccessKit) (-1, 0, [progress bar: 'Invalid download' (0x7e30eafd41c0)])
10:08:14.510645 - EVENT MANAGER: App for event source is [application: 'accessibility_probe' (0x7e31000ea340)] 
10:08:14.510659 - SCRIPT MANAGER: Getting script for [application: 'accessibility_probe' (0x7e31000ea340)]  [frame: 'Reactive TUI App accessibility round 1' (0x7e31017208c0)] 
10:08:14.510806 - SCRIPT MANAGER: Script is app script accessibility_probe (module=orca.scripts.default)
10:08:14.510839 - EVENT MANAGER: object:children-changed:remove for [frame: 'Reactive TUI App accessibility round 1' (0x7e31017208c0)]  in accessibility_probe (AccessKit) (-1, 0, [progress bar: 'Invalid download' (0x7e30eafd41c0)]) has priority level: 6
10:08:14.510870 - EVENT MANAGER: Queued object:children-changed:remove for [frame: 'Reactive TUI App accessibility round 1' (0x7e31017208c0)]  in accessibility_probe (AccessKit) (-1, 0, [progress bar: 'Invalid download' (0x7e30eafd41c0)]) priority: 6, counter: 55

10:08:14.510906 - EVENT MANAGER: object:children-changed:remove for [frame: 'Reactive TUI App accessibility round 1' (0x7e31017208c0)]  in accessibility_probe (AccessKit) (-1, 0, [progress bar: 'Completed download' (0x7e30eafd4140)])
10:08:14.510919 - FOCUS MANAGER: Locus of focus is [button: 'Advance download' (0x7e30eaf8fe00)] 
10:08:14.510934 - EVENT MANAGER: Not ignoring object:children-changed:remove based on role
10:08:14.510959 - EVENT MANAGER: Queueing object:children-changed:remove for [frame: 'Reactive TUI App accessibility round 1' (0x7e31017208c0)]  in accessibility_probe (AccessKit) (-1, 0, [progress bar: 'Completed download' (0x7e30eafd4140)])
10:08:14.510973 - EVENT MANAGER: App for event source is [application: 'accessibility_probe' (0x7e31000ea340)] 
10:08:14.510997 - SCRIPT MANAGER: Getting script for [application: 'accessibility_probe' (0x7e31000ea340)]  [frame: 'Reactive TUI App accessibility round 1' (0x7e31017208c0)] 
10:08:14.511145 - SCRIPT MANAGER: Script is app script accessibility_probe (module=orca.scripts.default)
10:08:14.511180 - EVENT MANAGER: object:children-changed:remove for [frame: 'Reactive TUI App accessibility round 1' (0x7e31017208c0)]  in accessibility_probe (AccessKit) (-1, 0, [progress bar: 'Completed download' (0x7e30eafd4140)]) has priority level: 6
10:08:14.511210 - EVENT MANAGER: Queued object:children-changed:remove for [frame: 'Reactive TUI App accessibility round 1' (0x7e31017208c0)]  in accessibility_probe (AccessKit) (-1, 0, [progress bar: 'Completed download' (0x7e30eafd4140)]) priority: 6, counter: 56

10:08:14.511420 - EVENT MANAGER: object:state-changed:focused for [image: 'Request latency' (0x7e30eaca6dc0)]  in accessibility_probe (AccessKit) (1, 0, 0)
10:08:14.511439 - FOCUS MANAGER: Locus of focus is [button: 'Advance download' (0x7e30eaf8fe00)] 
10:08:14.511625 - EVENT_MANAGER: Not ignoring object:state-changed:focused due to source being focused
10:08:14.511657 - EVENT MANAGER: Queueing object:state-changed:focused for [image: 'Request latency' (0x7e30eaf80640)]  in accessibility_probe (AccessKit) (1, 0, 0)
10:08:14.511672 - EVENT MANAGER: App for event source is [application: 'accessibility_probe' (0x7e31000ea340)] 
10:08:14.511688 - SCRIPT MANAGER: Getting script for [application: 'accessibility_probe' (0x7e31000ea340)]  [image: 'Request latency' (0x7e30eaf81300)] 
10:08:14.511838 - SCRIPT MANAGER: Script is app script accessibility_probe (module=orca.scripts.default)
10:08:14.511874 - EVENT MANAGER: object:state-changed:focused for [image: 'Request latency' (0x7e30eaca6f80)]  in accessibility_probe (AccessKit) (1, 0, 0) has priority level: 3
10:08:14.511908 - EVENT MANAGER: Queued object:state-changed:focused for [image: 'Request latency' (0x7e30eaca6c00)]  in accessibility_probe (AccessKit) (1, 0, 0) priority: 3, counter: 57

10:08:14.511944 - EVENT MANAGER: object:state-changed:focused for [button: 'Advance download' (0x7e30eaf8fe00)]  in accessibility_probe (AccessKit) (0, 0, 0)
10:08:14.511956 - FOCUS MANAGER: Locus of focus is [button: 'Advance download' (0x7e30eaf8fe00)] 
10:08:14.511987 - EVENT_MANAGER: Not ignoring object:state-changed:focused due to source being locus of focus
10:08:14.512017 - EVENT MANAGER: Queueing object:state-changed:focused for [button: 'Advance download' (0x7e30eaf8fe00)]  in accessibility_probe (AccessKit) (0, 0, 0)
10:08:14.512030 - EVENT MANAGER: App for event source is [application: 'accessibility_probe' (0x7e31000ea340)] 
10:08:14.512045 - SCRIPT MANAGER: Getting script for [application: 'accessibility_probe' (0x7e31000ea340)]  [button: 'Advance download' (0x7e30eaf8fe00)] 
10:08:14.512175 - SCRIPT MANAGER: Script is app script accessibility_probe (module=orca.scripts.default)
10:08:14.512210 - EVENT MANAGER: object:state-changed:focused for [button: 'Advance download' (0x7e30eaf8fe00)]  in accessibility_probe (AccessKit) (0, 0, 0) has priority level: 3
10:08:14.512243 - EVENT MANAGER: Queued object:state-changed:focused for [button: 'Advance download' (0x7e30eaf8fe00)]  in accessibility_probe (AccessKit) (0, 0, 0) priority: 3, counter: 58
10:08:14.512375 - EVENT MANAGER: Dequeueing object:state-changed:focused for [image: 'Request latency' (0x7e30eaca6f80)]  in accessibility_probe (AccessKit) (1, 0, 0)
10:08:14.512408 - EVENT MANAGER: Dequeued object:state-changed:focused for [image: 'Request latency' (0x7e30eafbec00)]  in accessibility_probe (AccessKit) (1, 0, 0) priority: 3, counter: 57

vvvvv START PRIORITY-3 OBJECT EVENT OBJECT:STATE-CHANGED:FOCUSED (queue size: 10) vvvvv
10:08:14.514115 - EVENT SOURCE:
                  app='accessibility_probe (AccessKit )' name='Request latency' role='image' axid='' id=0x7e31000d6500
                  description=''
                  help=''
                  locale=''
                  states='enabled, focusable, focused, sensitive, showing, visible'
                  relations=''
                  actions=''
                  interfaces='Component'
                  attributes=''
                  text=''
                  path=[-1, 0, 0]
                  
10:08:14.514142 - SCRIPT MANAGER: Active script is: accessibility_probe (module=orca.scripts.default)
10:08:14.514163 - FOCUS MANAGER: Locus of focus is [button: 'Advance download' (0x7e30eaf8fe00)] 
10:08:14.514190 - EVENT MANAGER: Getting script for event for [application: 'accessibility_probe' (0x7e31000ea340)]  [image: 'Request latency' (0x7e310099e500)] 
10:08:14.514205 - SCRIPT MANAGER: Getting script for [application: 'accessibility_probe' (0x7e31000ea340)]  [image: 'Request latency' (0x7e310099e500)] 
10:08:14.514428 - SCRIPT MANAGER: Script is app script accessibility_probe (module=orca.scripts.default)
10:08:14.514458 - EVENT MANAGER: Script for event is accessibility_probe (module=orca.scripts.default)
10:08:14.514469 - EVENT MANAGER: Processing object:state-changed:focused: script for event is active
10:08:14.514831 - SCRIPT UTILITIES: [frame: 'Reactive TUI App accessibility round 1' (0x7e31017208c0)]  is top-level object for: [image: 'Request latency' (0x7e30eaca6e00)] 
10:08:14.515171 - SCRIPT UTILITIES: [image: 'Request latency' (0x7e30eaca6e00)]  is in frame [frame: 'Reactive TUI App accessibility round 1' (0x7e31017208c0)]  and dialog None
10:08:14.515198 - AXObject: Clearing AT-SPI cache on [frame: 'Reactive TUI App accessibility round 1' (0x7e31017208c0)]  Recursive: False.  Reason: Checking if window can be the active window
10:08:14.516594 - AXUtilities: [frame: 'Reactive TUI App accessibility round 1' (0x7e31017208c0)]  from [application: 'accessibility_probe' (0x7e31000ea340)]  can be active window
10:08:14.516733 - FOCUS MANAGER: Request to set locus of focus to [image: 'Request latency' (0x7e30eaca6e00)]  event_manager._dequeue_object_event:666 > event_manager._process_object_event:982 > default._on_focused_changed:1114 > focus_manager.set_locus_of_focus:271
10:08:14.517025 - AXObject: Clearing AT-SPI cache on [image: 'Request latency' (0x7e30eaca6e00)]  Recursive: False.  Reason: Setting locus of focus.
10:08:14.517044 - SCRIPT MANAGER: Active script is: accessibility_probe (module=orca.scripts.default)
10:08:14.517604 - FOCUS MANAGER: Changing locus of focus from [button: 'Advance download' (0x7e30eaf8fe00)]  to [image: 'Request latency' (0x7e30eaca6e00)] . Notify: True
10:08:14.517644 - FOCUS MANAGER: Switching mode from object-navigator to focus-tracking
10:08:14.517861 - FOCUS MANAGER: Region of interest: [image: 'Request latency' (0x7e30eaca6e00)]  (0, 0)
10:08:14.518096 - FOCUS MANAGER: Switching object of interest from [progress bar: 'Download progress' (0x7e30eafbd280)]  to [image: 'Request latency' (0x7e30eaca6e00)] 
10:08:14.518576 - AXObject: [button: 'Advance download' (0x7e30eaf8fe00)]  has index -1 ; parent [frame: 'Reactive TUI App accessibility round 1' (0x7e31017208c0)]  has 1 children
10:08:14.519190 - DOCUMENT PRESENTER: Updating mode for focus change. Old focus: [button: 'Advance download' (0x7e30eaf8fe00)]  old doc: None New focus: [image: 'Request latency' (0x7e30eaca6e00)]  new doc: None
10:08:14.519235 - SCRIPT MANAGER: Active script is: accessibility_probe (module=orca.scripts.default)
10:08:14.519250 - CARET NAVIGATOR: Commands suspended: False: locus of focus no longer in document
10:08:14.519299 - GSETTINGS SCHEMA HANDLE: keybindings/keyboard-layout not set [app:accessibility_probe, profile:default]
10:08:14.519309 - GSETTINGS REGISTRY: keybindings/keyboard-layout using default value = 'desktop'
10:08:14.519330 - GSETTINGS SCHEMA HANDLE: keybindings/desktop-modifier-keys not set [app:accessibility_probe, profile:default]
10:08:14.519337 - GSETTINGS REGISTRY: keybindings/desktop-modifier-keys using default value = ['Insert', 'KP_Insert']
10:08:14.519389 - SCRIPT MANAGER: Active script is: accessibility_probe (module=orca.scripts.default)
10:08:14.519397 - STRUCTURAL NAVIGATOR: Suspended: False: locus of focus no longer in document
10:08:14.519420 - GSETTINGS SCHEMA HANDLE: keybindings/keyboard-layout not set [app:accessibility_probe, profile:default]
10:08:14.519426 - GSETTINGS REGISTRY: keybindings/keyboard-layout using default value = 'desktop'
10:08:14.519444 - GSETTINGS SCHEMA HANDLE: keybindings/desktop-modifier-keys not set [app:accessibility_probe, profile:default]
10:08:14.519451 - GSETTINGS REGISTRY: keybindings/desktop-modifier-keys using default value = ['Insert', 'KP_Insert']
10:08:14.519513 - STRUCTURAL NAVIGATOR: Setting mode for accessibility_probe (module=orca.scripts.default) to NavigationMode.OFF
10:08:14.519540 - SCRIPT MANAGER: Active script is: accessibility_probe (module=orca.scripts.default)
10:08:14.519568 - GSETTINGS SCHEMA HANDLE: keybindings/keyboard-layout not set [app:accessibility_probe, profile:default]
10:08:14.519575 - GSETTINGS REGISTRY: keybindings/keyboard-layout using default value = 'desktop'
10:08:14.519593 - GSETTINGS SCHEMA HANDLE: keybindings/desktop-modifier-keys not set [app:accessibility_probe, profile:default]
10:08:14.519601 - GSETTINGS REGISTRY: keybindings/desktop-modifier-keys using default value = ['Insert', 'KP_Insert']
10:08:14.519659 - CARET NAVIGATOR: Setting enabled state for accessibility_probe (module=orca.scripts.default) to False
10:08:14.519686 - SCRIPT MANAGER: Active script is: accessibility_probe (module=orca.scripts.default)
10:08:14.519712 - GSETTINGS SCHEMA HANDLE: keybindings/keyboard-layout not set [app:accessibility_probe, profile:default]
10:08:14.519720 - GSETTINGS REGISTRY: keybindings/keyboard-layout using default value = 'desktop'
10:08:14.519739 - GSETTINGS SCHEMA HANDLE: keybindings/desktop-modifier-keys not set [app:accessibility_probe, profile:default]
10:08:14.519747 - GSETTINGS REGISTRY: keybindings/desktop-modifier-keys using default value = ['Insert', 'KP_Insert']
10:08:14.520307 - SCRIPT UTILITIES: [frame: 'Reactive TUI App accessibility round 1' (0x7e31017208c0)]  is top-level object for: [image: 'Request latency' (0x7e30eaca6e00)] 
10:08:14.520346 - FOCUS MANAGER: Request to set active window to [frame: 'Reactive TUI App accessibility round 1' (0x7e31017208c0)] 
10:08:14.520355 - FOCUS MANAGER: Setting active window to existing active window
10:08:14.520677 - SCRIPT MANAGER: Getting script for [application: 'accessibility_probe' (0x7e31000ea340)]  [image: 'Request latency' (0x7e30eaca6e00)] 
10:08:14.520845 - SCRIPT MANAGER: Script is app script accessibility_probe (module=orca.scripts.default)
10:08:14.521398 - AXUtilitiesRelation: [button: 'Advance download' (0x7e30eaf8fe00)]  is controlled by [image: 'Request latency' (0x7e30eaca6e00)] : False
10:08:14.521461 - AXUtilitiesRelation: [image: 'Request latency' (0x7e30eaca6e00)]  is controlled by [button: 'Advance download' (0x7e30eaf8fe00)] : False
10:08:14.521471 - PRESENTATION MANAGER: Interrupting presentation
10:08:14.521529 - SPEECH MANAGER: interrupt_speech. Script: None Event: None notify_user: False
10:08:14.521852 - SPEECH MANAGER: Speech server is <orca.speechdispatcherfactory.SpeechServer object at 0x7e310098d6a0>
10:08:14.521961 - BRAILLE: Kill flash message presentation_manager.interrupt_if_needed_for_focus_change:100 > presentation_manager.interrupt_presentation:88 > braille_presenter.kill_flash:1829 > braille.kill_flash:2182
10:08:14.522628 - FOCUS MANAGER: Active mode: focus-tracking Object of interest: [image: 'Request latency' (0x7e30eaca6e00)] 
10:08:14.522679 - GSETTINGS SCHEMA HANDLE: speech/enable not set [app:accessibility_probe, profile:default]
10:08:14.522689 - GSETTINGS REGISTRY: speech/enable using default value = True
10:08:14.522714 - GSETTINGS SCHEMA HANDLE: speech/verbosity-level not set [app:accessibility_probe, profile:default]
10:08:14.522722 - GSETTINGS REGISTRY: speech/verbosity-level using default value = 'verbose'
10:08:14.522747 - FOCUS MANAGER: Locus of focus is [image: 'Request latency' (0x7e30eaca6e00)] 
10:08:14.522772 - SCRIPT MANAGER: Active script is: accessibility_probe (module=orca.scripts.default)
10:08:14.522796 - GSETTINGS SCHEMA HANDLE: speech/only-speak-displayed-text not set [app:accessibility_probe, profile:default]
10:08:14.522802 - GSETTINGS REGISTRY: speech/only-speak-displayed-text using default value = False
10:08:14.522820 - GSETTINGS SCHEMA HANDLE: speech/speak-description not set [app:accessibility_probe, profile:default]
10:08:14.522825 - GSETTINGS REGISTRY: speech/speak-description using default value = True
10:08:14.522841 - GSETTINGS SCHEMA HANDLE: speech/speak-tutorial-messages not set [app:accessibility_probe, profile:default]
10:08:14.522846 - GSETTINGS REGISTRY: speech/speak-tutorial-messages using default value = True
10:08:14.522864 - GSETTINGS SCHEMA HANDLE: speech/speak-position-in-set not set [app:accessibility_probe, profile:default]
10:08:14.522870 - GSETTINGS REGISTRY: speech/speak-position-in-set using default value = False
10:08:14.522885 - GSETTINGS SCHEMA HANDLE: speech/speak-widget-mnemonic not set [app:accessibility_probe, profile:default]
10:08:14.522891 - GSETTINGS REGISTRY: speech/speak-widget-mnemonic using default value = True
10:08:14.522907 - GSETTINGS SCHEMA HANDLE: speech/speak-blank-lines not set [app:accessibility_probe, profile:default]
10:08:14.522913 - GSETTINGS REGISTRY: speech/speak-blank-lines using default value = True
10:08:14.522929 - GSETTINGS SCHEMA HANDLE: speech/speak-indentation-and-justification not set [app:accessibility_probe, profile:default]
10:08:14.522935 - GSETTINGS REGISTRY: speech/speak-indentation-and-justification using default value = False
10:08:14.522950 - GSETTINGS SCHEMA HANDLE: speech/announce-cell-headers not set [app:accessibility_probe, profile:default]
10:08:14.522956 - GSETTINGS REGISTRY: speech/announce-cell-headers using default value = True
10:08:14.522972 - GSETTINGS SCHEMA HANDLE: speech/announce-cell-coordinates not set [app:accessibility_probe, profile:default]
10:08:14.522983 - GSETTINGS REGISTRY: speech/announce-cell-coordinates using default value = True
10:08:14.522999 - GSETTINGS SCHEMA HANDLE: speech/announce-spreadsheet-cell-coordinates not set [app:accessibility_probe, profile:default]
10:08:14.523005 - GSETTINGS REGISTRY: speech/announce-spreadsheet-cell-coordinates using default value = True
10:08:14.523022 - GSETTINGS SCHEMA HANDLE: speech/announce-blockquote not set [app:accessibility_probe, profile:default]
10:08:14.523027 - GSETTINGS REGISTRY: speech/announce-blockquote using default value = True
10:08:14.523042 - GSETTINGS SCHEMA HANDLE: speech/announce-form not set [app:accessibility_probe, profile:default]
10:08:14.523047 - GSETTINGS REGISTRY: speech/announce-form using default value = True
10:08:14.523062 - GSETTINGS SCHEMA HANDLE: speech/announce-landmark not set [app:accessibility_probe, profile:default]
10:08:14.523068 - GSETTINGS REGISTRY: speech/announce-landmark using default value = True
10:08:14.523083 - GSETTINGS SCHEMA HANDLE: speech/announce-list not set [app:accessibility_probe, profile:default]
10:08:14.523089 - GSETTINGS REGISTRY: speech/announce-list using default value = True
10:08:14.523104 - GSETTINGS SCHEMA HANDLE: speech/announce-grouping not set [app:accessibility_probe, profile:default]
10:08:14.523109 - GSETTINGS REGISTRY: speech/announce-grouping using default value = True
10:08:14.523124 - GSETTINGS SCHEMA HANDLE: speech/announce-table not set [app:accessibility_probe, profile:default]
10:08:14.523133 - GSETTINGS REGISTRY: speech/announce-table using default value = True
10:08:14.524373 - GENERATOR: _get_functional_role: image
10:08:14.524462 - SPEECH GENERATOR: speech_generator.SpeechGenerator._generate_image for [image: 'Request latency' (0x7e30eaca6e00)]  args: {'formatType': 'unfocused', 'priorObj': "[button: 'Advance download' (0x7e30eaf8fe00)] ", 'role': 'image'}
10:08:14.525030 - SCRIPT UTILITIES: [frame: 'Reactive TUI App accessibility round 1' (0x7e31017208c0)]  is top-level object for: [image: 'Request latency' (0x7e30eaca6e00)] 
10:08:14.525327 - SCRIPT UTILITIES: [image: 'Request latency' (0x7e30eaca6e00)]  is in frame [frame: 'Reactive TUI App accessibility round 1' (0x7e31017208c0)]  and dialog None
10:08:14.525461 - SPEECH GENERATOR: _generate_old_ancestors: []
10:08:14.525494 - SPEECH GENERATOR: _generate_new_ancestors: []
10:08:14.525528 - AXUtilitiesRelation: [image: 'Request latency' (0x7e30eaca6e00)]  is labelled by: []
10:08:14.525542 - GENERATOR: _generate_accessible_label: []
10:08:14.525555 - SPEECH GENERATOR: _generate_accessible_label: []
10:08:14.525577 - GENERATOR: _generate_accessible_name: [Request latency]
10:08:14.525609 - GSETTINGS SCHEMA HANDLE: voice/established not set [app:accessibility_probe, profile:default]
10:08:14.525625 - GSETTINGS SCHEMA HANDLE: voice/rate not set [app:accessibility_probe, profile:default]
10:08:14.525637 - GSETTINGS SCHEMA HANDLE: voice/pitch not set [app:accessibility_probe, profile:default]
10:08:14.525648 - GSETTINGS SCHEMA HANDLE: voice/volume not set [app:accessibility_probe, profile:default]
10:08:14.525661 - GSETTINGS SCHEMA HANDLE: voice/family-name not set [app:accessibility_probe, profile:default]
10:08:14.525671 - GSETTINGS SCHEMA HANDLE: voice/family-lang not set [app:accessibility_probe, profile:default]
10:08:14.525680 - GSETTINGS SCHEMA HANDLE: voice/family-dialect not set [app:accessibility_probe, profile:default]
10:08:14.525689 - GSETTINGS SCHEMA HANDLE: voice/family-gender not set [app:accessibility_probe, profile:default]
10:08:14.525699 - GSETTINGS SCHEMA HANDLE: voice/family-variant not set [app:accessibility_probe, profile:default]
10:08:14.525726 - SPEECH GENERATOR: default voice requested for [image: 'Request latency' (0x7e30eaca6e00)]  language='', dialect='' Unmodified voice={'established': False}
10:08:14.525748 - SPEECH GENERATOR: Reported locale of [image: 'Request latency' (0x7e30eaca6e00)]  is 
10:08:14.525763 - SPEECH GENERATOR: Updated to: 'C', ''
10:08:14.525784 - GSETTINGS SCHEMA HANDLE: speech/auto-language-switching not set [app:accessibility_probe, profile:default]
10:08:14.525788 - GSETTINGS REGISTRY: speech/auto-language-switching using default value = True
10:08:14.525796 - SPEECH DISPATCHER: Returning cached result for language='C' dialect='' variant='None'
10:08:14.525832 - SPEECH GENERATOR: Family updated to {'dialect': '', 'lang': 'C', 'name': ''}
10:08:14.525874 - SPEECH GENERATOR: Final voice is {'established': 'False', 'family': "{'dialect': '', 'lang': 'C', 'name': ''}"}
10:08:14.525921 - SPEECH GENERATOR: _generate_accessible_name: [Request latency, {'established': 'False', 'family': "{'dialect': '', 'lang': 'C', 'name': ''}"}]
10:08:14.525971 - GENERATOR: _generate_accessible_label_and_name: [Request latency, {'established': 'False', 'family': "{'dialect': '', 'lang': 'C', 'name': ''}"}]
10:08:14.525995 - SPEECH PRESENTER: Adjusting 'Request latency' from [image: 'Request latency' (0x7e30eaca6e00)]  start_offset: None
10:08:14.526296 - GSETTINGS SCHEMA HANDLE: speech/speak-numbers-as-digits not set [app:accessibility_probe, profile:default]
10:08:14.526325 - GSETTINGS REGISTRY: speech/speak-numbers-as-digits using default value = False
10:08:14.526399 - GSETTINGS SCHEMA HANDLE: speech/repeated-character-limit not set [app:accessibility_probe, profile:default]
10:08:14.526415 - GSETTINGS REGISTRY: speech/repeated-character-limit using default value = 4
10:08:14.528321 - GSETTINGS SCHEMA HANDLE: speech/use-pronunciation-dictionary not set [app:accessibility_probe, profile:default]
10:08:14.528367 - GSETTINGS REGISTRY: speech/use-pronunciation-dictionary using default value = True
10:08:14.528394 - SPEECH PRESENTER: Adjusted text: 'Request latency'
10:08:14.528510 - SPEECH GENERATOR: _generate_accessible_label_and_name: [Request latency, {'established': 'False', 'family': "{'dialect': '', 'lang': 'C', 'name': ''}"}]
10:08:14.530156 - GSETTINGS SCHEMA HANDLE: voice/established not set [app:accessibility_probe, profile:default]
10:08:14.530211 - GSETTINGS SCHEMA HANDLE: voice/rate not set [app:accessibility_probe, profile:default]
10:08:14.530250 - GSETTINGS SCHEMA HANDLE: voice/pitch not set [app:accessibility_probe, profile:default]
10:08:14.530287 - GSETTINGS SCHEMA HANDLE: voice/volume not set [app:accessibility_probe, profile:default]
10:08:14.530325 - GSETTINGS SCHEMA HANDLE: voice/family-name not set [app:accessibility_probe, profile:default]
10:08:14.530361 - GSETTINGS SCHEMA HANDLE: voice/family-lang not set [app:accessibility_probe, profile:default]
10:08:14.530395 - GSETTINGS SCHEMA HANDLE: voice/family-dialect not set [app:accessibility_probe, profile:default]
10:08:14.530428 - GSETTINGS SCHEMA HANDLE: voice/family-gender not set [app:accessibility_probe, profile:default]
10:08:14.530461 - GSETTINGS SCHEMA HANDLE: voice/family-variant not set [app:accessibility_probe, profile:default]
10:08:14.530523 - SPEECH GENERATOR: system voice requested for [image: 'Request latency' (0x7e30eaca6e00)]  language='', dialect='' Unmodified voice={'established': False}
10:08:14.530578 - SPEECH GENERATOR: Reported locale of [image: 'Request latency' (0x7e30eaca6e00)]  is 
10:08:14.530606 - SPEECH GENERATOR: Updated to: 'C', ''
10:08:14.530645 - GSETTINGS SCHEMA HANDLE: voice/established not set [app:accessibility_probe, profile:default]
10:08:14.530679 - GSETTINGS SCHEMA HANDLE: voice/rate not set [app:accessibility_probe, profile:default]
10:08:14.530712 - GSETTINGS SCHEMA HANDLE: voice/pitch not set [app:accessibility_probe, profile:default]
10:08:14.530744 - GSETTINGS SCHEMA HANDLE: voice/volume not set [app:accessibility_probe, profile:default]
10:08:14.530776 - GSETTINGS SCHEMA HANDLE: voice/family-name not set [app:accessibility_probe, profile:default]
10:08:14.530808 - GSETTINGS SCHEMA HANDLE: voice/family-lang not set [app:accessibility_probe, profile:default]
10:08:14.530839 - GSETTINGS SCHEMA HANDLE: voice/family-dialect not set [app:accessibility_probe, profile:default]
10:08:14.530870 - GSETTINGS SCHEMA HANDLE: voice/family-gender not set [app:accessibility_probe, profile:default]
10:08:14.530901 - GSETTINGS SCHEMA HANDLE: voice/family-variant not set [app:accessibility_probe, profile:default]
10:08:14.530968 - SPEECH GENERATOR: Final voice is {'established': 'False', 'family': '{}'}
10:08:14.531050 - SPEECH GENERATOR: _generate_accessible_role: [image, {'established': 'False', 'family': '{}'}]
10:08:14.531086 - SPEECH GENERATOR: _generate_has_long_description: []
10:08:14.531141 - GENERATOR: _generate_state_current: []
10:08:14.531171 - SPEECH GENERATOR: _generate_state_current: []
10:08:14.531200 - SPEECH GENERATOR: _generate_has_click_action: []
10:08:14.531228 - SPEECH GENERATOR: _generate_has_details: []
10:08:14.531255 - SPEECH GENERATOR: _generate_details_for: []
10:08:14.531505 - AXUtilitiesRelation: [image: 'Request latency' (0x7e30eaca6e00)]  is described by: []
10:08:14.531538 - GENERATOR: _generate_accessible_description: []
10:08:14.531565 - SPEECH GENERATOR: _generate_accessible_description: []
10:08:14.531617 - SPEECH GENERATOR: _generate_state_has_popup: []
10:08:14.532348 - SPEECH GENERATOR: _generate_tutorial: []
10:08:14.532456 - SPEECH GENERATOR: Results: [Request latency, {'established': 'False', 'family': "{'dialect': '', 'lang': 'C', 'name': ''}"}, image, {'established': 'False', 'family': '{}'}]
10:08:14.532542 - SPEECH: Speak [Request latency, {'established': 'False', 'family': "{'dialect': '', 'lang': 'C', 'name': ''}"}, image, {'established': 'False', 'family': '{}'}], acss: None
10:08:14.532608 - SPEECH: New voice {'established': 'False'}  != active voice {'established': 'False', 'family': "{'dialect': '', 'lang': 'C', 'name': ''}"}
10:08:14.532623 - SPEECH OUTPUT: 'Request latency' {'established': False, 'family': {'name': '', 'gender': None, 'lang': 'C', 'dialect': '', 'variant': None}}
10:08:14.532629 - SPEECH DISPATCHER: Speaking 'Request latency' as string
10:08:14.532807 - SPEECH DISPATCHER: Speaking '<speak><mark name="0:7"/>Request <mark name="8:15"/>latency</speak>' 
                  ORCA rate 50.0, pitch 5.0, volume 10.0, language C, punctuation: MOST
                  SD rate 2, pitch 10, volume 100, language c
10:08:14.532871 - SPEECH OUTPUT: 'image' {'established': False}
10:08:14.532877 - SPEECH DISPATCHER: Speaking 'image' as string
10:08:14.533050 - SPEECH DISPATCHER: Speaking '<speak><mark name="0:5"/>image</speak>' 
                  ORCA rate 50.0, pitch 5.0, volume 10.0, language C, punctuation: MOST
                  SD rate 2, pitch 10, volume 100, language c
10:08:14.538101 - GSETTINGS SCHEMA HANDLE: braille/enabled not set [app:accessibility_probe, profile:default]
10:08:14.538113 - GSETTINGS REGISTRY: braille/enabled using default value = True
10:08:14.538145 - FOCUS MANAGER: Active mode: focus-tracking Object of interest: [image: 'Request latency' (0x7e30eaca6e00)] 
10:08:14.538161 - GSETTINGS SCHEMA HANDLE: braille/enabled not set [app:accessibility_probe, profile:default]
10:08:14.538167 - GSETTINGS REGISTRY: braille/enabled using default value = True
10:08:14.538184 - GSETTINGS SCHEMA HANDLE: braille/verbosity-level not set [app:accessibility_probe, profile:default]
10:08:14.538189 - GSETTINGS REGISTRY: braille/verbosity-level using default value = 'verbose'
10:08:14.538204 - FOCUS MANAGER: Locus of focus is [image: 'Request latency' (0x7e30eaca6e00)] 
10:08:14.538221 - SCRIPT MANAGER: Active script is: accessibility_probe (module=orca.scripts.default)
10:08:14.538256 - GSETTINGS SCHEMA HANDLE: braille/rolename-style not set [app:accessibility_probe, profile:default]
10:08:14.538261 - GSETTINGS REGISTRY: braille/rolename-style using default value = 'verbose'
10:08:14.538273 - GSETTINGS SCHEMA HANDLE: braille/display-ancestors not set [app:accessibility_probe, profile:default]
10:08:14.538277 - GSETTINGS REGISTRY: braille/display-ancestors using default value = True
10:08:14.538288 - GSETTINGS SCHEMA HANDLE: braille/end-of-line-indicator not set [app:accessibility_probe, profile:default]
10:08:14.538292 - GSETTINGS REGISTRY: braille/end-of-line-indicator using default value = True
10:08:14.538301 - GSETTINGS SCHEMA HANDLE: braille/present-mnemonics not set [app:accessibility_probe, profile:default]
10:08:14.538305 - GSETTINGS REGISTRY: braille/present-mnemonics using default value = True
10:08:14.539541 - GENERATOR: _get_functional_role: image
10:08:14.539606 - BRAILLE GENERATOR: braille_generator.BrailleGenerator._generate_image for [image: 'Request latency' (0x7e30eaca6e00)]  args: {'formatType': 'focused', 'priorObj': "[button: 'Advance download' (0x7e30eaf8fe00)] ", 'role': 'image'}
10:08:14.541207 - GENERATOR: _get_functional_role: frame
10:08:14.541273 - BRAILLE GENERATOR: braille_generator.BrailleGenerator._generate_frame for [frame: 'Reactive TUI App accessibility round 1' (0x7e31017208c0)]  args: {'formatType': 'ancestor', 'includeContext': 'False', 'priorObj': "[button: 'Advance download' (0x7e30eaf8fe00)] ", 'role': 'frame'}
10:08:14.541461 - AXUtilitiesRelation: [frame: 'Reactive TUI App accessibility round 1' (0x7e31017208c0)]  is labelled by: []
10:08:14.541477 - GENERATOR: _generate_accessible_label: []
10:08:14.541498 - GENERATOR: _generate_accessible_name: [Reactive TUI App accessibility round 1]
10:08:14.541517 - GENERATOR: _generate_accessible_label_and_name: [Reactive TUI App accessibility round 1]
10:08:14.542477 - BRAILLE GENERATOR: _generate_accessible_role: [frame]
10:08:14.542542 - AXUtilities: Unfocused alerts and dialogs for [frame: 'Reactive TUI App accessibility round 1' (0x7e31017208c0)] : []
10:08:14.542556 - BRAILLE GENERATOR: _generate_alert_and_dialog_count: []
10:08:14.542569 - BRAILLE: Not contracting 'Reactive TUI App accessibility round 1 frame' because contracted braille is not enabled.
10:08:14.542588 - GENERATOR: _generate_accessible_description: []
10:08:14.542708 - GENERATOR: _generate_state_current: []
10:08:14.542728 - BRAILLE GENERATOR: Results: [COMPONENT: 'Reactive TUI App accessibility round 1 frame', cursor offset:0]
10:08:14.543664 - GENERATOR: _get_functional_role: application
10:08:14.543686 - BRAILLE GENERATOR: [application: 'accessibility_probe' (0x7e31000ea340)]  lacks dedicated generator
10:08:14.543743 - BRAILLE GENERATOR: braille_generator.BrailleGenerator._generate_default_presentation for [application: 'accessibility_probe' (0x7e31000ea340)]  args: {'formatType': 'ancestor', 'includeContext': 'False', 'priorObj': "[button: 'Advance download' (0x7e30eaf8fe00)] ", 'role': 'application'}
10:08:14.543889 - AXUtilitiesRelation: [application: 'accessibility_probe' (0x7e31000ea340)]  is labelled by: []
10:08:14.543904 - GENERATOR: _generate_accessible_label: []
10:08:14.543924 - GENERATOR: _generate_accessible_name: [accessibility_probe]
10:08:14.543942 - GENERATOR: _generate_accessible_label_and_name: [accessibility_probe]
10:08:14.544701 - BRAILLE GENERATOR: _generate_accessible_role: [application]
10:08:14.544710 - BRAILLE: Not contracting 'accessibility_probe application' because contracted braille is not enabled.
10:08:14.544729 - BRAILLE GENERATOR: Results: [COMPONENT: 'accessibility_probe application', cursor offset:0]
10:08:14.544763 - BRAILLE GENERATOR: _generate_ancestors: [COMPONENT: 'accessibility_probe application', cursor offset:0, REGION: ' ', cursor offset:0, COMPONENT: 'Reactive TUI App accessibility round 1 frame', cursor offset:0]
10:08:14.544791 - AXUtilitiesRelation: [image: 'Request latency' (0x7e30eaca6e00)]  is labelled by: []
10:08:14.544804 - GENERATOR: _generate_accessible_label: []
10:08:14.544823 - GENERATOR: _generate_accessible_name: [Request latency]
10:08:14.544841 - GENERATOR: _generate_accessible_label_and_name: [Request latency]
10:08:14.545621 - BRAILLE GENERATOR: _generate_accessible_role: [image]
10:08:14.545630 - BRAILLE: Not contracting 'Request latency image' because contracted braille is not enabled.
10:08:14.545649 - GENERATOR: _generate_accessible_description: []
10:08:14.545667 - GENERATOR: _generate_state_current: []
10:08:14.545702 - BRAILLE GENERATOR: Results: [COMPONENT: 'accessibility_probe application', cursor offset:0, REGION: ' ', cursor offset:0, COMPONENT: 'Reactive TUI App accessibility round 1 frame', cursor offset:0, REGION: ' ', cursor offset:0, COMPONENT: 'Request latency image', cursor offset:0]
10:08:14.545742 - BRAILLE: Refresh. Pan: True target: 0
10:08:14.545748 - BRAILLE: Kill flash message braille.display_line:1618 > braille.refresh:2097 > braille._prepare_refresh:1856 > braille.kill_flash:2182
10:08:14.546209 - GSETTINGS SCHEMA HANDLE: braille/enabled not set [app:accessibility_probe, profile:default]
10:08:14.546218 - GSETTINGS REGISTRY: braille/enabled using default value = True
10:08:14.546237 - BRAILLE: Last text object: None (Caret: 0, Line: 0, Cell: 0)
10:08:14.546260 - BRAILLE: Current text object: None (Caret: 0, Line: 0). On same line: False
10:08:14.546268 - BRAILLE: Line 0: 'accessibility_probe application Reactive TUI App accessibility round 1 frame Request latency image' focusOffset: 77 [[0, 32], [32, 63], [63, 77], [77, 98]]
10:08:14.546272 - BRAILLE: Cursor offset in line string is: 77
10:08:14.546277 - BRAILLE: Adjusting offset to 77 (unhandled condition)
10:08:14.546281 - BRAILLE: Current range: (77, 109). Target cell: 0
10:08:14.546286 - BRAILLE LINE:  'accessibility_probe application Reactive TUI App accessibility round 1 frame Request latency image'
10:08:14.546290 -      VISIBLE:  'Request latency image', cursor=1
10:08:14.546303 - BRAILLE: Enabling braille. BrlAPI running: False
10:08:14.546306 - BRAILLE: Need to initialize first.
10:08:14.546320 - BRAILLE: Initializing. Callback: input_event_manager.InputEventManager.process_braille_event
10:08:14.546337 - BRAILLE: WINDOWPATH= None
10:08:14.546352 - BRAILLE: XDG_VTNR= 1
10:08:14.546370 - BRAILLE: Attempting connection with BrlAPI.
10:08:14.546695 - BRAILLE: BrlAPI Connection is unavailable (ConnectionError): couldn't connect to b':0' with key b'keyfile:/etc/brlapi.key+polkit': connect: No such file or directory
                  (brlerrno 11, libcerrno 2, gaierrno 0)
                  Is BRLTTY really running?
10:08:14.546910 - AXTable: Setting last cell coordinates to row=-1, column=-1
10:08:14.546943 - FOCUS MANAGER: Setting last cursor position to [image: 'Request latency' (0x7e30eaca6e00)]  -1
10:08:14.547018 - FOCUS MANAGER: Active window is [frame: 'Reactive TUI App accessibility round 1' (0x7e31017208c0)]  focus_manager.set_locus_of_focus:327 > focus_manager._save_object_details:254 > ax_utilities_event.save_object_info_for_events:195 > focus_manager.get_active_window:342
TOTAL PROCESSING TIME: 0.0351
^^^^^ FINISHED PRIORITY-3 OBJECT EVENT OBJECT:STATE-CHANGED:FOCUSED ^^^^^

10:08:14.547590 - GSETTINGS SCHEMA HANDLE: keybindings/keyboard-layout not set [app:accessibility_probe, profile:default]
10:08:14.547600 - GSETTINGS REGISTRY: keybindings/keyboard-layout using default value = 'desktop'
10:08:14.547614 - GSETTINGS SCHEMA HANDLE: keybindings/desktop-modifier-keys not set [app:accessibility_probe, profile:default]
10:08:14.547619 - GSETTINGS REGISTRY: keybindings/desktop-modifier-keys using default value = ['Insert', 'KP_Insert']
10:08:14.547637 - FOCUS MANAGER: Active window is [frame: 'Reactive TUI App accessibility round 1' (0x7e31017208c0)]  <unknown>.<module>:373 > input_event_manager._on_key_pressed:261 > input_event_manager.process_keyboard_event:297 > focus_manager.get_active_window:342
10:08:14.547856 - AXObject: Clearing AT-SPI cache on [frame: 'Reactive TUI App accessibility round 1' (0x7e31017208c0)]  Recursive: False.  Reason: Checking if window can be the active window
10:08:14.548124 - CLIPBOARD PRESENTER: Possible change event object:text-changed:delete for [terminal: 'Terminal' (0x7e30eaf83c80)]  in org.gnome.Terminal (gtk 3.24.52) (0, 702, \n \n \n \n \n... \n \n \n \n \n (713 chars.))

10:08:14.548185 - EVENT MANAGER: object:text-changed:delete for [terminal: 'Terminal' (0x7e30eaf83c80)]  in org.gnome.Terminal (gtk 3.24.52) (0, 702, \n \n \n \n \n... \n \n \n \n \n (713 chars.))
10:08:14.548200 - FOCUS MANAGER: Locus of focus is [image: 'Request latency' (0x7e30eaca6e00)] 
10:08:14.548249 - EVENT_MANAGER: Not ignoring object:text-changed:delete due to source being focused
10:08:14.548285 - EVENT MANAGER: Queueing object:text-changed:delete for [terminal: 'Terminal' (0x7e30eaf83c80)]  in org.gnome.Terminal (gtk 3.24.52) (0, 702, \n \n \n \n \n... \n \n \n \n \n (713 chars.))
10:08:14.548300 - EVENT MANAGER: App for event source is [application: 'org.gnome.Terminal' (0x7e31000c8580)] 
10:08:14.548318 - SCRIPT MANAGER: Getting script for [application: 'org.gnome.Terminal' (0x7e31000c8580)]  [terminal: 'Terminal' (0x7e30eaf83c80)] 
10:08:14.548344 - SCRIPT MANAGER: Script is custom script org.gnome.Terminal (module=orca.scripts.terminal.script)
10:08:14.548385 - EVENT MANAGER: object:text-changed:delete for [terminal: 'Terminal' (0x7e30eaf83c80)]  in org.gnome.Terminal (gtk 3.24.52) (0, 702, \n \n \n \n \n... \n \n \n \n \n (713 chars.)) has priority level: 4
10:08:14.548423 - EVENT MANAGER: Queued object:text-changed:delete for [terminal: 'Terminal' (0x7e30eaf83c80)]  in org.gnome.Terminal (gtk 3.24.52) (0, 702, \n \n \n \n \n... \n \n \n \n \n (713 chars.)) priority: 4, counter: 59
10:08:14.549643 - AXUtilities: [frame: 'Reactive TUI App accessibility round 1' (0x7e31017208c0)]  from [application: 'accessibility_probe' (0x7e31000ea340)]  can be active window
10:08:14.549803 - FOCUS MANAGER: Locus of focus is [image: 'Request latency' (0x7e30eaca6e00)] 
10:08:14.549950 - SCRIPT MANAGER: Active script is: accessibility_probe (module=orca.scripts.default)
10:08:14.550107 - GSETTINGS SCHEMA HANDLE: keybindings/keyboard-layout not set [app:accessibility_probe, profile:default]
10:08:14.550115 - GSETTINGS REGISTRY: keybindings/keyboard-layout using default value = 'desktop'
10:08:14.550131 - GSETTINGS SCHEMA HANDLE: keybindings/desktop-modifier-keys not set [app:accessibility_probe, profile:default]
10:08:14.550135 - GSETTINGS REGISTRY: keybindings/desktop-modifier-keys using default value = ['Insert', 'KP_Insert']

KEYBOARD_EVENT:  type=ATSPI_KEY_PRESSED_EVENT
                 id=65360
                 hw_code=110
                 modifiers=0
                 text=''
                 keyval_name='Home'
                 timestamp=1789049294.547562
                 clickCount=1

vvvvv PROCESS ATSPI_KEY_PRESSED_EVENT: 'Home' (110) vvvvv
10:08:14.550170 - SCRIPT: accessibility_probe (module=orca.scripts.default)
10:08:14.550184 - WINDOW: [frame: 'Reactive TUI App accessibility round 1' (0x7e31017208c0)] 
10:08:14.550195 - LOCATION: [image: 'Request latency' (0x7e30eaca6e00)] 
10:08:14.550220 - GSETTINGS SCHEMA HANDLE: keybindings/keyboard-layout not set [app:accessibility_probe, profile:default]
10:08:14.550225 - GSETTINGS REGISTRY: keybindings/keyboard-layout using default value = 'desktop'
10:08:14.550235 - GSETTINGS SCHEMA HANDLE: keybindings/desktop-modifier-keys not set [app:accessibility_probe, profile:default]
10:08:14.550239 - GSETTINGS REGISTRY: keybindings/desktop-modifier-keys using default value = ['Insert', 'KP_Insert']
10:08:14.550246 - PRESENTATION MANAGER: Interrupting presentation
10:08:14.550275 - SPEECH MANAGER: interrupt_speech. Script: None Event: None notify_user: False
10:08:14.550545 - SPEECH MANAGER: Speech server is <orca.speechdispatcherfactory.SpeechServer object at 0x7e310098d6a0>
10:08:14.550637 - BRAILLE: Kill flash message input_event._present:603 > presentation_manager.interrupt_presentation:88 > braille_presenter.kill_flash:1829 > braille.kill_flash:2182
10:08:14.550940 - TYPING ECHO PRESENTER: should_echo_keyboard_event: 'home'?
10:08:14.550965 - GSETTINGS SCHEMA HANDLE: keybindings/keyboard-layout not set [app:accessibility_probe, profile:default]
10:08:14.550970 - GSETTINGS REGISTRY: keybindings/keyboard-layout using default value = 'desktop'
10:08:14.550987 - GSETTINGS SCHEMA HANDLE: keybindings/desktop-modifier-keys not set [app:accessibility_probe, profile:default]
10:08:14.550994 - GSETTINGS REGISTRY: keybindings/desktop-modifier-keys using default value = ['Insert', 'KP_Insert']
10:08:14.551011 - GSETTINGS SCHEMA HANDLE: typing-echo/character-echo not set [app:accessibility_probe, profile:default]
10:08:14.551014 - GSETTINGS REGISTRY: typing-echo/character-echo using default value = False
10:08:14.551027 - GSETTINGS SCHEMA HANDLE: keybindings/keyboard-layout not set [app:accessibility_probe, profile:default]
10:08:14.551031 - GSETTINGS REGISTRY: keybindings/keyboard-layout using default value = 'desktop'
10:08:14.551040 - GSETTINGS SCHEMA HANDLE: keybindings/desktop-modifier-keys not set [app:accessibility_probe, profile:default]
10:08:14.551044 - GSETTINGS REGISTRY: keybindings/desktop-modifier-keys using default value = ['Insert', 'KP_Insert']
10:08:14.551060 - GSETTINGS SCHEMA HANDLE: typing-echo/key-echo not set [app:accessibility_probe, profile:default]
10:08:14.551064 - GSETTINGS REGISTRY: typing-echo/key-echo using default value = True
10:08:14.551081 - GSETTINGS SCHEMA HANDLE: typing-echo/navigation-keys not set [app:accessibility_probe, profile:default]
10:08:14.551085 - GSETTINGS REGISTRY: typing-echo/navigation-keys using default value = False
10:08:14.551089 - TYPING ECHO PRESENTER: Echoing navigation keyboard event: False.
10:08:14.551095 - TOTAL PROCESSING TIME: 0.0010
^^^^^ PROCESS ATSPI_KEY_PRESSED_EVENT: 'Home' (110) ^^^^^

10:08:14.551117 - GSETTINGS SCHEMA HANDLE: keybindings/keyboard-layout not set [app:accessibility_probe, profile:default]
10:08:14.551121 - GSETTINGS REGISTRY: keybindings/keyboard-layout using default value = 'desktop'
10:08:14.551130 - GSETTINGS SCHEMA HANDLE: keybindings/desktop-modifier-keys not set [app:accessibility_probe, profile:default]
10:08:14.551134 - GSETTINGS REGISTRY: keybindings/desktop-modifier-keys using default value = ['Insert', 'KP_Insert']
10:08:14.551233 - GSETTINGS SCHEMA HANDLE: keybindings/keyboard-layout not set [app:accessibility_probe, profile:default]
10:08:14.551238 - GSETTINGS REGISTRY: keybindings/keyboard-layout using default value = 'desktop'
10:08:14.551248 - GSETTINGS SCHEMA HANDLE: keybindings/desktop-modifier-keys not set [app:accessibility_probe, profile:default]
10:08:14.551252 - GSETTINGS REGISTRY: keybindings/desktop-modifier-keys using default value = ['Insert', 'KP_Insert']
10:08:14.551654 - GSETTINGS SCHEMA HANDLE: keybindings/keyboard-layout not set [app:accessibility_probe, profile:default]
10:08:14.551660 - GSETTINGS REGISTRY: keybindings/keyboard-layout using default value = 'desktop'
10:08:14.551671 - GSETTINGS SCHEMA HANDLE: keybindings/desktop-modifier-keys not set [app:accessibility_probe, profile:default]
10:08:14.551675 - GSETTINGS REGISTRY: keybindings/desktop-modifier-keys using default value = ['Insert', 'KP_Insert']

KEYBOARD_EVENT:  type=ATSPI_KEY_RELEASED_EVENT
                 id=65360
                 hw_code=110
                 modifiers=0
                 text=''
                 keyval_name='Home'
                 timestamp=1789049294.551221
                 clickCount=1

vvvvv PROCESS ATSPI_KEY_RELEASED_EVENT: 'Home' (110) vvvvv
10:08:14.551710 - SCRIPT: accessibility_probe (module=orca.scripts.default)
10:08:14.551725 - WINDOW: [frame: 'Reactive TUI App accessibility round 1' (0x7e31017208c0)] 
10:08:14.551736 - LOCATION: [image: 'Request latency' (0x7e30eaca6e00)] 
10:08:14.551756 - GSETTINGS SCHEMA HANDLE: keybindings/keyboard-layout not set [app:accessibility_probe, profile:default]
10:08:14.551761 - GSETTINGS REGISTRY: keybindings/keyboard-layout using default value = 'desktop'
10:08:14.551772 - GSETTINGS SCHEMA HANDLE: keybindings/desktop-modifier-keys not set [app:accessibility_probe, profile:default]
10:08:14.551776 - GSETTINGS REGISTRY: keybindings/desktop-modifier-keys using default value = ['Insert', 'KP_Insert']
10:08:14.551787 - TOTAL PROCESSING TIME: 0.0001
^^^^^ PROCESS ATSPI_KEY_RELEASED_EVENT: 'Home' (110) ^^^^^

10:08:14.551808 - GSETTINGS SCHEMA HANDLE: keybindings/keyboard-layout not set [app:accessibility_probe, profile:default]
10:08:14.551812 - GSETTINGS REGISTRY: keybindings/keyboard-layout using default value = 'desktop'
10:08:14.551822 - GSETTINGS SCHEMA HANDLE: keybindings/desktop-modifier-keys not set [app:accessibility_probe, profile:default]
10:08:14.551825 - GSETTINGS REGISTRY: keybindings/desktop-modifier-keys using default value = ['Insert', 'KP_Insert']
10:08:14.552145 - EVENT MANAGER: Dequeueing object:state-changed:focused for [button: 'Advance download' (0x7e30eaf8fe00)]  in accessibility_probe (AccessKit) (0, 0, 0)
10:08:14.552181 - EVENT MANAGER: Dequeued object:state-changed:focused for [button: 'Advance download' (0x7e30eaf8fe00)]  in accessibility_probe (AccessKit) (0, 0, 0) priority: 3, counter: 58

vvvvv START PRIORITY-3 OBJECT EVENT OBJECT:STATE-CHANGED:FOCUSED (queue size: 10) vvvvv
10:08:14.552311 - EVENT MANAGER: Ignoring defunct object: [button: 'Advance download' (0x7e30eaf8fe00)] 
TOTAL PROCESSING TIME: 0.0001
^^^^^ FINISHED PRIORITY-3 OBJECT EVENT OBJECT:STATE-CHANGED:FOCUSED ^^^^^

10:08:14.552328 - WARNING: Braille initialization failed: BrlAPI connection unavailable.
10:08:14.552337 - BRAILLE: Scheduling BrlAPI retry in 2000 ms.
10:08:14.552394 - CLIPBOARD PRESENTER: Possible change event object:text-changed:insert for [terminal: 'Terminal' (0x7e30eaf83c80)]  in org.gnome.Terminal (gtk 3.24.52) (0, 702, Request latency \n8.0 ·············█████████████·■ Latency... Low 0.2 0.5 0.8 High (713 chars.))

10:08:14.552453 - EVENT MANAGER: object:text-changed:insert for [terminal: 'Terminal' (0x7e30eaf83c80)]  in org.gnome.Terminal (gtk 3.24.52) (0, 702, Request latency \n8.0 ·············█████████████·■ Latency... Low 0.2 0.5 0.8 High (713 chars.))
10:08:14.552468 - FOCUS MANAGER: Locus of focus is [image: 'Request latency' (0x7e30eaca6e00)] 
10:08:14.552515 - EVENT_MANAGER: Not ignoring object:text-changed:insert due to source being focused
10:08:14.552553 - EVENT MANAGER: Queueing object:text-changed:insert for [terminal: 'Terminal' (0x7e30eaf83c80)]  in org.gnome.Terminal (gtk 3.24.52) (0, 702, Request latency \n8.0 ·············█████████████·■ Latency... Low 0.2 0.5 0.8 High (713 chars.))
10:08:14.552570 - EVENT MANAGER: App for event source is [application: 'org.gnome.Terminal' (0x7e31000c8580)] 
10:08:14.552585 - SCRIPT MANAGER: Getting script for [application: 'org.gnome.Terminal' (0x7e31000c8580)]  [terminal: 'Terminal' (0x7e30eaf83c80)] 
10:08:14.552608 - SCRIPT MANAGER: Script is custom script org.gnome.Terminal (module=orca.scripts.terminal.script)
10:08:14.552650 - EVENT MANAGER: object:text-changed:insert for [terminal: 'Terminal' (0x7e30eaf83c80)]  in org.gnome.Terminal (gtk 3.24.52) (0, 702, Request latency \n8.0 ·············█████████████·■ Latency... Low 0.2 0.5 0.8 High (713 chars.)) has priority level: 4
10:08:14.552689 - EVENT MANAGER: Queued object:text-changed:insert for [terminal: 'Terminal' (0x7e30eaf83c80)]  in org.gnome.Terminal (gtk 3.24.52) (0, 702, Request latency \n8.0 ·············█████████████·■ Latency... Low 0.2 0.5 0.8 High (713 chars.)) priority: 4, counter: 60

10:08:14.552725 - EVENT MANAGER: object:text-caret-moved for [terminal: 'Terminal' (0x7e30eaf83c80)]  in org.gnome.Terminal (gtk 3.24.52) (702, 0, 0)
10:08:14.552738 - FOCUS MANAGER: Locus of focus is [image: 'Request latency' (0x7e30eaca6e00)] 
10:08:14.552781 - EVENT_MANAGER: Not ignoring object:text-caret-moved due to source being focused
10:08:14.552811 - EVENT MANAGER: Queueing object:text-caret-moved for [terminal: 'Terminal' (0x7e30eaf83c80)]  in org.gnome.Terminal (gtk 3.24.52) (702, 0, 0)
10:08:14.552825 - EVENT MANAGER: App for event source is [application: 'org.gnome.Terminal' (0x7e31000c8580)] 
10:08:14.552839 - SCRIPT MANAGER: Getting script for [application: 'org.gnome.Terminal' (0x7e31000c8580)]  [terminal: 'Terminal' (0x7e30eaf83c80)] 
10:08:14.552858 - SCRIPT MANAGER: Script is custom script org.gnome.Terminal (module=orca.scripts.terminal.script)
10:08:14.552892 - EVENT MANAGER: object:text-caret-moved for [terminal: 'Terminal' (0x7e30eaf83c80)]  in org.gnome.Terminal (gtk 3.24.52) (702, 0, 0) has priority level: 4
10:08:14.552924 - EVENT MANAGER: Queued object:text-caret-moved for [terminal: 'Terminal' (0x7e30eaf83c80)]  in org.gnome.Terminal (gtk 3.24.52) (702, 0, 0) priority: 4, counter: 61

10:08:14.553419 - EVENT MANAGER: object:children-changed:add for [image: 'Request latency' (0x7e30eaca6e00)]  in accessibility_probe (AccessKit) (0, 0, [label: 'Request latency                         ' (0x7e3100078580)])
10:08:14.553436 - FOCUS MANAGER: Locus of focus is [image: 'Request latency' (0x7e30eaca6e00)] 
10:08:14.553466 - EVENT_MANAGER: Not ignoring object:children-changed:add due to source being locus of focus
10:08:14.553494 - EVENT MANAGER: Queueing object:children-changed:add for [image: 'Request latency' (0x7e30eaca6e00)]  in accessibility_probe (AccessKit) (0, 0, [label: 'Request latency                         ' (0x7e30eacbe400)])
10:08:14.553508 - EVENT MANAGER: App for event source is [application: 'accessibility_probe' (0x7e31000ea340)] 
10:08:14.553524 - SCRIPT MANAGER: Getting script for [application: 'accessibility_probe' (0x7e31000ea340)]  [image: 'Request latency' (0x7e30eaca6e00)] 
10:08:14.553667 - SCRIPT MANAGER: Script is app script accessibility_probe (module=orca.scripts.default)
10:08:14.553704 - EVENT MANAGER: object:children-changed:add for [image: 'Request latency' (0x7e30eaca6e00)]  in accessibility_probe (AccessKit) (0, 0, [label: 'Request latency                         ' (0x7e30eacbe440)]) has priority level: 6
10:08:14.553737 - EVENT MANAGER: Queued object:children-changed:add for [image: 'Request latency' (0x7e30eaca6e00)]  in accessibility_probe (AccessKit) (0, 0, [label: 'Request latency                         ' (0x7e30eacbe4c0)]) priority: 6, counter: 62

10:08:14.554037 - EVENT MANAGER: object:children-changed:add for [image: 'Request latency' (0x7e30eaca6e00)]  in accessibility_probe (AccessKit) (1, 0, [label: '8.0 ·············' (0x7e30eaf8e400)])
10:08:14.554055 - FOCUS MANAGER: Locus of focus is [image: 'Request latency' (0x7e30eaca6e00)] 
10:08:14.554084 - EVENT_MANAGER: Not ignoring object:children-changed:add due to source being locus of focus
10:08:14.554113 - EVENT MANAGER: Queueing object:children-changed:add for [image: 'Request latency' (0x7e30eaca6e00)]  in accessibility_probe (AccessKit) (1, 0, [label: '8.0 ·············' (0x7e3100078580)])
10:08:14.554127 - EVENT MANAGER: App for event source is [application: 'accessibility_probe' (0x7e31000ea340)] 
10:08:14.554142 - SCRIPT MANAGER: Getting script for [application: 'accessibility_probe' (0x7e31000ea340)]  [image: 'Request latency' (0x7e30eaca6e00)] 
10:08:14.554281 - SCRIPT MANAGER: Script is app script accessibility_probe (module=orca.scripts.default)
10:08:14.554317 - EVENT MANAGER: object:children-changed:add for [image: 'Request latency' (0x7e30eaca6e00)]  in accessibility_probe (AccessKit) (1, 0, [label: '8.0 ·············' (0x7e30eacbe440)]) has priority level: 6
10:08:14.554349 - EVENT MANAGER: Queued object:children-changed:add for [image: 'Request latency' (0x7e30eaca6e00)]  in accessibility_probe (AccessKit) (1, 0, [label: '8.0 ·············' (0x7e30eaf8e400)]) priority: 6, counter: 63

10:08:14.554635 - EVENT MANAGER: object:children-changed:add for [image: 'Request latency' (0x7e30eaca6e00)]  in accessibility_probe (AccessKit) (2, 0, [label: '█████████████' (0x7e30eaf8e400)])
10:08:14.554651 - FOCUS MANAGER: Locus of focus is [image: 'Request latency' (0x7e30eaca6e00)] 
10:08:14.554680 - EVENT_MANAGER: Not ignoring object:children-changed:add due to source being locus of focus
10:08:14.554709 - EVENT MANAGER: Queueing object:children-changed:add for [image: 'Request latency' (0x7e30eaca6e00)]  in accessibility_probe (AccessKit) (2, 0, [label: '█████████████' (0x7e30eaf8e400)])
10:08:14.554723 - EVENT MANAGER: App for event source is [application: 'accessibility_probe' (0x7e31000ea340)] 
10:08:14.554738 - SCRIPT MANAGER: Getting script for [application: 'accessibility_probe' (0x7e31000ea340)]  [image: 'Request latency' (0x7e30eaca6e00)] 
10:08:14.554869 - SCRIPT MANAGER: Script is app script accessibility_probe (module=orca.scripts.default)
10:08:14.554904 - EVENT MANAGER: object:children-changed:add for [image: 'Request latency' (0x7e30eaca6e00)]  in accessibility_probe (AccessKit) (2, 0, [label: '█████████████' (0x7e30eacbe440)]) has priority level: 6
10:08:14.554938 - EVENT MANAGER: Queued object:children-changed:add for [image: 'Request latency' (0x7e30eaca6e00)]  in accessibility_probe (AccessKit) (2, 0, [label: '█████████████' (0x7e30eaf6e480)]) priority: 6, counter: 64

10:08:14.555231 - EVENT MANAGER: object:children-changed:add for [image: 'Request latency' (0x7e30eaca6e00)]  in accessibility_probe (AccessKit) (3, 0, [label: '·' (0x7e3100961c00)])
10:08:14.555248 - FOCUS MANAGER: Locus of focus is [image: 'Request latency' (0x7e30eaca6e00)] 
10:08:14.555280 - EVENT_MANAGER: Not ignoring object:children-changed:add due to source being locus of focus
10:08:14.555307 - EVENT MANAGER: Queueing object:children-changed:add for [image: 'Request latency' (0x7e30eaca6e00)]  in accessibility_probe (AccessKit) (3, 0, [label: '·' (0x7e30eacbe440)])
10:08:14.555321 - EVENT MANAGER: App for event source is [application: 'accessibility_probe' (0x7e31000ea340)] 
10:08:14.555336 - SCRIPT MANAGER: Getting script for [application: 'accessibility_probe' (0x7e31000ea340)]  [image: 'Request latency' (0x7e30eaca6e00)] 
10:08:14.555469 - SCRIPT MANAGER: Script is app script accessibility_probe (module=orca.scripts.default)
10:08:14.555502 - EVENT MANAGER: object:children-changed:add for [image: 'Request latency' (0x7e30eaca6e00)]  in accessibility_probe (AccessKit) (3, 0, [label: '·' (0x7e30eacbe440)]) has priority level: 6
10:08:14.555536 - EVENT MANAGER: Queued object:children-changed:add for [image: 'Request latency' (0x7e30eaca6e00)]  in accessibility_probe (AccessKit) (3, 0, [label: '·' (0x7e30eacbe580)]) priority: 6, counter: 65

10:08:14.555814 - EVENT MANAGER: object:children-changed:add for [image: 'Request latency' (0x7e30eaca6e00)]  in accessibility_probe (AccessKit) (4, 0, [label: '■ Latency' (0x7e30eacbe5c0)])
10:08:14.555829 - FOCUS MANAGER: Locus of focus is [image: 'Request latency' (0x7e30eaca6e00)] 
10:08:14.555859 - EVENT_MANAGER: Not ignoring object:children-changed:add due to source being locus of focus
10:08:14.555887 - EVENT MANAGER: Queueing object:children-changed:add for [image: 'Request latency' (0x7e30eaca6e00)]  in accessibility_probe (AccessKit) (4, 0, [label: '■ Latency' (0x7e3100961c00)])
10:08:14.555901 - EVENT MANAGER: App for event source is [application: 'accessibility_probe' (0x7e31000ea340)] 
10:08:14.555916 - SCRIPT MANAGER: Getting script for [application: 'accessibility_probe' (0x7e31000ea340)]  [image: 'Request latency' (0x7e30eaca6e00)] 
10:08:14.556051 - SCRIPT MANAGER: Script is app script accessibility_probe (module=orca.scripts.default)
10:08:14.556087 - EVENT MANAGER: object:children-changed:add for [image: 'Request latency' (0x7e30eaca6e00)]  in accessibility_probe (AccessKit) (4, 0, [label: '■ Latency' (0x7e30eacbe5c0)]) has priority level: 6
10:08:14.556119 - EVENT MANAGER: Queued object:children-changed:add for [image: 'Request latency' (0x7e30eaca6e00)]  in accessibility_probe (AccessKit) (4, 0, [label: '■ Latency' (0x7e3100961c00)]) priority: 6, counter: 66

10:08:14.556399 - EVENT MANAGER: object:children-changed:add for [image: 'Request latency' (0x7e30eaca6e00)]  in accessibility_probe (AccessKit) (5, 0, [label: '    ·     ·      ' (0x7e30eacbe580)])
10:08:14.556417 - FOCUS MANAGER: Locus of focus is [image: 'Request latency' (0x7e30eaca6e00)] 
10:08:14.556445 - EVENT_MANAGER: Not ignoring object:children-changed:add due to source being locus of focus
10:08:14.556472 - EVENT MANAGER: Queueing object:children-changed:add for [image: 'Request latency' (0x7e30eaca6e00)]  in accessibility_probe (AccessKit) (5, 0, [label: '    ·     ·      ' (0x7e30eacbe5c0)])
10:08:14.556486 - EVENT MANAGER: App for event source is [application: 'accessibility_probe' (0x7e31000ea340)] 
10:08:14.556500 - SCRIPT MANAGER: Getting script for [application: 'accessibility_probe' (0x7e31000ea340)]  [image: 'Request latency' (0x7e30eaca6e00)] 
10:08:14.556631 - SCRIPT MANAGER: Script is app script accessibility_probe (module=orca.scripts.default)
10:08:14.556665 - EVENT MANAGER: object:children-changed:add for [image: 'Request latency' (0x7e30eaca6e00)]  in accessibility_probe (AccessKit) (5, 0, [label: '    ·     ·      ' (0x7e30eacbe5c0)]) has priority level: 6
10:08:14.556697 - EVENT MANAGER: Queued object:children-changed:add for [image: 'Request latency' (0x7e30eaca6e00)]  in accessibility_probe (AccessKit) (5, 0, [label: '    ·     ·      ' (0x7e30eacbe580)]) priority: 6, counter: 67

10:08:14.556972 - EVENT MANAGER: object:children-changed:add for [image: 'Request latency' (0x7e30eaca6e00)]  in accessibility_probe (AccessKit) (6, 0, [label: '█████████████' (0x7e30eacbe440)])
10:08:14.556990 - FOCUS MANAGER: Locus of focus is [image: 'Request latency' (0x7e30eaca6e00)] 
10:08:14.557019 - EVENT_MANAGER: Not ignoring object:children-changed:add due to source being locus of focus
10:08:14.557047 - EVENT MANAGER: Queueing object:children-changed:add for [image: 'Request latency' (0x7e30eaca6e00)]  in accessibility_probe (AccessKit) (6, 0, [label: '█████████████' (0x7e30eaf6ec80)])
10:08:14.557062 - EVENT MANAGER: App for event source is [application: 'accessibility_probe' (0x7e31000ea340)] 
10:08:14.557077 - SCRIPT MANAGER: Getting script for [application: 'accessibility_probe' (0x7e31000ea340)]  [image: 'Request latency' (0x7e30eaca6e00)] 
10:08:14.557221 - SCRIPT MANAGER: Script is app script accessibility_probe (module=orca.scripts.default)
10:08:14.557258 - EVENT MANAGER: object:children-changed:add for [image: 'Request latency' (0x7e30eaca6e00)]  in accessibility_probe (AccessKit) (6, 0, [label: '█████████████' (0x7e30eacbe440)]) has priority level: 6
10:08:14.557291 - EVENT MANAGER: Queued object:children-changed:add for [image: 'Request latency' (0x7e30eaca6e00)]  in accessibility_probe (AccessKit) (6, 0, [label: '█████████████' (0x7e30eacbe580)]) priority: 6, counter: 68

10:08:14.557584 - EVENT MANAGER: object:children-changed:add for [image: 'Request latency' (0x7e30eaca6e00)]  in accessibility_probe (AccessKit) (7, 0, [label: '·         ' (0x7e30eacbe580)])
10:08:14.557600 - FOCUS MANAGER: Locus of focus is [image: 'Request latency' (0x7e30eaca6e00)] 
10:08:14.557629 - EVENT_MANAGER: Not ignoring object:children-changed:add due to source being locus of focus
10:08:14.557656 - EVENT MANAGER: Queueing object:children-changed:add for [image: 'Request latency' (0x7e30eaca6e00)]  in accessibility_probe (AccessKit) (7, 0, [label: '·         ' (0x7e30eacbe5c0)])
10:08:14.557671 - EVENT MANAGER: App for event source is [application: 'accessibility_probe' (0x7e31000ea340)] 
10:08:14.557686 - SCRIPT MANAGER: Getting script for [application: 'accessibility_probe' (0x7e31000ea340)]  [image: 'Request latency' (0x7e30eaca6e00)] 
10:08:14.557817 - SCRIPT MANAGER: Script is app script accessibility_probe (module=orca.scripts.default)
10:08:14.557850 - EVENT MANAGER: object:children-changed:add for [image: 'Request latency' (0x7e30eaca6e00)]  in accessibility_probe (AccessKit) (7, 0, [label: '·         ' (0x7e30eacbe580)]) has priority level: 6
10:08:14.557881 - EVENT MANAGER: Queued object:children-changed:add for [image: 'Request latency' (0x7e30eaca6e00)]  in accessibility_probe (AccessKit) (7, 0, [label: '·         ' (0x7e30eacbe580)]) priority: 6, counter: 69

10:08:14.558170 - EVENT MANAGER: object:children-changed:add for [image: 'Request latency' (0x7e30eaca6e00)]  in accessibility_probe (AccessKit) (8, 0, [label: '6.0 ·············' (0x7e30eacbe240)])
10:08:14.558187 - FOCUS MANAGER: Locus of focus is [image: 'Request latency' (0x7e30eaca6e00)] 
10:08:14.558215 - EVENT_MANAGER: Not ignoring object:children-changed:add due to source being locus of focus
10:08:14.558242 - EVENT MANAGER: Queueing object:children-changed:add for [image: 'Request latency' (0x7e30eaca6e00)]  in accessibility_probe (AccessKit) (8, 0, [label: '6.0 ·············' (0x7e30eacbe580)])
10:08:14.558256 - EVENT MANAGER: App for event source is [application: 'accessibility_probe' (0x7e31000ea340)] 
10:08:14.558271 - SCRIPT MANAGER: Getting script for [application: 'accessibility_probe' (0x7e31000ea340)]  [image: 'Request latency' (0x7e30eaca6e00)] 
10:08:14.558402 - SCRIPT MANAGER: Script is app script accessibility_probe (module=orca.scripts.default)
10:08:14.558437 - EVENT MANAGER: object:children-changed:add for [image: 'Request latency' (0x7e30eaca6e00)]  in accessibility_probe (AccessKit) (8, 0, [label: '6.0 ·············' (0x7e30eacbe440)]) has priority level: 6
10:08:14.558468 - EVENT MANAGER: Queued object:children-changed:add for [image: 'Request latency' (0x7e30eaca6e00)]  in accessibility_probe (AccessKit) (8, 0, [label: '6.0 ·············' (0x7e3100961c00)]) priority: 6, counter: 70

10:08:14.558747 - EVENT MANAGER: object:children-changed:add for [image: 'Request latency' (0x7e30eaca6e00)]  in accessibility_probe (AccessKit) (9, 0, [label: '█████████████' (0x7e30eacbe5c0)])
10:08:14.558763 - FOCUS MANAGER: Locus of focus is [image: 'Request latency' (0x7e30eaca6e00)] 
10:08:14.558791 - EVENT_MANAGER: Not ignoring object:children-changed:add due to source being locus of focus
10:08:14.558818 - EVENT MANAGER: Queueing object:children-changed:add for [image: 'Request latency' (0x7e30eaca6e00)]  in accessibility_probe (AccessKit) (9, 0, [label: '█████████████' (0x7e3100c09680)])
10:08:14.558836 - EVENT MANAGER: App for event source is [application: 'accessibility_probe' (0x7e31000ea340)] 
10:08:14.558851 - SCRIPT MANAGER: Getting script for [application: 'accessibility_probe' (0x7e31000ea340)]  [image: 'Request latency' (0x7e30eaca6e00)] 
10:08:14.558983 - SCRIPT MANAGER: Script is app script accessibility_probe (module=orca.scripts.default)
10:08:14.559018 - EVENT MANAGER: object:children-changed:add for [image: 'Request latency' (0x7e30eaca6e00)]  in accessibility_probe (AccessKit) (9, 0, [label: '█████████████' (0x7e30eacbe740)]) has priority level: 6
10:08:14.559050 - EVENT MANAGER: Queued object:children-changed:add for [image: 'Request latency' (0x7e30eaca6e00)]  in accessibility_probe (AccessKit) (9, 0, [label: '█████████████' (0x7e30eacbe740)]) priority: 6, counter: 71

10:08:14.559335 - EVENT MANAGER: object:children-changed:add for [image: 'Request latency' (0x7e30eaca6e00)]  in accessibility_probe (AccessKit) (10, 0, [label: '·         ' (0x7e30eaf6e740)])
10:08:14.559352 - FOCUS MANAGER: Locus of focus is [image: 'Request latency' (0x7e30eaca6e00)] 
10:08:14.559380 - EVENT_MANAGER: Not ignoring object:children-changed:add due to source being locus of focus
10:08:14.559408 - EVENT MANAGER: Queueing object:children-changed:add for [image: 'Request latency' (0x7e30eaca6e00)]  in accessibility_probe (AccessKit) (10, 0, [label: '·         ' (0x7e30eacbe740)])
10:08:14.559422 - EVENT MANAGER: App for event source is [application: 'accessibility_probe' (0x7e31000ea340)] 
10:08:14.559437 - SCRIPT MANAGER: Getting script for [application: 'accessibility_probe' (0x7e31000ea340)]  [image: 'Request latency' (0x7e30eaca6e00)] 
10:08:14.559570 - SCRIPT MANAGER: Script is app script accessibility_probe (module=orca.scripts.default)
10:08:14.559604 - EVENT MANAGER: object:children-changed:add for [image: 'Request latency' (0x7e30eaca6e00)]  in accessibility_probe (AccessKit) (10, 0, [label: '·         ' (0x7e30eacbe800)]) has priority level: 6
10:08:14.559635 - EVENT MANAGER: Queued object:children-changed:add for [image: 'Request latency' (0x7e30eaca6e00)]  in accessibility_probe (AccessKit) (10, 0, [label: '·         ' (0x7e31000b3d00)]) priority: 6, counter: 72

10:08:14.559906 - EVENT MANAGER: object:children-changed:add for [image: 'Request latency' (0x7e30eaca6e00)]  in accessibility_probe (AccessKit) (11, 0, [label: '    ·     ·      ' (0x7e30eacbe800)])
10:08:14.559919 - FOCUS MANAGER: Locus of focus is [image: 'Request latency' (0x7e30eaca6e00)] 
10:08:14.559947 - EVENT_MANAGER: Not ignoring object:children-changed:add due to source being locus of focus
10:08:14.559973 - EVENT MANAGER: Queueing object:children-changed:add for [image: 'Request latency' (0x7e30eaca6e00)]  in accessibility_probe (AccessKit) (11, 0, [label: '    ·     ·      ' (0x7e30eacbe300)])
10:08:14.559993 - EVENT MANAGER: App for event source is [application: 'accessibility_probe' (0x7e31000ea340)] 
10:08:14.560009 - SCRIPT MANAGER: Getting script for [application: 'accessibility_probe' (0x7e31000ea340)]  [image: 'Request latency' (0x7e30eaca6e00)] 
10:08:14.560144 - SCRIPT MANAGER: Script is app script accessibility_probe (module=orca.scripts.default)
10:08:14.560179 - EVENT MANAGER: object:children-changed:add for [image: 'Request latency' (0x7e30eaca6e00)]  in accessibility_probe (AccessKit) (11, 0, [label: '    ·     ·      ' (0x7e30eacbe880)]) has priority level: 6
10:08:14.560211 - EVENT MANAGER: Queued object:children-changed:add for [image: 'Request latency' (0x7e30eaca6e00)]  in accessibility_probe (AccessKit) (11, 0, [label: '    ·     ·      ' (0x7e30eacbe800)]) priority: 6, counter: 73

10:08:14.560526 - EVENT MANAGER: object:children-changed:add for [image: 'Request latency' (0x7e30eaca6e00)]  in accessibility_probe (AccessKit) (12, 0, [label: '█████████████' (0x7e30eacbe300)])
10:08:14.560541 - FOCUS MANAGER: Locus of focus is [image: 'Request latency' (0x7e30eaca6e00)] 
10:08:14.560572 - EVENT_MANAGER: Not ignoring object:children-changed:add due to source being locus of focus
10:08:14.560601 - EVENT MANAGER: Queueing object:children-changed:add for [image: 'Request latency' (0x7e30eaca6e00)]  in accessibility_probe (AccessKit) (12, 0, [label: '█████████████' (0x7e30eacbe800)])
10:08:14.560616 - EVENT MANAGER: App for event source is [application: 'accessibility_probe' (0x7e31000ea340)] 
10:08:14.560631 - SCRIPT MANAGER: Getting script for [application: 'accessibility_probe' (0x7e31000ea340)]  [image: 'Request latency' (0x7e30eaca6e00)] 
10:08:14.560767 - SCRIPT MANAGER: Script is app script accessibility_probe (module=orca.scripts.default)
10:08:14.560801 - EVENT MANAGER: object:children-changed:add for [image: 'Request latency' (0x7e30eaca6e00)]  in accessibility_probe (AccessKit) (12, 0, [label: '█████████████' (0x7e30eacbe5c0)]) has priority level: 6
10:08:14.560833 - EVENT MANAGER: Queued object:children-changed:add for [image: 'Request latency' (0x7e30eaca6e00)]  in accessibility_probe (AccessKit) (12, 0, [label: '█████████████' (0x7e30eacbea00)]) priority: 6, counter: 74

10:08:14.561121 - EVENT MANAGER: object:children-changed:add for [image: 'Request latency' (0x7e30eaca6e00)]  in accessibility_probe (AccessKit) (13, 0, [label: '·         ' (0x7e30eacbea00)])
10:08:14.561137 - FOCUS MANAGER: Locus of focus is [image: 'Request latency' (0x7e30eaca6e00)] 
10:08:14.561165 - EVENT_MANAGER: Not ignoring object:children-changed:add due to source being locus of focus
10:08:14.561193 - EVENT MANAGER: Queueing object:children-changed:add for [image: 'Request latency' (0x7e30eaca6e00)]  in accessibility_probe (AccessKit) (13, 0, [label: '·         ' (0x7e30eacbe980)])
10:08:14.561206 - EVENT MANAGER: App for event source is [application: 'accessibility_probe' (0x7e31000ea340)] 
10:08:14.561221 - SCRIPT MANAGER: Getting script for [application: 'accessibility_probe' (0x7e31000ea340)]  [image: 'Request latency' (0x7e30eaca6e00)] 
10:08:14.561360 - SCRIPT MANAGER: Script is app script accessibility_probe (module=orca.scripts.default)
10:08:14.561394 - EVENT MANAGER: object:children-changed:add for [image: 'Request latency' (0x7e30eaca6e00)]  in accessibility_probe (AccessKit) (13, 0, [label: '·         ' (0x7e30eacbe980)]) has priority level: 6
10:08:14.561425 - EVENT MANAGER: Queued object:children-changed:add for [image: 'Request latency' (0x7e30eaca6e00)]  in accessibility_probe (AccessKit) (13, 0, [label: '·         ' (0x7e30eacbeb40)]) priority: 6, counter: 75

10:08:14.561707 - EVENT MANAGER: object:children-changed:add for [image: 'Request latency' (0x7e30eaca6e00)]  in accessibility_probe (AccessKit) (14, 0, [label: '4.0 ·············' (0x7e30eacbe5c0)])
10:08:14.561721 - FOCUS MANAGER: Locus of focus is [image: 'Request latency' (0x7e30eaca6e00)] 
10:08:14.561749 - EVENT_MANAGER: Not ignoring object:children-changed:add due to source being locus of focus
10:08:14.561776 - EVENT MANAGER: Queueing object:children-changed:add for [image: 'Request latency' (0x7e30eaca6e00)]  in accessibility_probe (AccessKit) (14, 0, [label: '4.0 ·············' (0x7e30eacbeb80)])
10:08:14.561789 - EVENT MANAGER: App for event source is [application: 'accessibility_probe' (0x7e31000ea340)] 
10:08:14.561804 - SCRIPT MANAGER: Getting script for [application: 'accessibility_probe' (0x7e31000ea340)]  [image: 'Request latency' (0x7e30eaca6e00)] 
10:08:14.561936 - SCRIPT MANAGER: Script is app script accessibility_probe (module=orca.scripts.default)
10:08:14.561969 - EVENT MANAGER: object:children-changed:add for [image: 'Request latency' (0x7e30eaca6e00)]  in accessibility_probe (AccessKit) (14, 0, [label: '4.0 ·············' (0x7e30eacbeb80)]) has priority level: 6
10:08:14.562005 - EVENT MANAGER: Queued object:children-changed:add for [image: 'Request latency' (0x7e30eaca6e00)]  in accessibility_probe (AccessKit) (14, 0, [label: '4.0 ·············' (0x7e30eacbebc0)]) priority: 6, counter: 76

10:08:14.562294 - EVENT MANAGER: object:children-changed:add for [image: 'Request latency' (0x7e30eaca6e00)]  in accessibility_probe (AccessKit) (15, 0, [label: '█████████████' (0x7e30eacbe980)])
10:08:14.562310 - FOCUS MANAGER: Locus of focus is [image: 'Request latency' (0x7e30eaca6e00)] 
10:08:14.562338 - EVENT_MANAGER: Not ignoring object:children-changed:add due to source being locus of focus
10:08:14.562366 - EVENT MANAGER: Queueing object:children-changed:add for [image: 'Request latency' (0x7e30eaca6e00)]  in accessibility_probe (AccessKit) (15, 0, [label: '█████████████' (0x7e30eacbebc0)])
10:08:14.562380 - EVENT MANAGER: App for event source is [application: 'accessibility_probe' (0x7e31000ea340)] 
10:08:14.562395 - SCRIPT MANAGER: Getting script for [application: 'accessibility_probe' (0x7e31000ea340)]  [image: 'Request latency' (0x7e30eaca6e00)] 
10:08:14.562592 - SCRIPT MANAGER: Script is app script accessibility_probe (module=orca.scripts.default)
10:08:14.562628 - EVENT MANAGER: object:children-changed:add for [image: 'Request latency' (0x7e30eaca6e00)]  in accessibility_probe (AccessKit) (15, 0, [label: '█████████████' (0x7e30eacbec40)]) has priority level: 6
10:08:14.562660 - EVENT MANAGER: Queued object:children-changed:add for [image: 'Request latency' (0x7e30eaca6e00)]  in accessibility_probe (AccessKit) (15, 0, [label: '█████████████' (0x7e30eacbec40)]) priority: 6, counter: 77

10:08:14.562947 - EVENT MANAGER: object:children-changed:add for [image: 'Request latency' (0x7e30eaca6e00)]  in accessibility_probe (AccessKit) (16, 0, [label: '·         ' (0x7e30eacbe240)])
10:08:14.562962 - FOCUS MANAGER: Locus of focus is [image: 'Request latency' (0x7e30eaca6e00)] 
10:08:14.562996 - EVENT_MANAGER: Not ignoring object:children-changed:add due to source being locus of focus
10:08:14.563025 - EVENT MANAGER: Queueing object:children-changed:add for [image: 'Request latency' (0x7e30eaca6e00)]  in accessibility_probe (AccessKit) (16, 0, [label: '·         ' (0x7e30eacbe240)])
10:08:14.563039 - EVENT MANAGER: App for event source is [application: 'accessibility_probe' (0x7e31000ea340)] 
10:08:14.563053 - SCRIPT MANAGER: Getting script for [application: 'accessibility_probe' (0x7e31000ea340)]  [image: 'Request latency' (0x7e30eaca6e00)] 
10:08:14.563186 - SCRIPT MANAGER: Script is app script accessibility_probe (module=orca.scripts.default)
10:08:14.563220 - EVENT MANAGER: object:children-changed:add for [image: 'Request latency' (0x7e30eaca6e00)]  in accessibility_probe (AccessKit) (16, 0, [label: '·         ' (0x7e31000e2980)]) has priority level: 6
10:08:14.563252 - EVENT MANAGER: Queued object:children-changed:add for [image: 'Request latency' (0x7e30eaca6e00)]  in accessibility_probe (AccessKit) (16, 0, [label: '·         ' (0x7e30eafa2a40)]) priority: 6, counter: 78

10:08:14.563577 - EVENT MANAGER: object:children-changed:add for [image: 'Request latency' (0x7e30eaca6e00)]  in accessibility_probe (AccessKit) (17, 0, [label: '    ·     ·      ' (0x7e30eacbed80)])
10:08:14.563595 - FOCUS MANAGER: Locus of focus is [image: 'Request latency' (0x7e30eaca6e00)] 
10:08:14.563623 - EVENT_MANAGER: Not ignoring object:children-changed:add due to source being locus of focus
10:08:14.563651 - EVENT MANAGER: Queueing object:children-changed:add for [image: 'Request latency' (0x7e30eaca6e00)]  in accessibility_probe (AccessKit) (17, 0, [label: '    ·     ·      ' (0x7e31000e2980)])
10:08:14.563665 - EVENT MANAGER: App for event source is [application: 'accessibility_probe' (0x7e31000ea340)] 
10:08:14.563681 - SCRIPT MANAGER: Getting script for [application: 'accessibility_probe' (0x7e31000ea340)]  [image: 'Request latency' (0x7e30eaca6e00)] 
10:08:14.563811 - SCRIPT MANAGER: Script is app script accessibility_probe (module=orca.scripts.default)
10:08:14.563845 - EVENT MANAGER: object:children-changed:add for [image: 'Request latency' (0x7e30eaca6e00)]  in accessibility_probe (AccessKit) (17, 0, [label: '    ·     ·      ' (0x7e30eaf82980)]) has priority level: 6
10:08:14.563880 - EVENT MANAGER: Queued object:children-changed:add for [image: 'Request latency' (0x7e30eaca6e00)]  in accessibility_probe (AccessKit) (17, 0, [label: '    ·     ·      ' (0x7e30eacbef00)]) priority: 6, counter: 79

10:08:14.564159 - EVENT MANAGER: object:children-changed:add for [image: 'Request latency' (0x7e30eaca6e00)]  in accessibility_probe (AccessKit) (18, 0, [label: '█████████████' (0x7e30eacbee80)])
10:08:14.564177 - FOCUS MANAGER: Locus of focus is [image: 'Request latency' (0x7e30eaca6e00)] 
10:08:14.564214 - EVENT_MANAGER: Not ignoring object:children-changed:add due to source being locus of focus
10:08:14.564242 - EVENT MANAGER: Queueing object:children-changed:add for [image: 'Request latency' (0x7e30eaca6e00)]  in accessibility_probe (AccessKit) (18, 0, [label: '█████████████' (0x7e30eacbeb00)])
10:08:14.564256 - EVENT MANAGER: App for event source is [application: 'accessibility_probe' (0x7e31000ea340)] 
10:08:14.564272 - SCRIPT MANAGER: Getting script for [application: 'accessibility_probe' (0x7e31000ea340)]  [image: 'Request latency' (0x7e30eaca6e00)] 
10:08:14.564400 - SCRIPT MANAGER: Script is app script accessibility_probe (module=orca.scripts.default)
10:08:14.564435 - EVENT MANAGER: object:children-changed:add for [image: 'Request latency' (0x7e30eaca6e00)]  in accessibility_probe (AccessKit) (18, 0, [label: '█████████████' (0x7e30eacbef00)]) has priority level: 6
10:08:14.564467 - EVENT MANAGER: Queued object:children-changed:add for [image: 'Request latency' (0x7e30eaca6e00)]  in accessibility_probe (AccessKit) (18, 0, [label: '█████████████' (0x7e30eacbeb00)]) priority: 6, counter: 80

10:08:14.564735 - EVENT MANAGER: object:children-changed:add for [image: 'Request latency' (0x7e30eaca6e00)]  in accessibility_probe (AccessKit) (19, 0, [label: '·         ' (0x7e30eaf82980)])
10:08:14.564750 - FOCUS MANAGER: Locus of focus is [image: 'Request latency' (0x7e30eaca6e00)] 
10:08:14.564779 - EVENT_MANAGER: Not ignoring object:children-changed:add due to source being locus of focus
10:08:14.564806 - EVENT MANAGER: Queueing object:children-changed:add for [image: 'Request latency' (0x7e30eaca6e00)]  in accessibility_probe (AccessKit) (19, 0, [label: '·         ' (0x7e30eacbeb00)])
10:08:14.564822 - EVENT MANAGER: App for event source is [application: 'accessibility_probe' (0x7e31000ea340)] 
10:08:14.564837 - SCRIPT MANAGER: Getting script for [application: 'accessibility_probe' (0x7e31000ea340)]  [image: 'Request latency' (0x7e30eaca6e00)] 
10:08:14.564978 - SCRIPT MANAGER: Script is app script accessibility_probe (module=orca.scripts.default)
10:08:14.565014 - EVENT MANAGER: object:children-changed:add for [image: 'Request latency' (0x7e30eaca6e00)]  in accessibility_probe (AccessKit) (19, 0, [label: '·         ' (0x7e30eaf82980)]) has priority level: 6
10:08:14.565046 - EVENT MANAGER: Queued object:children-changed:add for [image: 'Request latency' (0x7e30eaca6e00)]  in accessibility_probe (AccessKit) (19, 0, [label: '·         ' (0x7e30eaf82980)]) priority: 6, counter: 81

10:08:14.565320 - EVENT MANAGER: object:children-changed:add for [image: 'Request latency' (0x7e30eaca6e00)]  in accessibility_probe (AccessKit) (20, 0, [label: '2.0 ·············' (0x7e30eacbf040)])
10:08:14.565336 - FOCUS MANAGER: Locus of focus is [image: 'Request latency' (0x7e30eaca6e00)] 
10:08:14.565364 - EVENT_MANAGER: Not ignoring object:children-changed:add due to source being locus of focus
10:08:14.565391 - EVENT MANAGER: Queueing object:children-changed:add for [image: 'Request latency' (0x7e30eaca6e00)]  in accessibility_probe (AccessKit) (20, 0, [label: '2.0 ·············' (0x7e30eacbf0c0)])
10:08:14.565406 - EVENT MANAGER: App for event source is [application: 'accessibility_probe' (0x7e31000ea340)] 
10:08:14.565423 - SCRIPT MANAGER: Getting script for [application: 'accessibility_probe' (0x7e31000ea340)]  [image: 'Request latency' (0x7e30eaca6e00)] 
10:08:14.565564 - SCRIPT MANAGER: Script is app script accessibility_probe (module=orca.scripts.default)
10:08:14.565602 - EVENT MANAGER: object:children-changed:add for [image: 'Request latency' (0x7e30eaca6e00)]  in accessibility_probe (AccessKit) (20, 0, [label: '2.0 ·············' (0x7e30eacbf140)]) has priority level: 6
10:08:14.565634 - EVENT MANAGER: Queued object:children-changed:add for [image: 'Request latency' (0x7e30eaca6e00)]  in accessibility_probe (AccessKit) (20, 0, [label: '2.0 ·············' (0x7e3100c0ac80)]) priority: 6, counter: 82

10:08:14.565904 - EVENT MANAGER: object:children-changed:add for [image: 'Request latency' (0x7e30eaca6e00)]  in accessibility_probe (AccessKit) (21, 0, [label: '█████████████' (0x7e30eaf82980)])
10:08:14.565919 - FOCUS MANAGER: Locus of focus is [image: 'Request latency' (0x7e30eaca6e00)] 
10:08:14.565947 - EVENT_MANAGER: Not ignoring object:children-changed:add due to source being locus of focus
10:08:14.565973 - EVENT MANAGER: Queueing object:children-changed:add for [image: 'Request latency' (0x7e30eaca6e00)]  in accessibility_probe (AccessKit) (21, 0, [label: '█████████████' (0x7e30eacbf200)])
10:08:14.565991 - EVENT MANAGER: App for event source is [application: 'accessibility_probe' (0x7e31000ea340)] 
10:08:14.566007 - SCRIPT MANAGER: Getting script for [application: 'accessibility_probe' (0x7e31000ea340)]  [image: 'Request latency' (0x7e30eaca6e00)] 
10:08:14.566133 - SCRIPT MANAGER: Script is app script accessibility_probe (module=orca.scripts.default)
10:08:14.566167 - EVENT MANAGER: object:children-changed:add for [image: 'Request latency' (0x7e30eaca6e00)]  in accessibility_probe (AccessKit) (21, 0, [label: '█████████████' (0x7e30eacbf400)]) has priority level: 6
10:08:14.566198 - EVENT MANAGER: Queued object:children-changed:add for [image: 'Request latency' (0x7e30eaca6e00)]  in accessibility_probe (AccessKit) (21, 0, [label: '█████████████' (0x7e30eacbf4c0)]) priority: 6, counter: 83

10:08:14.566463 - EVENT MANAGER: object:children-changed:add for [image: 'Request latency' (0x7e30eaca6e00)]  in accessibility_probe (AccessKit) (22, 0, [label: '·         ' (0x7e30eacbf240)])
10:08:14.566477 - FOCUS MANAGER: Locus of focus is [image: 'Request latency' (0x7e30eaca6e00)] 
10:08:14.566505 - EVENT_MANAGER: Not ignoring object:children-changed:add due to source being locus of focus
10:08:14.566531 - EVENT MANAGER: Queueing object:children-changed:add for [image: 'Request latency' (0x7e30eaca6e00)]  in accessibility_probe (AccessKit) (22, 0, [label: '·         ' (0x7e30eafef400)])
10:08:14.566544 - EVENT MANAGER: App for event source is [application: 'accessibility_probe' (0x7e31000ea340)] 
10:08:14.566559 - SCRIPT MANAGER: Getting script for [application: 'accessibility_probe' (0x7e31000ea340)]  [image: 'Request latency' (0x7e30eaca6e00)] 
10:08:14.566685 - SCRIPT MANAGER: Script is app script accessibility_probe (module=orca.scripts.default)
10:08:14.566718 - EVENT MANAGER: object:children-changed:add for [image: 'Request latency' (0x7e30eaca6e00)]  in accessibility_probe (AccessKit) (22, 0, [label: '·         ' (0x7e30eacbf540)]) has priority level: 6
10:08:14.566749 - EVENT MANAGER: Queued object:children-changed:add for [image: 'Request latency' (0x7e30eaca6e00)]  in accessibility_probe (AccessKit) (22, 0, [label: '·         ' (0x7e30eacbf600)]) priority: 6, counter: 84

10:08:14.567027 - EVENT MANAGER: object:children-changed:add for [image: 'Request latency' (0x7e30eaca6e00)]  in accessibility_probe (AccessKit) (23, 0, [label: '    ' (0x7e30eacbf3c0)])
10:08:14.567043 - FOCUS MANAGER: Locus of focus is [image: 'Request latency' (0x7e30eaca6e00)] 
10:08:14.567072 - EVENT_MANAGER: Not ignoring object:children-changed:add due to source being locus of focus
10:08:14.567099 - EVENT MANAGER: Queueing object:children-changed:add for [image: 'Request latency' (0x7e30eaca6e00)]  in accessibility_probe (AccessKit) (23, 0, [label: '    ' (0x7e31000ef400)])
10:08:14.567115 - EVENT MANAGER: App for event source is [application: 'accessibility_probe' (0x7e31000ea340)] 
10:08:14.567130 - SCRIPT MANAGER: Getting script for [application: 'accessibility_probe' (0x7e31000ea340)]  [image: 'Request latency' (0x7e30eaca6e00)] 
10:08:14.567257 - SCRIPT MANAGER: Script is app script accessibility_probe (module=orca.scripts.default)
10:08:14.567291 - EVENT MANAGER: object:children-changed:add for [image: 'Request latency' (0x7e30eaca6e00)]  in accessibility_probe (AccessKit) (23, 0, [label: '    ' (0x7e31000b2d40)]) has priority level: 6
10:08:14.567321 - EVENT MANAGER: Queued object:children-changed:add for [image: 'Request latency' (0x7e30eaca6e00)]  in accessibility_probe (AccessKit) (23, 0, [label: '    ' (0x7e31000b2d40)]) priority: 6, counter: 85

10:08:14.567602 - EVENT MANAGER: object:children-changed:add for [image: 'Request latency' (0x7e30eaca6e00)]  in accessibility_probe (AccessKit) (24, 0, [label: '██████████████████████████' (0x7e30eacbf780)])
10:08:14.567621 - FOCUS MANAGER: Locus of focus is [image: 'Request latency' (0x7e30eaca6e00)] 
10:08:14.567651 - EVENT_MANAGER: Not ignoring object:children-changed:add due to source being locus of focus
10:08:14.567680 - EVENT MANAGER: Queueing object:children-changed:add for [image: 'Request latency' (0x7e30eaca6e00)]  in accessibility_probe (AccessKit) (24, 0, [label: '██████████████████████████' (0x7e30eacbf680)])
10:08:14.567695 - EVENT MANAGER: App for event source is [application: 'accessibility_probe' (0x7e31000ea340)] 
10:08:14.567710 - SCRIPT MANAGER: Getting script for [application: 'accessibility_probe' (0x7e31000ea340)]  [image: 'Request latency' (0x7e30eaca6e00)] 
10:08:14.567849 - SCRIPT MANAGER: Script is app script accessibility_probe (module=orca.scripts.default)
10:08:14.567884 - EVENT MANAGER: object:children-changed:add for [image: 'Request latency' (0x7e30eaca6e00)]  in accessibility_probe (AccessKit) (24, 0, [label: '██████████████████████████' (0x7e30eacbf8c0)]) has priority level: 6
10:08:14.567918 - EVENT MANAGER: Queued object:children-changed:add for [image: 'Request latency' (0x7e30eaca6e00)]  in accessibility_probe (AccessKit) (24, 0, [label: '██████████████████████████' (0x7e30eacbfa40)]) priority: 6, counter: 86

10:08:14.568227 - EVENT MANAGER: object:children-changed:add for [image: 'Request latency' (0x7e30eaca6e00)]  in accessibility_probe (AccessKit) (25, 0, [label: '·         ' (0x7e30eacbf900)])
10:08:14.568245 - FOCUS MANAGER: Locus of focus is [image: 'Request latency' (0x7e30eaca6e00)] 
10:08:14.568275 - EVENT_MANAGER: Not ignoring object:children-changed:add due to source being locus of focus
10:08:14.568307 - EVENT MANAGER: Queueing object:children-changed:add for [image: 'Request latency' (0x7e30eaca6e00)]  in accessibility_probe (AccessKit) (25, 0, [label: '·         ' (0x7e31000e2ec0)])
10:08:14.568323 - EVENT MANAGER: App for event source is [application: 'accessibility_probe' (0x7e31000ea340)] 
10:08:14.568338 - SCRIPT MANAGER: Getting script for [application: 'accessibility_probe' (0x7e31000ea340)]  [image: 'Request latency' (0x7e30eaca6e00)] 
10:08:14.568468 - SCRIPT MANAGER: Script is app script accessibility_probe (module=orca.scripts.default)
10:08:14.568502 - EVENT MANAGER: object:children-changed:add for [image: 'Request latency' (0x7e30eaca6e00)]  in accessibility_probe (AccessKit) (25, 0, [label: '·         ' (0x7e31000e2ec0)]) has priority level: 6
10:08:14.568535 - EVENT MANAGER: Queued object:children-changed:add for [image: 'Request latency' (0x7e30eaca6e00)]  in accessibility_probe (AccessKit) (25, 0, [label: '·         ' (0x7e31000e2ec0)]) priority: 6, counter: 87

10:08:14.568800 - EVENT MANAGER: object:children-changed:add for [image: 'Request latency' (0x7e30eaca6e00)]  in accessibility_probe (AccessKit) (26, 0, [label: '    ' (0x7e31000e2ec0)])
10:08:14.568817 - FOCUS MANAGER: Locus of focus is [image: 'Request latency' (0x7e30eaca6e00)] 
10:08:14.568845 - EVENT_MANAGER: Not ignoring object:children-changed:add due to source being locus of focus
10:08:14.568873 - EVENT MANAGER: Queueing object:children-changed:add for [image: 'Request latency' (0x7e30eaca6e00)]  in accessibility_probe (AccessKit) (26, 0, [label: '    ' (0x7e30eacbfd00)])
10:08:14.568887 - EVENT MANAGER: App for event source is [application: 'accessibility_probe' (0x7e31000ea340)] 
10:08:14.568902 - SCRIPT MANAGER: Getting script for [application: 'accessibility_probe' (0x7e31000ea340)]  [image: 'Request latency' (0x7e30eaca6e00)] 
10:08:14.569034 - SCRIPT MANAGER: Script is app script accessibility_probe (module=orca.scripts.default)
10:08:14.569071 - EVENT MANAGER: object:children-changed:add for [image: 'Request latency' (0x7e30eaca6e00)]  in accessibility_probe (AccessKit) (26, 0, [label: '    ' (0x7e30eacbfac0)]) has priority level: 6
10:08:14.569103 - EVENT MANAGER: Queued object:children-changed:add for [image: 'Request latency' (0x7e30eaca6e00)]  in accessibility_probe (AccessKit) (26, 0, [label: '    ' (0x7e30eacbfd40)]) priority: 6, counter: 88

10:08:14.569387 - EVENT MANAGER: object:children-changed:add for [image: 'Request latency' (0x7e30eaca6e00)]  in accessibility_probe (AccessKit) (27, 0, [label: '██████████████████████████' (0x7e30eacbfdc0)])
10:08:14.569404 - FOCUS MANAGER: Locus of focus is [image: 'Request latency' (0x7e30eaca6e00)] 
10:08:14.569433 - EVENT_MANAGER: Not ignoring object:children-changed:add due to source being locus of focus
10:08:14.569461 - EVENT MANAGER: Queueing object:children-changed:add for [image: 'Request latency' (0x7e30eaca6e00)]  in accessibility_probe (AccessKit) (27, 0, [label: '██████████████████████████' (0x7e30eacbfec0)])
10:08:14.569475 - EVENT MANAGER: App for event source is [application: 'accessibility_probe' (0x7e31000ea340)] 
10:08:14.569493 - SCRIPT MANAGER: Getting script for [application: 'accessibility_probe' (0x7e31000ea340)]  [image: 'Request latency' (0x7e30eaca6e00)] 
10:08:14.569628 - SCRIPT MANAGER: Script is app script accessibility_probe (module=orca.scripts.default)
10:08:14.569663 - EVENT MANAGER: object:children-changed:add for [image: 'Request latency' (0x7e30eaca6e00)]  in accessibility_probe (AccessKit) (27, 0, [label: '██████████████████████████' (0x7e31000e2ec0)]) has priority level: 6
10:08:14.569696 - EVENT MANAGER: Queued object:children-changed:add for [image: 'Request latency' (0x7e30eaca6e00)]  in accessibility_probe (AccessKit) (27, 0, [label: '██████████████████████████' (0x7e30eacbff40)]) priority: 6, counter: 89

10:08:14.569969 - EVENT MANAGER: object:children-changed:add for [image: 'Request latency' (0x7e30eaca6e00)]  in accessibility_probe (AccessKit) (28, 0, [label: '·         ' (0x7e31000e2980)])
10:08:14.569986 - FOCUS MANAGER: Locus of focus is [image: 'Request latency' (0x7e30eaca6e00)] 
10:08:14.570015 - EVENT_MANAGER: Not ignoring object:children-changed:add due to source being locus of focus
10:08:14.570044 - EVENT MANAGER: Queueing object:children-changed:add for [image: 'Request latency' (0x7e30eaca6e00)]  in accessibility_probe (AccessKit) (28, 0, [label: '·         ' (0x7e30eacd0200)])
10:08:14.570057 - EVENT MANAGER: App for event source is [application: 'accessibility_probe' (0x7e31000ea340)] 
10:08:14.570072 - SCRIPT MANAGER: Getting script for [application: 'accessibility_probe' (0x7e31000ea340)]  [image: 'Request latency' (0x7e30eaca6e00)] 
10:08:14.570200 - SCRIPT MANAGER: Script is app script accessibility_probe (module=orca.scripts.default)
10:08:14.570233 - EVENT MANAGER: object:children-changed:add for [image: 'Request latency' (0x7e30eaca6e00)]  in accessibility_probe (AccessKit) (28, 0, [label: '·         ' (0x7e3100069600)]) has priority level: 6
10:08:14.570268 - EVENT MANAGER: Queued object:children-changed:add for [image: 'Request latency' (0x7e30eaca6e00)]  in accessibility_probe (AccessKit) (28, 0, [label: '·         ' (0x7e30eacbfd00)]) priority: 6, counter: 90

10:08:14.570718 - EVENT MANAGER: object:children-changed:add for [image: 'Request latency' (0x7e30eaca6e00)]  in accessibility_probe (AccessKit) (29, 0, [label: '0.0 ' (0x7e3100069600)])
10:08:14.570780 - FOCUS MANAGER: Locus of focus is [image: 'Request latency' (0x7e30eaca6e00)] 
10:08:14.570881 - EVENT_MANAGER: Not ignoring object:children-changed:add due to source being locus of focus
10:08:14.570963 - EVENT MANAGER: Queueing object:children-changed:add for [image: 'Request latency' (0x7e30eaca6e00)]  in accessibility_probe (AccessKit) (29, 0, [label: '0.0 ' (0x7e30eacd0280)])
10:08:14.571011 - EVENT MANAGER: App for event source is [application: 'accessibility_probe' (0x7e31000ea340)] 
10:08:14.571061 - SCRIPT MANAGER: Getting script for [application: 'accessibility_probe' (0x7e31000ea340)]  [image: 'Request latency' (0x7e30eaca6e00)] 
10:08:14.571377 - SCRIPT MANAGER: Script is app script accessibility_probe (module=orca.scripts.default)
10:08:14.571430 - EVENT MANAGER: object:children-changed:add for [image: 'Request latency' (0x7e30eaca6e00)]  in accessibility_probe (AccessKit) (29, 0, [label: '0.0 ' (0x7e31000e2ec0)]) has priority level: 6
10:08:14.571465 - EVENT MANAGER: Queued object:children-changed:add for [image: 'Request latency' (0x7e30eaca6e00)]  in accessibility_probe (AccessKit) (29, 0, [label: '0.0 ' (0x7e30eacd0500)]) priority: 6, counter: 91

10:08:14.571768 - EVENT MANAGER: object:children-changed:add for [image: 'Request latency' (0x7e30eaca6e00)]  in accessibility_probe (AccessKit) (30, 0, [label: '██████████████████████████' (0x7e30eaf82980)])
10:08:14.571784 - FOCUS MANAGER: Locus of focus is [image: 'Request latency' (0x7e30eaca6e00)] 
10:08:14.571815 - EVENT_MANAGER: Not ignoring object:children-changed:add due to source being locus of focus
10:08:14.571842 - EVENT MANAGER: Queueing object:children-changed:add for [image: 'Request latency' (0x7e30eaca6e00)]  in accessibility_probe (AccessKit) (30, 0, [label: '██████████████████████████' (0x7e30eacbfd00)])
10:08:14.571857 - EVENT MANAGER: App for event source is [application: 'accessibility_probe' (0x7e31000ea340)] 
10:08:14.571872 - SCRIPT MANAGER: Getting script for [application: 'accessibility_probe' (0x7e31000ea340)]  [image: 'Request latency' (0x7e30eaca6e00)] 
10:08:14.571999 - SCRIPT MANAGER: Script is app script accessibility_probe (module=orca.scripts.default)
10:08:14.572036 - EVENT MANAGER: object:children-changed:add for [image: 'Request latency' (0x7e30eaca6e00)]  in accessibility_probe (AccessKit) (30, 0, [label: '██████████████████████████' (0x7e30eacd0440)]) has priority level: 6
10:08:14.572069 - EVENT MANAGER: Queued object:children-changed:add for [image: 'Request latency' (0x7e30eaca6e00)]  in accessibility_probe (AccessKit) (30, 0, [label: '██████████████████████████' (0x7e30eacd0680)]) priority: 6, counter: 92

10:08:14.572341 - EVENT MANAGER: object:children-changed:add for [image: 'Request latency' (0x7e30eaca6e00)]  in accessibility_probe (AccessKit) (31, 0, [label: '·         ' (0x7e31000e2ec0)])
10:08:14.572356 - FOCUS MANAGER: Locus of focus is [image: 'Request latency' (0x7e30eaca6e00)] 
10:08:14.572385 - EVENT_MANAGER: Not ignoring object:children-changed:add due to source being locus of focus
10:08:14.572413 - EVENT MANAGER: Queueing object:children-changed:add for [image: 'Request latency' (0x7e30eaca6e00)]  in accessibility_probe (AccessKit) (31, 0, [label: '·         ' (0x7e30eacbfd00)])
10:08:14.572427 - EVENT MANAGER: App for event source is [application: 'accessibility_probe' (0x7e31000ea340)] 
10:08:14.572442 - SCRIPT MANAGER: Getting script for [application: 'accessibility_probe' (0x7e31000ea340)]  [image: 'Request latency' (0x7e30eaca6e00)] 
10:08:14.572569 - SCRIPT MANAGER: Script is app script accessibility_probe (module=orca.scripts.default)
10:08:14.572604 - EVENT MANAGER: object:children-changed:add for [image: 'Request latency' (0x7e30eaca6e00)]  in accessibility_probe (AccessKit) (31, 0, [label: '·         ' (0x7e30eacd0440)]) has priority level: 6
10:08:14.572636 - EVENT MANAGER: Queued object:children-changed:add for [image: 'Request latency' (0x7e30eaca6e00)]  in accessibility_probe (AccessKit) (31, 0, [label: '·         ' (0x7e30eacbfd00)]) priority: 6, counter: 93

10:08:14.572918 - EVENT MANAGER: object:children-changed:add for [image: 'Request latency' (0x7e30eaca6e00)]  in accessibility_probe (AccessKit) (32, 0, [label: 'Latency / Low: 2                        ' (0x7e30eacd0640)])
10:08:14.572932 - FOCUS MANAGER: Locus of focus is [image: 'Request latency' (0x7e30eaca6e00)] 
10:08:14.572961 - EVENT_MANAGER: Not ignoring object:children-changed:add due to source being locus of focus
10:08:14.572992 - EVENT MANAGER: Queueing object:children-changed:add for [image: 'Request latency' (0x7e30eaca6e00)]  in accessibility_probe (AccessKit) (32, 0, [label: 'Latency / Low: 2                        ' (0x7e30eacbfd00)])
10:08:14.573006 - EVENT MANAGER: App for event source is [application: 'accessibility_probe' (0x7e31000ea340)] 
10:08:14.573021 - SCRIPT MANAGER: Getting script for [application: 'accessibility_probe' (0x7e31000ea340)]  [image: 'Request latency' (0x7e30eaca6e00)] 
10:08:14.573155 - SCRIPT MANAGER: Script is app script accessibility_probe (module=orca.scripts.default)
10:08:14.573189 - EVENT MANAGER: object:children-changed:add for [image: 'Request latency' (0x7e30eaca6e00)]  in accessibility_probe (AccessKit) (32, 0, [label: 'Latency / Low: 2                        ' (0x7e30eacd0840)]) has priority level: 6
10:08:14.573221 - EVENT MANAGER: Queued object:children-changed:add for [image: 'Request latency' (0x7e30eaca6e00)]  in accessibility_probe (AccessKit) (32, 0, [label: 'Latency / Low: 2                        ' (0x7e30eacbfd00)]) priority: 6, counter: 94
10:08:14.573298 - EVENT MANAGER: Dequeueing object:text-changed:delete for [terminal: 'Terminal' (0x7e30eaf83c80)]  in org.gnome.Terminal (gtk 3.24.52) (0, 616, Download progress \n█████████████████████████████████████████████▒▒▒▒▒▒▒▒▒▒▒▒▒▒▒\n75.0% \nAdvance download... or range \nCompleted download \n████████████████████████████████████████████████████████████\n100.0% (626 chars.))
10:08:14.573337 - EVENT MANAGER: Dequeued object:text-changed:delete for [terminal: 'Terminal' (0x7e30eaf83c80)]  in org.gnome.Terminal (gtk 3.24.52) (0, 616, Download progress \n█████████████████████████████████████████████▒▒▒▒▒▒▒▒▒▒▒▒▒▒▒\n75.0% \nAdvance download... or range \nCompleted download \n████████████████████████████████████████████████████████████\n100.0% (626 chars.)) priority: 4, counter: 48

vvvvv START PRIORITY-4 OBJECT EVENT OBJECT:TEXT-CHANGED:DELETE (queue size: 44) vvvvv

10:08:14.574036 - EVENT MANAGER: object:property-change:accessible-name for [label: 'Latency / Low: 2                        ' (0x7e30eacd0880)]  in accessibility_probe (AccessKit) (0, 0, Latency / Low: 2                       )
10:08:14.574054 - FOCUS MANAGER: Locus of focus is [image: 'Request latency' (0x7e30eaca6e00)] 
10:08:14.574273 - EVENT MANAGER: Queueing object:property-change:accessible-name for [label: 'Latency / Low: 2                        ' (0x7e30eacbf040)]  in accessibility_probe (AccessKit) (0, 0, Latency / Low: 2                       )
10:08:14.574293 - EVENT MANAGER: App for event source is [application: 'accessibility_probe' (0x7e31000ea340)] 
10:08:14.574310 - SCRIPT MANAGER: Getting script for [application: 'accessibility_probe' (0x7e31000ea340)]  [label: 'Latency / Low: 2                        ' (0x7e31000e2cc0)] 
10:08:14.574442 - SCRIPT MANAGER: Script is app script accessibility_probe (module=orca.scripts.default)
10:08:14.574488 - EVENT MANAGER: object:property-change:accessible-name for [label: 'Latency / Low: 2                        ' (0x7e30eaf808c0)]  in accessibility_probe (AccessKit) (0, 0, Latency / Low: 2                       ) has priority level: 4
10:08:14.574525 - EVENT MANAGER: Queued object:property-change:accessible-name for [label: 'Latency / Low: 2                        ' (0x7e30eaf808c0)]  in accessibility_probe (AccessKit) (0, 0, Latency / Low: 2                       ) priority: 4, counter: 95
10:08:14.574559 - CLIPBOARD PRESENTER: Possible change event object:text-changed:delete for [terminal: 'Terminal' (0x7e30eaf83c80)]  in org.gnome.Terminal (gtk 3.24.52) (671, 31,     Low   0.2    0.5   0.8 High)

10:08:14.574605 - EVENT MANAGER: object:text-changed:delete for [terminal: 'Terminal' (0x7e30eaf83c80)]  in org.gnome.Terminal (gtk 3.24.52) (671, 31,     Low   0.2    0.5   0.8 High)
10:08:14.574618 - FOCUS MANAGER: Locus of focus is [image: 'Request latency' (0x7e30eaca6e00)] 
10:08:14.574661 - EVENT_MANAGER: Not ignoring object:text-changed:delete due to source being focused
10:08:14.574691 - EVENT MANAGER: Queueing object:text-changed:delete for [terminal: 'Terminal' (0x7e30eaf83c80)]  in org.gnome.Terminal (gtk 3.24.52) (671, 31,     Low   0.2    0.5   0.8 High)
10:08:14.574705 - EVENT MANAGER: App for event source is [application: 'org.gnome.Terminal' (0x7e31000c8580)] 
10:08:14.574720 - SCRIPT MANAGER: Getting script for [application: 'org.gnome.Terminal' (0x7e31000c8580)]  [terminal: 'Terminal' (0x7e30eaf83c80)] 
10:08:14.574742 - SCRIPT MANAGER: Script is custom script org.gnome.Terminal (module=orca.scripts.terminal.script)
10:08:14.574778 - EVENT MANAGER: object:text-changed:delete for [terminal: 'Terminal' (0x7e30eaf83c80)]  in org.gnome.Terminal (gtk 3.24.52) (671, 31,     Low   0.2    0.5   0.8 High) has priority level: 4
10:08:14.574811 - EVENT MANAGER: Queued object:text-changed:delete for [terminal: 'Terminal' (0x7e30eaf83c80)]  in org.gnome.Terminal (gtk 3.24.52) (671, 31,     Low   0.2    0.5   0.8 High) priority: 4, counter: 96
10:08:14.574842 - CLIPBOARD PRESENTER: Possible change event object:text-changed:insert for [terminal: 'Terminal' (0x7e30eaf83c80)]  in org.gnome.Terminal (gtk 3.24.52) (671, 31, Latency / Low: 2              )

10:08:14.574885 - EVENT MANAGER: object:text-changed:insert for [terminal: 'Terminal' (0x7e30eaf83c80)]  in org.gnome.Terminal (gtk 3.24.52) (671, 31, Latency / Low: 2              )
10:08:14.574898 - FOCUS MANAGER: Locus of focus is [image: 'Request latency' (0x7e30eaca6e00)] 
10:08:14.574940 - EVENT_MANAGER: Not ignoring object:text-changed:insert due to source being focused
10:08:14.574969 - EVENT MANAGER: Queueing object:text-changed:insert for [terminal: 'Terminal' (0x7e30eaf83c80)]  in org.gnome.Terminal (gtk 3.24.52) (671, 31, Latency / Low: 2              )
10:08:14.574990 - EVENT MANAGER: App for event source is [application: 'org.gnome.Terminal' (0x7e31000c8580)] 
10:08:14.575006 - SCRIPT MANAGER: Getting script for [application: 'org.gnome.Terminal' (0x7e31000c8580)]  [terminal: 'Terminal' (0x7e30eaf83c80)] 
10:08:14.575026 - SCRIPT MANAGER: Script is custom script org.gnome.Terminal (module=orca.scripts.terminal.script)
10:08:14.575061 - EVENT MANAGER: object:text-changed:insert for [terminal: 'Terminal' (0x7e30eaf83c80)]  in org.gnome.Terminal (gtk 3.24.52) (671, 31, Latency / Low: 2              ) has priority level: 4
10:08:14.575095 - EVENT MANAGER: Queued object:text-changed:insert for [terminal: 'Terminal' (0x7e30eaf83c80)]  in org.gnome.Terminal (gtk 3.24.52) (671, 31, Latency / Low: 2              ) priority: 4, counter: 97
10:08:14.575536 - EVENT SOURCE:
                  app='org.gnome.Terminal (gtk 3.24.52)' name='Terminal' role='terminal' axid='' id=0x7e30eaf83c80
                  description=''
                  help=''
                  locale='C.UTF-8'
                  states='enabled, focusable, focused, sensitive, showing, visible'
                  relations=''
                  actions='menu'
                  interfaces='Action, Collection, Component, Text'
                  attributes='toolkit:gtk'
                  text='Request latency \n8.0 ·············█████████████·■ Latency ... \n \n \n \n \n (992 chars.)'
                  path=[-1, 0, 0, 1, 0, 0, 0, 0]
                  
10:08:14.575559 - SCRIPT MANAGER: Active script is: accessibility_probe (module=orca.scripts.default)
10:08:14.575576 - FOCUS MANAGER: Locus of focus is [image: 'Request latency' (0x7e30eaca6e00)] 
10:08:14.575601 - EVENT MANAGER: Getting script for event for [application: 'org.gnome.Terminal' (0x7e31000c8580)]  [terminal: 'Terminal' (0x7e30eaf83c80)] 
10:08:14.575617 - SCRIPT MANAGER: Getting script for [application: 'org.gnome.Terminal' (0x7e31000c8580)]  [terminal: 'Terminal' (0x7e30eaf83c80)] 
10:08:14.575638 - SCRIPT MANAGER: Script is custom script org.gnome.Terminal (module=orca.scripts.terminal.script)
10:08:14.575651 - EVENT MANAGER: Script for event is org.gnome.Terminal (module=orca.scripts.terminal.script)
10:08:14.576180 - EVENT MANAGER: Change active script: False (No reason found to activate a different script.)
10:08:14.576190 - EVENT MANAGER: Not processing object:text-changed:delete due to lack of reason
TOTAL PROCESSING TIME: 0.0029
^^^^^ FINISHED PRIORITY-4 OBJECT EVENT OBJECT:TEXT-CHANGED:DELETE ^^^^^

10:08:14.576254 - EVENT MANAGER: Dequeueing object:text-changed:insert for [terminal: 'Terminal' (0x7e30eaf83c80)]  in org.gnome.Terminal (gtk 3.24.52) (0, 616, \n \n \n \n \n... \n \n \n \n \n (626 chars.))
10:08:14.576291 - EVENT MANAGER: Dequeued object:text-changed:insert for [terminal: 'Terminal' (0x7e30eaf83c80)]  in org.gnome.Terminal (gtk 3.24.52) (0, 616, \n \n \n \n \n... \n \n \n \n \n (626 chars.)) priority: 4, counter: 49

vvvvv START PRIORITY-4 OBJECT EVENT OBJECT:TEXT-CHANGED:INSERT (queue size: 46) vvvvv
10:08:14.577123 - EVENT SOURCE:
                  app='org.gnome.Terminal (gtk 3.24.52)' name='Terminal' role='terminal' axid='' id=0x7e30eaf83c80
                  description=''
                  help=''
                  locale='C.UTF-8'
                  states='enabled, focusable, focused, sensitive, showing, visible'
                  relations=''
                  actions='menu'
                  interfaces='Action, Collection, Component, Text'
                  attributes='toolkit:gtk'
                  text='Request latency \n8.0 ·············█████████████·■ Latency ... \n \n \n \n \n (992 chars.)'
                  path=[-1, 0, 0, 1, 0, 0, 0, 0]
                  
10:08:14.577146 - SCRIPT MANAGER: Active script is: accessibility_probe (module=orca.scripts.default)
10:08:14.577164 - FOCUS MANAGER: Locus of focus is [image: 'Request latency' (0x7e30eaca6e00)] 
10:08:14.577188 - EVENT MANAGER: Getting script for event for [application: 'org.gnome.Terminal' (0x7e31000c8580)]  [terminal: 'Terminal' (0x7e30eaf83c80)] 
10:08:14.577204 - SCRIPT MANAGER: Getting script for [application: 'org.gnome.Terminal' (0x7e31000c8580)]  [terminal: 'Terminal' (0x7e30eaf83c80)] 
10:08:14.577226 - SCRIPT MANAGER: Script is custom script org.gnome.Terminal (module=orca.scripts.terminal.script)
10:08:14.577239 - EVENT MANAGER: Script for event is org.gnome.Terminal (module=orca.scripts.terminal.script)
10:08:14.577633 - EVENT MANAGER: Change active script: False (No reason found to activate a different script.)
10:08:14.577640 - EVENT MANAGER: Not processing object:text-changed:insert due to lack of reason
TOTAL PROCESSING TIME: 0.0013
^^^^^ FINISHED PRIORITY-4 OBJECT EVENT OBJECT:TEXT-CHANGED:INSERT ^^^^^

10:08:14.577690 - EVENT MANAGER: Dequeueing object:text-caret-moved for [terminal: 'Terminal' (0x7e30eaf83c80)]  in org.gnome.Terminal (gtk 3.24.52) (616, 0, 0)
10:08:14.577726 - EVENT MANAGER: Dequeued object:text-caret-moved for [terminal: 'Terminal' (0x7e30eaf83c80)]  in org.gnome.Terminal (gtk 3.24.52) (616, 0, 0) priority: 4, counter: 50

vvvvv START PRIORITY-4 OBJECT EVENT OBJECT:TEXT-CARET-MOVED (queue size: 45) vvvvv
10:08:14.578151 - EVENT MANAGER: object:text-caret-moved for [terminal: 'Terminal' (0x7e30eaf83c80)]  in org.gnome.Terminal (gtk 3.24.52) (616, 0, 0) obsoleted by object:text-caret-moved for [terminal: 'Terminal' (0x7e30eaf83c80)]  in org.gnome.Terminal (gtk 3.24.52) (702, 0, 0) more recent event of same type for same object
TOTAL PROCESSING TIME: 0.0004
^^^^^ FINISHED PRIORITY-4 OBJECT EVENT OBJECT:TEXT-CARET-MOVED ^^^^^

10:08:14.578199 - EVENT MANAGER: Dequeueing object:text-changed:delete for [terminal: 'Terminal' (0x7e30eaf83c80)]  in org.gnome.Terminal (gtk 3.24.52) (0, 702, \n \n \n \n \n... \n \n \n \n \n (713 chars.))
10:08:14.578232 - EVENT MANAGER: Dequeued object:text-changed:delete for [terminal: 'Terminal' (0x7e30eaf83c80)]  in org.gnome.Terminal (gtk 3.24.52) (0, 702, \n \n \n \n \n... \n \n \n \n \n (713 chars.)) priority: 4, counter: 59

vvvvv START PRIORITY-4 OBJECT EVENT OBJECT:TEXT-CHANGED:DELETE (queue size: 44) vvvvv
10:08:14.579065 - EVENT SOURCE:
                  app='org.gnome.Terminal (gtk 3.24.52)' name='Terminal' role='terminal' axid='' id=0x7e30eaf83c80
                  description=''
                  help=''
                  locale='C.UTF-8'
                  states='enabled, focusable, focused, sensitive, showing, visible'
                  relations=''
                  actions='menu'
                  interfaces='Action, Collection, Component, Text'
                  attributes='toolkit:gtk'
                  text='Request latency \n8.0 ·············█████████████·■ Latency ... \n \n \n \n \n (992 chars.)'
                  path=[-1, 0, 0, 1, 0, 0, 0, 0]
                  
10:08:14.579087 - SCRIPT MANAGER: Active script is: accessibility_probe (module=orca.scripts.default)
10:08:14.579103 - FOCUS MANAGER: Locus of focus is [image: 'Request latency' (0x7e30eaca6e00)] 
10:08:14.579128 - EVENT MANAGER: Getting script for event for [application: 'org.gnome.Terminal' (0x7e31000c8580)]  [terminal: 'Terminal' (0x7e30eaf83c80)] 
10:08:14.579143 - SCRIPT MANAGER: Getting script for [application: 'org.gnome.Terminal' (0x7e31000c8580)]  [terminal: 'Terminal' (0x7e30eaf83c80)] 
10:08:14.579165 - SCRIPT MANAGER: Script is custom script org.gnome.Terminal (module=orca.scripts.terminal.script)
10:08:14.579177 - EVENT MANAGER: Script for event is org.gnome.Terminal (module=orca.scripts.terminal.script)
10:08:14.579613 - EVENT MANAGER: Change active script: False (No reason found to activate a different script.)
10:08:14.579620 - EVENT MANAGER: Not processing object:text-changed:delete due to lack of reason
TOTAL PROCESSING TIME: 0.0014
^^^^^ FINISHED PRIORITY-4 OBJECT EVENT OBJECT:TEXT-CHANGED:DELETE ^^^^^

10:08:14.579673 - EVENT MANAGER: Dequeueing object:text-changed:insert for [terminal: 'Terminal' (0x7e30eaf83c80)]  in org.gnome.Terminal (gtk 3.24.52) (0, 702, Request latency \n8.0 ·············█████████████·■ Latency... Low 0.2 0.5 0.8 High (713 chars.))
10:08:14.579713 - EVENT MANAGER: Dequeued object:text-changed:insert for [terminal: 'Terminal' (0x7e30eaf83c80)]  in org.gnome.Terminal (gtk 3.24.52) (0, 702, Request latency \n8.0 ·············█████████████·■ Latency... Low 0.2 0.5 0.8 High (713 chars.)) priority: 4, counter: 60

vvvvv START PRIORITY-4 OBJECT EVENT OBJECT:TEXT-CHANGED:INSERT (queue size: 43) vvvvv
10:08:14.580490 - EVENT SOURCE:
                  app='org.gnome.Terminal (gtk 3.24.52)' name='Terminal' role='terminal' axid='' id=0x7e30eaf83c80
                  description=''
                  help=''
                  locale='C.UTF-8'
                  states='enabled, focusable, focused, sensitive, showing, visible'
                  relations=''
                  actions='menu'
                  interfaces='Action, Collection, Component, Text'
                  attributes='toolkit:gtk'
                  text='Request latency \n8.0 ·············█████████████·■ Latency ... \n \n \n \n \n (992 chars.)'
                  path=[-1, 0, 0, 1, 0, 0, 0, 0]
                  
10:08:14.580516 - SCRIPT MANAGER: Active script is: accessibility_probe (module=orca.scripts.default)
10:08:14.580534 - FOCUS MANAGER: Locus of focus is [image: 'Request latency' (0x7e30eaca6e00)] 
10:08:14.580559 - EVENT MANAGER: Getting script for event for [application: 'org.gnome.Terminal' (0x7e31000c8580)]  [terminal: 'Terminal' (0x7e30eaf83c80)] 
10:08:14.580574 - SCRIPT MANAGER: Getting script for [application: 'org.gnome.Terminal' (0x7e31000c8580)]  [terminal: 'Terminal' (0x7e30eaf83c80)] 
10:08:14.580596 - SCRIPT MANAGER: Script is custom script org.gnome.Terminal (module=orca.scripts.terminal.script)
10:08:14.580609 - EVENT MANAGER: Script for event is org.gnome.Terminal (module=orca.scripts.terminal.script)
10:08:14.581048 - EVENT MANAGER: Change active script: False (No reason found to activate a different script.)
10:08:14.581057 - EVENT MANAGER: Not processing object:text-changed:insert due to lack of reason
TOTAL PROCESSING TIME: 0.0013
^^^^^ FINISHED PRIORITY-4 OBJECT EVENT OBJECT:TEXT-CHANGED:INSERT ^^^^^

10:08:14.581108 - EVENT MANAGER: Dequeueing object:text-caret-moved for [terminal: 'Terminal' (0x7e30eaf83c80)]  in org.gnome.Terminal (gtk 3.24.52) (702, 0, 0)
10:08:14.581142 - EVENT MANAGER: Dequeued object:text-caret-moved for [terminal: 'Terminal' (0x7e30eaf83c80)]  in org.gnome.Terminal (gtk 3.24.52) (702, 0, 0) priority: 4, counter: 61

vvvvv START PRIORITY-4 OBJECT EVENT OBJECT:TEXT-CARET-MOVED (queue size: 42) vvvvv
10:08:14.581903 - EVENT SOURCE:
                  app='org.gnome.Terminal (gtk 3.24.52)' name='Terminal' role='terminal' axid='' id=0x7e30eaf83c80
                  description=''
                  help=''
                  locale='C.UTF-8'
                  states='enabled, focusable, focused, sensitive, showing, visible'
                  relations=''
                  actions='menu'
                  interfaces='Action, Collection, Component, Text'
                  attributes='toolkit:gtk'
                  text='Request latency \n8.0 ·············█████████████·■ Latency ... \n \n \n \n \n (992 chars.)'
                  path=[-1, 0, 0, 1, 0, 0, 0, 0]
                  
10:08:14.581925 - SCRIPT MANAGER: Active script is: accessibility_probe (module=orca.scripts.default)
10:08:14.581941 - FOCUS MANAGER: Locus of focus is [image: 'Request latency' (0x7e30eaca6e00)] 
10:08:14.581965 - EVENT MANAGER: Getting script for event for [application: 'org.gnome.Terminal' (0x7e31000c8580)]  [terminal: 'Terminal' (0x7e30eaf83c80)] 
10:08:14.581985 - SCRIPT MANAGER: Getting script for [application: 'org.gnome.Terminal' (0x7e31000c8580)]  [terminal: 'Terminal' (0x7e30eaf83c80)] 
10:08:14.582008 - SCRIPT MANAGER: Script is custom script org.gnome.Terminal (module=orca.scripts.terminal.script)
10:08:14.582020 - EVENT MANAGER: Script for event is org.gnome.Terminal (module=orca.scripts.terminal.script)
10:08:14.582422 - EVENT MANAGER: Change active script: False (No reason found to activate a different script.)
10:08:14.582429 - EVENT MANAGER: Not processing object:text-caret-moved due to lack of reason
TOTAL PROCESSING TIME: 0.0013
^^^^^ FINISHED PRIORITY-4 OBJECT EVENT OBJECT:TEXT-CARET-MOVED ^^^^^

10:08:14.582478 - EVENT MANAGER: Dequeueing object:property-change:accessible-name for [label: 'Latency / Low: 2                        ' (0x7e30eacd1740)]  in accessibility_probe (AccessKit) (0, 0, Latency / Low: 2                       )
10:08:14.582512 - EVENT MANAGER: Dequeued object:property-change:accessible-name for [label: 'Latency / Low: 2                        ' (0x7e30eacd1700)]  in accessibility_probe (AccessKit) (0, 0, Latency / Low: 2                       ) priority: 4, counter: 95

vvvvv START PRIORITY-4 OBJECT EVENT OBJECT:PROPERTY-CHANGE:ACCESSIBLE-NAME (queue size: 41) vvvvv
10:08:14.584911 - EVENT SOURCE:
                  app='accessibility_probe (AccessKit )' name='Latency / Low: 2                        ' role='label' axid='' id=0x7e30eaf6e500
                  description=''
                  help=''
                  locale=''
                  states='enabled, sensitive, showing, visible'
                  relations=''
                  actions=''
                  interfaces=''
                  attributes=''
                  text=''
                  path=[-1, 0, 0, 32]
                  
10:08:14.584944 - SCRIPT MANAGER: Active script is: accessibility_probe (module=orca.scripts.default)
10:08:14.584966 - FOCUS MANAGER: Locus of focus is [image: 'Request latency' (0x7e30eaca6e00)] 
10:08:14.584997 - EVENT MANAGER: Getting script for event for [application: 'accessibility_probe' (0x7e31000ea340)]  [label: 'Latency / Low: 2                        ' (0x7e30eaf6e500)] 
10:08:14.585016 - SCRIPT MANAGER: Getting script for [application: 'accessibility_probe' (0x7e31000ea340)]  [label: 'Latency / Low: 2                        ' (0x7e30eaf6e500)] 
10:08:14.585166 - SCRIPT MANAGER: Script is app script accessibility_probe (module=orca.scripts.default)
10:08:14.585181 - EVENT MANAGER: Script for event is accessibility_probe (module=orca.scripts.default)
10:08:14.585187 - EVENT MANAGER: Processing object:property-change:accessible-name: script for event is active
10:08:14.585228 - FOCUS MANAGER: Locus of focus is [image: 'Request latency' (0x7e30eaca6e00)] 
10:08:14.585234 - AXUtilitiesEvent: The event is not from the locus of focus.
TOTAL PROCESSING TIME: 0.0027
^^^^^ FINISHED PRIORITY-4 OBJECT EVENT OBJECT:PROPERTY-CHANGE:ACCESSIBLE-NAME ^^^^^

10:08:14.585291 - EVENT MANAGER: Dequeueing object:text-changed:delete for [terminal: 'Terminal' (0x7e30eaf83c80)]  in org.gnome.Terminal (gtk 3.24.52) (671, 31,     Low   0.2    0.5   0.8 High)
10:08:14.585329 - EVENT MANAGER: Dequeued object:text-changed:delete for [terminal: 'Terminal' (0x7e30eaf83c80)]  in org.gnome.Terminal (gtk 3.24.52) (671, 31,     Low   0.2    0.5   0.8 High) priority: 4, counter: 96

vvvvv START PRIORITY-4 OBJECT EVENT OBJECT:TEXT-CHANGED:DELETE (queue size: 40) vvvvv
10:08:14.586241 - EVENT SOURCE:
                  app='org.gnome.Terminal (gtk 3.24.52)' name='Terminal' role='terminal' axid='' id=0x7e30eaf83c80
                  description=''
                  help=''
                  locale='C.UTF-8'
                  states='enabled, focusable, focused, sensitive, showing, visible'
                  relations=''
                  actions='menu'
                  interfaces='Action, Collection, Component, Text'
                  attributes='toolkit:gtk'
                  text='Request latency \n8.0 ·············█████████████·■ Latency ... \n \n \n \n \n (992 chars.)'
                  path=[-1, 0, 0, 1, 0, 0, 0, 0]
                  
10:08:14.586266 - SCRIPT MANAGER: Active script is: accessibility_probe (module=orca.scripts.default)
10:08:14.586283 - FOCUS MANAGER: Locus of focus is [image: 'Request latency' (0x7e30eaca6e00)] 
10:08:14.586307 - EVENT MANAGER: Getting script for event for [application: 'org.gnome.Terminal' (0x7e31000c8580)]  [terminal: 'Terminal' (0x7e30eaf83c80)] 
10:08:14.586323 - SCRIPT MANAGER: Getting script for [application: 'org.gnome.Terminal' (0x7e31000c8580)]  [terminal: 'Terminal' (0x7e30eaf83c80)] 
10:08:14.586347 - SCRIPT MANAGER: Script is custom script org.gnome.Terminal (module=orca.scripts.terminal.script)
10:08:14.586360 - EVENT MANAGER: Script for event is org.gnome.Terminal (module=orca.scripts.terminal.script)
10:08:14.586776 - EVENT MANAGER: Change active script: False (No reason found to activate a different script.)
10:08:14.586785 - EVENT MANAGER: Not processing object:text-changed:delete due to lack of reason
TOTAL PROCESSING TIME: 0.0015
^^^^^ FINISHED PRIORITY-4 OBJECT EVENT OBJECT:TEXT-CHANGED:DELETE ^^^^^

10:08:14.586843 - EVENT MANAGER: Dequeueing object:text-changed:insert for [terminal: 'Terminal' (0x7e30eaf83c80)]  in org.gnome.Terminal (gtk 3.24.52) (671, 31, Latency / Low: 2              )
10:08:14.586876 - EVENT MANAGER: Dequeued object:text-changed:insert for [terminal: 'Terminal' (0x7e30eaf83c80)]  in org.gnome.Terminal (gtk 3.24.52) (671, 31, Latency / Low: 2              ) priority: 4, counter: 97

vvvvv START PRIORITY-4 OBJECT EVENT OBJECT:TEXT-CHANGED:INSERT (queue size: 39) vvvvv
10:08:14.587723 - EVENT SOURCE:
                  app='org.gnome.Terminal (gtk 3.24.52)' name='Terminal' role='terminal' axid='' id=0x7e30eaf83c80
                  description=''
                  help=''
                  locale='C.UTF-8'
                  states='enabled, focusable, focused, sensitive, showing, visible'
                  relations=''
                  actions='menu'
                  interfaces='Action, Collection, Component, Text'
                  attributes='toolkit:gtk'
                  text='Request latency \n8.0 ·············█████████████·■ Latency ... \n \n \n \n \n (992 chars.)'
                  path=[-1, 0, 0, 1, 0, 0, 0, 0]
                  
10:08:14.587760 - SCRIPT MANAGER: Active script is: accessibility_probe (module=orca.scripts.default)
10:08:14.587781 - FOCUS MANAGER: Locus of focus is [image: 'Request latency' (0x7e30eaca6e00)] 
10:08:14.587809 - EVENT MANAGER: Getting script for event for [application: 'org.gnome.Terminal' (0x7e31000c8580)]  [terminal: 'Terminal' (0x7e30eaf83c80)] 
10:08:14.587825 - SCRIPT MANAGER: Getting script for [application: 'org.gnome.Terminal' (0x7e31000c8580)]  [terminal: 'Terminal' (0x7e30eaf83c80)] 
10:08:14.587848 - SCRIPT MANAGER: Script is custom script org.gnome.Terminal (module=orca.scripts.terminal.script)
10:08:14.587861 - EVENT MANAGER: Script for event is org.gnome.Terminal (module=orca.scripts.terminal.script)
10:08:14.588397 - EVENT MANAGER: Change active script: False (No reason found to activate a different script.)
10:08:14.588407 - EVENT MANAGER: Not processing object:text-changed:insert due to lack of reason
TOTAL PROCESSING TIME: 0.0015
^^^^^ FINISHED PRIORITY-4 OBJECT EVENT OBJECT:TEXT-CHANGED:INSERT ^^^^^

10:08:14.588463 - EVENT MANAGER: Dequeueing object:children-changed:add for [frame: 'Reactive TUI App accessibility round 1' (0x7e31017208c0)]  in accessibility_probe (AccessKit) (0, 0, [image: 'Request latency' (0x7e30eaca6e00)])
10:08:14.588495 - EVENT MANAGER: Dequeued object:children-changed:add for [frame: 'Reactive TUI App accessibility round 1' (0x7e31017208c0)]  in accessibility_probe (AccessKit) (0, 0, [image: 'Request latency' (0x7e30eaca6e00)]) priority: 6, counter: 51

vvvvv START PRIORITY-6 OBJECT EVENT OBJECT:CHILDREN-CHANGED:ADD (queue size: 38) vvvvv
10:08:14.591201 - EVENT SOURCE:
                  app='accessibility_probe (AccessKit )' name='Reactive TUI App accessibility round 1' role='frame' axid='' id=0x7e31017208c0
                  description=''
                  help=''
                  locale=''
                  states='active, enabled, sensitive, showing, visible'
                  relations=''
                  actions=''
                  interfaces='Component'
                  attributes=''
                  text=''
                  path=[-1, 0]
                  
                  EVENT ANY DATA:
                  name='Request latency' role='image' axid='' id=0x7e30eaca6e00
                  description=''
                  help=''
                  locale=''
                  states='enabled, focusable, focused, sensitive, showing, visible'
                  relations=''
                  actions=''
                  interfaces='Component'
                  attributes=''
                  text=''
                  path=[-1, 0, 0]
                  
10:08:14.591237 - SCRIPT MANAGER: Active script is: accessibility_probe (module=orca.scripts.default)
10:08:14.591264 - FOCUS MANAGER: Locus of focus is [image: 'Request latency' (0x7e30eaca6e00)] 
10:08:14.591298 - EVENT MANAGER: Getting script for event for [application: 'accessibility_probe' (0x7e31000ea340)]  [frame: 'Reactive TUI App accessibility round 1' (0x7e31017208c0)] 
10:08:14.591315 - SCRIPT MANAGER: Getting script for [application: 'accessibility_probe' (0x7e31000ea340)]  [frame: 'Reactive TUI App accessibility round 1' (0x7e31017208c0)] 
10:08:14.591522 - SCRIPT MANAGER: Script is app script accessibility_probe (module=orca.scripts.default)
10:08:14.591545 - EVENT MANAGER: Script for event is accessibility_probe (module=orca.scripts.default)
10:08:14.591554 - EVENT MANAGER: Processing object:children-changed:add: script for event is active
10:08:14.591565 - AXUtilitiesRelation: Clearing local cache. Reason: children-changed event.
10:08:14.591573 - AXObject: Clearing local cache. Reason: children-changed event.
10:08:14.591580 - AXUtilitiesRelation: Clearing local cache. Reason: children-changed event.
10:08:14.591585 - AXUtilitiesEvent: Clearing local cache. Reason: children-changed event.
10:08:14.591592 - AXUtilitiesSelection: Clearing cache. Reason: children-changed event.
TOTAL PROCESSING TIME: 0.0031
^^^^^ FINISHED PRIORITY-6 OBJECT EVENT OBJECT:CHILDREN-CHANGED:ADD ^^^^^

10:08:14.591658 - EVENT MANAGER: Dequeueing object:children-changed:remove for [frame: 'Reactive TUI App accessibility round 1' (0x7e31017208c0)]  in accessibility_probe (AccessKit) (-1, 0, [progress bar: 'Download progress' (0x7e30eafbd280)])
10:08:14.591692 - EVENT MANAGER: Dequeued object:children-changed:remove for [frame: 'Reactive TUI App accessibility round 1' (0x7e31017208c0)]  in accessibility_probe (AccessKit) (-1, 0, [progress bar: 'Download progress' (0x7e30eafbd280)]) priority: 6, counter: 52

vvvvv START PRIORITY-6 OBJECT EVENT OBJECT:CHILDREN-CHANGED:REMOVE (queue size: 37) vvvvv
10:08:14.592059 - EVENT MANAGER: object:children-changed:remove for [frame: 'Reactive TUI App accessibility round 1' (0x7e31017208c0)]  in accessibility_probe (AccessKit) (-1, 0, [progress bar: 'Download progress' (0x7e30eafbd280)]) obsoleted by object:children-changed:remove for [frame: 'Reactive TUI App accessibility round 1' (0x7e31017208c0)]  in accessibility_probe (AccessKit) (-1, 0, [progress bar: 'Completed download' (0x7e30eafd4140)]) more recent event of same type for same object
TOTAL PROCESSING TIME: 0.0004
^^^^^ FINISHED PRIORITY-6 OBJECT EVENT OBJECT:CHILDREN-CHANGED:REMOVE ^^^^^

10:08:14.592107 - EVENT MANAGER: Dequeueing object:children-changed:remove for [frame: 'Reactive TUI App accessibility round 1' (0x7e31017208c0)]  in accessibility_probe (AccessKit) (-1, 0, [button: 'Advance download' (0x7e30eaf8fe00)])
10:08:14.592139 - EVENT MANAGER: Dequeued object:children-changed:remove for [frame: 'Reactive TUI App accessibility round 1' (0x7e31017208c0)]  in accessibility_probe (AccessKit) (-1, 0, [button: 'Advance download' (0x7e30eaf8fe00)]) priority: 6, counter: 53

vvvvv START PRIORITY-6 OBJECT EVENT OBJECT:CHILDREN-CHANGED:REMOVE (queue size: 36) vvvvv
10:08:14.592473 - EVENT MANAGER: object:children-changed:remove for [frame: 'Reactive TUI App accessibility round 1' (0x7e31017208c0)]  in accessibility_probe (AccessKit) (-1, 0, [button: 'Advance download' (0x7e30eaf8fe00)]) obsoleted by object:children-changed:remove for [frame: 'Reactive TUI App accessibility round 1' (0x7e31017208c0)]  in accessibility_probe (AccessKit) (-1, 0, [progress bar: 'Completed download' (0x7e30eafd4140)]) more recent event of same type for same object
TOTAL PROCESSING TIME: 0.0003
^^^^^ FINISHED PRIORITY-6 OBJECT EVENT OBJECT:CHILDREN-CHANGED:REMOVE ^^^^^

10:08:14.592512 - EVENT MANAGER: Dequeueing object:children-changed:remove for [frame: 'Reactive TUI App accessibility round 1' (0x7e31017208c0)]  in accessibility_probe (AccessKit) (-1, 0, [progress bar: 'Waiting for download' (0x7e30eafd4200)])
10:08:14.592542 - EVENT MANAGER: Dequeued object:children-changed:remove for [frame: 'Reactive TUI App accessibility round 1' (0x7e31017208c0)]  in accessibility_probe (AccessKit) (-1, 0, [progress bar: 'Waiting for download' (0x7e30eafd4200)]) priority: 6, counter: 54

vvvvv START PRIORITY-6 OBJECT EVENT OBJECT:CHILDREN-CHANGED:REMOVE (queue size: 35) vvvvv
10:08:14.592884 - EVENT MANAGER: object:children-changed:remove for [frame: 'Reactive TUI App accessibility round 1' (0x7e31017208c0)]  in accessibility_probe (AccessKit) (-1, 0, [progress bar: 'Waiting for download' (0x7e30eafd4200)]) obsoleted by object:children-changed:remove for [frame: 'Reactive TUI App accessibility round 1' (0x7e31017208c0)]  in accessibility_probe (AccessKit) (-1, 0, [progress bar: 'Completed download' (0x7e30eafd4140)]) more recent event of same type for same object
TOTAL PROCESSING TIME: 0.0003
^^^^^ FINISHED PRIORITY-6 OBJECT EVENT OBJECT:CHILDREN-CHANGED:REMOVE ^^^^^

10:08:14.592922 - EVENT MANAGER: Dequeueing object:children-changed:remove for [frame: 'Reactive TUI App accessibility round 1' (0x7e31017208c0)]  in accessibility_probe (AccessKit) (-1, 0, [progress bar: 'Invalid download' (0x7e30eafd41c0)])
10:08:14.592951 - EVENT MANAGER: Dequeued object:children-changed:remove for [frame: 'Reactive TUI App accessibility round 1' (0x7e31017208c0)]  in accessibility_probe (AccessKit) (-1, 0, [progress bar: 'Invalid download' (0x7e30eafd41c0)]) priority: 6, counter: 55

vvvvv START PRIORITY-6 OBJECT EVENT OBJECT:CHILDREN-CHANGED:REMOVE (queue size: 34) vvvvv
10:08:14.593300 - EVENT MANAGER: object:children-changed:remove for [frame: 'Reactive TUI App accessibility round 1' (0x7e31017208c0)]  in accessibility_probe (AccessKit) (-1, 0, [progress bar: 'Invalid download' (0x7e30eafd41c0)]) obsoleted by object:children-changed:remove for [frame: 'Reactive TUI App accessibility round 1' (0x7e31017208c0)]  in accessibility_probe (AccessKit) (-1, 0, [progress bar: 'Completed download' (0x7e30eafd4140)]) more recent event of same type for same object
TOTAL PROCESSING TIME: 0.0004
^^^^^ FINISHED PRIORITY-6 OBJECT EVENT OBJECT:CHILDREN-CHANGED:REMOVE ^^^^^

10:08:14.593339 - EVENT MANAGER: Dequeueing object:children-changed:remove for [frame: 'Reactive TUI App accessibility round 1' (0x7e31017208c0)]  in accessibility_probe (AccessKit) (-1, 0, [progress bar: 'Completed download' (0x7e30eafd4140)])
10:08:14.593369 - EVENT MANAGER: Dequeued object:children-changed:remove for [frame: 'Reactive TUI App accessibility round 1' (0x7e31017208c0)]  in accessibility_probe (AccessKit) (-1, 0, [progress bar: 'Completed download' (0x7e30eafd4140)]) priority: 6, counter: 56

vvvvv START PRIORITY-6 OBJECT EVENT OBJECT:CHILDREN-CHANGED:REMOVE (queue size: 33) vvvvv
10:08:14.595289 - AXObject: [progress bar: 'Completed download' (0x7e30eafd4140)]  has index -1 ; parent [frame: 'Reactive TUI App accessibility round 1' (0x7e31017208c0)]  has 1 children
10:08:14.595427 - EVENT SOURCE:
                  app='accessibility_probe (AccessKit )' name='Reactive TUI App accessibility round 1' role='frame' axid='' id=0x7e31017208c0
                  description=''
                  help=''
                  locale=''
                  states='active, enabled, sensitive, showing, visible'
                  relations=''
                  actions=''
                  interfaces='Component'
                  attributes=''
                  text=''
                  path=[-1, 0]
                  
                  EVENT ANY DATA:
                  name='Completed download' role='progress bar' axid='None' id=0x7e30eafd4140
                  description=''
                  help=''
                  locale=''
                  states='defunct, enabled, sensitive, showing, visible'
                  relations=''
                  actions=''
                  interfaces='Value'
                  attributes=''
                  text=''
                  path=[-1, 0, -1]
                  
10:08:14.595447 - SCRIPT MANAGER: Active script is: accessibility_probe (module=orca.scripts.default)
10:08:14.595468 - FOCUS MANAGER: Locus of focus is [image: 'Request latency' (0x7e30eaca6e00)] 
10:08:14.595494 - EVENT MANAGER: Getting script for event for [application: 'accessibility_probe' (0x7e31000ea340)]  [frame: 'Reactive TUI App accessibility round 1' (0x7e31017208c0)] 
10:08:14.595518 - SCRIPT MANAGER: Getting script for [application: 'accessibility_probe' (0x7e31000ea340)]  [frame: 'Reactive TUI App accessibility round 1' (0x7e31017208c0)] 
10:08:14.595642 - SCRIPT MANAGER: Script is app script accessibility_probe (module=orca.scripts.default)
10:08:14.595655 - EVENT MANAGER: Script for event is accessibility_probe (module=orca.scripts.default)
10:08:14.595660 - EVENT MANAGER: Processing object:children-changed:remove: script for event is active
10:08:14.595668 - AXUtilitiesRelation: Clearing local cache. Reason: children-changed event.
10:08:14.595673 - AXObject: Clearing local cache. Reason: children-changed event.
10:08:14.595678 - AXUtilitiesRelation: Clearing local cache. Reason: children-changed event.
10:08:14.595682 - AXUtilitiesEvent: Clearing local cache. Reason: children-changed event.
10:08:14.595687 - AXUtilitiesSelection: Clearing cache. Reason: children-changed event.
TOTAL PROCESSING TIME: 0.0023
^^^^^ FINISHED PRIORITY-6 OBJECT EVENT OBJECT:CHILDREN-CHANGED:REMOVE ^^^^^

10:08:14.595747 - EVENT MANAGER: Dequeueing object:children-changed:add for [image: 'Request latency' (0x7e30eaca6e00)]  in accessibility_probe (AccessKit) (0, 0, [label: 'Request latency                         ' (0x7e30eacbfd00)])
10:08:14.595781 - EVENT MANAGER: Dequeued object:children-changed:add for [image: 'Request latency' (0x7e30eaca6e00)]  in accessibility_probe (AccessKit) (0, 0, [label: 'Request latency                         ' (0x7e30eacd2140)]) priority: 6, counter: 62

vvvvv START PRIORITY-6 OBJECT EVENT OBJECT:CHILDREN-CHANGED:ADD (queue size: 32) vvvvv
10:08:14.595853 - EVENT MANAGER: object:children-changed:add for [image: 'Request latency' (0x7e30eaca6e00)]  in accessibility_probe (AccessKit) (0, 0, [label: 'Request latency                         ' (0x7e30eacd2140)]) obsoleted by object:children-changed:add for [image: 'Request latency' (0x7e30eaca6e00)]  in accessibility_probe (AccessKit) (29, 0, [label: '0.0 ' (0x7e30eacd2140)]) more recent event of same type for same object
TOTAL PROCESSING TIME: 0.0001
^^^^^ FINISHED PRIORITY-6 OBJECT EVENT OBJECT:CHILDREN-CHANGED:ADD ^^^^^

10:08:14.595901 - EVENT MANAGER: Dequeueing object:children-changed:add for [image: 'Request latency' (0x7e30eaca6e00)]  in accessibility_probe (AccessKit) (1, 0, [label: '8.0 ·············' (0x7e30eacd2080)])
10:08:14.595934 - EVENT MANAGER: Dequeued object:children-changed:add for [image: 'Request latency' (0x7e30eaca6e00)]  in accessibility_probe (AccessKit) (1, 0, [label: '8.0 ·············' (0x7e30eacd2180)]) priority: 6, counter: 63

vvvvv START PRIORITY-6 OBJECT EVENT OBJECT:CHILDREN-CHANGED:ADD (queue size: 31) vvvvv
10:08:14.596013 - EVENT MANAGER: object:children-changed:add for [image: 'Request latency' (0x7e30eaca6e00)]  in accessibility_probe (AccessKit) (1, 0, [label: '8.0 ·············' (0x7e30eacd2240)]) obsoleted by object:children-changed:add for [image: 'Request latency' (0x7e30eaca6e00)]  in accessibility_probe (AccessKit) (18, 0, [label: '█████████████' (0x7e30eacd2240)]) more recent event of same type for same object
TOTAL PROCESSING TIME: 0.0001
^^^^^ FINISHED PRIORITY-6 OBJECT EVENT OBJECT:CHILDREN-CHANGED:ADD ^^^^^

10:08:14.596059 - EVENT MANAGER: Dequeueing object:children-changed:add for [image: 'Request latency' (0x7e30eaca6e00)]  in accessibility_probe (AccessKit) (2, 0, [label: '█████████████' (0x7e30eacd2140)])
10:08:14.596091 - EVENT MANAGER: Dequeued object:children-changed:add for [image: 'Request latency' (0x7e30eaca6e00)]  in accessibility_probe (AccessKit) (2, 0, [label: '█████████████' (0x7e30eacd2300)]) priority: 6, counter: 64

vvvvv START PRIORITY-6 OBJECT EVENT OBJECT:CHILDREN-CHANGED:ADD (queue size: 30) vvvvv
10:08:14.596160 - EVENT MANAGER: object:children-changed:add for [image: 'Request latency' (0x7e30eaca6e00)]  in accessibility_probe (AccessKit) (2, 0, [label: '█████████████' (0x7e30eacd2240)]) obsoleted by object:children-changed:add for [image: 'Request latency' (0x7e30eaca6e00)]  in accessibility_probe (AccessKit) (26, 0, [label: '    ' (0x7e30eacd2240)]) more recent event of same type for same object
TOTAL PROCESSING TIME: 0.0001
^^^^^ FINISHED PRIORITY-6 OBJECT EVENT OBJECT:CHILDREN-CHANGED:ADD ^^^^^

10:08:14.596203 - EVENT MANAGER: Dequeueing object:children-changed:add for [image: 'Request latency' (0x7e30eaca6e00)]  in accessibility_probe (AccessKit) (3, 0, [label: '·' (0x7e30eacd2140)])
10:08:14.596252 - EVENT MANAGER: Dequeued object:children-changed:add for [image: 'Request latency' (0x7e30eaca6e00)]  in accessibility_probe (AccessKit) (3, 0, [label: '·' (0x7e30eacd2140)]) priority: 6, counter: 65

vvvvv START PRIORITY-6 OBJECT EVENT OBJECT:CHILDREN-CHANGED:ADD (queue size: 29) vvvvv
10:08:14.596347 - EVENT MANAGER: object:children-changed:add for [image: 'Request latency' (0x7e30eaca6e00)]  in accessibility_probe (AccessKit) (3, 0, [label: '·' (0x7e30eacd2140)]) obsoleted by object:children-changed:add for [image: 'Request latency' (0x7e30eaca6e00)]  in accessibility_probe (AccessKit) (22, 0, [label: '·         ' (0x7e30eacd2140)]) more recent event of same type for same object
TOTAL PROCESSING TIME: 0.0001
^^^^^ FINISHED PRIORITY-6 OBJECT EVENT OBJECT:CHILDREN-CHANGED:ADD ^^^^^

10:08:14.596393 - EVENT MANAGER: Dequeueing object:children-changed:add for [image: 'Request latency' (0x7e30eaca6e00)]  in accessibility_probe (AccessKit) (4, 0, [label: '■ Latency' (0x7e30eacd23c0)])
10:08:14.596424 - EVENT MANAGER: Dequeued object:children-changed:add for [image: 'Request latency' (0x7e30eaca6e00)]  in accessibility_probe (AccessKit) (4, 0, [label: '■ Latency' (0x7e30eacd1740)]) priority: 6, counter: 66

vvvvv START PRIORITY-6 OBJECT EVENT OBJECT:CHILDREN-CHANGED:ADD (queue size: 28) vvvvv
10:08:14.596492 - EVENT MANAGER: object:children-changed:add for [image: 'Request latency' (0x7e30eaca6e00)]  in accessibility_probe (AccessKit) (4, 0, [label: '■ Latency' (0x7e30eacd23c0)]) obsoleted by object:children-changed:add for [image: 'Request latency' (0x7e30eaca6e00)]  in accessibility_probe (AccessKit) (25, 0, [label: '·         ' (0x7e30eacd23c0)]) more recent event of same type for same object
TOTAL PROCESSING TIME: 0.0001
^^^^^ FINISHED PRIORITY-6 OBJECT EVENT OBJECT:CHILDREN-CHANGED:ADD ^^^^^

10:08:14.596536 - EVENT MANAGER: Dequeueing object:children-changed:add for [image: 'Request latency' (0x7e30eaca6e00)]  in accessibility_probe (AccessKit) (5, 0, [label: '    ·     ·      ' (0x7e30eacd1740)])
10:08:14.596566 - EVENT MANAGER: Dequeued object:children-changed:add for [image: 'Request latency' (0x7e30eaca6e00)]  in accessibility_probe (AccessKit) (5, 0, [label: '    ·     ·      ' (0x7e30eacd1740)]) priority: 6, counter: 67

vvvvv START PRIORITY-6 OBJECT EVENT OBJECT:CHILDREN-CHANGED:ADD (queue size: 27) vvvvv
10:08:14.596632 - EVENT MANAGER: object:children-changed:add for [image: 'Request latency' (0x7e30eaca6e00)]  in accessibility_probe (AccessKit) (5, 0, [label: '    ·     ·      ' (0x7e30eacd1740)]) obsoleted by object:children-changed:add for [image: 'Request latency' (0x7e30eaca6e00)]  in accessibility_probe (AccessKit) (14, 0, [label: '4.0 ·············' (0x7e30eacd1740)]) more recent event of same type for same object
TOTAL PROCESSING TIME: 0.0001
^^^^^ FINISHED PRIORITY-6 OBJECT EVENT OBJECT:CHILDREN-CHANGED:ADD ^^^^^

10:08:14.596674 - EVENT MANAGER: Dequeueing object:children-changed:add for [image: 'Request latency' (0x7e30eaca6e00)]  in accessibility_probe (AccessKit) (6, 0, [label: '█████████████' (0x7e30eacd23c0)])
10:08:14.596706 - EVENT MANAGER: Dequeued object:children-changed:add for [image: 'Request latency' (0x7e30eaca6e00)]  in accessibility_probe (AccessKit) (6, 0, [label: '█████████████' (0x7e30eacd2580)]) priority: 6, counter: 68

vvvvv START PRIORITY-6 OBJECT EVENT OBJECT:CHILDREN-CHANGED:ADD (queue size: 26) vvvvv
10:08:14.596775 - EVENT MANAGER: object:children-changed:add for [image: 'Request latency' (0x7e30eaca6e00)]  in accessibility_probe (AccessKit) (6, 0, [label: '█████████████' (0x7e30eacd1740)]) obsoleted by object:children-changed:add for [image: 'Request latency' (0x7e30eaca6e00)]  in accessibility_probe (AccessKit) (28, 0, [label: '·         ' (0x7e30eacd1740)]) more recent event of same type for same object
TOTAL PROCESSING TIME: 0.0001
^^^^^ FINISHED PRIORITY-6 OBJECT EVENT OBJECT:CHILDREN-CHANGED:ADD ^^^^^

10:08:14.596818 - EVENT MANAGER: Dequeueing object:children-changed:add for [image: 'Request latency' (0x7e30eaca6e00)]  in accessibility_probe (AccessKit) (7, 0, [label: '·         ' (0x7e30eacd22c0)])
10:08:14.596848 - EVENT MANAGER: Dequeued object:children-changed:add for [image: 'Request latency' (0x7e30eaca6e00)]  in accessibility_probe (AccessKit) (7, 0, [label: '·         ' (0x7e30eacd2600)]) priority: 6, counter: 69

vvvvv START PRIORITY-6 OBJECT EVENT OBJECT:CHILDREN-CHANGED:ADD (queue size: 25) vvvvv
10:08:14.596913 - EVENT MANAGER: object:children-changed:add for [image: 'Request latency' (0x7e30eaca6e00)]  in accessibility_probe (AccessKit) (7, 0, [label: '·         ' (0x7e30eacd0580)]) obsoleted by object:children-changed:add for [image: 'Request latency' (0x7e30eaca6e00)]  in accessibility_probe (AccessKit) (29, 0, [label: '0.0 ' (0x7e30eacd1740)]) more recent event of same type for same object
TOTAL PROCESSING TIME: 0.0001
^^^^^ FINISHED PRIORITY-6 OBJECT EVENT OBJECT:CHILDREN-CHANGED:ADD ^^^^^

10:08:14.596965 - EVENT MANAGER: Dequeueing object:children-changed:add for [image: 'Request latency' (0x7e30eaca6e00)]  in accessibility_probe (AccessKit) (8, 0, [label: '6.0 ·············' (0x7e30eacd2600)])
10:08:14.597003 - EVENT MANAGER: Dequeued object:children-changed:add for [image: 'Request latency' (0x7e30eaca6e00)]  in accessibility_probe (AccessKit) (8, 0, [label: '6.0 ·············' (0x7e30eacd2640)]) priority: 6, counter: 70

vvvvv START PRIORITY-6 OBJECT EVENT OBJECT:CHILDREN-CHANGED:ADD (queue size: 24) vvvvv
10:08:14.597071 - EVENT MANAGER: object:children-changed:add for [image: 'Request latency' (0x7e30eaca6e00)]  in accessibility_probe (AccessKit) (8, 0, [label: '6.0 ·············' (0x7e30eacd22c0)]) obsoleted by object:children-changed:add for [image: 'Request latency' (0x7e30eaca6e00)]  in accessibility_probe (AccessKit) (32, 0, [label: 'Latency / Low: 2                        ' (0x7e30eacd0580)]) more recent event of same type for same object
TOTAL PROCESSING TIME: 0.0001
^^^^^ FINISHED PRIORITY-6 OBJECT EVENT OBJECT:CHILDREN-CHANGED:ADD ^^^^^

10:08:14.597113 - EVENT MANAGER: Dequeueing object:children-changed:add for [image: 'Request latency' (0x7e30eaca6e00)]  in accessibility_probe (AccessKit) (9, 0, [label: '█████████████' (0x7e30eacd25c0)])
10:08:14.597143 - EVENT MANAGER: Dequeued object:children-changed:add for [image: 'Request latency' (0x7e30eaca6e00)]  in accessibility_probe (AccessKit) (9, 0, [label: '█████████████' (0x7e30eacd26c0)]) priority: 6, counter: 71

vvvvv START PRIORITY-6 OBJECT EVENT OBJECT:CHILDREN-CHANGED:ADD (queue size: 23) vvvvv
10:08:14.597208 - EVENT MANAGER: object:children-changed:add for [image: 'Request latency' (0x7e30eaca6e00)]  in accessibility_probe (AccessKit) (9, 0, [label: '█████████████' (0x7e30eacd26c0)]) obsoleted by object:children-changed:add for [image: 'Request latency' (0x7e30eaca6e00)]  in accessibility_probe (AccessKit) (29, 0, [label: '0.0 ' (0x7e30eacd26c0)]) more recent event of same type for same object
TOTAL PROCESSING TIME: 0.0001
^^^^^ FINISHED PRIORITY-6 OBJECT EVENT OBJECT:CHILDREN-CHANGED:ADD ^^^^^

10:08:14.597248 - EVENT MANAGER: Dequeueing object:children-changed:add for [image: 'Request latency' (0x7e30eaca6e00)]  in accessibility_probe (AccessKit) (10, 0, [label: '·         ' (0x7e30eacd1740)])
10:08:14.597278 - EVENT MANAGER: Dequeued object:children-changed:add for [image: 'Request latency' (0x7e30eaca6e00)]  in accessibility_probe (AccessKit) (10, 0, [label: '·         ' (0x7e30eacd1740)]) priority: 6, counter: 72

vvvvv START PRIORITY-6 OBJECT EVENT OBJECT:CHILDREN-CHANGED:ADD (queue size: 22) vvvvv
10:08:14.597345 - EVENT MANAGER: object:children-changed:add for [image: 'Request latency' (0x7e30eaca6e00)]  in accessibility_probe (AccessKit) (10, 0, [label: '·         ' (0x7e3100961c00)]) obsoleted by object:children-changed:add for [image: 'Request latency' (0x7e30eaca6e00)]  in accessibility_probe (AccessKit) (31, 0, [label: '·         ' (0x7e30eacd1740)]) more recent event of same type for same object
TOTAL PROCESSING TIME: 0.0001
^^^^^ FINISHED PRIORITY-6 OBJECT EVENT OBJECT:CHILDREN-CHANGED:ADD ^^^^^

10:08:14.597385 - EVENT MANAGER: Dequeueing object:children-changed:add for [image: 'Request latency' (0x7e30eaca6e00)]  in accessibility_probe (AccessKit) (11, 0, [label: '    ·     ·      ' (0x7e30eacd2700)])
10:08:14.597415 - EVENT MANAGER: Dequeued object:children-changed:add for [image: 'Request latency' (0x7e30eaca6e00)]  in accessibility_probe (AccessKit) (11, 0, [label: '    ·     ·      ' (0x7e30eacd26c0)]) priority: 6, counter: 73

vvvvv START PRIORITY-6 OBJECT EVENT OBJECT:CHILDREN-CHANGED:ADD (queue size: 21) vvvvv
10:08:14.597480 - EVENT MANAGER: object:children-changed:add for [image: 'Request latency' (0x7e30eaca6e00)]  in accessibility_probe (AccessKit) (11, 0, [label: '    ·     ·      ' (0x7e30eacd26c0)]) obsoleted by object:children-changed:add for [image: 'Request latency' (0x7e30eaca6e00)]  in accessibility_probe (AccessKit) (30, 0, [label: '██████████████████████████' (0x7e30eacd26c0)]) more recent event of same type for same object
TOTAL PROCESSING TIME: 0.0001
^^^^^ FINISHED PRIORITY-6 OBJECT EVENT OBJECT:CHILDREN-CHANGED:ADD ^^^^^

10:08:14.597520 - EVENT MANAGER: Dequeueing object:children-changed:add for [image: 'Request latency' (0x7e30eaca6e00)]  in accessibility_probe (AccessKit) (12, 0, [label: '█████████████' (0x7e30eacd26c0)])
10:08:14.597551 - EVENT MANAGER: Dequeued object:children-changed:add for [image: 'Request latency' (0x7e30eaca6e00)]  in accessibility_probe (AccessKit) (12, 0, [label: '█████████████' (0x7e30eacd2780)]) priority: 6, counter: 74

vvvvv START PRIORITY-6 OBJECT EVENT OBJECT:CHILDREN-CHANGED:ADD (queue size: 20) vvvvv
10:08:14.597616 - EVENT MANAGER: object:children-changed:add for [image: 'Request latency' (0x7e30eaca6e00)]  in accessibility_probe (AccessKit) (12, 0, [label: '█████████████' (0x7e30eacd2800)]) obsoleted by object:children-changed:add for [image: 'Request latency' (0x7e30eaca6e00)]  in accessibility_probe (AccessKit) (32, 0, [label: 'Latency / Low: 2                        ' (0x7e31000e2840)]) more recent event of same type for same object
TOTAL PROCESSING TIME: 0.0001
^^^^^ FINISHED PRIORITY-6 OBJECT EVENT OBJECT:CHILDREN-CHANGED:ADD ^^^^^

10:08:14.597656 - EVENT MANAGER: Dequeueing object:children-changed:add for [image: 'Request latency' (0x7e30eaca6e00)]  in accessibility_probe (AccessKit) (13, 0, [label: '·         ' (0x7e30eacd2780)])
10:08:14.597685 - EVENT MANAGER: Dequeued object:children-changed:add for [image: 'Request latency' (0x7e30eaca6e00)]  in accessibility_probe (AccessKit) (13, 0, [label: '·         ' (0x7e30eacd2140)]) priority: 6, counter: 75

vvvvv START PRIORITY-6 OBJECT EVENT OBJECT:CHILDREN-CHANGED:ADD (queue size: 19) vvvvv
10:08:14.597749 - EVENT MANAGER: object:children-changed:add for [image: 'Request latency' (0x7e30eaca6e00)]  in accessibility_probe (AccessKit) (13, 0, [label: '·         ' (0x7e30eacd0580)]) obsoleted by object:children-changed:add for [image: 'Request latency' (0x7e30eaca6e00)]  in accessibility_probe (AccessKit) (26, 0, [label: '    ' (0x7e30eacd0580)]) more recent event of same type for same object
TOTAL PROCESSING TIME: 0.0001
^^^^^ FINISHED PRIORITY-6 OBJECT EVENT OBJECT:CHILDREN-CHANGED:ADD ^^^^^

10:08:14.597787 - EVENT MANAGER: Dequeueing object:children-changed:add for [image: 'Request latency' (0x7e30eaca6e00)]  in accessibility_probe (AccessKit) (14, 0, [label: '4.0 ·············' (0x7e30eacd2900)])
10:08:14.597818 - EVENT MANAGER: Dequeued object:children-changed:add for [image: 'Request latency' (0x7e30eaca6e00)]  in accessibility_probe (AccessKit) (14, 0, [label: '4.0 ·············' (0x7e30eacd0580)]) priority: 6, counter: 76

vvvvv START PRIORITY-6 OBJECT EVENT OBJECT:CHILDREN-CHANGED:ADD (queue size: 18) vvvvv
10:08:14.597883 - EVENT MANAGER: object:children-changed:add for [image: 'Request latency' (0x7e30eaca6e00)]  in accessibility_probe (AccessKit) (14, 0, [label: '4.0 ·············' (0x7e30eacd2140)]) obsoleted by object:children-changed:add for [image: 'Request latency' (0x7e30eaca6e00)]  in accessibility_probe (AccessKit) (23, 0, [label: '    ' (0x7e30eacd2140)]) more recent event of same type for same object
TOTAL PROCESSING TIME: 0.0001
^^^^^ FINISHED PRIORITY-6 OBJECT EVENT OBJECT:CHILDREN-CHANGED:ADD ^^^^^

10:08:14.597922 - EVENT MANAGER: Dequeueing object:children-changed:add for [image: 'Request latency' (0x7e30eaca6e00)]  in accessibility_probe (AccessKit) (15, 0, [label: '█████████████' (0x7e30eacd2140)])
10:08:14.597952 - EVENT MANAGER: Dequeued object:children-changed:add for [image: 'Request latency' (0x7e30eaca6e00)]  in accessibility_probe (AccessKit) (15, 0, [label: '█████████████' (0x7e30eacd2a00)]) priority: 6, counter: 77

vvvvv START PRIORITY-6 OBJECT EVENT OBJECT:CHILDREN-CHANGED:ADD (queue size: 17) vvvvv
10:08:14.598022 - EVENT MANAGER: object:children-changed:add for [image: 'Request latency' (0x7e30eaca6e00)]  in accessibility_probe (AccessKit) (15, 0, [label: '█████████████' (0x7e30eacd0580)]) obsoleted by object:children-changed:add for [image: 'Request latency' (0x7e30eaca6e00)]  in accessibility_probe (AccessKit) (21, 0, [label: '█████████████' (0x7e31000e2a00)]) more recent event of same type for same object
TOTAL PROCESSING TIME: 0.0001
^^^^^ FINISHED PRIORITY-6 OBJECT EVENT OBJECT:CHILDREN-CHANGED:ADD ^^^^^

10:08:14.598063 - EVENT MANAGER: Dequeueing object:children-changed:add for [image: 'Request latency' (0x7e30eaca6e00)]  in accessibility_probe (AccessKit) (16, 0, [label: '·         ' (0x7e30eacd2a40)])
10:08:14.598092 - EVENT MANAGER: Dequeued object:children-changed:add for [image: 'Request latency' (0x7e30eaca6e00)]  in accessibility_probe (AccessKit) (16, 0, [label: '·         ' (0x7e31000e2ec0)]) priority: 6, counter: 78

vvvvv START PRIORITY-6 OBJECT EVENT OBJECT:CHILDREN-CHANGED:ADD (queue size: 16) vvvvv
10:08:14.598157 - EVENT MANAGER: object:children-changed:add for [image: 'Request latency' (0x7e30eaca6e00)]  in accessibility_probe (AccessKit) (16, 0, [label: '·         ' (0x7e30eacd2b00)]) obsoleted by object:children-changed:add for [image: 'Request latency' (0x7e30eaca6e00)]  in accessibility_probe (AccessKit) (32, 0, [label: 'Latency / Low: 2                        ' (0x7e30eafa2a40)]) more recent event of same type for same object
TOTAL PROCESSING TIME: 0.0001
^^^^^ FINISHED PRIORITY-6 OBJECT EVENT OBJECT:CHILDREN-CHANGED:ADD ^^^^^

10:08:14.598194 - EVENT MANAGER: Dequeueing object:children-changed:add for [image: 'Request latency' (0x7e30eaca6e00)]  in accessibility_probe (AccessKit) (17, 0, [label: '    ·     ·      ' (0x7e30eacd2ac0)])
10:08:14.598224 - EVENT MANAGER: Dequeued object:children-changed:add for [image: 'Request latency' (0x7e30eaca6e00)]  in accessibility_probe (AccessKit) (17, 0, [label: '    ·     ·      ' (0x7e31000e2ec0)]) priority: 6, counter: 79

vvvvv START PRIORITY-6 OBJECT EVENT OBJECT:CHILDREN-CHANGED:ADD (queue size: 15) vvvvv
10:08:14.598286 - EVENT MANAGER: object:children-changed:add for [image: 'Request latency' (0x7e30eaca6e00)]  in accessibility_probe (AccessKit) (17, 0, [label: '    ·     ·      ' (0x7e30eacd2800)]) obsoleted by object:children-changed:add for [image: 'Request latency' (0x7e30eaca6e00)]  in accessibility_probe (AccessKit) (26, 0, [label: '    ' (0x7e31000e2b80)]) more recent event of same type for same object
TOTAL PROCESSING TIME: 0.0001
^^^^^ FINISHED PRIORITY-6 OBJECT EVENT OBJECT:CHILDREN-CHANGED:ADD ^^^^^

10:08:14.598326 - EVENT MANAGER: Dequeueing object:children-changed:add for [image: 'Request latency' (0x7e30eaca6e00)]  in accessibility_probe (AccessKit) (18, 0, [label: '█████████████' (0x7e30eacd2b00)])
10:08:14.598356 - EVENT MANAGER: Dequeued object:children-changed:add for [image: 'Request latency' (0x7e30eaca6e00)]  in accessibility_probe (AccessKit) (18, 0, [label: '█████████████' (0x7e30eacd2b00)]) priority: 6, counter: 80

vvvvv START PRIORITY-6 OBJECT EVENT OBJECT:CHILDREN-CHANGED:ADD (queue size: 14) vvvvv
10:08:14.598421 - EVENT MANAGER: object:children-changed:add for [image: 'Request latency' (0x7e30eaca6e00)]  in accessibility_probe (AccessKit) (18, 0, [label: '█████████████' (0x7e31000e2ec0)]) obsoleted by object:children-changed:add for [image: 'Request latency' (0x7e30eaca6e00)]  in accessibility_probe (AccessKit) (30, 0, [label: '██████████████████████████' (0x7e31000e2ec0)]) more recent event of same type for same object
TOTAL PROCESSING TIME: 0.0001
^^^^^ FINISHED PRIORITY-6 OBJECT EVENT OBJECT:CHILDREN-CHANGED:ADD ^^^^^

10:08:14.598460 - EVENT MANAGER: Dequeueing object:children-changed:add for [image: 'Request latency' (0x7e30eaca6e00)]  in accessibility_probe (AccessKit) (19, 0, [label: '·         ' (0x7e30eacd2800)])
10:08:14.598489 - EVENT MANAGER: Dequeued object:children-changed:add for [image: 'Request latency' (0x7e30eaca6e00)]  in accessibility_probe (AccessKit) (19, 0, [label: '·         ' (0x7e30eacd26c0)]) priority: 6, counter: 81

vvvvv START PRIORITY-6 OBJECT EVENT OBJECT:CHILDREN-CHANGED:ADD (queue size: 13) vvvvv
10:08:14.598554 - EVENT MANAGER: object:children-changed:add for [image: 'Request latency' (0x7e30eaca6e00)]  in accessibility_probe (AccessKit) (19, 0, [label: '·         ' (0x7e30eacd2800)]) obsoleted by object:children-changed:add for [image: 'Request latency' (0x7e30eaca6e00)]  in accessibility_probe (AccessKit) (29, 0, [label: '0.0 ' (0x7e30eacd2800)]) more recent event of same type for same object
TOTAL PROCESSING TIME: 0.0001
^^^^^ FINISHED PRIORITY-6 OBJECT EVENT OBJECT:CHILDREN-CHANGED:ADD ^^^^^

10:08:14.598591 - EVENT MANAGER: Dequeueing object:children-changed:add for [image: 'Request latency' (0x7e30eaca6e00)]  in accessibility_probe (AccessKit) (20, 0, [label: '2.0 ·············' (0x7e30eacd2800)])
10:08:14.598620 - EVENT MANAGER: Dequeued object:children-changed:add for [image: 'Request latency' (0x7e30eaca6e00)]  in accessibility_probe (AccessKit) (20, 0, [label: '2.0 ·············' (0x7e30eacd2b00)]) priority: 6, counter: 82

vvvvv START PRIORITY-6 OBJECT EVENT OBJECT:CHILDREN-CHANGED:ADD (queue size: 12) vvvvv
10:08:14.598684 - EVENT MANAGER: object:children-changed:add for [image: 'Request latency' (0x7e30eaca6e00)]  in accessibility_probe (AccessKit) (20, 0, [label: '2.0 ·············' (0x7e30eacd2b00)]) obsoleted by object:children-changed:add for [image: 'Request latency' (0x7e30eaca6e00)]  in accessibility_probe (AccessKit) (31, 0, [label: '·         ' (0x7e30eacd2b00)]) more recent event of same type for same object
TOTAL PROCESSING TIME: 0.0001
^^^^^ FINISHED PRIORITY-6 OBJECT EVENT OBJECT:CHILDREN-CHANGED:ADD ^^^^^

10:08:14.598722 - EVENT MANAGER: Dequeueing object:children-changed:add for [image: 'Request latency' (0x7e30eaca6e00)]  in accessibility_probe (AccessKit) (21, 0, [label: '█████████████' (0x7e30eacd2d40)])
10:08:14.598752 - EVENT MANAGER: Dequeued object:children-changed:add for [image: 'Request latency' (0x7e30eaca6e00)]  in accessibility_probe (AccessKit) (21, 0, [label: '█████████████' (0x7e30eacd2b00)]) priority: 6, counter: 83

vvvvv START PRIORITY-6 OBJECT EVENT OBJECT:CHILDREN-CHANGED:ADD (queue size: 11) vvvvv
10:08:14.598818 - EVENT MANAGER: object:children-changed:add for [image: 'Request latency' (0x7e30eaca6e00)]  in accessibility_probe (AccessKit) (21, 0, [label: '█████████████' (0x7e30eacd2b00)]) obsoleted by object:children-changed:add for [image: 'Request latency' (0x7e30eaca6e00)]  in accessibility_probe (AccessKit) (28, 0, [label: '·         ' (0x7e30eacd2b00)]) more recent event of same type for same object
TOTAL PROCESSING TIME: 0.0001
^^^^^ FINISHED PRIORITY-6 OBJECT EVENT OBJECT:CHILDREN-CHANGED:ADD ^^^^^

10:08:14.598855 - EVENT MANAGER: Dequeueing object:children-changed:add for [image: 'Request latency' (0x7e30eaca6e00)]  in accessibility_probe (AccessKit) (22, 0, [label: '·         ' (0x7e30eacd2800)])
10:08:14.598886 - EVENT MANAGER: Dequeued object:children-changed:add for [image: 'Request latency' (0x7e30eaca6e00)]  in accessibility_probe (AccessKit) (22, 0, [label: '·         ' (0x7e30eacd2d40)]) priority: 6, counter: 84

vvvvv START PRIORITY-6 OBJECT EVENT OBJECT:CHILDREN-CHANGED:ADD (queue size: 10) vvvvv
10:08:14.598989 - EVENT MANAGER: object:children-changed:add for [image: 'Request latency' (0x7e30eaca6e00)]  in accessibility_probe (AccessKit) (22, 0, [label: '·         ' (0x7e30eacd2d40)]) obsoleted by object:children-changed:add for [image: 'Request latency' (0x7e30eaca6e00)]  in accessibility_probe (AccessKit) (31, 0, [label: '·         ' (0x7e30eacd2d40)]) more recent event of same type for same object
TOTAL PROCESSING TIME: 0.0001
^^^^^ FINISHED PRIORITY-6 OBJECT EVENT OBJECT:CHILDREN-CHANGED:ADD ^^^^^

10:08:14.599043 - EVENT MANAGER: Dequeueing object:children-changed:add for [image: 'Request latency' (0x7e30eaca6e00)]  in accessibility_probe (AccessKit) (23, 0, [label: '    ' (0x7e30eacd2b00)])
10:08:14.599081 - EVENT MANAGER: Dequeued object:children-changed:add for [image: 'Request latency' (0x7e30eaca6e00)]  in accessibility_probe (AccessKit) (23, 0, [label: '    ' (0x7e30eacd2800)]) priority: 6, counter: 85

vvvvv START PRIORITY-6 OBJECT EVENT OBJECT:CHILDREN-CHANGED:ADD (queue size: 9) vvvvv
10:08:14.599147 - EVENT MANAGER: object:children-changed:add for [image: 'Request latency' (0x7e30eaca6e00)]  in accessibility_probe (AccessKit) (23, 0, [label: '    ' (0x7e30eacd2e00)]) obsoleted by object:children-changed:add for [image: 'Request latency' (0x7e30eaca6e00)]  in accessibility_probe (AccessKit) (30, 0, [label: '██████████████████████████' (0x7e30eacd2e00)]) more recent event of same type for same object
TOTAL PROCESSING TIME: 0.0001
^^^^^ FINISHED PRIORITY-6 OBJECT EVENT OBJECT:CHILDREN-CHANGED:ADD ^^^^^

10:08:14.599188 - EVENT MANAGER: Dequeueing object:children-changed:add for [image: 'Request latency' (0x7e30eaca6e00)]  in accessibility_probe (AccessKit) (24, 0, [label: '██████████████████████████' (0x7e30eacd2b00)])
10:08:14.599218 - EVENT MANAGER: Dequeued object:children-changed:add for [image: 'Request latency' (0x7e30eaca6e00)]  in accessibility_probe (AccessKit) (24, 0, [label: '██████████████████████████' (0x7e30eacd2e00)]) priority: 6, counter: 86

vvvvv START PRIORITY-6 OBJECT EVENT OBJECT:CHILDREN-CHANGED:ADD (queue size: 8) vvvvv
10:08:14.599284 - EVENT MANAGER: object:children-changed:add for [image: 'Request latency' (0x7e30eaca6e00)]  in accessibility_probe (AccessKit) (24, 0, [label: '██████████████████████████' (0x7e30eacd2e40)]) obsoleted by object:children-changed:add for [image: 'Request latency' (0x7e30eaca6e00)]  in accessibility_probe (AccessKit) (32, 0, [label: 'Latency / Low: 2                        ' (0x7e31000e2ec0)]) more recent event of same type for same object
TOTAL PROCESSING TIME: 0.0001
^^^^^ FINISHED PRIORITY-6 OBJECT EVENT OBJECT:CHILDREN-CHANGED:ADD ^^^^^

10:08:14.599324 - EVENT MANAGER: Dequeueing object:children-changed:add for [image: 'Request latency' (0x7e30eaca6e00)]  in accessibility_probe (AccessKit) (25, 0, [label: '·         ' (0x7e30eacd28c0)])
10:08:14.599355 - EVENT MANAGER: Dequeued object:children-changed:add for [image: 'Request latency' (0x7e30eaca6e00)]  in accessibility_probe (AccessKit) (25, 0, [label: '·         ' (0x7e30eacd2b00)]) priority: 6, counter: 87

vvvvv START PRIORITY-6 OBJECT EVENT OBJECT:CHILDREN-CHANGED:ADD (queue size: 7) vvvvv
10:08:14.599419 - EVENT MANAGER: object:children-changed:add for [image: 'Request latency' (0x7e30eaca6e00)]  in accessibility_probe (AccessKit) (25, 0, [label: '·         ' (0x7e30eacd28c0)]) obsoleted by object:children-changed:add for [image: 'Request latency' (0x7e30eaca6e00)]  in accessibility_probe (AccessKit) (29, 0, [label: '0.0 ' (0x7e31000e2f00)]) more recent event of same type for same object
TOTAL PROCESSING TIME: 0.0001
^^^^^ FINISHED PRIORITY-6 OBJECT EVENT OBJECT:CHILDREN-CHANGED:ADD ^^^^^

10:08:14.599455 - EVENT MANAGER: Dequeueing object:children-changed:add for [image: 'Request latency' (0x7e30eaca6e00)]  in accessibility_probe (AccessKit) (26, 0, [label: '    ' (0x7e30eacd2f40)])
10:08:14.599484 - EVENT MANAGER: Dequeued object:children-changed:add for [image: 'Request latency' (0x7e30eaca6e00)]  in accessibility_probe (AccessKit) (26, 0, [label: '    ' (0x7e30eacd26c0)]) priority: 6, counter: 88

vvvvv START PRIORITY-6 OBJECT EVENT OBJECT:CHILDREN-CHANGED:ADD (queue size: 6) vvvvv
10:08:14.599553 - EVENT MANAGER: object:children-changed:add for [image: 'Request latency' (0x7e30eaca6e00)]  in accessibility_probe (AccessKit) (26, 0, [label: '    ' (0x7e30eacd2ac0)]) obsoleted by object:children-changed:add for [image: 'Request latency' (0x7e30eaca6e00)]  in accessibility_probe (AccessKit) (31, 0, [label: '·         ' (0x7e30eacd2ac0)]) more recent event of same type for same object
TOTAL PROCESSING TIME: 0.0001
^^^^^ FINISHED PRIORITY-6 OBJECT EVENT OBJECT:CHILDREN-CHANGED:ADD ^^^^^

10:08:14.599594 - EVENT MANAGER: Dequeueing object:children-changed:add for [image: 'Request latency' (0x7e30eaca6e00)]  in accessibility_probe (AccessKit) (27, 0, [label: '██████████████████████████' (0x7e30eacd2b00)])
10:08:14.599624 - EVENT MANAGER: Dequeued object:children-changed:add for [image: 'Request latency' (0x7e30eaca6e00)]  in accessibility_probe (AccessKit) (27, 0, [label: '██████████████████████████' (0x7e30eacd2b00)]) priority: 6, counter: 89

vvvvv START PRIORITY-6 OBJECT EVENT OBJECT:CHILDREN-CHANGED:ADD (queue size: 5) vvvvv
10:08:14.599689 - EVENT MANAGER: object:children-changed:add for [image: 'Request latency' (0x7e30eaca6e00)]  in accessibility_probe (AccessKit) (27, 0, [label: '██████████████████████████' (0x7e30eacd26c0)]) obsoleted by object:children-changed:add for [image: 'Request latency' (0x7e30eaca6e00)]  in accessibility_probe (AccessKit) (32, 0, [label: 'Latency / Low: 2                        ' (0x7e30eacd26c0)]) more recent event of same type for same object
TOTAL PROCESSING TIME: 0.0001
^^^^^ FINISHED PRIORITY-6 OBJECT EVENT OBJECT:CHILDREN-CHANGED:ADD ^^^^^

10:08:14.599727 - EVENT MANAGER: Dequeueing object:children-changed:add for [image: 'Request latency' (0x7e30eaca6e00)]  in accessibility_probe (AccessKit) (28, 0, [label: '·         ' (0x7e30eacd2b00)])
10:08:14.599757 - EVENT MANAGER: Dequeued object:children-changed:add for [image: 'Request latency' (0x7e30eaca6e00)]  in accessibility_probe (AccessKit) (28, 0, [label: '·         ' (0x7e30eacd2b00)]) priority: 6, counter: 90

vvvvv START PRIORITY-6 OBJECT EVENT OBJECT:CHILDREN-CHANGED:ADD (queue size: 4) vvvvv
10:08:14.599820 - EVENT MANAGER: object:children-changed:add for [image: 'Request latency' (0x7e30eaca6e00)]  in accessibility_probe (AccessKit) (28, 0, [label: '·         ' (0x7e30eacd26c0)]) obsoleted by object:children-changed:add for [image: 'Request latency' (0x7e30eaca6e00)]  in accessibility_probe (AccessKit) (32, 0, [label: 'Latency / Low: 2                        ' (0x7e30eacd26c0)]) more recent event of same type for same object
TOTAL PROCESSING TIME: 0.0001
^^^^^ FINISHED PRIORITY-6 OBJECT EVENT OBJECT:CHILDREN-CHANGED:ADD ^^^^^

10:08:14.599859 - EVENT MANAGER: Dequeueing object:children-changed:add for [image: 'Request latency' (0x7e30eaca6e00)]  in accessibility_probe (AccessKit) (29, 0, [label: '0.0 ' (0x7e30eacd2b00)])
10:08:14.599889 - EVENT MANAGER: Dequeued object:children-changed:add for [image: 'Request latency' (0x7e30eaca6e00)]  in accessibility_probe (AccessKit) (29, 0, [label: '0.0 ' (0x7e30eacd2b00)]) priority: 6, counter: 91

vvvvv START PRIORITY-6 OBJECT EVENT OBJECT:CHILDREN-CHANGED:ADD (queue size: 3) vvvvv
10:08:14.599952 - EVENT MANAGER: object:children-changed:add for [image: 'Request latency' (0x7e30eaca6e00)]  in accessibility_probe (AccessKit) (29, 0, [label: '0.0 ' (0x7e30eacd26c0)]) obsoleted by object:children-changed:add for [image: 'Request latency' (0x7e30eaca6e00)]  in accessibility_probe (AccessKit) (31, 0, [label: '·         ' (0x7e30eacd26c0)]) more recent event of same type for same object
TOTAL PROCESSING TIME: 0.0001
^^^^^ FINISHED PRIORITY-6 OBJECT EVENT OBJECT:CHILDREN-CHANGED:ADD ^^^^^

10:08:14.599998 - EVENT MANAGER: Dequeueing object:children-changed:add for [image: 'Request latency' (0x7e30eaca6e00)]  in accessibility_probe (AccessKit) (30, 0, [label: '██████████████████████████' (0x7e30eacd28c0)])
10:08:14.600030 - EVENT MANAGER: Dequeued object:children-changed:add for [image: 'Request latency' (0x7e30eaca6e00)]  in accessibility_probe (AccessKit) (30, 0, [label: '██████████████████████████' (0x7e30eacd28c0)]) priority: 6, counter: 92

vvvvv START PRIORITY-6 OBJECT EVENT OBJECT:CHILDREN-CHANGED:ADD (queue size: 2) vvvvv
10:08:14.600095 - EVENT MANAGER: object:children-changed:add for [image: 'Request latency' (0x7e30eaca6e00)]  in accessibility_probe (AccessKit) (30, 0, [label: '██████████████████████████' (0x7e30eacd2e00)]) obsoleted by object:children-changed:add for [image: 'Request latency' (0x7e30eaca6e00)]  in accessibility_probe (AccessKit) (32, 0, [label: 'Latency / Low: 2                        ' (0x7e30eacd2d40)]) more recent event of same type for same object
TOTAL PROCESSING TIME: 0.0001
^^^^^ FINISHED PRIORITY-6 OBJECT EVENT OBJECT:CHILDREN-CHANGED:ADD ^^^^^

10:08:14.600132 - EVENT MANAGER: Dequeueing object:children-changed:add for [image: 'Request latency' (0x7e30eaca6e00)]  in accessibility_probe (AccessKit) (31, 0, [label: '·         ' (0x7e30eacd2b00)])
10:08:14.600160 - EVENT MANAGER: Dequeued object:children-changed:add for [image: 'Request latency' (0x7e30eaca6e00)]  in accessibility_probe (AccessKit) (31, 0, [label: '·         ' (0x7e30eacd2b00)]) priority: 6, counter: 93

vvvvv START PRIORITY-6 OBJECT EVENT OBJECT:CHILDREN-CHANGED:ADD (queue size: 1) vvvvv
10:08:14.600224 - EVENT MANAGER: object:children-changed:add for [image: 'Request latency' (0x7e30eaca6e00)]  in accessibility_probe (AccessKit) (31, 0, [label: '·         ' (0x7e31000e9600)]) obsoleted by object:children-changed:add for [image: 'Request latency' (0x7e30eaca6e00)]  in accessibility_probe (AccessKit) (32, 0, [label: 'Latency / Low: 2                        ' (0x7e30eacd2d40)]) more recent event of same type for same object
TOTAL PROCESSING TIME: 0.0001
^^^^^ FINISHED PRIORITY-6 OBJECT EVENT OBJECT:CHILDREN-CHANGED:ADD ^^^^^

10:08:14.600261 - EVENT MANAGER: Dequeueing object:children-changed:add for [image: 'Request latency' (0x7e30eaca6e00)]  in accessibility_probe (AccessKit) (32, 0, [label: 'Latency / Low: 2                        ' (0x7e30eacd28c0)])
10:08:14.600291 - EVENT MANAGER: Dequeued object:children-changed:add for [image: 'Request latency' (0x7e30eaca6e00)]  in accessibility_probe (AccessKit) (32, 0, [label: 'Latency / Low: 2                        ' (0x7e30eacd2fc0)]) priority: 6, counter: 94

vvvvv START PRIORITY-6 OBJECT EVENT OBJECT:CHILDREN-CHANGED:ADD (queue size: 0) vvvvv
10:08:14.603816 - EVENT SOURCE:
                  app='accessibility_probe (AccessKit )' name='Request latency' role='image' axid='' id=0x7e30eaca6e00
                  description=''
                  help=''
                  locale=''
                  states='enabled, focusable, focused, sensitive, showing, visible'
                  relations=''
                  actions=''
                  interfaces='Component'
                  attributes=''
                  text=''
                  path=[-1, 0, 0]
                  
                  EVENT ANY DATA:
                  name='Latency / Low: 2                        ' role='label' axid='' id=0x7e30eafa2040
                  description=''
                  help=''
                  locale=''
                  states='enabled, sensitive, showing, visible'
                  relations=''
                  actions=''
                  interfaces=''
                  attributes=''
                  text=''
                  path=[-1, 0, 0, 32]
                  
10:08:14.603852 - SCRIPT MANAGER: Active script is: accessibility_probe (module=orca.scripts.default)
10:08:14.603881 - FOCUS MANAGER: Locus of focus is [image: 'Request latency' (0x7e30eaca6e00)] 
10:08:14.603897 - EVENT MANAGER: Script for event from locus of focus is accessibility_probe (module=orca.scripts.default)
10:08:14.603904 - EVENT MANAGER: Processing object:children-changed:add: script for event is active
10:08:14.603913 - AXUtilitiesRelation: Clearing local cache. Reason: children-changed event.
10:08:14.603919 - AXObject: Clearing local cache. Reason: children-changed event.
10:08:14.603925 - AXUtilitiesRelation: Clearing local cache. Reason: children-changed event.
10:08:14.603929 - AXUtilitiesEvent: Clearing local cache. Reason: children-changed event.
10:08:14.603934 - AXUtilitiesSelection: Clearing cache. Reason: children-changed event.
TOTAL PROCESSING TIME: 0.0037
^^^^^ FINISHED PRIORITY-6 OBJECT EVENT OBJECT:CHILDREN-CHANGED:ADD ^^^^^

10:08:15.387495 - GENERATOR: Clearing cache.
10:08:16.171306 - SCRIPT MANAGER: Active script is: accessibility_probe (module=orca.scripts.default)
10:08:16.375264 - SCRIPT MANAGER: Active script is: accessibility_probe (module=orca.scripts.default)
10:08:16.552451 - BRAILLE: Attempting connection with BrlAPI.
10:08:16.552909 - BRAILLE: BrlAPI Connection is unavailable (ConnectionError): couldn't connect to b':0' with key b'keyfile:/etc/brlapi.key+polkit': connect: No such file or directory
                  (brlerrno 11, libcerrno 2, gaierrno 0)
                  Is BRLTTY really running?
10:08:16.553018 - WARNING: Braille initialization failed: BrlAPI connection unavailable.
10:08:16.553036 - BRAILLE: Scheduling BrlAPI retry in 4000 ms.
10:08:16.932901 - SCRIPT MANAGER: Active script is: accessibility_probe (module=orca.scripts.default)
10:08:16.944961 - SCRIPT MANAGER: Active script is: accessibility_probe (module=orca.scripts.default)
10:08:16.954383 - SCRIPT MANAGER: Active script is: accessibility_probe (module=orca.scripts.default)
10:08:17.104150 - SCRIPT MANAGER: Active script is: accessibility_probe (module=orca.scripts.default)
10:08:17.387686 - GENERATOR: Clearing cache.
10:08:19.387967 - GENERATOR: Clearing cache.

10:08:19.561120 - AXObject: Exception in get_role_name: app no longer exists
10:08:19.561168 - AXObject: Exception in get_name: app no longer exists
10:08:19.561212 - EVENT MANAGER: object:children-changed:remove for [desktop frame: 'main' (0x7e3100bfd980)]  in  (3, 0, [DEAD (0x7e30eaca5980)])
10:08:19.561239 - FOCUS MANAGER: Locus of focus is [image: 'Request latency' (0x7e30eaca6e00)] 
10:08:19.561339 - AXObject: Exception in get_role_name: app no longer exists
10:08:19.561350 - AXObject: Exception in get_name: app no longer exists
10:08:19.561369 - EVENT MANAGER: Queueing object:children-changed:remove for [desktop frame: 'main' (0x7e30eaca5980)]  in  (3, 0, [DEAD (0x7e30eaca5980)])
10:08:19.561387 - EVENT MANAGER: App for event source is None
10:08:19.561407 - SCRIPT MANAGER: Getting script for None [desktop frame: 'main' (0x7e31000efcc0)] 
10:08:19.561498 - SCRIPT MANAGER: Script is app script default (module=orca.scripts.default)
10:08:19.561526 - AXObject: Exception in get_role_name: app no longer exists
10:08:19.561536 - AXObject: Exception in get_name: app no longer exists
10:08:19.561558 - EVENT MANAGER: object:children-changed:remove for [desktop frame: 'main' (0x7e31000d45c0)]  in  (3, 0, [DEAD (0x7e30eaca45c0)]) has priority level: 6
10:08:19.561581 - AXObject: Exception in get_role_name: app no longer exists
10:08:19.561589 - AXObject: Exception in get_name: app no longer exists
10:08:19.561608 - EVENT MANAGER: Queued object:children-changed:remove for [desktop frame: 'main' (0x7e31000d45c0)]  in  (3, 0, [DEAD (0x7e30eaca45c0)]) priority: 6, counter: 98
10:08:19.561646 - AXObject: Exception in get_role_name: app no longer exists
10:08:19.561655 - AXObject: Exception in get_name: app no longer exists
10:08:19.561670 - EVENT MANAGER: Dequeueing object:children-changed:remove for [desktop frame: 'main' (0x7e30eaca45c0)]  in  (3, 0, [DEAD (0x7e3100a4fa00)])
10:08:19.561687 - AXObject: Exception in get_role_name: app no longer exists
10:08:19.561695 - AXObject: Exception in get_name: app no longer exists
10:08:19.561714 - EVENT MANAGER: Dequeued object:children-changed:remove for [desktop frame: 'main' (0x7e30eafa20c0)]  in  (3, 0, [DEAD (0x7e30eafa20c0)]) priority: 6, counter: 98

vvvvv START PRIORITY-6 OBJECT EVENT OBJECT:CHILDREN-CHANGED:REMOVE (queue size: 0) vvvvv
10:08:19.561736 - SCRIPT MANAGER: Checking and cleaning up scripts.
TOTAL PROCESSING TIME: 0.0012
^^^^^ FINISHED PRIORITY-6 OBJECT EVENT OBJECT:CHILDREN-CHANGED:REMOVE ^^^^^

10:08:19.562896 - ORCA: GLib handler received shutdown signal
10:08:19.562906 - ORCA: Shutting down
10:08:19.562926 - PRESENTATION MANAGER: Interrupting presentation
10:08:19.562962 - SPEECH MANAGER: interrupt_speech. Script: None Event: None notify_user: False
10:08:19.563390 - SPEECH MANAGER: Speech server is <orca.speechdispatcherfactory.SpeechServer object at 0x7e310098d6a0>
10:08:19.563441 - BRAILLE: Kill flash message orca.shutdown:118 > presentation_manager.interrupt_presentation:88 > braille_presenter.kill_flash:1829 > braille.kill_flash:2182
10:08:19.563750 - GSETTINGS SCHEMA HANDLE: speech/enable not set [app:accessibility_probe, profile:default]
10:08:19.563759 - GSETTINGS REGISTRY: speech/enable using default value = True
10:08:19.563776 - GSETTINGS SCHEMA HANDLE: speech/messages-are-detailed not set [app:accessibility_probe, profile:default]
10:08:19.563780 - GSETTINGS REGISTRY: speech/messages-are-detailed using default value = True
10:08:19.563792 - GSETTINGS SCHEMA HANDLE: speech/only-speak-displayed-text not set [app:accessibility_probe, profile:default]
10:08:19.563796 - GSETTINGS REGISTRY: speech/only-speak-displayed-text using default value = False
10:08:19.563811 - GSETTINGS SCHEMA HANDLE: voice/established not set [app:accessibility_probe, profile:default]
10:08:19.563823 - GSETTINGS SCHEMA HANDLE: voice/rate not set [app:accessibility_probe, profile:default]
10:08:19.563835 - GSETTINGS SCHEMA HANDLE: voice/pitch not set [app:accessibility_probe, profile:default]
10:08:19.563846 - GSETTINGS SCHEMA HANDLE: voice/volume not set [app:accessibility_probe, profile:default]
10:08:19.563858 - GSETTINGS SCHEMA HANDLE: voice/family-name not set [app:accessibility_probe, profile:default]
10:08:19.563868 - GSETTINGS SCHEMA HANDLE: voice/family-lang not set [app:accessibility_probe, profile:default]
10:08:19.563877 - GSETTINGS SCHEMA HANDLE: voice/family-dialect not set [app:accessibility_probe, profile:default]
10:08:19.563887 - GSETTINGS SCHEMA HANDLE: voice/family-gender not set [app:accessibility_probe, profile:default]
10:08:19.563896 - GSETTINGS SCHEMA HANDLE: voice/family-variant not set [app:accessibility_probe, profile:default]
10:08:19.563942 - GSETTINGS SCHEMA HANDLE: speech/punctuation-level not set [app:accessibility_probe, profile:default]
10:08:19.563949 - GSETTINGS REGISTRY: speech/punctuation-level using default value = 'most'
10:08:19.564002 - SPEECH PRESENTER: Adjusting 'Screen reader off.' from None start_offset: None
10:08:19.564023 - GSETTINGS SCHEMA HANDLE: speech/repeated-character-limit not set [app:accessibility_probe, profile:default]
10:08:19.564027 - GSETTINGS REGISTRY: speech/repeated-character-limit using default value = 4
10:08:19.564045 - GSETTINGS SCHEMA HANDLE: speech/use-pronunciation-dictionary not set [app:accessibility_probe, profile:default]
10:08:19.564049 - GSETTINGS REGISTRY: speech/use-pronunciation-dictionary using default value = True
10:08:19.564060 - SPEECH PRESENTER: Adjusted text: 'Screen reader off.'
10:08:19.564066 - SPEECH: Speak 'Screen reader off.' acss: {'established': False}
10:08:19.564070 - SPEECH OUTPUT: 'Screen reader off.' {'established': False}
10:08:19.564074 - SPEECH DISPATCHER: Speaking 'Screen reader off.' as string
10:08:19.564255 - SPEECH DISPATCHER: Speaking '<speak><mark name="0:6"/>Screen <mark name="7:13"/>reader <mark name="14:18"/>off.</speak>' 
                  ORCA rate 50.0, pitch 5.0, volume 10.0, language C, punctuation: SOME
                  SD rate 2, pitch 10, volume 100, language c
10:08:19.564590 - SPEECH MANAGER: Speech server is <orca.speechdispatcherfactory.SpeechServer object at 0x7e310098d6a0>
10:08:19.564617 - GSETTINGS SCHEMA HANDLE: speech/capitalization-style not set [app:accessibility_probe, profile:default]
10:08:19.564622 - GSETTINGS REGISTRY: speech/capitalization-style using default value = 'none'
10:08:19.564830 - SPEECH MANAGER: Speech server is <orca.speechdispatcherfactory.SpeechServer object at 0x7e310098d6a0>
10:08:19.564850 - GSETTINGS SCHEMA HANDLE: speech/punctuation-level not set [app:accessibility_probe, profile:default]
10:08:19.564855 - GSETTINGS REGISTRY: speech/punctuation-level using default value = 'most'
10:08:19.564898 - GSETTINGS SCHEMA HANDLE: braille/enabled not set [app:accessibility_probe, profile:default]
10:08:19.564903 - GSETTINGS REGISTRY: braille/enabled using default value = True
10:08:19.564914 - GSETTINGS SCHEMA HANDLE: braille/flash-messages not set [app:accessibility_probe, profile:default]
10:08:19.564917 - GSETTINGS REGISTRY: braille/flash-messages using default value = True
10:08:19.564928 - GSETTINGS SCHEMA HANDLE: braille/flash-messages-detailed not set [app:accessibility_probe, profile:default]
10:08:19.564931 - GSETTINGS REGISTRY: braille/flash-messages-detailed using default value = True
10:08:19.564940 - GSETTINGS SCHEMA HANDLE: braille/enabled not set [app:accessibility_probe, profile:default]
10:08:19.564944 - GSETTINGS REGISTRY: braille/enabled using default value = True
10:08:19.564954 - GSETTINGS SCHEMA HANDLE: braille/flash-messages-persistent not set [app:accessibility_probe, profile:default]
10:08:19.564958 - GSETTINGS REGISTRY: braille/flash-messages-persistent using default value = False
10:08:19.564967 - GSETTINGS SCHEMA HANDLE: braille/flash-message-duration not set [app:accessibility_probe, profile:default]
10:08:19.564971 - GSETTINGS REGISTRY: braille/flash-message-duration using default value = 5000
10:08:19.564975 - BRAILLE: Display message: 'Screen reader off.' (flash_time: 5000)
10:08:19.564987 - BRAILLE: Initializing flash: Source ID: 0
10:08:19.565002 - BRAILLE: Not contracting 'Screen reader off.' because contracted braille is not enabled.
10:08:19.565024 - BRAILLE: Refresh. Pan: True target: 0
10:08:19.565043 - GSETTINGS SCHEMA HANDLE: braille/enabled not set [app:accessibility_probe, profile:default]
10:08:19.565047 - GSETTINGS REGISTRY: braille/enabled using default value = True
10:08:19.565066 - BRAILLE: Last text object: None (Caret: 0, Line: 0, Cell: 0)
10:08:19.565091 - BRAILLE: Current text object: None (Caret: 0, Line: 0). On same line: False
10:08:19.565096 - BRAILLE: Line 0: 'Screen reader off.' focusOffset: 0 [[0, 18]]
10:08:19.565102 - BRAILLE: Current range: (0, 32). Target cell: 0
10:08:19.565107 - BRAILLE LINE:  'Screen reader off.'
10:08:19.565111 -      VISIBLE:  'Screen reader off.', cursor=0
10:08:19.565124 - BRAILLE: Enabling braille. BrlAPI running: False
10:08:19.565128 - BRAILLE: Need to initialize first.
10:08:19.565142 - BRAILLE: Initializing. Callback: input_event_manager.InputEventManager.process_braille_event
10:08:19.565163 - BRAILLE: WINDOWPATH= None
10:08:19.565176 - BRAILLE: XDG_VTNR= 1
10:08:19.565188 - BRAILLE: Attempting connection with BrlAPI.
10:08:19.565251 - REMOTE CONTROLLER: Attempting to shut down D-Bus service.
10:08:19.565258 - DBUS SERVICE: Releasing D-Bus resources for service.
10:08:19.565265 - DBUS SERVICE: Shutting down and unpublishing module SayAllPresenter from main service.
10:08:19.565306 - DBUS SERVICE: Shutting down and unpublishing module ProfileManager from main service.
10:08:19.565320 - DBUS SERVICE: Shutting down and unpublishing module CommandManager from main service.
10:08:19.565331 - DBUS SERVICE: Shutting down and unpublishing module DocumentPresenter from main service.
10:08:19.565342 - DBUS SERVICE: Shutting down and unpublishing module SystemInformationPresenter from main service.
10:08:19.565351 - DBUS SERVICE: Shutting down and unpublishing module SleepModeManager from main service.
10:08:19.565361 - DBUS SERVICE: Shutting down and unpublishing module CaretNavigator from main service.
10:08:19.565371 - DBUS SERVICE: Shutting down and unpublishing module BraillePresenter from main service.
10:08:19.565387 - DBUS SERVICE: Shutting down and unpublishing module NotificationPresenter from main service.
10:08:19.565397 - DBUS SERVICE: Shutting down and unpublishing module ActionPresenter from main service.
10:08:19.565406 - DBUS SERVICE: Shutting down and unpublishing module MouseReviewer from main service.
10:08:19.565415 - DBUS SERVICE: Shutting down and unpublishing module StructuralNavigator from main service.
10:08:19.565423 - DBUS SERVICE: Shutting down and unpublishing module SoundPresenter from main service.
10:08:19.565433 - DBUS SERVICE: Shutting down and unpublishing module TableNavigator from main service.
10:08:19.565442 - DBUS SERVICE: Shutting down and unpublishing module SpeechPresenter from main service.
10:08:19.565450 - DBUS SERVICE: Shutting down and unpublishing module TypingEchoPresenter from main service.
10:08:19.565494 - BRAILLE: BrlAPI Connection is unavailable (ConnectionError): couldn't connect to b':0' with key b'keyfile:/etc/brlapi.key+polkit': connect: No such file or directory
                  (brlerrno 11, libcerrno 2, gaierrno 0)
                  Is BRLTTY really running?
10:08:19.565520 - DBUS SERVICE: Shutting down and unpublishing module ChatPresenter from main service.
10:08:19.565556 - DBUS SERVICE: Shutting down and unpublishing module SpellCheckPresenter from main service.
10:08:19.565586 - DBUS SERVICE: Shutting down and unpublishing module ClipboardPresenter from main service.
10:08:19.565596 - DBUS SERVICE: Shutting down and unpublishing module SpeechManager from main service.
10:08:19.565604 - DBUS SERVICE: Shutting down and unpublishing module FlatReviewPresenter from main service.
10:08:19.565612 - DBUS SERVICE: Shutting down and unpublishing module ObjectNavigator from main service.
10:08:19.565621 - DBUS SERVICE: Shutting down and unpublishing module WhereAmIPresenter from main service.
10:08:19.565628 - DBUS SERVICE: Shutting down and unpublishing module TextAttributeManager from main service.
10:08:19.565869 - REMOTE CONTROLLER: D-Bus service shut down.
10:08:19.565883 - ORCA MODIFIER MANAGER: Unsetting Orca modifiers: Shutting down.
10:08:19.569671 - ORCA MODIFIER MANAGER: Original xmodmap restored
10:08:19.569751 - EVENT MANAGER: Pause queueing: True. Clear queue: True. Shutting down.
10:08:19.569767 - INPUT EVENT MANAGER: Pause queueing: True. Shutting down.
10:08:19.569775 - SCRIPT MANAGER: Deactivating <unknown>.<module>:373 > orca._glib_shutdown_handler:182 > orca.shutdown:129 > script_manager.deactivate:70
10:08:19.570036 - EVENT MANAGER: De-registering listeners for: default (module=orca.scripts.default)
10:08:19.570045 - EVENT MANAGER: deregistering listener for: document:attributes-changed
10:08:19.570156 - EVENT MANAGER: deregistering listener for: document:load-complete
10:08:19.570228 - EVENT MANAGER: deregistering listener for: document:load-stopped
10:08:19.570283 - EVENT MANAGER: deregistering listener for: document:page-changed
10:08:19.570331 - EVENT MANAGER: deregistering listener for: document:reload
10:08:19.570377 - EVENT MANAGER: deregistering listener for: mouse:button
10:08:19.570422 - EVENT MANAGER: deregistering listener for: object:active-descendant-changed
10:08:19.570467 - EVENT MANAGER: deregistering listener for: object:announcement
10:08:19.570511 - EVENT MANAGER: deregistering listener for: object:attributes-changed
10:08:19.570554 - EVENT MANAGER: deregistering listener for: object:children-changed:add
10:08:19.570606 - EVENT MANAGER: deregistering listener for: object:children-changed:remove
10:08:19.570656 - EVENT MANAGER: deregistering listener for: object:column-reordered
10:08:19.570699 - EVENT MANAGER: deregistering listener for: object:property-change:accessible-description
10:08:19.570748 - EVENT MANAGER: deregistering listener for: object:property-change:accessible-name
10:08:19.570797 - EVENT MANAGER: deregistering listener for: object:property-change:accessible-value
10:08:19.570848 - EVENT MANAGER: deregistering listener for: object:row-reordered
10:08:19.570895 - EVENT MANAGER: deregistering listener for: object:selection-changed
10:08:19.570941 - EVENT MANAGER: deregistering listener for: object:state-changed:active
10:08:19.570999 - EVENT MANAGER: deregistering listener for: object:state-changed:busy
10:08:19.571051 - EVENT MANAGER: deregistering listener for: object:state-changed:checked
10:08:19.571100 - EVENT MANAGER: deregistering listener for: object:state-changed:expanded
10:08:19.571148 - EVENT MANAGER: deregistering listener for: object:state-changed:focused
10:08:19.571196 - EVENT MANAGER: deregistering listener for: object:state-changed:indeterminate
10:08:19.571244 - EVENT MANAGER: deregistering listener for: object:state-changed:invalid-entry
10:08:19.571292 - EVENT MANAGER: deregistering listener for: object:state-changed:pressed
10:08:19.571339 - EVENT MANAGER: deregistering listener for: object:state-changed:selected
10:08:19.571386 - EVENT MANAGER: deregistering listener for: object:state-changed:sensitive
10:08:19.571434 - EVENT MANAGER: deregistering listener for: object:state-changed:showing
10:08:19.571480 - EVENT MANAGER: deregistering listener for: object:text-attributes-changed
10:08:19.571522 - EVENT MANAGER: deregistering listener for: object:text-caret-moved
10:08:19.571564 - EVENT MANAGER: deregistering listener for: object:text-changed:delete
10:08:19.571611 - EVENT MANAGER: deregistering listener for: object:text-changed:insert
10:08:19.571657 - EVENT MANAGER: deregistering listener for: object:text-selection-changed
10:08:19.571700 - EVENT MANAGER: deregistering listener for: object:value-changed
10:08:19.571742 - EVENT MANAGER: deregistering listener for: window:activate
10:08:19.571784 - EVENT MANAGER: deregistering listener for: window:create
10:08:19.571827 - EVENT MANAGER: deregistering listener for: window:deactivate
10:08:19.571868 - EVENT MANAGER: deregistering listener for: window:destroy
10:08:19.571938 - SCRIPT MANAGER: Deactivating accessibility_probe (module=orca.scripts.default) reason: deactivate
10:08:19.571980 - GSETTINGS SCHEMA HANDLE: keybindings/keyboard-layout not set [profile:default]
10:08:19.571988 - GSETTINGS REGISTRY: keybindings/keyboard-layout using default value = 'desktop'
10:08:19.571993 - COMMAND MANAGER: Setting keyboard layout is_desktop to True.
10:08:19.572070 - GSETTINGS SCHEMA HANDLE: keybindings/entries no dict values set
10:08:19.572075 - GSETTINGS REGISTRY: keybindings/entries using default value = {}
10:08:19.572079 - COMMAND MANAGER: No user overrides to apply
10:08:19.572122 - GSETTINGS SCHEMA HANDLE: keybindings/keyboard-layout not set [profile:default]
10:08:19.572126 - GSETTINGS REGISTRY: keybindings/keyboard-layout using default value = 'desktop'
10:08:19.572135 - GSETTINGS SCHEMA HANDLE: keybindings/desktop-modifier-keys not set [profile:default]
10:08:19.572139 - GSETTINGS REGISTRY: keybindings/desktop-modifier-keys using default value = ['Insert', 'KP_Insert']

vvvvv COMMAND MANAGER: Grab diff: keyboard layout change (old: 77, new: 77) vvvvv
10:08:19.572162 -   No grab changes
^^^^^ COMMAND MANAGER: Diff completed in 0.0000s. Removed 0, added 0, transferred 0 ^^^^^

10:08:19.572172 - COMMAND MANAGER: Keyboard layout set to desktop.
10:08:19.572182 - GSETTINGS SCHEMA HANDLE: keybindings/keyboard-layout not set [profile:default]
10:08:19.572186 - GSETTINGS REGISTRY: keybindings/keyboard-layout using default value = 'desktop'
10:08:19.572193 - GSETTINGS SCHEMA HANDLE: keybindings/desktop-modifier-keys not set [profile:default]
10:08:19.572196 - GSETTINGS REGISTRY: keybindings/desktop-modifier-keys using default value = ['Insert', 'KP_Insert']
10:08:19.572202 - SCRIPT MANAGER: Deactivated
10:08:19.572207 - EVENT MANAGER: Deactivating <unknown>.<module>:373 > orca._glib_shutdown_handler:182 > orca.shutdown:130 > event_manager.deactivate:98
10:08:19.572431 - INPUT EVENT MANAGER: Stopping key watcher.
10:08:19.572464 - EVENT MANAGER: Deactivated
10:08:19.572471 - CLIPBOARD PRESENTER: Deactivating
10:08:19.572558 - CLIPBOARD PRESENTER: Deactivated
10:08:19.572570 - PRESENTATION MANAGER: Shutting down presenters
10:08:19.572857 - SPEECH MANAGER: shutdown_speech. Script: None Event: None notify_user: False
10:08:19.573039 - SPEECH MANAGER: Speech server is <orca.speechdispatcherfactory.SpeechServer object at 0x7e310098d6a0>
10:08:19.581729 - BRAILLE: Attempting braille shutdown.
10:08:19.581800 - BRAILLE: Braille was not running.
10:08:19.581811 - ORCA: Quitting Atspi main event loop
10:08:19.581835 - ORCA: Shutdown complete
