08:55:40.257117 - INFO: Preparing to launch.
08:55:40.258106 - ORCA: Attempt to load orca-customizations from /tmp/rtui-orca-fleh7jub/data/orca/orca-customizations.py succeeded.
08:55:40.305488 - INFO: About to launch Orca.
08:55:40.307499 - ORCA: Accessibility enabled: false
08:55:40.307536 - ORCA: Enabling accessibility.
08:55:40.310571 - GSETTINGS REGISTRY: No dconf settings found; proceeding with migration.
08:55:40.310642 - GSETTINGS REGISTRY: Migrating 'live-regions' settings to GSettings.
08:55:40.310693 - GSETTINGS REGISTRY: Schema org.gnome.Orca.LiveRegions loaded
08:55:40.310760 - GSETTINGS REGISTRY: Migrating 'sound' settings to GSettings.
08:55:40.310775 - GSETTINGS REGISTRY: Schema org.gnome.Orca.Sound loaded
08:55:40.310805 - GSETTINGS REGISTRY: Migrating 'structural-navigation' settings to GSettings.
08:55:40.310816 - GSETTINGS REGISTRY: Schema org.gnome.Orca.StructuralNavigation loaded
08:55:40.310843 - GSETTINGS REGISTRY: Migrating 'say-all' settings to GSettings.
08:55:40.310855 - GSETTINGS REGISTRY: Schema org.gnome.Orca.SayAll loaded
08:55:40.310882 - GSETTINGS REGISTRY: Migrating 'caret-navigation' settings to GSettings.
08:55:40.310892 - GSETTINGS REGISTRY: Schema org.gnome.Orca.CaretNavigation loaded
08:55:40.310910 - GSETTINGS REGISTRY: Migrating 'table-navigation' settings to GSettings.
08:55:40.310918 - GSETTINGS REGISTRY: Schema org.gnome.Orca.TableNavigation loaded
08:55:40.310939 - GSETTINGS REGISTRY: Migrating 'document' settings to GSettings.
08:55:40.310950 - GSETTINGS REGISTRY: Schema org.gnome.Orca.Document loaded
08:55:40.310997 - GSETTINGS REGISTRY: Migrating 'speech' settings to GSettings.
08:55:40.311009 - GSETTINGS REGISTRY: Schema org.gnome.Orca.Speech loaded
08:55:40.311032 - GSETTINGS REGISTRY: Migrating 'voice' settings to GSettings.
08:55:40.311040 - GSETTINGS REGISTRY: Schema org.gnome.Orca.Voice loaded
08:55:40.311059 - GSETTINGS REGISTRY: Migrating 'typing-echo' settings to GSettings.
08:55:40.311066 - GSETTINGS REGISTRY: Schema org.gnome.Orca.TypingEcho loaded
08:55:40.311086 - GSETTINGS REGISTRY: Migrating 'chat' settings to GSettings.
08:55:40.311095 - GSETTINGS REGISTRY: Schema org.gnome.Orca.Chat loaded
08:55:40.311115 - GSETTINGS REGISTRY: Migrating 'flat-review' settings to GSettings.
08:55:40.311123 - GSETTINGS REGISTRY: Schema org.gnome.Orca.FlatReview loaded
08:55:40.311138 - GSETTINGS REGISTRY: Migrating 'mouse-review' settings to GSettings.
08:55:40.311147 - GSETTINGS REGISTRY: Schema org.gnome.Orca.MouseReview loaded
08:55:40.311173 - GSETTINGS REGISTRY: Migrating 'spellcheck' settings to GSettings.
08:55:40.311181 - GSETTINGS REGISTRY: Schema org.gnome.Orca.Spellcheck loaded
08:55:40.311199 - GSETTINGS REGISTRY: Migrating 'system-information' settings to GSettings.
08:55:40.311207 - GSETTINGS REGISTRY: Schema org.gnome.Orca.SystemInformation loaded
08:55:40.311226 - GSETTINGS REGISTRY: Migrating 'text-attributes' settings to GSettings.
08:55:40.311233 - GSETTINGS REGISTRY: Schema org.gnome.Orca.TextAttributes loaded
08:55:40.311258 - GSETTINGS REGISTRY: Migrating 'braille' settings to GSettings.
08:55:40.311266 - GSETTINGS REGISTRY: Schema org.gnome.Orca.Braille loaded
08:55:40.311296 - GSETTINGS REGISTRY: Migrating 'keybindings' settings to GSettings.
08:55:40.311305 - GSETTINGS REGISTRY: Schema org.gnome.Orca.Keybindings loaded
08:55:40.311326 - GSETTINGS REGISTRY: Schema org.gnome.Orca.ProfileMetadata loaded
08:55:40.315576 - ORCA: Loading User Settings
08:55:40.315639 - EVENT MANAGER: Pause queueing: True. Clear queue: True. Loading user settings.
08:55:40.315684 - INPUT EVENT MANAGER: Pause queueing: True. Loading user settings.
08:55:40.316207 - DEFAULT: Setting up commands for None
08:55:40.316721 - BRAILLE PRESENTER: Commands set up.
08:55:40.316744 - NOTIFICATION PRESENTER: Commands set up.
08:55:40.316754 - CLIPBOARD PRESENTER: Commands set up.
08:55:40.316759 - COMMAND MANAGER: Setting up commands.
08:55:40.316785 - SAY ALL PRESENTER: Commands set up.
08:55:40.316792 - TYPING ECHO PRESENTER: Commands set up.
08:55:40.316821 - SPEECH MANAGER: Commands set up.
08:55:40.316870 - SPEECH PRESENTER: Commands set up.
08:55:40.316897 - SLEEP MODE MANAGER: Commands set up.
08:55:40.316917 - SYSTEM INFORMATION PRESENTER: Commands set up.
08:55:40.316973 - OBJECT NAVIGATOR: Commands set up.
08:55:40.317018 - GSETTINGS REGISTRY: Schema org.gnome.Orca.CaretNavigation loaded
08:55:40.317118 - GSETTINGS SCHEMA HANDLE: caret-navigation/enabled not set [profile:default]
08:55:40.317126 - GSETTINGS REGISTRY: caret-navigation/enabled using default value = True
08:55:40.317169 - CARET NAVIGATOR: Commands set up. Suspended: False
08:55:40.317485 - STRUCTURAL NAVIGATOR: Commands set up. Suspended: False
08:55:40.317516 - TABLE NAVIGATOR: Commands set up.
08:55:40.317530 - DOCUMENT PRESENTER: Commands set up.
08:55:40.317550 - LIVE REGION PRESENTER: Commands set up.
08:55:40.317557 - LEARN MODE PRESENTER: Commands set up.
08:55:40.317565 - MOUSE REVIEW: Commands set up.
08:55:40.317573 - ACTION PRESENTER: Commands set up.
08:55:40.317706 - FLAT REVIEW PRESENTER: Commands set up.
08:55:40.317729 - FLAT REVIEW FINDER: Commands set up.
08:55:40.317766 - WHERE AM I PRESENTER: Commands set up.
08:55:40.317774 - DEBUGGING TOOLS MANAGER: Commands set up.
08:55:40.317784 - CHAT PRESENTER: Commands set up.
08:55:40.317791 - PROFILE MANAGER: Commands set up.
08:55:40.317804 - BRAILLE: Setting up key ranges.
08:55:40.317829 - BRAILLE: Initializing. Callback: None
08:55:40.317851 - BRAILLE: WINDOWPATH= None
08:55:40.317866 - BRAILLE: XDG_VTNR= 1
08:55:40.317893 - BRAILLE: Attempting connection with BrlAPI.
08:55:40.318032 - BRAILLE: Not setting up key ranges: BrlAPI not running.
08:55:40.318043 - DEFAULT: Commands set up: 219 keyboard commands
08:55:40.318051 - SCRIPT: default (module=orca.scripts.default) initialized
08:55:40.318069 - GSETTINGS REGISTRY: Schema org.gnome.Orca.Keybindings loaded
08:55:40.318101 - GSETTINGS SCHEMA HANDLE: keybindings/keyboard-layout not set [profile:default]
08:55:40.318106 - GSETTINGS REGISTRY: keybindings/keyboard-layout using default value = 'desktop'
08:55:40.318110 - COMMAND MANAGER: Setting keyboard layout is_desktop to True.
08:55:40.318139 - GSETTINGS SCHEMA HANDLE: keybindings/entries no dict values set
08:55:40.318143 - GSETTINGS REGISTRY: keybindings/entries using default value = {}
08:55:40.318147 - COMMAND MANAGER: No user overrides to apply
08:55:40.318151 - COMMAND MANAGER: Device not ready, skipping grab updates.
08:55:40.318154 - COMMAND MANAGER: Keyboard layout set to desktop.
08:55:40.318161 - PRESENTATION MANAGER: Starting presenters
08:55:40.318205 - SPEECH MANAGER: start_speech. Script: None Event: None notify_user: False
08:55:40.318210 - SPEECH MANAGER: Initializing server
08:55:40.318222 - GSETTINGS REGISTRY: Schema org.gnome.Orca.Speech loaded
08:55:40.318305 - BRAILLE: BrlAPI Connection is unavailable (ConnectionError): couldn't connect to b':0' with key b'keyfile:/etc/brlapi.key+polkit': connect: No such file or directory
                  (brlerrno 11, libcerrno 2, gaierrno 0)
                  Is BRLTTY really running?
08:55:40.318340 - GSETTINGS SCHEMA HANDLE: speech/speech-server-factory not set [profile:default]
08:55:40.318357 - GSETTINGS REGISTRY: speech/speech-server-factory using default value = 'speechdispatcherfactory'
08:55:40.539917 - SPEECH MANAGER: Using speech server factory: speechdispatcherfactory
08:55:40.540058 - GSETTINGS SCHEMA HANDLE: speech/synthesizer not set [profile:default]
08:55:40.540113 - GSETTINGS REGISTRY: Schema org.gnome.Orca.Voice loaded
08:55:40.540189 - GSETTINGS SCHEMA HANDLE: voice/established not set [profile:default]
08:55:40.540228 - GSETTINGS SCHEMA HANDLE: voice/rate not set [profile:default]
08:55:40.540260 - GSETTINGS SCHEMA HANDLE: voice/pitch not set [profile:default]
08:55:40.540290 - GSETTINGS SCHEMA HANDLE: voice/volume not set [profile:default]
08:55:40.540325 - GSETTINGS SCHEMA HANDLE: voice/family-name not set [profile:default]
08:55:40.540353 - GSETTINGS SCHEMA HANDLE: voice/family-lang not set [profile:default]
08:55:40.540379 - GSETTINGS SCHEMA HANDLE: voice/family-dialect not set [profile:default]
08:55:40.540415 - GSETTINGS SCHEMA HANDLE: voice/family-gender not set [profile:default]
08:55:40.540440 - GSETTINGS SCHEMA HANDLE: voice/family-variant not set [profile:default]
08:55:40.540478 - GSETTINGS SCHEMA HANDLE: speech/punctuation-level not set [profile:default]
08:55:40.540492 - GSETTINGS REGISTRY: speech/punctuation-level using default value = 'most'
08:55:40.540583 - GSETTINGS SCHEMA HANDLE: speech/capitalization-style not set [profile:default]
08:55:40.540607 - GSETTINGS REGISTRY: speech/capitalization-style using default value = 'none'
08:55:40.540686 - SPEECH MANAGER: Server initialized
08:55:40.540763 - GSETTINGS REGISTRY: Schema org.gnome.Orca.Braille loaded
08:55:40.540835 - GSETTINGS SCHEMA HANDLE: braille/enabled not set [profile:default]
08:55:40.540854 - GSETTINGS REGISTRY: braille/enabled using default value = True
08:55:40.540903 - BRAILLE: Initializing. Callback: input_event_manager.InputEventManager.process_braille_event
08:55:40.540919 - BRAILLE: BrlAPI connection already in progress.
08:55:40.540954 - GSETTINGS SCHEMA HANDLE: braille/contracted-braille not set [profile:default]
08:55:40.540969 - GSETTINGS REGISTRY: braille/contracted-braille using default value = False
08:55:40.541006 - GSETTINGS SCHEMA HANDLE: braille/contraction-table not set [profile:default]
08:55:40.541020 - GSETTINGS REGISTRY: braille/contraction-table using default value = ''
08:55:40.541050 - GSETTINGS SCHEMA HANDLE: braille/computer-braille-at-cursor not set [profile:default]
08:55:40.541063 - GSETTINGS REGISTRY: braille/computer-braille-at-cursor using default value = True
08:55:40.541089 - GSETTINGS SCHEMA HANDLE: braille/end-of-line-indicator not set [profile:default]
08:55:40.541101 - GSETTINGS REGISTRY: braille/end-of-line-indicator using default value = True
08:55:40.541125 - GSETTINGS SCHEMA HANDLE: braille/word-wrap not set [profile:default]
08:55:40.541137 - GSETTINGS REGISTRY: braille/word-wrap using default value = False
08:55:40.541164 - GSETTINGS SCHEMA HANDLE: braille/selector-indicator not set [profile:default]
08:55:40.541177 - GSETTINGS REGISTRY: braille/selector-indicator using default value = 'dots78'
08:55:40.541194 - BRAILLE PRESENTER: Getting selector indicator: 192.
08:55:40.541221 - GSETTINGS SCHEMA HANDLE: braille/link-indicator not set [profile:default]
08:55:40.541233 - GSETTINGS REGISTRY: braille/link-indicator using default value = 'dots78'
08:55:40.541245 - BRAILLE PRESENTER: Getting link indicator: 192.
08:55:40.541270 - GSETTINGS SCHEMA HANDLE: braille/text-attributes-indicator not set [profile:default]
08:55:40.541282 - GSETTINGS REGISTRY: braille/text-attributes-indicator using default value = 'none'
08:55:40.541294 - BRAILLE PRESENTER: Getting text attributes indicator: 0.
08:55:40.541323 - GSETTINGS REGISTRY: Schema org.gnome.Orca.Sound loaded
08:55:40.541370 - GSETTINGS SCHEMA HANDLE: sound/enabled not set [profile:default]
08:55:40.541384 - GSETTINGS REGISTRY: sound/enabled using default value = True
08:55:40.541427 - GSETTINGS REGISTRY: Schema org.gnome.Orca.MouseReview loaded
08:55:40.541479 - GSETTINGS SCHEMA HANDLE: mouse-review/enabled not set [profile:default]
08:55:40.541493 - GSETTINGS REGISTRY: mouse-review/enabled using default value = False
08:55:40.541508 - ORCA MODIFIER MANAGER: Refreshing Orca modifiers: Loading user settings.
08:55:40.541541 - GSETTINGS SCHEMA HANDLE: keybindings/keyboard-layout not set [profile:default]
08:55:40.541553 - GSETTINGS REGISTRY: keybindings/keyboard-layout using default value = 'desktop'
08:55:40.541578 - GSETTINGS SCHEMA HANDLE: keybindings/desktop-modifier-keys not set [profile:default]
08:55:40.541591 - GSETTINGS REGISTRY: keybindings/desktop-modifier-keys using default value = ['Insert', 'KP_Insert']
08:55:40.541617 - GSETTINGS SCHEMA HANDLE: keybindings/keyboard-layout not set [profile:default]
08:55:40.541629 - GSETTINGS REGISTRY: keybindings/keyboard-layout using default value = 'desktop'
08:55:40.541650 - GSETTINGS SCHEMA HANDLE: keybindings/desktop-modifier-keys not set [profile:default]
08:55:40.541662 - GSETTINGS REGISTRY: keybindings/desktop-modifier-keys using default value = ['Insert', 'KP_Insert']
08:55:40.541747 - INPUT EVENT MANAGER: No device to add grab for Insert
08:55:40.541796 - INPUT EVENT MANAGER: No device to add grab for KP_Insert
08:55:40.541816 - ORCA MODIFIER MANAGER: No stored xmodmap found
08:55:40.544537 - ORCA MODIFIER MANAGER: Creating Orca xmodmap
08:55:40.544619 - GSETTINGS SCHEMA HANDLE: keybindings/keyboard-layout not set [profile:default]
08:55:40.544629 - GSETTINGS REGISTRY: keybindings/keyboard-layout using default value = 'desktop'
08:55:40.544642 - GSETTINGS SCHEMA HANDLE: keybindings/desktop-modifier-keys not set [profile:default]
08:55:40.544648 - GSETTINGS REGISTRY: keybindings/desktop-modifier-keys using default value = ['Insert', 'KP_Insert']
08:55:40.544661 - EVENT MANAGER: Pause queueing: False. Clear queue: False. User settings loaded.
08:55:40.544668 - INPUT EVENT MANAGER: Pause queueing: False. User settings loaded.
08:55:40.544672 - ORCA: User Settings Loaded
08:55:40.544692 - DEBUGGING TOOLS MANAGER: Orca version 50.1.2, AT-SPI2 version: 2.60.0, Session: x11 gnome
08:55:40.545255 - DEBUGGING TOOLS MANAGER: Desktop has 0 app(s):
08:55:40.545291 - ORCA: Running under systemd: False
08:55:40.545374 - ORCA: Connected to a11y applications gsetting: True
08:55:40.545396 - REMOTE CONTROLLER: Attempting to start D-Bus service.
08:55:40.545466 - REMOTE CONTROLLER: SessionMessageBus acquired: :1.7
08:55:40.546841 - REMOTE CONTROLLER: Service started name=org.gnome.Orca.Service path=/org/gnome/Orca/Service.
08:55:40.546865 - REMOTE CONTROLLER: Processing 25 pending module registrations.
08:55:40.546879 - REMOTE CONTROLLER: Processing pending registration for LiveRegionPresenter.
08:55:40.546973 - REMOTE CONTROLLER: Processing pending registration for SoundPresenter.
08:55:40.547110 - DBUS SERVICE: OrcaModuleDBusInterface for SoundPresenter initialized with 0 command(s), 0 parameterized command(s), 5 getter(s), 5 setter(s).
08:55:40.547334 - DBUS SERVICE: Successfully published SoundPresenter at /org/gnome/Orca/Service/SoundPresenter.
08:55:40.547352 - REMOTE CONTROLLER: Successfully registered 10 commands/getters/setters for module SoundPresenter.
08:55:40.547365 - REMOTE CONTROLLER: Processing pending registration for StructuralNavigator.
08:55:40.547717 - DBUS SERVICE: OrcaModuleDBusInterface for StructuralNavigator initialized with 85 command(s), 0 parameterized command(s), 4 getter(s), 4 setter(s).
08:55:40.547931 - DBUS SERVICE: Successfully published StructuralNavigator at /org/gnome/Orca/Service/StructuralNavigator.
08:55:40.547949 - REMOTE CONTROLLER: Successfully registered 93 commands/getters/setters for module StructuralNavigator.
08:55:40.547961 - REMOTE CONTROLLER: Processing pending registration for SayAllPresenter.
08:55:40.548120 - DBUS SERVICE: OrcaModuleDBusInterface for SayAllPresenter initialized with 3 command(s), 0 parameterized command(s), 10 getter(s), 10 setter(s).
08:55:40.548327 - DBUS SERVICE: Successfully published SayAllPresenter at /org/gnome/Orca/Service/SayAllPresenter.
08:55:40.548344 - REMOTE CONTROLLER: Successfully registered 23 commands/getters/setters for module SayAllPresenter.
08:55:40.548356 - REMOTE CONTROLLER: Processing pending registration for CaretNavigator.
08:55:40.548473 - DBUS SERVICE: OrcaModuleDBusInterface for CaretNavigator initialized with 12 command(s), 0 parameterized command(s), 3 getter(s), 3 setter(s).
08:55:40.548686 - DBUS SERVICE: Successfully published CaretNavigator at /org/gnome/Orca/Service/CaretNavigator.
08:55:40.548704 - REMOTE CONTROLLER: Successfully registered 18 commands/getters/setters for module CaretNavigator.
08:55:40.548716 - REMOTE CONTROLLER: Processing pending registration for TableNavigator.
08:55:40.548831 - DBUS SERVICE: OrcaModuleDBusInterface for TableNavigator initialized with 15 command(s), 0 parameterized command(s), 2 getter(s), 2 setter(s).
08:55:40.549067 - DBUS SERVICE: Successfully published TableNavigator at /org/gnome/Orca/Service/TableNavigator.
08:55:40.549095 - REMOTE CONTROLLER: Successfully registered 19 commands/getters/setters for module TableNavigator.
08:55:40.549115 - REMOTE CONTROLLER: Processing pending registration for DocumentPresenter.
08:55:40.549296 - DBUS SERVICE: OrcaModuleDBusInterface for DocumentPresenter initialized with 3 command(s), 0 parameterized command(s), 10 getter(s), 7 setter(s).
08:55:40.549560 - DBUS SERVICE: Successfully published DocumentPresenter at /org/gnome/Orca/Service/DocumentPresenter.
08:55:40.549587 - REMOTE CONTROLLER: Successfully registered 20 commands/getters/setters for module DocumentPresenter.
08:55:40.549599 - REMOTE CONTROLLER: Processing pending registration for SpeechPresenter.
08:55:40.550039 - DBUS SERVICE: OrcaModuleDBusInterface for SpeechPresenter initialized with 5 command(s), 0 parameterized command(s), 33 getter(s), 33 setter(s).
08:55:40.550341 - DBUS SERVICE: Successfully published SpeechPresenter at /org/gnome/Orca/Service/SpeechPresenter.
08:55:40.550371 - REMOTE CONTROLLER: Successfully registered 71 commands/getters/setters for module SpeechPresenter.
08:55:40.550385 - REMOTE CONTROLLER: Processing pending registration for SpeechManager.
08:55:40.550749 - DBUS SERVICE: OrcaModuleDBusInterface for SpeechManager initialized with 14 command(s), 1 parameterized command(s), 18 getter(s), 15 setter(s).
08:55:40.551005 - DBUS SERVICE: Successfully published SpeechManager at /org/gnome/Orca/Service/SpeechManager.
08:55:40.551025 - REMOTE CONTROLLER: Successfully registered 48 commands/getters/setters for module SpeechManager.
08:55:40.551037 - REMOTE CONTROLLER: Processing pending registration for TypingEchoPresenter.
08:55:40.551207 - DBUS SERVICE: OrcaModuleDBusInterface for TypingEchoPresenter initialized with 1 command(s), 0 parameterized command(s), 14 getter(s), 14 setter(s).
08:55:40.551415 - DBUS SERVICE: Successfully published TypingEchoPresenter at /org/gnome/Orca/Service/TypingEchoPresenter.
08:55:40.551432 - REMOTE CONTROLLER: Successfully registered 29 commands/getters/setters for module TypingEchoPresenter.
08:55:40.551443 - REMOTE CONTROLLER: Processing pending registration for SleepModeManager.
08:55:40.551490 - DBUS SERVICE: OrcaModuleDBusInterface for SleepModeManager initialized with 1 command(s), 0 parameterized command(s), 0 getter(s), 0 setter(s).
08:55:40.551684 - DBUS SERVICE: Successfully published SleepModeManager at /org/gnome/Orca/Service/SleepModeManager.
08:55:40.551701 - REMOTE CONTROLLER: Successfully registered 1 commands/getters/setters for module SleepModeManager.
08:55:40.551713 - REMOTE CONTROLLER: Processing pending registration for ActionPresenter.
08:55:40.551760 - DBUS SERVICE: OrcaModuleDBusInterface for ActionPresenter initialized with 1 command(s), 0 parameterized command(s), 0 getter(s), 0 setter(s).
08:55:40.551956 - DBUS SERVICE: Successfully published ActionPresenter at /org/gnome/Orca/Service/ActionPresenter.
08:55:40.551972 - REMOTE CONTROLLER: Successfully registered 1 commands/getters/setters for module ActionPresenter.
08:55:40.551995 - REMOTE CONTROLLER: Processing pending registration for ChatPresenter.
08:55:40.552158 - DBUS SERVICE: OrcaModuleDBusInterface for ChatPresenter initialized with 5 command(s), 0 parameterized command(s), 5 getter(s), 5 setter(s).
08:55:40.552349 - DBUS SERVICE: Successfully published ChatPresenter at /org/gnome/Orca/Service/ChatPresenter.
08:55:40.552360 - REMOTE CONTROLLER: Successfully registered 15 commands/getters/setters for module ChatPresenter.
08:55:40.552366 - REMOTE CONTROLLER: Processing pending registration for ClipboardPresenter.
08:55:40.552406 - DBUS SERVICE: OrcaModuleDBusInterface for ClipboardPresenter initialized with 1 command(s), 0 parameterized command(s), 0 getter(s), 0 setter(s).
08:55:40.552524 - DBUS SERVICE: Successfully published ClipboardPresenter at /org/gnome/Orca/Service/ClipboardPresenter.
08:55:40.552532 - REMOTE CONTROLLER: Successfully registered 1 commands/getters/setters for module ClipboardPresenter.
08:55:40.552536 - REMOTE CONTROLLER: Processing pending registration for FlatReviewPresenter.
08:55:40.552632 - DBUS SERVICE: OrcaModuleDBusInterface for FlatReviewPresenter initialized with 33 command(s), 0 parameterized command(s), 1 getter(s), 1 setter(s).
08:55:40.552765 - DBUS SERVICE: Successfully published FlatReviewPresenter at /org/gnome/Orca/Service/FlatReviewPresenter.
08:55:40.552772 - REMOTE CONTROLLER: Successfully registered 35 commands/getters/setters for module FlatReviewPresenter.
08:55:40.552777 - REMOTE CONTROLLER: Processing pending registration for MouseReviewer.
08:55:40.552829 - DBUS SERVICE: OrcaModuleDBusInterface for MouseReviewer initialized with 1 command(s), 0 parameterized command(s), 2 getter(s), 2 setter(s).
08:55:40.552936 - DBUS SERVICE: Successfully published MouseReviewer at /org/gnome/Orca/Service/MouseReviewer.
08:55:40.552942 - REMOTE CONTROLLER: Successfully registered 5 commands/getters/setters for module MouseReviewer.
08:55:40.552946 - REMOTE CONTROLLER: Processing pending registration for NotificationPresenter.
08:55:40.552985 - DBUS SERVICE: OrcaModuleDBusInterface for NotificationPresenter initialized with 4 command(s), 0 parameterized command(s), 0 getter(s), 0 setter(s).
08:55:40.553094 - DBUS SERVICE: Successfully published NotificationPresenter at /org/gnome/Orca/Service/NotificationPresenter.
08:55:40.553100 - REMOTE CONTROLLER: Successfully registered 4 commands/getters/setters for module NotificationPresenter.
08:55:40.553104 - REMOTE CONTROLLER: Processing pending registration for ObjectNavigator.
08:55:40.553142 - DBUS SERVICE: OrcaModuleDBusInterface for ObjectNavigator initialized with 6 command(s), 0 parameterized command(s), 0 getter(s), 0 setter(s).
08:55:40.553245 - DBUS SERVICE: Successfully published ObjectNavigator at /org/gnome/Orca/Service/ObjectNavigator.
08:55:40.553251 - REMOTE CONTROLLER: Successfully registered 6 commands/getters/setters for module ObjectNavigator.
08:55:40.553256 - REMOTE CONTROLLER: Processing pending registration for ProfileManager.
08:55:40.553299 - DBUS SERVICE: OrcaModuleDBusInterface for ProfileManager initialized with 2 command(s), 0 parameterized command(s), 3 getter(s), 2 setter(s).
08:55:40.553400 - DBUS SERVICE: Successfully published ProfileManager at /org/gnome/Orca/Service/ProfileManager.
08:55:40.553406 - REMOTE CONTROLLER: Successfully registered 7 commands/getters/setters for module ProfileManager.
08:55:40.553411 - REMOTE CONTROLLER: Processing pending registration for SpellCheckPresenter.
08:55:40.553470 - DBUS SERVICE: OrcaModuleDBusInterface for SpellCheckPresenter initialized with 0 command(s), 0 parameterized command(s), 3 getter(s), 3 setter(s).
08:55:40.553570 - DBUS SERVICE: Successfully published SpellCheckPresenter at /org/gnome/Orca/Service/SpellCheckPresenter.
08:55:40.553575 - REMOTE CONTROLLER: Successfully registered 6 commands/getters/setters for module SpellCheckPresenter.
08:55:40.553580 - REMOTE CONTROLLER: Processing pending registration for SystemInformationPresenter.
08:55:40.553625 - DBUS SERVICE: OrcaModuleDBusInterface for SystemInformationPresenter initialized with 4 command(s), 0 parameterized command(s), 4 getter(s), 2 setter(s).
08:55:40.553733 - DBUS SERVICE: Successfully published SystemInformationPresenter at /org/gnome/Orca/Service/SystemInformationPresenter.
08:55:40.553739 - REMOTE CONTROLLER: Successfully registered 10 commands/getters/setters for module SystemInformationPresenter.
08:55:40.553744 - REMOTE CONTROLLER: Processing pending registration for TextAttributeManager.
08:55:40.553774 - DBUS SERVICE: OrcaModuleDBusInterface for TextAttributeManager initialized with 0 command(s), 0 parameterized command(s), 2 getter(s), 2 setter(s).
08:55:40.553878 - DBUS SERVICE: Successfully published TextAttributeManager at /org/gnome/Orca/Service/TextAttributeManager.
08:55:40.553883 - REMOTE CONTROLLER: Successfully registered 4 commands/getters/setters for module TextAttributeManager.
08:55:40.553887 - REMOTE CONTROLLER: Processing pending registration for WhereAmIPresenter.
08:55:40.553928 - DBUS SERVICE: OrcaModuleDBusInterface for WhereAmIPresenter initialized with 11 command(s), 0 parameterized command(s), 0 getter(s), 0 setter(s).
08:55:40.554039 - DBUS SERVICE: Successfully published WhereAmIPresenter at /org/gnome/Orca/Service/WhereAmIPresenter.
08:55:40.554046 - REMOTE CONTROLLER: Successfully registered 11 commands/getters/setters for module WhereAmIPresenter.
08:55:40.554050 - REMOTE CONTROLLER: Processing pending registration for BraillePresenter.
08:55:40.554225 - DBUS SERVICE: OrcaModuleDBusInterface for BraillePresenter initialized with 1 command(s), 0 parameterized command(s), 26 getter(s), 25 setter(s).
08:55:40.554332 - DBUS SERVICE: Successfully published BraillePresenter at /org/gnome/Orca/Service/BraillePresenter.
08:55:40.554338 - REMOTE CONTROLLER: Successfully registered 52 commands/getters/setters for module BraillePresenter.
08:55:40.554342 - REMOTE CONTROLLER: Processing pending registration for CommandManager.
08:55:40.554411 - DBUS SERVICE: OrcaModuleDBusInterface for CommandManager initialized with 1 command(s), 0 parameterized command(s), 3 getter(s), 3 setter(s).
08:55:40.554523 - DBUS SERVICE: Successfully published CommandManager at /org/gnome/Orca/Service/CommandManager.
08:55:40.554530 - REMOTE CONTROLLER: Successfully registered 7 commands/getters/setters for module CommandManager.
08:55:40.554555 - REMOTE CONTROLLER: Registration complete. Summary: 24 modules, 210 module commands, 148 module getters, 138 module setters, 6 system commands. Total handlers: 502.
08:55:40.554606 - GSETTINGS SCHEMA HANDLE: speech/enable not set [profile:default]
08:55:40.554612 - GSETTINGS REGISTRY: speech/enable using default value = True
08:55:40.554629 - GSETTINGS SCHEMA HANDLE: speech/messages-are-detailed not set [profile:default]
08:55:40.554632 - GSETTINGS REGISTRY: speech/messages-are-detailed using default value = True
08:55:40.554643 - GSETTINGS SCHEMA HANDLE: speech/only-speak-displayed-text not set [profile:default]
08:55:40.554646 - GSETTINGS REGISTRY: speech/only-speak-displayed-text using default value = False
08:55:40.554687 - GSETTINGS SCHEMA HANDLE: voice/established not set [profile:default]
08:55:40.554699 - GSETTINGS SCHEMA HANDLE: voice/rate not set [profile:default]
08:55:40.554710 - GSETTINGS SCHEMA HANDLE: voice/pitch not set [profile:default]
08:55:40.554717 - GSETTINGS SCHEMA HANDLE: voice/volume not set [profile:default]
08:55:40.554729 - GSETTINGS SCHEMA HANDLE: voice/family-name not set [profile:default]
08:55:40.554737 - GSETTINGS SCHEMA HANDLE: voice/family-lang not set [profile:default]
08:55:40.554745 - GSETTINGS SCHEMA HANDLE: voice/family-dialect not set [profile:default]
08:55:40.554752 - GSETTINGS SCHEMA HANDLE: voice/family-gender not set [profile:default]
08:55:40.554759 - GSETTINGS SCHEMA HANDLE: voice/family-variant not set [profile:default]
08:55:40.555027 - GSETTINGS SCHEMA HANDLE: speech/punctuation-level not set [profile:default]
08:55:40.555049 - GSETTINGS REGISTRY: speech/punctuation-level using default value = 'most'
08:55:40.555343 - SPEECH PRESENTER: Adjusting 'Screen reader on.' from None start_offset: None
08:55:40.555381 - GSETTINGS SCHEMA HANDLE: speech/repeated-character-limit not set [profile:default]
08:55:40.555393 - GSETTINGS REGISTRY: speech/repeated-character-limit using default value = 4
08:55:40.555500 - GSETTINGS SCHEMA HANDLE: speech/use-pronunciation-dictionary not set [profile:default]
08:55:40.555508 - GSETTINGS REGISTRY: speech/use-pronunciation-dictionary using default value = True
08:55:40.555556 - GSETTINGS REGISTRY: Schema org.gnome.Orca.Pronunciations loaded
08:55:40.555586 - GSETTINGS SCHEMA HANDLE: pronunciations/entries no dict values set
08:55:40.555592 - GSETTINGS REGISTRY: pronunciations/entries using default value = {}
08:55:40.555601 - SPEECH PRESENTER: Adjusted text: 'Screen reader on.'
08:55:40.555608 - SPEECH: Speak 'Screen reader on.' acss: {'established': False}
08:55:40.555614 - SPEECH OUTPUT: 'Screen reader on.' {'established': False}
08:55:40.555618 - SPEECH DISPATCHER: Speaking 'Screen reader on.' as string
08:55:40.556711 - SPEECH DISPATCHER: Speaking '<speak><mark name="0:6"/>Screen <mark name="7:13"/>reader <mark name="14:17"/>on.</speak>' 
                  ORCA rate 50.0, pitch 5.0, volume 10.0, language C, punctuation: SOME
                  SD rate 2, pitch 10, volume 100, language c
08:55:40.557044 - SPEECH MANAGER: Speech server is <orca.speechdispatcherfactory.SpeechServer object at 0x764998af96a0>
08:55:40.557085 - GSETTINGS SCHEMA HANDLE: speech/capitalization-style not set [profile:default]
08:55:40.557092 - GSETTINGS REGISTRY: speech/capitalization-style using default value = 'none'
08:55:40.557287 - SPEECH MANAGER: Speech server is <orca.speechdispatcherfactory.SpeechServer object at 0x764998af96a0>
08:55:40.557330 - GSETTINGS SCHEMA HANDLE: speech/punctuation-level not set [profile:default]
08:55:40.557339 - GSETTINGS REGISTRY: speech/punctuation-level using default value = 'most'
08:55:40.557398 - GSETTINGS SCHEMA HANDLE: braille/enabled not set [profile:default]
08:55:40.557403 - GSETTINGS REGISTRY: braille/enabled using default value = True
08:55:40.557414 - GSETTINGS SCHEMA HANDLE: braille/flash-messages not set [profile:default]
08:55:40.557418 - GSETTINGS REGISTRY: braille/flash-messages using default value = True
08:55:40.557426 - GSETTINGS SCHEMA HANDLE: braille/flash-messages-detailed not set [profile:default]
08:55:40.557429 - GSETTINGS REGISTRY: braille/flash-messages-detailed using default value = True
08:55:40.557438 - GSETTINGS SCHEMA HANDLE: braille/enabled not set [profile:default]
08:55:40.557441 - GSETTINGS REGISTRY: braille/enabled using default value = True
08:55:40.557450 - GSETTINGS SCHEMA HANDLE: braille/flash-messages-persistent not set [profile:default]
08:55:40.557453 - GSETTINGS REGISTRY: braille/flash-messages-persistent using default value = False
08:55:40.557460 - GSETTINGS SCHEMA HANDLE: braille/flash-message-duration not set [profile:default]
08:55:40.557464 - GSETTINGS REGISTRY: braille/flash-message-duration using default value = 5000
08:55:40.557470 - BRAILLE: Display message: 'Screen reader on.' (flash_time: 5000)
08:55:40.557476 - BRAILLE: Initializing flash: Source ID: 0
08:55:40.557501 - BRAILLE: Not contracting 'Screen reader on.' because contracted braille is not enabled.
08:55:40.557592 - BRAILLE: Refresh. Pan: True target: 0
08:55:40.557613 - GSETTINGS SCHEMA HANDLE: braille/enabled not set [profile:default]
08:55:40.557618 - GSETTINGS REGISTRY: braille/enabled using default value = True
08:55:40.557643 - BRAILLE: Last text object: None (Caret: 0, Line: 0, Cell: 0)
08:55:40.557670 - BRAILLE: Current text object: None (Caret: 0, Line: 0). On same line: False
08:55:40.557677 - BRAILLE: Line 0: 'Screen reader on.' focusOffset: 0 [[0, 17]]
08:55:40.557684 - BRAILLE: Current range: (0, 32). Target cell: 0
08:55:40.557690 - BRAILLE LINE:  'Screen reader on.'
08:55:40.557694 -      VISIBLE:  'Screen reader on.', cursor=0
08:55:40.557709 - BRAILLE: Enabling braille. BrlAPI running: False
08:55:40.557713 - BRAILLE: Need to initialize first.
08:55:40.557729 - BRAILLE: Initializing. Callback: input_event_manager.InputEventManager.process_braille_event
08:55:40.557733 - BRAILLE: BrlAPI connection already in progress.
08:55:40.557749 - EVENT MANAGER: Activating <unknown>.<module>:373 > orca._activate_services:248 > event_manager.activate:85
08:55:40.561108 - INPUT EVENT MANAGER: Starting key watcher.
08:55:40.561193 - GSETTINGS SCHEMA HANDLE: keybindings/keyboard-layout not set [profile:default]
08:55:40.561201 - GSETTINGS REGISTRY: keybindings/keyboard-layout using default value = 'desktop'
08:55:40.561214 - GSETTINGS SCHEMA HANDLE: keybindings/desktop-modifier-keys not set [profile:default]
08:55:40.561219 - GSETTINGS REGISTRY: keybindings/desktop-modifier-keys using default value = ['Insert', 'KP_Insert']
08:55:40.561394 - INPUT EVENT MANAGER: Grab id for Insert: 0
08:55:40.561426 - INPUT EVENT MANAGER: Grab id for KP_Insert: 0
08:55:40.561432 - EVENT MANAGER: Activated
08:55:40.561439 - SCRIPT MANAGER: Activating <unknown>.<module>:373 > orca._activate_services:249 > script_manager.activate:56
08:55:40.561716 - EVENT MANAGER: Registering listeners for: default (module=orca.scripts.default)
08:55:40.561726 - EVENT MANAGER: registering listener for: document:attributes-changed
08:55:40.561985 - EVENT MANAGER: registering listener for: document:load-complete
08:55:40.562164 - EVENT MANAGER: registering listener for: document:load-stopped
08:55:40.562309 - EVENT MANAGER: registering listener for: document:page-changed
08:55:40.562448 - EVENT MANAGER: registering listener for: document:reload
08:55:40.562582 - EVENT MANAGER: registering listener for: mouse:button
08:55:40.562715 - EVENT MANAGER: registering listener for: object:active-descendant-changed
08:55:40.562844 - EVENT MANAGER: registering listener for: object:announcement
08:55:40.562970 - EVENT MANAGER: registering listener for: object:attributes-changed
08:55:40.563113 - EVENT MANAGER: registering listener for: object:children-changed:add
08:55:40.563281 - EVENT MANAGER: registering listener for: object:children-changed:remove
08:55:40.563445 - EVENT MANAGER: registering listener for: object:column-reordered
08:55:40.563580 - EVENT MANAGER: registering listener for: object:property-change:accessible-description
08:55:40.563741 - EVENT MANAGER: registering listener for: object:property-change:accessible-name
08:55:40.563932 - EVENT MANAGER: registering listener for: object:property-change:accessible-value
08:55:40.564118 - EVENT MANAGER: registering listener for: object:row-reordered
08:55:40.564251 - EVENT MANAGER: registering listener for: object:selection-changed
08:55:40.564382 - EVENT MANAGER: registering listener for: object:state-changed:active
08:55:40.564547 - EVENT MANAGER: registering listener for: object:state-changed:busy
08:55:40.564718 - EVENT MANAGER: registering listener for: object:state-changed:checked
08:55:40.564882 - EVENT MANAGER: registering listener for: object:state-changed:expanded
08:55:40.565056 - EVENT MANAGER: registering listener for: object:state-changed:focused
08:55:40.565242 - EVENT MANAGER: registering listener for: object:state-changed:indeterminate
08:55:40.565448 - EVENT MANAGER: registering listener for: object:state-changed:invalid-entry
08:55:40.565648 - EVENT MANAGER: registering listener for: object:state-changed:pressed
08:55:40.565828 - EVENT MANAGER: registering listener for: object:state-changed:selected
08:55:40.566018 - EVENT MANAGER: registering listener for: object:state-changed:sensitive
08:55:40.566207 - EVENT MANAGER: registering listener for: object:state-changed:showing
08:55:40.566379 - EVENT MANAGER: registering listener for: object:text-attributes-changed
08:55:40.566512 - EVENT MANAGER: registering listener for: object:text-caret-moved
08:55:40.566642 - EVENT MANAGER: registering listener for: object:text-changed:delete
08:55:40.566805 - EVENT MANAGER: registering listener for: object:text-changed:insert
08:55:40.566967 - EVENT MANAGER: registering listener for: object:text-selection-changed
08:55:40.567107 - EVENT MANAGER: registering listener for: object:value-changed
08:55:40.567238 - EVENT MANAGER: registering listener for: window:activate
08:55:40.567365 - EVENT MANAGER: registering listener for: window:create
08:55:40.567492 - EVENT MANAGER: registering listener for: window:deactivate
08:55:40.567620 - EVENT MANAGER: registering listener for: window:destroy
08:55:40.567820 - SCRIPT MANAGER: Setting active script to default (module=orca.scripts.default) reason: activate
08:55:40.567858 - DEFAULT: Activating script for None
08:55:40.568229 - SPEECH MANAGER: Speech server is <orca.speechdispatcherfactory.SpeechServer object at 0x764998af96a0>
08:55:40.568316 - GSETTINGS SCHEMA HANDLE: speech/punctuation-level not set [profile:default]
08:55:40.568335 - GSETTINGS REGISTRY: speech/punctuation-level using default value = 'most'
08:55:40.568602 - SPEECH MANAGER: Speech server is <orca.speechdispatcherfactory.SpeechServer object at 0x764998af96a0>
08:55:40.568657 - GSETTINGS SCHEMA HANDLE: speech/capitalization-style not set [profile:default]
08:55:40.568674 - GSETTINGS REGISTRY: speech/capitalization-style using default value = 'none'
08:55:40.568929 - SPEECH MANAGER: Speech server is <orca.speechdispatcherfactory.SpeechServer object at 0x764998af96a0>
08:55:40.569023 - GSETTINGS SCHEMA HANDLE: speech/synthesizer not set [profile:default]
08:55:40.569072 - SCRIPT MANAGER: Active script is: default (module=orca.scripts.default)
08:55:40.569088 - CARET NAVIGATOR: Commands suspended: False: script activation, no prior state
08:55:40.569122 - GSETTINGS SCHEMA HANDLE: keybindings/keyboard-layout not set [profile:default]
08:55:40.569139 - GSETTINGS REGISTRY: keybindings/keyboard-layout using default value = 'desktop'
08:55:40.569164 - GSETTINGS SCHEMA HANDLE: keybindings/desktop-modifier-keys not set [profile:default]
08:55:40.569178 - GSETTINGS REGISTRY: keybindings/desktop-modifier-keys using default value = ['Insert', 'KP_Insert']
08:55:40.569245 - SCRIPT MANAGER: Active script is: default (module=orca.scripts.default)
08:55:40.569259 - STRUCTURAL NAVIGATOR: Suspended: False: script activation, no prior state
08:55:40.569287 - GSETTINGS SCHEMA HANDLE: keybindings/keyboard-layout not set [profile:default]
08:55:40.569299 - GSETTINGS REGISTRY: keybindings/keyboard-layout using default value = 'desktop'
08:55:40.569323 - GSETTINGS SCHEMA HANDLE: keybindings/desktop-modifier-keys not set [profile:default]
08:55:40.569336 - GSETTINGS REGISTRY: keybindings/desktop-modifier-keys using default value = ['Insert', 'KP_Insert']
08:55:40.569409 - STRUCTURAL NAVIGATOR: Setting mode for default (module=orca.scripts.default) to NavigationMode.OFF
08:55:40.569440 - SCRIPT MANAGER: Active script is: default (module=orca.scripts.default)
08:55:40.569470 - GSETTINGS SCHEMA HANDLE: keybindings/keyboard-layout not set [profile:default]
08:55:40.569484 - GSETTINGS REGISTRY: keybindings/keyboard-layout using default value = 'desktop'
08:55:40.569507 - GSETTINGS SCHEMA HANDLE: keybindings/desktop-modifier-keys not set [profile:default]
08:55:40.569519 - GSETTINGS REGISTRY: keybindings/desktop-modifier-keys using default value = ['Insert', 'KP_Insert']
08:55:40.569593 - CARET NAVIGATOR: Setting enabled state for default (module=orca.scripts.default) to False
08:55:40.569625 - SCRIPT MANAGER: Active script is: default (module=orca.scripts.default)
08:55:40.569655 - GSETTINGS SCHEMA HANDLE: keybindings/keyboard-layout not set [profile:default]
08:55:40.569670 - GSETTINGS REGISTRY: keybindings/keyboard-layout using default value = 'desktop'
08:55:40.569694 - GSETTINGS SCHEMA HANDLE: keybindings/desktop-modifier-keys not set [profile:default]
08:55:40.569708 - GSETTINGS REGISTRY: keybindings/desktop-modifier-keys using default value = ['Insert', 'KP_Insert']
08:55:40.569734 - COMMAND MANAGER: Activating commands: activated default (module=orca.scripts.default)
08:55:40.569894 - GSETTINGS SCHEMA HANDLE: keybindings/entries no dict values set
08:55:40.569921 - GSETTINGS REGISTRY: keybindings/entries using default value = {}
08:55:40.569934 - COMMAND MANAGER: No user overrides to apply
08:55:40.570043 - GSETTINGS SCHEMA HANDLE: keybindings/keyboard-layout not set [profile:default]
08:55:40.570069 - GSETTINGS REGISTRY: keybindings/keyboard-layout using default value = 'desktop'
08:55:40.570098 - GSETTINGS SCHEMA HANDLE: keybindings/desktop-modifier-keys not set [profile:default]
08:55:40.570115 - GSETTINGS REGISTRY: keybindings/desktop-modifier-keys using default value = ['Insert', 'KP_Insert']

vvvvv COMMAND MANAGER: Grab diff: activated default (module=orca.scripts.default) (old: 77, new: 77) vvvvv
08:55:40.574371 -   Added (46):
08:55:40.574441 -     Orca+KP_Divide: routePointerToItemHandler
08:55:40.574465 -     Orca+space: preferencesSettingsHandler
08:55:40.574483 -     Orca+Control+space: appPreferencesSettingsHandler
08:55:40.574498 -     Orca+s: toggleSilenceSpeechHandler
08:55:40.574513 -     Orca+v: toggleSpeechVerbosityHandler
08:55:40.574526 -     Orca+F11: toggleTableCellReadModeHandler
08:55:40.574541 -     Orca+Shift+d: toggle_speech_monitor
08:55:40.574559 -     Orca+t: presentTimeHandler
08:55:40.574573 -     Orca+t x2: presentDateHandler
08:55:40.574587 -     Orca+Control+Up: object_navigator_up
08:55:40.574599 -     Orca+Control+Down: object_navigator_down
08:55:40.574618 -     Orca+Control+Right: object_navigator_next
08:55:40.574632 -     Orca+Control+Left: object_navigator_previous
08:55:40.574645 -     Orca+Control+Return: object_navigator_perform_action
08:55:40.574658 -     Orca+Control+s: object_navigator_toggle_simplify
08:55:40.574670 -     Orca+F12: toggle_enabled
08:55:40.574682 -     Orca+z: structural_navigator_mode_cycle
08:55:40.574694 -     Orca+Shift+t: table_navigator_toggle_enabled
08:55:40.574707 -     Orca+Alt+Shift+Left: table_cell_beginning_of_row
08:55:40.574720 -     Orca+Alt+Shift+Right: table_cell_end_of_row
08:55:40.574733 -     Orca+Alt+Shift+Up: table_cell_top_of_column
08:55:40.574745 -     Orca+Alt+Shift+Down: table_cell_bottom_of_column
08:55:40.574756 -     Orca+Shift+r: set_dynamic_column_headers_row
08:55:40.574769 -     Orca+Shift+r x2: clear_dynamic_column_headers_row
08:55:40.574781 -     Orca+Shift+c: set_dynamic_row_headers_column
08:55:40.574792 -     Orca+Shift+c x2: clear_dynamic_row_headers_column
08:55:40.574804 -     Orca+a: toggle_presentation_mode
08:55:40.574817 -     Orca+a x2: enable_sticky_focus_mode
08:55:40.574829 -     Orca+a x3: enable_sticky_browse_mode
08:55:40.574841 -     Orca+backslash: toggle_live_region_support
08:55:40.574853 -     Orca+h: enterLearnModeHandler
08:55:40.574865 -     Orca+Shift+a: show_actions_list
08:55:40.574877 -     Orca+KP_Home: reviewHomeHandler
08:55:40.574888 -     Orca+KP_Page_Up: reviewEndHandler
08:55:40.574900 -     Orca+KP_End: reviewEndOfLineHandler
08:55:40.574912 -     Orca+KP_Begin: reviewCurrentAccessibleHandler
08:55:40.574924 -     Orca+KP_Left: reviewAboveHandler
08:55:40.574936 -     Orca+KP_Right: reviewBelowHandler
08:55:40.574947 -     Orca+KP_Delete: findNextHandler
08:55:40.574959 -     Orca+Shift+KP_Delete: findPreviousHandler
08:55:40.574971 -     Orca+f: readCharAttributesHandler
08:55:40.574989 -     Orca+KP_Enter: getTitleHandler
08:55:40.575002 -     Orca+KP_Enter x2: getStatusBarHandler
08:55:40.575014 -     Orca+e: present_default_button
08:55:40.575026 -     Orca+equal: present_cell_formula
08:55:40.575038 -     Orca+Shift+Up: whereAmISelectionHandler
^^^^^ COMMAND MANAGER: Diff completed in 0.0049s. Removed 0, added 46, transferred 0 ^^^^^

08:55:40.575139 - GSETTINGS SCHEMA HANDLE: speech/enable not set [profile:default]
08:55:40.575155 - GSETTINGS REGISTRY: speech/enable using default value = True
08:55:40.575166 - SPEECH MANAGER: Speech is enabled.
08:55:40.575238 - SPEECH MANAGER: start_speech. Script: None Event: None notify_user: False
08:55:40.575251 - SPEECH MANAGER: Initializing server
08:55:40.575261 - SPEECH MANAGER: Already initialized
08:55:40.575297 - GSETTINGS SCHEMA HANDLE: keybindings/keyboard-layout not set [profile:default]
08:55:40.575311 - GSETTINGS REGISTRY: keybindings/keyboard-layout using default value = 'desktop'
08:55:40.575323 - COMMAND MANAGER: Setting keyboard layout is_desktop to True.
08:55:40.575430 - GSETTINGS SCHEMA HANDLE: keybindings/entries no dict values set
08:55:40.575445 - GSETTINGS REGISTRY: keybindings/entries using default value = {}
08:55:40.575455 - COMMAND MANAGER: No user overrides to apply
08:55:40.575533 - GSETTINGS SCHEMA HANDLE: keybindings/keyboard-layout not set [profile:default]
08:55:40.575551 - GSETTINGS REGISTRY: keybindings/keyboard-layout using default value = 'desktop'
08:55:40.575576 - GSETTINGS SCHEMA HANDLE: keybindings/desktop-modifier-keys not set [profile:default]
08:55:40.575588 - GSETTINGS REGISTRY: keybindings/desktop-modifier-keys using default value = ['Insert', 'KP_Insert']

vvvvv COMMAND MANAGER: Grab diff: keyboard layout change (old: 77, new: 77) vvvvv
08:55:40.577083 -   No grab changes
^^^^^ COMMAND MANAGER: Diff completed in 0.0015s. Removed 0, added 0, transferred 0 ^^^^^

08:55:40.577113 - COMMAND MANAGER: Keyboard layout set to desktop.
08:55:40.577151 - GSETTINGS SCHEMA HANDLE: keybindings/keyboard-layout not set [profile:default]
08:55:40.577165 - GSETTINGS REGISTRY: keybindings/keyboard-layout using default value = 'desktop'
08:55:40.577188 - GSETTINGS SCHEMA HANDLE: keybindings/desktop-modifier-keys not set [profile:default]
08:55:40.577206 - GSETTINGS REGISTRY: keybindings/desktop-modifier-keys using default value = ['Insert', 'KP_Insert']
08:55:40.577220 - SCRIPT MANAGER: Activated
08:55:40.577500 - AXUtilities: Unable to find active window from []
08:55:40.577523 - CLIPBOARD PRESENTER: Activating
08:55:40.579408 - CLIPBOARD PRESENTER: Could not access klipper interface: The name org.kde.klipper was not provided by any .service files
08:55:40.579962 - CLIPBOARD PRESENTER: Could not access GPaste interface: The name org.gnome.GPaste was not provided by any .service files
08:55:40.580327 - CLIPBOARD PRESENTER: Using Gtk.Clipboard as fallback.
08:55:40.580352 - CLIPBOARD PRESENTER: Activated
08:55:40.580382 - ORCA: Starting Atspi main event loop
08:55:40.580568 - WARNING: Braille initialization failed: BrlAPI connection unavailable.
08:55:40.580606 - BRAILLE: Scheduling BrlAPI retry in 2000 ms.

08:55:40.581435 - EVENT MANAGER: object:children-changed:add for [desktop frame: 'main' (0x7649981d5c00)]  in  (0, 0, [application: 'orca' (0x764998b278c0)])
08:55:40.581490 - FOCUS MANAGER: Locus of focus is None
08:55:40.581965 - SCRIPT MANAGER: Active script is: default (module=orca.scripts.default)
08:55:40.582085 - EVENT MANAGER: Queueing object:children-changed:add for [desktop frame: 'main' (0x764998d64a00)]  in  (0, 0, [application: 'orca' (0x764998b09380)])
08:55:40.582129 - EVENT MANAGER: App for event source is None
08:55:40.582179 - SCRIPT MANAGER: Getting script for None [desktop frame: 'main' (0x764998bb5e40)] 
08:55:40.582319 - SCRIPT MANAGER: Script is app script default (module=orca.scripts.default)
08:55:40.582421 - EVENT MANAGER: object:children-changed:add for [desktop frame: 'main' (0x76499822b2c0)]  in  (0, 0, [application: 'orca' (0x764998b080c0)]) has priority level: 6
08:55:40.582515 - EVENT MANAGER: Queued object:children-changed:add for [desktop frame: 'main' (0x76499822b280)]  in  (0, 0, [application: 'orca' (0x76499822b240)]) priority: 6, counter: 0
08:55:40.582632 - EVENT MANAGER: Dequeueing object:children-changed:add for [desktop frame: 'main' (0x76499822b280)]  in  (0, 0, [application: 'orca' (0x76499822b280)])
08:55:40.582720 - EVENT MANAGER: Dequeued object:children-changed:add for [desktop frame: 'main' (0x76499822b380)]  in  (0, 0, [application: 'orca' (0x76499822ae00)]) priority: 6, counter: 0

vvvvv START PRIORITY-6 OBJECT EVENT OBJECT:CHILDREN-CHANGED:ADD (queue size: 0) vvvvv
08:55:40.584419 - EVENT SOURCE:
                  app='' name='main' role='desktop frame' axid='None' id=0x7649981f04c0
                  description=''
                  help=''
                  locale=''
                  states=''
                  relations=''
                  actions=''
                  interfaces='Component'
                  attributes=''
                  text=''
                  path=[-1]
                  
                  EVENT ANY DATA:
                  name='orca' role='application' axid='' id=0x7649981f04c0
                  description=''
                  help=''
                  locale='C.UTF-8'
                  states=''
                  relations=''
                  actions=''
                  interfaces='Collection'
                  attributes=''
                  text=''
                  path=[-1]
                  
08:55:40.584475 - SCRIPT MANAGER: Active script is: default (module=orca.scripts.default)
08:55:40.584524 - FOCUS MANAGER: Locus of focus is None
08:55:40.584596 - EVENT MANAGER: Getting script for event for None [desktop frame: 'main' (0x76499822b8c0)] 
08:55:40.584646 - SCRIPT MANAGER: Getting script for None [desktop frame: 'main' (0x76499822b8c0)] 
08:55:40.584767 - SCRIPT MANAGER: Script is app script default (module=orca.scripts.default)
08:55:40.584803 - EVENT MANAGER: Script for event is default (module=orca.scripts.default)
08:55:40.584821 - EVENT MANAGER: Processing object:children-changed:add: script for event is active
08:55:40.584850 - AXUtilitiesRelation: Clearing local cache. Reason: children-changed event.
08:55:40.584882 - AXObject: Clearing local cache. Reason: children-changed event.
08:55:40.584897 - AXUtilitiesRelation: Clearing local cache. Reason: children-changed event.
08:55:40.584912 - AXUtilitiesEvent: Clearing local cache. Reason: children-changed event.
08:55:40.584931 - AXUtilitiesSelection: Clearing cache. Reason: children-changed event.
TOTAL PROCESSING TIME: 0.0022
^^^^^ FINISHED PRIORITY-6 OBJECT EVENT OBJECT:CHILDREN-CHANGED:ADD ^^^^^


08:55:40.824355 - EVENT MANAGER: object:children-changed:add for [desktop frame: 'main' (0x764998d67000)]  in  (1, 0, [application: 'xdg-desktop-portal-gtk' (0x764998d67000)])
08:55:40.824471 - FOCUS MANAGER: Locus of focus is None
08:55:40.824752 - SCRIPT MANAGER: Active script is: default (module=orca.scripts.default)
08:55:40.824863 - EVENT MANAGER: Queueing object:children-changed:add for [desktop frame: 'main' (0x764998b27a00)]  in  (1, 0, [application: 'xdg-desktop-portal-gtk' (0x764998b27a00)])
08:55:40.824910 - EVENT MANAGER: App for event source is None
08:55:40.824961 - SCRIPT MANAGER: Getting script for None [desktop frame: 'main' (0x764998d67000)] 
08:55:40.825157 - SCRIPT MANAGER: Script is app script default (module=orca.scripts.default)
08:55:40.825266 - EVENT MANAGER: object:children-changed:add for [desktop frame: 'main' (0x76499822bc80)]  in  (1, 0, [application: 'xdg-desktop-portal-gtk' (0x76499822bc80)]) has priority level: 6
08:55:40.825398 - EVENT MANAGER: Queued object:children-changed:add for [desktop frame: 'main' (0x76499822bd00)]  in  (1, 0, [application: 'xdg-desktop-portal-gtk' (0x76499822bd00)]) priority: 6, counter: 1
08:55:40.825548 - EVENT MANAGER: Dequeueing object:children-changed:add for [desktop frame: 'main' (0x764998bb4a00)]  in  (1, 0, [application: 'xdg-desktop-portal-gtk' (0x764998bb4a00)])
08:55:40.825591 - EVENT MANAGER: Dequeued object:children-changed:add for [desktop frame: 'main' (0x76499822bd00)]  in  (1, 0, [application: 'xdg-desktop-portal-gtk' (0x76499822bb80)]) priority: 6, counter: 1

vvvvv START PRIORITY-6 OBJECT EVENT OBJECT:CHILDREN-CHANGED:ADD (queue size: 0) vvvvv
08:55:40.826909 - EVENT SOURCE:
                  app='' name='main' role='desktop frame' axid='None' id=0x76499822bc40
                  description=''
                  help=''
                  locale=''
                  states=''
                  relations=''
                  actions=''
                  interfaces='Component'
                  attributes=''
                  text=''
                  path=[-1]
                  
                  EVENT ANY DATA:
                  name='xdg-desktop-portal-gtk' role='application' axid='' id=0x764998d66580
                  description=''
                  help=''
                  locale='C.UTF-8'
                  states=''
                  relations=''
                  actions=''
                  interfaces='Collection'
                  attributes=''
                  text=''
                  path=[-1]
                  
08:55:40.826982 - SCRIPT MANAGER: Active script is: default (module=orca.scripts.default)
08:55:40.827033 - FOCUS MANAGER: Locus of focus is None
08:55:40.827110 - EVENT MANAGER: Getting script for event for None [desktop frame: 'main' (0x76499822bf40)] 
08:55:40.827134 - SCRIPT MANAGER: Getting script for None [desktop frame: 'main' (0x76499822bf40)] 
08:55:40.827269 - SCRIPT MANAGER: Script is app script default (module=orca.scripts.default)
08:55:40.827315 - EVENT MANAGER: Script for event is default (module=orca.scripts.default)
08:55:40.827338 - EVENT MANAGER: Processing object:children-changed:add: script for event is active
08:55:40.827369 - AXUtilitiesRelation: Clearing local cache. Reason: children-changed event.
08:55:40.827386 - AXObject: Clearing local cache. Reason: children-changed event.
08:55:40.827401 - AXUtilitiesRelation: Clearing local cache. Reason: children-changed event.
08:55:40.827415 - AXUtilitiesEvent: Clearing local cache. Reason: children-changed event.
08:55:40.827433 - AXUtilitiesSelection: Clearing cache. Reason: children-changed event.
TOTAL PROCESSING TIME: 0.0019
^^^^^ FINISHED PRIORITY-6 OBJECT EVENT OBJECT:CHILDREN-CHANGED:ADD ^^^^^


08:55:40.895885 - EVENT MANAGER: object:children-changed:add for [desktop frame: 'main' (0x764998240200)]  in  (2, 0, [application: 'org.gnome.Terminal' (0x764998240100)])
08:55:40.895953 - FOCUS MANAGER: Locus of focus is None
08:55:40.896045 - EVENT_MANAGER: Ignoring object:children-changed:add due to multiple instances in short time

08:55:41.047680 - EVENT MANAGER: object:property-change:accessible-name for [button: 'New Tab' (0x7649982404c0)]  in org.gnome.Terminal (gtk 3.24.52) (0, 0, New Tab)
08:55:41.047749 - FOCUS MANAGER: Locus of focus is None
08:55:41.047952 - EVENT MANAGER: Queueing object:property-change:accessible-name for [button: 'New Tab' (0x7649981d77c0)]  in org.gnome.Terminal (gtk 3.24.52) (0, 0, New Tab)
08:55:41.047989 - EVENT MANAGER: App for event source is [application: 'org.gnome.Terminal' (0x7649982405c0)] 
08:55:41.048012 - SCRIPT MANAGER: Getting script for [application: 'org.gnome.Terminal' (0x7649982405c0)]  [button: 'New Tab' (0x764998240580)] 
08:55:41.048084 - SCRIPT MANAGER: Creating toolkit script for [application: 'org.gnome.Terminal' (0x7649982405c0)]  [button: 'New Tab' (0x764998240580)]  gtk
08:55:41.048125 - SCRIPT MANAGER: Mapped [application: 'org.gnome.Terminal' (0x7649982405c0)]  to Terminal
08:55:41.048593 - SCRIPT MANAGER: Found orca.scripts.toolkits.gtk
08:55:41.049081 - DEFAULT: Setting up commands for [application: 'org.gnome.Terminal' (0x7649982405c0)] 
08:55:41.049109 - DEFAULT: Commands already initialized.
08:55:41.049118 - SCRIPT: org.gnome.Terminal (module=orca.scripts.toolkits.gtk.script) initialized
08:55:41.049141 - SCRIPT MANAGER: Creating app script for [application: 'org.gnome.Terminal' (0x7649982405c0)] 
08:55:41.049176 - SCRIPT MANAGER: Mapped [application: 'org.gnome.Terminal' (0x7649982405c0)]  to Terminal
08:55:41.049308 - SCRIPT MANAGER: Found orca.scripts.toolkits.gtk
08:55:41.049530 - DEFAULT: Setting up commands for [application: 'org.gnome.Terminal' (0x7649982405c0)] 
08:55:41.049538 - DEFAULT: Commands already initialized.
08:55:41.049542 - SCRIPT: org.gnome.Terminal (module=orca.scripts.toolkits.gtk.script) initialized
08:55:41.049574 - SCRIPT MANAGER: Script is app script org.gnome.Terminal (module=orca.scripts.toolkits.gtk.script)
08:55:41.049634 - EVENT MANAGER: object:property-change:accessible-name for [button: 'New Tab' (0x764998245f40)]  in org.gnome.Terminal (gtk 3.24.52) (0, 0, New Tab) has priority level: 4
08:55:41.049679 - EVENT MANAGER: Queued object:property-change:accessible-name for [button: 'New Tab' (0x764998bc3600)]  in org.gnome.Terminal (gtk 3.24.52) (0, 0, New Tab) priority: 4, counter: 2
08:55:41.052973 - EVENT MANAGER: Dequeueing object:property-change:accessible-name for [button: 'New Tab' (0x764998b278c0)]  in org.gnome.Terminal (gtk 3.24.52) (0, 0, New Tab)
08:55:41.053044 - EVENT MANAGER: Dequeued object:property-change:accessible-name for [button: 'New Tab' (0x76499822ba00)]  in org.gnome.Terminal (gtk 3.24.52) (0, 0, New Tab) priority: 4, counter: 2

vvvvv START PRIORITY-4 OBJECT EVENT OBJECT:PROPERTY-CHANGE:ACCESSIBLE-NAME (queue size: 0) vvvvv

08:55:41.053268 - EVENT MANAGER: object:property-change:accessible-name for [toggle button: 'Profiles' (0x76499822bb80)]  in org.gnome.Terminal (gtk 3.24.52) (0, 0, Profiles)
08:55:41.053291 - FOCUS MANAGER: Locus of focus is None
08:55:41.053372 - EVENT_MANAGER: Ignoring object:property-change:accessible-name due to multiple instances in short time

08:55:41.053470 - EVENT MANAGER: object:property-change:accessible-name for [button: 'Find' (0x764998b279c0)]  in org.gnome.Terminal (gtk 3.24.52) (0, 0, Find)
08:55:41.053487 - FOCUS MANAGER: Locus of focus is None
08:55:41.053674 - EVENT_MANAGER: Ignoring object:property-change:accessible-name due to multiple instances in short time

08:55:41.054564 - EVENT MANAGER: object:state-changed:sensitive for [toggle button: 'Profiles' (0x76499824c280)]  in org.gnome.Terminal (gtk 3.24.52) (1, 0, 0)
08:55:41.054623 - FOCUS MANAGER: Locus of focus is None
08:55:41.055054 - EVENT MANAGER: Ignoring object:state-changed:sensitive due to role of unfocused source

08:55:41.055906 - EVENT MANAGER: object:children-changed:add for [frame: 'Terminal' (0x76499824c400)]  in org.gnome.Terminal (gtk 3.24.52) (-1, 0, [panel (0x7649981d6600)])
08:55:41.055957 - FOCUS MANAGER: Locus of focus is None
08:55:41.056036 - EVENT MANAGER: Not ignoring object:children-changed:add based on role
08:55:41.056129 - EVENT MANAGER: Queueing object:children-changed:add for [frame: 'Terminal' (0x76499824c6c0)]  in org.gnome.Terminal (gtk 3.24.52) (-1, 0, [panel (0x76499824c680)])
08:55:41.056174 - EVENT MANAGER: App for event source is [application: 'org.gnome.Terminal' (0x7649982405c0)] 
08:55:41.056222 - SCRIPT MANAGER: Getting script for [application: 'org.gnome.Terminal' (0x7649982405c0)]  [frame: 'Terminal' (0x76499824c640)] 
08:55:41.056349 - SCRIPT MANAGER: Script is app script org.gnome.Terminal (module=orca.scripts.toolkits.gtk.script)
08:55:41.056453 - EVENT MANAGER: object:children-changed:add for [frame: 'Terminal' (0x76499824c980)]  in org.gnome.Terminal (gtk 3.24.52) (-1, 0, [panel (0x76499824c980)]) has priority level: 6
08:55:41.056554 - EVENT MANAGER: Queued object:children-changed:add for [frame: 'Terminal' (0x76499824ca00)]  in org.gnome.Terminal (gtk 3.24.52) (-1, 0, [panel (0x76499824c1c0)]) priority: 6, counter: 3

08:55:41.056835 - EVENT MANAGER: object:state-changed:sensitive for [button: 'Find' (0x76499824c9c0)]  in org.gnome.Terminal (gtk 3.24.52) (1, 0, 0)
08:55:41.056874 - FOCUS MANAGER: Locus of focus is None
08:55:41.057078 - EVENT_MANAGER: Ignoring object:state-changed:sensitive due to multiple instances in short time

08:55:41.057195 - EVENT MANAGER: object:state-changed:sensitive for [button: 'New Tab' (0x7649982404c0)]  in org.gnome.Terminal (gtk 3.24.52) (1, 0, 0)
08:55:41.057230 - FOCUS MANAGER: Locus of focus is None
08:55:41.057360 - EVENT_MANAGER: Ignoring object:state-changed:sensitive due to multiple instances in short time

08:55:41.057599 - EVENT MANAGER: object:state-changed:sensitive for [panel (0x76499824cc40)]  in org.gnome.Terminal (gtk 3.24.52) (1, 0, 0)
08:55:41.057638 - FOCUS MANAGER: Locus of focus is None
08:55:41.057830 - EVENT_MANAGER: Ignoring object:state-changed:sensitive due to multiple instances in short time

08:55:41.058843 - EVENT MANAGER: object:state-changed:sensitive for [toggle button: 'Menu' (0x76499824cc40)]  in org.gnome.Terminal (gtk 3.24.52) (1, 0, 0)
08:55:41.058886 - FOCUS MANAGER: Locus of focus is None
08:55:41.058974 - EVENT_MANAGER: Ignoring object:state-changed:sensitive due to multiple instances in short time

08:55:41.059286 - EVENT MANAGER: object:state-changed:sensitive for [check box: 'Read-Only' (0x76499824d000)]  in org.gnome.Terminal (gtk 3.24.52) (1, 0, 0)
08:55:41.059306 - FOCUS MANAGER: Locus of focus is None
08:55:41.059371 - EVENT_MANAGER: Ignoring object:state-changed:sensitive due to multiple instances in short time

08:55:41.059643 - EVENT MANAGER: object:state-changed:checked for [check menu item: 'Show Menubar' (0x76499824d200)]  in org.gnome.Terminal (gtk 3.24.52) (1, 0, 0)
08:55:41.059660 - FOCUS MANAGER: Locus of focus is None
08:55:41.059766 - EVENT MANAGER: Ignoring object:state-changed:checked due to unfocused, non-showing source

08:55:41.060026 - EVENT MANAGER: object:state-changed:sensitive for [check menu item: 'Read-Only' (0x76499824d4c0)]  in org.gnome.Terminal (gtk 3.24.52) (1, 0, 0)
08:55:41.060054 - FOCUS MANAGER: Locus of focus is None
08:55:41.060254 - EVENT_MANAGER: Ignoring object:state-changed:sensitive due to multiple instances in short time

08:55:41.060994 - EVENT MANAGER: object:state-changed:sensitive for [check menu item: 'Full Screen' (0x76499824d780)]  in org.gnome.Terminal (gtk 3.24.52) (1, 0, 0)
08:55:41.061053 - FOCUS MANAGER: Locus of focus is None
08:55:41.061271 - EVENT_MANAGER: Ignoring object:state-changed:sensitive due to multiple instances in short time

08:55:41.061864 - EVENT MANAGER: object:state-changed:checked for [check menu item: 'Show Menubar' (0x76499824d9c0)]  in org.gnome.Terminal (gtk 3.24.52) (0, 0, 0)
08:55:41.061913 - FOCUS MANAGER: Locus of focus is None
08:55:41.062120 - EVENT_MANAGER: Ignoring object:state-changed:checked due to multiple instances in short time

08:55:41.062282 - EVENT MANAGER: object:property-change:accessible-name for [frame: 'Terminal' (0x76499824dc00)]  in org.gnome.Terminal (gtk 3.24.52) (0, 0, Terminal)
08:55:41.062321 - FOCUS MANAGER: Locus of focus is None
08:55:41.062379 - EVENT MANAGER: Not ignoring object:property-change:accessible-name based on role
08:55:41.062491 - EVENT MANAGER: Queueing object:property-change:accessible-name for [frame: 'Terminal' (0x76499824dd80)]  in org.gnome.Terminal (gtk 3.24.52) (0, 0, Terminal)
08:55:41.062597 - EVENT MANAGER: App for event source is [application: 'org.gnome.Terminal' (0x7649982405c0)] 
08:55:41.062743 - SCRIPT MANAGER: Getting script for [application: 'org.gnome.Terminal' (0x7649982405c0)]  [frame: 'Terminal' (0x76499824de40)] 
08:55:41.062780 - SCRIPT MANAGER: Script is app script org.gnome.Terminal (module=orca.scripts.toolkits.gtk.script)
08:55:41.062833 - EVENT MANAGER: object:property-change:accessible-name for [frame: 'Terminal' (0x76499824dec0)]  in org.gnome.Terminal (gtk 3.24.52) (0, 0, Terminal) has priority level: 4
08:55:41.062877 - EVENT MANAGER: Queued object:property-change:accessible-name for [frame: 'Terminal' (0x76499824dec0)]  in org.gnome.Terminal (gtk 3.24.52) (0, 0, Terminal) priority: 4, counter: 4

08:55:41.062948 - EVENT MANAGER: object:state-changed:showing for [button: 'New Tab' (0x7649982404c0)]  in org.gnome.Terminal (gtk 3.24.52) (1, 0, 0)
08:55:41.062964 - FOCUS MANAGER: Locus of focus is None
08:55:41.063029 - EVENT MANAGER: Ignoring object:state-changed:showing due to role

08:55:41.063070 - EVENT MANAGER: object:state-changed:showing for [toggle button: 'Menu' (0x76499824d400)]  in org.gnome.Terminal (gtk 3.24.52) (1, 0, 0)
08:55:41.063085 - FOCUS MANAGER: Locus of focus is None
08:55:41.063129 - EVENT_MANAGER: Ignoring object:state-changed:showing due to multiple instances in short time

08:55:41.063274 - EVENT MANAGER: object:state-changed:showing for [button: 'Find' (0x76499824e280)]  in org.gnome.Terminal (gtk 3.24.52) (1, 0, 0)
08:55:41.063291 - FOCUS MANAGER: Locus of focus is None
08:55:41.063361 - EVENT_MANAGER: Ignoring object:state-changed:showing due to multiple instances in short time

08:55:41.063507 - EVENT MANAGER: object:state-changed:showing for [button: 'Minimize' (0x76499824e440)]  in org.gnome.Terminal (gtk 3.24.52) (1, 0, 0)
08:55:41.063523 - FOCUS MANAGER: Locus of focus is None
08:55:41.063586 - EVENT_MANAGER: Ignoring object:state-changed:showing due to multiple instances in short time

08:55:41.063910 - EVENT MANAGER: object:state-changed:showing for [button: 'Maximize' (0x764998b16000)]  in org.gnome.Terminal (gtk 3.24.52) (1, 0, 0)
08:55:41.063945 - FOCUS MANAGER: Locus of focus is None
08:55:41.064126 - EVENT_MANAGER: Ignoring object:state-changed:showing due to multiple instances in short time

08:55:41.064531 - EVENT MANAGER: object:state-changed:showing for [button: 'Close' (0x76499824e840)]  in org.gnome.Terminal (gtk 3.24.52) (1, 0, 0)
08:55:41.064577 - FOCUS MANAGER: Locus of focus is None
08:55:41.064784 - EVENT_MANAGER: Ignoring object:state-changed:showing due to multiple instances in short time

08:55:41.064845 - EVENT MANAGER: object:state-changed:showing for [frame: 'Terminal' (0x764998b16840)]  in org.gnome.Terminal (gtk 3.24.52) (1, 0, 0)
08:55:41.064862 - FOCUS MANAGER: Locus of focus is None
08:55:41.064883 - EVENT MANAGER: Not ignoring object:state-changed:showing based on role
08:55:41.064915 - EVENT MANAGER: Queueing object:state-changed:showing for [frame: 'Terminal' (0x76499824e500)]  in org.gnome.Terminal (gtk 3.24.52) (1, 0, 0)
08:55:41.064929 - EVENT MANAGER: App for event source is [application: 'org.gnome.Terminal' (0x7649982405c0)] 
08:55:41.064945 - SCRIPT MANAGER: Getting script for [application: 'org.gnome.Terminal' (0x7649982405c0)]  [frame: 'Terminal' (0x764998240100)] 
08:55:41.064981 - SCRIPT MANAGER: Script is app script org.gnome.Terminal (module=orca.scripts.toolkits.gtk.script)
08:55:41.065019 - EVENT MANAGER: object:state-changed:showing for [frame: 'Terminal' (0x76499824e500)]  in org.gnome.Terminal (gtk 3.24.52) (1, 0, 0) has priority level: 4
08:55:41.065057 - EVENT MANAGER: Queued object:state-changed:showing for [frame: 'Terminal' (0x76499824ea00)]  in org.gnome.Terminal (gtk 3.24.52) (1, 0, 0) priority: 4, counter: 5

08:55:41.065095 - EVENT MANAGER: object:children-changed:add for [application: 'org.gnome.Terminal' (0x7649982405c0)]  in org.gnome.Terminal (gtk 3.24.52) (0, 0, [frame: 'Terminal' (0x76499824e900)])
08:55:41.065110 - FOCUS MANAGER: Locus of focus is None
08:55:41.065182 - SCRIPT MANAGER: Active script is: default (module=orca.scripts.default)
08:55:41.065191 - EVENT MANAGER: Ignoring object:children-changed:add because event is not from active app

08:55:41.065227 - EVENT MANAGER: window:create for [frame: 'Terminal' (0x764998b16a00)]  in org.gnome.Terminal (gtk 3.24.52) (0, 0, Terminal)
08:55:41.065256 - EVENT MANAGER: Queueing window:create for [frame: 'Terminal' (0x76499824ea00)]  in org.gnome.Terminal (gtk 3.24.52) (0, 0, Terminal)
08:55:41.065271 - EVENT MANAGER: App for event source is [application: 'org.gnome.Terminal' (0x7649982405c0)] 
08:55:41.065287 - SCRIPT MANAGER: Getting script for [application: 'org.gnome.Terminal' (0x7649982405c0)]  [frame: 'Terminal' (0x76499824d400)] 
08:55:41.065309 - SCRIPT MANAGER: Script is app script org.gnome.Terminal (module=orca.scripts.toolkits.gtk.script)
08:55:41.065343 - EVENT MANAGER: window:create for [frame: 'Terminal' (0x76499824ec80)]  in org.gnome.Terminal (gtk 3.24.52) (0, 0, Terminal) has priority level: 2
08:55:41.065377 - EVENT MANAGER: Queued window:create for [frame: 'Terminal' (0x76499824ecc0)]  in org.gnome.Terminal (gtk 3.24.52) (0, 0, Terminal) priority: 2, counter: 6

08:55:41.065629 - EVENT MANAGER: object:children-changed:add for [page tab list (0x76499824ed80)]  in org.gnome.Terminal (gtk 3.24.52) (0, 0, [page tab (0x76499824ebc0)])
08:55:41.065656 - FOCUS MANAGER: Locus of focus is None
08:55:41.065729 - EVENT_MANAGER: Ignoring object:children-changed:add due to multiple instances in short time

08:55:41.066408 - EVENT MANAGER: window:activate for [frame: 'Terminal' (0x76499824f240)]  in org.gnome.Terminal (gtk 3.24.52) (0, 0, Terminal)
08:55:41.066443 - EVENT MANAGER: Queueing window:activate for [frame: 'Terminal' (0x76499824f240)]  in org.gnome.Terminal (gtk 3.24.52) (0, 0, Terminal)
08:55:41.066459 - EVENT MANAGER: App for event source is [application: 'org.gnome.Terminal' (0x7649982405c0)] 
08:55:41.066476 - SCRIPT MANAGER: Getting script for [application: 'org.gnome.Terminal' (0x7649982405c0)]  [frame: 'Terminal' (0x76499824e900)] 
08:55:41.066500 - SCRIPT MANAGER: Script is app script org.gnome.Terminal (module=orca.scripts.toolkits.gtk.script)
08:55:41.066537 - EVENT MANAGER: window:activate for [frame: 'Terminal' (0x76499824f440)]  in org.gnome.Terminal (gtk 3.24.52) (0, 0, Terminal) has priority level: 2
08:55:41.066574 - EVENT MANAGER: Queued window:activate for [frame: 'Terminal' (0x76499824f3c0)]  in org.gnome.Terminal (gtk 3.24.52) (0, 0, Terminal) priority: 2, counter: 7

08:55:41.066659 - EVENT MANAGER: object:state-changed:focused for [terminal: 'Terminal' (0x76499824f180)]  in org.gnome.Terminal (gtk 3.24.52) (1, 0, 0)
08:55:41.066683 - FOCUS MANAGER: Locus of focus is None
08:55:41.066762 - EVENT_MANAGER: Not ignoring object:state-changed:focused due to source being focused
08:55:41.066816 - EVENT MANAGER: Queueing object:state-changed:focused for [terminal: 'Terminal' (0x764998b17180)]  in org.gnome.Terminal (gtk 3.24.52) (1, 0, 0)
08:55:41.066840 - EVENT MANAGER: App for event source is [application: 'org.gnome.Terminal' (0x7649982405c0)] 
08:55:41.066863 - SCRIPT MANAGER: Getting script for [application: 'org.gnome.Terminal' (0x7649982405c0)]  [terminal: 'Terminal' (0x76499824f1c0)] 
08:55:41.067084 - SCRIPT MANAGER: Found orca.scripts.terminal
08:55:41.067723 - DEFAULT: Setting up commands for [application: 'org.gnome.Terminal' (0x7649982405c0)] 
08:55:41.067741 - DEFAULT: Commands already initialized.
08:55:41.067749 - SCRIPT: org.gnome.Terminal (module=orca.scripts.terminal.script) initialized
08:55:41.067870 - SCRIPT MANAGER: Script is custom script org.gnome.Terminal (module=orca.scripts.terminal.script)
08:55:41.068010 - EVENT MANAGER: object:state-changed:focused for [terminal: 'Terminal' (0x764998258b40)]  in org.gnome.Terminal (gtk 3.24.52) (1, 0, 0) has priority level: 3
08:55:41.068119 - EVENT MANAGER: Queued object:state-changed:focused for [terminal: 'Terminal' (0x764998258bc0)]  in org.gnome.Terminal (gtk 3.24.52) (1, 0, 0) priority: 3, counter: 8

08:55:41.068225 - EVENT MANAGER: object:state-changed:active for [frame: 'Terminal' (0x76499824cc40)]  in org.gnome.Terminal (gtk 3.24.52) (1, 0, 0)
08:55:41.068262 - FOCUS MANAGER: Locus of focus is None
08:55:41.068322 - EVENT MANAGER: Not ignoring object:state-changed:active based on role
08:55:41.068408 - EVENT MANAGER: Queueing object:state-changed:active for [frame: 'Terminal' (0x764998258e80)]  in org.gnome.Terminal (gtk 3.24.52) (1, 0, 0)
08:55:41.068452 - EVENT MANAGER: App for event source is [application: 'org.gnome.Terminal' (0x7649982405c0)] 
08:55:41.068506 - SCRIPT MANAGER: Getting script for [application: 'org.gnome.Terminal' (0x7649982405c0)]  [frame: 'Terminal' (0x764998258f00)] 
08:55:41.068560 - SCRIPT MANAGER: Script is app script org.gnome.Terminal (module=orca.scripts.toolkits.gtk.script)
08:55:41.068671 - EVENT MANAGER: object:state-changed:active for [frame: 'Terminal' (0x764998259040)]  in org.gnome.Terminal (gtk 3.24.52) (1, 0, 0) has priority level: 2
08:55:41.068762 - EVENT MANAGER: Queued object:state-changed:active for [frame: 'Terminal' (0x764998259100)]  in org.gnome.Terminal (gtk 3.24.52) (1, 0, 0) priority: 2, counter: 9

08:55:41.068862 - EVENT MANAGER: object:state-changed:focused for [terminal: 'Terminal' (0x764998259000)]  in org.gnome.Terminal (gtk 3.24.52) (1, 0, 0)
08:55:41.068896 - FOCUS MANAGER: Locus of focus is None
08:55:41.069065 - EVENT_MANAGER: Not ignoring object:state-changed:focused due to source being focused
08:55:41.069152 - EVENT MANAGER: Queueing object:state-changed:focused for [terminal: 'Terminal' (0x7649982591c0)]  in org.gnome.Terminal (gtk 3.24.52) (1, 0, 0)
08:55:41.069194 - EVENT MANAGER: App for event source is [application: 'org.gnome.Terminal' (0x7649982405c0)] 
08:55:41.069240 - SCRIPT MANAGER: Getting script for [application: 'org.gnome.Terminal' (0x7649982405c0)]  [terminal: 'Terminal' (0x7649982591c0)] 
08:55:41.069288 - SCRIPT MANAGER: Script is custom script org.gnome.Terminal (module=orca.scripts.terminal.script)
08:55:41.069384 - EVENT MANAGER: object:state-changed:focused for [terminal: 'Terminal' (0x764998259080)]  in org.gnome.Terminal (gtk 3.24.52) (1, 0, 0) has priority level: 3
08:55:41.069475 - EVENT MANAGER: Queued object:state-changed:focused for [terminal: 'Terminal' (0x764998258d40)]  in org.gnome.Terminal (gtk 3.24.52) (1, 0, 0) priority: 3, counter: 10
08:55:41.069571 - CLIPBOARD PRESENTER: Possible change event object:text-changed:insert for [terminal: 'Terminal' (0x764998b09380)]  in org.gnome.Terminal (gtk 3.24.52) (0, 16, \n\n\n\n\n\n\n\n\n\n\n\n\n\n\n\n)

08:55:41.069713 - EVENT MANAGER: object:text-changed:insert for [terminal: 'Terminal' (0x764998b09380)]  in org.gnome.Terminal (gtk 3.24.52) (0, 16, \n\n\n\n\n\n\n\n\n\n\n\n\n\n\n\n)
08:55:41.069747 - FOCUS MANAGER: Locus of focus is None
08:55:41.069899 - EVENT_MANAGER: Not ignoring object:text-changed:insert due to source being focused
08:55:41.069992 - EVENT MANAGER: Queueing object:text-changed:insert for [terminal: 'Terminal' (0x7649982592c0)]  in org.gnome.Terminal (gtk 3.24.52) (0, 16, \n\n\n\n\n\n\n\n\n\n\n\n\n\n\n\n)
08:55:41.070040 - EVENT MANAGER: App for event source is [application: 'org.gnome.Terminal' (0x7649982405c0)] 
08:55:41.070088 - SCRIPT MANAGER: Getting script for [application: 'org.gnome.Terminal' (0x7649982405c0)]  [terminal: 'Terminal' (0x764998b91280)] 
08:55:41.070140 - SCRIPT MANAGER: Script is custom script org.gnome.Terminal (module=orca.scripts.terminal.script)
08:55:41.070239 - EVENT MANAGER: object:text-changed:insert for [terminal: 'Terminal' (0x764998258e40)]  in org.gnome.Terminal (gtk 3.24.52) (0, 16, \n\n\n\n\n\n\n\n\n\n\n\n\n\n\n\n) has priority level: 4
08:55:41.070333 - EVENT MANAGER: Queued object:text-changed:insert for [terminal: 'Terminal' (0x764998b91280)]  in org.gnome.Terminal (gtk 3.24.52) (0, 16, \n\n\n\n\n\n\n\n\n\n\n\n\n\n\n\n) priority: 4, counter: 11

08:55:41.070430 - EVENT MANAGER: object:text-caret-moved for [terminal: 'Terminal' (0x764998259280)]  in org.gnome.Terminal (gtk 3.24.52) (0, 0, 0)
08:55:41.070463 - FOCUS MANAGER: Locus of focus is None
08:55:41.070606 - EVENT_MANAGER: Not ignoring object:text-caret-moved due to source being focused
08:55:41.070688 - EVENT MANAGER: Queueing object:text-caret-moved for [terminal: 'Terminal' (0x764998259480)]  in org.gnome.Terminal (gtk 3.24.52) (0, 0, 0)
08:55:41.070730 - EVENT MANAGER: App for event source is [application: 'org.gnome.Terminal' (0x7649982405c0)] 
08:55:41.070775 - SCRIPT MANAGER: Getting script for [application: 'org.gnome.Terminal' (0x7649982405c0)]  [terminal: 'Terminal' (0x764998ba1600)] 
08:55:41.070820 - SCRIPT MANAGER: Script is custom script org.gnome.Terminal (module=orca.scripts.terminal.script)
08:55:41.070912 - EVENT MANAGER: object:text-caret-moved for [terminal: 'Terminal' (0x764998259500)]  in org.gnome.Terminal (gtk 3.24.52) (0, 0, 0) has priority level: 4
08:55:41.071009 - EVENT MANAGER: Queued object:text-caret-moved for [terminal: 'Terminal' (0x7649982594c0)]  in org.gnome.Terminal (gtk 3.24.52) (0, 0, 0) priority: 4, counter: 12

08:55:41.071399 - EVENT MANAGER: object:children-changed:add for [desktop frame: 'main' (0x764998b90400)]  in  (3, 0, [application: 'gnome-terminal' (0x76499822bec0)])
08:55:41.071439 - FOCUS MANAGER: Locus of focus is None
08:55:41.071630 - SCRIPT MANAGER: Active script is: default (module=orca.scripts.default)
08:55:41.071722 - EVENT MANAGER: Queueing object:children-changed:add for [desktop frame: 'main' (0x76499822bf40)]  in  (3, 0, [application: 'gnome-terminal' (0x764998d6a8c0)])
08:55:41.071761 - EVENT MANAGER: App for event source is None
08:55:41.071804 - SCRIPT MANAGER: Getting script for None [desktop frame: 'main' (0x764998b08400)] 
08:55:41.071960 - SCRIPT MANAGER: Script is app script default (module=orca.scripts.default)
08:55:41.072064 - EVENT MANAGER: object:children-changed:add for [desktop frame: 'main' (0x764998259600)]  in  (3, 0, [application: 'gnome-terminal' (0x7649982595c0)]) has priority level: 6
08:55:41.072150 - EVENT MANAGER: Queued object:children-changed:add for [desktop frame: 'main' (0x764998259600)]  in  (3, 0, [application: 'gnome-terminal' (0x764998259600)]) priority: 6, counter: 13
08:55:41.073312 - EVENT SOURCE:
                  app='org.gnome.Terminal (gtk 3.24.52)' name='New Tab' role='button' axid='' id=0x7649982404c0
                  description=''
                  help=''
                  locale='C.UTF-8'
                  states='enabled, focusable, sensitive, showing, visible'
                  relations=''
                  actions='click'
                  interfaces='Action, Collection, Component, Image'
                  attributes='toolkit:gtk'
                  text=''
                  path=[-1, 0, 1, 0, 0]
                  
08:55:41.073356 - SCRIPT MANAGER: Active script is: default (module=orca.scripts.default)
08:55:41.073393 - FOCUS MANAGER: Locus of focus is None
08:55:41.073465 - EVENT MANAGER: Getting script for event for [application: 'org.gnome.Terminal' (0x7649982405c0)]  [button: 'New Tab' (0x764998259f40)] 
08:55:41.073511 - SCRIPT MANAGER: Getting script for [application: 'org.gnome.Terminal' (0x7649982405c0)]  [button: 'New Tab' (0x764998259f40)] 
08:55:41.073570 - SCRIPT MANAGER: Script is app script org.gnome.Terminal (module=orca.scripts.toolkits.gtk.script)
08:55:41.073599 - EVENT MANAGER: Script for event is org.gnome.Terminal (module=orca.scripts.toolkits.gtk.script)
08:55:41.075830 - EVENT MANAGER: Change active script: False (No reason found to activate a different script.)
08:55:41.075860 - EVENT MANAGER: Processing object:property-change:accessible-name: script handles events when inactive
08:55:41.075940 - FOCUS MANAGER: Locus of focus is None
08:55:41.075952 - AXUtilitiesEvent: The event is not from the locus of focus.
TOTAL PROCESSING TIME: 0.0229
^^^^^ FINISHED PRIORITY-4 OBJECT EVENT OBJECT:PROPERTY-CHANGE:ACCESSIBLE-NAME ^^^^^

08:55:41.076231 - EVENT MANAGER: Dequeueing window:create for [frame: 'Terminal' (0x7649981e2340)]  in org.gnome.Terminal (gtk 3.24.52) (0, 0, Terminal)
08:55:41.076273 - EVENT MANAGER: Dequeued window:create for [frame: 'Terminal' (0x76499825a540)]  in org.gnome.Terminal (gtk 3.24.52) (0, 0, Terminal) priority: 2, counter: 6

vvvvv START PRIORITY-2 OBJECT EVENT WINDOW:CREATE (queue size: 10) vvvvv

08:55:41.076668 - EVENT MANAGER: object:children-changed:add for [desktop frame: 'main' (0x76499825a9c0)]  in  (4, 0, [application: 'accessibility_probe' (0x76499825a940)])
08:55:41.076688 - FOCUS MANAGER: Locus of focus is None
08:55:41.076738 - EVENT_MANAGER: Ignoring object:children-changed:add due to multiple instances in short time

08:55:41.077292 - EVENT MANAGER: object:children-changed:add for [desktop frame: 'main' (0x76499825ac00)]  in  (5, 0, [application: 'accessibility_probe' (0x76499825ab40)])
08:55:41.077312 - FOCUS MANAGER: Locus of focus is None
08:55:41.077359 - EVENT_MANAGER: Ignoring object:children-changed:add due to multiple instances in short time

08:55:41.078179 - EVENT MANAGER: object:children-changed:add for [application: 'accessibility_probe' (0x764998bc19c0)]  in accessibility_probe (AccessKit) (0, 0, [frame: 'Independent background App' (0x76499825acc0)])
08:55:41.078206 - FOCUS MANAGER: Locus of focus is None
08:55:41.078406 - SCRIPT MANAGER: Active script is: default (module=orca.scripts.default)
08:55:41.078419 - EVENT MANAGER: Ignoring object:children-changed:add because event is not from active app

08:55:41.079198 - EVENT MANAGER: object:children-changed:add for [application: 'accessibility_probe' (0x76499825ae00)]  in accessibility_probe (AccessKit) (0, 0, [frame: 'Reactive TUI App accessibility round 1' (0x76499822b880)])
08:55:41.079239 - FOCUS MANAGER: Locus of focus is None
08:55:41.079518 - SCRIPT MANAGER: Active script is: default (module=orca.scripts.default)
08:55:41.079533 - EVENT MANAGER: Ignoring object:children-changed:add because event is not from active app
08:55:41.079609 - CLIPBOARD PRESENTER: Possible change event object:text-changed:delete for [terminal: 'Terminal' (0x76499825b000)]  in org.gnome.Terminal (gtk 3.24.52) (0, 2, \n\n)

08:55:41.079664 - EVENT MANAGER: object:text-changed:delete for [terminal: 'Terminal' (0x76499825af80)]  in org.gnome.Terminal (gtk 3.24.52) (0, 2, \n\n)
08:55:41.079679 - FOCUS MANAGER: Locus of focus is None
08:55:41.079725 - EVENT_MANAGER: Not ignoring object:text-changed:delete due to source being focused
08:55:41.079757 - EVENT MANAGER: Queueing object:text-changed:delete for [terminal: 'Terminal' (0x76499825b180)]  in org.gnome.Terminal (gtk 3.24.52) (0, 2, \n\n)
08:55:41.079772 - EVENT MANAGER: App for event source is [application: 'org.gnome.Terminal' (0x7649982405c0)] 
08:55:41.079788 - SCRIPT MANAGER: Getting script for [application: 'org.gnome.Terminal' (0x7649982405c0)]  [terminal: 'Terminal' (0x76499822b2c0)] 
08:55:41.079812 - SCRIPT MANAGER: Script is custom script org.gnome.Terminal (module=orca.scripts.terminal.script)
08:55:41.079848 - EVENT MANAGER: object:text-changed:delete for [terminal: 'Terminal' (0x76499825b280)]  in org.gnome.Terminal (gtk 3.24.52) (0, 2, \n\n) has priority level: 4
08:55:41.079888 - EVENT MANAGER: Queued object:text-changed:delete for [terminal: 'Terminal' (0x76499825b240)]  in org.gnome.Terminal (gtk 3.24.52) (0, 2, \n\n) priority: 4, counter: 14
08:55:41.079919 - CLIPBOARD PRESENTER: Possible change event object:text-changed:insert for [terminal: 'Terminal' (0x76499825b380)]  in org.gnome.Terminal (gtk 3.24.52) (13, 2, \n\n)

08:55:41.079963 - EVENT MANAGER: object:text-changed:insert for [terminal: 'Terminal' (0x76499825b380)]  in org.gnome.Terminal (gtk 3.24.52) (13, 2, \n\n)
08:55:41.079981 - FOCUS MANAGER: Locus of focus is None
08:55:41.080024 - EVENT_MANAGER: Not ignoring object:text-changed:insert due to source being focused
08:55:41.080053 - EVENT MANAGER: Queueing object:text-changed:insert for [terminal: 'Terminal' (0x76499825b280)]  in org.gnome.Terminal (gtk 3.24.52) (13, 2, \n\n)
08:55:41.080067 - EVENT MANAGER: App for event source is [application: 'org.gnome.Terminal' (0x7649982405c0)] 
08:55:41.080082 - SCRIPT MANAGER: Getting script for [application: 'org.gnome.Terminal' (0x7649982405c0)]  [terminal: 'Terminal' (0x76499825b440)] 
08:55:41.080101 - SCRIPT MANAGER: Script is custom script org.gnome.Terminal (module=orca.scripts.terminal.script)
08:55:41.080136 - EVENT MANAGER: object:text-changed:insert for [terminal: 'Terminal' (0x76499825b380)]  in org.gnome.Terminal (gtk 3.24.52) (13, 2, \n\n) has priority level: 4
08:55:41.080170 - EVENT MANAGER: Queued object:text-changed:insert for [terminal: 'Terminal' (0x76499825b440)]  in org.gnome.Terminal (gtk 3.24.52) (13, 2, \n\n) priority: 4, counter: 15

08:55:41.081028 - EVENT MANAGER: object:announcement for [label: 'Background calls 0' (0x76499825b480)]  in accessibility_probe (AccessKit) (1, 0, Background calls 0)
08:55:41.081063 - FOCUS MANAGER: Locus of focus is None
08:55:41.081291 - EVENT MANAGER: Queueing object:announcement for [label: 'Background calls 0' (0x764998bc35c0)]  in accessibility_probe (AccessKit) (1, 0, Background calls 0)
08:55:41.081309 - EVENT MANAGER: App for event source is [application: 'accessibility_probe' (0x76499825b380)] 
08:55:41.081325 - SCRIPT MANAGER: Getting script for [application: 'accessibility_probe' (0x76499825b380)]  [label: 'Background calls 0' (0x76499825b5c0)] 
08:55:41.081462 - SCRIPT MANAGER: Creating app script for [application: 'accessibility_probe' (0x76499825b380)] 
08:55:41.081491 - SCRIPT MANAGER: Mapped [application: 'accessibility_probe' (0x76499825b380)]  to accessibility_probe
08:55:41.081878 - DEFAULT: Setting up commands for [application: 'accessibility_probe' (0x76499825b380)] 
08:55:41.081886 - DEFAULT: Commands already initialized.
08:55:41.081892 - SCRIPT: accessibility_probe (module=orca.scripts.default) initialized
08:55:41.081918 - SCRIPT MANAGER: Default script created for [application: 'accessibility_probe' (0x76499825b380)]  (obj:  None)
08:55:41.081934 - SCRIPT MANAGER: Script is app script accessibility_probe (module=orca.scripts.default)
08:55:41.082112 - EVENT MANAGER: object:announcement for [label: 'Background calls 0' (0x764998260d80)]  in accessibility_probe (AccessKit) (1, 0, Background calls 0) has priority level: 3
08:55:41.082159 - EVENT MANAGER: Queued object:announcement for [label: 'Background calls 0' (0x764998b6f1c0)]  in accessibility_probe (AccessKit) (1, 0, Background calls 0) priority: 3, counter: 16

08:55:41.082649 - EVENT MANAGER: object:children-changed:add for [frame: 'Independent background App' (0x764998260e40)]  in accessibility_probe (AccessKit) (0, 0, [toggle button: 'Independent App action' (0x7649981d5e80)])
08:55:41.082668 - FOCUS MANAGER: Locus of focus is None
08:55:41.082689 - EVENT MANAGER: Not ignoring object:children-changed:add based on role
08:55:41.082719 - EVENT MANAGER: Queueing object:children-changed:add for [frame: 'Independent background App' (0x764998258f40)]  in accessibility_probe (AccessKit) (0, 0, [toggle button: 'Independent App action' (0x764998260f40)])
08:55:41.082734 - EVENT MANAGER: App for event source is [application: 'accessibility_probe' (0x76499825b380)] 
08:55:41.082750 - SCRIPT MANAGER: Getting script for [application: 'accessibility_probe' (0x76499825b380)]  [frame: 'Independent background App' (0x764998ba0980)] 
08:55:41.082938 - SCRIPT MANAGER: Script is app script accessibility_probe (module=orca.scripts.default)
08:55:41.082984 - EVENT MANAGER: object:children-changed:add for [frame: 'Independent background App' (0x764998260f80)]  in accessibility_probe (AccessKit) (0, 0, [toggle button: 'Independent App action' (0x764998d8c900)]) has priority level: 6
08:55:41.083022 - EVENT MANAGER: Queued object:children-changed:add for [frame: 'Independent background App' (0x764998260ec0)]  in accessibility_probe (AccessKit) (0, 0, [toggle button: 'Independent App action' (0x76499824ebc0)]) priority: 6, counter: 17

08:55:41.083058 - EVENT MANAGER: object:children-changed:add for [frame: 'Independent background App' (0x764998260e40)]  in accessibility_probe (AccessKit) (1, 0, [label: 'Background calls 0' (0x76499825a2c0)])
08:55:41.083072 - FOCUS MANAGER: Locus of focus is None
08:55:41.083089 - EVENT MANAGER: Not ignoring object:children-changed:add based on role
08:55:41.083117 - EVENT MANAGER: Queueing object:children-changed:add for [frame: 'Independent background App' (0x764998258f40)]  in accessibility_probe (AccessKit) (1, 0, [label: 'Background calls 0' (0x764998260f40)])
08:55:41.083131 - EVENT MANAGER: App for event source is [application: 'accessibility_probe' (0x76499825b380)] 
08:55:41.083146 - SCRIPT MANAGER: Getting script for [application: 'accessibility_probe' (0x76499825b380)]  [frame: 'Independent background App' (0x764998260fc0)] 
08:55:41.083284 - SCRIPT MANAGER: Script is app script accessibility_probe (module=orca.scripts.default)
08:55:41.083319 - EVENT MANAGER: object:children-changed:add for [frame: 'Independent background App' (0x764998260ec0)]  in accessibility_probe (AccessKit) (1, 0, [label: 'Background calls 0' (0x764998261000)]) has priority level: 6
08:55:41.083351 - EVENT MANAGER: Queued object:children-changed:add for [frame: 'Independent background App' (0x764998259040)]  in accessibility_probe (AccessKit) (1, 0, [label: 'Background calls 0' (0x764998261040)]) priority: 6, counter: 18

08:55:41.083628 - EVENT MANAGER: object:children-changed:add for [frame: 'Independent background App' (0x764998261040)]  in accessibility_probe (AccessKit) (2, 0, [button: 'CSS expanded control' (0x764998b172c0)])
08:55:41.083644 - FOCUS MANAGER: Locus of focus is None
08:55:41.083662 - EVENT MANAGER: Not ignoring object:children-changed:add based on role
08:55:41.083689 - EVENT MANAGER: Queueing object:children-changed:add for [frame: 'Independent background App' (0x764998258f40)]  in accessibility_probe (AccessKit) (2, 0, [button: 'CSS expanded control' (0x764998260f40)])
08:55:41.083703 - EVENT MANAGER: App for event source is [application: 'accessibility_probe' (0x76499825b380)] 
08:55:41.083718 - SCRIPT MANAGER: Getting script for [application: 'accessibility_probe' (0x76499825b380)]  [frame: 'Independent background App' (0x764998260ec0)] 
08:55:41.083842 - SCRIPT MANAGER: Script is app script accessibility_probe (module=orca.scripts.default)
08:55:41.083876 - EVENT MANAGER: object:children-changed:add for [frame: 'Independent background App' (0x764998261000)]  in accessibility_probe (AccessKit) (2, 0, [button: 'CSS expanded control' (0x7649982610c0)]) has priority level: 6
08:55:41.083907 - EVENT MANAGER: Queued object:children-changed:add for [frame: 'Independent background App' (0x764998259100)]  in accessibility_probe (AccessKit) (2, 0, [button: 'CSS expanded control' (0x764998261100)]) priority: 6, counter: 19

08:55:41.084311 - EVENT MANAGER: object:children-changed:add for [frame: 'Independent background App' (0x764998240840)]  in accessibility_probe (AccessKit) (3, 0, [heading: 'CSS direct label' (0x76499825b280)])
08:55:41.084345 - FOCUS MANAGER: Locus of focus is None
08:55:41.084368 - EVENT MANAGER: Not ignoring object:children-changed:add based on role
08:55:41.084403 - EVENT MANAGER: Queueing object:children-changed:add for [frame: 'Independent background App' (0x764998260ec0)]  in accessibility_probe (AccessKit) (3, 0, [heading: 'CSS direct label' (0x764998261100)])
08:55:41.084420 - EVENT MANAGER: App for event source is [application: 'accessibility_probe' (0x76499825b380)] 
08:55:41.084437 - SCRIPT MANAGER: Getting script for [application: 'accessibility_probe' (0x76499825b380)]  [frame: 'Independent background App' (0x764998260ec0)] 
08:55:41.084596 - SCRIPT MANAGER: Script is app script accessibility_probe (module=orca.scripts.default)
08:55:41.084634 - EVENT MANAGER: object:children-changed:add for [frame: 'Independent background App' (0x764998260f40)]  in accessibility_probe (AccessKit) (3, 0, [heading: 'CSS direct label' (0x764998b6f1c0)]) has priority level: 6
08:55:41.084672 - EVENT MANAGER: Queued object:children-changed:add for [frame: 'Independent background App' (0x7649982610c0)]  in accessibility_probe (AccessKit) (3, 0, [heading: 'CSS direct label' (0x764998b6f1c0)]) priority: 6, counter: 20

08:55:41.084965 - EVENT MANAGER: object:children-changed:add for [frame: 'Independent background App' (0x764998261200)]  in accessibility_probe (AccessKit) (4, 0, [list item: 'CSS selected option' (0x7649981f3a40)])
08:55:41.084985 - FOCUS MANAGER: Locus of focus is None
08:55:41.085004 - EVENT MANAGER: Not ignoring object:children-changed:add based on role
08:55:41.085032 - EVENT MANAGER: Queueing object:children-changed:add for [frame: 'Independent background App' (0x764998b6f1c0)]  in accessibility_probe (AccessKit) (4, 0, [list item: 'CSS selected option' (0x764998b6f1c0)])
08:55:41.085045 - EVENT MANAGER: App for event source is [application: 'accessibility_probe' (0x76499825b380)] 
08:55:41.085060 - SCRIPT MANAGER: Getting script for [application: 'accessibility_probe' (0x76499825b380)]  [frame: 'Independent background App' (0x764998260fc0)] 
08:55:41.085190 - SCRIPT MANAGER: Script is app script accessibility_probe (module=orca.scripts.default)
08:55:41.085225 - EVENT MANAGER: object:children-changed:add for [frame: 'Independent background App' (0x764998260ec0)]  in accessibility_probe (AccessKit) (4, 0, [list item: 'CSS selected option' (0x764998260ec0)]) has priority level: 6
08:55:41.085258 - EVENT MANAGER: Queued object:children-changed:add for [frame: 'Independent background App' (0x764998258ec0)]  in accessibility_probe (AccessKit) (4, 0, [list item: 'CSS selected option' (0x764998260ec0)]) priority: 6, counter: 21

08:55:41.085530 - EVENT MANAGER: object:children-changed:add for [frame: 'Independent background App' (0x764998260ec0)]  in accessibility_probe (AccessKit) (5, 0, [label: 'CSS restored reader text' (0x764998260ec0)])
08:55:41.085546 - FOCUS MANAGER: Locus of focus is None
08:55:41.085562 - EVENT MANAGER: Not ignoring object:children-changed:add based on role
08:55:41.085589 - EVENT MANAGER: Queueing object:children-changed:add for [frame: 'Independent background App' (0x764998260fc0)]  in accessibility_probe (AccessKit) (5, 0, [label: 'CSS restored reader text' (0x7649981e3040)])
08:55:41.085603 - EVENT MANAGER: App for event source is [application: 'accessibility_probe' (0x76499825b380)] 
08:55:41.085619 - SCRIPT MANAGER: Getting script for [application: 'accessibility_probe' (0x76499825b380)]  [frame: 'Independent background App' (0x764998258fc0)] 
08:55:41.085744 - SCRIPT MANAGER: Script is app script accessibility_probe (module=orca.scripts.default)
08:55:41.085777 - EVENT MANAGER: object:children-changed:add for [frame: 'Independent background App' (0x76499822b7c0)]  in accessibility_probe (AccessKit) (5, 0, [label: 'CSS restored reader text' (0x76499822b7c0)]) has priority level: 6
08:55:41.085810 - EVENT MANAGER: Queued object:children-changed:add for [frame: 'Independent background App' (0x764998258fc0)]  in accessibility_probe (AccessKit) (5, 0, [label: 'CSS restored reader text' (0x76499825b040)]) priority: 6, counter: 22

08:55:41.086104 - EVENT MANAGER: object:children-changed:add for [frame: 'Independent background App' (0x764998258fc0)]  in accessibility_probe (AccessKit) (6, 0, [label: 'Reader-only nested detail' (0x76499825b040)])
08:55:41.086120 - FOCUS MANAGER: Locus of focus is None
08:55:41.086136 - EVENT MANAGER: Not ignoring object:children-changed:add based on role
08:55:41.086163 - EVENT MANAGER: Queueing object:children-changed:add for [frame: 'Independent background App' (0x764998b912c0)]  in accessibility_probe (AccessKit) (6, 0, [label: 'Reader-only nested detail' (0x7649982612c0)])
08:55:41.086178 - EVENT MANAGER: App for event source is [application: 'accessibility_probe' (0x76499825b380)] 
08:55:41.086193 - SCRIPT MANAGER: Getting script for [application: 'accessibility_probe' (0x76499825b380)]  [frame: 'Independent background App' (0x764998258ec0)] 
08:55:41.086319 - SCRIPT MANAGER: Script is app script accessibility_probe (module=orca.scripts.default)
08:55:41.086353 - EVENT MANAGER: object:children-changed:add for [frame: 'Independent background App' (0x764998261340)]  in accessibility_probe (AccessKit) (6, 0, [label: 'Reader-only nested detail' (0x764998bcb7c0)]) has priority level: 6
08:55:41.086384 - EVENT MANAGER: Queued object:children-changed:add for [frame: 'Independent background App' (0x764998261400)]  in accessibility_probe (AccessKit) (6, 0, [label: 'Reader-only nested detail' (0x76499825b040)]) priority: 6, counter: 23

08:55:41.086424 - EVENT MANAGER: object:text-caret-moved for [terminal: 'Terminal' (0x7649982612c0)]  in org.gnome.Terminal (gtk 3.24.52) (6, 0, 0)
08:55:41.086438 - FOCUS MANAGER: Locus of focus is None
08:55:41.086486 - EVENT_MANAGER: Not ignoring object:text-caret-moved due to source being focused
08:55:41.086517 - EVENT MANAGER: Queueing object:text-caret-moved for [terminal: 'Terminal' (0x764998b28ec0)]  in org.gnome.Terminal (gtk 3.24.52) (6, 0, 0)
08:55:41.086533 - EVENT MANAGER: App for event source is [application: 'org.gnome.Terminal' (0x7649982405c0)] 
08:55:41.086548 - SCRIPT MANAGER: Getting script for [application: 'org.gnome.Terminal' (0x7649982405c0)]  [terminal: 'Terminal' (0x76499824ec00)] 
08:55:41.086569 - SCRIPT MANAGER: Script is custom script org.gnome.Terminal (module=orca.scripts.terminal.script)
08:55:41.086604 - EVENT MANAGER: object:text-caret-moved for [terminal: 'Terminal' (0x764998260d80)]  in org.gnome.Terminal (gtk 3.24.52) (6, 0, 0) has priority level: 4
08:55:41.086638 - EVENT MANAGER: Queued object:text-caret-moved for [terminal: 'Terminal' (0x764998261400)]  in org.gnome.Terminal (gtk 3.24.52) (6, 0, 0) priority: 4, counter: 24
08:55:41.086669 - CLIPBOARD PRESENTER: Possible change event object:text-changed:delete for [terminal: 'Terminal' (0x764998260ec0)]  in org.gnome.Terminal (gtk 3.24.52) (0, 6, \n\n\n\n\n\n)

08:55:41.086722 - EVENT MANAGER: object:text-changed:delete for [terminal: 'Terminal' (0x764998bcb7c0)]  in org.gnome.Terminal (gtk 3.24.52) (0, 6, \n\n\n\n\n\n)
08:55:41.086745 - FOCUS MANAGER: Locus of focus is None
08:55:41.086788 - EVENT_MANAGER: Not ignoring object:text-changed:delete due to source being focused
08:55:41.086818 - EVENT MANAGER: Queueing object:text-changed:delete for [terminal: 'Terminal' (0x764998260ec0)]  in org.gnome.Terminal (gtk 3.24.52) (0, 6, \n\n\n\n\n\n)
08:55:41.086833 - EVENT MANAGER: App for event source is [application: 'org.gnome.Terminal' (0x7649982405c0)] 
08:55:41.086848 - SCRIPT MANAGER: Getting script for [application: 'org.gnome.Terminal' (0x7649982405c0)]  [terminal: 'Terminal' (0x764998228980)] 
08:55:41.086868 - SCRIPT MANAGER: Script is custom script org.gnome.Terminal (module=orca.scripts.terminal.script)
08:55:41.086903 - EVENT MANAGER: object:text-changed:delete for [terminal: 'Terminal' (0x764998228d80)]  in org.gnome.Terminal (gtk 3.24.52) (0, 6, \n\n\n\n\n\n) has priority level: 4
08:55:41.086936 - EVENT MANAGER: Queued object:text-changed:delete for [terminal: 'Terminal' (0x76499825b040)]  in org.gnome.Terminal (gtk 3.24.52) (0, 6, \n\n\n\n\n\n) priority: 4, counter: 25
08:55:41.086985 - CLIPBOARD PRESENTER: Possible change event object:text-changed:insert for [terminal: 'Terminal' (0x76499825b280)]  in org.gnome.Terminal (gtk 3.24.52) (0, 376, Painted account ▼ \n Painted... ▼ \n \n \n \n (382 chars.))

08:55:41.087035 - EVENT MANAGER: object:text-changed:insert for [terminal: 'Terminal' (0x764998b6dbc0)]  in org.gnome.Terminal (gtk 3.24.52) (0, 376, Painted account ▼ \n Painted... ▼ \n \n \n \n (382 chars.))
08:55:41.087050 - FOCUS MANAGER: Locus of focus is None
08:55:41.087093 - EVENT_MANAGER: Not ignoring object:text-changed:insert due to source being focused
08:55:41.087128 - EVENT MANAGER: Queueing object:text-changed:insert for [terminal: 'Terminal' (0x764998260d80)]  in org.gnome.Terminal (gtk 3.24.52) (0, 376, Painted account ▼ \n Painted... ▼ \n \n \n \n (382 chars.))
08:55:41.087144 - EVENT MANAGER: App for event source is [application: 'org.gnome.Terminal' (0x7649982405c0)] 
08:55:41.087160 - SCRIPT MANAGER: Getting script for [application: 'org.gnome.Terminal' (0x7649982405c0)]  [terminal: 'Terminal' (0x764998260d80)] 
08:55:41.087180 - SCRIPT MANAGER: Script is custom script org.gnome.Terminal (module=orca.scripts.terminal.script)
08:55:41.087218 - EVENT MANAGER: object:text-changed:insert for [terminal: 'Terminal' (0x764998260ec0)]  in org.gnome.Terminal (gtk 3.24.52) (0, 376, Painted account ▼ \n Painted... ▼ \n \n \n \n (382 chars.)) has priority level: 4
08:55:41.087256 - EVENT MANAGER: Queued object:text-changed:insert for [terminal: 'Terminal' (0x7649982614c0)]  in org.gnome.Terminal (gtk 3.24.52) (0, 376, Painted account ▼ \n Painted... ▼ \n \n \n \n (382 chars.)) priority: 4, counter: 26

08:55:41.087291 - EVENT MANAGER: object:text-caret-moved for [terminal: 'Terminal' (0x764998261500)]  in org.gnome.Terminal (gtk 3.24.52) (376, 0, 0)
08:55:41.087305 - FOCUS MANAGER: Locus of focus is None
08:55:41.087349 - EVENT_MANAGER: Not ignoring object:text-caret-moved due to source being focused
08:55:41.087379 - EVENT MANAGER: Queueing object:text-caret-moved for [terminal: 'Terminal' (0x76499824da80)]  in org.gnome.Terminal (gtk 3.24.52) (376, 0, 0)
08:55:41.087394 - EVENT MANAGER: App for event source is [application: 'org.gnome.Terminal' (0x7649982405c0)] 
08:55:41.087409 - SCRIPT MANAGER: Getting script for [application: 'org.gnome.Terminal' (0x7649982405c0)]  [terminal: 'Terminal' (0x76499822b7c0)] 
08:55:41.087428 - SCRIPT MANAGER: Script is custom script org.gnome.Terminal (module=orca.scripts.terminal.script)
08:55:41.087463 - EVENT MANAGER: object:text-caret-moved for [terminal: 'Terminal' (0x76499825b040)]  in org.gnome.Terminal (gtk 3.24.52) (376, 0, 0) has priority level: 4
08:55:41.087496 - EVENT MANAGER: Queued object:text-caret-moved for [terminal: 'Terminal' (0x76499824c4c0)]  in org.gnome.Terminal (gtk 3.24.52) (376, 0, 0) priority: 4, counter: 27
08:55:41.087733 - EVENT SOURCE:
                  app='org.gnome.Terminal (gtk 3.24.52)' name='Terminal' role='frame' axid='' id=0x764998d6a8c0
                  description=''
                  help=''
                  locale='C.UTF-8'
                  states='active, enabled, resizable, sensitive, showing, visible'
                  relations=''
                  actions=''
                  interfaces='Collection, Component'
                  attributes='toolkit:gtk, window-type:normal'
                  text=''
                  path=[-1, 0]
                  
08:55:41.087751 - SCRIPT MANAGER: Active script is: default (module=orca.scripts.default)
08:55:41.087768 - FOCUS MANAGER: Locus of focus is None
08:55:41.087793 - EVENT MANAGER: Getting script for event for [application: 'org.gnome.Terminal' (0x7649982405c0)]  [frame: 'Terminal' (0x764998261640)] 
08:55:41.087808 - SCRIPT MANAGER: Getting script for [application: 'org.gnome.Terminal' (0x7649982405c0)]  [frame: 'Terminal' (0x764998261640)] 
08:55:41.087830 - SCRIPT MANAGER: Script is app script org.gnome.Terminal (module=orca.scripts.toolkits.gtk.script)
08:55:41.087842 - EVENT MANAGER: Script for event is org.gnome.Terminal (module=orca.scripts.toolkits.gtk.script)
08:55:41.088469 - EVENT MANAGER: Change active script: False (No reason found to activate a different script.)
08:55:41.088488 - EVENT MANAGER: Processing window:create: script handles events when inactive
TOTAL PROCESSING TIME: 0.0122
^^^^^ FINISHED PRIORITY-2 OBJECT EVENT WINDOW:CREATE ^^^^^

08:55:41.088681 - EVENT MANAGER: Dequeueing window:activate for [frame: 'Terminal' (0x764998d717c0)]  in org.gnome.Terminal (gtk 3.24.52) (0, 0, Terminal)
08:55:41.088720 - EVENT MANAGER: Dequeued window:activate for [frame: 'Terminal' (0x764998d717c0)]  in org.gnome.Terminal (gtk 3.24.52) (0, 0, Terminal) priority: 2, counter: 7

vvvvv START PRIORITY-2 OBJECT EVENT WINDOW:ACTIVATE (queue size: 23) vvvvv

08:55:41.089820 - EVENT MANAGER: object:children-changed:add for [frame: 'Reactive TUI App accessibility round 1' (0x764998260e00)]  in accessibility_probe (AccessKit) (0, 0, [button: 'Account preferences accessible label' (0x76499825b280)])
08:55:41.089874 - FOCUS MANAGER: Locus of focus is None
08:55:41.089943 - EVENT MANAGER: Not ignoring object:children-changed:add based on role
08:55:41.090045 - EVENT MANAGER: Queueing object:children-changed:add for [frame: 'Reactive TUI App accessibility round 1' (0x764998d69a00)]  in accessibility_probe (AccessKit) (0, 0, [button: 'Account preferences accessible label' (0x764998261a00)])
08:55:41.090093 - EVENT MANAGER: App for event source is [application: 'accessibility_probe' (0x764998261a00)] 
08:55:41.090144 - SCRIPT MANAGER: Getting script for [application: 'accessibility_probe' (0x764998261a00)]  [frame: 'Reactive TUI App accessibility round 1' (0x764998261ac0)] 
08:55:41.090478 - SCRIPT MANAGER: Creating app script for [application: 'accessibility_probe' (0x764998261a00)] 
08:55:41.090541 - SCRIPT MANAGER: Mapped [application: 'accessibility_probe' (0x764998261a00)]  to accessibility_probe
08:55:41.094394 - DEFAULT: Setting up commands for [application: 'accessibility_probe' (0x764998261a00)] 
08:55:41.094420 - DEFAULT: Commands already initialized.
08:55:41.094427 - SCRIPT: accessibility_probe (module=orca.scripts.default) initialized
08:55:41.094456 - SCRIPT MANAGER: Default script created for [application: 'accessibility_probe' (0x764998261a00)]  (obj:  None)
08:55:41.094473 - SCRIPT MANAGER: Script is app script accessibility_probe (module=orca.scripts.default)
08:55:41.094531 - EVENT MANAGER: object:children-changed:add for [frame: 'Reactive TUI App accessibility round 1' (0x76499826a9c0)]  in accessibility_probe (AccessKit) (0, 0, [button: 'Account preferences accessible label' (0x76499825a2c0)]) has priority level: 6
08:55:41.094572 - EVENT MANAGER: Queued object:children-changed:add for [frame: 'Reactive TUI App accessibility round 1' (0x764998b29940)]  in accessibility_probe (AccessKit) (0, 0, [button: 'Account preferences accessible label' (0x764998d69940)]) priority: 6, counter: 28

08:55:41.095537 - EVENT MANAGER: object:children-changed:add for [frame: 'Reactive TUI App accessibility round 1' (0x764998b0b8c0)]  in accessibility_probe (AccessKit) (1, 0, [button: 'Unavailable preferences accessible label' (0x764998b166c0)])
08:55:41.095588 - FOCUS MANAGER: Locus of focus is None
08:55:41.095652 - EVENT MANAGER: Not ignoring object:children-changed:add based on role
08:55:41.095742 - EVENT MANAGER: Queueing object:children-changed:add for [frame: 'Reactive TUI App accessibility round 1' (0x76499826a980)]  in accessibility_probe (AccessKit) (1, 0, [button: 'Unavailable preferences accessible label' (0x76499826a980)])
08:55:41.095786 - EVENT MANAGER: App for event source is [application: 'accessibility_probe' (0x764998261a00)] 
08:55:41.095833 - SCRIPT MANAGER: Getting script for [application: 'accessibility_probe' (0x764998261a00)]  [frame: 'Reactive TUI App accessibility round 1' (0x7649981d4b80)] 
08:55:41.096284 - SCRIPT MANAGER: Script is app script accessibility_probe (module=orca.scripts.default)
08:55:41.096428 - EVENT MANAGER: object:children-changed:add for [frame: 'Reactive TUI App accessibility round 1' (0x76499826a980)]  in accessibility_probe (AccessKit) (1, 0, [button: 'Unavailable preferences accessible label' (0x76499824ce80)]) has priority level: 6
08:55:41.096544 - EVENT MANAGER: Queued object:children-changed:add for [frame: 'Reactive TUI App accessibility round 1' (0x76499826a9c0)]  in accessibility_probe (AccessKit) (1, 0, [button: 'Unavailable preferences accessible label' (0x76499824ce80)]) priority: 6, counter: 29

08:55:41.097161 - EVENT MANAGER: object:children-changed:add for [frame: 'Reactive TUI App accessibility round 1' (0x76499826a9c0)]  in accessibility_probe (AccessKit) (2, 0, [button: 'Privacy preferences accessible label' (0x76499822b1c0)])
08:55:41.097210 - FOCUS MANAGER: Locus of focus is None
08:55:41.097274 - EVENT MANAGER: Not ignoring object:children-changed:add based on role
08:55:41.097364 - EVENT MANAGER: Queueing object:children-changed:add for [frame: 'Reactive TUI App accessibility round 1' (0x76499826a9c0)]  in accessibility_probe (AccessKit) (2, 0, [button: 'Privacy preferences accessible label' (0x76499824ce80)])
08:55:41.097410 - EVENT MANAGER: App for event source is [application: 'accessibility_probe' (0x764998261a00)] 
08:55:41.097458 - SCRIPT MANAGER: Getting script for [application: 'accessibility_probe' (0x764998261a00)]  [frame: 'Reactive TUI App accessibility round 1' (0x764998d6a8c0)] 
08:55:41.097696 - SCRIPT MANAGER: Script is app script accessibility_probe (module=orca.scripts.default)
08:55:41.097805 - EVENT MANAGER: object:children-changed:add for [frame: 'Reactive TUI App accessibility round 1' (0x76499826ab00)]  in accessibility_probe (AccessKit) (2, 0, [button: 'Privacy preferences accessible label' (0x76499824ce80)]) has priority level: 6
08:55:41.097902 - EVENT MANAGER: Queued object:children-changed:add for [frame: 'Reactive TUI App accessibility round 1' (0x76499826ab40)]  in accessibility_probe (AccessKit) (2, 0, [button: 'Privacy preferences accessible label' (0x76499824ce80)]) priority: 6, counter: 30

08:55:41.098008 - EVENT MANAGER: window:activate for [frame: 'Reactive TUI App accessibility round 1' (0x76499826ab40)]  in accessibility_probe (AccessKit) (0, 0, Reactive TUI App accessibility round 1)
08:55:41.098094 - EVENT MANAGER: Queueing window:activate for [frame: 'Reactive TUI App accessibility round 1' (0x76499826aa80)]  in accessibility_probe (AccessKit) (0, 0, Reactive TUI App accessibility round 1)
08:55:41.098136 - EVENT MANAGER: App for event source is [application: 'accessibility_probe' (0x764998261a00)] 
08:55:41.098182 - SCRIPT MANAGER: Getting script for [application: 'accessibility_probe' (0x764998261a00)]  [frame: 'Reactive TUI App accessibility round 1' (0x76499825ab00)] 
08:55:41.098396 - SCRIPT MANAGER: Script is app script accessibility_probe (module=orca.scripts.default)
08:55:41.098465 - EVENT MANAGER: window:activate for [frame: 'Reactive TUI App accessibility round 1' (0x76499826a940)]  in accessibility_probe (AccessKit) (0, 0, Reactive TUI App accessibility round 1) has priority level: 2
08:55:41.098508 - EVENT MANAGER: Queued window:activate for [frame: 'Reactive TUI App accessibility round 1' (0x76499826ab40)]  in accessibility_probe (AccessKit) (0, 0, Reactive TUI App accessibility round 1) priority: 2, counter: 31

08:55:41.098583 - EVENT MANAGER: object:state-changed:active for [frame: 'Reactive TUI App accessibility round 1' (0x764998260f80)]  in accessibility_probe (AccessKit) (1, 0, 0)
08:55:41.098599 - FOCUS MANAGER: Locus of focus is None
08:55:41.098620 - EVENT MANAGER: Not ignoring object:state-changed:active based on role
08:55:41.098651 - EVENT MANAGER: Queueing object:state-changed:active for [frame: 'Reactive TUI App accessibility round 1' (0x76499824ce80)]  in accessibility_probe (AccessKit) (1, 0, 0)
08:55:41.098667 - EVENT MANAGER: App for event source is [application: 'accessibility_probe' (0x764998261a00)] 
08:55:41.098683 - SCRIPT MANAGER: Getting script for [application: 'accessibility_probe' (0x764998261a00)]  [frame: 'Reactive TUI App accessibility round 1' (0x764998260f80)] 
08:55:41.098837 - SCRIPT MANAGER: Script is app script accessibility_probe (module=orca.scripts.default)
08:55:41.098880 - EVENT MANAGER: object:state-changed:active for [frame: 'Reactive TUI App accessibility round 1' (0x76499826aa80)]  in accessibility_probe (AccessKit) (1, 0, 0) has priority level: 2
08:55:41.098916 - EVENT MANAGER: Queued object:state-changed:active for [frame: 'Reactive TUI App accessibility round 1' (0x7649981f2e40)]  in accessibility_probe (AccessKit) (1, 0, 0) priority: 2, counter: 32

08:55:41.098951 - EVENT MANAGER: object:active-descendant-changed for [application: 'accessibility_probe' (0x764998261a00)]  in accessibility_probe (AccessKit) (0, 0, [frame: 'Reactive TUI App accessibility round 1' (0x76499824ce80)])
08:55:41.098969 - FOCUS MANAGER: Locus of focus is None
08:55:41.099053 - EVENT MANAGER: Queueing object:active-descendant-changed for [application: 'accessibility_probe' (0x764998261a00)]  in accessibility_probe (AccessKit) (0, 0, [frame: 'Reactive TUI App accessibility round 1' (0x76499826ab40)])
08:55:41.099068 - EVENT MANAGER: App for event source is [application: 'accessibility_probe' (0x764998261a00)] 
08:55:41.099089 - SCRIPT MANAGER: Getting script for [application: 'accessibility_probe' (0x764998261a00)]  [application: 'accessibility_probe' (0x764998261a00)] 
08:55:41.099308 - SCRIPT MANAGER: Script is app script accessibility_probe (module=orca.scripts.default)
08:55:41.099348 - EVENT MANAGER: object:active-descendant-changed for [application: 'accessibility_probe' (0x764998261a00)]  in accessibility_probe (AccessKit) (0, 0, [frame: 'Reactive TUI App accessibility round 1' (0x76499826abc0)]) has priority level: 3
08:55:41.099381 - EVENT MANAGER: Queued object:active-descendant-changed for [application: 'accessibility_probe' (0x764998261a00)]  in accessibility_probe (AccessKit) (0, 0, [frame: 'Reactive TUI App accessibility round 1' (0x76499825b580)]) priority: 3, counter: 33

08:55:41.099677 - EVENT MANAGER: object:state-changed:focused for [button: 'Account preferences accessible label' (0x76499826ab80)]  in accessibility_probe (AccessKit) (1, 0, 0)
08:55:41.099717 - FOCUS MANAGER: Locus of focus is None
08:55:41.100243 - EVENT_MANAGER: Not ignoring object:state-changed:focused due to source being focused
08:55:41.100368 - EVENT MANAGER: Queueing object:state-changed:focused for [button: 'Account preferences accessible label' (0x76499826ad40)]  in accessibility_probe (AccessKit) (1, 0, 0)
08:55:41.100417 - EVENT MANAGER: App for event source is [application: 'accessibility_probe' (0x764998261a00)] 
08:55:41.100468 - SCRIPT MANAGER: Getting script for [application: 'accessibility_probe' (0x764998261a00)]  [button: 'Account preferences accessible label' (0x764998b0adc0)] 
08:55:41.100993 - SCRIPT MANAGER: Script is app script accessibility_probe (module=orca.scripts.default)
08:55:41.101134 - EVENT MANAGER: object:state-changed:focused for [button: 'Account preferences accessible label' (0x76499825b580)]  in accessibility_probe (AccessKit) (1, 0, 0) has priority level: 3
08:55:41.101240 - EVENT MANAGER: Queued object:state-changed:focused for [button: 'Account preferences accessible label' (0x76499826ad80)]  in accessibility_probe (AccessKit) (1, 0, 0) priority: 3, counter: 34
08:55:41.101636 - EVENT SOURCE:
                  app='org.gnome.Terminal (gtk 3.24.52)' name='Terminal' role='frame' axid='' id=0x764998d717c0
                  description=''
                  help=''
                  locale='C.UTF-8'
                  states='active, enabled, resizable, sensitive, showing, visible'
                  relations=''
                  actions=''
                  interfaces='Collection, Component'
                  attributes='toolkit:gtk, window-type:normal'
                  text=''
                  path=[-1, 0]
                  
08:55:41.101677 - SCRIPT MANAGER: Active script is: default (module=orca.scripts.default)
08:55:41.101717 - FOCUS MANAGER: Locus of focus is None
08:55:41.101791 - EVENT MANAGER: Getting script for event for [application: 'org.gnome.Terminal' (0x7649982405c0)]  [frame: 'Terminal' (0x7649982617c0)] 
08:55:41.101837 - SCRIPT MANAGER: Getting script for [application: 'org.gnome.Terminal' (0x7649982405c0)]  [frame: 'Terminal' (0x7649982617c0)] 
08:55:41.101892 - SCRIPT MANAGER: Script is app script org.gnome.Terminal (module=orca.scripts.toolkits.gtk.script)
08:55:41.101921 - EVENT MANAGER: Script for event is org.gnome.Terminal (module=orca.scripts.toolkits.gtk.script)
08:55:41.103000 - FOCUS MANAGER: Active window is None event_manager._process_object_event:958 > event_manager._is_activatable_event:814 > event_manager._is_activatable_by_event_type:828 > focus_manager.get_active_window:342
08:55:41.103660 - EVENT MANAGER: Change active script: True (Window activation)
08:55:41.103711 - SCRIPT MANAGER: Deactivating default (module=orca.scripts.default) reason: Window activation
08:55:41.103762 - SCRIPT MANAGER: Setting active script to org.gnome.Terminal (module=orca.scripts.toolkits.gtk.script) reason: Window activation
08:55:41.103798 - DEFAULT: Activating script for [application: 'org.gnome.Terminal' (0x7649982405c0)] 
08:55:41.104130 - SPEECH MANAGER: Speech server is <orca.speechdispatcherfactory.SpeechServer object at 0x764998af96a0>
08:55:41.104267 - GSETTINGS SCHEMA HANDLE: speech/punctuation-level not set [app:org.gnome.Terminal, profile:default]
08:55:41.104285 - GSETTINGS REGISTRY: speech/punctuation-level using default value = 'most'
08:55:41.104644 - SPEECH MANAGER: Speech server is <orca.speechdispatcherfactory.SpeechServer object at 0x764998af96a0>
08:55:41.104700 - GSETTINGS SCHEMA HANDLE: speech/capitalization-style not set [app:org.gnome.Terminal, profile:default]
08:55:41.104715 - GSETTINGS REGISTRY: speech/capitalization-style using default value = 'none'
08:55:41.105058 - SPEECH MANAGER: Speech server is <orca.speechdispatcherfactory.SpeechServer object at 0x764998af96a0>
08:55:41.105169 - GSETTINGS SCHEMA HANDLE: speech/synthesizer not set [app:org.gnome.Terminal, profile:default]
08:55:41.105216 - SCRIPT MANAGER: Active script is: org.gnome.Terminal (module=orca.scripts.toolkits.gtk.script)
08:55:41.105230 - CARET NAVIGATOR: Commands suspended: False: script activation, no prior state
08:55:41.105298 - GSETTINGS SCHEMA HANDLE: keybindings/keyboard-layout not set [app:org.gnome.Terminal, profile:default]
08:55:41.105314 - GSETTINGS REGISTRY: keybindings/keyboard-layout using default value = 'desktop'
08:55:41.105355 - GSETTINGS SCHEMA HANDLE: keybindings/desktop-modifier-keys not set [app:org.gnome.Terminal, profile:default]
08:55:41.105370 - GSETTINGS REGISTRY: keybindings/desktop-modifier-keys using default value = ['Insert', 'KP_Insert']
08:55:41.105426 - SCRIPT MANAGER: Active script is: org.gnome.Terminal (module=orca.scripts.toolkits.gtk.script)
08:55:41.105439 - STRUCTURAL NAVIGATOR: Suspended: False: script activation, no prior state
08:55:41.105476 - GSETTINGS SCHEMA HANDLE: keybindings/keyboard-layout not set [app:org.gnome.Terminal, profile:default]
08:55:41.105488 - GSETTINGS REGISTRY: keybindings/keyboard-layout using default value = 'desktop'
08:55:41.105519 - GSETTINGS SCHEMA HANDLE: keybindings/desktop-modifier-keys not set [app:org.gnome.Terminal, profile:default]
08:55:41.105531 - GSETTINGS REGISTRY: keybindings/desktop-modifier-keys using default value = ['Insert', 'KP_Insert']
08:55:41.105595 - STRUCTURAL NAVIGATOR: Setting mode for org.gnome.Terminal (module=orca.scripts.toolkits.gtk.script) to NavigationMode.OFF
08:55:41.105625 - SCRIPT MANAGER: Active script is: org.gnome.Terminal (module=orca.scripts.toolkits.gtk.script)
08:55:41.105663 - GSETTINGS SCHEMA HANDLE: keybindings/keyboard-layout not set [app:org.gnome.Terminal, profile:default]
08:55:41.105675 - GSETTINGS REGISTRY: keybindings/keyboard-layout using default value = 'desktop'
08:55:41.105705 - GSETTINGS SCHEMA HANDLE: keybindings/desktop-modifier-keys not set [app:org.gnome.Terminal, profile:default]
08:55:41.105718 - GSETTINGS REGISTRY: keybindings/desktop-modifier-keys using default value = ['Insert', 'KP_Insert']
08:55:41.105777 - CARET NAVIGATOR: Setting enabled state for org.gnome.Terminal (module=orca.scripts.toolkits.gtk.script) to False
08:55:41.105805 - SCRIPT MANAGER: Active script is: org.gnome.Terminal (module=orca.scripts.toolkits.gtk.script)
08:55:41.105841 - GSETTINGS SCHEMA HANDLE: keybindings/keyboard-layout not set [app:org.gnome.Terminal, profile:default]
08:55:41.105852 - GSETTINGS REGISTRY: keybindings/keyboard-layout using default value = 'desktop'
08:55:41.105882 - GSETTINGS SCHEMA HANDLE: keybindings/desktop-modifier-keys not set [app:org.gnome.Terminal, profile:default]
08:55:41.105894 - GSETTINGS REGISTRY: keybindings/desktop-modifier-keys using default value = ['Insert', 'KP_Insert']
08:55:41.105921 - COMMAND MANAGER: Activating commands: activated org.gnome.Terminal (module=orca.scripts.toolkits.gtk.script)
08:55:41.106047 - GSETTINGS SCHEMA HANDLE: keybindings/entries no dict values set
08:55:41.106061 - GSETTINGS REGISTRY: keybindings/entries using default value = {}
08:55:41.106071 - COMMAND MANAGER: No user overrides to apply
08:55:41.106153 - GSETTINGS SCHEMA HANDLE: keybindings/keyboard-layout not set [app:org.gnome.Terminal, profile:default]
08:55:41.106165 - GSETTINGS REGISTRY: keybindings/keyboard-layout using default value = 'desktop'
08:55:41.106195 - GSETTINGS SCHEMA HANDLE: keybindings/desktop-modifier-keys not set [app:org.gnome.Terminal, profile:default]
08:55:41.106207 - GSETTINGS REGISTRY: keybindings/desktop-modifier-keys using default value = ['Insert', 'KP_Insert']

vvvvv COMMAND MANAGER: Grab diff: activated org.gnome.Terminal (module=orca.scripts.toolkits.gtk.script) (old: 77, new: 77) vvvvv
08:55:41.107772 -   Added (31):
08:55:41.107793 -     KP_Divide: leftClickReviewItemHandler
08:55:41.107805 -     KP_Multiply: rightClickReviewItemHandler
08:55:41.107816 -     KP_Add: sayAllHandler
08:55:41.107834 -     Alt+BackSpace: bypass_mode_toggle
08:55:41.107848 -     Alt+Control+Shift+q: toggle_sleep_mode
08:55:41.107861 -     Alt+Shift+Left: table_cell_left
08:55:41.107873 -     Alt+Shift+Right: table_cell_right
08:55:41.107885 -     Alt+Shift+Up: table_cell_up
08:55:41.107897 -     Alt+Shift+Down: table_cell_down
08:55:41.107909 -     Alt+Shift+Home: table_cell_first
08:55:41.107920 -     Alt+Shift+End: table_cell_last
08:55:41.107929 -     KP_Subtract: toggleFlatReviewModeHandler
08:55:41.107938 -     KP_Home: reviewPreviousLineHandler
08:55:41.107948 -     KP_Up: reviewCurrentLineHandler
08:55:41.107957 -     KP_Page_Up: reviewNextLineHandler
08:55:41.107966 -     KP_Up x2: reviewSpellCurrentLineHandler
08:55:41.107975 -     KP_Up x3: reviewPhoneticCurrentLineHandler
08:55:41.107990 -     KP_Left: reviewPreviousItemHandler
08:55:41.108000 -     KP_Begin: reviewCurrentItemHandler
08:55:41.108009 -     KP_Right: reviewNextItemHandler
08:55:41.108018 -     KP_Begin x2: reviewSpellCurrentItemHandler
08:55:41.108027 -     KP_Begin x3: reviewPhoneticCurrentItemHandler
08:55:41.108035 -     KP_End: reviewPreviousCharacterHandler
08:55:41.108044 -     KP_Down: reviewCurrentCharacterHandler
08:55:41.108053 -     KP_Down x2: reviewSpellCurrentCharacterHandler
08:55:41.108062 -     KP_Down x3: reviewUnicodeCurrentCharacterHandler
08:55:41.108071 -     KP_Page_Down: reviewNextCharacterHandler
08:55:41.108080 -     KP_Add x2: flatReviewSayAllHandler
08:55:41.108089 -     KP_Delete: findHandler
08:55:41.108097 -     KP_Enter: whereAmIBasicHandler
08:55:41.108106 -     KP_Enter x2: whereAmIDetailedHandler
^^^^^ COMMAND MANAGER: Diff completed in 0.0019s. Removed 0, added 31, transferred 0 ^^^^^

08:55:41.108174 - GSETTINGS SCHEMA HANDLE: speech/enable not set [app:org.gnome.Terminal, profile:default]
08:55:41.108188 - GSETTINGS REGISTRY: speech/enable using default value = True
08:55:41.108199 - SPEECH MANAGER: Speech is enabled.
08:55:41.108258 - SPEECH MANAGER: start_speech. Script: None Event: None notify_user: False
08:55:41.108269 - SPEECH MANAGER: Initializing server
08:55:41.108279 - SPEECH MANAGER: Already initialized
08:55:41.108321 - GSETTINGS SCHEMA HANDLE: keybindings/keyboard-layout not set [app:org.gnome.Terminal, profile:default]
08:55:41.108335 - GSETTINGS REGISTRY: keybindings/keyboard-layout using default value = 'desktop'
08:55:41.108347 - COMMAND MANAGER: Setting keyboard layout is_desktop to True.
08:55:41.108450 - GSETTINGS SCHEMA HANDLE: keybindings/entries no dict values set
08:55:41.108465 - GSETTINGS REGISTRY: keybindings/entries using default value = {}
08:55:41.108475 - COMMAND MANAGER: No user overrides to apply
08:55:41.108560 - GSETTINGS SCHEMA HANDLE: keybindings/keyboard-layout not set [app:org.gnome.Terminal, profile:default]
08:55:41.108573 - GSETTINGS REGISTRY: keybindings/keyboard-layout using default value = 'desktop'
08:55:41.108606 - GSETTINGS SCHEMA HANDLE: keybindings/desktop-modifier-keys not set [app:org.gnome.Terminal, profile:default]
08:55:41.108623 - GSETTINGS REGISTRY: keybindings/desktop-modifier-keys using default value = ['Insert', 'KP_Insert']

vvvvv COMMAND MANAGER: Grab diff: keyboard layout change (old: 77, new: 77) vvvvv
08:55:41.108653 -   No grab changes
^^^^^ COMMAND MANAGER: Diff completed in 0.0000s. Removed 0, added 0, transferred 0 ^^^^^

08:55:41.108673 - COMMAND MANAGER: Keyboard layout set to desktop.
08:55:41.108713 - GSETTINGS SCHEMA HANDLE: keybindings/keyboard-layout not set [app:org.gnome.Terminal, profile:default]
08:55:41.108725 - GSETTINGS REGISTRY: keybindings/keyboard-layout using default value = 'desktop'
08:55:41.108756 - GSETTINGS SCHEMA HANDLE: keybindings/desktop-modifier-keys not set [app:org.gnome.Terminal, profile:default]
08:55:41.108768 - GSETTINGS REGISTRY: keybindings/desktop-modifier-keys using default value = ['Insert', 'KP_Insert']
08:55:41.108786 - EVENT MANAGER: Processing window:activate: script for event is active
08:55:41.108863 - AXObject: Clearing AT-SPI cache on [frame: 'Terminal' (0x764998b29440)]  Recursive: False.  Reason: Checking if window can be the active window
08:55:41.109735 - AXUtilities: [frame: 'Terminal' (0x764998b29440)]  from [application: 'org.gnome.Terminal' (0x7649982405c0)]  can be active window
08:55:41.109768 - FOCUS MANAGER: Active window is None event_manager._dequeue_object_event:666 > event_manager._process_object_event:982 > default._on_window_activated:1384 > focus_manager.get_active_window:342
08:55:41.110190 - FOCUS MANAGER: Request to set active window to [frame: 'Terminal' (0x764998b08300)] 
08:55:41.110218 - FOCUS MANAGER: Focus None is not in [frame: 'Terminal' (0x764998b08300)] 
08:55:41.110239 - FOCUS MANAGER: Request to set locus of focus to [frame: 'Terminal' (0x764998b08300)]  event_manager._process_object_event:982 > default._on_window_activated:1391 > focus_manager.set_active_window:391 > focus_manager.set_locus_of_focus:271
08:55:41.110520 - AXObject: Clearing AT-SPI cache on [frame: 'Terminal' (0x764998b08300)]  Recursive: False.  Reason: Setting locus of focus.
08:55:41.110540 - SCRIPT MANAGER: Active script is: org.gnome.Terminal (module=orca.scripts.toolkits.gtk.script)
08:55:41.110753 - FOCUS MANAGER: Changing locus of focus from None to [frame: 'Terminal' (0x764998b08300)] . Notify: True
08:55:41.110810 - FOCUS MANAGER: Switching mode from None to focus-tracking
08:55:41.110871 - FOCUS MANAGER: Region of interest: [frame: 'Terminal' (0x764998b08300)]  (0, 0)
08:55:41.110938 - FOCUS MANAGER: Switching object of interest from None to [frame: 'Terminal' (0x764998b08300)] 
08:55:41.111204 - DOCUMENT PRESENTER: Updating mode for focus change. Old focus: None old doc: None New focus: [frame: 'Terminal' (0x764998b08300)]  new doc: None
08:55:41.111224 - SCRIPT MANAGER: Active script is: org.gnome.Terminal (module=orca.scripts.toolkits.gtk.script)
08:55:41.111230 - CARET NAVIGATOR: Commands suspended: False: locus of focus no longer in document
08:55:41.111258 - GSETTINGS SCHEMA HANDLE: keybindings/keyboard-layout not set [app:org.gnome.Terminal, profile:default]
08:55:41.111263 - GSETTINGS REGISTRY: keybindings/keyboard-layout using default value = 'desktop'
08:55:41.111277 - GSETTINGS SCHEMA HANDLE: keybindings/desktop-modifier-keys not set [app:org.gnome.Terminal, profile:default]
08:55:41.111282 - GSETTINGS REGISTRY: keybindings/desktop-modifier-keys using default value = ['Insert', 'KP_Insert']
08:55:41.111307 - SCRIPT MANAGER: Active script is: org.gnome.Terminal (module=orca.scripts.toolkits.gtk.script)
08:55:41.111311 - STRUCTURAL NAVIGATOR: Suspended: False: locus of focus no longer in document
08:55:41.111322 - GSETTINGS SCHEMA HANDLE: keybindings/keyboard-layout not set [app:org.gnome.Terminal, profile:default]
08:55:41.111326 - GSETTINGS REGISTRY: keybindings/keyboard-layout using default value = 'desktop'
08:55:41.111336 - GSETTINGS SCHEMA HANDLE: keybindings/desktop-modifier-keys not set [app:org.gnome.Terminal, profile:default]
08:55:41.111340 - GSETTINGS REGISTRY: keybindings/desktop-modifier-keys using default value = ['Insert', 'KP_Insert']
08:55:41.111375 - STRUCTURAL NAVIGATOR: Setting mode for org.gnome.Terminal (module=orca.scripts.toolkits.gtk.script) to NavigationMode.OFF
08:55:41.111388 - SCRIPT MANAGER: Active script is: org.gnome.Terminal (module=orca.scripts.toolkits.gtk.script)
08:55:41.111401 - GSETTINGS SCHEMA HANDLE: keybindings/keyboard-layout not set [app:org.gnome.Terminal, profile:default]
08:55:41.111405 - GSETTINGS REGISTRY: keybindings/keyboard-layout using default value = 'desktop'
08:55:41.111415 - GSETTINGS SCHEMA HANDLE: keybindings/desktop-modifier-keys not set [app:org.gnome.Terminal, profile:default]
08:55:41.111419 - GSETTINGS REGISTRY: keybindings/desktop-modifier-keys using default value = ['Insert', 'KP_Insert']
08:55:41.111449 - CARET NAVIGATOR: Setting enabled state for org.gnome.Terminal (module=orca.scripts.toolkits.gtk.script) to False
08:55:41.111462 - SCRIPT MANAGER: Active script is: org.gnome.Terminal (module=orca.scripts.toolkits.gtk.script)
08:55:41.111475 - GSETTINGS SCHEMA HANDLE: keybindings/keyboard-layout not set [app:org.gnome.Terminal, profile:default]
08:55:41.111478 - GSETTINGS REGISTRY: keybindings/keyboard-layout using default value = 'desktop'
08:55:41.111489 - GSETTINGS SCHEMA HANDLE: keybindings/desktop-modifier-keys not set [app:org.gnome.Terminal, profile:default]
08:55:41.111492 - GSETTINGS REGISTRY: keybindings/desktop-modifier-keys using default value = ['Insert', 'KP_Insert']
08:55:41.111533 - SCRIPT UTILITIES: [frame: 'Terminal' (0x764998b08300)]  is top-level object for: [frame: 'Terminal' (0x764998b08300)] 
08:55:41.111547 - FOCUS MANAGER: Request to set active window to [frame: 'Terminal' (0x764998b08300)] 
08:55:41.111552 - FOCUS MANAGER: Setting active window to existing active window
08:55:41.111569 - SCRIPT MANAGER: Getting script for [application: 'org.gnome.Terminal' (0x7649982405c0)]  [frame: 'Terminal' (0x764998b08300)] 
08:55:41.111592 - SCRIPT MANAGER: Script is app script org.gnome.Terminal (module=orca.scripts.toolkits.gtk.script)
08:55:41.111598 - PRESENTATION MANAGER: Not interrupting for locusOfFocus change: event is None
08:55:41.111630 - FOCUS MANAGER: Active mode: focus-tracking Object of interest: [frame: 'Terminal' (0x764998b08300)] 
08:55:41.111647 - GSETTINGS SCHEMA HANDLE: speech/enable not set [app:org.gnome.Terminal, profile:default]
08:55:41.111651 - GSETTINGS REGISTRY: speech/enable using default value = True
08:55:41.111666 - GSETTINGS SCHEMA HANDLE: speech/verbosity-level not set [app:org.gnome.Terminal, profile:default]
08:55:41.111670 - GSETTINGS REGISTRY: speech/verbosity-level using default value = 'verbose'
08:55:41.111683 - FOCUS MANAGER: Locus of focus is [frame: 'Terminal' (0x764998b08300)] 
08:55:41.111696 - SCRIPT MANAGER: Active script is: org.gnome.Terminal (module=orca.scripts.toolkits.gtk.script)
08:55:41.111712 - GSETTINGS SCHEMA HANDLE: speech/only-speak-displayed-text not set [app:org.gnome.Terminal, profile:default]
08:55:41.111715 - GSETTINGS REGISTRY: speech/only-speak-displayed-text using default value = False
08:55:41.111727 - GSETTINGS SCHEMA HANDLE: speech/speak-description not set [app:org.gnome.Terminal, profile:default]
08:55:41.111730 - GSETTINGS REGISTRY: speech/speak-description using default value = True
08:55:41.111741 - GSETTINGS SCHEMA HANDLE: speech/speak-tutorial-messages not set [app:org.gnome.Terminal, profile:default]
08:55:41.111744 - GSETTINGS REGISTRY: speech/speak-tutorial-messages using default value = True
08:55:41.111754 - GSETTINGS SCHEMA HANDLE: speech/speak-position-in-set not set [app:org.gnome.Terminal, profile:default]
08:55:41.111758 - GSETTINGS REGISTRY: speech/speak-position-in-set using default value = False
08:55:41.111768 - GSETTINGS SCHEMA HANDLE: speech/speak-widget-mnemonic not set [app:org.gnome.Terminal, profile:default]
08:55:41.111771 - GSETTINGS REGISTRY: speech/speak-widget-mnemonic using default value = True
08:55:41.111781 - GSETTINGS SCHEMA HANDLE: speech/speak-blank-lines not set [app:org.gnome.Terminal, profile:default]
08:55:41.111787 - GSETTINGS REGISTRY: speech/speak-blank-lines using default value = True
08:55:41.111797 - GSETTINGS SCHEMA HANDLE: speech/speak-indentation-and-justification not set [app:org.gnome.Terminal, profile:default]
08:55:41.111801 - GSETTINGS REGISTRY: speech/speak-indentation-and-justification using default value = False
08:55:41.111811 - GSETTINGS SCHEMA HANDLE: speech/announce-cell-headers not set [app:org.gnome.Terminal, profile:default]
08:55:41.111814 - GSETTINGS REGISTRY: speech/announce-cell-headers using default value = True
08:55:41.111824 - GSETTINGS SCHEMA HANDLE: speech/announce-cell-coordinates not set [app:org.gnome.Terminal, profile:default]
08:55:41.111827 - GSETTINGS REGISTRY: speech/announce-cell-coordinates using default value = True
08:55:41.111837 - GSETTINGS SCHEMA HANDLE: speech/announce-spreadsheet-cell-coordinates not set [app:org.gnome.Terminal, profile:default]
08:55:41.111840 - GSETTINGS REGISTRY: speech/announce-spreadsheet-cell-coordinates using default value = True
08:55:41.111850 - GSETTINGS SCHEMA HANDLE: speech/announce-blockquote not set [app:org.gnome.Terminal, profile:default]
08:55:41.111854 - GSETTINGS REGISTRY: speech/announce-blockquote using default value = True
08:55:41.111863 - GSETTINGS SCHEMA HANDLE: speech/announce-form not set [app:org.gnome.Terminal, profile:default]
08:55:41.111867 - GSETTINGS REGISTRY: speech/announce-form using default value = True
08:55:41.111877 - GSETTINGS SCHEMA HANDLE: speech/announce-landmark not set [app:org.gnome.Terminal, profile:default]
08:55:41.111880 - GSETTINGS REGISTRY: speech/announce-landmark using default value = True
08:55:41.111890 - GSETTINGS SCHEMA HANDLE: speech/announce-list not set [app:org.gnome.Terminal, profile:default]
08:55:41.111893 - GSETTINGS REGISTRY: speech/announce-list using default value = True
08:55:41.111903 - GSETTINGS SCHEMA HANDLE: speech/announce-grouping not set [app:org.gnome.Terminal, profile:default]
08:55:41.111906 - GSETTINGS REGISTRY: speech/announce-grouping using default value = True
08:55:41.111915 - GSETTINGS SCHEMA HANDLE: speech/announce-table not set [app:org.gnome.Terminal, profile:default]
08:55:41.111918 - GSETTINGS REGISTRY: speech/announce-table using default value = True
08:55:41.112011 - GENERATOR: _get_functional_role: frame
08:55:41.112091 - SPEECH GENERATOR: speech_generator.SpeechGenerator._generate_frame for [frame: 'Terminal' (0x764998b08300)]  args: {'formatType': 'unfocused', 'priorObj': "[frame: 'Terminal' (0x764998b08300)] ", 'role': 'frame'}
08:55:41.112119 - SPEECH GENERATOR: _generate_old_ancestors: []
08:55:41.112140 - SPEECH GENERATOR: _generate_new_ancestors: []
08:55:41.112385 - AXUtilitiesRelation: [frame: 'Terminal' (0x764998b08300)]  is labelled by: []
08:55:41.112404 - GENERATOR: _generate_accessible_label: []
08:55:41.112418 - SPEECH GENERATOR: _generate_accessible_label: []
08:55:41.112443 - GENERATOR: _generate_accessible_name: [Terminal]
08:55:41.112484 - GSETTINGS SCHEMA HANDLE: voice/established not set [app:org.gnome.Terminal, profile:default]
08:55:41.112501 - GSETTINGS SCHEMA HANDLE: voice/rate not set [app:org.gnome.Terminal, profile:default]
08:55:41.112514 - GSETTINGS SCHEMA HANDLE: voice/pitch not set [app:org.gnome.Terminal, profile:default]
08:55:41.112526 - GSETTINGS SCHEMA HANDLE: voice/volume not set [app:org.gnome.Terminal, profile:default]
08:55:41.112540 - GSETTINGS SCHEMA HANDLE: voice/family-name not set [app:org.gnome.Terminal, profile:default]
08:55:41.112552 - GSETTINGS SCHEMA HANDLE: voice/family-lang not set [app:org.gnome.Terminal, profile:default]
08:55:41.112562 - GSETTINGS SCHEMA HANDLE: voice/family-dialect not set [app:org.gnome.Terminal, profile:default]
08:55:41.112573 - GSETTINGS SCHEMA HANDLE: voice/family-gender not set [app:org.gnome.Terminal, profile:default]
08:55:41.112583 - GSETTINGS SCHEMA HANDLE: voice/family-variant not set [app:org.gnome.Terminal, profile:default]
08:55:41.112611 - SPEECH GENERATOR: default voice requested for [frame: 'Terminal' (0x764998b08300)]  language='', dialect='' Unmodified voice={'established': False}
08:55:41.112639 - SPEECH GENERATOR: Reported locale of [frame: 'Terminal' (0x764998b08300)]  is C
08:55:41.112655 - SPEECH GENERATOR: Updated to: 'C', ''
08:55:41.112678 - GSETTINGS SCHEMA HANDLE: speech/auto-language-switching not set [app:org.gnome.Terminal, profile:default]
08:55:41.112683 - GSETTINGS REGISTRY: speech/auto-language-switching using default value = True
08:55:41.112696 - SPEECH DISPATCHER: Searching for language='C' dialect='' variant='None'.
08:55:41.114865 - SPEECH DISPATCHER: Unfiltered voice list has 0 entries.
08:55:41.116369 - SPEECH DISPATCHER: Unfiltered voice list (try 2) has 0 entries.
08:55:41.116379 - SPEECH DISPATCHER: Found 0 match(es) for language='C' dialect='' variant='None' in 0.0037s.
08:55:41.116429 - SPEECH GENERATOR: Family updated to {'dialect': '', 'lang': 'C', 'name': ''}
08:55:41.116484 - SPEECH GENERATOR: Final voice is {'established': 'False', 'family': "{'dialect': '', 'lang': 'C', 'name': ''}"}
08:55:41.116535 - SPEECH GENERATOR: _generate_accessible_name: [Terminal, {'established': 'False', 'family': "{'dialect': '', 'lang': 'C', 'name': ''}"}]
08:55:41.116592 - GENERATOR: _generate_accessible_label_and_name: [Terminal, {'established': 'False', 'family': "{'dialect': '', 'lang': 'C', 'name': ''}"}]
08:55:41.116615 - SPEECH PRESENTER: Adjusting 'Terminal' from [frame: 'Terminal' (0x764998b08300)]  start_offset: None
08:55:41.116646 - GSETTINGS SCHEMA HANDLE: speech/speak-numbers-as-digits not set [app:org.gnome.Terminal, profile:default]
08:55:41.116651 - GSETTINGS REGISTRY: speech/speak-numbers-as-digits using default value = False
08:55:41.116679 - GSETTINGS SCHEMA HANDLE: speech/repeated-character-limit not set [app:org.gnome.Terminal, profile:default]
08:55:41.116683 - GSETTINGS REGISTRY: speech/repeated-character-limit using default value = 4
08:55:41.116849 - GSETTINGS SCHEMA HANDLE: speech/use-pronunciation-dictionary not set [app:org.gnome.Terminal, profile:default]
08:55:41.116856 - GSETTINGS REGISTRY: speech/use-pronunciation-dictionary using default value = True
08:55:41.116892 - GSETTINGS SCHEMA HANDLE: pronunciations/entries no dict values set
08:55:41.116896 - GSETTINGS REGISTRY: pronunciations/entries using default value = {}
08:55:41.116901 - SPEECH PRESENTER: Adjusted text: 'Terminal'
08:55:41.116955 - SPEECH GENERATOR: _generate_accessible_label_and_name: [Terminal, {'established': 'False', 'family': "{'dialect': '', 'lang': 'C', 'name': ''}"}]
08:55:41.117037 - SPEECH GENERATOR: _generate_accessible_role: []
08:55:41.117102 - AXUtilities: Unfocused alerts and dialogs for [frame: 'Terminal' (0x764998b08300)] : []
08:55:41.117116 - SPEECH GENERATOR: _generate_unfocused_dialog_count: []
08:55:41.117173 - SPEECH GENERATOR: Results: [Terminal, {'established': 'False', 'family': "{'dialect': '', 'lang': 'C', 'name': ''}"}]
08:55:41.117236 - SPEECH: Speak [Terminal, {'established': 'False', 'family': "{'dialect': '', 'lang': 'C', 'name': ''}"}], acss: None
08:55:41.117259 - SPEECH OUTPUT: 'Terminal' {'established': False, 'family': {'name': '', 'gender': None, 'lang': 'C', 'dialect': '', 'variant': None}}
08:55:41.117264 - SPEECH DISPATCHER: Speaking 'Terminal' as string
08:55:41.117650 - SPEECH DISPATCHER: Speaking '<speak><mark name="0:8"/>Terminal</speak>' 
                  ORCA rate 50.0, pitch 5.0, volume 10.0, language C, punctuation: MOST
                  SD rate 2, pitch 10, volume 100, language c
08:55:41.117854 - GSETTINGS SCHEMA HANDLE: braille/enabled not set [app:org.gnome.Terminal, profile:default]
08:55:41.117872 - GSETTINGS REGISTRY: braille/enabled using default value = True
08:55:41.117934 - FOCUS MANAGER: Active mode: focus-tracking Object of interest: [frame: 'Terminal' (0x764998b08300)] 
08:55:41.117974 - GSETTINGS SCHEMA HANDLE: braille/enabled not set [app:org.gnome.Terminal, profile:default]
08:55:41.117999 - GSETTINGS REGISTRY: braille/enabled using default value = True
08:55:41.118039 - GSETTINGS SCHEMA HANDLE: braille/verbosity-level not set [app:org.gnome.Terminal, profile:default]
08:55:41.118056 - GSETTINGS REGISTRY: braille/verbosity-level using default value = 'verbose'
08:55:41.118091 - FOCUS MANAGER: Locus of focus is [frame: 'Terminal' (0x764998b08300)] 
08:55:41.118124 - SCRIPT MANAGER: Active script is: org.gnome.Terminal (module=orca.scripts.toolkits.gtk.script)
08:55:41.118167 - GSETTINGS SCHEMA HANDLE: braille/rolename-style not set [app:org.gnome.Terminal, profile:default]
08:55:41.118180 - GSETTINGS REGISTRY: braille/rolename-style using default value = 'verbose'
08:55:41.118215 - GSETTINGS SCHEMA HANDLE: braille/display-ancestors not set [app:org.gnome.Terminal, profile:default]
08:55:41.118227 - GSETTINGS REGISTRY: braille/display-ancestors using default value = True
08:55:41.118260 - GSETTINGS SCHEMA HANDLE: braille/end-of-line-indicator not set [app:org.gnome.Terminal, profile:default]
08:55:41.118272 - GSETTINGS REGISTRY: braille/end-of-line-indicator using default value = True
08:55:41.118302 - GSETTINGS SCHEMA HANDLE: braille/present-mnemonics not set [app:org.gnome.Terminal, profile:default]
08:55:41.118314 - GSETTINGS REGISTRY: braille/present-mnemonics using default value = True
08:55:41.118467 - GENERATOR: _get_functional_role: frame
08:55:41.118581 - BRAILLE GENERATOR: braille_generator.BrailleGenerator._generate_frame for [frame: 'Terminal' (0x764998b08300)]  args: {'formatType': 'focused', 'priorObj': "[frame: 'Terminal' (0x764998b08300)] ", 'role': 'frame'}
08:55:41.119245 - GENERATOR: _get_functional_role: application
08:55:41.119274 - BRAILLE GENERATOR: [application: 'org.gnome.Terminal' (0x7649982405c0)]  lacks dedicated generator
08:55:41.119338 - BRAILLE GENERATOR: braille_generator.BrailleGenerator._generate_default_presentation for [application: 'org.gnome.Terminal' (0x7649982405c0)]  args: {'formatType': 'ancestor', 'includeContext': 'False', 'priorObj': "[frame: 'Terminal' (0x764998b08300)] ", 'role': 'application'}
08:55:41.119530 - AXUtilitiesRelation: [application: 'org.gnome.Terminal' (0x7649982405c0)]  is labelled by: []
08:55:41.119562 - GENERATOR: _generate_accessible_label: []
08:55:41.119589 - GENERATOR: _generate_accessible_name: [org.gnome.Terminal]
08:55:41.119612 - GENERATOR: _generate_accessible_label_and_name: [org.gnome.Terminal]
08:55:41.119830 - BRAILLE GENERATOR: _generate_accessible_role: [application]
08:55:41.119848 - BRAILLE: Not contracting 'org.gnome.Terminal application' because contracted braille is not enabled.
08:55:41.119870 - BRAILLE GENERATOR: Results: [COMPONENT: 'org.gnome.Terminal application', cursor offset:0]
08:55:41.119895 - BRAILLE GENERATOR: _generate_ancestors: [COMPONENT: 'org.gnome.Terminal application', cursor offset:0]
08:55:41.119927 - AXUtilitiesRelation: [frame: 'Terminal' (0x764998b08300)]  is labelled by: []
08:55:41.119941 - GENERATOR: _generate_accessible_label: []
08:55:41.119961 - GENERATOR: _generate_accessible_name: [Terminal]
08:55:41.119983 - GENERATOR: _generate_accessible_label_and_name: [Terminal]
08:55:41.120059 - BRAILLE GENERATOR: _generate_accessible_role: [frame]
08:55:41.120121 - AXUtilities: Unfocused alerts and dialogs for [frame: 'Terminal' (0x764998b08300)] : []
08:55:41.120135 - BRAILLE GENERATOR: _generate_alert_and_dialog_count: []
08:55:41.120143 - BRAILLE: Not contracting 'Terminal frame' because contracted braille is not enabled.
08:55:41.120176 - AXUtilitiesRelation: [frame: 'Terminal' (0x764998b08300)]  is described by: []
08:55:41.120190 - GENERATOR: _generate_accessible_description: []
08:55:41.120212 - GENERATOR: _generate_state_current: []
08:55:41.120240 - BRAILLE GENERATOR: Results: [COMPONENT: 'org.gnome.Terminal application', cursor offset:0, REGION: ' ', cursor offset:0, COMPONENT: 'Terminal frame', cursor offset:0]
08:55:41.120285 - BRAILLE: Refresh. Pan: True target: 0
08:55:41.120292 - BRAILLE: Kill flash message braille.display_line:1618 > braille.refresh:2097 > braille._prepare_refresh:1856 > braille.kill_flash:2182
08:55:41.121489 - GSETTINGS SCHEMA HANDLE: braille/enabled not set [app:org.gnome.Terminal, profile:default]
08:55:41.121502 - GSETTINGS REGISTRY: braille/enabled using default value = True
08:55:41.121527 - BRAILLE: Last text object: None (Caret: 0, Line: 0, Cell: 0)
08:55:41.121554 - BRAILLE: Current text object: None (Caret: 0, Line: 0). On same line: False
08:55:41.121563 - BRAILLE: Line 0: 'org.gnome.Terminal application Terminal frame' focusOffset: 31 [[0, 31], [31, 45]]
08:55:41.121568 - BRAILLE: Cursor offset in line string is: 31
08:55:41.121576 - BRAILLE: Adjusting offset to 31 (unhandled condition)
08:55:41.121581 - BRAILLE: Current range: (31, 63). Target cell: 0
08:55:41.121588 - BRAILLE LINE:  'org.gnome.Terminal application Terminal frame'
08:55:41.121591 -      VISIBLE:  'Terminal frame', cursor=1
08:55:41.121606 - BRAILLE: Enabling braille. BrlAPI running: False
08:55:41.121609 - BRAILLE: Need to initialize first.
08:55:41.121623 - BRAILLE: Initializing. Callback: input_event_manager.InputEventManager.process_braille_event
08:55:41.121643 - BRAILLE: WINDOWPATH= None
08:55:41.121656 - BRAILLE: XDG_VTNR= 1
08:55:41.121671 - BRAILLE: Attempting connection with BrlAPI.
08:55:41.121948 - AXTable: Setting last cell coordinates to row=-1, column=-1
08:55:41.121980 - FOCUS MANAGER: Setting last cursor position to [frame: 'Terminal' (0x764998b08300)]  -1
08:55:41.122032 - FOCUS MANAGER: Active window is [frame: 'Terminal' (0x764998b08300)]  focus_manager.set_locus_of_focus:327 > focus_manager._save_object_details:254 > ax_utilities_event.save_object_info_for_events:195 > focus_manager.get_active_window:342
08:55:41.122489 - SCRIPT MANAGER: Getting script for [application: 'org.gnome.Terminal' (0x7649982405c0)]  [frame: 'Terminal' (0x764998b08300)] 
08:55:41.122520 - SCRIPT MANAGER: Script is app script org.gnome.Terminal (module=orca.scripts.toolkits.gtk.script)
08:55:41.122599 - SPELL CHECK PRESENTER: Handling window:activate for [frame: 'Terminal' (0x764998b08300)] 
08:55:41.122616 - SPELL CHECK PRESENTER: Attempting activation for [frame: 'Terminal' (0x764998b08300)] 
08:55:41.122676 - BRAILLE: BrlAPI Connection is unavailable (ConnectionError): couldn't connect to b':0' with key b'keyfile:/etc/brlapi.key+polkit': connect: No such file or directory
                  (brlerrno 11, libcerrno 2, gaierrno 0)
                  Is BRLTTY really running?08:55:41.122717 - SPELL CHECK PRESENTER: [frame: 'Terminal' (0x764998b08300)]  is not spellcheck window

08:55:41.122887 - SPELL CHECK PRESENTER: Not a spellcheck window. Deactivating.
08:55:41.122930 - FOCUS MANAGER: Request to set locus of focus to [frame: 'Terminal' (0x764998b08300)]  event_manager._dequeue_object_event:666 > event_manager._process_object_event:982 > default._on_window_activated:1408 > focus_manager.set_locus_of_focus:271
08:55:41.123199 - AXObject: Clearing AT-SPI cache on [frame: 'Terminal' (0x764998b08300)]  Recursive: False.  Reason: Setting locus of focus.
08:55:41.123207 - FOCUS MANAGER: Setting locus of focus to existing locus of focus
TOTAL PROCESSING TIME: 0.0345
^^^^^ FINISHED PRIORITY-2 OBJECT EVENT WINDOW:ACTIVATE ^^^^^


08:55:41.123567 - EVENT MANAGER: object:text-caret-moved for [terminal: 'Terminal' (0x764998124040)]  in org.gnome.Terminal (gtk 3.24.52) (385, 0, 0)
08:55:41.123657 - FOCUS MANAGER: Locus of focus is [frame: 'Terminal' (0x764998b08300)] 
08:55:41.123722 - EVENT_MANAGER: Not ignoring object:text-caret-moved due to source being focused
08:55:41.123869 - EVENT MANAGER: Queueing object:text-caret-moved for [terminal: 'Terminal' (0x76499824c0c0)]  in org.gnome.Terminal (gtk 3.24.52) (385, 0, 0)
08:55:41.123921 - EVENT MANAGER: App for event source is [application: 'org.gnome.Terminal' (0x7649982405c0)] 
08:55:41.123940 - SCRIPT MANAGER: Getting script for [application: 'org.gnome.Terminal' (0x7649982405c0)]  [terminal: 'Terminal' (0x764998103f00)] 
08:55:41.123965 - SCRIPT MANAGER: Script is custom script org.gnome.Terminal (module=orca.scripts.terminal.script)
08:55:41.124148 - EVENT MANAGER: object:text-caret-moved for [terminal: 'Terminal' (0x76499824c0c0)]  in org.gnome.Terminal (gtk 3.24.52) (385, 0, 0) has priority level: 4
08:55:41.124294 - EVENT MANAGER: Queued object:text-caret-moved for [terminal: 'Terminal' (0x7649981240c0)]  in org.gnome.Terminal (gtk 3.24.52) (385, 0, 0) priority: 4, counter: 35
08:55:41.124488 - CLIPBOARD PRESENTER: Possible change event object:text-changed:delete for [terminal: 'Terminal' (0x764998103f00)]  in org.gnome.Terminal (gtk 3.24.52) (376, 9, \n\n\n\n\n\n\n\n\n)

08:55:41.124679 - EVENT MANAGER: object:text-changed:delete for [terminal: 'Terminal' (0x76499824c100)]  in org.gnome.Terminal (gtk 3.24.52) (376, 9, \n\n\n\n\n\n\n\n\n)
08:55:41.124731 - FOCUS MANAGER: Locus of focus is [frame: 'Terminal' (0x764998b08300)] 
08:55:41.124784 - EVENT_MANAGER: Not ignoring object:text-changed:delete due to source being focused
08:55:41.124912 - EVENT MANAGER: Queueing object:text-changed:delete for [terminal: 'Terminal' (0x764998103ec0)]  in org.gnome.Terminal (gtk 3.24.52) (376, 9, \n\n\n\n\n\n\n\n\n)
08:55:41.124960 - EVENT MANAGER: App for event source is [application: 'org.gnome.Terminal' (0x7649982405c0)] 
08:55:41.124980 - SCRIPT MANAGER: Getting script for [application: 'org.gnome.Terminal' (0x7649982405c0)]  [terminal: 'Terminal' (0x764998124140)] 
08:55:41.125003 - SCRIPT MANAGER: Script is custom script org.gnome.Terminal (module=orca.scripts.terminal.script)
08:55:41.125139 - EVENT MANAGER: object:text-changed:delete for [terminal: 'Terminal' (0x764998124280)]  in org.gnome.Terminal (gtk 3.24.52) (376, 9, \n\n\n\n\n\n\n\n\n) has priority level: 4
08:55:41.125289 - EVENT MANAGER: Queued object:text-changed:delete for [terminal: 'Terminal' (0x76499824c100)]  in org.gnome.Terminal (gtk 3.24.52) (376, 9, \n\n\n\n\n\n\n\n\n) priority: 4, counter: 36
08:55:41.125459 - CLIPBOARD PRESENTER: Possible change event object:text-changed:insert for [terminal: 'Terminal' (0x76499824c340)]  in org.gnome.Terminal (gtk 3.24.52) (376, 599, \n \n \n \n \n... \n \n \n \n \n (608 chars.))

08:55:41.125683 - EVENT MANAGER: object:text-changed:insert for [terminal: 'Terminal' (0x764998124240)]  in org.gnome.Terminal (gtk 3.24.52) (376, 599, \n \n \n \n \n... \n \n \n \n \n (608 chars.))
08:55:41.125754 - FOCUS MANAGER: Locus of focus is [frame: 'Terminal' (0x764998b08300)] 
08:55:41.125816 - EVENT_MANAGER: Not ignoring object:text-changed:insert due to source being focused
08:55:41.125970 - EVENT MANAGER: Queueing object:text-changed:insert for [terminal: 'Terminal' (0x7649981241c0)]  in org.gnome.Terminal (gtk 3.24.52) (376, 599, \n \n \n \n \n... \n \n \n \n \n (608 chars.))
08:55:41.126044 - EVENT MANAGER: App for event source is [application: 'org.gnome.Terminal' (0x7649982405c0)] 
08:55:41.126074 - SCRIPT MANAGER: Getting script for [application: 'org.gnome.Terminal' (0x7649982405c0)]  [terminal: 'Terminal' (0x7649981242c0)] 
08:55:41.126114 - SCRIPT MANAGER: Script is custom script org.gnome.Terminal (module=orca.scripts.terminal.script)
08:55:41.126303 - EVENT MANAGER: object:text-changed:insert for [terminal: 'Terminal' (0x764998124440)]  in org.gnome.Terminal (gtk 3.24.52) (376, 599, \n \n \n \n \n... \n \n \n \n \n (608 chars.)) has priority level: 4
08:55:41.126486 - EVENT MANAGER: Queued object:text-changed:insert for [terminal: 'Terminal' (0x7649981244c0)]  in org.gnome.Terminal (gtk 3.24.52) (376, 599, \n \n \n \n \n... \n \n \n \n \n (608 chars.)) priority: 4, counter: 37

08:55:41.126668 - EVENT MANAGER: object:text-caret-moved for [terminal: 'Terminal' (0x764998124440)]  in org.gnome.Terminal (gtk 3.24.52) (975, 0, 0)
08:55:41.126731 - FOCUS MANAGER: Locus of focus is [frame: 'Terminal' (0x764998b08300)] 
08:55:41.126813 - EVENT_MANAGER: Not ignoring object:text-caret-moved due to source being focused
08:55:41.126997 - EVENT MANAGER: Queueing object:text-caret-moved for [terminal: 'Terminal' (0x764998124580)]  in org.gnome.Terminal (gtk 3.24.52) (975, 0, 0)
08:55:41.127065 - EVENT MANAGER: App for event source is [application: 'org.gnome.Terminal' (0x7649982405c0)] 
08:55:41.127093 - SCRIPT MANAGER: Getting script for [application: 'org.gnome.Terminal' (0x7649982405c0)]  [terminal: 'Terminal' (0x7649981245c0)] 
08:55:41.127130 - SCRIPT MANAGER: Script is custom script org.gnome.Terminal (module=orca.scripts.terminal.script)
08:55:41.127297 - EVENT MANAGER: object:text-caret-moved for [terminal: 'Terminal' (0x76499824c740)]  in org.gnome.Terminal (gtk 3.24.52) (975, 0, 0) has priority level: 4
08:55:41.127433 - EVENT MANAGER: Queued object:text-caret-moved for [terminal: 'Terminal' (0x764998124740)]  in org.gnome.Terminal (gtk 3.24.52) (975, 0, 0) priority: 4, counter: 38

08:55:41.127567 - EVENT MANAGER: object:text-caret-moved for [terminal: 'Terminal' (0x764998124680)]  in org.gnome.Terminal (gtk 3.24.52) (1, 0, 0)
08:55:41.127612 - FOCUS MANAGER: Locus of focus is [frame: 'Terminal' (0x764998b08300)] 
08:55:41.127661 - EVENT_MANAGER: Not ignoring object:text-caret-moved due to source being focused
08:55:41.127787 - EVENT MANAGER: Queueing object:text-caret-moved for [terminal: 'Terminal' (0x7649981246c0)]  in org.gnome.Terminal (gtk 3.24.52) (1, 0, 0)
08:55:41.127833 - EVENT MANAGER: App for event source is [application: 'org.gnome.Terminal' (0x7649982405c0)] 
08:55:41.127849 - SCRIPT MANAGER: Getting script for [application: 'org.gnome.Terminal' (0x7649982405c0)]  [terminal: 'Terminal' (0x764998124700)] 
08:55:41.127869 - SCRIPT MANAGER: Script is custom script org.gnome.Terminal (module=orca.scripts.terminal.script)
08:55:41.128008 - EVENT MANAGER: object:text-caret-moved for [terminal: 'Terminal' (0x764998124200)]  in org.gnome.Terminal (gtk 3.24.52) (1, 0, 0) has priority level: 4
08:55:41.128139 - EVENT MANAGER: Queued object:text-caret-moved for [terminal: 'Terminal' (0x7649981247c0)]  in org.gnome.Terminal (gtk 3.24.52) (1, 0, 0) priority: 4, counter: 39
08:55:41.128280 - CLIPBOARD PRESENTER: Possible change event object:text-changed:delete for [terminal: 'Terminal' (0x764998124580)]  in org.gnome.Terminal (gtk 3.24.52) (0, 1, )

08:55:41.128440 - EVENT MANAGER: object:text-changed:delete for [terminal: 'Terminal' (0x7649981248c0)]  in org.gnome.Terminal (gtk 3.24.52) (0, 1, )
08:55:41.128488 - FOCUS MANAGER: Locus of focus is [frame: 'Terminal' (0x764998b08300)] 
08:55:41.128537 - EVENT_MANAGER: Not ignoring object:text-changed:delete due to source being focused
08:55:41.128661 - EVENT MANAGER: Queueing object:text-changed:delete for [terminal: 'Terminal' (0x7649981247c0)]  in org.gnome.Terminal (gtk 3.24.52) (0, 1, )
08:55:41.128708 - EVENT MANAGER: App for event source is [application: 'org.gnome.Terminal' (0x7649982405c0)] 
08:55:41.128724 - SCRIPT MANAGER: Getting script for [application: 'org.gnome.Terminal' (0x7649982405c0)]  [terminal: 'Terminal' (0x764998b248c0)] 
08:55:41.128747 - SCRIPT MANAGER: Script is custom script org.gnome.Terminal (module=orca.scripts.terminal.script)
08:55:41.128877 - EVENT MANAGER: object:text-changed:delete for [terminal: 'Terminal' (0x7649981244c0)]  in org.gnome.Terminal (gtk 3.24.52) (0, 1, ) has priority level: 4
08:55:41.129010 - EVENT MANAGER: Queued object:text-changed:delete for [terminal: 'Terminal' (0x7649981249c0)]  in org.gnome.Terminal (gtk 3.24.52) (0, 1, ) priority: 4, counter: 40
08:55:41.129143 - CLIPBOARD PRESENTER: Possible change event object:text-changed:insert for [terminal: 'Terminal' (0x7649981248c0)]  in org.gnome.Terminal (gtk 3.24.52) (0, 1, ▶)

08:55:41.129284 - EVENT MANAGER: object:text-changed:insert for [terminal: 'Terminal' (0x76499824c9c0)]  in org.gnome.Terminal (gtk 3.24.52) (0, 1, ▶)
08:55:41.129330 - FOCUS MANAGER: Locus of focus is [frame: 'Terminal' (0x764998b08300)] 
08:55:41.129377 - EVENT_MANAGER: Not ignoring object:text-changed:insert due to source being focused
08:55:41.129518 - EVENT MANAGER: Queueing object:text-changed:insert for [terminal: 'Terminal' (0x7649981247c0)]  in org.gnome.Terminal (gtk 3.24.52) (0, 1, ▶)
08:55:41.129574 - EVENT MANAGER: App for event source is [application: 'org.gnome.Terminal' (0x7649982405c0)] 
08:55:41.129591 - SCRIPT MANAGER: Getting script for [application: 'org.gnome.Terminal' (0x7649982405c0)]  [terminal: 'Terminal' (0x76499824cac0)] 
08:55:41.129613 - SCRIPT MANAGER: Script is custom script org.gnome.Terminal (module=orca.scripts.terminal.script)
08:55:41.129747 - EVENT MANAGER: object:text-changed:insert for [terminal: 'Terminal' (0x7649981247c0)]  in org.gnome.Terminal (gtk 3.24.52) (0, 1, ▶) has priority level: 4
08:55:41.129881 - EVENT MANAGER: Queued object:text-changed:insert for [terminal: 'Terminal' (0x764998bb4a00)]  in org.gnome.Terminal (gtk 3.24.52) (0, 1, ▶) priority: 4, counter: 41
08:55:41.129982 - EVENT MANAGER: Dequeueing object:state-changed:active for [frame: 'Terminal' (0x764998b08300)]  in org.gnome.Terminal (gtk 3.24.52) (1, 0, 0)
08:55:41.130104 - EVENT MANAGER: Dequeued object:state-changed:active for [frame: 'Terminal' (0x764998b08300)]  in org.gnome.Terminal (gtk 3.24.52) (1, 0, 0) priority: 2, counter: 9

vvvvv START PRIORITY-2 OBJECT EVENT OBJECT:STATE-CHANGED:ACTIVE (queue size: 36) vvvvv
08:55:41.130743 - EVENT SOURCE:
                  app='org.gnome.Terminal (gtk 3.24.52)' name='Terminal' role='frame' axid='' id=0x764998b08300
                  description=''
                  help=''
                  locale='C.UTF-8'
                  states='active, enabled, resizable, sensitive, showing, visible'
                  relations=''
                  actions=''
                  interfaces='Collection, Component'
                  attributes='toolkit:gtk, window-type:normal'
                  text=''
                  path=[-1, 0]
                  
08:55:41.130764 - SCRIPT MANAGER: Active script is: org.gnome.Terminal (module=orca.scripts.toolkits.gtk.script)
08:55:41.130781 - FOCUS MANAGER: Locus of focus is [frame: 'Terminal' (0x764998b08300)] 
08:55:41.130796 - EVENT MANAGER: Script for event from locus of focus is org.gnome.Terminal (module=orca.scripts.toolkits.gtk.script)
08:55:41.130802 - EVENT MANAGER: Processing object:state-changed:active: script for event is active
08:55:41.130839 - AXObject: Clearing AT-SPI cache on [frame: 'Terminal' (0x764998b08300)]  Recursive: False.  Reason: Checking if window can be the active window
08:55:41.131700 - AXUtilities: [frame: 'Terminal' (0x764998b08300)]  from [application: 'org.gnome.Terminal' (0x7649982405c0)]  can be active window
08:55:41.131717 - FOCUS MANAGER: Active window is [frame: 'Terminal' (0x764998b08300)]  event_manager._dequeue_object_event:666 > event_manager._process_object_event:982 > default._on_active_changed:799 > focus_manager.get_active_window:342
TOTAL PROCESSING TIME: 0.0019
^^^^^ FINISHED PRIORITY-2 OBJECT EVENT OBJECT:STATE-CHANGED:ACTIVE ^^^^^

08:55:41.132012 - WARNING: Braille initialization failed: BrlAPI connection unavailable.
08:55:41.132029 - BRAILLE: Scheduling BrlAPI retry in 2000 ms.
08:55:41.132100 - EVENT MANAGER: Dequeueing window:activate for [frame: 'Reactive TUI App accessibility round 1' (0x76499824ce40)]  in accessibility_probe (AccessKit) (0, 0, Reactive TUI App accessibility round 1)
08:55:41.132137 - EVENT MANAGER: Dequeued window:activate for [frame: 'Reactive TUI App accessibility round 1' (0x76499824ce40)]  in accessibility_probe (AccessKit) (0, 0, Reactive TUI App accessibility round 1) priority: 2, counter: 31

vvvvv START PRIORITY-2 OBJECT EVENT WINDOW:ACTIVATE (queue size: 35) vvvvv
08:55:41.134018 - EVENT SOURCE:
                  app='accessibility_probe (AccessKit )' name='Reactive TUI App accessibility round 1' role='frame' axid='' id=0x76499824ce40
                  description=''
                  help=''
                  locale=''
                  states='active, enabled, sensitive, showing, visible'
                  relations=''
                  actions=''
                  interfaces='Component'
                  attributes=''
                  text=''
                  path=[-1, 0]
                  
08:55:41.134074 - SCRIPT MANAGER: Active script is: org.gnome.Terminal (module=orca.scripts.toolkits.gtk.script)
08:55:41.134123 - FOCUS MANAGER: Locus of focus is [frame: 'Terminal' (0x764998b08300)] 
08:55:41.134201 - EVENT MANAGER: Getting script for event for [application: 'accessibility_probe' (0x764998261a00)]  [frame: 'Reactive TUI App accessibility round 1' (0x764998b25040)] 
08:55:41.134249 - SCRIPT MANAGER: Getting script for [application: 'accessibility_probe' (0x764998261a00)]  [frame: 'Reactive TUI App accessibility round 1' (0x764998b25040)] 
08:55:41.134582 - SCRIPT MANAGER: Script is app script accessibility_probe (module=orca.scripts.default)
08:55:41.134618 - EVENT MANAGER: Script for event is accessibility_probe (module=orca.scripts.default)
08:55:41.136528 - FOCUS MANAGER: Active window is [frame: 'Terminal' (0x764998b08300)]  event_manager._process_object_event:958 > event_manager._is_activatable_event:814 > event_manager._is_activatable_by_event_type:828 > focus_manager.get_active_window:342
08:55:41.137035 - EVENT MANAGER: Change active script: True (Window activation)
08:55:41.137088 - SCRIPT MANAGER: Deactivating org.gnome.Terminal (module=orca.scripts.toolkits.gtk.script) reason: Window activation
08:55:41.137138 - SCRIPT MANAGER: Setting active script to accessibility_probe (module=orca.scripts.default) reason: Window activation
08:55:41.137175 - DEFAULT: Activating script for [application: 'accessibility_probe' (0x764998261a00)] 
08:55:41.137530 - SPEECH MANAGER: Speech server is <orca.speechdispatcherfactory.SpeechServer object at 0x764998af96a0>
08:55:41.137656 - GSETTINGS SCHEMA HANDLE: speech/punctuation-level not set [app:accessibility_probe, profile:default]
08:55:41.137673 - GSETTINGS REGISTRY: speech/punctuation-level using default value = 'most'
08:55:41.138121 - SPEECH MANAGER: Speech server is <orca.speechdispatcherfactory.SpeechServer object at 0x764998af96a0>
08:55:41.138175 - GSETTINGS SCHEMA HANDLE: speech/capitalization-style not set [app:accessibility_probe, profile:default]
08:55:41.138190 - GSETTINGS REGISTRY: speech/capitalization-style using default value = 'none'
08:55:41.138564 - SPEECH MANAGER: Speech server is <orca.speechdispatcherfactory.SpeechServer object at 0x764998af96a0>
08:55:41.138671 - GSETTINGS SCHEMA HANDLE: speech/synthesizer not set [app:accessibility_probe, profile:default]
08:55:41.138727 - SCRIPT MANAGER: Active script is: accessibility_probe (module=orca.scripts.default)
08:55:41.138743 - CARET NAVIGATOR: Commands suspended: False: script activation, no prior state
08:55:41.138813 - GSETTINGS SCHEMA HANDLE: keybindings/keyboard-layout not set [app:accessibility_probe, profile:default]
08:55:41.138828 - GSETTINGS REGISTRY: keybindings/keyboard-layout using default value = 'desktop'
08:55:41.138863 - GSETTINGS SCHEMA HANDLE: keybindings/desktop-modifier-keys not set [app:accessibility_probe, profile:default]
08:55:41.138877 - GSETTINGS REGISTRY: keybindings/desktop-modifier-keys using default value = ['Insert', 'KP_Insert']
08:55:41.138933 - SCRIPT MANAGER: Active script is: accessibility_probe (module=orca.scripts.default)
08:55:41.138946 - STRUCTURAL NAVIGATOR: Suspended: False: script activation, no prior state
08:55:41.138986 - GSETTINGS SCHEMA HANDLE: keybindings/keyboard-layout not set [app:accessibility_probe, profile:default]
08:55:41.138999 - GSETTINGS REGISTRY: keybindings/keyboard-layout using default value = 'desktop'
08:55:41.139029 - GSETTINGS SCHEMA HANDLE: keybindings/desktop-modifier-keys not set [app:accessibility_probe, profile:default]
08:55:41.139041 - GSETTINGS REGISTRY: keybindings/desktop-modifier-keys using default value = ['Insert', 'KP_Insert']
08:55:41.139103 - STRUCTURAL NAVIGATOR: Setting mode for accessibility_probe (module=orca.scripts.default) to NavigationMode.OFF
08:55:41.139133 - SCRIPT MANAGER: Active script is: accessibility_probe (module=orca.scripts.default)
08:55:41.139170 - GSETTINGS SCHEMA HANDLE: keybindings/keyboard-layout not set [app:accessibility_probe, profile:default]
08:55:41.139182 - GSETTINGS REGISTRY: keybindings/keyboard-layout using default value = 'desktop'
08:55:41.139211 - GSETTINGS SCHEMA HANDLE: keybindings/desktop-modifier-keys not set [app:accessibility_probe, profile:default]
08:55:41.139222 - GSETTINGS REGISTRY: keybindings/desktop-modifier-keys using default value = ['Insert', 'KP_Insert']
08:55:41.139279 - CARET NAVIGATOR: Setting enabled state for accessibility_probe (module=orca.scripts.default) to False
08:55:41.139312 - SCRIPT MANAGER: Active script is: accessibility_probe (module=orca.scripts.default)
08:55:41.139346 - GSETTINGS SCHEMA HANDLE: keybindings/keyboard-layout not set [app:accessibility_probe, profile:default]
08:55:41.139358 - GSETTINGS REGISTRY: keybindings/keyboard-layout using default value = 'desktop'
08:55:41.139386 - GSETTINGS SCHEMA HANDLE: keybindings/desktop-modifier-keys not set [app:accessibility_probe, profile:default]
08:55:41.139397 - GSETTINGS REGISTRY: keybindings/desktop-modifier-keys using default value = ['Insert', 'KP_Insert']
08:55:41.139418 - COMMAND MANAGER: Activating commands: activated accessibility_probe (module=orca.scripts.default)
08:55:41.139536 - GSETTINGS SCHEMA HANDLE: keybindings/entries no dict values set
08:55:41.139548 - GSETTINGS REGISTRY: keybindings/entries using default value = {}
08:55:41.139559 - COMMAND MANAGER: No user overrides to apply
08:55:41.139640 - GSETTINGS SCHEMA HANDLE: keybindings/keyboard-layout not set [app:accessibility_probe, profile:default]
08:55:41.139656 - GSETTINGS REGISTRY: keybindings/keyboard-layout using default value = 'desktop'
08:55:41.139686 - GSETTINGS SCHEMA HANDLE: keybindings/desktop-modifier-keys not set [app:accessibility_probe, profile:default]
08:55:41.139698 - GSETTINGS REGISTRY: keybindings/desktop-modifier-keys using default value = ['Insert', 'KP_Insert']

vvvvv COMMAND MANAGER: Grab diff: activated accessibility_probe (module=orca.scripts.default) (old: 77, new: 77) vvvvv
08:55:41.139733 -   No grab changes
^^^^^ COMMAND MANAGER: Diff completed in 0.0000s. Removed 0, added 0, transferred 0 ^^^^^

08:55:41.139783 - GSETTINGS SCHEMA HANDLE: speech/enable not set [app:accessibility_probe, profile:default]
08:55:41.139795 - GSETTINGS REGISTRY: speech/enable using default value = True
08:55:41.139804 - SPEECH MANAGER: Speech is enabled.
08:55:41.139859 - SPEECH MANAGER: start_speech. Script: None Event: None notify_user: False
08:55:41.139870 - SPEECH MANAGER: Initializing server
08:55:41.139880 - SPEECH MANAGER: Already initialized
08:55:41.139913 - GSETTINGS SCHEMA HANDLE: keybindings/keyboard-layout not set [app:accessibility_probe, profile:default]
08:55:41.139924 - GSETTINGS REGISTRY: keybindings/keyboard-layout using default value = 'desktop'
08:55:41.139935 - COMMAND MANAGER: Setting keyboard layout is_desktop to True.
08:55:41.140035 - GSETTINGS SCHEMA HANDLE: keybindings/entries no dict values set
08:55:41.140049 - GSETTINGS REGISTRY: keybindings/entries using default value = {}
08:55:41.140059 - COMMAND MANAGER: No user overrides to apply
08:55:41.140138 - GSETTINGS SCHEMA HANDLE: keybindings/keyboard-layout not set [app:accessibility_probe, profile:default]
08:55:41.140151 - GSETTINGS REGISTRY: keybindings/keyboard-layout using default value = 'desktop'
08:55:41.140181 - GSETTINGS SCHEMA HANDLE: keybindings/desktop-modifier-keys not set [app:accessibility_probe, profile:default]
08:55:41.140192 - GSETTINGS REGISTRY: keybindings/desktop-modifier-keys using default value = ['Insert', 'KP_Insert']

vvvvv COMMAND MANAGER: Grab diff: keyboard layout change (old: 77, new: 77) vvvvv
08:55:41.140218 -   No grab changes
^^^^^ COMMAND MANAGER: Diff completed in 0.0000s. Removed 0, added 0, transferred 0 ^^^^^

08:55:41.140237 - COMMAND MANAGER: Keyboard layout set to desktop.
08:55:41.140273 - GSETTINGS SCHEMA HANDLE: keybindings/keyboard-layout not set [app:accessibility_probe, profile:default]
08:55:41.140284 - GSETTINGS REGISTRY: keybindings/keyboard-layout using default value = 'desktop'
08:55:41.140313 - GSETTINGS SCHEMA HANDLE: keybindings/desktop-modifier-keys not set [app:accessibility_probe, profile:default]
08:55:41.140324 - GSETTINGS REGISTRY: keybindings/desktop-modifier-keys using default value = ['Insert', 'KP_Insert']
08:55:41.140344 - EVENT MANAGER: Processing window:activate: script for event is active
08:55:41.140421 - AXObject: Clearing AT-SPI cache on [frame: 'Reactive TUI App accessibility round 1' (0x76499824de40)]  Recursive: False.  Reason: Checking if window can be the active window
08:55:41.142659 - AXUtilities: [frame: 'Reactive TUI App accessibility round 1' (0x76499824de40)]  from [application: 'accessibility_probe' (0x764998261a00)]  can be active window
08:55:41.142717 - FOCUS MANAGER: Active window is [frame: 'Terminal' (0x764998b08300)]  event_manager._dequeue_object_event:666 > event_manager._process_object_event:982 > default._on_window_activated:1384 > focus_manager.get_active_window:342
08:55:41.143292 - FOCUS MANAGER: Request to set active window to [frame: 'Reactive TUI App accessibility round 1' (0x764998126380)] 
08:55:41.143413 - FOCUS MANAGER: Focus [frame: 'Terminal' (0x764998b08300)]  is not in [frame: 'Reactive TUI App accessibility round 1' (0x764998126380)] 
08:55:41.143468 - FOCUS MANAGER: Request to set locus of focus to [frame: 'Reactive TUI App accessibility round 1' (0x764998126380)]  event_manager._process_object_event:982 > default._on_window_activated:1391 > focus_manager.set_active_window:391 > focus_manager.set_locus_of_focus:271
08:55:41.144016 - AXObject: Clearing AT-SPI cache on [frame: 'Reactive TUI App accessibility round 1' (0x764998126380)]  Recursive: False.  Reason: Setting locus of focus.
08:55:41.144057 - SCRIPT MANAGER: Active script is: accessibility_probe (module=orca.scripts.default)
08:55:41.145400 - FOCUS MANAGER: Changing locus of focus from [frame: 'Terminal' (0x764998b08300)]  to [frame: 'Reactive TUI App accessibility round 1' (0x764998126380)] . Notify: True
08:55:41.146424 - FOCUS MANAGER: Region of interest: [frame: 'Reactive TUI App accessibility round 1' (0x764998126380)]  (0, 0)
08:55:41.147242 - FOCUS MANAGER: Switching object of interest from [frame: 'Terminal' (0x764998b08300)]  to [frame: 'Reactive TUI App accessibility round 1' (0x764998126380)] 
08:55:41.147965 - DOCUMENT PRESENTER: Updating mode for focus change. Old focus: [frame: 'Terminal' (0x764998b08300)]  old doc: None New focus: [frame: 'Reactive TUI App accessibility round 1' (0x764998126380)]  new doc: None
08:55:41.148000 - SCRIPT MANAGER: Active script is: accessibility_probe (module=orca.scripts.default)
08:55:41.148007 - CARET NAVIGATOR: Commands suspended: False: locus of focus no longer in document
08:55:41.148057 - GSETTINGS SCHEMA HANDLE: keybindings/keyboard-layout not set [app:accessibility_probe, profile:default]
08:55:41.148064 - GSETTINGS REGISTRY: keybindings/keyboard-layout using default value = 'desktop'
08:55:41.148078 - GSETTINGS SCHEMA HANDLE: keybindings/desktop-modifier-keys not set [app:accessibility_probe, profile:default]
08:55:41.148084 - GSETTINGS REGISTRY: keybindings/desktop-modifier-keys using default value = ['Insert', 'KP_Insert']
08:55:41.148112 - SCRIPT MANAGER: Active script is: accessibility_probe (module=orca.scripts.default)
08:55:41.148116 - STRUCTURAL NAVIGATOR: Suspended: False: locus of focus no longer in document
08:55:41.148129 - GSETTINGS SCHEMA HANDLE: keybindings/keyboard-layout not set [app:accessibility_probe, profile:default]
08:55:41.148134 - GSETTINGS REGISTRY: keybindings/keyboard-layout using default value = 'desktop'
08:55:41.148144 - GSETTINGS SCHEMA HANDLE: keybindings/desktop-modifier-keys not set [app:accessibility_probe, profile:default]
08:55:41.148148 - GSETTINGS REGISTRY: keybindings/desktop-modifier-keys using default value = ['Insert', 'KP_Insert']
08:55:41.148182 - STRUCTURAL NAVIGATOR: Setting mode for accessibility_probe (module=orca.scripts.default) to NavigationMode.OFF
08:55:41.148196 - SCRIPT MANAGER: Active script is: accessibility_probe (module=orca.scripts.default)
08:55:41.148209 - GSETTINGS SCHEMA HANDLE: keybindings/keyboard-layout not set [app:accessibility_probe, profile:default]
08:55:41.148213 - GSETTINGS REGISTRY: keybindings/keyboard-layout using default value = 'desktop'
08:55:41.148223 - GSETTINGS SCHEMA HANDLE: keybindings/desktop-modifier-keys not set [app:accessibility_probe, profile:default]
08:55:41.148227 - GSETTINGS REGISTRY: keybindings/desktop-modifier-keys using default value = ['Insert', 'KP_Insert']
08:55:41.148258 - CARET NAVIGATOR: Setting enabled state for accessibility_probe (module=orca.scripts.default) to False
08:55:41.148276 - SCRIPT MANAGER: Active script is: accessibility_probe (module=orca.scripts.default)
08:55:41.148288 - GSETTINGS SCHEMA HANDLE: keybindings/keyboard-layout not set [app:accessibility_probe, profile:default]
08:55:41.148291 - GSETTINGS REGISTRY: keybindings/keyboard-layout using default value = 'desktop'
08:55:41.148301 - GSETTINGS SCHEMA HANDLE: keybindings/desktop-modifier-keys not set [app:accessibility_probe, profile:default]
08:55:41.148304 - GSETTINGS REGISTRY: keybindings/desktop-modifier-keys using default value = ['Insert', 'KP_Insert']
08:55:41.148351 - SCRIPT UTILITIES: [frame: 'Reactive TUI App accessibility round 1' (0x764998126380)]  is top-level object for: [frame: 'Reactive TUI App accessibility round 1' (0x764998126380)] 
08:55:41.148366 - FOCUS MANAGER: Request to set active window to [frame: 'Reactive TUI App accessibility round 1' (0x764998126380)] 
08:55:41.148371 - FOCUS MANAGER: Setting active window to existing active window
08:55:41.148389 - SCRIPT MANAGER: Getting script for [application: 'accessibility_probe' (0x764998261a00)]  [frame: 'Reactive TUI App accessibility round 1' (0x764998126380)] 
08:55:41.148552 - SCRIPT MANAGER: Script is app script accessibility_probe (module=orca.scripts.default)
08:55:41.148560 - PRESENTATION MANAGER: Not interrupting for locusOfFocus change: event is None
08:55:41.148592 - FOCUS MANAGER: Active mode: focus-tracking Object of interest: [frame: 'Reactive TUI App accessibility round 1' (0x764998126380)] 
08:55:41.148612 - GSETTINGS SCHEMA HANDLE: speech/enable not set [app:accessibility_probe, profile:default]
08:55:41.148616 - GSETTINGS REGISTRY: speech/enable using default value = True
08:55:41.148632 - GSETTINGS SCHEMA HANDLE: speech/verbosity-level not set [app:accessibility_probe, profile:default]
08:55:41.148635 - GSETTINGS REGISTRY: speech/verbosity-level using default value = 'verbose'
08:55:41.148650 - FOCUS MANAGER: Locus of focus is [frame: 'Reactive TUI App accessibility round 1' (0x764998126380)] 
08:55:41.148664 - SCRIPT MANAGER: Active script is: accessibility_probe (module=orca.scripts.default)
08:55:41.148680 - GSETTINGS SCHEMA HANDLE: speech/only-speak-displayed-text not set [app:accessibility_probe, profile:default]
08:55:41.148684 - GSETTINGS REGISTRY: speech/only-speak-displayed-text using default value = False
08:55:41.148695 - GSETTINGS SCHEMA HANDLE: speech/speak-description not set [app:accessibility_probe, profile:default]
08:55:41.148698 - GSETTINGS REGISTRY: speech/speak-description using default value = True
08:55:41.148709 - GSETTINGS SCHEMA HANDLE: speech/speak-tutorial-messages not set [app:accessibility_probe, profile:default]
08:55:41.148713 - GSETTINGS REGISTRY: speech/speak-tutorial-messages using default value = True
08:55:41.148723 - GSETTINGS SCHEMA HANDLE: speech/speak-position-in-set not set [app:accessibility_probe, profile:default]
08:55:41.148727 - GSETTINGS REGISTRY: speech/speak-position-in-set using default value = False
08:55:41.148736 - GSETTINGS SCHEMA HANDLE: speech/speak-widget-mnemonic not set [app:accessibility_probe, profile:default]
08:55:41.148739 - GSETTINGS REGISTRY: speech/speak-widget-mnemonic using default value = True
08:55:41.148749 - GSETTINGS SCHEMA HANDLE: speech/speak-blank-lines not set [app:accessibility_probe, profile:default]
08:55:41.148756 - GSETTINGS REGISTRY: speech/speak-blank-lines using default value = True
08:55:41.148767 - GSETTINGS SCHEMA HANDLE: speech/speak-indentation-and-justification not set [app:accessibility_probe, profile:default]
08:55:41.148770 - GSETTINGS REGISTRY: speech/speak-indentation-and-justification using default value = False
08:55:41.148780 - GSETTINGS SCHEMA HANDLE: speech/announce-cell-headers not set [app:accessibility_probe, profile:default]
08:55:41.148783 - GSETTINGS REGISTRY: speech/announce-cell-headers using default value = True
08:55:41.148793 - GSETTINGS SCHEMA HANDLE: speech/announce-cell-coordinates not set [app:accessibility_probe, profile:default]
08:55:41.148796 - GSETTINGS REGISTRY: speech/announce-cell-coordinates using default value = True
08:55:41.148807 - GSETTINGS SCHEMA HANDLE: speech/announce-spreadsheet-cell-coordinates not set [app:accessibility_probe, profile:default]
08:55:41.148811 - GSETTINGS REGISTRY: speech/announce-spreadsheet-cell-coordinates using default value = True
08:55:41.148820 - GSETTINGS SCHEMA HANDLE: speech/announce-blockquote not set [app:accessibility_probe, profile:default]
08:55:41.148823 - GSETTINGS REGISTRY: speech/announce-blockquote using default value = True
08:55:41.148832 - GSETTINGS SCHEMA HANDLE: speech/announce-form not set [app:accessibility_probe, profile:default]
08:55:41.148835 - GSETTINGS REGISTRY: speech/announce-form using default value = True
08:55:41.148845 - GSETTINGS SCHEMA HANDLE: speech/announce-landmark not set [app:accessibility_probe, profile:default]
08:55:41.148848 - GSETTINGS REGISTRY: speech/announce-landmark using default value = True
08:55:41.148859 - GSETTINGS SCHEMA HANDLE: speech/announce-list not set [app:accessibility_probe, profile:default]
08:55:41.148863 - GSETTINGS REGISTRY: speech/announce-list using default value = True
08:55:41.148872 - GSETTINGS SCHEMA HANDLE: speech/announce-grouping not set [app:accessibility_probe, profile:default]
08:55:41.148875 - GSETTINGS REGISTRY: speech/announce-grouping using default value = True
08:55:41.148884 - GSETTINGS SCHEMA HANDLE: speech/announce-table not set [app:accessibility_probe, profile:default]
08:55:41.148887 - GSETTINGS REGISTRY: speech/announce-table using default value = True
08:55:41.149915 - GENERATOR: _get_functional_role: frame
08:55:41.149997 - SPEECH GENERATOR: speech_generator.SpeechGenerator._generate_frame for [frame: 'Reactive TUI App accessibility round 1' (0x764998126380)]  args: {'formatType': 'unfocused', 'priorObj': "[frame: 'Terminal' (0x764998b08300)] ", 'role': 'frame'}
08:55:41.150035 - SPEECH GENERATOR: _generate_old_ancestors: []
08:55:41.150058 - SPEECH GENERATOR: _generate_new_ancestors: []
08:55:41.150097 - AXUtilitiesRelation: [frame: 'Reactive TUI App accessibility round 1' (0x764998126380)]  is labelled by: []
08:55:41.150111 - GENERATOR: _generate_accessible_label: []
08:55:41.150123 - SPEECH GENERATOR: _generate_accessible_label: []
08:55:41.150146 - GENERATOR: _generate_accessible_name: [Reactive TUI App accessibility round 1]
08:55:41.150197 - GSETTINGS SCHEMA HANDLE: voice/established not set [app:accessibility_probe, profile:default]
08:55:41.150214 - GSETTINGS SCHEMA HANDLE: voice/rate not set [app:accessibility_probe, profile:default]
08:55:41.150225 - GSETTINGS SCHEMA HANDLE: voice/pitch not set [app:accessibility_probe, profile:default]
08:55:41.150237 - GSETTINGS SCHEMA HANDLE: voice/volume not set [app:accessibility_probe, profile:default]
08:55:41.150250 - GSETTINGS SCHEMA HANDLE: voice/family-name not set [app:accessibility_probe, profile:default]
08:55:41.150261 - GSETTINGS SCHEMA HANDLE: voice/family-lang not set [app:accessibility_probe, profile:default]
08:55:41.150272 - GSETTINGS SCHEMA HANDLE: voice/family-dialect not set [app:accessibility_probe, profile:default]
08:55:41.150283 - GSETTINGS SCHEMA HANDLE: voice/family-gender not set [app:accessibility_probe, profile:default]
08:55:41.150293 - GSETTINGS SCHEMA HANDLE: voice/family-variant not set [app:accessibility_probe, profile:default]
08:55:41.150323 - SPEECH GENERATOR: default voice requested for [frame: 'Reactive TUI App accessibility round 1' (0x764998126380)]  language='', dialect='' Unmodified voice={'established': False}
08:55:41.150349 - SPEECH GENERATOR: Reported locale of [frame: 'Reactive TUI App accessibility round 1' (0x764998126380)]  is 
08:55:41.150370 - SPEECH GENERATOR: Updated to: 'C', ''
08:55:41.150392 - GSETTINGS SCHEMA HANDLE: speech/auto-language-switching not set [app:accessibility_probe, profile:default]
08:55:41.150395 - GSETTINGS REGISTRY: speech/auto-language-switching using default value = True
08:55:41.150406 - SPEECH DISPATCHER: Returning cached result for language='C' dialect='' variant='None'
08:55:41.150443 - SPEECH GENERATOR: Family updated to {'dialect': '', 'lang': 'C', 'name': ''}
08:55:41.150489 - SPEECH GENERATOR: Final voice is {'established': 'False', 'family': "{'dialect': '', 'lang': 'C', 'name': ''}"}
08:55:41.150538 - SPEECH GENERATOR: _generate_accessible_name: [Reactive TUI App accessibility round 1, {'established': 'False', 'family': "{'dialect': '', 'lang': 'C', 'name': ''}"}]
08:55:41.150588 - GENERATOR: _generate_accessible_label_and_name: [Reactive TUI App accessibility round 1, {'established': 'False', 'family': "{'dialect': '', 'lang': 'C', 'name': ''}"}]
08:55:41.150607 - SPEECH PRESENTER: Adjusting 'Reactive TUI App accessibility round 1' from [frame: 'Reactive TUI App accessibility round 1' (0x764998126380)]  start_offset: None
08:55:41.150744 - GSETTINGS SCHEMA HANDLE: speech/speak-numbers-as-digits not set [app:accessibility_probe, profile:default]
08:55:41.150749 - GSETTINGS REGISTRY: speech/speak-numbers-as-digits using default value = False
08:55:41.150774 - GSETTINGS SCHEMA HANDLE: speech/repeated-character-limit not set [app:accessibility_probe, profile:default]
08:55:41.150779 - GSETTINGS REGISTRY: speech/repeated-character-limit using default value = 4
08:55:41.151259 - GSETTINGS SCHEMA HANDLE: speech/use-pronunciation-dictionary not set [app:accessibility_probe, profile:default]
08:55:41.151267 - GSETTINGS REGISTRY: speech/use-pronunciation-dictionary using default value = True
08:55:41.151303 - GSETTINGS SCHEMA HANDLE: pronunciations/entries no dict values set
08:55:41.151309 - GSETTINGS REGISTRY: pronunciations/entries using default value = {}
08:55:41.151316 - SPEECH PRESENTER: Adjusted text: 'Reactive TUI App accessibility round 1'
08:55:41.151376 - SPEECH GENERATOR: _generate_accessible_label_and_name: [Reactive TUI App accessibility round 1, {'established': 'False', 'family': "{'dialect': '', 'lang': 'C', 'name': ''}"}]
08:55:41.152586 - GSETTINGS SCHEMA HANDLE: voice/established not set [app:accessibility_probe, profile:default]
08:55:41.152605 - GSETTINGS SCHEMA HANDLE: voice/rate not set [app:accessibility_probe, profile:default]
08:55:41.152618 - GSETTINGS SCHEMA HANDLE: voice/pitch not set [app:accessibility_probe, profile:default]
08:55:41.152629 - GSETTINGS SCHEMA HANDLE: voice/volume not set [app:accessibility_probe, profile:default]
08:55:41.152642 - GSETTINGS SCHEMA HANDLE: voice/family-name not set [app:accessibility_probe, profile:default]
08:55:41.152652 - GSETTINGS SCHEMA HANDLE: voice/family-lang not set [app:accessibility_probe, profile:default]
08:55:41.152661 - GSETTINGS SCHEMA HANDLE: voice/family-dialect not set [app:accessibility_probe, profile:default]
08:55:41.152671 - GSETTINGS SCHEMA HANDLE: voice/family-gender not set [app:accessibility_probe, profile:default]
08:55:41.152681 - GSETTINGS SCHEMA HANDLE: voice/family-variant not set [app:accessibility_probe, profile:default]
08:55:41.152709 - SPEECH GENERATOR: system voice requested for [frame: 'Reactive TUI App accessibility round 1' (0x764998126380)]  language='', dialect='' Unmodified voice={'established': False}
08:55:41.152733 - SPEECH GENERATOR: Reported locale of [frame: 'Reactive TUI App accessibility round 1' (0x764998126380)]  is 
08:55:41.152744 - SPEECH GENERATOR: Updated to: 'C', ''
08:55:41.152770 - GSETTINGS SCHEMA HANDLE: voice/established not set [app:accessibility_probe, profile:default]
08:55:41.152783 - GSETTINGS SCHEMA HANDLE: voice/rate not set [app:accessibility_probe, profile:default]
08:55:41.152794 - GSETTINGS SCHEMA HANDLE: voice/pitch not set [app:accessibility_probe, profile:default]
08:55:41.152805 - GSETTINGS SCHEMA HANDLE: voice/volume not set [app:accessibility_probe, profile:default]
08:55:41.152816 - GSETTINGS SCHEMA HANDLE: voice/family-name not set [app:accessibility_probe, profile:default]
08:55:41.152827 - GSETTINGS SCHEMA HANDLE: voice/family-lang not set [app:accessibility_probe, profile:default]
08:55:41.152837 - GSETTINGS SCHEMA HANDLE: voice/family-dialect not set [app:accessibility_probe, profile:default]
08:55:41.152847 - GSETTINGS SCHEMA HANDLE: voice/family-gender not set [app:accessibility_probe, profile:default]
08:55:41.152860 - GSETTINGS SCHEMA HANDLE: voice/family-variant not set [app:accessibility_probe, profile:default]
08:55:41.152899 - SPEECH GENERATOR: Final voice is {'established': 'False', 'family': '{}'}
08:55:41.152935 - SPEECH GENERATOR: _generate_accessible_role: [frame, {'established': 'False', 'family': '{}'}]
08:55:41.153005 - AXUtilities: Unfocused alerts and dialogs for [frame: 'Reactive TUI App accessibility round 1' (0x764998126380)] : []
08:55:41.153020 - SPEECH GENERATOR: _generate_unfocused_dialog_count: []
08:55:41.153182 - GENERATOR: _generate_state_current: []
08:55:41.153195 - SPEECH GENERATOR: _generate_state_current: []
08:55:41.153209 - SPEECH GENERATOR: _generate_has_click_action: []
08:55:41.153221 - SPEECH GENERATOR: _generate_has_details: []
08:55:41.153234 - SPEECH GENERATOR: _generate_details_for: []
08:55:41.153424 - AXUtilitiesRelation: [frame: 'Reactive TUI App accessibility round 1' (0x764998126380)]  is described by: []
08:55:41.153438 - GENERATOR: _generate_accessible_description: []
08:55:41.153451 - SPEECH GENERATOR: _generate_accessible_description: []
08:55:41.153473 - SPEECH GENERATOR: _generate_state_has_popup: []
08:55:41.153626 - SPEECH GENERATOR: _generate_tutorial: []
08:55:41.153699 - SPEECH GENERATOR: Results: [Reactive TUI App accessibility round 1, {'established': 'False', 'family': "{'dialect': '', 'lang': 'C', 'name': ''}"}, frame, {'established': 'False', 'family': '{}'}]
08:55:41.153782 - SPEECH: Speak [Reactive TUI App accessibility round 1, {'established': 'False', 'family': "{'dialect': '', 'lang': 'C', 'name': ''}"}, frame, {'established': 'False', 'family': '{}'}], acss: None
08:55:41.153850 - SPEECH: New voice {'established': 'False'}  != active voice {'established': 'False', 'family': "{'dialect': '', 'lang': 'C', 'name': ''}"}
08:55:41.153862 - SPEECH OUTPUT: 'Reactive TUI App accessibility round 1' {'established': False, 'family': {'name': '', 'gender': None, 'lang': 'C', 'dialect': '', 'variant': None}}
08:55:41.153867 - SPEECH DISPATCHER: Speaking 'Reactive TUI App accessibility round 1' as string
08:55:41.154139 - SPEECH DISPATCHER: Speaking '<speak><mark name="0:8"/>Reactive <mark name="9:12"/>TUI <mark name="13:16"/>App <mark name="17:30"/>accessibility <mark name="31:36"/>round <mark name="37:38"/>1</speak>' 
                  ORCA rate 50.0, pitch 5.0, volume 10.0, language C, punctuation: MOST
                  SD rate 2, pitch 10, volume 100, language c
08:55:41.154227 - SPEECH OUTPUT: 'frame' {'established': False}
08:55:41.154246 - SPEECH DISPATCHER: Speaking 'frame' as string
08:55:41.154417 - SPEECH DISPATCHER: Speaking '<speak><mark name="0:5"/>frame</speak>' 
                  ORCA rate 50.0, pitch 5.0, volume 10.0, language C, punctuation: MOST
                  SD rate 2, pitch 10, volume 100, language c
08:55:41.156542 - GSETTINGS SCHEMA HANDLE: braille/enabled not set [app:accessibility_probe, profile:default]
08:55:41.156553 - GSETTINGS REGISTRY: braille/enabled using default value = True
08:55:41.156596 - FOCUS MANAGER: Active mode: focus-tracking Object of interest: [frame: 'Reactive TUI App accessibility round 1' (0x764998126380)] 
08:55:41.156612 - GSETTINGS SCHEMA HANDLE: braille/enabled not set [app:accessibility_probe, profile:default]
08:55:41.156617 - GSETTINGS REGISTRY: braille/enabled using default value = True
08:55:41.156634 - GSETTINGS SCHEMA HANDLE: braille/verbosity-level not set [app:accessibility_probe, profile:default]
08:55:41.156639 - GSETTINGS REGISTRY: braille/verbosity-level using default value = 'verbose'
08:55:41.156653 - FOCUS MANAGER: Locus of focus is [frame: 'Reactive TUI App accessibility round 1' (0x764998126380)] 
08:55:41.156670 - SCRIPT MANAGER: Active script is: accessibility_probe (module=orca.scripts.default)
08:55:41.156703 - GSETTINGS SCHEMA HANDLE: braille/rolename-style not set [app:accessibility_probe, profile:default]
08:55:41.156708 - GSETTINGS REGISTRY: braille/rolename-style using default value = 'verbose'
08:55:41.156721 - GSETTINGS SCHEMA HANDLE: braille/display-ancestors not set [app:accessibility_probe, profile:default]
08:55:41.156728 - GSETTINGS REGISTRY: braille/display-ancestors using default value = True
08:55:41.156739 - GSETTINGS SCHEMA HANDLE: braille/end-of-line-indicator not set [app:accessibility_probe, profile:default]
08:55:41.156742 - GSETTINGS REGISTRY: braille/end-of-line-indicator using default value = True
08:55:41.156751 - GSETTINGS SCHEMA HANDLE: braille/present-mnemonics not set [app:accessibility_probe, profile:default]
08:55:41.156755 - GSETTINGS REGISTRY: braille/present-mnemonics using default value = True
08:55:41.157991 - GENERATOR: _get_functional_role: frame
08:55:41.158055 - BRAILLE GENERATOR: braille_generator.BrailleGenerator._generate_frame for [frame: 'Reactive TUI App accessibility round 1' (0x764998126380)]  args: {'formatType': 'focused', 'priorObj': "[frame: 'Terminal' (0x764998b08300)] ", 'role': 'frame'}
08:55:41.159133 - GENERATOR: _get_functional_role: application
08:55:41.159156 - BRAILLE GENERATOR: [application: 'accessibility_probe' (0x764998261a00)]  lacks dedicated generator
08:55:41.159215 - BRAILLE GENERATOR: braille_generator.BrailleGenerator._generate_default_presentation for [application: 'accessibility_probe' (0x764998261a00)]  args: {'formatType': 'ancestor', 'includeContext': 'False', 'priorObj': "[frame: 'Terminal' (0x764998b08300)] ", 'role': 'application'}
08:55:41.159372 - AXUtilitiesRelation: [application: 'accessibility_probe' (0x764998261a00)]  is labelled by: []
08:55:41.159387 - GENERATOR: _generate_accessible_label: []
08:55:41.159407 - GENERATOR: _generate_accessible_name: [accessibility_probe]
08:55:41.159426 - GENERATOR: _generate_accessible_label_and_name: [accessibility_probe]
08:55:41.160839 - BRAILLE GENERATOR: _generate_accessible_role: [application]
08:55:41.160891 - BRAILLE: Not contracting 'accessibility_probe application' because contracted braille is not enabled.
08:55:41.160933 - BRAILLE GENERATOR: Results: [COMPONENT: 'accessibility_probe application', cursor offset:0]
08:55:41.161002 - BRAILLE GENERATOR: _generate_ancestors: [COMPONENT: 'accessibility_probe application', cursor offset:0]
08:55:41.161080 - AXUtilitiesRelation: [frame: 'Reactive TUI App accessibility round 1' (0x764998126380)]  is labelled by: []
08:55:41.161111 - GENERATOR: _generate_accessible_label: []
08:55:41.161155 - GENERATOR: _generate_accessible_name: [Reactive TUI App accessibility round 1]
08:55:41.161198 - GENERATOR: _generate_accessible_label_and_name: [Reactive TUI App accessibility round 1]
08:55:41.162861 - BRAILLE GENERATOR: _generate_accessible_role: [frame]
08:55:41.162963 - AXUtilities: Unfocused alerts and dialogs for [frame: 'Reactive TUI App accessibility round 1' (0x764998126380)] : []
08:55:41.162988 - BRAILLE GENERATOR: _generate_alert_and_dialog_count: []
08:55:41.162999 - BRAILLE: Not contracting 'Reactive TUI App accessibility round 1 frame' because contracted braille is not enabled.
08:55:41.163024 - GENERATOR: _generate_accessible_description: []
08:55:41.163169 - GENERATOR: _generate_state_current: []
08:55:41.163201 - BRAILLE GENERATOR: Results: [COMPONENT: 'accessibility_probe application', cursor offset:0, REGION: ' ', cursor offset:0, COMPONENT: 'Reactive TUI App accessibility round 1 frame', cursor offset:0]
08:55:41.163248 - BRAILLE: Refresh. Pan: True target: 0
08:55:41.163255 - BRAILLE: Kill flash message braille.display_line:1618 > braille.refresh:2097 > braille._prepare_refresh:1856 > braille.kill_flash:2182
08:55:41.163765 - GSETTINGS SCHEMA HANDLE: braille/enabled not set [app:accessibility_probe, profile:default]
08:55:41.163773 - GSETTINGS REGISTRY: braille/enabled using default value = True
08:55:41.163793 - BRAILLE: Last text object: None (Caret: 0, Line: 0, Cell: 0)
08:55:41.163818 - BRAILLE: Current text object: None (Caret: 0, Line: 0). On same line: False
08:55:41.163826 - BRAILLE: Line 0: 'accessibility_probe application Reactive TUI App accessibility round 1 frame' focusOffset: 32 [[0, 32], [32, 63], [63, 76]]
08:55:41.163830 - BRAILLE: Cursor offset in line string is: 32
08:55:41.163838 - BRAILLE: Adjusting offset to 32 (unhandled condition)
08:55:41.163847 - BRAILLE: Current range: (32, 64). Target cell: 0
08:55:41.163853 - BRAILLE LINE:  'accessibility_probe application Reactive TUI App accessibility round 1 frame'
08:55:41.163858 -      VISIBLE:  'Reactive TUI App accessibility r', cursor=1
08:55:41.163872 - BRAILLE: Enabling braille. BrlAPI running: False
08:55:41.163875 - BRAILLE: Need to initialize first.
08:55:41.163889 - BRAILLE: Initializing. Callback: input_event_manager.InputEventManager.process_braille_event
08:55:41.163905 - BRAILLE: WINDOWPATH= None
08:55:41.163918 - BRAILLE: XDG_VTNR= 1
08:55:41.163937 - BRAILLE: Attempting connection with BrlAPI.
08:55:41.164226 - AXTable: Setting last cell coordinates to row=-1, column=-1
08:55:41.164256 - FOCUS MANAGER: Setting last cursor position to [frame: 'Reactive TUI App accessibility round 1' (0x764998126380)]  -1
08:55:41.164310 - FOCUS MANAGER: Active window is [frame: 'Reactive TUI App accessibility round 1' (0x764998126380)]  focus_manager.set_locus_of_focus:327 > focus_manager._save_object_details:254 > ax_utilities_event.save_object_info_for_events:195 > focus_manager.get_active_window:342
08:55:41.164699 - SCRIPT MANAGER: Getting script for [application: 'accessibility_probe' (0x764998261a00)]  [frame: 'Reactive TUI App accessibility round 1' (0x764998126380)] 
08:55:41.164857 - BRAILLE: BrlAPI Connection is unavailable (ConnectionError): couldn't connect to b':0' with key b'keyfile:/etc/brlapi.key+polkit': connect: No such file or directory
                  (brlerrno 11, libcerrno 2, gaierrno 0)
                  Is BRLTTY really running?08:55:41.164899 - SCRIPT MANAGER: Script is app script accessibility_probe (module=orca.scripts.default)

08:55:41.165753 - SPELL CHECK PRESENTER: Handling window:activate for [frame: 'Reactive TUI App accessibility round 1' (0x764998126380)] 
08:55:41.165778 - SPELL CHECK PRESENTER: Attempting activation for [frame: 'Reactive TUI App accessibility round 1' (0x764998126380)] 
08:55:41.166059 - SPELL CHECK PRESENTER: [frame: 'Reactive TUI App accessibility round 1' (0x764998126380)]  is not spellcheck window
08:55:41.166065 - SPELL CHECK PRESENTER: Not a spellcheck window. Deactivating.
08:55:41.166082 - FOCUS MANAGER: Request to set locus of focus to [frame: 'Reactive TUI App accessibility round 1' (0x764998126380)]  event_manager._dequeue_object_event:666 > event_manager._process_object_event:982 > default._on_window_activated:1408 > focus_manager.set_locus_of_focus:271
08:55:41.166430 - AXObject: Clearing AT-SPI cache on [frame: 'Reactive TUI App accessibility round 1' (0x764998126380)]  Recursive: False.  Reason: Setting locus of focus.
08:55:41.166447 - FOCUS MANAGER: Setting locus of focus to existing locus of focus
TOTAL PROCESSING TIME: 0.0343
^^^^^ FINISHED PRIORITY-2 OBJECT EVENT WINDOW:ACTIVATE ^^^^^

08:55:41.167615 - GSETTINGS SCHEMA HANDLE: keybindings/keyboard-layout not set [app:accessibility_probe, profile:default]
08:55:41.167641 - GSETTINGS REGISTRY: keybindings/keyboard-layout using default value = 'desktop'
08:55:41.167668 - GSETTINGS SCHEMA HANDLE: keybindings/desktop-modifier-keys not set [app:accessibility_probe, profile:default]
08:55:41.167678 - GSETTINGS REGISTRY: keybindings/desktop-modifier-keys using default value = ['Insert', 'KP_Insert']
08:55:41.168518 - FOCUS MANAGER: Active window is [frame: 'Reactive TUI App accessibility round 1' (0x764998126380)]  <unknown>.<module>:373 > input_event_manager._on_key_pressed:261 > input_event_manager.process_keyboard_event:297 > focus_manager.get_active_window:342
08:55:41.169830 - AXObject: Clearing AT-SPI cache on [frame: 'Reactive TUI App accessibility round 1' (0x764998126380)]  Recursive: False.  Reason: Checking if window can be the active window
08:55:41.171183 - AXUtilities: [frame: 'Reactive TUI App accessibility round 1' (0x764998126380)]  from [application: 'accessibility_probe' (0x764998261a00)]  can be active window
08:55:41.171458 - FOCUS MANAGER: Locus of focus is [frame: 'Reactive TUI App accessibility round 1' (0x764998126380)] 
08:55:41.171612 - SCRIPT MANAGER: Active script is: accessibility_probe (module=orca.scripts.default)

KEYBOARD_EVENT:  type=ATSPI_KEY_PRESSED_EVENT
                 id=65481
                 hw_code=96
                 modifiers=0
                 text=''
                 keyval_name='F12'
                 timestamp=1789044941.1675472
                 clickCount=1

vvvvv PROCESS ATSPI_KEY_PRESSED_EVENT: 'F12' (96) vvvvv
08:55:41.171793 - SCRIPT: accessibility_probe (module=orca.scripts.default)
08:55:41.171810 - WINDOW: [frame: 'Reactive TUI App accessibility round 1' (0x764998126380)] 
08:55:41.171823 - LOCATION: [frame: 'Reactive TUI App accessibility round 1' (0x764998126380)] 
08:55:41.171886 - GSETTINGS SCHEMA HANDLE: keybindings/keyboard-layout not set [app:accessibility_probe, profile:default]
08:55:41.171893 - GSETTINGS REGISTRY: keybindings/keyboard-layout using default value = 'desktop'
08:55:41.171908 - GSETTINGS SCHEMA HANDLE: keybindings/desktop-modifier-keys not set [app:accessibility_probe, profile:default]
08:55:41.171913 - GSETTINGS REGISTRY: keybindings/desktop-modifier-keys using default value = ['Insert', 'KP_Insert']
08:55:41.171924 - PRESENTATION MANAGER: Interrupting presentation
08:55:41.171958 - SPEECH MANAGER: interrupt_speech. Script: None Event: None notify_user: False
08:55:41.172260 - SPEECH MANAGER: Speech server is <orca.speechdispatcherfactory.SpeechServer object at 0x764998af96a0>
08:55:41.172418 - BRAILLE: Kill flash message input_event._present:603 > presentation_manager.interrupt_presentation:88 > braille_presenter.kill_flash:1829 > braille.kill_flash:2182
08:55:41.172759 - TYPING ECHO PRESENTER: should_echo_keyboard_event: 'F12'?
08:55:41.172785 - GSETTINGS SCHEMA HANDLE: keybindings/keyboard-layout not set [app:accessibility_probe, profile:default]
08:55:41.172791 - GSETTINGS REGISTRY: keybindings/keyboard-layout using default value = 'desktop'
08:55:41.172803 - GSETTINGS SCHEMA HANDLE: keybindings/desktop-modifier-keys not set [app:accessibility_probe, profile:default]
08:55:41.172808 - GSETTINGS REGISTRY: keybindings/desktop-modifier-keys using default value = ['Insert', 'KP_Insert']
08:55:41.172829 - GSETTINGS REGISTRY: Schema org.gnome.Orca.TypingEcho loaded
08:55:41.172873 - GSETTINGS SCHEMA HANDLE: typing-echo/character-echo not set [app:accessibility_probe, profile:default]
08:55:41.172878 - GSETTINGS REGISTRY: typing-echo/character-echo using default value = False
08:55:41.172893 - GSETTINGS SCHEMA HANDLE: keybindings/keyboard-layout not set [app:accessibility_probe, profile:default]
08:55:41.172897 - GSETTINGS REGISTRY: keybindings/keyboard-layout using default value = 'desktop'
08:55:41.172906 - GSETTINGS SCHEMA HANDLE: keybindings/desktop-modifier-keys not set [app:accessibility_probe, profile:default]
08:55:41.172910 - GSETTINGS REGISTRY: keybindings/desktop-modifier-keys using default value = ['Insert', 'KP_Insert']
08:55:41.172936 - GSETTINGS SCHEMA HANDLE: typing-echo/key-echo not set [app:accessibility_probe, profile:default]
08:55:41.172940 - GSETTINGS REGISTRY: typing-echo/key-echo using default value = True
08:55:41.173014 - GSETTINGS SCHEMA HANDLE: keybindings/keyboard-layout not set [app:accessibility_probe, profile:default]
08:55:41.173020 - GSETTINGS REGISTRY: keybindings/keyboard-layout using default value = 'desktop'
08:55:41.173031 - GSETTINGS SCHEMA HANDLE: keybindings/desktop-modifier-keys not set [app:accessibility_probe, profile:default]
08:55:41.173035 - GSETTINGS REGISTRY: keybindings/desktop-modifier-keys using default value = ['Insert', 'KP_Insert']
08:55:41.173073 - GSETTINGS SCHEMA HANDLE: typing-echo/function-keys not set [app:accessibility_probe, profile:default]
08:55:41.173077 - GSETTINGS REGISTRY: typing-echo/function-keys using default value = True
08:55:41.173083 - TYPING ECHO PRESENTER: Echoing function keyboard event: True.
08:55:41.173104 - GSETTINGS SCHEMA HANDLE: keybindings/keyboard-layout not set [app:accessibility_probe, profile:default]
08:55:41.173108 - GSETTINGS REGISTRY: keybindings/keyboard-layout using default value = 'desktop'
08:55:41.173120 - GSETTINGS SCHEMA HANDLE: keybindings/desktop-modifier-keys not set [app:accessibility_probe, profile:default]
08:55:41.173124 - GSETTINGS REGISTRY: keybindings/desktop-modifier-keys using default value = ['Insert', 'KP_Insert']
08:55:41.173155 - SCRIPT MANAGER: Active script is: accessibility_probe (module=orca.scripts.default)
08:55:41.173184 - FOCUS MANAGER: Active mode: focus-tracking Object of interest: [frame: 'Reactive TUI App accessibility round 1' (0x764998126380)] 
08:55:41.173202 - GSETTINGS SCHEMA HANDLE: speech/enable not set [app:accessibility_probe, profile:default]
08:55:41.173207 - GSETTINGS REGISTRY: speech/enable using default value = True
08:55:41.173219 - GSETTINGS SCHEMA HANDLE: speech/verbosity-level not set [app:accessibility_probe, profile:default]
08:55:41.173222 - GSETTINGS REGISTRY: speech/verbosity-level using default value = 'verbose'
08:55:41.173235 - FOCUS MANAGER: Locus of focus is [frame: 'Reactive TUI App accessibility round 1' (0x764998126380)] 
08:55:41.173249 - SCRIPT MANAGER: Active script is: accessibility_probe (module=orca.scripts.default)
08:55:41.173263 - GSETTINGS SCHEMA HANDLE: speech/only-speak-displayed-text not set [app:accessibility_probe, profile:default]
08:55:41.173267 - GSETTINGS REGISTRY: speech/only-speak-displayed-text using default value = False
08:55:41.173277 - GSETTINGS SCHEMA HANDLE: speech/speak-description not set [app:accessibility_probe, profile:default]
08:55:41.173280 - GSETTINGS REGISTRY: speech/speak-description using default value = True
08:55:41.173290 - GSETTINGS SCHEMA HANDLE: speech/speak-tutorial-messages not set [app:accessibility_probe, profile:default]
08:55:41.173293 - GSETTINGS REGISTRY: speech/speak-tutorial-messages using default value = True
08:55:41.173303 - GSETTINGS SCHEMA HANDLE: speech/speak-position-in-set not set [app:accessibility_probe, profile:default]
08:55:41.173306 - GSETTINGS REGISTRY: speech/speak-position-in-set using default value = False
08:55:41.173315 - GSETTINGS SCHEMA HANDLE: speech/speak-widget-mnemonic not set [app:accessibility_probe, profile:default]
08:55:41.173318 - GSETTINGS REGISTRY: speech/speak-widget-mnemonic using default value = True
08:55:41.173328 - GSETTINGS SCHEMA HANDLE: speech/speak-blank-lines not set [app:accessibility_probe, profile:default]
08:55:41.173331 - GSETTINGS REGISTRY: speech/speak-blank-lines using default value = True
08:55:41.173341 - GSETTINGS SCHEMA HANDLE: speech/speak-indentation-and-justification not set [app:accessibility_probe, profile:default]
08:55:41.173344 - GSETTINGS REGISTRY: speech/speak-indentation-and-justification using default value = False
08:55:41.173354 - GSETTINGS SCHEMA HANDLE: speech/announce-cell-headers not set [app:accessibility_probe, profile:default]
08:55:41.173357 - GSETTINGS REGISTRY: speech/announce-cell-headers using default value = True
08:55:41.173366 - GSETTINGS SCHEMA HANDLE: speech/announce-cell-coordinates not set [app:accessibility_probe, profile:default]
08:55:41.173369 - GSETTINGS REGISTRY: speech/announce-cell-coordinates using default value = True
08:55:41.173379 - GSETTINGS SCHEMA HANDLE: speech/announce-spreadsheet-cell-coordinates not set [app:accessibility_probe, profile:default]
08:55:41.173382 - GSETTINGS REGISTRY: speech/announce-spreadsheet-cell-coordinates using default value = True
08:55:41.173391 - GSETTINGS SCHEMA HANDLE: speech/announce-blockquote not set [app:accessibility_probe, profile:default]
08:55:41.173395 - GSETTINGS REGISTRY: speech/announce-blockquote using default value = True
08:55:41.173404 - GSETTINGS SCHEMA HANDLE: speech/announce-form not set [app:accessibility_probe, profile:default]
08:55:41.173407 - GSETTINGS REGISTRY: speech/announce-form using default value = True
08:55:41.173416 - GSETTINGS SCHEMA HANDLE: speech/announce-landmark not set [app:accessibility_probe, profile:default]
08:55:41.173419 - GSETTINGS REGISTRY: speech/announce-landmark using default value = True
08:55:41.173428 - GSETTINGS SCHEMA HANDLE: speech/announce-list not set [app:accessibility_probe, profile:default]
08:55:41.173432 - GSETTINGS REGISTRY: speech/announce-list using default value = True
08:55:41.173442 - GSETTINGS SCHEMA HANDLE: speech/announce-grouping not set [app:accessibility_probe, profile:default]
08:55:41.173445 - GSETTINGS REGISTRY: speech/announce-grouping using default value = True
08:55:41.173454 - GSETTINGS SCHEMA HANDLE: speech/announce-table not set [app:accessibility_probe, profile:default]
08:55:41.173457 - GSETTINGS REGISTRY: speech/announce-table using default value = True
08:55:41.173479 - GSETTINGS SCHEMA HANDLE: voice/established not set [app:accessibility_probe, profile:default]
08:55:41.173491 - GSETTINGS SCHEMA HANDLE: voice/rate not set [app:accessibility_probe, profile:default]
08:55:41.173502 - GSETTINGS SCHEMA HANDLE: voice/pitch not set [app:accessibility_probe, profile:default]
08:55:41.173512 - GSETTINGS SCHEMA HANDLE: voice/volume not set [app:accessibility_probe, profile:default]
08:55:41.173524 - GSETTINGS SCHEMA HANDLE: voice/family-name not set [app:accessibility_probe, profile:default]
08:55:41.173534 - GSETTINGS SCHEMA HANDLE: voice/family-lang not set [app:accessibility_probe, profile:default]
08:55:41.173544 - GSETTINGS SCHEMA HANDLE: voice/family-dialect not set [app:accessibility_probe, profile:default]
08:55:41.173553 - GSETTINGS SCHEMA HANDLE: voice/family-gender not set [app:accessibility_probe, profile:default]
08:55:41.173563 - GSETTINGS SCHEMA HANDLE: voice/family-variant not set [app:accessibility_probe, profile:default]
08:55:41.173591 - SPEECH GENERATOR: None voice requested for None language='', dialect='' Unmodified voice={'established': False}
08:55:41.173613 - SPEECH GENERATOR: Reported locale of None is 
08:55:41.173630 - SPEECH GENERATOR: Updated to: 'C', ''
08:55:41.173648 - GSETTINGS SCHEMA HANDLE: speech/auto-language-switching not set [app:accessibility_probe, profile:default]
08:55:41.173652 - GSETTINGS REGISTRY: speech/auto-language-switching using default value = True
08:55:41.173660 - SPEECH DISPATCHER: Returning cached result for language='C' dialect='' variant='None'
08:55:41.173703 - SPEECH GENERATOR: Family updated to {'dialect': '', 'lang': 'C', 'name': ''}
08:55:41.173745 - SPEECH GENERATOR: Final voice is {'established': 'False', 'family': "{'dialect': '', 'lang': 'C', 'name': ''}"}
08:55:41.173769 - GSETTINGS SCHEMA HANDLE: keybindings/keyboard-layout not set [app:accessibility_probe, profile:default]
08:55:41.173773 - GSETTINGS REGISTRY: keybindings/keyboard-layout using default value = 'desktop'
08:55:41.173786 - GSETTINGS SCHEMA HANDLE: keybindings/desktop-modifier-keys not set [app:accessibility_probe, profile:default]
08:55:41.173790 - GSETTINGS REGISTRY: keybindings/desktop-modifier-keys using default value = ['Insert', 'KP_Insert']
08:55:41.173799 - SPEECH OUTPUT: 'F12' {'established': False, 'family': {'name': '', 'gender': None, 'lang': 'C', 'dialect': '', 'variant': None}}
08:55:41.173814 - GSETTINGS SCHEMA HANDLE: keybindings/keyboard-layout not set [app:accessibility_probe, profile:default]
08:55:41.173817 - GSETTINGS REGISTRY: keybindings/keyboard-layout using default value = 'desktop'
08:55:41.173827 - GSETTINGS SCHEMA HANDLE: keybindings/desktop-modifier-keys not set [app:accessibility_probe, profile:default]
08:55:41.173830 - GSETTINGS REGISTRY: keybindings/desktop-modifier-keys using default value = ['Insert', 'KP_Insert']
08:55:41.173836 - SPEECH DISPATCHER: Speaking 'F12' as string
08:55:41.173841 - SPEECH DISPATCHER: Speaking 'F12' as string
08:55:41.174103 - SPEECH DISPATCHER: Speaking '<speak><mark name="0:3"/>F12</speak>' 
                  ORCA rate 50.0, pitch 5.0, volume 10.0, language C, punctuation: MOST
                  SD rate 2, pitch 10, volume 100, language c
08:55:41.174182 - TOTAL PROCESSING TIME: 0.0024
^^^^^ PROCESS ATSPI_KEY_PRESSED_EVENT: 'F12' (96) ^^^^^

08:55:41.174211 - GSETTINGS SCHEMA HANDLE: keybindings/keyboard-layout not set [app:accessibility_probe, profile:default]
08:55:41.174215 - GSETTINGS REGISTRY: keybindings/keyboard-layout using default value = 'desktop'
08:55:41.174226 - GSETTINGS SCHEMA HANDLE: keybindings/desktop-modifier-keys not set [app:accessibility_probe, profile:default]
08:55:41.174234 - GSETTINGS REGISTRY: keybindings/desktop-modifier-keys using default value = ['Insert', 'KP_Insert']
08:55:41.174320 - GSETTINGS SCHEMA HANDLE: keybindings/keyboard-layout not set [app:accessibility_probe, profile:default]
08:55:41.174325 - GSETTINGS REGISTRY: keybindings/keyboard-layout using default value = 'desktop'
08:55:41.174335 - GSETTINGS SCHEMA HANDLE: keybindings/desktop-modifier-keys not set [app:accessibility_probe, profile:default]
08:55:41.174339 - GSETTINGS REGISTRY: keybindings/desktop-modifier-keys using default value = ['Insert', 'KP_Insert']
08:55:41.174766 - GSETTINGS SCHEMA HANDLE: keybindings/keyboard-layout not set [app:accessibility_probe, profile:default]
08:55:41.174772 - GSETTINGS REGISTRY: keybindings/keyboard-layout using default value = 'desktop'
08:55:41.174783 - GSETTINGS SCHEMA HANDLE: keybindings/desktop-modifier-keys not set [app:accessibility_probe, profile:default]
08:55:41.174787 - GSETTINGS REGISTRY: keybindings/desktop-modifier-keys using default value = ['Insert', 'KP_Insert']

KEYBOARD_EVENT:  type=ATSPI_KEY_RELEASED_EVENT
                 id=65481
                 hw_code=96
                 modifiers=0
                 text=''
                 keyval_name='F12'
                 timestamp=1789044941.1743078
                 clickCount=1

vvvvv PROCESS ATSPI_KEY_RELEASED_EVENT: 'F12' (96) vvvvv
08:55:41.174828 - SCRIPT: accessibility_probe (module=orca.scripts.default)
08:55:41.174844 - WINDOW: [frame: 'Reactive TUI App accessibility round 1' (0x764998126380)] 
08:55:41.174856 - LOCATION: [frame: 'Reactive TUI App accessibility round 1' (0x764998126380)] 
08:55:41.174885 - GSETTINGS SCHEMA HANDLE: keybindings/keyboard-layout not set [app:accessibility_probe, profile:default]
08:55:41.174890 - GSETTINGS REGISTRY: keybindings/keyboard-layout using default value = 'desktop'
08:55:41.174902 - GSETTINGS SCHEMA HANDLE: keybindings/desktop-modifier-keys not set [app:accessibility_probe, profile:default]
08:55:41.174906 - GSETTINGS REGISTRY: keybindings/desktop-modifier-keys using default value = ['Insert', 'KP_Insert']
08:55:41.174921 - TOTAL PROCESSING TIME: 0.0001
^^^^^ PROCESS ATSPI_KEY_RELEASED_EVENT: 'F12' (96) ^^^^^

08:55:41.174943 - GSETTINGS SCHEMA HANDLE: keybindings/keyboard-layout not set [app:accessibility_probe, profile:default]
08:55:41.174948 - GSETTINGS REGISTRY: keybindings/keyboard-layout using default value = 'desktop'
08:55:41.174958 - GSETTINGS SCHEMA HANDLE: keybindings/desktop-modifier-keys not set [app:accessibility_probe, profile:default]
08:55:41.174962 - GSETTINGS REGISTRY: keybindings/desktop-modifier-keys using default value = ['Insert', 'KP_Insert']
08:55:41.175157 - EVENT MANAGER: Dequeueing object:state-changed:active for [frame: 'Reactive TUI App accessibility round 1' (0x764998126380)]  in accessibility_probe (AccessKit) (1, 0, 0)
08:55:41.175193 - EVENT MANAGER: Dequeued object:state-changed:active for [frame: 'Reactive TUI App accessibility round 1' (0x764998126380)]  in accessibility_probe (AccessKit) (1, 0, 0) priority: 2, counter: 32

vvvvv START PRIORITY-2 OBJECT EVENT OBJECT:STATE-CHANGED:ACTIVE (queue size: 34) vvvvv

08:55:41.176015 - EVENT MANAGER: object:children-changed:add for [frame: 'Reactive TUI App accessibility round 1' (0x764998126380)]  in accessibility_probe (AccessKit) (0, 0, [table: 'Project members' (0x764998134a00)])
08:55:41.176034 - FOCUS MANAGER: Locus of focus is [frame: 'Reactive TUI App accessibility round 1' (0x764998126380)] 
08:55:41.176056 - EVENT MANAGER: Not ignoring object:children-changed:add based on role
08:55:41.176084 - EVENT MANAGER: Queueing object:children-changed:add for [frame: 'Reactive TUI App accessibility round 1' (0x764998126380)]  in accessibility_probe (AccessKit) (0, 0, [table: 'Project members' (0x764998134a00)])
08:55:41.176098 - EVENT MANAGER: App for event source is [application: 'accessibility_probe' (0x764998261a00)] 
08:55:41.176114 - SCRIPT MANAGER: Getting script for [application: 'accessibility_probe' (0x764998261a00)]  [frame: 'Reactive TUI App accessibility round 1' (0x764998126380)] 
08:55:41.176297 - SCRIPT MANAGER: Script is app script accessibility_probe (module=orca.scripts.default)
08:55:41.176334 - EVENT MANAGER: object:children-changed:add for [frame: 'Reactive TUI App accessibility round 1' (0x764998126380)]  in accessibility_probe (AccessKit) (0, 0, [table: 'Project members' (0x764998134a00)]) has priority level: 6
08:55:41.176370 - EVENT MANAGER: Queued object:children-changed:add for [frame: 'Reactive TUI App accessibility round 1' (0x764998126380)]  in accessibility_probe (AccessKit) (0, 0, [table: 'Project members' (0x764998134a00)]) priority: 6, counter: 42

08:55:41.176409 - EVENT MANAGER: object:children-changed:remove for [frame: 'Reactive TUI App accessibility round 1' (0x764998126380)]  in accessibility_probe (AccessKit) (-1, 0, [button: 'Account preferences accessible label' (0x764998155ec0)])
08:55:41.176423 - FOCUS MANAGER: Locus of focus is [frame: 'Reactive TUI App accessibility round 1' (0x764998126380)] 
08:55:41.176440 - EVENT MANAGER: Not ignoring object:children-changed:remove based on role
08:55:41.176468 - EVENT MANAGER: Queueing object:children-changed:remove for [frame: 'Reactive TUI App accessibility round 1' (0x764998126380)]  in accessibility_probe (AccessKit) (-1, 0, [button: 'Account preferences accessible label' (0x764998155e40)])
08:55:41.176481 - EVENT MANAGER: App for event source is [application: 'accessibility_probe' (0x764998261a00)] 
08:55:41.176496 - SCRIPT MANAGER: Getting script for [application: 'accessibility_probe' (0x764998261a00)]  [frame: 'Reactive TUI App accessibility round 1' (0x764998126380)] 
08:55:41.176674 - SCRIPT MANAGER: Script is app script accessibility_probe (module=orca.scripts.default)
08:55:41.176709 - EVENT MANAGER: object:children-changed:remove for [frame: 'Reactive TUI App accessibility round 1' (0x764998126380)]  in accessibility_probe (AccessKit) (-1, 0, [button: 'Account preferences accessible label' (0x76499824d500)]) has priority level: 6
08:55:41.176742 - EVENT MANAGER: Queued object:children-changed:remove for [frame: 'Reactive TUI App accessibility round 1' (0x764998126380)]  in accessibility_probe (AccessKit) (-1, 0, [button: 'Account preferences accessible label' (0x764998155ec0)]) priority: 6, counter: 43

08:55:41.176775 - EVENT MANAGER: object:children-changed:remove for [frame: 'Reactive TUI App accessibility round 1' (0x764998126380)]  in accessibility_probe (AccessKit) (-1, 0, [button: 'Unavailable preferences accessible label' (0x764998155c80)])
08:55:41.176787 - FOCUS MANAGER: Locus of focus is [frame: 'Reactive TUI App accessibility round 1' (0x764998126380)] 
08:55:41.176804 - EVENT MANAGER: Not ignoring object:children-changed:remove based on role
08:55:41.176830 - EVENT MANAGER: Queueing object:children-changed:remove for [frame: 'Reactive TUI App accessibility round 1' (0x764998126380)]  in accessibility_probe (AccessKit) (-1, 0, [button: 'Unavailable preferences accessible label' (0x7649981556c0)])
08:55:41.176844 - EVENT MANAGER: App for event source is [application: 'accessibility_probe' (0x764998261a00)] 
08:55:41.176859 - SCRIPT MANAGER: Getting script for [application: 'accessibility_probe' (0x764998261a00)]  [frame: 'Reactive TUI App accessibility round 1' (0x764998126380)] 
08:55:41.177030 - SCRIPT MANAGER: Script is app script accessibility_probe (module=orca.scripts.default)
08:55:41.177065 - EVENT MANAGER: object:children-changed:remove for [frame: 'Reactive TUI App accessibility round 1' (0x764998126380)]  in accessibility_probe (AccessKit) (-1, 0, [button: 'Unavailable preferences accessible label' (0x764998155b80)]) has priority level: 6
08:55:41.177097 - EVENT MANAGER: Queued object:children-changed:remove for [frame: 'Reactive TUI App accessibility round 1' (0x764998126380)]  in accessibility_probe (AccessKit) (-1, 0, [button: 'Unavailable preferences accessible label' (0x7649981556c0)]) priority: 6, counter: 44

08:55:41.177131 - EVENT MANAGER: object:children-changed:remove for [frame: 'Reactive TUI App accessibility round 1' (0x764998126380)]  in accessibility_probe (AccessKit) (-1, 0, [button: 'Privacy preferences accessible label' (0x764998155d80)])
08:55:41.177145 - FOCUS MANAGER: Locus of focus is [frame: 'Reactive TUI App accessibility round 1' (0x764998126380)] 
08:55:41.177161 - EVENT MANAGER: Not ignoring object:children-changed:remove based on role
08:55:41.177188 - EVENT MANAGER: Queueing object:children-changed:remove for [frame: 'Reactive TUI App accessibility round 1' (0x764998126380)]  in accessibility_probe (AccessKit) (-1, 0, [button: 'Privacy preferences accessible label' (0x7649981556c0)])
08:55:41.177201 - EVENT MANAGER: App for event source is [application: 'accessibility_probe' (0x764998261a00)] 
08:55:41.177215 - SCRIPT MANAGER: Getting script for [application: 'accessibility_probe' (0x764998261a00)]  [frame: 'Reactive TUI App accessibility round 1' (0x764998126380)] 
08:55:41.177506 - SCRIPT MANAGER: Script is app script accessibility_probe (module=orca.scripts.default)
08:55:41.177551 - EVENT MANAGER: object:children-changed:remove for [frame: 'Reactive TUI App accessibility round 1' (0x764998126380)]  in accessibility_probe (AccessKit) (-1, 0, [button: 'Privacy preferences accessible label' (0x764998155f00)]) has priority level: 6
08:55:41.177583 - EVENT MANAGER: Queued object:children-changed:remove for [frame: 'Reactive TUI App accessibility round 1' (0x764998126380)]  in accessibility_probe (AccessKit) (-1, 0, [button: 'Privacy preferences accessible label' (0x76499824cc40)]) priority: 6, counter: 45

08:55:41.177817 - EVENT MANAGER: object:state-changed:focused for [table: 'Project members' (0x764998134a00)]  in accessibility_probe (AccessKit) (1, 0, 0)
08:55:41.177834 - FOCUS MANAGER: Locus of focus is [frame: 'Reactive TUI App accessibility round 1' (0x764998126380)] 
08:55:41.178083 - EVENT_MANAGER: Not ignoring object:state-changed:focused due to source being focused
08:55:41.178120 - EVENT MANAGER: Queueing object:state-changed:focused for [table: 'Project members' (0x764998134a00)]  in accessibility_probe (AccessKit) (1, 0, 0)
08:55:41.178136 - EVENT MANAGER: App for event source is [application: 'accessibility_probe' (0x764998261a00)] 
08:55:41.178155 - SCRIPT MANAGER: Getting script for [application: 'accessibility_probe' (0x764998261a00)]  [table: 'Project members' (0x764998134a00)] 
08:55:41.178325 - SCRIPT MANAGER: Script is app script accessibility_probe (module=orca.scripts.default)
08:55:41.178362 - EVENT MANAGER: object:state-changed:focused for [table: 'Project members' (0x764998134a00)]  in accessibility_probe (AccessKit) (1, 0, 0) has priority level: 3
08:55:41.178397 - EVENT MANAGER: Queued object:state-changed:focused for [table: 'Project members' (0x764998134a00)]  in accessibility_probe (AccessKit) (1, 0, 0) priority: 3, counter: 46

08:55:41.178451 - EVENT MANAGER: object:state-changed:focused for [button: 'Account preferences accessible label' (0x764998155fc0)]  in accessibility_probe (AccessKit) (0, 0, 0)
08:55:41.178467 - FOCUS MANAGER: Locus of focus is [frame: 'Reactive TUI App accessibility round 1' (0x764998126380)] 
08:55:41.178559 - EVENT MANAGER: Queueing object:state-changed:focused for [button: 'Account preferences accessible label' (0x764998125b80)]  in accessibility_probe (AccessKit) (0, 0, 0)
08:55:41.178576 - EVENT MANAGER: App for event source is [application: 'accessibility_probe' (0x764998261a00)] 
08:55:41.178592 - SCRIPT MANAGER: Getting script for [application: 'accessibility_probe' (0x764998261a00)]  [button: 'Account preferences accessible label' (0x764998134a80)] 
08:55:41.178733 - SCRIPT MANAGER: Script is app script accessibility_probe (module=orca.scripts.default)
08:55:41.178771 - EVENT MANAGER: object:state-changed:focused for [button: 'Account preferences accessible label' (0x764998155b80)]  in accessibility_probe (AccessKit) (0, 0, 0) has priority level: 3
08:55:41.178805 - EVENT MANAGER: Queued object:state-changed:focused for [button: 'Account preferences accessible label' (0x764998155e00)]  in accessibility_probe (AccessKit) (0, 0, 0) priority: 3, counter: 47
08:55:41.178883 - CLIPBOARD PRESENTER: Possible change event object:text-changed:delete for [terminal: 'Terminal' (0x764998155f00)]  in org.gnome.Terminal (gtk 3.24.52) (0, 141, ▶ Painted account ▼ \n... ▼ \n Painted privacy ▼ (143 chars.))

08:55:41.178943 - EVENT MANAGER: object:text-changed:delete for [terminal: 'Terminal' (0x764998155e00)]  in org.gnome.Terminal (gtk 3.24.52) (0, 141, ▶ Painted account ▼ \n... ▼ \n Painted privacy ▼ (143 chars.))
08:55:41.178960 - FOCUS MANAGER: Locus of focus is [frame: 'Reactive TUI App accessibility round 1' (0x764998126380)] 
08:55:41.179012 - EVENT_MANAGER: Not ignoring object:text-changed:delete due to source being focused
08:55:41.179049 - EVENT MANAGER: Queueing object:text-changed:delete for [terminal: 'Terminal' (0x764998155b80)]  in org.gnome.Terminal (gtk 3.24.52) (0, 141, ▶ Painted account ▼ \n... ▼ \n Painted privacy ▼ (143 chars.))
08:55:41.179065 - EVENT MANAGER: App for event source is [application: 'org.gnome.Terminal' (0x7649982405c0)] 
08:55:41.179082 - SCRIPT MANAGER: Getting script for [application: 'org.gnome.Terminal' (0x7649982405c0)]  [terminal: 'Terminal' (0x764998b16000)] 
08:55:41.179107 - SCRIPT MANAGER: Script is custom script org.gnome.Terminal (module=orca.scripts.terminal.script)
08:55:41.179157 - EVENT MANAGER: object:text-changed:delete for [terminal: 'Terminal' (0x76499824cc40)]  in org.gnome.Terminal (gtk 3.24.52) (0, 141, ▶ Painted account ▼ \n... ▼ \n Painted privacy ▼ (143 chars.)) has priority level: 4
08:55:41.179198 - EVENT MANAGER: Queued object:text-changed:delete for [terminal: 'Terminal' (0x764998125b80)]  in org.gnome.Terminal (gtk 3.24.52) (0, 141, ▶ Painted account ▼ \n... ▼ \n Painted privacy ▼ (143 chars.)) priority: 4, counter: 48
08:55:41.179237 - CLIPBOARD PRESENTER: Possible change event object:text-changed:insert for [terminal: 'Terminal' (0x764998156000)]  in org.gnome.Terminal (gtk 3.24.52) (0, 141, \n \n... \n \n (143 chars.))

08:55:41.179283 - EVENT MANAGER: object:text-changed:insert for [terminal: 'Terminal' (0x764998155fc0)]  in org.gnome.Terminal (gtk 3.24.52) (0, 141, \n \n... \n \n (143 chars.))
08:55:41.179297 - FOCUS MANAGER: Locus of focus is [frame: 'Reactive TUI App accessibility round 1' (0x764998126380)] 
08:55:41.179342 - EVENT_MANAGER: Not ignoring object:text-changed:insert due to source being focused
08:55:41.179373 - EVENT MANAGER: Queueing object:text-changed:insert for [terminal: 'Terminal' (0x764998156000)]  in org.gnome.Terminal (gtk 3.24.52) (0, 141, \n \n... \n \n (143 chars.))
08:55:41.179388 - EVENT MANAGER: App for event source is [application: 'org.gnome.Terminal' (0x7649982405c0)] 
08:55:41.179404 - SCRIPT MANAGER: Getting script for [application: 'org.gnome.Terminal' (0x7649982405c0)]  [terminal: 'Terminal' (0x7649981248c0)] 
08:55:41.179424 - SCRIPT MANAGER: Script is custom script org.gnome.Terminal (module=orca.scripts.terminal.script)
08:55:41.179461 - EVENT MANAGER: object:text-changed:insert for [terminal: 'Terminal' (0x764998155fc0)]  in org.gnome.Terminal (gtk 3.24.52) (0, 141, \n \n... \n \n (143 chars.)) has priority level: 4
08:55:41.179497 - EVENT MANAGER: Queued object:text-changed:insert for [terminal: 'Terminal' (0x764998155fc0)]  in org.gnome.Terminal (gtk 3.24.52) (0, 141, \n \n... \n \n (143 chars.)) priority: 4, counter: 49

08:55:41.179532 - EVENT MANAGER: object:text-caret-moved for [terminal: 'Terminal' (0x764998155fc0)]  in org.gnome.Terminal (gtk 3.24.52) (141, 0, 0)
08:55:41.179544 - FOCUS MANAGER: Locus of focus is [frame: 'Reactive TUI App accessibility round 1' (0x764998126380)] 
08:55:41.179590 - EVENT_MANAGER: Not ignoring object:text-caret-moved due to source being focused
08:55:41.179620 - EVENT MANAGER: Queueing object:text-caret-moved for [terminal: 'Terminal' (0x764998b16000)]  in org.gnome.Terminal (gtk 3.24.52) (141, 0, 0)
08:55:41.179635 - EVENT MANAGER: App for event source is [application: 'org.gnome.Terminal' (0x7649982405c0)] 
08:55:41.179649 - SCRIPT MANAGER: Getting script for [application: 'org.gnome.Terminal' (0x7649982405c0)]  [terminal: 'Terminal' (0x7649981248c0)] 
08:55:41.179675 - SCRIPT MANAGER: Script is custom script org.gnome.Terminal (module=orca.scripts.terminal.script)
08:55:41.179715 - EVENT MANAGER: object:text-caret-moved for [terminal: 'Terminal' (0x764998155500)]  in org.gnome.Terminal (gtk 3.24.52) (141, 0, 0) has priority level: 4
08:55:41.179749 - EVENT MANAGER: Queued object:text-caret-moved for [terminal: 'Terminal' (0x764998b16000)]  in org.gnome.Terminal (gtk 3.24.52) (141, 0, 0) priority: 4, counter: 50

08:55:41.180117 - EVENT MANAGER: object:children-changed:add for [table: 'Project members' (0x764998134a00)]  in accessibility_probe (AccessKit) (0, 0, [column header: 'Member' (0x764998156000)])
08:55:41.180137 - FOCUS MANAGER: Locus of focus is [frame: 'Reactive TUI App accessibility round 1' (0x764998126380)] 
08:55:41.180185 - EVENT_MANAGER: Not ignoring object:children-changed:add due to source being focused
08:55:41.180214 - EVENT MANAGER: Queueing object:children-changed:add for [table: 'Project members' (0x764998134a00)]  in accessibility_probe (AccessKit) (0, 0, [column header: 'Member' (0x764998156000)])
08:55:41.180228 - EVENT MANAGER: App for event source is [application: 'accessibility_probe' (0x764998261a00)] 
08:55:41.180244 - SCRIPT MANAGER: Getting script for [application: 'accessibility_probe' (0x764998261a00)]  [table: 'Project members' (0x764998134a00)] 
08:55:41.180393 - SCRIPT MANAGER: Script is app script accessibility_probe (module=orca.scripts.default)
08:55:41.180431 - EVENT MANAGER: object:children-changed:add for [table: 'Project members' (0x764998134a00)]  in accessibility_probe (AccessKit) (0, 0, [column header: 'Member' (0x764998155f80)]) has priority level: 6
08:55:41.180463 - EVENT MANAGER: Queued object:children-changed:add for [table: 'Project members' (0x764998134a00)]  in accessibility_probe (AccessKit) (0, 0, [column header: 'Member' (0x764998155e00)]) priority: 6, counter: 51

08:55:41.180776 - EVENT MANAGER: object:children-changed:add for [table: 'Project members' (0x764998134a00)]  in accessibility_probe (AccessKit) (1, 0, [table row (0x764998155f00)])
08:55:41.180793 - FOCUS MANAGER: Locus of focus is [frame: 'Reactive TUI App accessibility round 1' (0x764998126380)] 
08:55:41.180838 - EVENT_MANAGER: Not ignoring object:children-changed:add due to source being focused
08:55:41.180868 - EVENT MANAGER: Queueing object:children-changed:add for [table: 'Project members' (0x764998134a00)]  in accessibility_probe (AccessKit) (1, 0, [table row (0x764998156000)])
08:55:41.180883 - EVENT MANAGER: App for event source is [application: 'accessibility_probe' (0x764998261a00)] 
08:55:41.180898 - SCRIPT MANAGER: Getting script for [application: 'accessibility_probe' (0x764998261a00)]  [table: 'Project members' (0x764998134a00)] 
08:55:41.181064 - SCRIPT MANAGER: Script is app script accessibility_probe (module=orca.scripts.default)
08:55:41.181104 - EVENT MANAGER: object:children-changed:add for [table: 'Project members' (0x764998134a00)]  in accessibility_probe (AccessKit) (1, 0, [table row (0x764998155f00)]) has priority level: 6
08:55:41.181137 - EVENT MANAGER: Queued object:children-changed:add for [table: 'Project members' (0x764998134a00)]  in accessibility_probe (AccessKit) (1, 0, [table row (0x764998155f80)]) priority: 6, counter: 52

08:55:41.181447 - EVENT MANAGER: object:children-changed:add for [table: 'Project members' (0x764998134a00)]  in accessibility_probe (AccessKit) (2, 0, [table row (0x764998155b80)])
08:55:41.181464 - FOCUS MANAGER: Locus of focus is [frame: 'Reactive TUI App accessibility round 1' (0x764998126380)] 
08:55:41.181519 - EVENT_MANAGER: Not ignoring object:children-changed:add due to source being focused
08:55:41.181549 - EVENT MANAGER: Queueing object:children-changed:add for [table: 'Project members' (0x764998134a00)]  in accessibility_probe (AccessKit) (2, 0, [table row (0x764998155f80)])
08:55:41.181564 - EVENT MANAGER: App for event source is [application: 'accessibility_probe' (0x764998261a00)] 
08:55:41.181582 - SCRIPT MANAGER: Getting script for [application: 'accessibility_probe' (0x764998261a00)]  [table: 'Project members' (0x764998134a00)] 
08:55:41.181749 - SCRIPT MANAGER: Script is app script accessibility_probe (module=orca.scripts.default)
08:55:41.181787 - EVENT MANAGER: object:children-changed:add for [table: 'Project members' (0x764998134a00)]  in accessibility_probe (AccessKit) (2, 0, [table row (0x764998155f80)]) has priority level: 6
08:55:41.181819 - EVENT MANAGER: Queued object:children-changed:add for [table: 'Project members' (0x764998134a00)]  in accessibility_probe (AccessKit) (2, 0, [table row (0x764998156080)]) priority: 6, counter: 53

08:55:41.182126 - EVENT MANAGER: object:children-changed:add for [table: 'Project members' (0x764998134a00)]  in accessibility_probe (AccessKit) (3, 0, [table row (0x76499824c8c0)])
08:55:41.182144 - FOCUS MANAGER: Locus of focus is [frame: 'Reactive TUI App accessibility round 1' (0x764998126380)] 
08:55:41.182194 - EVENT_MANAGER: Not ignoring object:children-changed:add due to source being focused
08:55:41.182223 - EVENT MANAGER: Queueing object:children-changed:add for [table: 'Project members' (0x764998134a00)]  in accessibility_probe (AccessKit) (3, 0, [table row (0x764998155f80)])
08:55:41.182238 - EVENT MANAGER: App for event source is [application: 'accessibility_probe' (0x764998261a00)] 
08:55:41.182254 - SCRIPT MANAGER: Getting script for [application: 'accessibility_probe' (0x764998261a00)]  [table: 'Project members' (0x764998134a00)] 
08:55:41.182396 - SCRIPT MANAGER: Script is app script accessibility_probe (module=orca.scripts.default)
08:55:41.182432 - EVENT MANAGER: object:children-changed:add for [table: 'Project members' (0x764998134a00)]  in accessibility_probe (AccessKit) (3, 0, [table row (0x764998156180)]) has priority level: 6
08:55:41.182466 - EVENT MANAGER: Queued object:children-changed:add for [table: 'Project members' (0x764998134a00)]  in accessibility_probe (AccessKit) (3, 0, [table row (0x764998156000)]) priority: 6, counter: 54
08:55:41.183185 - EVENT SOURCE:
                  app='accessibility_probe (AccessKit )' name='Reactive TUI App accessibility round 1' role='frame' axid='' id=0x764998126380
                  description=''
                  help=''
                  locale=''
                  states='active, enabled, sensitive, showing, visible'
                  relations=''
                  actions=''
                  interfaces='Component'
                  attributes=''
                  text=''
                  path=[-1, 0]
                  
08:55:41.183206 - SCRIPT MANAGER: Active script is: accessibility_probe (module=orca.scripts.default)
08:55:41.183224 - FOCUS MANAGER: Locus of focus is [frame: 'Reactive TUI App accessibility round 1' (0x764998126380)] 
08:55:41.183238 - EVENT MANAGER: Script for event from locus of focus is accessibility_probe (module=orca.scripts.default)
08:55:41.183244 - EVENT MANAGER: Processing object:state-changed:active: script for event is active
08:55:41.183282 - AXObject: Clearing AT-SPI cache on [frame: 'Reactive TUI App accessibility round 1' (0x764998126380)]  Recursive: False.  Reason: Checking if window can be the active window
08:55:41.184510 - AXUtilities: [frame: 'Reactive TUI App accessibility round 1' (0x764998126380)]  from [application: 'accessibility_probe' (0x764998261a00)]  can be active window
08:55:41.184529 - FOCUS MANAGER: Active window is [frame: 'Reactive TUI App accessibility round 1' (0x764998126380)]  event_manager._dequeue_object_event:666 > event_manager._process_object_event:982 > default._on_active_changed:799 > focus_manager.get_active_window:342
TOTAL PROCESSING TIME: 0.0096
^^^^^ FINISHED PRIORITY-2 OBJECT EVENT OBJECT:STATE-CHANGED:ACTIVE ^^^^^

08:55:41.184825 - WARNING: Braille initialization failed: BrlAPI connection unavailable.
08:55:41.184843 - BRAILLE: Scheduling BrlAPI retry in 2000 ms.
08:55:41.184958 - GSETTINGS SCHEMA HANDLE: keybindings/keyboard-layout not set [app:accessibility_probe, profile:default]
08:55:41.184967 - GSETTINGS REGISTRY: keybindings/keyboard-layout using default value = 'desktop'
08:55:41.184987 - GSETTINGS SCHEMA HANDLE: keybindings/desktop-modifier-keys not set [app:accessibility_probe, profile:default]
08:55:41.184993 - GSETTINGS REGISTRY: keybindings/desktop-modifier-keys using default value = ['Insert', 'KP_Insert']
08:55:41.185014 - FOCUS MANAGER: Active window is [frame: 'Reactive TUI App accessibility round 1' (0x764998126380)]  <unknown>.<module>:373 > input_event_manager._on_key_pressed:261 > input_event_manager.process_keyboard_event:297 > focus_manager.get_active_window:342
08:55:41.185239 - AXObject: Clearing AT-SPI cache on [frame: 'Reactive TUI App accessibility round 1' (0x764998126380)]  Recursive: False.  Reason: Checking if window can be the active window

08:55:41.185470 - EVENT MANAGER: object:text-caret-moved for [terminal: 'Terminal' (0x76499824ed80)]  in org.gnome.Terminal (gtk 3.24.52) (193, 0, 0)
08:55:41.186093 - FOCUS MANAGER: Locus of focus is [frame: 'Reactive TUI App accessibility round 1' (0x764998126380)] 
08:55:41.186171 - EVENT_MANAGER: Not ignoring object:text-caret-moved due to source being focused
08:55:41.186216 - EVENT MANAGER: Queueing object:text-caret-moved for [terminal: 'Terminal' (0x764998157040)]  in org.gnome.Terminal (gtk 3.24.52) (193, 0, 0)
08:55:41.186234 - EVENT MANAGER: App for event source is [application: 'org.gnome.Terminal' (0x7649982405c0)] 
08:55:41.186250 - SCRIPT MANAGER: Getting script for [application: 'org.gnome.Terminal' (0x7649982405c0)]  [terminal: 'Terminal' (0x764998157080)] 
08:55:41.186275 - SCRIPT MANAGER: Script is custom script org.gnome.Terminal (module=orca.scripts.terminal.script)
08:55:41.186316 - EVENT MANAGER: object:text-caret-moved for [terminal: 'Terminal' (0x7649981570c0)]  in org.gnome.Terminal (gtk 3.24.52) (193, 0, 0) has priority level: 4
08:55:41.186356 - EVENT MANAGER: Queued object:text-caret-moved for [terminal: 'Terminal' (0x76499824ed80)]  in org.gnome.Terminal (gtk 3.24.52) (193, 0, 0) priority: 4, counter: 55
08:55:41.187284 - AXUtilities: [frame: 'Reactive TUI App accessibility round 1' (0x764998126380)]  from [application: 'accessibility_probe' (0x764998261a00)]  can be active window
08:55:41.187456 - FOCUS MANAGER: Locus of focus is [frame: 'Reactive TUI App accessibility round 1' (0x764998126380)] 
08:55:41.187595 - SCRIPT MANAGER: Active script is: accessibility_probe (module=orca.scripts.default)
08:55:41.187756 - GSETTINGS SCHEMA HANDLE: keybindings/keyboard-layout not set [app:accessibility_probe, profile:default]
08:55:41.187764 - GSETTINGS REGISTRY: keybindings/keyboard-layout using default value = 'desktop'
08:55:41.187778 - GSETTINGS SCHEMA HANDLE: keybindings/desktop-modifier-keys not set [app:accessibility_probe, profile:default]
08:55:41.187783 - GSETTINGS REGISTRY: keybindings/desktop-modifier-keys using default value = ['Insert', 'KP_Insert']

KEYBOARD_EVENT:  type=ATSPI_KEY_PRESSED_EVENT
                 id=65364
                 hw_code=116
                 modifiers=0
                 text=''
                 keyval_name='Down'
                 timestamp=1789044941.1849174
                 clickCount=1

vvvvv PROCESS ATSPI_KEY_PRESSED_EVENT: 'Down' (116) vvvvv
08:55:41.187824 - SCRIPT: accessibility_probe (module=orca.scripts.default)
08:55:41.187838 - WINDOW: [frame: 'Reactive TUI App accessibility round 1' (0x764998126380)] 
08:55:41.187850 - LOCATION: [frame: 'Reactive TUI App accessibility round 1' (0x764998126380)] 
08:55:41.187877 - GSETTINGS SCHEMA HANDLE: keybindings/keyboard-layout not set [app:accessibility_probe, profile:default]
08:55:41.187882 - GSETTINGS REGISTRY: keybindings/keyboard-layout using default value = 'desktop'
08:55:41.187893 - GSETTINGS SCHEMA HANDLE: keybindings/desktop-modifier-keys not set [app:accessibility_probe, profile:default]
08:55:41.187898 - GSETTINGS REGISTRY: keybindings/desktop-modifier-keys using default value = ['Insert', 'KP_Insert']
08:55:41.187906 - PRESENTATION MANAGER: Interrupting presentation
08:55:41.187938 - SPEECH MANAGER: interrupt_speech. Script: None Event: None notify_user: False
08:55:41.188261 - SPEECH MANAGER: Speech server is <orca.speechdispatcherfactory.SpeechServer object at 0x764998af96a0>
08:55:41.188318 - BRAILLE: Kill flash message input_event._present:603 > presentation_manager.interrupt_presentation:88 > braille_presenter.kill_flash:1829 > braille.kill_flash:2182
08:55:41.188628 - TYPING ECHO PRESENTER: should_echo_keyboard_event: 'down'?
08:55:41.188654 - GSETTINGS SCHEMA HANDLE: keybindings/keyboard-layout not set [app:accessibility_probe, profile:default]
08:55:41.188660 - GSETTINGS REGISTRY: keybindings/keyboard-layout using default value = 'desktop'
08:55:41.188672 - GSETTINGS SCHEMA HANDLE: keybindings/desktop-modifier-keys not set [app:accessibility_probe, profile:default]
08:55:41.188676 - GSETTINGS REGISTRY: keybindings/desktop-modifier-keys using default value = ['Insert', 'KP_Insert']
08:55:41.188694 - GSETTINGS SCHEMA HANDLE: typing-echo/character-echo not set [app:accessibility_probe, profile:default]
08:55:41.188698 - GSETTINGS REGISTRY: typing-echo/character-echo using default value = False
08:55:41.188711 - GSETTINGS SCHEMA HANDLE: keybindings/keyboard-layout not set [app:accessibility_probe, profile:default]
08:55:41.188715 - GSETTINGS REGISTRY: keybindings/keyboard-layout using default value = 'desktop'
08:55:41.188725 - GSETTINGS SCHEMA HANDLE: keybindings/desktop-modifier-keys not set [app:accessibility_probe, profile:default]
08:55:41.188728 - GSETTINGS REGISTRY: keybindings/desktop-modifier-keys using default value = ['Insert', 'KP_Insert']
08:55:41.188742 - GSETTINGS SCHEMA HANDLE: typing-echo/key-echo not set [app:accessibility_probe, profile:default]
08:55:41.188746 - GSETTINGS REGISTRY: typing-echo/key-echo using default value = True
08:55:41.188766 - GSETTINGS SCHEMA HANDLE: typing-echo/navigation-keys not set [app:accessibility_probe, profile:default]
08:55:41.188771 - GSETTINGS REGISTRY: typing-echo/navigation-keys using default value = False
08:55:41.188775 - TYPING ECHO PRESENTER: Echoing navigation keyboard event: False.
08:55:41.188781 - TOTAL PROCESSING TIME: 0.0010
^^^^^ PROCESS ATSPI_KEY_PRESSED_EVENT: 'Down' (116) ^^^^^

08:55:41.188803 - GSETTINGS SCHEMA HANDLE: keybindings/keyboard-layout not set [app:accessibility_probe, profile:default]
08:55:41.188807 - GSETTINGS REGISTRY: keybindings/keyboard-layout using default value = 'desktop'
08:55:41.188816 - GSETTINGS SCHEMA HANDLE: keybindings/desktop-modifier-keys not set [app:accessibility_probe, profile:default]
08:55:41.188820 - GSETTINGS REGISTRY: keybindings/desktop-modifier-keys using default value = ['Insert', 'KP_Insert']
08:55:41.188899 - GSETTINGS SCHEMA HANDLE: keybindings/keyboard-layout not set [app:accessibility_probe, profile:default]
08:55:41.188904 - GSETTINGS REGISTRY: keybindings/keyboard-layout using default value = 'desktop'
08:55:41.188914 - GSETTINGS SCHEMA HANDLE: keybindings/desktop-modifier-keys not set [app:accessibility_probe, profile:default]
08:55:41.188918 - GSETTINGS REGISTRY: keybindings/desktop-modifier-keys using default value = ['Insert', 'KP_Insert']
08:55:41.189330 - GSETTINGS SCHEMA HANDLE: keybindings/keyboard-layout not set [app:accessibility_probe, profile:default]
08:55:41.189337 - GSETTINGS REGISTRY: keybindings/keyboard-layout using default value = 'desktop'
08:55:41.189348 - GSETTINGS SCHEMA HANDLE: keybindings/desktop-modifier-keys not set [app:accessibility_probe, profile:default]
08:55:41.189352 - GSETTINGS REGISTRY: keybindings/desktop-modifier-keys using default value = ['Insert', 'KP_Insert']

KEYBOARD_EVENT:  type=ATSPI_KEY_RELEASED_EVENT
                 id=65364
                 hw_code=116
                 modifiers=0
                 text=''
                 keyval_name='Down'
                 timestamp=1789044941.1888878
                 clickCount=1

vvvvv PROCESS ATSPI_KEY_RELEASED_EVENT: 'Down' (116) vvvvv
08:55:41.189387 - SCRIPT: accessibility_probe (module=orca.scripts.default)
08:55:41.189402 - WINDOW: [frame: 'Reactive TUI App accessibility round 1' (0x764998126380)] 
08:55:41.189414 - LOCATION: [frame: 'Reactive TUI App accessibility round 1' (0x764998126380)] 
08:55:41.189438 - GSETTINGS SCHEMA HANDLE: keybindings/keyboard-layout not set [app:accessibility_probe, profile:default]
08:55:41.189442 - GSETTINGS REGISTRY: keybindings/keyboard-layout using default value = 'desktop'
08:55:41.189452 - GSETTINGS SCHEMA HANDLE: keybindings/desktop-modifier-keys not set [app:accessibility_probe, profile:default]
08:55:41.189456 - GSETTINGS REGISTRY: keybindings/desktop-modifier-keys using default value = ['Insert', 'KP_Insert']
08:55:41.189468 - TOTAL PROCESSING TIME: 0.0001
^^^^^ PROCESS ATSPI_KEY_RELEASED_EVENT: 'Down' (116) ^^^^^

08:55:41.189488 - GSETTINGS SCHEMA HANDLE: keybindings/keyboard-layout not set [app:accessibility_probe, profile:default]
08:55:41.189492 - GSETTINGS REGISTRY: keybindings/keyboard-layout using default value = 'desktop'
08:55:41.189502 - GSETTINGS SCHEMA HANDLE: keybindings/desktop-modifier-keys not set [app:accessibility_probe, profile:default]
08:55:41.189506 - GSETTINGS REGISTRY: keybindings/desktop-modifier-keys using default value = ['Insert', 'KP_Insert']
08:55:41.189583 - EVENT MANAGER: Dequeueing object:state-changed:focused for [terminal: 'Terminal' (0x76499824e700)]  in org.gnome.Terminal (gtk 3.24.52) (1, 0, 0)
08:55:41.189619 - EVENT MANAGER: Dequeued object:state-changed:focused for [terminal: 'Terminal' (0x764998157d00)]  in org.gnome.Terminal (gtk 3.24.52) (1, 0, 0) priority: 3, counter: 8

vvvvv START PRIORITY-3 OBJECT EVENT OBJECT:STATE-CHANGED:FOCUSED (queue size: 47) vvvvv
08:55:41.190225 - EVENT MANAGER: object:state-changed:focused for [terminal: 'Terminal' (0x764998157b00)]  in org.gnome.Terminal (gtk 3.24.52) (1, 0, 0) obsoleted by object:state-changed:focused for [terminal: 'Terminal' (0x764998157b00)]  in org.gnome.Terminal (gtk 3.24.52) (1, 0, 0) more recent duplicate
TOTAL PROCESSING TIME: 0.0006
^^^^^ FINISHED PRIORITY-3 OBJECT EVENT OBJECT:STATE-CHANGED:FOCUSED ^^^^^

08:55:41.190274 - CLIPBOARD PRESENTER: Possible change event object:text-changed:delete for [terminal: 'Terminal' (0x764998157780)]  in org.gnome.Terminal (gtk 3.24.52) (0, 193, \n \n \n... \n \n \n (196 chars.))

08:55:41.190328 - EVENT MANAGER: object:text-changed:delete for [terminal: 'Terminal' (0x764998157d00)]  in org.gnome.Terminal (gtk 3.24.52) (0, 193, \n \n \n... \n \n \n (196 chars.))
08:55:41.190342 - FOCUS MANAGER: Locus of focus is [frame: 'Reactive TUI App accessibility round 1' (0x764998126380)] 
08:55:41.190388 - EVENT_MANAGER: Not ignoring object:text-changed:delete due to source being focused
08:55:41.190423 - EVENT MANAGER: Queueing object:text-changed:delete for [terminal: 'Terminal' (0x764998157ec0)]  in org.gnome.Terminal (gtk 3.24.52) (0, 193, \n \n \n... \n \n \n (196 chars.))
08:55:41.190438 - EVENT MANAGER: App for event source is [application: 'org.gnome.Terminal' (0x7649982405c0)] 
08:55:41.190454 - SCRIPT MANAGER: Getting script for [application: 'org.gnome.Terminal' (0x7649982405c0)]  [terminal: 'Terminal' (0x764998157ec0)] 
08:55:41.190476 - SCRIPT MANAGER: Script is custom script org.gnome.Terminal (module=orca.scripts.terminal.script)
08:55:41.190514 - EVENT MANAGER: object:text-changed:delete for [terminal: 'Terminal' (0x76499816c040)]  in org.gnome.Terminal (gtk 3.24.52) (0, 193, \n \n \n... \n \n \n (196 chars.)) has priority level: 4
08:55:41.190551 - EVENT MANAGER: Queued object:text-changed:delete for [terminal: 'Terminal' (0x764998157f40)]  in org.gnome.Terminal (gtk 3.24.52) (0, 193, \n \n \n... \n \n \n (196 chars.)) priority: 4, counter: 56
08:55:41.190585 - CLIPBOARD PRESENTER: Possible change event object:text-changed:insert for [terminal: 'Terminal' (0x764998157f40)]  in org.gnome.Terminal (gtk 3.24.52) (0, 193, Member \nAda member \nUnavailable member... member \nUnavailable member \nBea member (196 chars.))

08:55:41.190631 - EVENT MANAGER: object:text-changed:insert for [terminal: 'Terminal' (0x76499816c080)]  in org.gnome.Terminal (gtk 3.24.52) (0, 193, Member \nAda member \nUnavailable member... member \nUnavailable member \nBea member (196 chars.))
08:55:41.190646 - FOCUS MANAGER: Locus of focus is [frame: 'Reactive TUI App accessibility round 1' (0x764998126380)] 
08:55:41.190689 - EVENT_MANAGER: Not ignoring object:text-changed:insert due to source being focused
08:55:41.190721 - EVENT MANAGER: Queueing object:text-changed:insert for [terminal: 'Terminal' (0x76499816c180)]  in org.gnome.Terminal (gtk 3.24.52) (0, 193, Member \nAda member \nUnavailable member... member \nUnavailable member \nBea member (196 chars.))
08:55:41.190736 - EVENT MANAGER: App for event source is [application: 'org.gnome.Terminal' (0x7649982405c0)] 
08:55:41.190751 - SCRIPT MANAGER: Getting script for [application: 'org.gnome.Terminal' (0x7649982405c0)]  [terminal: 'Terminal' (0x76499816c200)] 
08:55:41.190771 - SCRIPT MANAGER: Script is custom script org.gnome.Terminal (module=orca.scripts.terminal.script)
08:55:41.190806 - EVENT MANAGER: object:text-changed:insert for [terminal: 'Terminal' (0x764998157d00)]  in org.gnome.Terminal (gtk 3.24.52) (0, 193, Member \nAda member \nUnavailable member... member \nUnavailable member \nBea member (196 chars.)) has priority level: 4
08:55:41.190840 - EVENT MANAGER: Queued object:text-changed:insert for [terminal: 'Terminal' (0x76499816c200)]  in org.gnome.Terminal (gtk 3.24.52) (0, 193, Member \nAda member \nUnavailable member... member \nUnavailable member \nBea member (196 chars.)) priority: 4, counter: 57
08:55:41.190885 - EVENT MANAGER: Dequeueing object:state-changed:focused for [terminal: 'Terminal' (0x76499816c200)]  in org.gnome.Terminal (gtk 3.24.52) (1, 0, 0)
08:55:41.190918 - EVENT MANAGER: Dequeued object:state-changed:focused for [terminal: 'Terminal' (0x76499816c200)]  in org.gnome.Terminal (gtk 3.24.52) (1, 0, 0) priority: 3, counter: 10

vvvvv START PRIORITY-3 OBJECT EVENT OBJECT:STATE-CHANGED:FOCUSED (queue size: 48) vvvvv
08:55:41.192063 - EVENT SOURCE:
                  app='org.gnome.Terminal (gtk 3.24.52)' name='Terminal' role='terminal' axid='' id=0x764998156f40
                  description=''
                  help=''
                  locale='C.UTF-8'
                  states='enabled, focusable, focused, sensitive, showing, visible'
                  relations=''
                  actions='menu'
                  interfaces='Action, Collection, Component, Text'
                  attributes='toolkit:gtk'
                  text='Member \nAda member \nUnavailable member ... \n \n \n \n \n (992 chars.)'
                  path=[-1, 0, 0, 1, 0, 0, 0, 0]
                  
08:55:41.192087 - SCRIPT MANAGER: Active script is: accessibility_probe (module=orca.scripts.default)
08:55:41.192104 - FOCUS MANAGER: Locus of focus is [frame: 'Reactive TUI App accessibility round 1' (0x764998126380)] 
08:55:41.192130 - EVENT MANAGER: Getting script for event for [application: 'org.gnome.Terminal' (0x7649982405c0)]  [terminal: 'Terminal' (0x764998156dc0)] 
08:55:41.192148 - SCRIPT MANAGER: Getting script for [application: 'org.gnome.Terminal' (0x7649982405c0)]  [terminal: 'Terminal' (0x764998156dc0)] 
08:55:41.192181 - SCRIPT MANAGER: Script is custom script org.gnome.Terminal (module=orca.scripts.terminal.script)
08:55:41.192201 - EVENT MANAGER: Script for event is org.gnome.Terminal (module=orca.scripts.terminal.script)
08:55:41.192636 - EVENT MANAGER: Change active script: True (Event source claimed focus.)
08:55:41.192666 - SCRIPT MANAGER: Deactivating accessibility_probe (module=orca.scripts.default) reason: Event source claimed focus.
08:55:41.192692 - SCRIPT MANAGER: Setting active script to org.gnome.Terminal (module=orca.scripts.terminal.script) reason: Event source claimed focus.
08:55:41.192707 - DEFAULT: Activating script for [application: 'org.gnome.Terminal' (0x7649982405c0)] 
08:55:41.192891 - SPEECH MANAGER: Speech server is <orca.speechdispatcherfactory.SpeechServer object at 0x764998af96a0>
08:55:41.192927 - GSETTINGS SCHEMA HANDLE: speech/punctuation-level not set [app:org.gnome.Terminal, profile:default]
08:55:41.192933 - GSETTINGS REGISTRY: speech/punctuation-level using default value = 'most'
08:55:41.193341 - SPEECH MANAGER: Speech server is <orca.speechdispatcherfactory.SpeechServer object at 0x764998af96a0>
08:55:41.193401 - GSETTINGS SCHEMA HANDLE: speech/capitalization-style not set [app:org.gnome.Terminal, profile:default]
08:55:41.193410 - GSETTINGS REGISTRY: speech/capitalization-style using default value = 'none'
08:55:41.193602 - SPEECH MANAGER: Speech server is <orca.speechdispatcherfactory.SpeechServer object at 0x764998af96a0>
08:55:41.193646 - GSETTINGS SCHEMA HANDLE: speech/synthesizer not set [app:org.gnome.Terminal, profile:default]
08:55:41.193670 - SCRIPT MANAGER: Active script is: org.gnome.Terminal (module=orca.scripts.terminal.script)
08:55:41.193675 - CARET NAVIGATOR: Commands suspended: False: script activation, no prior state
08:55:41.193693 - GSETTINGS SCHEMA HANDLE: keybindings/keyboard-layout not set [app:org.gnome.Terminal, profile:default]
08:55:41.193697 - GSETTINGS REGISTRY: keybindings/keyboard-layout using default value = 'desktop'
08:55:41.193709 - GSETTINGS SCHEMA HANDLE: keybindings/desktop-modifier-keys not set [app:org.gnome.Terminal, profile:default]
08:55:41.193713 - GSETTINGS REGISTRY: keybindings/desktop-modifier-keys using default value = ['Insert', 'KP_Insert']
08:55:41.193744 - SCRIPT MANAGER: Active script is: org.gnome.Terminal (module=orca.scripts.terminal.script)
08:55:41.193748 - STRUCTURAL NAVIGATOR: Suspended: False: script activation, no prior state
08:55:41.193761 - GSETTINGS SCHEMA HANDLE: keybindings/keyboard-layout not set [app:org.gnome.Terminal, profile:default]
08:55:41.193764 - GSETTINGS REGISTRY: keybindings/keyboard-layout using default value = 'desktop'
08:55:41.193774 - GSETTINGS SCHEMA HANDLE: keybindings/desktop-modifier-keys not set [app:org.gnome.Terminal, profile:default]
08:55:41.193778 - GSETTINGS REGISTRY: keybindings/desktop-modifier-keys using default value = ['Insert', 'KP_Insert']
08:55:41.193812 - STRUCTURAL NAVIGATOR: Setting mode for org.gnome.Terminal (module=orca.scripts.terminal.script) to NavigationMode.OFF
08:55:41.193825 - SCRIPT MANAGER: Active script is: org.gnome.Terminal (module=orca.scripts.terminal.script)
08:55:41.193838 - GSETTINGS SCHEMA HANDLE: keybindings/keyboard-layout not set [app:org.gnome.Terminal, profile:default]
08:55:41.193842 - GSETTINGS REGISTRY: keybindings/keyboard-layout using default value = 'desktop'
08:55:41.193851 - GSETTINGS SCHEMA HANDLE: keybindings/desktop-modifier-keys not set [app:org.gnome.Terminal, profile:default]
08:55:41.193855 - GSETTINGS REGISTRY: keybindings/desktop-modifier-keys using default value = ['Insert', 'KP_Insert']
08:55:41.193885 - CARET NAVIGATOR: Setting enabled state for org.gnome.Terminal (module=orca.scripts.terminal.script) to False
08:55:41.193898 - SCRIPT MANAGER: Active script is: org.gnome.Terminal (module=orca.scripts.terminal.script)
08:55:41.193909 - GSETTINGS SCHEMA HANDLE: keybindings/keyboard-layout not set [app:org.gnome.Terminal, profile:default]
08:55:41.193912 - GSETTINGS REGISTRY: keybindings/keyboard-layout using default value = 'desktop'
08:55:41.193922 - GSETTINGS SCHEMA HANDLE: keybindings/desktop-modifier-keys not set [app:org.gnome.Terminal, profile:default]
08:55:41.193925 - GSETTINGS REGISTRY: keybindings/desktop-modifier-keys using default value = ['Insert', 'KP_Insert']
08:55:41.193935 - COMMAND MANAGER: Activating commands: activated org.gnome.Terminal (module=orca.scripts.terminal.script)
08:55:41.194007 - GSETTINGS SCHEMA HANDLE: keybindings/entries no dict values set
08:55:41.194012 - GSETTINGS REGISTRY: keybindings/entries using default value = {}
08:55:41.194015 - COMMAND MANAGER: No user overrides to apply
08:55:41.194057 - GSETTINGS SCHEMA HANDLE: keybindings/keyboard-layout not set [app:org.gnome.Terminal, profile:default]
08:55:41.194061 - GSETTINGS REGISTRY: keybindings/keyboard-layout using default value = 'desktop'
08:55:41.194071 - GSETTINGS SCHEMA HANDLE: keybindings/desktop-modifier-keys not set [app:org.gnome.Terminal, profile:default]
08:55:41.194075 - GSETTINGS REGISTRY: keybindings/desktop-modifier-keys using default value = ['Insert', 'KP_Insert']

vvvvv COMMAND MANAGER: Grab diff: activated org.gnome.Terminal (module=orca.scripts.terminal.script) (old: 77, new: 77) vvvvv
08:55:41.194095 -   No grab changes
^^^^^ COMMAND MANAGER: Diff completed in 0.0000s. Removed 0, added 0, transferred 0 ^^^^^

08:55:41.194116 - GSETTINGS SCHEMA HANDLE: speech/enable not set [app:org.gnome.Terminal, profile:default]
08:55:41.194120 - GSETTINGS REGISTRY: speech/enable using default value = True
08:55:41.194123 - SPEECH MANAGER: Speech is enabled.
08:55:41.194153 - SPEECH MANAGER: start_speech. Script: None Event: None notify_user: False
08:55:41.194156 - SPEECH MANAGER: Initializing server
08:55:41.194160 - SPEECH MANAGER: Already initialized
08:55:41.194173 - GSETTINGS SCHEMA HANDLE: keybindings/keyboard-layout not set [app:org.gnome.Terminal, profile:default]
08:55:41.194176 - GSETTINGS REGISTRY: keybindings/keyboard-layout using default value = 'desktop'
08:55:41.194180 - COMMAND MANAGER: Setting keyboard layout is_desktop to True.
08:55:41.194228 - GSETTINGS SCHEMA HANDLE: keybindings/entries no dict values set
08:55:41.194233 - GSETTINGS REGISTRY: keybindings/entries using default value = {}
08:55:41.194236 - COMMAND MANAGER: No user overrides to apply
08:55:41.194275 - GSETTINGS SCHEMA HANDLE: keybindings/keyboard-layout not set [app:org.gnome.Terminal, profile:default]
08:55:41.194279 - GSETTINGS REGISTRY: keybindings/keyboard-layout using default value = 'desktop'
08:55:41.194289 - GSETTINGS SCHEMA HANDLE: keybindings/desktop-modifier-keys not set [app:org.gnome.Terminal, profile:default]
08:55:41.194292 - GSETTINGS REGISTRY: keybindings/desktop-modifier-keys using default value = ['Insert', 'KP_Insert']

vvvvv COMMAND MANAGER: Grab diff: keyboard layout change (old: 77, new: 77) vvvvv
08:55:41.194304 -   No grab changes
^^^^^ COMMAND MANAGER: Diff completed in 0.0000s. Removed 0, added 0, transferred 0 ^^^^^

08:55:41.194311 - COMMAND MANAGER: Keyboard layout set to desktop.
08:55:41.194324 - GSETTINGS SCHEMA HANDLE: keybindings/keyboard-layout not set [app:org.gnome.Terminal, profile:default]
08:55:41.194327 - GSETTINGS REGISTRY: keybindings/keyboard-layout using default value = 'desktop'
08:55:41.194336 - GSETTINGS SCHEMA HANDLE: keybindings/desktop-modifier-keys not set [app:org.gnome.Terminal, profile:default]
08:55:41.194339 - GSETTINGS REGISTRY: keybindings/desktop-modifier-keys using default value = ['Insert', 'KP_Insert']
08:55:41.194348 - EVENT MANAGER: Processing object:state-changed:focused: script for event is active
08:55:41.194595 - SCRIPT UTILITIES: [frame: 'Terminal' (0x764998b08300)]  is top-level object for: [terminal: 'Terminal' (0x76499816c740)] 
08:55:41.194765 - SCRIPT UTILITIES: [terminal: 'Terminal' (0x76499816c740)]  is in frame [frame: 'Terminal' (0x764998b08300)]  and dialog None
08:55:41.194790 - AXObject: Clearing AT-SPI cache on [frame: 'Terminal' (0x764998b08300)]  Recursive: False.  Reason: Checking if window can be the active window
08:55:41.195532 - AXUtilities: [frame: 'Terminal' (0x764998b08300)]  from [application: 'org.gnome.Terminal' (0x7649982405c0)]  can be active window
08:55:41.195554 - FOCUS MANAGER: Request to set locus of focus to [terminal: 'Terminal' (0x76499816c740)]  event_manager._dequeue_object_event:666 > event_manager._process_object_event:982 > default._on_focused_changed:1114 > focus_manager.set_locus_of_focus:271
08:55:41.195870 - AXObject: Clearing AT-SPI cache on [terminal: 'Terminal' (0x76499816c740)]  Recursive: False.  Reason: Setting locus of focus.
08:55:41.195888 - SCRIPT MANAGER: Active script is: org.gnome.Terminal (module=orca.scripts.terminal.script)
08:55:41.196017 - FOCUS MANAGER: Changing locus of focus from [frame: 'Reactive TUI App accessibility round 1' (0x764998126380)]  to [terminal: 'Terminal' (0x76499816c740)] . Notify: True
08:55:41.196087 - FOCUS MANAGER: Region of interest: [terminal: 'Terminal' (0x76499816c740)]  (0, 0)
08:55:41.196152 - FOCUS MANAGER: Switching object of interest from [frame: 'Reactive TUI App accessibility round 1' (0x764998126380)]  to [terminal: 'Terminal' (0x76499816c740)] 
08:55:41.196458 - DOCUMENT PRESENTER: Updating mode for focus change. Old focus: [frame: 'Reactive TUI App accessibility round 1' (0x764998126380)]  old doc: None New focus: [terminal: 'Terminal' (0x76499816c740)]  new doc: None
08:55:41.196477 - SCRIPT MANAGER: Active script is: org.gnome.Terminal (module=orca.scripts.terminal.script)
08:55:41.196483 - CARET NAVIGATOR: Commands suspended: False: locus of focus no longer in document
08:55:41.196511 - GSETTINGS SCHEMA HANDLE: keybindings/keyboard-layout not set [app:org.gnome.Terminal, profile:default]
08:55:41.196516 - GSETTINGS REGISTRY: keybindings/keyboard-layout using default value = 'desktop'
08:55:41.196528 - GSETTINGS SCHEMA HANDLE: keybindings/desktop-modifier-keys not set [app:org.gnome.Terminal, profile:default]
08:55:41.196533 - GSETTINGS REGISTRY: keybindings/desktop-modifier-keys using default value = ['Insert', 'KP_Insert']
08:55:41.196561 - SCRIPT MANAGER: Active script is: org.gnome.Terminal (module=orca.scripts.terminal.script)
08:55:41.196566 - STRUCTURAL NAVIGATOR: Suspended: False: locus of focus no longer in document
08:55:41.196578 - GSETTINGS SCHEMA HANDLE: keybindings/keyboard-layout not set [app:org.gnome.Terminal, profile:default]
08:55:41.196582 - GSETTINGS REGISTRY: keybindings/keyboard-layout using default value = 'desktop'
08:55:41.196592 - GSETTINGS SCHEMA HANDLE: keybindings/desktop-modifier-keys not set [app:org.gnome.Terminal, profile:default]
08:55:41.196595 - GSETTINGS REGISTRY: keybindings/desktop-modifier-keys using default value = ['Insert', 'KP_Insert']
08:55:41.196628 - STRUCTURAL NAVIGATOR: Setting mode for org.gnome.Terminal (module=orca.scripts.terminal.script) to NavigationMode.OFF
08:55:41.196641 - SCRIPT MANAGER: Active script is: org.gnome.Terminal (module=orca.scripts.terminal.script)
08:55:41.196654 - GSETTINGS SCHEMA HANDLE: keybindings/keyboard-layout not set [app:org.gnome.Terminal, profile:default]
08:55:41.196657 - GSETTINGS REGISTRY: keybindings/keyboard-layout using default value = 'desktop'
08:55:41.196667 - GSETTINGS SCHEMA HANDLE: keybindings/desktop-modifier-keys not set [app:org.gnome.Terminal, profile:default]
08:55:41.196671 - GSETTINGS REGISTRY: keybindings/desktop-modifier-keys using default value = ['Insert', 'KP_Insert']
08:55:41.196701 - CARET NAVIGATOR: Setting enabled state for org.gnome.Terminal (module=orca.scripts.terminal.script) to False
08:55:41.196714 - SCRIPT MANAGER: Active script is: org.gnome.Terminal (module=orca.scripts.terminal.script)
08:55:41.196726 - GSETTINGS SCHEMA HANDLE: keybindings/keyboard-layout not set [app:org.gnome.Terminal, profile:default]
08:55:41.196729 - GSETTINGS REGISTRY: keybindings/keyboard-layout using default value = 'desktop'
08:55:41.196739 - GSETTINGS SCHEMA HANDLE: keybindings/desktop-modifier-keys not set [app:org.gnome.Terminal, profile:default]
08:55:41.196743 - GSETTINGS REGISTRY: keybindings/desktop-modifier-keys using default value = ['Insert', 'KP_Insert']
08:55:41.196915 - SCRIPT UTILITIES: [frame: 'Terminal' (0x764998b08300)]  is top-level object for: [terminal: 'Terminal' (0x76499816c740)] 
08:55:41.196931 - FOCUS MANAGER: Request to set active window to [frame: 'Terminal' (0x764998b08300)] 
08:55:41.197073 - SCRIPT MANAGER: Getting script for [application: 'org.gnome.Terminal' (0x7649982405c0)]  [terminal: 'Terminal' (0x76499816c740)] 
08:55:41.197098 - SCRIPT MANAGER: Script is custom script org.gnome.Terminal (module=orca.scripts.terminal.script)
08:55:41.197276 - AXUtilitiesRelation: [frame: 'Reactive TUI App accessibility round 1' (0x764998126380)]  is controlled by [terminal: 'Terminal' (0x76499816c740)] : False
08:55:41.197306 - AXUtilitiesRelation: [terminal: 'Terminal' (0x76499816c740)]  is controlled by [frame: 'Reactive TUI App accessibility round 1' (0x764998126380)] : False
08:55:41.197312 - PRESENTATION MANAGER: Interrupting presentation
08:55:41.197340 - SPEECH MANAGER: interrupt_speech. Script: None Event: None notify_user: False
08:55:41.197544 - SPEECH MANAGER: Speech server is <orca.speechdispatcherfactory.SpeechServer object at 0x764998af96a0>
08:55:41.197589 - BRAILLE: Kill flash message presentation_manager.interrupt_if_needed_for_focus_change:100 > presentation_manager.interrupt_presentation:88 > braille_presenter.kill_flash:1829 > braille.kill_flash:2182
08:55:41.197974 - FOCUS MANAGER: Active mode: focus-tracking Object of interest: [terminal: 'Terminal' (0x76499816c740)] 
08:55:41.198009 - GSETTINGS SCHEMA HANDLE: speech/enable not set [app:org.gnome.Terminal, profile:default]
08:55:41.198015 - GSETTINGS REGISTRY: speech/enable using default value = True
08:55:41.198031 - GSETTINGS SCHEMA HANDLE: speech/verbosity-level not set [app:org.gnome.Terminal, profile:default]
08:55:41.198035 - GSETTINGS REGISTRY: speech/verbosity-level using default value = 'verbose'
08:55:41.198049 - FOCUS MANAGER: Locus of focus is [terminal: 'Terminal' (0x76499816c740)] 
08:55:41.198062 - SCRIPT MANAGER: Active script is: org.gnome.Terminal (module=orca.scripts.terminal.script)
08:55:41.198078 - GSETTINGS SCHEMA HANDLE: speech/only-speak-displayed-text not set [app:org.gnome.Terminal, profile:default]
08:55:41.198081 - GSETTINGS REGISTRY: speech/only-speak-displayed-text using default value = False
08:55:41.198091 - GSETTINGS SCHEMA HANDLE: speech/speak-description not set [app:org.gnome.Terminal, profile:default]
08:55:41.198095 - GSETTINGS REGISTRY: speech/speak-description using default value = True
08:55:41.198105 - GSETTINGS SCHEMA HANDLE: speech/speak-tutorial-messages not set [app:org.gnome.Terminal, profile:default]
08:55:41.198108 - GSETTINGS REGISTRY: speech/speak-tutorial-messages using default value = True
08:55:41.198118 - GSETTINGS SCHEMA HANDLE: speech/speak-position-in-set not set [app:org.gnome.Terminal, profile:default]
08:55:41.198121 - GSETTINGS REGISTRY: speech/speak-position-in-set using default value = False
08:55:41.198131 - GSETTINGS SCHEMA HANDLE: speech/speak-widget-mnemonic not set [app:org.gnome.Terminal, profile:default]
08:55:41.198134 - GSETTINGS REGISTRY: speech/speak-widget-mnemonic using default value = True
08:55:41.198144 - GSETTINGS SCHEMA HANDLE: speech/speak-blank-lines not set [app:org.gnome.Terminal, profile:default]
08:55:41.198147 - GSETTINGS REGISTRY: speech/speak-blank-lines using default value = True
08:55:41.198158 - GSETTINGS SCHEMA HANDLE: speech/speak-indentation-and-justification not set [app:org.gnome.Terminal, profile:default]
08:55:41.198161 - GSETTINGS REGISTRY: speech/speak-indentation-and-justification using default value = False
08:55:41.198171 - GSETTINGS SCHEMA HANDLE: speech/announce-cell-headers not set [app:org.gnome.Terminal, profile:default]
08:55:41.198174 - GSETTINGS REGISTRY: speech/announce-cell-headers using default value = True
08:55:41.198184 - GSETTINGS SCHEMA HANDLE: speech/announce-cell-coordinates not set [app:org.gnome.Terminal, profile:default]
08:55:41.198187 - GSETTINGS REGISTRY: speech/announce-cell-coordinates using default value = True
08:55:41.198197 - GSETTINGS SCHEMA HANDLE: speech/announce-spreadsheet-cell-coordinates not set [app:org.gnome.Terminal, profile:default]
08:55:41.198200 - GSETTINGS REGISTRY: speech/announce-spreadsheet-cell-coordinates using default value = True
08:55:41.198210 - GSETTINGS SCHEMA HANDLE: speech/announce-blockquote not set [app:org.gnome.Terminal, profile:default]
08:55:41.198213 - GSETTINGS REGISTRY: speech/announce-blockquote using default value = True
08:55:41.198222 - GSETTINGS SCHEMA HANDLE: speech/announce-form not set [app:org.gnome.Terminal, profile:default]
08:55:41.198225 - GSETTINGS REGISTRY: speech/announce-form using default value = True
08:55:41.198234 - GSETTINGS SCHEMA HANDLE: speech/announce-landmark not set [app:org.gnome.Terminal, profile:default]
08:55:41.198237 - GSETTINGS REGISTRY: speech/announce-landmark using default value = True
08:55:41.198246 - GSETTINGS SCHEMA HANDLE: speech/announce-list not set [app:org.gnome.Terminal, profile:default]
08:55:41.198249 - GSETTINGS REGISTRY: speech/announce-list using default value = True
08:55:41.198258 - GSETTINGS SCHEMA HANDLE: speech/announce-grouping not set [app:org.gnome.Terminal, profile:default]
08:55:41.198262 - GSETTINGS REGISTRY: speech/announce-grouping using default value = True
08:55:41.198271 - GSETTINGS SCHEMA HANDLE: speech/announce-table not set [app:org.gnome.Terminal, profile:default]
08:55:41.198274 - GSETTINGS REGISTRY: speech/announce-table using default value = True
08:55:41.198352 - GENERATOR: _get_functional_role: terminal
08:55:41.198419 - SPEECH GENERATOR: speech_generator.SpeechGenerator._generate_terminal for [terminal: 'Terminal' (0x76499816c740)]  args: {'formatType': 'unfocused', 'priorObj': "[frame: 'Reactive TUI App accessibility round 1' (0x764998126380)] ", 'role': 'terminal'}
08:55:41.198456 - SPEECH GENERATOR: _generate_old_ancestors: []
08:55:41.198509 - AXUtilitiesObject: Looking for common ancestor of [frame: 'Reactive TUI App accessibility round 1' (0x764998126380)]  and [terminal: 'Terminal' (0x76499816c740)] 
08:55:41.198683 - AXUtilitiesObject: Common ancestor of [frame: 'Reactive TUI App accessibility round 1' (0x764998126380)]  and [terminal: 'Terminal' (0x76499816c740)]  is None
08:55:41.198794 - GENERATOR: _get_functional_role: filler
08:55:41.198823 - AXUtilities: [filler (0x76499816d980)]  believed to be layout only: True, has layout-only role
08:55:41.198898 - GENERATOR: _get_functional_role: panel
08:55:41.199013 - AXUtilitiesRelation: [panel (0x76499816dd80)]  is labelled by: []
08:55:41.199044 - AXUtilitiesRelation: [panel (0x76499816dd80)]  is described by: []
08:55:41.199064 - AXUtilities: [panel (0x76499816dd80)]  believed to be layout only: True, lacks name, description, and relations
08:55:41.199326 - GENERATOR: _get_functional_role: page-tab
08:55:41.199467 - GENERATOR: _get_functional_role: page-tab-list
08:55:41.199584 - GENERATOR: _get_functional_role: filler
08:55:41.199612 - AXUtilities: [filler (0x76499824bf00)]  believed to be layout only: True, has layout-only role
08:55:41.199722 - GENERATOR: _get_functional_role: frame
08:55:41.200694 - GENERATOR: _get_functional_role: application
08:55:41.200927 - SPEECH GENERATOR: speech_generator.SpeechGenerator._generate_page_tab for [page tab (0x76499816dec0)]  args: {'ancestorOf': "[terminal: 'Terminal' (0x76499816c740)] ",
                   'count': '1',
                   'formatType': 'ancestor',
                   'leaving': 'None',
                   'priorObj': "[frame: 'Reactive TUI App accessibility round 1' (0x764998126380)] ",
                   'role': 'page-tab'}
08:55:41.201123 - AXUtilitiesRelation: [page tab (0x76499816dec0)]  is labelled by: []
08:55:41.201160 - GENERATOR: _generate_accessible_label: []
08:55:41.201191 - SPEECH GENERATOR: _generate_accessible_label: []
08:55:41.201259 - GENERATOR: _generate_accessible_name: []
08:55:41.201289 - SPEECH GENERATOR: _generate_accessible_name: []
08:55:41.201325 - GENERATOR: _generate_accessible_label_and_name: []
08:55:41.201352 - SPEECH GENERATOR: _generate_accessible_label_and_name: []
08:55:41.202173 - GSETTINGS SCHEMA HANDLE: voice/established not set [app:org.gnome.Terminal, profile:default]
08:55:41.202219 - GSETTINGS SCHEMA HANDLE: voice/rate not set [app:org.gnome.Terminal, profile:default]
08:55:41.202258 - GSETTINGS SCHEMA HANDLE: voice/pitch not set [app:org.gnome.Terminal, profile:default]
08:55:41.202294 - GSETTINGS SCHEMA HANDLE: voice/volume not set [app:org.gnome.Terminal, profile:default]
08:55:41.202331 - GSETTINGS SCHEMA HANDLE: voice/family-name not set [app:org.gnome.Terminal, profile:default]
08:55:41.202365 - GSETTINGS SCHEMA HANDLE: voice/family-lang not set [app:org.gnome.Terminal, profile:default]
08:55:41.202399 - GSETTINGS SCHEMA HANDLE: voice/family-dialect not set [app:org.gnome.Terminal, profile:default]
08:55:41.202431 - GSETTINGS SCHEMA HANDLE: voice/family-gender not set [app:org.gnome.Terminal, profile:default]
08:55:41.202463 - GSETTINGS SCHEMA HANDLE: voice/family-variant not set [app:org.gnome.Terminal, profile:default]
08:55:41.202520 - SPEECH GENERATOR: system voice requested for [page tab (0x76499816dec0)]  language='', dialect='' Unmodified voice={'established': False}
08:55:41.202626 - SPEECH GENERATOR: Reported locale of [page tab (0x76499816dec0)]  is C
08:55:41.202664 - SPEECH GENERATOR: Updated to: 'C', ''
08:55:41.202745 - GSETTINGS SCHEMA HANDLE: voice/established not set [app:org.gnome.Terminal, profile:default]
08:55:41.202782 - GSETTINGS SCHEMA HANDLE: voice/rate not set [app:org.gnome.Terminal, profile:default]
08:55:41.202818 - GSETTINGS SCHEMA HANDLE: voice/pitch not set [app:org.gnome.Terminal, profile:default]
08:55:41.202851 - GSETTINGS SCHEMA HANDLE: voice/volume not set [app:org.gnome.Terminal, profile:default]
08:55:41.202884 - GSETTINGS SCHEMA HANDLE: voice/family-name not set [app:org.gnome.Terminal, profile:default]
08:55:41.202915 - GSETTINGS SCHEMA HANDLE: voice/family-lang not set [app:org.gnome.Terminal, profile:default]
08:55:41.202947 - GSETTINGS SCHEMA HANDLE: voice/family-dialect not set [app:org.gnome.Terminal, profile:default]
08:55:41.202985 - GSETTINGS SCHEMA HANDLE: voice/family-gender not set [app:org.gnome.Terminal, profile:default]
08:55:41.203018 - GSETTINGS SCHEMA HANDLE: voice/family-variant not set [app:org.gnome.Terminal, profile:default]
08:55:41.203088 - SPEECH GENERATOR: Final voice is {'established': 'False', 'family': '{}'}
08:55:41.203159 - SPEECH GENERATOR: _generate_accessible_role: [page tab, {'established': 'False', 'family': '{}'}]
08:55:41.203227 - SPEECH GENERATOR: Results: [page tab, {'established': 'False', 'family': '{}'}]
08:55:41.203271 - SPEECH GENERATOR: [page tab list (0x76499824e080)]  lacks dedicated generator
08:55:41.203412 - SPEECH GENERATOR: speech_generator.SpeechGenerator._generate_default_presentation for [page tab list (0x76499824e080)]  args: {'ancestorOf': "[terminal: 'Terminal' (0x76499816c740)] ",
                   'count': '1',
                   'formatType': 'ancestor',
                   'leaving': 'None',
                   'priorObj': "[frame: 'Reactive TUI App accessibility round 1' (0x764998126380)] ",
                   'role': 'page-tab-list'}
08:55:41.203450 - SPEECH GENERATOR: _generate_details_for: []
08:55:41.203480 - SPEECH GENERATOR: Results: []
08:55:41.203615 - SPEECH GENERATOR: speech_generator.SpeechGenerator._generate_frame for [frame: 'Terminal' (0x764998b08300)]  args: {'ancestorOf': "[terminal: 'Terminal' (0x76499816c740)] ",
                   'count': '1',
                   'formatType': 'ancestor',
                   'leaving': 'None',
                   'priorObj': "[frame: 'Reactive TUI App accessibility round 1' (0x764998126380)] ",
                   'role': 'frame'}
08:55:41.203689 - AXUtilitiesRelation: [frame: 'Terminal' (0x764998b08300)]  is labelled by: []
08:55:41.203719 - GENERATOR: _generate_accessible_label: []
08:55:41.203747 - SPEECH GENERATOR: _generate_accessible_label: []
08:55:41.203790 - GENERATOR: _generate_accessible_name: [Terminal]
08:55:41.203830 - GSETTINGS SCHEMA HANDLE: voice/established not set [app:org.gnome.Terminal, profile:default]
08:55:41.203865 - GSETTINGS SCHEMA HANDLE: voice/rate not set [app:org.gnome.Terminal, profile:default]
08:55:41.203897 - GSETTINGS SCHEMA HANDLE: voice/pitch not set [app:org.gnome.Terminal, profile:default]
08:55:41.203929 - GSETTINGS SCHEMA HANDLE: voice/volume not set [app:org.gnome.Terminal, profile:default]
08:55:41.203962 - GSETTINGS SCHEMA HANDLE: voice/family-name not set [app:org.gnome.Terminal, profile:default]
08:55:41.203999 - GSETTINGS SCHEMA HANDLE: voice/family-lang not set [app:org.gnome.Terminal, profile:default]
08:55:41.204032 - GSETTINGS SCHEMA HANDLE: voice/family-dialect not set [app:org.gnome.Terminal, profile:default]
08:55:41.204063 - GSETTINGS SCHEMA HANDLE: voice/family-gender not set [app:org.gnome.Terminal, profile:default]
08:55:41.204094 - GSETTINGS SCHEMA HANDLE: voice/family-variant not set [app:org.gnome.Terminal, profile:default]
08:55:41.204145 - SPEECH GENERATOR: default voice requested for [frame: 'Terminal' (0x764998b08300)]  language='', dialect='' Unmodified voice={'established': False}
08:55:41.204194 - SPEECH GENERATOR: Reported locale of [frame: 'Terminal' (0x764998b08300)]  is C
08:55:41.204217 - SPEECH GENERATOR: Updated to: 'C', ''
08:55:41.204264 - GSETTINGS SCHEMA HANDLE: speech/auto-language-switching not set [app:org.gnome.Terminal, profile:default]
08:55:41.204277 - GSETTINGS REGISTRY: speech/auto-language-switching using default value = True
08:55:41.204297 - SPEECH DISPATCHER: Returning cached result for language='C' dialect='' variant='None'
08:55:41.204357 - SPEECH GENERATOR: Family updated to {'dialect': '', 'lang': 'C', 'name': ''}
08:55:41.204435 - SPEECH GENERATOR: Final voice is {'established': 'False', 'family': "{'dialect': '', 'lang': 'C', 'name': ''}"}
08:55:41.204525 - SPEECH GENERATOR: _generate_accessible_name: [Terminal, {'established': 'False', 'family': "{'dialect': '', 'lang': 'C', 'name': ''}"}]
08:55:41.204622 - GENERATOR: _generate_accessible_label_and_name: [Terminal, {'established': 'False', 'family': "{'dialect': '', 'lang': 'C', 'name': ''}"}]
08:55:41.204665 - SPEECH PRESENTER: Adjusting 'Terminal' from [frame: 'Terminal' (0x764998b08300)]  start_offset: None
08:55:41.204716 - GSETTINGS SCHEMA HANDLE: speech/speak-numbers-as-digits not set [app:org.gnome.Terminal, profile:default]
08:55:41.204729 - GSETTINGS REGISTRY: speech/speak-numbers-as-digits using default value = False
08:55:41.204785 - GSETTINGS SCHEMA HANDLE: speech/repeated-character-limit not set [app:org.gnome.Terminal, profile:default]
08:55:41.204797 - GSETTINGS REGISTRY: speech/repeated-character-limit using default value = 4
08:55:41.205007 - GSETTINGS SCHEMA HANDLE: speech/use-pronunciation-dictionary not set [app:org.gnome.Terminal, profile:default]
08:55:41.205023 - GSETTINGS REGISTRY: speech/use-pronunciation-dictionary using default value = True
08:55:41.205065 - GSETTINGS SCHEMA HANDLE: pronunciations/entries no dict values set
08:55:41.205078 - GSETTINGS REGISTRY: pronunciations/entries using default value = {}
08:55:41.205088 - SPEECH PRESENTER: Adjusted text: 'Terminal'
08:55:41.205181 - SPEECH GENERATOR: _generate_accessible_label_and_name: [Terminal, {'established': 'False', 'family': "{'dialect': '', 'lang': 'C', 'name': ''}"}]
08:55:41.205270 - SPEECH GENERATOR: Results: [Terminal, {'established': 'False', 'family': "{'dialect': '', 'lang': 'C', 'name': ''}"}]
08:55:41.205418 - SPEECH GENERATOR: _generate_new_ancestors: [[Terminal, {'established': 'False', 'family': "{'dialect': '', 'lang': 'C', 'name': ''}"}], [], [page tab, {'established': 'False', 'family': '{}'}]]
08:55:41.205479 - GENERATOR: _generate_text_substring: []
08:55:41.205508 - SPEECH GENERATOR: _generate_text_substring: []
08:55:41.205673 - AXText: [terminal: 'Terminal' (0x76499816c740)]  reports 976 characters.
08:55:41.205792 - AXText: [terminal: 'Terminal' (0x76499816c740)]  reports caret offset of 193.
08:55:41.206049 - AXText: Line at offset 193 in [terminal: 'Terminal' (0x76499816c740)]  'Bea member                                                  \n' (183-244)
08:55:41.206114 - AXText: Getting attributes for [terminal: 'Terminal' (0x76499816c740)]  chars: 183-244
08:55:41.206278 - AXText: Attributes for [terminal: 'Terminal' (0x76499816c740)]  at offset 183: ({'bg-color': '0,0,0', 'fg-color': '65535,65535,65535'}, start_offset=0, end_offset=975)
08:55:41.206348 - AXText: 1 attribute ranges found.
08:55:41.206454 - AXText: Text of [terminal: 'Terminal' (0x76499816c740)]  (183-244): 'Bea member                                                  \n'
08:55:41.206503 - GSETTINGS SCHEMA HANDLE: voice/established not set [app:org.gnome.Terminal, profile:default]
08:55:41.206539 - GSETTINGS SCHEMA HANDLE: voice/rate not set [app:org.gnome.Terminal, profile:default]
08:55:41.206572 - GSETTINGS SCHEMA HANDLE: voice/pitch not set [app:org.gnome.Terminal, profile:default]
08:55:41.206604 - GSETTINGS SCHEMA HANDLE: voice/volume not set [app:org.gnome.Terminal, profile:default]
08:55:41.206637 - GSETTINGS SCHEMA HANDLE: voice/family-name not set [app:org.gnome.Terminal, profile:default]
08:55:41.206669 - GSETTINGS SCHEMA HANDLE: voice/family-lang not set [app:org.gnome.Terminal, profile:default]
08:55:41.206701 - GSETTINGS SCHEMA HANDLE: voice/family-dialect not set [app:org.gnome.Terminal, profile:default]
08:55:41.206737 - GSETTINGS SCHEMA HANDLE: voice/family-gender not set [app:org.gnome.Terminal, profile:default]
08:55:41.206769 - GSETTINGS SCHEMA HANDLE: voice/family-variant not set [app:org.gnome.Terminal, profile:default]
08:55:41.206821 - SPEECH GENERATOR: None voice requested for [terminal: 'Terminal' (0x76499816c740)]  language='', dialect='' Unmodified voice={'established': False}
08:55:41.206871 - SPEECH GENERATOR: Reported locale of [terminal: 'Terminal' (0x76499816c740)]  is C
08:55:41.206890 - SPEECH GENERATOR: Updated to: 'C', ''
08:55:41.206934 - GSETTINGS SCHEMA HANDLE: speech/auto-language-switching not set [app:org.gnome.Terminal, profile:default]
08:55:41.206946 - GSETTINGS REGISTRY: speech/auto-language-switching using default value = True
08:55:41.206964 - SPEECH DISPATCHER: Returning cached result for language='C' dialect='' variant='None'
08:55:41.207029 - SPEECH GENERATOR: Family updated to {'dialect': '', 'lang': 'C', 'name': ''}
08:55:41.207107 - SPEECH GENERATOR: Final voice is {'established': 'False', 'family': "{'dialect': '', 'lang': 'C', 'name': ''}"}
08:55:41.207150 - SPEECH PRESENTER: Adjusting 'Bea member                                                  
                  ' from [terminal: 'Terminal' (0x76499816c740)]  start_offset: 183
08:55:41.207216 - AXHypertext: 0 hyperlinks found in [terminal: 'Terminal' (0x76499816c740)]  between start: 183 and end: 244
08:55:41.207254 - GSETTINGS SCHEMA HANDLE: speech/speak-numbers-as-digits not set [app:org.gnome.Terminal, profile:default]
08:55:41.207267 - GSETTINGS REGISTRY: speech/speak-numbers-as-digits using default value = False
08:55:41.207317 - GSETTINGS SCHEMA HANDLE: speech/repeated-character-limit not set [app:org.gnome.Terminal, profile:default]
08:55:41.207329 - GSETTINGS REGISTRY: speech/repeated-character-limit using default value = 4
08:55:41.207922 - GSETTINGS SCHEMA HANDLE: speech/use-pronunciation-dictionary not set [app:org.gnome.Terminal, profile:default]
08:55:41.207938 - GSETTINGS REGISTRY: speech/use-pronunciation-dictionary using default value = True
08:55:41.207956 - SPEECH PRESENTER: Adjusted text: 'Bea member                                                  
                  '
08:55:41.208059 - SPEECH GENERATOR: _generate_text_line: [Bea member                                                  
                  , {'established': 'False', 'family': "{'dialect': '', 'lang': 'C', 'name': ''}"}]
08:55:41.208267 - SPEECH GENERATOR: Results: [[Terminal, {'established': 'False', 'family': "{'dialect': '', 'lang': 'C', 'name': ''}"}], [], [page tab, {'established': 'False', 'family': '{}'}], Bea member                                                  
                  , {'established': 'False', 'family': "{'dialect': '', 'lang': 'C', 'name': ''}"}]
08:55:41.208489 - SPEECH: Speak [[Terminal, {'established': 'False', 'family': "{'dialect': '', 'lang': 'C', 'name': ''}"}], [], [page tab, {'established': 'False', 'family': '{}'}], Bea member                                                  
                  , {'established': 'False', 'family': "{'dialect': '', 'lang': 'C', 'name': ''}"}], acss: None
08:55:41.208518 - SPEECH OUTPUT: 'Terminal' {'established': False, 'family': {'name': '', 'gender': None, 'lang': 'C', 'dialect': '', 'variant': None}}
08:55:41.208530 - SPEECH DISPATCHER: Speaking 'Terminal' as string
08:55:41.208803 - SPEECH DISPATCHER: Speaking '<speak><mark name="0:8"/>Terminal</speak>' 
                  ORCA rate 50.0, pitch 5.0, volume 10.0, language C, punctuation: MOST
                  SD rate 2, pitch 10, volume 100, language c
08:55:41.208900 - SPEECH OUTPUT: 'page tab' {'established': False}
08:55:41.208913 - SPEECH DISPATCHER: Speaking 'page tab' as string
08:55:41.209348 - SPEECH DISPATCHER: Speaking '<speak><mark name="0:4"/>page <mark name="5:8"/>tab</speak>' 
                  ORCA rate 50.0, pitch 5.0, volume 10.0, language C, punctuation: MOST
                  SD rate 2, pitch 10, volume 100, language c
08:55:41.211720 - SPEECH OUTPUT: 'Bea member                                                  
                  ' {'established': False, 'family': {'name': '', 'gender': None, 'lang': 'C', 'dialect': '', 'variant': None}}
08:55:41.211747 - SPEECH DISPATCHER: Speaking 'Bea member                                                  
                  ' as string
08:55:41.212072 - SPEECH DISPATCHER: Speaking '<speak><mark name="0:3"/>Bea <mark name="4:10"/>member                                                  
                  </speak>' 
                  ORCA rate 50.0, pitch 5.0, volume 10.0, language C, punctuation: MOST
                  SD rate 2, pitch 10, volume 100, language c
08:55:41.214035 - GSETTINGS SCHEMA HANDLE: braille/enabled not set [app:org.gnome.Terminal, profile:default]
08:55:41.214058 - GSETTINGS REGISTRY: braille/enabled using default value = True
08:55:41.214158 - FOCUS MANAGER: Active mode: focus-tracking Object of interest: [terminal: 'Terminal' (0x76499816c740)] 
08:55:41.214202 - GSETTINGS SCHEMA HANDLE: braille/enabled not set [app:org.gnome.Terminal, profile:default]
08:55:41.214217 - GSETTINGS REGISTRY: braille/enabled using default value = True
08:55:41.214258 - GSETTINGS SCHEMA HANDLE: braille/verbosity-level not set [app:org.gnome.Terminal, profile:default]
08:55:41.214271 - GSETTINGS REGISTRY: braille/verbosity-level using default value = 'verbose'
08:55:41.214313 - FOCUS MANAGER: Locus of focus is [terminal: 'Terminal' (0x76499816c740)] 
08:55:41.214349 - SCRIPT MANAGER: Active script is: org.gnome.Terminal (module=orca.scripts.terminal.script)
08:55:41.214391 - GSETTINGS SCHEMA HANDLE: braille/rolename-style not set [app:org.gnome.Terminal, profile:default]
08:55:41.214404 - GSETTINGS REGISTRY: braille/rolename-style using default value = 'verbose'
08:55:41.214438 - GSETTINGS SCHEMA HANDLE: braille/display-ancestors not set [app:org.gnome.Terminal, profile:default]
08:55:41.214450 - GSETTINGS REGISTRY: braille/display-ancestors using default value = True
08:55:41.214483 - GSETTINGS SCHEMA HANDLE: braille/end-of-line-indicator not set [app:org.gnome.Terminal, profile:default]
08:55:41.214495 - GSETTINGS REGISTRY: braille/end-of-line-indicator using default value = True
08:55:41.214526 - GSETTINGS SCHEMA HANDLE: braille/present-mnemonics not set [app:org.gnome.Terminal, profile:default]
08:55:41.214537 - GSETTINGS REGISTRY: braille/present-mnemonics using default value = True
08:55:41.214683 - GENERATOR: _get_functional_role: terminal
08:55:41.214796 - BRAILLE GENERATOR: braille_generator.BrailleGenerator._generate_terminal for [terminal: 'Terminal' (0x76499816c740)]  args: {'formatType': 'focused', 'priorObj': "[frame: 'Reactive TUI App accessibility round 1' (0x764998126380)] ", 'role': 'terminal'}
08:55:41.214848 - BRAILLE: Creating text region for [terminal: 'Terminal' (0x76499816c740)]  label:'', offsets: None-None, caret: None
08:55:41.215006 - AXText: [terminal: 'Terminal' (0x76499816c740)]  reports caret offset of 121.
08:55:41.215121 - AXText: [terminal: 'Terminal' (0x76499816c740)]  reports 976 characters.
08:55:41.215295 - AXText: Line at offset 121 in [terminal: 'Terminal' (0x76499816c740)]  'Ada member                                                  \n' (61-122)
08:55:41.215333 - BRAILLE: Not contracting 'Ada member                                                  
                  ' because contracted braille is not enabled.
08:55:41.215381 - BRAILLE GENERATOR: Results: [TEXT: 'Ada member                                                  ', cursor offset:60 start offset:0, line offset:61]
08:55:41.215507 - AXText: [terminal: 'Terminal' (0x76499816c740)]  reports 976 characters.
08:55:41.215627 - AXText: Text of [terminal: 'Terminal' (0x76499816c740)]  'Member                                                      \nAda member                                                  \nUnavailable member                                          \nBea member                                                  \n                                                            \n                                                            \n                                                            \n                                                            \n                                                            \n                                                            \n                                                            \n                                                            \n                                                            \n                                                            \n                                                            \n                                                            \n'
08:55:41.215666 - SCRIPT MANAGER: Active script is: org.gnome.Terminal (module=orca.scripts.terminal.script)
08:55:41.215712 - AXHypertext: 0 hyperlinks found in [terminal: 'Terminal' (0x76499816c740)] 
08:55:41.215824 - AXText: [terminal: 'Terminal' (0x76499816c740)]  reports 0 selection(s).
08:55:41.215865 - BRAILLE: Refresh. Pan: True target: 0
08:55:41.215879 - BRAILLE: Kill flash message braille.display_line:1618 > braille.refresh:2097 > braille._prepare_refresh:1856 > braille.kill_flash:2182
08:55:41.216713 - GSETTINGS SCHEMA HANDLE: braille/enabled not set [app:org.gnome.Terminal, profile:default]
08:55:41.216735 - GSETTINGS REGISTRY: braille/enabled using default value = True
08:55:41.216774 - BRAILLE: Last text object: None (Caret: 0, Line: 0, Cell: 0)
08:55:41.216831 - BRAILLE: Current text object: [terminal: 'Terminal' (0x76499816c740)]  (Caret: 121, Line: 61). On same line: False
08:55:41.216849 - BRAILLE: Line 0: 'Ada member                                                  ' focusOffset: 0 [[0, 4], [4, 36], [36, 60]]
08:55:41.216860 - BRAILLE: Cursor offset in line string is: 60
08:55:41.216874 - BRAILLE: Adjusting offset to 36 (unhandled condition)
08:55:41.216885 - BRAILLE: Current range: (36, 68). Target cell: 0
08:55:41.216897 - BRAILLE LINE:  'Ada member                                                  '
08:55:41.216907 -      VISIBLE:  '                        ', cursor=25
08:55:41.216941 - BRAILLE: Enabling braille. BrlAPI running: False
08:55:41.216952 - BRAILLE: Need to initialize first.
08:55:41.216987 - BRAILLE: Initializing. Callback: input_event_manager.InputEventManager.process_braille_event
08:55:41.217024 - BRAILLE: WINDOWPATH= None
08:55:41.217054 - BRAILLE: XDG_VTNR= 1
08:55:41.217091 - BRAILLE: Attempting connection with BrlAPI.
08:55:41.217584 - BRAILLE: BrlAPI Connection is unavailable (ConnectionError): couldn't connect to b':0' with key b'keyfile:/etc/brlapi.key+polkit': connect: No such file or directory
                  (brlerrno 11, libcerrno 2, gaierrno 0)
                  Is BRLTTY really running?
08:55:41.217769 - AXTable: Setting last cell coordinates to row=-1, column=-1
08:55:41.217884 - AXText: [terminal: 'Terminal' (0x76499816c740)]  reports caret offset of 121.
08:55:41.217926 - FOCUS MANAGER: Setting last cursor position to [terminal: 'Terminal' (0x76499816c740)]  121
08:55:41.218029 - AXText: [terminal: 'Terminal' (0x76499816c740)]  reports 0 selection(s).
08:55:41.218195 - FOCUS MANAGER: Active window is [frame: 'Terminal' (0x764998b08300)]  focus_manager.set_locus_of_focus:327 > focus_manager._save_object_details:254 > ax_utilities_event.save_object_info_for_events:195 > focus_manager.get_active_window:342
TOTAL PROCESSING TIME: 0.0279
^^^^^ FINISHED PRIORITY-3 OBJECT EVENT OBJECT:STATE-CHANGED:FOCUSED ^^^^^

08:55:41.219073 - EVENT MANAGER: Dequeueing object:announcement for [label: 'Background calls 0' (0x76499824e600)]  in accessibility_probe (AccessKit) (1, 0, Background calls 0)
08:55:41.219123 - EVENT MANAGER: Dequeued object:announcement for [label: 'Background calls 0' (0x76499816f080)]  in accessibility_probe (AccessKit) (1, 0, Background calls 0) priority: 3, counter: 16

vvvvv START PRIORITY-3 OBJECT EVENT OBJECT:ANNOUNCEMENT (queue size: 47) vvvvv

08:55:41.221364 - EVENT MANAGER: object:state-changed:selected for [table cell: 'Ada member' (0x76499816f0c0)]  in accessibility_probe (AccessKit) (1, 0, 0)
08:55:41.221387 - FOCUS MANAGER: Locus of focus is [terminal: 'Terminal' (0x76499816c740)] 
08:55:41.221560 - EVENT_MANAGER: Not ignoring object:state-changed:selected due to source being selected
08:55:41.221600 - EVENT MANAGER: Queueing object:state-changed:selected for [table cell: 'Ada member' (0x7649981570c0)]  in accessibility_probe (AccessKit) (1, 0, 0)
08:55:41.221617 - EVENT MANAGER: App for event source is [application: 'accessibility_probe' (0x764998261a00)] 
08:55:41.221633 - SCRIPT MANAGER: Getting script for [application: 'accessibility_probe' (0x764998261a00)]  [table cell: 'Ada member' (0x7649981d6600)] 
08:55:41.221790 - SCRIPT MANAGER: Script is app script accessibility_probe (module=orca.scripts.default)
08:55:41.221828 - EVENT MANAGER: object:state-changed:selected for [table cell: 'Ada member' (0x7649981570c0)]  in accessibility_probe (AccessKit) (1, 0, 0) has priority level: 4
08:55:41.221866 - EVENT MANAGER: Queued object:state-changed:selected for [table cell: 'Ada member' (0x76499816f300)]  in accessibility_probe (AccessKit) (1, 0, 0) priority: 4, counter: 58

08:55:41.221911 - EVENT MANAGER: object:state-changed:selected for [table row (0x76499816f340)]  in accessibility_probe (AccessKit) (1, 0, 0)
08:55:41.221924 - FOCUS MANAGER: Locus of focus is [terminal: 'Terminal' (0x76499816c740)] 
08:55:41.222084 - EVENT_MANAGER: Not ignoring object:state-changed:selected due to source being selected
08:55:41.222116 - EVENT MANAGER: Queueing object:state-changed:selected for [table row (0x76499816f340)]  in accessibility_probe (AccessKit) (1, 0, 0)
08:55:41.222131 - EVENT MANAGER: App for event source is [application: 'accessibility_probe' (0x764998261a00)] 
08:55:41.222146 - SCRIPT MANAGER: Getting script for [application: 'accessibility_probe' (0x764998261a00)]  [table row (0x76499816f2c0)] 
08:55:41.222286 - SCRIPT MANAGER: Script is app script accessibility_probe (module=orca.scripts.default)
08:55:41.222322 - EVENT MANAGER: object:state-changed:selected for [table row (0x76499816f4c0)]  in accessibility_probe (AccessKit) (1, 0, 0) has priority level: 4
08:55:41.222356 - EVENT MANAGER: Queued object:state-changed:selected for [table row (0x76499816e240)]  in accessibility_probe (AccessKit) (1, 0, 0) priority: 4, counter: 59

08:55:41.222392 - EVENT MANAGER: object:state-changed:focused for [table cell: 'Ada member' (0x76499816e240)]  in accessibility_probe (AccessKit) (1, 0, 0)
08:55:41.222405 - FOCUS MANAGER: Locus of focus is [terminal: 'Terminal' (0x76499816c740)] 
08:55:41.222440 - EVENT_MANAGER: Not ignoring object:state-changed:focused due to source being selected
08:55:41.222469 - EVENT MANAGER: Queueing object:state-changed:focused for [table cell: 'Ada member' (0x76499816e240)]  in accessibility_probe (AccessKit) (1, 0, 0)
08:55:41.222484 - EVENT MANAGER: App for event source is [application: 'accessibility_probe' (0x764998261a00)] 
08:55:41.222499 - SCRIPT MANAGER: Getting script for [application: 'accessibility_probe' (0x764998261a00)]  [table cell: 'Ada member' (0x76499816f400)] 
08:55:41.222774 - SCRIPT MANAGER: Script is app script accessibility_probe (module=orca.scripts.default)
08:55:41.222812 - EVENT MANAGER: object:state-changed:focused for [table cell: 'Ada member' (0x76499816f640)]  in accessibility_probe (AccessKit) (1, 0, 0) has priority level: 3
08:55:41.222846 - EVENT MANAGER: Queued object:state-changed:focused for [table cell: 'Ada member' (0x76499816f6c0)]  in accessibility_probe (AccessKit) (1, 0, 0) priority: 3, counter: 60

08:55:41.222878 - EVENT MANAGER: object:state-changed:focused for [table: 'Project members' (0x764998134a00)]  in accessibility_probe (AccessKit) (0, 0, 0)
08:55:41.222891 - FOCUS MANAGER: Locus of focus is [terminal: 'Terminal' (0x76499816c740)] 
08:55:41.222934 - EVENT_MANAGER: Ignoring object:state-changed:focused due to multiple instances in short time

08:55:41.222971 - EVENT MANAGER: object:text-caret-moved for [terminal: 'Terminal' (0x76499816c740)]  in org.gnome.Terminal (gtk 3.24.52) (121, 0, 0)
08:55:41.222988 - FOCUS MANAGER: Locus of focus is [terminal: 'Terminal' (0x76499816c740)] 
08:55:41.223017 - EVENT_MANAGER: Not ignoring object:text-caret-moved due to source being locus of focus
08:55:41.223047 - EVENT MANAGER: Queueing object:text-caret-moved for [terminal: 'Terminal' (0x76499816c740)]  in org.gnome.Terminal (gtk 3.24.52) (121, 0, 0)
08:55:41.223061 - EVENT MANAGER: App for event source is [application: 'org.gnome.Terminal' (0x7649982405c0)] 
08:55:41.223076 - SCRIPT MANAGER: Getting script for [application: 'org.gnome.Terminal' (0x7649982405c0)]  [terminal: 'Terminal' (0x76499816c740)] 
08:55:41.223097 - SCRIPT MANAGER: Script is custom script org.gnome.Terminal (module=orca.scripts.terminal.script)
08:55:41.223133 - EVENT MANAGER: object:text-caret-moved for [terminal: 'Terminal' (0x76499816c740)]  in org.gnome.Terminal (gtk 3.24.52) (121, 0, 0) has priority level: 4
08:55:41.223165 - EVENT MANAGER: Queued object:text-caret-moved for [terminal: 'Terminal' (0x76499816c740)]  in org.gnome.Terminal (gtk 3.24.52) (121, 0, 0) priority: 4, counter: 61
08:55:41.224862 - EVENT SOURCE:
                  app='accessibility_probe (AccessKit )' name='Background calls 0' role='label' axid='' id=0x76499816f000
                  description=''
                  help=''
                  locale=''
                  states='enabled, sensitive, showing, visible'
                  relations=''
                  actions=''
                  interfaces=''
                  attributes=''
                  text=''
                  path=[-1, 0, 1]
                  
08:55:41.224919 - SCRIPT MANAGER: Active script is: org.gnome.Terminal (module=orca.scripts.terminal.script)
08:55:41.224970 - FOCUS MANAGER: Locus of focus is [terminal: 'Terminal' (0x76499816c740)] 
08:55:41.225055 - EVENT MANAGER: Getting script for event for [application: 'accessibility_probe' (0x76499825b380)]  [label: 'Background calls 0' (0x76499816f980)] 
08:55:41.225106 - SCRIPT MANAGER: Getting script for [application: 'accessibility_probe' (0x76499825b380)]  [label: 'Background calls 0' (0x76499816f980)] 
08:55:41.225429 - SCRIPT MANAGER: Script is app script accessibility_probe (module=orca.scripts.default)
08:55:41.225464 - EVENT MANAGER: Script for event is accessibility_probe (module=orca.scripts.default)
08:55:41.226446 - EVENT MANAGER: Change active script: False (No reason found to activate a different script.)
08:55:41.226470 - EVENT MANAGER: Processing object:announcement: script handles events when inactive
08:55:41.226560 - GSETTINGS SCHEMA HANDLE: speech/enable not set [app:org.gnome.Terminal, profile:default]
08:55:41.226576 - GSETTINGS REGISTRY: speech/enable using default value = True
08:55:41.226618 - GSETTINGS SCHEMA HANDLE: speech/messages-are-detailed not set [app:org.gnome.Terminal, profile:default]
08:55:41.226631 - GSETTINGS REGISTRY: speech/messages-are-detailed using default value = True
08:55:41.226665 - GSETTINGS SCHEMA HANDLE: speech/only-speak-displayed-text not set [app:org.gnome.Terminal, profile:default]
08:55:41.226678 - GSETTINGS REGISTRY: speech/only-speak-displayed-text using default value = False
08:55:41.226717 - GSETTINGS SCHEMA HANDLE: voice/established not set [app:org.gnome.Terminal, profile:default]
08:55:41.226753 - GSETTINGS SCHEMA HANDLE: voice/rate not set [app:org.gnome.Terminal, profile:default]
08:55:41.226787 - GSETTINGS SCHEMA HANDLE: voice/pitch not set [app:org.gnome.Terminal, profile:default]
08:55:41.226821 - GSETTINGS SCHEMA HANDLE: voice/volume not set [app:org.gnome.Terminal, profile:default]
08:55:41.226858 - GSETTINGS SCHEMA HANDLE: voice/family-name not set [app:org.gnome.Terminal, profile:default]
08:55:41.226891 - GSETTINGS SCHEMA HANDLE: voice/family-lang not set [app:org.gnome.Terminal, profile:default]
08:55:41.226923 - GSETTINGS SCHEMA HANDLE: voice/family-dialect not set [app:org.gnome.Terminal, profile:default]
08:55:41.226956 - GSETTINGS SCHEMA HANDLE: voice/family-gender not set [app:org.gnome.Terminal, profile:default]
08:55:41.226994 - GSETTINGS SCHEMA HANDLE: voice/family-variant not set [app:org.gnome.Terminal, profile:default]
08:55:41.227166 - GSETTINGS SCHEMA HANDLE: speech/punctuation-level not set [app:org.gnome.Terminal, profile:default]
08:55:41.227178 - GSETTINGS REGISTRY: speech/punctuation-level using default value = 'most'
08:55:41.227231 - SPEECH PRESENTER: Adjusting 'Background calls 0' from None start_offset: None
08:55:41.227249 - GSETTINGS SCHEMA HANDLE: speech/repeated-character-limit not set [app:org.gnome.Terminal, profile:default]
08:55:41.227254 - GSETTINGS REGISTRY: speech/repeated-character-limit using default value = 4
08:55:41.227272 - GSETTINGS SCHEMA HANDLE: speech/use-pronunciation-dictionary not set [app:org.gnome.Terminal, profile:default]
08:55:41.227276 - GSETTINGS REGISTRY: speech/use-pronunciation-dictionary using default value = True
08:55:41.227286 - SPEECH PRESENTER: Adjusted text: 'Background calls 0'
08:55:41.227291 - SPEECH: Speak 'Background calls 0' acss: {'established': False}
08:55:41.227296 - SPEECH OUTPUT: 'Background calls 0' {'established': False}
08:55:41.227300 - SPEECH DISPATCHER: Speaking 'Background calls 0' as string
08:55:41.227456 - SPEECH DISPATCHER: Speaking '<speak><mark name="0:10"/>Background <mark name="11:16"/>calls <mark name="17:18"/>0</speak>' 
                  ORCA rate 50.0, pitch 5.0, volume 10.0, language C, punctuation: SOME
                  SD rate 2, pitch 10, volume 100, language c
08:55:41.227784 - SPEECH MANAGER: Speech server is <orca.speechdispatcherfactory.SpeechServer object at 0x764998af96a0>
08:55:41.227809 - GSETTINGS SCHEMA HANDLE: speech/capitalization-style not set [app:org.gnome.Terminal, profile:default]
08:55:41.227814 - GSETTINGS REGISTRY: speech/capitalization-style using default value = 'none'
08:55:41.228108 - SPEECH MANAGER: Speech server is <orca.speechdispatcherfactory.SpeechServer object at 0x764998af96a0>
08:55:41.228126 - GSETTINGS SCHEMA HANDLE: speech/punctuation-level not set [app:org.gnome.Terminal, profile:default]
08:55:41.228130 - GSETTINGS REGISTRY: speech/punctuation-level using default value = 'most'
08:55:41.228167 - GSETTINGS SCHEMA HANDLE: braille/enabled not set [app:org.gnome.Terminal, profile:default]
08:55:41.228171 - GSETTINGS REGISTRY: braille/enabled using default value = True
08:55:41.228184 - GSETTINGS SCHEMA HANDLE: braille/flash-messages not set [app:org.gnome.Terminal, profile:default]
08:55:41.228187 - GSETTINGS REGISTRY: braille/flash-messages using default value = True
08:55:41.228198 - GSETTINGS SCHEMA HANDLE: braille/flash-messages-detailed not set [app:org.gnome.Terminal, profile:default]
08:55:41.228202 - GSETTINGS REGISTRY: braille/flash-messages-detailed using default value = True
08:55:41.228213 - GSETTINGS SCHEMA HANDLE: braille/enabled not set [app:org.gnome.Terminal, profile:default]
08:55:41.228217 - GSETTINGS REGISTRY: braille/enabled using default value = True
08:55:41.228228 - GSETTINGS SCHEMA HANDLE: braille/flash-messages-persistent not set [app:org.gnome.Terminal, profile:default]
08:55:41.228231 - GSETTINGS REGISTRY: braille/flash-messages-persistent using default value = False
08:55:41.228241 - GSETTINGS SCHEMA HANDLE: braille/flash-message-duration not set [app:org.gnome.Terminal, profile:default]
08:55:41.228245 - GSETTINGS REGISTRY: braille/flash-message-duration using default value = 5000
08:55:41.228250 - BRAILLE: Display message: 'Background calls 0' (flash_time: 5000)
08:55:41.228254 - BRAILLE: Initializing flash: Source ID: 0
08:55:41.228272 - BRAILLE: Not contracting 'Background calls 0' because contracted braille is not enabled.
08:55:41.228293 - BRAILLE: Refresh. Pan: True target: 0
08:55:41.228310 - GSETTINGS SCHEMA HANDLE: braille/enabled not set [app:org.gnome.Terminal, profile:default]
08:55:41.228314 - GSETTINGS REGISTRY: braille/enabled using default value = True
08:55:41.228339 - BRAILLE: Last text object: [terminal: 'Terminal' (0x76499816c740)]  (Caret: 121, Line: 61, Cell: 25)
08:55:41.228362 - BRAILLE: Current text object: None (Caret: 0, Line: 0). On same line: False
08:55:41.228368 - BRAILLE: Line 0: 'Background calls 0' focusOffset: 0 [[0, 18]]
08:55:41.228373 - BRAILLE: Current range: (0, 32). Target cell: 0
08:55:41.228380 - BRAILLE LINE:  'Background calls 0'
08:55:41.228384 -      VISIBLE:  'Background calls 0', cursor=0
08:55:41.228397 - BRAILLE: Enabling braille. BrlAPI running: False
08:55:41.228400 - BRAILLE: Need to initialize first.
08:55:41.228413 - BRAILLE: Initializing. Callback: input_event_manager.InputEventManager.process_braille_event
08:55:41.228417 - BRAILLE: BrlAPI connection already in progress.
TOTAL PROCESSING TIME: 0.0093
^^^^^ FINISHED PRIORITY-3 OBJECT EVENT OBJECT:ANNOUNCEMENT ^^^^^

08:55:41.228441 - WARNING: Braille initialization failed: BrlAPI connection unavailable.
08:55:41.228449 - BRAILLE: Scheduling BrlAPI retry in 2000 ms.
08:55:41.228508 - EVENT MANAGER: Dequeueing object:active-descendant-changed for [application: 'accessibility_probe' (0x764998261a00)]  in accessibility_probe (AccessKit) (0, 0, [frame: 'Reactive TUI App accessibility round 1' (0x764998126380)])
08:55:41.228541 - EVENT MANAGER: Dequeued object:active-descendant-changed for [application: 'accessibility_probe' (0x764998261a00)]  in accessibility_probe (AccessKit) (0, 0, [frame: 'Reactive TUI App accessibility round 1' (0x764998126380)]) priority: 3, counter: 33

vvvvv START PRIORITY-3 OBJECT EVENT OBJECT:ACTIVE-DESCENDANT-CHANGED (queue size: 50) vvvvv
08:55:41.230672 - EVENT SOURCE:
                  app='accessibility_probe (AccessKit )' name='accessibility_probe' role='application' axid='' id=0x764998261a00
                  description=''
                  help=''
                  locale=''
                  states=''
                  relations=''
                  actions=''
                  interfaces=''
                  attributes=''
                  text=''
                  path=[-1]
                  
                  EVENT ANY DATA:
                  name='Reactive TUI App accessibility round 1' role='frame' axid='' id=0x764998126380
                  description=''
                  help=''
                  locale=''
                  states='active, enabled, sensitive, showing, visible'
                  relations=''
                  actions=''
                  interfaces='Component'
                  attributes=''
                  text=''
                  path=[-1, 0]
                  
08:55:41.230705 - SCRIPT MANAGER: Active script is: org.gnome.Terminal (module=orca.scripts.terminal.script)
08:55:41.230728 - FOCUS MANAGER: Locus of focus is [terminal: 'Terminal' (0x76499816c740)] 
08:55:41.230755 - EVENT MANAGER: Getting script for event for [application: 'accessibility_probe' (0x764998261a00)]  [application: 'accessibility_probe' (0x764998261a00)] 
08:55:41.230772 - SCRIPT MANAGER: Getting script for [application: 'accessibility_probe' (0x764998261a00)]  [application: 'accessibility_probe' (0x764998261a00)] 
08:55:41.230897 - SCRIPT MANAGER: Script is app script accessibility_probe (module=orca.scripts.default)
08:55:41.230912 - EVENT MANAGER: Script for event is accessibility_probe (module=orca.scripts.default)
08:55:41.231423 - EVENT MANAGER: Change active script: False (No reason found to activate a different script.)
08:55:41.231432 - EVENT MANAGER: Processing object:active-descendant-changed: script handles events when inactive
08:55:41.231456 - AXUtilitiesEvent: Neither source nor child have focused state.
TOTAL PROCESSING TIME: 0.0029
^^^^^ FINISHED PRIORITY-3 OBJECT EVENT OBJECT:ACTIVE-DESCENDANT-CHANGED ^^^^^

08:55:41.231512 - EVENT MANAGER: Dequeueing object:state-changed:focused for [button: 'Account preferences accessible label' (0x76499816f1c0)]  in accessibility_probe (AccessKit) (1, 0, 0)
08:55:41.231547 - EVENT MANAGER: Dequeued object:state-changed:focused for [button: 'Account preferences accessible label' (0x764998157cc0)]  in accessibility_probe (AccessKit) (1, 0, 0) priority: 3, counter: 34

vvvvv START PRIORITY-3 OBJECT EVENT OBJECT:STATE-CHANGED:FOCUSED (queue size: 49) vvvvv
08:55:41.232118 - EVENT MANAGER: object:state-changed:focused for [button: 'Account preferences accessible label' (0x764998127d40)]  in accessibility_probe (AccessKit) (1, 0, 0) obsoleted by object:state-changed:focused for [button: 'Account preferences accessible label' (0x764998127d40)]  in accessibility_probe (AccessKit) (0, 0, 0) more recent event of same type for same object
TOTAL PROCESSING TIME: 0.0006
^^^^^ FINISHED PRIORITY-3 OBJECT EVENT OBJECT:STATE-CHANGED:FOCUSED ^^^^^

08:55:41.232168 - EVENT MANAGER: Dequeueing object:state-changed:focused for [table: 'Project members' (0x764998134a00)]  in accessibility_probe (AccessKit) (1, 0, 0)
08:55:41.232202 - EVENT MANAGER: Dequeued object:state-changed:focused for [table: 'Project members' (0x764998134a00)]  in accessibility_probe (AccessKit) (1, 0, 0) priority: 3, counter: 46

vvvvv START PRIORITY-3 OBJECT EVENT OBJECT:STATE-CHANGED:FOCUSED (queue size: 48) vvvvv
08:55:41.234214 - EVENT SOURCE:
                  app='accessibility_probe (AccessKit )' name='Project members' role='table' axid='' id=0x764998134a00
                  description=''
                  help=''
                  locale=''
                  states='enabled, focusable, sensitive, showing, visible'
                  relations=''
                  actions=''
                  interfaces='Component'
                  attributes=''
                  text=''
                  path=[-1, 0, 0]
                  
08:55:41.234240 - SCRIPT MANAGER: Active script is: org.gnome.Terminal (module=orca.scripts.terminal.script)
08:55:41.234260 - FOCUS MANAGER: Locus of focus is [terminal: 'Terminal' (0x76499816c740)] 
08:55:41.234287 - EVENT MANAGER: Getting script for event for [application: 'accessibility_probe' (0x764998261a00)]  [table: 'Project members' (0x764998134a00)] 
08:55:41.234305 - SCRIPT MANAGER: Getting script for [application: 'accessibility_probe' (0x764998261a00)]  [table: 'Project members' (0x764998134a00)] 
08:55:41.234451 - SCRIPT MANAGER: Script is app script accessibility_probe (module=orca.scripts.default)
08:55:41.234465 - EVENT MANAGER: Script for event is accessibility_probe (module=orca.scripts.default)
08:55:41.234910 - EVENT MANAGER: Change active script: True (Event source claimed focus.)
08:55:41.234939 - SCRIPT MANAGER: Deactivating org.gnome.Terminal (module=orca.scripts.terminal.script) reason: Event source claimed focus.
08:55:41.234963 - SCRIPT MANAGER: Setting active script to accessibility_probe (module=orca.scripts.default) reason: Event source claimed focus.
08:55:41.234979 - DEFAULT: Activating script for [application: 'accessibility_probe' (0x764998261a00)] 
08:55:41.235294 - SPEECH MANAGER: Speech server is <orca.speechdispatcherfactory.SpeechServer object at 0x764998af96a0>
08:55:41.235337 - GSETTINGS SCHEMA HANDLE: speech/punctuation-level not set [app:accessibility_probe, profile:default]
08:55:41.235343 - GSETTINGS REGISTRY: speech/punctuation-level using default value = 'most'
08:55:41.235661 - SPEECH MANAGER: Speech server is <orca.speechdispatcherfactory.SpeechServer object at 0x764998af96a0>
08:55:41.235683 - GSETTINGS SCHEMA HANDLE: speech/capitalization-style not set [app:accessibility_probe, profile:default]
08:55:41.235688 - GSETTINGS REGISTRY: speech/capitalization-style using default value = 'none'
08:55:41.236133 - SPEECH MANAGER: Speech server is <orca.speechdispatcherfactory.SpeechServer object at 0x764998af96a0>
08:55:41.236176 - GSETTINGS SCHEMA HANDLE: speech/synthesizer not set [app:accessibility_probe, profile:default]
08:55:41.236200 - SCRIPT MANAGER: Active script is: accessibility_probe (module=orca.scripts.default)
08:55:41.236205 - CARET NAVIGATOR: Commands suspended: False: script activation, no prior state
08:55:41.236223 - GSETTINGS SCHEMA HANDLE: keybindings/keyboard-layout not set [app:accessibility_probe, profile:default]
08:55:41.236228 - GSETTINGS REGISTRY: keybindings/keyboard-layout using default value = 'desktop'
08:55:41.236240 - GSETTINGS SCHEMA HANDLE: keybindings/desktop-modifier-keys not set [app:accessibility_probe, profile:default]
08:55:41.236245 - GSETTINGS REGISTRY: keybindings/desktop-modifier-keys using default value = ['Insert', 'KP_Insert']
08:55:41.236275 - SCRIPT MANAGER: Active script is: accessibility_probe (module=orca.scripts.default)
08:55:41.236282 - STRUCTURAL NAVIGATOR: Suspended: False: script activation, no prior state
08:55:41.236296 - GSETTINGS SCHEMA HANDLE: keybindings/keyboard-layout not set [app:accessibility_probe, profile:default]
08:55:41.236299 - GSETTINGS REGISTRY: keybindings/keyboard-layout using default value = 'desktop'
08:55:41.236309 - GSETTINGS SCHEMA HANDLE: keybindings/desktop-modifier-keys not set [app:accessibility_probe, profile:default]
08:55:41.236313 - GSETTINGS REGISTRY: keybindings/desktop-modifier-keys using default value = ['Insert', 'KP_Insert']
08:55:41.236348 - STRUCTURAL NAVIGATOR: Setting mode for accessibility_probe (module=orca.scripts.default) to NavigationMode.OFF
08:55:41.236361 - SCRIPT MANAGER: Active script is: accessibility_probe (module=orca.scripts.default)
08:55:41.236374 - GSETTINGS SCHEMA HANDLE: keybindings/keyboard-layout not set [app:accessibility_probe, profile:default]
08:55:41.236378 - GSETTINGS REGISTRY: keybindings/keyboard-layout using default value = 'desktop'
08:55:41.236387 - GSETTINGS SCHEMA HANDLE: keybindings/desktop-modifier-keys not set [app:accessibility_probe, profile:default]
08:55:41.236391 - GSETTINGS REGISTRY: keybindings/desktop-modifier-keys using default value = ['Insert', 'KP_Insert']
08:55:41.236422 - CARET NAVIGATOR: Setting enabled state for accessibility_probe (module=orca.scripts.default) to False
08:55:41.236435 - SCRIPT MANAGER: Active script is: accessibility_probe (module=orca.scripts.default)
08:55:41.236446 - GSETTINGS SCHEMA HANDLE: keybindings/keyboard-layout not set [app:accessibility_probe, profile:default]
08:55:41.236450 - GSETTINGS REGISTRY: keybindings/keyboard-layout using default value = 'desktop'
08:55:41.236459 - GSETTINGS SCHEMA HANDLE: keybindings/desktop-modifier-keys not set [app:accessibility_probe, profile:default]
08:55:41.236463 - GSETTINGS REGISTRY: keybindings/desktop-modifier-keys using default value = ['Insert', 'KP_Insert']
08:55:41.236473 - COMMAND MANAGER: Activating commands: activated accessibility_probe (module=orca.scripts.default)
08:55:41.236538 - GSETTINGS SCHEMA HANDLE: keybindings/entries no dict values set
08:55:41.236543 - GSETTINGS REGISTRY: keybindings/entries using default value = {}
08:55:41.236546 - COMMAND MANAGER: No user overrides to apply
08:55:41.236588 - GSETTINGS SCHEMA HANDLE: keybindings/keyboard-layout not set [app:accessibility_probe, profile:default]
08:55:41.236592 - GSETTINGS REGISTRY: keybindings/keyboard-layout using default value = 'desktop'
08:55:41.236602 - GSETTINGS SCHEMA HANDLE: keybindings/desktop-modifier-keys not set [app:accessibility_probe, profile:default]
08:55:41.236606 - GSETTINGS REGISTRY: keybindings/desktop-modifier-keys using default value = ['Insert', 'KP_Insert']

vvvvv COMMAND MANAGER: Grab diff: activated accessibility_probe (module=orca.scripts.default) (old: 77, new: 77) vvvvv
08:55:41.236623 -   No grab changes
^^^^^ COMMAND MANAGER: Diff completed in 0.0000s. Removed 0, added 0, transferred 0 ^^^^^

08:55:41.236643 - GSETTINGS SCHEMA HANDLE: speech/enable not set [app:accessibility_probe, profile:default]
08:55:41.236647 - GSETTINGS REGISTRY: speech/enable using default value = True
08:55:41.236650 - SPEECH MANAGER: Speech is enabled.
08:55:41.236679 - SPEECH MANAGER: start_speech. Script: None Event: None notify_user: False
08:55:41.236683 - SPEECH MANAGER: Initializing server
08:55:41.236687 - SPEECH MANAGER: Already initialized
08:55:41.236700 - GSETTINGS SCHEMA HANDLE: keybindings/keyboard-layout not set [app:accessibility_probe, profile:default]
08:55:41.236704 - GSETTINGS REGISTRY: keybindings/keyboard-layout using default value = 'desktop'
08:55:41.236708 - COMMAND MANAGER: Setting keyboard layout is_desktop to True.
08:55:41.236758 - GSETTINGS SCHEMA HANDLE: keybindings/entries no dict values set
08:55:41.236762 - GSETTINGS REGISTRY: keybindings/entries using default value = {}
08:55:41.236765 - COMMAND MANAGER: No user overrides to apply
08:55:41.236804 - GSETTINGS SCHEMA HANDLE: keybindings/keyboard-layout not set [app:accessibility_probe, profile:default]
08:55:41.236809 - GSETTINGS REGISTRY: keybindings/keyboard-layout using default value = 'desktop'
08:55:41.236819 - GSETTINGS SCHEMA HANDLE: keybindings/desktop-modifier-keys not set [app:accessibility_probe, profile:default]
08:55:41.236823 - GSETTINGS REGISTRY: keybindings/desktop-modifier-keys using default value = ['Insert', 'KP_Insert']

vvvvv COMMAND MANAGER: Grab diff: keyboard layout change (old: 77, new: 77) vvvvv
08:55:41.236835 -   No grab changes
^^^^^ COMMAND MANAGER: Diff completed in 0.0000s. Removed 0, added 0, transferred 0 ^^^^^

08:55:41.236842 - COMMAND MANAGER: Keyboard layout set to desktop.
08:55:41.236854 - GSETTINGS SCHEMA HANDLE: keybindings/keyboard-layout not set [app:accessibility_probe, profile:default]
08:55:41.236857 - GSETTINGS REGISTRY: keybindings/keyboard-layout using default value = 'desktop'
08:55:41.236866 - GSETTINGS SCHEMA HANDLE: keybindings/desktop-modifier-keys not set [app:accessibility_probe, profile:default]
08:55:41.236870 - GSETTINGS REGISTRY: keybindings/desktop-modifier-keys using default value = ['Insert', 'KP_Insert']
08:55:41.236878 - EVENT MANAGER: Processing object:state-changed:focused: script for event is active
08:55:41.236920 - DEFAULT: [table: 'Project members' (0x764998134a00)]  lacks focused state. Clearing cache.
08:55:41.236944 - AXObject: Clearing AT-SPI cache on [table: 'Project members' (0x764998134a00)]  Recursive: False.  Reason: Event detail1 does not match state.
08:55:41.237346 - DEFAULT: Clearing cache did not update state.
TOTAL PROCESSING TIME: 0.0052
^^^^^ FINISHED PRIORITY-3 OBJECT EVENT OBJECT:STATE-CHANGED:FOCUSED ^^^^^

08:55:41.237425 - EVENT MANAGER: Dequeueing object:state-changed:focused for [button: 'Account preferences accessible label' (0x76499816f680)]  in accessibility_probe (AccessKit) (0, 0, 0)
08:55:41.237462 - EVENT MANAGER: Dequeued object:state-changed:focused for [button: 'Account preferences accessible label' (0x76499816fd40)]  in accessibility_probe (AccessKit) (0, 0, 0) priority: 3, counter: 47

vvvvv START PRIORITY-3 OBJECT EVENT OBJECT:STATE-CHANGED:FOCUSED (queue size: 47) vvvvv
08:55:41.237963 - EVENT MANAGER: Ignoring defunct object: [button: 'Account preferences accessible label' (0x76499816ffc0)] 
TOTAL PROCESSING TIME: 0.0005
^^^^^ FINISHED PRIORITY-3 OBJECT EVENT OBJECT:STATE-CHANGED:FOCUSED ^^^^^

08:55:41.238380 - EVENT MANAGER: Dequeueing object:state-changed:focused for [table cell: 'Ada member' (0x76499816fd40)]  in accessibility_probe (AccessKit) (1, 0, 0)
08:55:41.238429 - EVENT MANAGER: Dequeued object:state-changed:focused for [table cell: 'Ada member' (0x76499816fd40)]  in accessibility_probe (AccessKit) (1, 0, 0) priority: 3, counter: 60

vvvvv START PRIORITY-3 OBJECT EVENT OBJECT:STATE-CHANGED:FOCUSED (queue size: 46) vvvvv
08:55:41.241807 - EVENT SOURCE:
                  app='accessibility_probe (AccessKit )' name='Ada member' role='table cell' axid='' id=0x76499816ef40
                  description=''
                  help=''
                  locale=''
                  states='enabled, focusable, focused, selectable, selected, sensitive, showing, visible'
                  relations=''
                  actions=''
                  interfaces='Component'
                  attributes=''
                  text=''
                  path=[-1, 0, 0, 1, 0]
                  
08:55:41.241856 - SCRIPT MANAGER: Active script is: accessibility_probe (module=orca.scripts.default)
08:55:41.241880 - FOCUS MANAGER: Locus of focus is [terminal: 'Terminal' (0x76499816c740)] 
08:55:41.241910 - EVENT MANAGER: Getting script for event for [application: 'accessibility_probe' (0x764998261a00)]  [table cell: 'Ada member' (0x764998127d40)] 
08:55:41.241927 - SCRIPT MANAGER: Getting script for [application: 'accessibility_probe' (0x764998261a00)]  [table cell: 'Ada member' (0x764998127d40)] 
08:55:41.242091 - SCRIPT MANAGER: Script is app script accessibility_probe (module=orca.scripts.default)
08:55:41.242106 - EVENT MANAGER: Script for event is accessibility_probe (module=orca.scripts.default)
08:55:41.242115 - EVENT MANAGER: Processing object:state-changed:focused: script for event is active
08:55:41.242972 - SCRIPT UTILITIES: [frame: 'Reactive TUI App accessibility round 1' (0x764998126380)]  is top-level object for: [table cell: 'Ada member' (0x76499824c680)] 
08:55:41.244100 - SCRIPT UTILITIES: [table cell: 'Ada member' (0x76499824c680)]  is in frame [frame: 'Reactive TUI App accessibility round 1' (0x764998126380)]  and dialog None
08:55:41.244148 - AXObject: Clearing AT-SPI cache on [frame: 'Reactive TUI App accessibility round 1' (0x764998126380)]  Recursive: False.  Reason: Checking if window can be the active window
08:55:41.245760 - AXUtilities: [frame: 'Reactive TUI App accessibility round 1' (0x764998126380)]  from [application: 'accessibility_probe' (0x764998261a00)]  can be active window
08:55:41.246352 - FOCUS MANAGER: Request to set locus of focus to [table cell: 'Ada member' (0x76499824c680)]  event_manager._dequeue_object_event:666 > event_manager._process_object_event:982 > default._on_focused_changed:1114 > focus_manager.set_locus_of_focus:271
08:55:41.246706 - AXObject: Clearing AT-SPI cache on [table cell: 'Ada member' (0x76499824c680)]  Recursive: True.  Reason: Setting locus of focus.
08:55:41.246743 - SCRIPT MANAGER: Active script is: accessibility_probe (module=orca.scripts.default)
08:55:41.248253 - FOCUS MANAGER: Changing locus of focus from [terminal: 'Terminal' (0x76499816c740)]  to [table cell: 'Ada member' (0x76499824c680)] . Notify: True
08:55:41.248864 - FOCUS MANAGER: Region of interest: [table cell: 'Ada member' (0x76499824c680)]  (0, 0)
08:55:41.249461 - FOCUS MANAGER: Switching object of interest from [terminal: 'Terminal' (0x76499816c740)]  to [table cell: 'Ada member' (0x76499824c680)] 
08:55:41.252716 - DOCUMENT PRESENTER: Updating mode for focus change. Old focus: [terminal: 'Terminal' (0x76499816c740)]  old doc: None New focus: [table cell: 'Ada member' (0x76499824c680)]  new doc: None
08:55:41.252740 - SCRIPT MANAGER: Active script is: accessibility_probe (module=orca.scripts.default)
08:55:41.252746 - CARET NAVIGATOR: Commands suspended: False: locus of focus no longer in document
08:55:41.252798 - GSETTINGS SCHEMA HANDLE: keybindings/keyboard-layout not set [app:accessibility_probe, profile:default]
08:55:41.252804 - GSETTINGS REGISTRY: keybindings/keyboard-layout using default value = 'desktop'
08:55:41.252822 - GSETTINGS SCHEMA HANDLE: keybindings/desktop-modifier-keys not set [app:accessibility_probe, profile:default]
08:55:41.252828 - GSETTINGS REGISTRY: keybindings/desktop-modifier-keys using default value = ['Insert', 'KP_Insert']
08:55:41.252859 - SCRIPT MANAGER: Active script is: accessibility_probe (module=orca.scripts.default)
08:55:41.252863 - STRUCTURAL NAVIGATOR: Suspended: False: locus of focus no longer in document
08:55:41.252877 - GSETTINGS SCHEMA HANDLE: keybindings/keyboard-layout not set [app:accessibility_probe, profile:default]
08:55:41.252881 - GSETTINGS REGISTRY: keybindings/keyboard-layout using default value = 'desktop'
08:55:41.252892 - GSETTINGS SCHEMA HANDLE: keybindings/desktop-modifier-keys not set [app:accessibility_probe, profile:default]
08:55:41.252896 - GSETTINGS REGISTRY: keybindings/desktop-modifier-keys using default value = ['Insert', 'KP_Insert']
08:55:41.252932 - STRUCTURAL NAVIGATOR: Setting mode for accessibility_probe (module=orca.scripts.default) to NavigationMode.OFF
08:55:41.252946 - SCRIPT MANAGER: Active script is: accessibility_probe (module=orca.scripts.default)
08:55:41.252960 - GSETTINGS SCHEMA HANDLE: keybindings/keyboard-layout not set [app:accessibility_probe, profile:default]
08:55:41.252963 - GSETTINGS REGISTRY: keybindings/keyboard-layout using default value = 'desktop'
08:55:41.252974 - GSETTINGS SCHEMA HANDLE: keybindings/desktop-modifier-keys not set [app:accessibility_probe, profile:default]
08:55:41.252981 - GSETTINGS REGISTRY: keybindings/desktop-modifier-keys using default value = ['Insert', 'KP_Insert']
08:55:41.253013 - CARET NAVIGATOR: Setting enabled state for accessibility_probe (module=orca.scripts.default) to False
08:55:41.253030 - SCRIPT MANAGER: Active script is: accessibility_probe (module=orca.scripts.default)
08:55:41.253042 - GSETTINGS SCHEMA HANDLE: keybindings/keyboard-layout not set [app:accessibility_probe, profile:default]
08:55:41.253045 - GSETTINGS REGISTRY: keybindings/keyboard-layout using default value = 'desktop'
08:55:41.253055 - GSETTINGS SCHEMA HANDLE: keybindings/desktop-modifier-keys not set [app:accessibility_probe, profile:default]
08:55:41.253058 - GSETTINGS REGISTRY: keybindings/desktop-modifier-keys using default value = ['Insert', 'KP_Insert']
08:55:41.253891 - SCRIPT UTILITIES: [frame: 'Reactive TUI App accessibility round 1' (0x764998126380)]  is top-level object for: [table cell: 'Ada member' (0x76499824c680)] 
08:55:41.253909 - FOCUS MANAGER: Request to set active window to [frame: 'Reactive TUI App accessibility round 1' (0x764998126380)] 
08:55:41.254698 - SCRIPT MANAGER: Getting script for [application: 'accessibility_probe' (0x764998261a00)]  [table cell: 'Ada member' (0x76499824c680)] 
08:55:41.254849 - SCRIPT MANAGER: Script is app script accessibility_probe (module=orca.scripts.default)
08:55:41.255701 - AXUtilitiesRelation: [terminal: 'Terminal' (0x76499816c740)]  is controlled by [table cell: 'Ada member' (0x76499824c680)] : False
08:55:41.255731 - AXUtilitiesRelation: [table cell: 'Ada member' (0x76499824c680)]  is controlled by [terminal: 'Terminal' (0x76499816c740)] : False
08:55:41.255736 - PRESENTATION MANAGER: Interrupting presentation
08:55:41.255766 - SPEECH MANAGER: interrupt_speech. Script: None Event: None notify_user: False
08:55:41.256194 - SPEECH MANAGER: Speech server is <orca.speechdispatcherfactory.SpeechServer object at 0x764998af96a0>
08:55:41.256232 - BRAILLE: Kill flash message presentation_manager.interrupt_if_needed_for_focus_change:100 > presentation_manager.interrupt_presentation:88 > braille_presenter.kill_flash:1829 > braille.kill_flash:2182
08:55:41.256617 - BRAILLE: Refresh. Pan: False target: 0
08:55:41.256658 - GSETTINGS SCHEMA HANDLE: braille/enabled not set [app:accessibility_probe, profile:default]
08:55:41.256664 - GSETTINGS REGISTRY: braille/enabled using default value = True
08:55:41.256684 - BRAILLE: Last text object: None (Caret: 0, Line: 0, Cell: 0)
08:55:41.256714 - BRAILLE: Current text object: [terminal: 'Terminal' (0x76499816c740)]  (Caret: 121, Line: 61). On same line: False
08:55:41.256872 - AXText: [terminal: 'Terminal' (0x76499816c740)]  reports 976 characters.
08:55:41.256929 - AXText: Text of [terminal: 'Terminal' (0x76499816c740)]  'Member                                                      \nAda member                                                  \nUnavailable member                                          \nBea member                                                  \n                                                            \n                                                            \n                                                            \n                                                            \n                                                            \n                                                            \n                                                            \n                                                            \n                                                            \n                                                            \n                                                            \n                                                            \n'
08:55:41.256946 - SCRIPT MANAGER: Active script is: accessibility_probe (module=orca.scripts.default)
08:55:41.256967 - AXHypertext: 0 hyperlinks found in [terminal: 'Terminal' (0x76499816c740)] 
08:55:41.257010 - AXText: [terminal: 'Terminal' (0x76499816c740)]  reports 0 selection(s).
08:55:41.257035 - BRAILLE: Line 0: 'Ada member                                                  ' focusOffset: 0 [[0, 4], [4, 36], [36, 60]]
08:55:41.257042 - BRAILLE: Cursor offset in line string is: 60
08:55:41.257050 - BRAILLE: Current range: (36, 68). Target cell: 0
08:55:41.257055 - BRAILLE LINE:  'Ada member                                                  '
08:55:41.257058 -      VISIBLE:  '                        ', cursor=25
08:55:41.257074 - BRAILLE: Enabling braille. BrlAPI running: False
08:55:41.257078 - BRAILLE: Need to initialize first.
08:55:41.257093 - BRAILLE: Initializing. Callback: input_event_manager.InputEventManager.process_braille_event
08:55:41.257110 - BRAILLE: WINDOWPATH= None
08:55:41.257123 - BRAILLE: XDG_VTNR= 1
08:55:41.257138 - BRAILLE: Attempting connection with BrlAPI.
08:55:41.257420 - FOCUS MANAGER: Active mode: focus-tracking Object of interest: [table cell: 'Ada member' (0x76499824c680)] 
08:55:41.257448 - GSETTINGS SCHEMA HANDLE: speech/enable not set [app:accessibility_probe, profile:default]
08:55:41.257453 - GSETTINGS REGISTRY: speech/enable using default value = True
08:55:41.257471 - GSETTINGS SCHEMA HANDLE: speech/verbosity-level not set [app:accessibility_probe, profile:default]
08:55:41.257475 - GSETTINGS REGISTRY: speech/verbosity-level using default value = 'verbose'
08:55:41.257490 - FOCUS MANAGER: Locus of focus is [table cell: 'Ada member' (0x76499824c680)] 
08:55:41.257504 - SCRIPT MANAGER: Active script is: accessibility_probe (module=orca.scripts.default)
08:55:41.257521 - GSETTINGS SCHEMA HANDLE: speech/only-speak-displayed-text not set [app:accessibility_probe, profile:default]
08:55:41.257525 - GSETTINGS REGISTRY: speech/only-speak-displayed-text using default value = False
08:55:41.257537 - GSETTINGS SCHEMA HANDLE: speech/speak-description not set [app:accessibility_probe, profile:default]
08:55:41.257541 - GSETTINGS REGISTRY: speech/speak-description using default value = True
08:55:41.257593 - BRAILLE: BrlAPI Connection is unavailable (ConnectionError): couldn't connect to b':0' with key b'keyfile:/etc/brlapi.key+polkit': connect: No such file or directory
                  (brlerrno 11, libcerrno 2, gaierrno 0)
                  Is BRLTTY really running?
08:55:41.257622 - GSETTINGS SCHEMA HANDLE: speech/speak-tutorial-messages not set [app:accessibility_probe, profile:default]
08:55:41.257641 - GSETTINGS REGISTRY: speech/speak-tutorial-messages using default value = True
08:55:41.257694 - GSETTINGS SCHEMA HANDLE: speech/speak-position-in-set not set [app:accessibility_probe, profile:default]
08:55:41.257698 - GSETTINGS REGISTRY: speech/speak-position-in-set using default value = False
08:55:41.257710 - GSETTINGS SCHEMA HANDLE: speech/speak-widget-mnemonic not set [app:accessibility_probe, profile:default]
08:55:41.257713 - GSETTINGS REGISTRY: speech/speak-widget-mnemonic using default value = True
08:55:41.257723 - GSETTINGS SCHEMA HANDLE: speech/speak-blank-lines not set [app:accessibility_probe, profile:default]
08:55:41.257727 - GSETTINGS REGISTRY: speech/speak-blank-lines using default value = True
08:55:41.257737 - GSETTINGS SCHEMA HANDLE: speech/speak-indentation-and-justification not set [app:accessibility_probe, profile:default]
08:55:41.257741 - GSETTINGS REGISTRY: speech/speak-indentation-and-justification using default value = False
08:55:41.257751 - GSETTINGS SCHEMA HANDLE: speech/announce-cell-headers not set [app:accessibility_probe, profile:default]
08:55:41.257754 - GSETTINGS REGISTRY: speech/announce-cell-headers using default value = True
08:55:41.257763 - GSETTINGS SCHEMA HANDLE: speech/announce-cell-coordinates not set [app:accessibility_probe, profile:default]
08:55:41.257767 - GSETTINGS REGISTRY: speech/announce-cell-coordinates using default value = True
08:55:41.257776 - GSETTINGS SCHEMA HANDLE: speech/announce-spreadsheet-cell-coordinates not set [app:accessibility_probe, profile:default]
08:55:41.257780 - GSETTINGS REGISTRY: speech/announce-spreadsheet-cell-coordinates using default value = True
08:55:41.257789 - GSETTINGS SCHEMA HANDLE: speech/announce-blockquote not set [app:accessibility_probe, profile:default]
08:55:41.257793 - GSETTINGS REGISTRY: speech/announce-blockquote using default value = True
08:55:41.257802 - GSETTINGS SCHEMA HANDLE: speech/announce-form not set [app:accessibility_probe, profile:default]
08:55:41.257807 - GSETTINGS REGISTRY: speech/announce-form using default value = True
08:55:41.257816 - GSETTINGS SCHEMA HANDLE: speech/announce-landmark not set [app:accessibility_probe, profile:default]
08:55:41.257819 - GSETTINGS REGISTRY: speech/announce-landmark using default value = True
08:55:41.257829 - GSETTINGS SCHEMA HANDLE: speech/announce-list not set [app:accessibility_probe, profile:default]
08:55:41.257832 - GSETTINGS REGISTRY: speech/announce-list using default value = True
08:55:41.257842 - GSETTINGS SCHEMA HANDLE: speech/announce-grouping not set [app:accessibility_probe, profile:default]
08:55:41.257845 - GSETTINGS REGISTRY: speech/announce-grouping using default value = True
08:55:41.257855 - GSETTINGS SCHEMA HANDLE: speech/announce-table not set [app:accessibility_probe, profile:default]
08:55:41.257858 - GSETTINGS REGISTRY: speech/announce-table using default value = True
08:55:41.259095 - GENERATOR: _get_functional_role: table-cell
08:55:41.259166 - SPEECH GENERATOR: speech_generator.SpeechGenerator._generate_table_cell_in_row for [table cell: 'Ada member' (0x76499824c680)]  args: {'formatType': 'unfocused', 'priorObj': "[terminal: 'Terminal' (0x76499816c740)] ", 'role': 'table-cell'}
08:55:41.262247 - AXTable: Couldn't find table-implementing ancestor for [table cell: 'Ada member' (0x76499824c680)] 
08:55:41.262456 - AXTable: Row and col index attributes for [table cell: 'Ada member' (0x76499824c680)] : None, None
08:55:41.262927 - AXTable: Updated attributes based on [table row (0x76499817d180)] : None None
08:55:41.263027 - SPEECH GENERATOR: speech_generator.SpeechGenerator._generate_table_cell for [table cell: 'Ada member' (0x76499824c680)]  args: {'formatType': 'unfocused', 'priorObj': "[terminal: 'Terminal' (0x76499816c740)] ", 'role': 'REAL_ROLE_TABLE_CELL'}
08:55:41.263067 - SPEECH GENERATOR: _generate_old_ancestors: []
08:55:41.263122 - AXUtilitiesObject: Looking for common ancestor of [terminal: 'Terminal' (0x76499816c740)]  and [table cell: 'Ada member' (0x76499824c680)] 
08:55:41.264219 - AXUtilitiesObject: Common ancestor of [terminal: 'Terminal' (0x76499816c740)]  and [table cell: 'Ada member' (0x76499824c680)]  is None
08:55:41.265651 - GENERATOR: _get_functional_role: table-row
08:55:41.265838 - AXUtilities: [table row (0x76499817d580)]  believed to be layout only: False, is selectable
08:55:41.267548 - GENERATOR: _get_functional_role: table
08:55:41.267844 - AXUtilitiesTable: [table: 'Project members' (0x764998134a00)]  is layout only: True (Doesn't support table interface.)
08:55:41.267866 - AXUtilities: [table: 'Project members' (0x764998134a00)]  believed to be layout only: True, is layout table
08:55:41.269249 - GENERATOR: _get_functional_role: frame
08:55:41.270342 - GENERATOR: _get_functional_role: application
08:55:41.270453 - SPEECH GENERATOR: speech_generator.SpeechGenerator._generate_table_row for [table row (0x76499817d580)]  args: {'ancestorOf': "[table cell: 'Ada member' (0x76499824c680)] ",
                   'count': '1',
                   'formatType': 'ancestor',
                   'leaving': 'None',
                   'priorObj': "[terminal: 'Terminal' (0x76499816c740)] ",
                   'role': 'table-row'}
08:55:41.270507 - GENERATOR: _generate_state_expanded: []
08:55:41.270523 - SPEECH GENERATOR: _generate_state_expanded: []
08:55:41.270536 - SPEECH GENERATOR: Results: []
08:55:41.270607 - SPEECH GENERATOR: speech_generator.SpeechGenerator._generate_frame for [frame: 'Reactive TUI App accessibility round 1' (0x764998126380)]  args: {'ancestorOf': "[table cell: 'Ada member' (0x76499824c680)] ",
                   'count': '1',
                   'formatType': 'ancestor',
                   'leaving': 'None',
                   'priorObj': "[terminal: 'Terminal' (0x76499816c740)] ",
                   'role': 'frame'}
08:55:41.270654 - AXUtilitiesRelation: [frame: 'Reactive TUI App accessibility round 1' (0x764998126380)]  is labelled by: []
08:55:41.270668 - GENERATOR: _generate_accessible_label: []
08:55:41.270684 - SPEECH GENERATOR: _generate_accessible_label: []
08:55:41.270707 - GENERATOR: _generate_accessible_name: [Reactive TUI App accessibility round 1]
08:55:41.270761 - GSETTINGS SCHEMA HANDLE: voice/established not set [app:accessibility_probe, profile:default]
08:55:41.270777 - GSETTINGS SCHEMA HANDLE: voice/rate not set [app:accessibility_probe, profile:default]
08:55:41.270789 - GSETTINGS SCHEMA HANDLE: voice/pitch not set [app:accessibility_probe, profile:default]
08:55:41.270800 - GSETTINGS SCHEMA HANDLE: voice/volume not set [app:accessibility_probe, profile:default]
08:55:41.270814 - GSETTINGS SCHEMA HANDLE: voice/family-name not set [app:accessibility_probe, profile:default]
08:55:41.270825 - GSETTINGS SCHEMA HANDLE: voice/family-lang not set [app:accessibility_probe, profile:default]
08:55:41.270835 - GSETTINGS SCHEMA HANDLE: voice/family-dialect not set [app:accessibility_probe, profile:default]
08:55:41.270844 - GSETTINGS SCHEMA HANDLE: voice/family-gender not set [app:accessibility_probe, profile:default]
08:55:41.270855 - GSETTINGS SCHEMA HANDLE: voice/family-variant not set [app:accessibility_probe, profile:default]
08:55:41.270884 - SPEECH GENERATOR: default voice requested for [frame: 'Reactive TUI App accessibility round 1' (0x764998126380)]  language='', dialect='' Unmodified voice={'established': False}
08:55:41.270909 - SPEECH GENERATOR: Reported locale of [frame: 'Reactive TUI App accessibility round 1' (0x764998126380)]  is 
08:55:41.270928 - SPEECH GENERATOR: Updated to: 'C', ''
08:55:41.270951 - GSETTINGS SCHEMA HANDLE: speech/auto-language-switching not set [app:accessibility_probe, profile:default]
08:55:41.270955 - GSETTINGS REGISTRY: speech/auto-language-switching using default value = True
08:55:41.270964 - SPEECH DISPATCHER: Returning cached result for language='C' dialect='' variant='None'
08:55:41.271001 - SPEECH GENERATOR: Family updated to {'dialect': '', 'lang': 'C', 'name': ''}
08:55:41.271043 - SPEECH GENERATOR: Final voice is {'established': 'False', 'family': "{'dialect': '', 'lang': 'C', 'name': ''}"}
08:55:41.271090 - SPEECH GENERATOR: _generate_accessible_name: [Reactive TUI App accessibility round 1, {'established': 'False', 'family': "{'dialect': '', 'lang': 'C', 'name': ''}"}]
08:55:41.271160 - GENERATOR: _generate_accessible_label_and_name: [Reactive TUI App accessibility round 1, {'established': 'False', 'family': "{'dialect': '', 'lang': 'C', 'name': ''}"}]
08:55:41.271182 - SPEECH PRESENTER: Adjusting 'Reactive TUI App accessibility round 1' from [frame: 'Reactive TUI App accessibility round 1' (0x764998126380)]  start_offset: None
08:55:41.271368 - GSETTINGS SCHEMA HANDLE: speech/speak-numbers-as-digits not set [app:accessibility_probe, profile:default]
08:55:41.271380 - GSETTINGS REGISTRY: speech/speak-numbers-as-digits using default value = False
08:55:41.271416 - GSETTINGS SCHEMA HANDLE: speech/repeated-character-limit not set [app:accessibility_probe, profile:default]
08:55:41.271421 - GSETTINGS REGISTRY: speech/repeated-character-limit using default value = 4
08:55:41.271897 - GSETTINGS SCHEMA HANDLE: speech/use-pronunciation-dictionary not set [app:accessibility_probe, profile:default]
08:55:41.271905 - GSETTINGS REGISTRY: speech/use-pronunciation-dictionary using default value = True
08:55:41.271928 - GSETTINGS SCHEMA HANDLE: pronunciations/entries no dict values set
08:55:41.271933 - GSETTINGS REGISTRY: pronunciations/entries using default value = {}
08:55:41.271940 - SPEECH PRESENTER: Adjusted text: 'Reactive TUI App accessibility round 1'
08:55:41.272001 - SPEECH GENERATOR: _generate_accessible_label_and_name: [Reactive TUI App accessibility round 1, {'established': 'False', 'family': "{'dialect': '', 'lang': 'C', 'name': ''}"}]
08:55:41.272053 - SPEECH GENERATOR: Results: [Reactive TUI App accessibility round 1, {'established': 'False', 'family': "{'dialect': '', 'lang': 'C', 'name': ''}"}]
08:55:41.272112 - SPEECH GENERATOR: _generate_new_ancestors: [[Reactive TUI App accessibility round 1, {'established': 'False', 'family': "{'dialect': '', 'lang': 'C', 'name': ''}"}], []]
08:55:41.274135 - AXTable: Couldn't find table-implementing ancestor for [table cell: 'Ada member' (0x76499824c680)] 
08:55:41.274174 - SPEECH GENERATOR: _generate_table_cell_row_header: []
08:55:41.277052 - AXTable: Couldn't find table-implementing ancestor for [table cell: 'Ada member' (0x76499824c680)] 
08:55:41.277102 - SPEECH GENERATOR: _generate_table_cell_column_header: []
08:55:41.277171 - GENERATOR: _generate_state_checked_for_cell: []
08:55:41.277582 - GENERATOR: _generate_text_substring: []
08:55:41.277617 - SPEECH GENERATOR: _generate_text_substring: []
08:55:41.277655 - GENERATOR: _generate_text_substring: []
08:55:41.277727 - GENERATOR: _generate_text_content: []
08:55:41.277757 - SPEECH GENERATOR: _generate_text_content: []
08:55:41.277783 - GENERATOR: _generate_real_active_descendant_displayed_text: []
08:55:41.277850 - AXUtilitiesRelation: [table cell: 'Ada member' (0x76499824c680)]  is labelled by: []
08:55:41.277880 - GENERATOR: _generate_accessible_label: []
08:55:41.277907 - SPEECH GENERATOR: _generate_accessible_label: []
08:55:41.277952 - GENERATOR: _generate_accessible_name: [Ada member]
08:55:41.278032 - GSETTINGS SCHEMA HANDLE: voice/established not set [app:accessibility_probe, profile:default]
08:55:41.278072 - GSETTINGS SCHEMA HANDLE: voice/rate not set [app:accessibility_probe, profile:default]
08:55:41.278107 - GSETTINGS SCHEMA HANDLE: voice/pitch not set [app:accessibility_probe, profile:default]
08:55:41.278140 - GSETTINGS SCHEMA HANDLE: voice/volume not set [app:accessibility_probe, profile:default]
08:55:41.278175 - GSETTINGS SCHEMA HANDLE: voice/family-name not set [app:accessibility_probe, profile:default]
08:55:41.278207 - GSETTINGS SCHEMA HANDLE: voice/family-lang not set [app:accessibility_probe, profile:default]
08:55:41.278239 - GSETTINGS SCHEMA HANDLE: voice/family-dialect not set [app:accessibility_probe, profile:default]
08:55:41.278270 - GSETTINGS SCHEMA HANDLE: voice/family-gender not set [app:accessibility_probe, profile:default]
08:55:41.278301 - GSETTINGS SCHEMA HANDLE: voice/family-variant not set [app:accessibility_probe, profile:default]
08:55:41.278358 - SPEECH GENERATOR: default voice requested for [table cell: 'Ada member' (0x76499824c680)]  language='', dialect='' Unmodified voice={'established': False}
08:55:41.278410 - SPEECH GENERATOR: Reported locale of [table cell: 'Ada member' (0x76499824c680)]  is 
08:55:41.278436 - SPEECH GENERATOR: Updated to: 'C', ''
08:55:41.278482 - GSETTINGS SCHEMA HANDLE: speech/auto-language-switching not set [app:accessibility_probe, profile:default]
08:55:41.278495 - GSETTINGS REGISTRY: speech/auto-language-switching using default value = True
08:55:41.278513 - SPEECH DISPATCHER: Returning cached result for language='C' dialect='' variant='None'
08:55:41.278582 - SPEECH GENERATOR: Family updated to {'dialect': '', 'lang': 'C', 'name': ''}
08:55:41.278665 - SPEECH GENERATOR: Final voice is {'established': 'False', 'family': "{'dialect': '', 'lang': 'C', 'name': ''}"}
08:55:41.278757 - SPEECH GENERATOR: _generate_accessible_name: [Ada member, {'established': 'False', 'family': "{'dialect': '', 'lang': 'C', 'name': ''}"}]
08:55:41.278863 - GENERATOR: _generate_accessible_label_and_name: [Ada member, {'established': 'False', 'family': "{'dialect': '', 'lang': 'C', 'name': ''}"}]
08:55:41.278908 - SPEECH PRESENTER: Adjusting 'Ada member' from [table cell: 'Ada member' (0x76499824c680)]  start_offset: None
08:55:41.279374 - GSETTINGS SCHEMA HANDLE: speech/speak-numbers-as-digits not set [app:accessibility_probe, profile:default]
08:55:41.279393 - GSETTINGS REGISTRY: speech/speak-numbers-as-digits using default value = False
08:55:41.279452 - GSETTINGS SCHEMA HANDLE: speech/repeated-character-limit not set [app:accessibility_probe, profile:default]
08:55:41.279465 - GSETTINGS REGISTRY: speech/repeated-character-limit using default value = 4
08:55:41.282684 - GSETTINGS SCHEMA HANDLE: speech/use-pronunciation-dictionary not set [app:accessibility_probe, profile:default]
08:55:41.282717 - GSETTINGS REGISTRY: speech/use-pronunciation-dictionary using default value = True
08:55:41.282742 - SPEECH PRESENTER: Adjusted text: 'Ada member'
08:55:41.282856 - SPEECH GENERATOR: _generate_accessible_label_and_name: [Ada member, {'established': 'False', 'family': "{'dialect': '', 'lang': 'C', 'name': ''}"}]
08:55:41.282955 - GENERATOR: _generate_state_expanded: []
08:55:41.282995 - SPEECH GENERATOR: _generate_state_expanded: []
08:55:41.284615 - SPEECH GENERATOR: _generate_number_of_children: []
08:55:41.284712 - GENERATOR: _generate_state_required: []
08:55:41.284751 - SPEECH GENERATOR: _generate_state_required: []
08:55:41.284812 - GSETTINGS SCHEMA HANDLE: speech/insert-pauses-between-utterances not set [app:accessibility_probe, profile:default]
08:55:41.284829 - GSETTINGS REGISTRY: speech/insert-pauses-between-utterances using default value = True
08:55:41.284874 - GSETTINGS SCHEMA HANDLE: speech/punctuation-level not set [app:accessibility_probe, profile:default]
08:55:41.284889 - GSETTINGS REGISTRY: speech/punctuation-level using default value = 'most'
08:55:41.284945 - GENERATOR: _generate_state_invalid: []
08:55:41.284986 - SPEECH GENERATOR: _generate_state_invalid: []
08:55:41.285040 - GENERATOR: _generate_state_sensitive: []
08:55:41.285070 - SPEECH GENERATOR: _generate_state_sensitive: []
08:55:41.287196 - GENERATOR: _generate_tree_item_level: []
08:55:41.287248 - SPEECH GENERATOR: _generate_tree_item_level: []
08:55:41.287317 - SPEECH GENERATOR: _generate_state_unselected: []
08:55:41.287377 - GENERATOR: _generate_state_current: []
08:55:41.287409 - SPEECH GENERATOR: _generate_state_current: []
08:55:41.287443 - SPEECH GENERATOR: _generate_has_click_action: []
08:55:41.287474 - SPEECH GENERATOR: _generate_has_details: []
08:55:41.287504 - SPEECH GENERATOR: _generate_details_for: []
08:55:41.288065 - AXUtilitiesRelation: [table cell: 'Ada member' (0x76499824c680)]  is described by: []
08:55:41.288100 - GENERATOR: _generate_accessible_description: []
08:55:41.288116 - SPEECH GENERATOR: _generate_accessible_description: []
08:55:41.288157 - SPEECH GENERATOR: _generate_state_has_popup: []
08:55:41.290582 - SPEECH GENERATOR: _generate_tutorial: []
08:55:41.290800 - SPEECH GENERATOR: Results: [[Reactive TUI App accessibility round 1, {'established': 'False', 'family': "{'dialect': '', 'lang': 'C', 'name': ''}"}], [], Ada member, {'established': 'False', 'family': "{'dialect': '', 'lang': 'C', 'name': ''}"}, PAUSE]
08:55:41.290985 - GENERATOR: _generate_real_table_cell: [[Reactive TUI App accessibility round 1, {'established': 'False', 'family': "{'dialect': '', 'lang': 'C', 'name': ''}"}], [], Ada member, {'established': 'False', 'family': "{'dialect': '', 'lang': 'C', 'name': ''}"}, PAUSE]
08:55:41.291486 - SPEECH GENERATOR: _generate_real_table_cell: [[Reactive TUI App accessibility round 1, {'established': 'False', 'family': "{'dialect': '', 'lang': 'C', 'name': ''}"}], [], Ada member, {'established': 'False', 'family': "{'dialect': '', 'lang': 'C', 'name': ''}"}, PAUSE]
08:55:41.291661 - GENERATOR: _generate_table_cell_row: [[Reactive TUI App accessibility round 1, {'established': 'False', 'family': "{'dialect': '', 'lang': 'C', 'name': ''}"}], [], Ada member, {'established': 'False', 'family': "{'dialect': '', 'lang': 'C', 'name': ''}"}, PAUSE]
08:55:41.291890 - SPEECH GENERATOR: Results: [[Reactive TUI App accessibility round 1, {'established': 'False', 'family': "{'dialect': '', 'lang': 'C', 'name': ''}"}], [], Ada member, {'established': 'False', 'family': "{'dialect': '', 'lang': 'C', 'name': ''}"}, PAUSE]
08:55:41.292093 - SPEECH: Speak [[Reactive TUI App accessibility round 1, {'established': 'False', 'family': "{'dialect': '', 'lang': 'C', 'name': ''}"}], [], Ada member, {'established': 'False', 'family': "{'dialect': '', 'lang': 'C', 'name': ''}"}, PAUSE], acss: None
08:55:41.292129 - SPEECH OUTPUT: 'Reactive TUI App accessibility round 1' {'established': False, 'family': {'name': '', 'gender': None, 'lang': 'C', 'dialect': '', 'variant': None}}
08:55:41.292143 - SPEECH DISPATCHER: Speaking 'Reactive TUI App accessibility round 1' as string
08:55:41.292507 - SPEECH DISPATCHER: Speaking '<speak><mark name="0:8"/>Reactive <mark name="9:12"/>TUI <mark name="13:16"/>App <mark name="17:30"/>accessibility <mark name="31:36"/>round <mark name="37:38"/>1</speak>' 
                  ORCA rate 50.0, pitch 5.0, volume 10.0, language C, punctuation: MOST
                  SD rate 2, pitch 10, volume 100, language c
08:55:41.292673 - SPEECH OUTPUT: 'Ada member.' {'established': False, 'family': {'name': '', 'gender': None, 'lang': 'C', 'dialect': '', 'variant': None}}
08:55:41.292689 - SPEECH DISPATCHER: Speaking 'Ada member.' as string
08:55:41.292903 - SPEECH DISPATCHER: Speaking '<speak><mark name="0:3"/>Ada <mark name="4:11"/>member.</speak>' 
                  ORCA rate 50.0, pitch 5.0, volume 10.0, language C, punctuation: MOST
                  SD rate 2, pitch 10, volume 100, language c
08:55:41.295334 - GSETTINGS SCHEMA HANDLE: braille/enabled not set [app:accessibility_probe, profile:default]
08:55:41.295354 - GSETTINGS REGISTRY: braille/enabled using default value = True
08:55:41.295411 - FOCUS MANAGER: Active mode: focus-tracking Object of interest: [table cell: 'Ada member' (0x76499824c680)] 
08:55:41.295450 - GSETTINGS SCHEMA HANDLE: braille/enabled not set [app:accessibility_probe, profile:default]
08:55:41.295464 - GSETTINGS REGISTRY: braille/enabled using default value = True
08:55:41.295502 - GSETTINGS SCHEMA HANDLE: braille/verbosity-level not set [app:accessibility_probe, profile:default]
08:55:41.295515 - GSETTINGS REGISTRY: braille/verbosity-level using default value = 'verbose'
08:55:41.295549 - FOCUS MANAGER: Locus of focus is [table cell: 'Ada member' (0x76499824c680)] 
08:55:41.295584 - SCRIPT MANAGER: Active script is: accessibility_probe (module=orca.scripts.default)
08:55:41.295625 - GSETTINGS SCHEMA HANDLE: braille/rolename-style not set [app:accessibility_probe, profile:default]
08:55:41.295638 - GSETTINGS REGISTRY: braille/rolename-style using default value = 'verbose'
08:55:41.295696 - GSETTINGS SCHEMA HANDLE: braille/display-ancestors not set [app:accessibility_probe, profile:default]
08:55:41.295710 - GSETTINGS REGISTRY: braille/display-ancestors using default value = True
08:55:41.295743 - GSETTINGS SCHEMA HANDLE: braille/end-of-line-indicator not set [app:accessibility_probe, profile:default]
08:55:41.295755 - GSETTINGS REGISTRY: braille/end-of-line-indicator using default value = True
08:55:41.295785 - GSETTINGS SCHEMA HANDLE: braille/present-mnemonics not set [app:accessibility_probe, profile:default]
08:55:41.295797 - GSETTINGS REGISTRY: braille/present-mnemonics using default value = True
08:55:41.298561 - GENERATOR: _get_functional_role: table-cell
08:55:41.298685 - BRAILLE GENERATOR: braille_generator.BrailleGenerator._generate_table_cell_in_row for [table cell: 'Ada member' (0x76499824c680)]  args: {'formatType': 'focused', 'priorObj': "[terminal: 'Terminal' (0x76499816c740)] ", 'role': 'table-cell'}
08:55:41.298729 - GENERATOR: _generate_text_substring: []
08:55:41.305217 - AXTable: Couldn't find table-implementing ancestor for [table cell: 'Ada member' (0x76499824c680)] 
08:55:41.305286 - GENERATOR: _generate_table_cell_row_header: []
08:55:41.312201 - AXTable: Couldn't find table-implementing ancestor for [table cell: 'Ada member' (0x76499824c680)] 
08:55:41.312267 - GENERATOR: _generate_table_cell_column_header: []
08:55:41.314917 - AXTable: Couldn't find table-implementing ancestor for [table cell: 'Ada member' (0x76499824c680)] 
08:55:41.315030 - BRAILLE GENERATOR: braille_generator.BrailleGenerator._generate_table_cell for [table cell: 'Ada member' (0x76499824c680)]  args: {'formatType': 'focused', 'includeContext': 'False', 'priorObj': "[terminal: 'Terminal' (0x76499816c740)] ", 'role': 'REAL_ROLE_TABLE_CELL'}
08:55:41.315057 - GENERATOR: _generate_tree_item_level: []
08:55:41.315075 - GENERATOR: _generate_text_substring: []
08:55:41.315108 - GENERATOR: _generate_state_checked_for_cell: []
08:55:41.315134 - GENERATOR: _generate_column_header_if_toggle_and_no_text: []
08:55:41.315320 - GENERATOR: _generate_text_content: []
08:55:41.315335 - GENERATOR: _generate_real_active_descendant_displayed_text: []
08:55:41.315367 - AXUtilitiesRelation: [table cell: 'Ada member' (0x76499824c680)]  is labelled by: []
08:55:41.315380 - GENERATOR: _generate_accessible_label: []
08:55:41.315401 - GENERATOR: _generate_accessible_name: [Ada member]
08:55:41.315420 - GENERATOR: _generate_accessible_label_and_name: [Ada member]
08:55:41.315451 - GENERATOR: _generate_state_expanded: []
08:55:41.315461 - BRAILLE: Not contracting 'Ada member' because contracted braille is not enabled.
08:55:41.315481 - GENERATOR: _generate_accessible_description: []
08:55:41.315500 - GENERATOR: _generate_state_current: []
08:55:41.315520 - BRAILLE GENERATOR: Results: [COMPONENT: 'Ada member', cursor offset:0]
08:55:41.315538 - GENERATOR: _generate_real_table_cell: [COMPONENT: 'Ada member', cursor offset:0]
08:55:41.315554 - GENERATOR: _generate_table_cell_row: [COMPONENT: 'Ada member', cursor offset:0]
08:55:41.315572 - BRAILLE GENERATOR: Results: [COMPONENT: 'Ada member', cursor offset:0]
08:55:41.315603 - BRAILLE: Refresh. Pan: True target: 0
08:55:41.315608 - BRAILLE: Kill flash message braille.display_line:1618 > braille.refresh:2097 > braille._prepare_refresh:1856 > braille.kill_flash:2182
08:55:41.316100 - GSETTINGS SCHEMA HANDLE: braille/enabled not set [app:accessibility_probe, profile:default]
08:55:41.316110 - GSETTINGS REGISTRY: braille/enabled using default value = True
08:55:41.316134 - BRAILLE: Last text object: [terminal: 'Terminal' (0x76499816c740)]  (Caret: 121, Line: 61, Cell: 25)
08:55:41.316159 - BRAILLE: Current text object: None (Caret: 0, Line: 0). On same line: False
08:55:41.316167 - BRAILLE: Line 0: 'Ada member' focusOffset: 0 [[0, 10]]
08:55:41.316171 - BRAILLE: Cursor offset in line string is: 0
08:55:41.316177 - BRAILLE: Not adjusting offset 0. Cursor offset fits on display.
08:55:41.316182 - BRAILLE: Current range: (0, 32). Target cell: 0
08:55:41.316188 - BRAILLE LINE:  'Ada member'
08:55:41.316192 -      VISIBLE:  'Ada member', cursor=1
08:55:41.316207 - BRAILLE: Enabling braille. BrlAPI running: False
08:55:41.316210 - BRAILLE: Need to initialize first.
08:55:41.316224 - BRAILLE: Initializing. Callback: input_event_manager.InputEventManager.process_braille_event
08:55:41.316228 - BRAILLE: BrlAPI connection already in progress.
08:55:41.317872 - AXTable: Couldn't find table-implementing ancestor for [table cell: 'Ada member' (0x76499824c680)] 
08:55:41.317907 - AXTable: Setting last cell coordinates to row=-1, column=-1
08:55:41.317961 - FOCUS MANAGER: Setting last cursor position to [table cell: 'Ada member' (0x76499824c680)]  -1
08:55:41.318138 - FOCUS MANAGER: Active window is [frame: 'Reactive TUI App accessibility round 1' (0x764998126380)]  focus_manager.set_locus_of_focus:327 > focus_manager._save_object_details:254 > ax_utilities_event.save_object_info_for_events:195 > focus_manager.get_active_window:342
TOTAL PROCESSING TIME: 0.0807
^^^^^ FINISHED PRIORITY-3 OBJECT EVENT OBJECT:STATE-CHANGED:FOCUSED ^^^^^

08:55:41.319242 - GSETTINGS SCHEMA HANDLE: keybindings/keyboard-layout not set [app:accessibility_probe, profile:default]
08:55:41.319257 - GSETTINGS REGISTRY: keybindings/keyboard-layout using default value = 'desktop'
08:55:41.319274 - GSETTINGS SCHEMA HANDLE: keybindings/desktop-modifier-keys not set [app:accessibility_probe, profile:default]
08:55:41.319279 - GSETTINGS REGISTRY: keybindings/desktop-modifier-keys using default value = ['Insert', 'KP_Insert']
08:55:41.319304 - FOCUS MANAGER: Active window is [frame: 'Reactive TUI App accessibility round 1' (0x764998126380)]  <unknown>.<module>:373 > input_event_manager._on_key_pressed:261 > input_event_manager.process_keyboard_event:297 > focus_manager.get_active_window:342
08:55:41.319547 - AXObject: Clearing AT-SPI cache on [frame: 'Reactive TUI App accessibility round 1' (0x764998126380)]  Recursive: False.  Reason: Checking if window can be the active window
08:55:41.321098 - AXUtilities: [frame: 'Reactive TUI App accessibility round 1' (0x764998126380)]  from [application: 'accessibility_probe' (0x764998261a00)]  can be active window
08:55:41.321289 - FOCUS MANAGER: Locus of focus is [table cell: 'Ada member' (0x76499824c680)] 
08:55:41.321437 - SCRIPT MANAGER: Active script is: accessibility_probe (module=orca.scripts.default)
08:55:41.321623 - GSETTINGS SCHEMA HANDLE: keybindings/keyboard-layout not set [app:accessibility_probe, profile:default]
08:55:41.321632 - GSETTINGS REGISTRY: keybindings/keyboard-layout using default value = 'desktop'
08:55:41.321646 - GSETTINGS SCHEMA HANDLE: keybindings/desktop-modifier-keys not set [app:accessibility_probe, profile:default]
08:55:41.321652 - GSETTINGS REGISTRY: keybindings/desktop-modifier-keys using default value = ['Insert', 'KP_Insert']

KEYBOARD_EVENT:  type=ATSPI_KEY_PRESSED_EVENT
                 id=65364
                 hw_code=116
                 modifiers=0
                 text=''
                 keyval_name='Down'
                 timestamp=1789044941.3191926
                 clickCount=1

vvvvv PROCESS ATSPI_KEY_PRESSED_EVENT: 'Down' (116) vvvvv
08:55:41.321697 - SCRIPT: accessibility_probe (module=orca.scripts.default)
08:55:41.321713 - WINDOW: [frame: 'Reactive TUI App accessibility round 1' (0x764998126380)] 
08:55:41.321726 - LOCATION: [table cell: 'Ada member' (0x76499824c680)] 
08:55:41.321757 - GSETTINGS SCHEMA HANDLE: keybindings/keyboard-layout not set [app:accessibility_probe, profile:default]
08:55:41.321763 - GSETTINGS REGISTRY: keybindings/keyboard-layout using default value = 'desktop'
08:55:41.321775 - GSETTINGS SCHEMA HANDLE: keybindings/desktop-modifier-keys not set [app:accessibility_probe, profile:default]
08:55:41.321779 - GSETTINGS REGISTRY: keybindings/desktop-modifier-keys using default value = ['Insert', 'KP_Insert']
08:55:41.321787 - PRESENTATION MANAGER: Interrupting presentation
08:55:41.321818 - SPEECH MANAGER: interrupt_speech. Script: None Event: None notify_user: False
08:55:41.322136 - SPEECH MANAGER: Speech server is <orca.speechdispatcherfactory.SpeechServer object at 0x764998af96a0>
08:55:41.322171 - BRAILLE: Kill flash message input_event._present:603 > presentation_manager.interrupt_presentation:88 > braille_presenter.kill_flash:1829 > braille.kill_flash:2182
08:55:41.322496 - TYPING ECHO PRESENTER: should_echo_keyboard_event: 'down'?
08:55:41.322524 - GSETTINGS SCHEMA HANDLE: keybindings/keyboard-layout not set [app:accessibility_probe, profile:default]
08:55:41.322530 - GSETTINGS REGISTRY: keybindings/keyboard-layout using default value = 'desktop'
08:55:41.322543 - GSETTINGS SCHEMA HANDLE: keybindings/desktop-modifier-keys not set [app:accessibility_probe, profile:default]
08:55:41.322548 - GSETTINGS REGISTRY: keybindings/desktop-modifier-keys using default value = ['Insert', 'KP_Insert']
08:55:41.322564 - GSETTINGS SCHEMA HANDLE: typing-echo/character-echo not set [app:accessibility_probe, profile:default]
08:55:41.322568 - GSETTINGS REGISTRY: typing-echo/character-echo using default value = False
08:55:41.322580 - GSETTINGS SCHEMA HANDLE: keybindings/keyboard-layout not set [app:accessibility_probe, profile:default]
08:55:41.322584 - GSETTINGS REGISTRY: keybindings/keyboard-layout using default value = 'desktop'
08:55:41.322593 - GSETTINGS SCHEMA HANDLE: keybindings/desktop-modifier-keys not set [app:accessibility_probe, profile:default]
08:55:41.322596 - GSETTINGS REGISTRY: keybindings/desktop-modifier-keys using default value = ['Insert', 'KP_Insert']
08:55:41.322611 - GSETTINGS SCHEMA HANDLE: typing-echo/key-echo not set [app:accessibility_probe, profile:default]
08:55:41.322615 - GSETTINGS REGISTRY: typing-echo/key-echo using default value = True
08:55:41.322634 - GSETTINGS SCHEMA HANDLE: typing-echo/navigation-keys not set [app:accessibility_probe, profile:default]
08:55:41.322638 - GSETTINGS REGISTRY: typing-echo/navigation-keys using default value = False
08:55:41.322642 - TYPING ECHO PRESENTER: Echoing navigation keyboard event: False.
08:55:41.322648 - TOTAL PROCESSING TIME: 0.0010
^^^^^ PROCESS ATSPI_KEY_PRESSED_EVENT: 'Down' (116) ^^^^^

08:55:41.322673 - GSETTINGS SCHEMA HANDLE: keybindings/keyboard-layout not set [app:accessibility_probe, profile:default]
08:55:41.322677 - GSETTINGS REGISTRY: keybindings/keyboard-layout using default value = 'desktop'
08:55:41.322687 - GSETTINGS SCHEMA HANDLE: keybindings/desktop-modifier-keys not set [app:accessibility_probe, profile:default]
08:55:41.322690 - GSETTINGS REGISTRY: keybindings/desktop-modifier-keys using default value = ['Insert', 'KP_Insert']
08:55:41.322759 - GSETTINGS SCHEMA HANDLE: keybindings/keyboard-layout not set [app:accessibility_probe, profile:default]
08:55:41.322763 - GSETTINGS REGISTRY: keybindings/keyboard-layout using default value = 'desktop'
08:55:41.322772 - GSETTINGS SCHEMA HANDLE: keybindings/desktop-modifier-keys not set [app:accessibility_probe, profile:default]
08:55:41.322776 - GSETTINGS REGISTRY: keybindings/desktop-modifier-keys using default value = ['Insert', 'KP_Insert']
08:55:41.323194 - GSETTINGS SCHEMA HANDLE: keybindings/keyboard-layout not set [app:accessibility_probe, profile:default]
08:55:41.323200 - GSETTINGS REGISTRY: keybindings/keyboard-layout using default value = 'desktop'
08:55:41.323211 - GSETTINGS SCHEMA HANDLE: keybindings/desktop-modifier-keys not set [app:accessibility_probe, profile:default]
08:55:41.323215 - GSETTINGS REGISTRY: keybindings/desktop-modifier-keys using default value = ['Insert', 'KP_Insert']

KEYBOARD_EVENT:  type=ATSPI_KEY_RELEASED_EVENT
                 id=65364
                 hw_code=116
                 modifiers=0
                 text=''
                 keyval_name='Down'
                 timestamp=1789044941.3227477
                 clickCount=1

vvvvv PROCESS ATSPI_KEY_RELEASED_EVENT: 'Down' (116) vvvvv
08:55:41.323249 - SCRIPT: accessibility_probe (module=orca.scripts.default)
08:55:41.323265 - WINDOW: [frame: 'Reactive TUI App accessibility round 1' (0x764998126380)] 
08:55:41.323277 - LOCATION: [table cell: 'Ada member' (0x76499824c680)] 
08:55:41.323299 - GSETTINGS SCHEMA HANDLE: keybindings/keyboard-layout not set [app:accessibility_probe, profile:default]
08:55:41.323303 - GSETTINGS REGISTRY: keybindings/keyboard-layout using default value = 'desktop'
08:55:41.323314 - GSETTINGS SCHEMA HANDLE: keybindings/desktop-modifier-keys not set [app:accessibility_probe, profile:default]
08:55:41.323318 - GSETTINGS REGISTRY: keybindings/desktop-modifier-keys using default value = ['Insert', 'KP_Insert']
08:55:41.323329 - TOTAL PROCESSING TIME: 0.0001
^^^^^ PROCESS ATSPI_KEY_RELEASED_EVENT: 'Down' (116) ^^^^^

08:55:41.323350 - GSETTINGS SCHEMA HANDLE: keybindings/keyboard-layout not set [app:accessibility_probe, profile:default]
08:55:41.323354 - GSETTINGS REGISTRY: keybindings/keyboard-layout using default value = 'desktop'
08:55:41.323364 - GSETTINGS SCHEMA HANDLE: keybindings/desktop-modifier-keys not set [app:accessibility_probe, profile:default]
08:55:41.323368 - GSETTINGS REGISTRY: keybindings/desktop-modifier-keys using default value = ['Insert', 'KP_Insert']
08:55:41.323511 - EVENT MANAGER: Dequeueing object:property-change:accessible-name for [frame: 'Terminal' (0x764998b08300)]  in org.gnome.Terminal (gtk 3.24.52) (0, 0, Terminal)
08:55:41.323548 - EVENT MANAGER: Dequeued object:property-change:accessible-name for [frame: 'Terminal' (0x764998b08300)]  in org.gnome.Terminal (gtk 3.24.52) (0, 0, Terminal) priority: 4, counter: 4

vvvvv START PRIORITY-4 OBJECT EVENT OBJECT:PROPERTY-CHANGE:ACCESSIBLE-NAME (queue size: 45) vvvvv

08:55:41.324544 - EVENT MANAGER: object:state-changed:selected for [table row (0x76499817f740)]  in accessibility_probe (AccessKit) (1, 0, 0)
08:55:41.324564 - FOCUS MANAGER: Locus of focus is [table cell: 'Ada member' (0x76499824c680)] 
08:55:41.324755 - EVENT_MANAGER: Not ignoring object:state-changed:selected due to source being selected
08:55:41.324791 - EVENT MANAGER: Queueing object:state-changed:selected for [table row (0x76499817f7c0)]  in accessibility_probe (AccessKit) (1, 0, 0)
08:55:41.324807 - EVENT MANAGER: App for event source is [application: 'accessibility_probe' (0x764998261a00)] 
08:55:41.324826 - SCRIPT MANAGER: Getting script for [application: 'accessibility_probe' (0x764998261a00)]  [table row (0x76499817f800)] 
08:55:41.325071 - SCRIPT MANAGER: Script is app script accessibility_probe (module=orca.scripts.default)
08:55:41.325195 - EVENT MANAGER: object:state-changed:selected for [table row (0x76499817f840)]  in accessibility_probe (AccessKit) (1, 0, 0) has priority level: 4
08:55:41.325295 - EVENT MANAGER: Queued object:state-changed:selected for [table row (0x76499817f880)]  in accessibility_probe (AccessKit) (1, 0, 0) priority: 4, counter: 62

08:55:41.326234 - EVENT MANAGER: object:state-changed:selected for [table cell: 'Ada member' (0x76499824c680)]  in accessibility_probe (AccessKit) (0, 0, 0)
08:55:41.326276 - FOCUS MANAGER: Locus of focus is [table cell: 'Ada member' (0x76499824c680)] 
08:55:41.326319 - EVENT_MANAGER: Not ignoring object:state-changed:selected due to source being locus of focus
08:55:41.326357 - EVENT MANAGER: Queueing object:state-changed:selected for [table cell: 'Ada member' (0x76499824c680)]  in accessibility_probe (AccessKit) (0, 0, 0)
08:55:41.326373 - EVENT MANAGER: App for event source is [application: 'accessibility_probe' (0x764998261a00)] 
08:55:41.326390 - SCRIPT MANAGER: Getting script for [application: 'accessibility_probe' (0x764998261a00)]  [table cell: 'Ada member' (0x76499824c680)] 
08:55:41.326659 - SCRIPT MANAGER: Script is app script accessibility_probe (module=orca.scripts.default)
08:55:41.326698 - EVENT MANAGER: object:state-changed:selected for [table cell: 'Ada member' (0x76499824c680)]  in accessibility_probe (AccessKit) (0, 0, 0) has priority level: 4
08:55:41.326734 - EVENT MANAGER: Queued object:state-changed:selected for [table cell: 'Ada member' (0x76499824c680)]  in accessibility_probe (AccessKit) (0, 0, 0) priority: 4, counter: 63

08:55:41.326776 - EVENT MANAGER: object:state-changed:selected for [table row (0x76499817f900)]  in accessibility_probe (AccessKit) (0, 0, 0)
08:55:41.326790 - FOCUS MANAGER: Locus of focus is [table cell: 'Ada member' (0x76499824c680)] 
08:55:41.326884 - EVENT MANAGER: Queueing object:state-changed:selected for [table row (0x76499816f6c0)]  in accessibility_probe (AccessKit) (0, 0, 0)
08:55:41.326900 - EVENT MANAGER: App for event source is [application: 'accessibility_probe' (0x764998261a00)] 
08:55:41.326916 - SCRIPT MANAGER: Getting script for [application: 'accessibility_probe' (0x764998261a00)]  [table row (0x7649981276c0)] 
08:55:41.327095 - SCRIPT MANAGER: Script is app script accessibility_probe (module=orca.scripts.default)
08:55:41.327211 - EVENT MANAGER: object:state-changed:selected for [table row (0x76499817f640)]  in accessibility_probe (AccessKit) (0, 0, 0) has priority level: 4
08:55:41.327311 - EVENT MANAGER: Queued object:state-changed:selected for [table row (0x76499817f640)]  in accessibility_probe (AccessKit) (0, 0, 0) priority: 4, counter: 64

08:55:41.327953 - EVENT MANAGER: object:state-changed:selected for [table cell: 'Bea member' (0x76499817f6c0)]  in accessibility_probe (AccessKit) (1, 0, 0)
08:55:41.327995 - FOCUS MANAGER: Locus of focus is [table cell: 'Ada member' (0x76499824c680)] 
08:55:41.328218 - EVENT_MANAGER: Not ignoring object:state-changed:selected due to source being selected
08:55:41.328270 - EVENT MANAGER: Queueing object:state-changed:selected for [table cell: 'Bea member' (0x76499817f9c0)]  in accessibility_probe (AccessKit) (1, 0, 0)
08:55:41.328294 - EVENT MANAGER: App for event source is [application: 'accessibility_probe' (0x764998261a00)] 
08:55:41.328312 - SCRIPT MANAGER: Getting script for [application: 'accessibility_probe' (0x764998261a00)]  [table cell: 'Bea member' (0x76499816fa00)] 
08:55:41.328528 - SCRIPT MANAGER: Script is app script accessibility_probe (module=orca.scripts.default)
08:55:41.328580 - EVENT MANAGER: object:state-changed:selected for [table cell: 'Bea member' (0x76499827f9c0)]  in accessibility_probe (AccessKit) (1, 0, 0) has priority level: 4
08:55:41.328619 - EVENT MANAGER: Queued object:state-changed:selected for [table cell: 'Bea member' (0x76499816f900)]  in accessibility_probe (AccessKit) (1, 0, 0) priority: 4, counter: 65

08:55:41.328666 - EVENT MANAGER: object:state-changed:focused for [table cell: 'Bea member' (0x76499816f900)]  in accessibility_probe (AccessKit) (1, 0, 0)
08:55:41.328681 - FOCUS MANAGER: Locus of focus is [table cell: 'Ada member' (0x76499824c680)] 
08:55:41.328729 - EVENT_MANAGER: Not ignoring object:state-changed:focused due to source being selected
08:55:41.328765 - EVENT MANAGER: Queueing object:state-changed:focused for [table cell: 'Bea member' (0x76499817f800)]  in accessibility_probe (AccessKit) (1, 0, 0)
08:55:41.328782 - EVENT MANAGER: App for event source is [application: 'accessibility_probe' (0x764998261a00)] 
08:55:41.328799 - SCRIPT MANAGER: Getting script for [application: 'accessibility_probe' (0x764998261a00)]  [table cell: 'Bea member' (0x764998127f00)] 
08:55:41.329020 - SCRIPT MANAGER: Script is app script accessibility_probe (module=orca.scripts.default)
08:55:41.329065 - EVENT MANAGER: object:state-changed:focused for [table cell: 'Bea member' (0x76499817f800)]  in accessibility_probe (AccessKit) (1, 0, 0) has priority level: 3
08:55:41.329102 - EVENT MANAGER: Queued object:state-changed:focused for [table cell: 'Bea member' (0x76499817f640)]  in accessibility_probe (AccessKit) (1, 0, 0) priority: 3, counter: 66

08:55:41.329140 - EVENT MANAGER: object:state-changed:focused for [table cell: 'Ada member' (0x76499824c680)]  in accessibility_probe (AccessKit) (0, 0, 0)
08:55:41.329154 - FOCUS MANAGER: Locus of focus is [table cell: 'Ada member' (0x76499824c680)] 
08:55:41.329185 - EVENT_MANAGER: Not ignoring object:state-changed:focused due to source being locus of focus
08:55:41.329217 - EVENT MANAGER: Queueing object:state-changed:focused for [table cell: 'Ada member' (0x76499824c680)]  in accessibility_probe (AccessKit) (0, 0, 0)
08:55:41.329231 - EVENT MANAGER: App for event source is [application: 'accessibility_probe' (0x764998261a00)] 
08:55:41.329247 - SCRIPT MANAGER: Getting script for [application: 'accessibility_probe' (0x764998261a00)]  [table cell: 'Ada member' (0x76499824c680)] 
08:55:41.329450 - SCRIPT MANAGER: Script is app script accessibility_probe (module=orca.scripts.default)
08:55:41.329496 - EVENT MANAGER: object:state-changed:focused for [table cell: 'Ada member' (0x76499824c680)]  in accessibility_probe (AccessKit) (0, 0, 0) has priority level: 3
08:55:41.329532 - EVENT MANAGER: Queued object:state-changed:focused for [table cell: 'Ada member' (0x76499824c680)]  in accessibility_probe (AccessKit) (0, 0, 0) priority: 3, counter: 67
08:55:41.329752 - EVENT SOURCE:
                  app='org.gnome.Terminal (gtk 3.24.52)' name='Terminal' role='frame' axid='' id=0x764998b08300
                  description=''
                  help=''
                  locale='C.UTF-8'
                  states='active, enabled, resizable, sensitive, showing, visible'
                  relations=''
                  actions=''
                  interfaces='Collection, Component'
                  attributes='toolkit:gtk, window-type:normal'
                  text=''
                  path=[-1, 0]
                  
08:55:41.329778 - SCRIPT MANAGER: Active script is: accessibility_probe (module=orca.scripts.default)
08:55:41.329798 - FOCUS MANAGER: Locus of focus is [table cell: 'Ada member' (0x76499824c680)] 
08:55:41.329827 - EVENT MANAGER: Getting script for event for [application: 'org.gnome.Terminal' (0x7649982405c0)]  [frame: 'Terminal' (0x764998b08300)] 
08:55:41.329845 - SCRIPT MANAGER: Getting script for [application: 'org.gnome.Terminal' (0x7649982405c0)]  [frame: 'Terminal' (0x764998b08300)] 
08:55:41.329872 - SCRIPT MANAGER: Script is app script org.gnome.Terminal (module=orca.scripts.toolkits.gtk.script)
08:55:41.329886 - EVENT MANAGER: Script for event is org.gnome.Terminal (module=orca.scripts.toolkits.gtk.script)
08:55:41.330790 - EVENT MANAGER: Change active script: False (No reason found to activate a different script.)
08:55:41.330824 - EVENT MANAGER: Processing object:property-change:accessible-name: script handles events when inactive
08:55:41.330859 - AXUtilitiesEvent: The new name matches the old name.
TOTAL PROCESSING TIME: 0.0073
^^^^^ FINISHED PRIORITY-4 OBJECT EVENT OBJECT:PROPERTY-CHANGE:ACCESSIBLE-NAME ^^^^^

08:55:41.330890 - WARNING: Braille initialization failed: BrlAPI connection unavailable.
08:55:41.330906 - BRAILLE: Scheduling BrlAPI retry in 2000 ms.
08:55:41.331005 - EVENT MANAGER: Dequeueing object:state-changed:focused for [table cell: 'Bea member' (0x764998157940)]  in accessibility_probe (AccessKit) (1, 0, 0)
08:55:41.331043 - EVENT MANAGER: Dequeued object:state-changed:focused for [table cell: 'Bea member' (0x764998155b40)]  in accessibility_probe (AccessKit) (1, 0, 0) priority: 3, counter: 66

vvvvv START PRIORITY-3 OBJECT EVENT OBJECT:STATE-CHANGED:FOCUSED (queue size: 50) vvvvv

08:55:41.331917 - EVENT MANAGER: object:text-caret-moved for [terminal: 'Terminal' (0x76499816c740)]  in org.gnome.Terminal (gtk 3.24.52) (243, 0, 0)
08:55:41.331935 - FOCUS MANAGER: Locus of focus is [table cell: 'Ada member' (0x76499824c680)] 
08:55:41.331996 - EVENT_MANAGER: Not ignoring object:text-caret-moved due to source being focused
08:55:41.332029 - EVENT MANAGER: Queueing object:text-caret-moved for [terminal: 'Terminal' (0x76499816c740)]  in org.gnome.Terminal (gtk 3.24.52) (243, 0, 0)
08:55:41.332045 - EVENT MANAGER: App for event source is [application: 'org.gnome.Terminal' (0x7649982405c0)] 
08:55:41.332060 - SCRIPT MANAGER: Getting script for [application: 'org.gnome.Terminal' (0x7649982405c0)]  [terminal: 'Terminal' (0x76499816c740)] 
08:55:41.332086 - SCRIPT MANAGER: Script is custom script org.gnome.Terminal (module=orca.scripts.terminal.script)
08:55:41.332123 - EVENT MANAGER: object:text-caret-moved for [terminal: 'Terminal' (0x76499816c740)]  in org.gnome.Terminal (gtk 3.24.52) (243, 0, 0) has priority level: 4
08:55:41.332159 - EVENT MANAGER: Queued object:text-caret-moved for [terminal: 'Terminal' (0x76499816c740)]  in org.gnome.Terminal (gtk 3.24.52) (243, 0, 0) priority: 4, counter: 68
08:55:41.337479 - EVENT SOURCE:
                  app='accessibility_probe (AccessKit )' name='Bea member' role='table cell' axid='' id=0x76499816f5c0
                  description=''
                  help=''
                  locale=''
                  states='enabled, focusable, focused, selectable, selected, sensitive, showing, visible'
                  relations=''
                  actions=''
                  interfaces='Component'
                  attributes=''
                  text=''
                  path=[-1, 0, 0, 3, 0]
                  
08:55:41.337555 - SCRIPT MANAGER: Active script is: accessibility_probe (module=orca.scripts.default)
08:55:41.337611 - FOCUS MANAGER: Locus of focus is [table cell: 'Ada member' (0x76499824c680)] 
08:55:41.337690 - EVENT MANAGER: Getting script for event for [application: 'accessibility_probe' (0x764998261a00)]  [table cell: 'Bea member' (0x76499816ff40)] 
08:55:41.337740 - SCRIPT MANAGER: Getting script for [application: 'accessibility_probe' (0x764998261a00)]  [table cell: 'Bea member' (0x76499816ff40)] 
08:55:41.338094 - SCRIPT MANAGER: Script is app script accessibility_probe (module=orca.scripts.default)
08:55:41.338129 - EVENT MANAGER: Script for event is accessibility_probe (module=orca.scripts.default)
08:55:41.338147 - EVENT MANAGER: Processing object:state-changed:focused: script for event is active
08:55:41.340344 - SCRIPT UTILITIES: [frame: 'Reactive TUI App accessibility round 1' (0x764998126380)]  is top-level object for: [table cell: 'Bea member' (0x76499816f800)] 
08:55:41.342617 - SCRIPT UTILITIES: [table cell: 'Bea member' (0x76499816f800)]  is in frame [frame: 'Reactive TUI App accessibility round 1' (0x764998126380)]  and dialog None
08:55:41.342681 - AXObject: Clearing AT-SPI cache on [frame: 'Reactive TUI App accessibility round 1' (0x764998126380)]  Recursive: False.  Reason: Checking if window can be the active window
08:55:41.345671 - AXUtilities: [frame: 'Reactive TUI App accessibility round 1' (0x764998126380)]  from [application: 'accessibility_probe' (0x764998261a00)]  can be active window
08:55:41.345946 - FOCUS MANAGER: Request to set locus of focus to [table cell: 'Bea member' (0x76499816f800)]  event_manager._dequeue_object_event:666 > event_manager._process_object_event:982 > default._on_focused_changed:1114 > focus_manager.set_locus_of_focus:271
08:55:41.346404 - AXObject: Clearing AT-SPI cache on [table cell: 'Bea member' (0x76499816f800)]  Recursive: True.  Reason: Setting locus of focus.
08:55:41.346438 - SCRIPT MANAGER: Active script is: accessibility_probe (module=orca.scripts.default)
08:55:41.347219 - FOCUS MANAGER: Changing locus of focus from [table cell: 'Ada member' (0x76499824c680)]  to [table cell: 'Bea member' (0x76499816f800)] . Notify: True
08:55:41.347501 - FOCUS MANAGER: Region of interest: [table cell: 'Bea member' (0x76499816f800)]  (0, 0)
08:55:41.347752 - FOCUS MANAGER: Switching object of interest from [table cell: 'Ada member' (0x76499824c680)]  to [table cell: 'Bea member' (0x76499816f800)] 
08:55:41.349894 - DOCUMENT PRESENTER: Updating mode for focus change. Old focus: [table cell: 'Ada member' (0x76499824c680)]  old doc: None New focus: [table cell: 'Bea member' (0x76499816f800)]  new doc: None
08:55:41.349918 - SCRIPT MANAGER: Active script is: accessibility_probe (module=orca.scripts.default)
08:55:41.349924 - CARET NAVIGATOR: Commands suspended: False: locus of focus no longer in document
08:55:41.349979 - GSETTINGS SCHEMA HANDLE: keybindings/keyboard-layout not set [app:accessibility_probe, profile:default]
08:55:41.349986 - GSETTINGS REGISTRY: keybindings/keyboard-layout using default value = 'desktop'
08:55:41.350000 - GSETTINGS SCHEMA HANDLE: keybindings/desktop-modifier-keys not set [app:accessibility_probe, profile:default]
08:55:41.350006 - GSETTINGS REGISTRY: keybindings/desktop-modifier-keys using default value = ['Insert', 'KP_Insert']
08:55:41.350037 - SCRIPT MANAGER: Active script is: accessibility_probe (module=orca.scripts.default)
08:55:41.350042 - STRUCTURAL NAVIGATOR: Suspended: False: locus of focus no longer in document
08:55:41.350055 - GSETTINGS SCHEMA HANDLE: keybindings/keyboard-layout not set [app:accessibility_probe, profile:default]
08:55:41.350058 - GSETTINGS REGISTRY: keybindings/keyboard-layout using default value = 'desktop'
08:55:41.350069 - GSETTINGS SCHEMA HANDLE: keybindings/desktop-modifier-keys not set [app:accessibility_probe, profile:default]
08:55:41.350072 - GSETTINGS REGISTRY: keybindings/desktop-modifier-keys using default value = ['Insert', 'KP_Insert']
08:55:41.350107 - STRUCTURAL NAVIGATOR: Setting mode for accessibility_probe (module=orca.scripts.default) to NavigationMode.OFF
08:55:41.350121 - SCRIPT MANAGER: Active script is: accessibility_probe (module=orca.scripts.default)
08:55:41.350135 - GSETTINGS SCHEMA HANDLE: keybindings/keyboard-layout not set [app:accessibility_probe, profile:default]
08:55:41.350139 - GSETTINGS REGISTRY: keybindings/keyboard-layout using default value = 'desktop'
08:55:41.350150 - GSETTINGS SCHEMA HANDLE: keybindings/desktop-modifier-keys not set [app:accessibility_probe, profile:default]
08:55:41.350153 - GSETTINGS REGISTRY: keybindings/desktop-modifier-keys using default value = ['Insert', 'KP_Insert']
08:55:41.350185 - CARET NAVIGATOR: Setting enabled state for accessibility_probe (module=orca.scripts.default) to False
08:55:41.350197 - SCRIPT MANAGER: Active script is: accessibility_probe (module=orca.scripts.default)
08:55:41.350209 - GSETTINGS SCHEMA HANDLE: keybindings/keyboard-layout not set [app:accessibility_probe, profile:default]
08:55:41.350213 - GSETTINGS REGISTRY: keybindings/keyboard-layout using default value = 'desktop'
08:55:41.350223 - GSETTINGS SCHEMA HANDLE: keybindings/desktop-modifier-keys not set [app:accessibility_probe, profile:default]
08:55:41.350227 - GSETTINGS REGISTRY: keybindings/desktop-modifier-keys using default value = ['Insert', 'KP_Insert']
08:55:41.351920 - SCRIPT UTILITIES: [frame: 'Reactive TUI App accessibility round 1' (0x764998126380)]  is top-level object for: [table cell: 'Bea member' (0x76499816f800)] 
08:55:41.351956 - FOCUS MANAGER: Request to set active window to [frame: 'Reactive TUI App accessibility round 1' (0x764998126380)] 
08:55:41.351963 - FOCUS MANAGER: Setting active window to existing active window
08:55:41.353369 - SCRIPT MANAGER: Getting script for [application: 'accessibility_probe' (0x764998261a00)]  [table cell: 'Bea member' (0x76499816f800)] 
08:55:41.353600 - SCRIPT MANAGER: Script is app script accessibility_probe (module=orca.scripts.default)
08:55:41.354944 - AXUtilitiesRelation: [table cell: 'Ada member' (0x76499824c680)]  is controlled by [table cell: 'Bea member' (0x76499816f800)] : False
08:55:41.354979 - AXUtilitiesRelation: [table cell: 'Bea member' (0x76499816f800)]  is controlled by [table cell: 'Ada member' (0x76499824c680)] : False
08:55:41.354984 - PRESENTATION MANAGER: Interrupting presentation
08:55:41.355014 - SPEECH MANAGER: interrupt_speech. Script: None Event: None notify_user: False
08:55:41.355396 - SPEECH MANAGER: Speech server is <orca.speechdispatcherfactory.SpeechServer object at 0x764998af96a0>
08:55:41.355457 - BRAILLE: Kill flash message presentation_manager.interrupt_if_needed_for_focus_change:100 > presentation_manager.interrupt_presentation:88 > braille_presenter.kill_flash:1829 > braille.kill_flash:2182
08:55:41.355881 - FOCUS MANAGER: Active mode: focus-tracking Object of interest: [table cell: 'Bea member' (0x76499816f800)] 
08:55:41.355929 - GSETTINGS SCHEMA HANDLE: speech/enable not set [app:accessibility_probe, profile:default]
08:55:41.355936 - GSETTINGS REGISTRY: speech/enable using default value = True
08:55:41.355953 - GSETTINGS SCHEMA HANDLE: speech/verbosity-level not set [app:accessibility_probe, profile:default]
08:55:41.355957 - GSETTINGS REGISTRY: speech/verbosity-level using default value = 'verbose'
08:55:41.355971 - FOCUS MANAGER: Locus of focus is [table cell: 'Bea member' (0x76499816f800)] 
08:55:41.355995 - SCRIPT MANAGER: Active script is: accessibility_probe (module=orca.scripts.default)
08:55:41.356012 - GSETTINGS SCHEMA HANDLE: speech/only-speak-displayed-text not set [app:accessibility_probe, profile:default]
08:55:41.356016 - GSETTINGS REGISTRY: speech/only-speak-displayed-text using default value = False
08:55:41.356027 - GSETTINGS SCHEMA HANDLE: speech/speak-description not set [app:accessibility_probe, profile:default]
08:55:41.356030 - GSETTINGS REGISTRY: speech/speak-description using default value = True
08:55:41.356040 - GSETTINGS SCHEMA HANDLE: speech/speak-tutorial-messages not set [app:accessibility_probe, profile:default]
08:55:41.356043 - GSETTINGS REGISTRY: speech/speak-tutorial-messages using default value = True
08:55:41.356053 - GSETTINGS SCHEMA HANDLE: speech/speak-position-in-set not set [app:accessibility_probe, profile:default]
08:55:41.356057 - GSETTINGS REGISTRY: speech/speak-position-in-set using default value = False
08:55:41.356066 - GSETTINGS SCHEMA HANDLE: speech/speak-widget-mnemonic not set [app:accessibility_probe, profile:default]
08:55:41.356069 - GSETTINGS REGISTRY: speech/speak-widget-mnemonic using default value = True
08:55:41.356078 - GSETTINGS SCHEMA HANDLE: speech/speak-blank-lines not set [app:accessibility_probe, profile:default]
08:55:41.356081 - GSETTINGS REGISTRY: speech/speak-blank-lines using default value = True
08:55:41.356090 - GSETTINGS SCHEMA HANDLE: speech/speak-indentation-and-justification not set [app:accessibility_probe, profile:default]
08:55:41.356094 - GSETTINGS REGISTRY: speech/speak-indentation-and-justification using default value = False
08:55:41.356103 - GSETTINGS SCHEMA HANDLE: speech/announce-cell-headers not set [app:accessibility_probe, profile:default]
08:55:41.356106 - GSETTINGS REGISTRY: speech/announce-cell-headers using default value = True
08:55:41.356116 - GSETTINGS SCHEMA HANDLE: speech/announce-cell-coordinates not set [app:accessibility_probe, profile:default]
08:55:41.356118 - GSETTINGS REGISTRY: speech/announce-cell-coordinates using default value = True
08:55:41.356128 - GSETTINGS SCHEMA HANDLE: speech/announce-spreadsheet-cell-coordinates not set [app:accessibility_probe, profile:default]
08:55:41.356134 - GSETTINGS REGISTRY: speech/announce-spreadsheet-cell-coordinates using default value = True
08:55:41.356143 - GSETTINGS SCHEMA HANDLE: speech/announce-blockquote not set [app:accessibility_probe, profile:default]
08:55:41.356147 - GSETTINGS REGISTRY: speech/announce-blockquote using default value = True
08:55:41.356156 - GSETTINGS SCHEMA HANDLE: speech/announce-form not set [app:accessibility_probe, profile:default]
08:55:41.356159 - GSETTINGS REGISTRY: speech/announce-form using default value = True
08:55:41.356168 - GSETTINGS SCHEMA HANDLE: speech/announce-landmark not set [app:accessibility_probe, profile:default]
08:55:41.356171 - GSETTINGS REGISTRY: speech/announce-landmark using default value = True
08:55:41.356180 - GSETTINGS SCHEMA HANDLE: speech/announce-list not set [app:accessibility_probe, profile:default]
08:55:41.356183 - GSETTINGS REGISTRY: speech/announce-list using default value = True
08:55:41.356191 - GSETTINGS SCHEMA HANDLE: speech/announce-grouping not set [app:accessibility_probe, profile:default]
08:55:41.356195 - GSETTINGS REGISTRY: speech/announce-grouping using default value = True
08:55:41.356203 - GSETTINGS SCHEMA HANDLE: speech/announce-table not set [app:accessibility_probe, profile:default]
08:55:41.356206 - GSETTINGS REGISTRY: speech/announce-table using default value = True
08:55:41.357858 - GENERATOR: _get_functional_role: table-cell
08:55:41.357934 - SPEECH GENERATOR: speech_generator.SpeechGenerator._generate_table_cell_in_row for [table cell: 'Bea member' (0x76499816f800)]  args: {'formatType': 'unfocused', 'priorObj': "[table cell: 'Ada member' (0x76499824c680)] ", 'role': 'table-cell'}
08:55:41.360252 - AXTable: Couldn't find table-implementing ancestor for [table cell: 'Bea member' (0x76499816f800)] 
08:55:41.360696 - AXTable: Row and col index attributes for [table cell: 'Bea member' (0x76499816f800)] : None, None
08:55:41.361751 - AXTable: Updated attributes based on [table row (0x764998125e80)] : None None
08:55:41.361857 - SPEECH GENERATOR: speech_generator.SpeechGenerator._generate_table_cell for [table cell: 'Bea member' (0x76499816f800)]  args: {'formatType': 'unfocused', 'priorObj': "[table cell: 'Ada member' (0x76499824c680)] ", 'role': 'REAL_ROLE_TABLE_CELL'}
08:55:41.364412 - SCRIPT UTILITIES: [frame: 'Reactive TUI App accessibility round 1' (0x764998126380)]  is top-level object for: [table cell: 'Bea member' (0x76499816f800)] 
08:55:41.366440 - SCRIPT UTILITIES: [table cell: 'Bea member' (0x76499816f800)]  is in frame [frame: 'Reactive TUI App accessibility round 1' (0x764998126380)]  and dialog None
08:55:41.366922 - AXUtilitiesObject: Looking for common ancestor of [table cell: 'Bea member' (0x76499816f800)]  and [table cell: 'Ada member' (0x76499824c680)] 
08:55:41.369665 - AXUtilitiesObject: Common ancestor of [table cell: 'Bea member' (0x76499816f800)]  and [table cell: 'Ada member' (0x76499824c680)]  is [table: 'Project members' (0x764998134a00)] 
08:55:41.371283 - GENERATOR: _get_functional_role: table-row
08:55:41.372854 - GENERATOR: _get_functional_role: table
08:55:41.372890 - AXUtilities: [table: 'Project members' (0x764998134a00)]  believed to be layout only: True, is layout table
08:55:41.372914 - SPEECH GENERATOR: _generate_old_ancestors: []
08:55:41.372964 - AXUtilitiesObject: Looking for common ancestor of [table cell: 'Ada member' (0x76499824c680)]  and [table cell: 'Bea member' (0x76499816f800)] 
08:55:41.375001 - AXUtilitiesObject: Common ancestor of [table cell: 'Ada member' (0x76499824c680)]  and [table cell: 'Bea member' (0x76499816f800)]  is [table: 'Project members' (0x764998134a00)] 
08:55:41.376492 - GENERATOR: _get_functional_role: table
08:55:41.378122 - GENERATOR: _get_functional_role: table-row
08:55:41.378387 - AXUtilities: [table row (0x7649982618c0)]  believed to be layout only: False, is selectable
08:55:41.380234 - GENERATOR: _get_functional_role: table
08:55:41.380270 - AXUtilities: [table: 'Project members' (0x764998134a00)]  believed to be layout only: True, is layout table
08:55:41.380377 - SPEECH GENERATOR: speech_generator.SpeechGenerator._generate_table_row for [table row (0x7649982618c0)]  args: {'ancestorOf': "[table cell: 'Bea member' (0x76499816f800)] ",
                   'count': '1',
                   'formatType': 'ancestor',
                   'leaving': 'None',
                   'priorObj': "[table cell: 'Ada member' (0x76499824c680)] ",
                   'role': 'table-row'}
08:55:41.380422 - GENERATOR: _generate_state_expanded: []
08:55:41.380437 - SPEECH GENERATOR: _generate_state_expanded: []
08:55:41.380451 - SPEECH GENERATOR: Results: []
08:55:41.380470 - SPEECH GENERATOR: _generate_new_ancestors: [[]]
08:55:41.381660 - AXTable: Couldn't find table-implementing ancestor for [table cell: 'Bea member' (0x76499816f800)] 
08:55:41.381693 - SPEECH GENERATOR: _generate_table_cell_row_header: []
08:55:41.382772 - AXTable: Couldn't find table-implementing ancestor for [table cell: 'Bea member' (0x76499816f800)] 
08:55:41.382794 - SPEECH GENERATOR: _generate_table_cell_column_header: []
08:55:41.382824 - GENERATOR: _generate_state_checked_for_cell: []
08:55:41.382993 - GENERATOR: _generate_text_substring: []
08:55:41.383008 - SPEECH GENERATOR: _generate_text_substring: []
08:55:41.383025 - GENERATOR: _generate_text_substring: []
08:55:41.383055 - GENERATOR: _generate_text_content: []
08:55:41.383068 - SPEECH GENERATOR: _generate_text_content: []
08:55:41.383079 - GENERATOR: _generate_real_active_descendant_displayed_text: []
08:55:41.383113 - AXUtilitiesRelation: [table cell: 'Bea member' (0x76499816f800)]  is labelled by: []
08:55:41.383125 - GENERATOR: _generate_accessible_label: []
08:55:41.383137 - SPEECH GENERATOR: _generate_accessible_label: []
08:55:41.383159 - GENERATOR: _generate_accessible_name: [Bea member]
08:55:41.383212 - GSETTINGS SCHEMA HANDLE: voice/established not set [app:accessibility_probe, profile:default]
08:55:41.383227 - GSETTINGS SCHEMA HANDLE: voice/rate not set [app:accessibility_probe, profile:default]
08:55:41.383239 - GSETTINGS SCHEMA HANDLE: voice/pitch not set [app:accessibility_probe, profile:default]
08:55:41.383250 - GSETTINGS SCHEMA HANDLE: voice/volume not set [app:accessibility_probe, profile:default]
08:55:41.383263 - GSETTINGS SCHEMA HANDLE: voice/family-name not set [app:accessibility_probe, profile:default]
08:55:41.383273 - GSETTINGS SCHEMA HANDLE: voice/family-lang not set [app:accessibility_probe, profile:default]
08:55:41.383282 - GSETTINGS SCHEMA HANDLE: voice/family-dialect not set [app:accessibility_probe, profile:default]
08:55:41.383292 - GSETTINGS SCHEMA HANDLE: voice/family-gender not set [app:accessibility_probe, profile:default]
08:55:41.383302 - GSETTINGS SCHEMA HANDLE: voice/family-variant not set [app:accessibility_probe, profile:default]
08:55:41.383331 - SPEECH GENERATOR: default voice requested for [table cell: 'Bea member' (0x76499816f800)]  language='', dialect='' Unmodified voice={'established': False}
08:55:41.383356 - SPEECH GENERATOR: Reported locale of [table cell: 'Bea member' (0x76499816f800)]  is 
08:55:41.383373 - SPEECH GENERATOR: Updated to: 'C', ''
08:55:41.383394 - GSETTINGS SCHEMA HANDLE: speech/auto-language-switching not set [app:accessibility_probe, profile:default]
08:55:41.383398 - GSETTINGS REGISTRY: speech/auto-language-switching using default value = True
08:55:41.383406 - SPEECH DISPATCHER: Returning cached result for language='C' dialect='' variant='None'
08:55:41.383444 - SPEECH GENERATOR: Family updated to {'dialect': '', 'lang': 'C', 'name': ''}
08:55:41.383487 - SPEECH GENERATOR: Final voice is {'established': 'False', 'family': "{'dialect': '', 'lang': 'C', 'name': ''}"}
08:55:41.383535 - SPEECH GENERATOR: _generate_accessible_name: [Bea member, {'established': 'False', 'family': "{'dialect': '', 'lang': 'C', 'name': ''}"}]
08:55:41.383585 - GENERATOR: _generate_accessible_label_and_name: [Bea member, {'established': 'False', 'family': "{'dialect': '', 'lang': 'C', 'name': ''}"}]
08:55:41.383604 - SPEECH PRESENTER: Adjusting 'Bea member' from [table cell: 'Bea member' (0x76499816f800)]  start_offset: None
08:55:41.383764 - GSETTINGS SCHEMA HANDLE: speech/speak-numbers-as-digits not set [app:accessibility_probe, profile:default]
08:55:41.383770 - GSETTINGS REGISTRY: speech/speak-numbers-as-digits using default value = False
08:55:41.383794 - GSETTINGS SCHEMA HANDLE: speech/repeated-character-limit not set [app:accessibility_probe, profile:default]
08:55:41.383798 - GSETTINGS REGISTRY: speech/repeated-character-limit using default value = 4
08:55:41.386573 - GSETTINGS SCHEMA HANDLE: speech/use-pronunciation-dictionary not set [app:accessibility_probe, profile:default]
08:55:41.386588 - GSETTINGS REGISTRY: speech/use-pronunciation-dictionary using default value = True
08:55:41.386600 - SPEECH PRESENTER: Adjusted text: 'Bea member'
08:55:41.386662 - SPEECH GENERATOR: _generate_accessible_label_and_name: [Bea member, {'established': 'False', 'family': "{'dialect': '', 'lang': 'C', 'name': ''}"}]
08:55:41.386699 - GENERATOR: _generate_state_expanded: []
08:55:41.386713 - SPEECH GENERATOR: _generate_state_expanded: []
08:55:41.387572 - SPEECH GENERATOR: _generate_number_of_children: []
08:55:41.387601 - GENERATOR: _generate_state_required: []
08:55:41.387615 - SPEECH GENERATOR: _generate_state_required: []
08:55:41.387643 - GSETTINGS SCHEMA HANDLE: speech/insert-pauses-between-utterances not set [app:accessibility_probe, profile:default]
08:55:41.387649 - GSETTINGS REGISTRY: speech/insert-pauses-between-utterances using default value = True
08:55:41.387667 - GSETTINGS SCHEMA HANDLE: speech/punctuation-level not set [app:accessibility_probe, profile:default]
08:55:41.387671 - GSETTINGS REGISTRY: speech/punctuation-level using default value = 'most'
08:55:41.387693 - GENERATOR: _generate_state_invalid: []
08:55:41.387706 - SPEECH GENERATOR: _generate_state_invalid: []
08:55:41.387725 - GENERATOR: _generate_state_sensitive: []
08:55:41.387737 - SPEECH GENERATOR: _generate_state_sensitive: []
08:55:41.388660 - GENERATOR: _generate_tree_item_level: []
08:55:41.388677 - SPEECH GENERATOR: _generate_tree_item_level: []
08:55:41.388700 - SPEECH GENERATOR: _generate_state_unselected: []
08:55:41.388722 - GENERATOR: _generate_state_current: []
08:55:41.388734 - SPEECH GENERATOR: _generate_state_current: []
08:55:41.388747 - SPEECH GENERATOR: _generate_has_click_action: []
08:55:41.388759 - SPEECH GENERATOR: _generate_has_details: []
08:55:41.388771 - SPEECH GENERATOR: _generate_details_for: []
08:55:41.388936 - AXUtilitiesRelation: [table cell: 'Bea member' (0x76499816f800)]  is described by: []
08:55:41.388951 - GENERATOR: _generate_accessible_description: []
08:55:41.388964 - SPEECH GENERATOR: _generate_accessible_description: []
08:55:41.388988 - SPEECH GENERATOR: _generate_state_has_popup: []
08:55:41.389915 - SPEECH GENERATOR: _generate_tutorial: []
08:55:41.389989 - SPEECH GENERATOR: Results: [[], Bea member, {'established': 'False', 'family': "{'dialect': '', 'lang': 'C', 'name': ''}"}, PAUSE]
08:55:41.390048 - GENERATOR: _generate_real_table_cell: [[], Bea member, {'established': 'False', 'family': "{'dialect': '', 'lang': 'C', 'name': ''}"}, PAUSE]
08:55:41.390079 - GSETTINGS SCHEMA HANDLE: voice/established not set [app:accessibility_probe, profile:default]
08:55:41.390093 - GSETTINGS SCHEMA HANDLE: voice/rate not set [app:accessibility_probe, profile:default]
08:55:41.390105 - GSETTINGS SCHEMA HANDLE: voice/pitch not set [app:accessibility_probe, profile:default]
08:55:41.390115 - GSETTINGS SCHEMA HANDLE: voice/volume not set [app:accessibility_probe, profile:default]
08:55:41.390128 - GSETTINGS SCHEMA HANDLE: voice/family-name not set [app:accessibility_probe, profile:default]
08:55:41.390139 - GSETTINGS SCHEMA HANDLE: voice/family-lang not set [app:accessibility_probe, profile:default]
08:55:41.390149 - GSETTINGS SCHEMA HANDLE: voice/family-dialect not set [app:accessibility_probe, profile:default]
08:55:41.390159 - GSETTINGS SCHEMA HANDLE: voice/family-gender not set [app:accessibility_probe, profile:default]
08:55:41.390169 - GSETTINGS SCHEMA HANDLE: voice/family-variant not set [app:accessibility_probe, profile:default]
08:55:41.390199 - SPEECH GENERATOR: default voice requested for [table cell: 'Bea member' (0x76499816f800)]  language='', dialect='' Unmodified voice={'established': False}
08:55:41.390223 - SPEECH GENERATOR: Reported locale of [table cell: 'Bea member' (0x76499816f800)]  is 
08:55:41.390240 - SPEECH GENERATOR: Updated to: 'C', ''
08:55:41.390259 - GSETTINGS SCHEMA HANDLE: speech/auto-language-switching not set [app:accessibility_probe, profile:default]
08:55:41.390263 - GSETTINGS REGISTRY: speech/auto-language-switching using default value = True
08:55:41.390271 - SPEECH DISPATCHER: Returning cached result for language='C' dialect='' variant='None'
08:55:41.390302 - SPEECH GENERATOR: Family updated to {'dialect': '', 'lang': 'C', 'name': ''}
08:55:41.390342 - SPEECH GENERATOR: Final voice is {'established': 'False', 'family': "{'dialect': '', 'lang': 'C', 'name': ''}"}
08:55:41.390429 - SPEECH GENERATOR: _generate_real_table_cell: [[], Bea member, {'established': 'False', 'family': "{'dialect': '', 'lang': 'C', 'name': ''}"}, PAUSE, blank, {'established': 'False', 'family': "{'dialect': '', 'lang': 'C', 'name': ''}"}]
08:55:41.390514 - GENERATOR: _generate_table_cell_row: [[], Bea member, {'established': 'False', 'family': "{'dialect': '', 'lang': 'C', 'name': ''}"}, PAUSE, blank, {'established': 'False', 'family': "{'dialect': '', 'lang': 'C', 'name': ''}"}]
08:55:41.390600 - SPEECH GENERATOR: Results: [[], Bea member, {'established': 'False', 'family': "{'dialect': '', 'lang': 'C', 'name': ''}"}, PAUSE, blank, {'established': 'False', 'family': "{'dialect': '', 'lang': 'C', 'name': ''}"}]
08:55:41.390699 - SPEECH: Speak [[], Bea member, {'established': 'False', 'family': "{'dialect': '', 'lang': 'C', 'name': ''}"}, PAUSE, blank, {'established': 'False', 'family': "{'dialect': '', 'lang': 'C', 'name': ''}"}], acss: None
08:55:41.390717 - SPEECH OUTPUT: 'Bea member.' {'established': False, 'family': {'name': '', 'gender': None, 'lang': 'C', 'dialect': '', 'variant': None}}
08:55:41.390722 - SPEECH DISPATCHER: Speaking 'Bea member.' as string
08:55:41.391035 - SPEECH DISPATCHER: Speaking '<speak><mark name="0:3"/>Bea <mark name="4:11"/>member.</speak>' 
                  ORCA rate 50.0, pitch 5.0, volume 10.0, language C, punctuation: MOST
                  SD rate 2, pitch 10, volume 100, language c
08:55:41.391298 - SPEECH: New voice {'established': 'False', 'family': "{'dialect': '', 'lang': 'C', 'name': ''}"}  != active voice {'established': 'False'}
08:55:41.391318 - SPEECH OUTPUT: 'blank' {'established': False, 'family': {'name': '', 'gender': None, 'lang': 'C', 'dialect': '', 'variant': None}}
08:55:41.391325 - SPEECH DISPATCHER: Speaking 'blank' as string
08:55:41.393781 - SPEECH DISPATCHER: Speaking '<speak><mark name="0:5"/>blank</speak>' 
                  ORCA rate 50.0, pitch 5.0, volume 10.0, language C, punctuation: MOST
                  SD rate 2, pitch 10, volume 100, language c
08:55:41.393871 - GSETTINGS SCHEMA HANDLE: braille/enabled not set [app:accessibility_probe, profile:default]
08:55:41.393880 - GSETTINGS REGISTRY: braille/enabled using default value = True
08:55:41.393931 - FOCUS MANAGER: Active mode: focus-tracking Object of interest: [table cell: 'Bea member' (0x76499816f800)] 
08:55:41.393951 - GSETTINGS SCHEMA HANDLE: braille/enabled not set [app:accessibility_probe, profile:default]
08:55:41.393957 - GSETTINGS REGISTRY: braille/enabled using default value = True
08:55:41.393981 - GSETTINGS SCHEMA HANDLE: braille/verbosity-level not set [app:accessibility_probe, profile:default]
08:55:41.393987 - GSETTINGS REGISTRY: braille/verbosity-level using default value = 'verbose'
08:55:41.394009 - FOCUS MANAGER: Locus of focus is [table cell: 'Bea member' (0x76499816f800)] 
08:55:41.394035 - SCRIPT MANAGER: Active script is: accessibility_probe (module=orca.scripts.default)
08:55:41.394056 - GSETTINGS SCHEMA HANDLE: braille/rolename-style not set [app:accessibility_probe, profile:default]
08:55:41.394061 - GSETTINGS REGISTRY: braille/rolename-style using default value = 'verbose'
08:55:41.394079 - GSETTINGS SCHEMA HANDLE: braille/display-ancestors not set [app:accessibility_probe, profile:default]
08:55:41.394083 - GSETTINGS REGISTRY: braille/display-ancestors using default value = True
08:55:41.394093 - GSETTINGS SCHEMA HANDLE: braille/end-of-line-indicator not set [app:accessibility_probe, profile:default]
08:55:41.394096 - GSETTINGS REGISTRY: braille/end-of-line-indicator using default value = True
08:55:41.394106 - GSETTINGS SCHEMA HANDLE: braille/present-mnemonics not set [app:accessibility_probe, profile:default]
08:55:41.394109 - GSETTINGS REGISTRY: braille/present-mnemonics using default value = True
08:55:41.395568 - GENERATOR: _get_functional_role: table-cell
08:55:41.395700 - BRAILLE GENERATOR: braille_generator.BrailleGenerator._generate_table_cell_in_row for [table cell: 'Bea member' (0x76499816f800)]  args: {'formatType': 'focused', 'priorObj': "[table cell: 'Ada member' (0x76499824c680)] ", 'role': 'table-cell'}
08:55:41.395744 - GENERATOR: _generate_text_substring: []
08:55:41.400556 - AXTable: Couldn't find table-implementing ancestor for [table cell: 'Bea member' (0x76499816f800)] 
08:55:41.400631 - GENERATOR: _generate_table_cell_row_header: []
08:55:41.405527 - AXTable: Couldn't find table-implementing ancestor for [table cell: 'Bea member' (0x76499816f800)] 
08:55:41.405575 - GENERATOR: _generate_table_cell_column_header: []
08:55:41.407404 - AXTable: Couldn't find table-implementing ancestor for [table cell: 'Bea member' (0x76499816f800)] 
08:55:41.407509 - BRAILLE GENERATOR: braille_generator.BrailleGenerator._generate_table_cell for [table cell: 'Bea member' (0x76499816f800)]  args: {'formatType': 'focused', 'includeContext': 'False', 'priorObj': "[table cell: 'Ada member' (0x76499824c680)] ", 'role': 'REAL_ROLE_TABLE_CELL'}
08:55:41.407532 - GENERATOR: _generate_tree_item_level: []
08:55:41.407551 - GENERATOR: _generate_text_substring: []
08:55:41.407581 - GENERATOR: _generate_state_checked_for_cell: []
08:55:41.407606 - GENERATOR: _generate_column_header_if_toggle_and_no_text: []
08:55:41.407784 - GENERATOR: _generate_text_content: []
08:55:41.407797 - GENERATOR: _generate_real_active_descendant_displayed_text: []
08:55:41.407828 - AXUtilitiesRelation: [table cell: 'Bea member' (0x76499816f800)]  is labelled by: []
08:55:41.407841 - GENERATOR: _generate_accessible_label: []
08:55:41.407861 - GENERATOR: _generate_accessible_name: [Bea member]
08:55:41.407880 - GENERATOR: _generate_accessible_label_and_name: [Bea member]
08:55:41.407910 - GENERATOR: _generate_state_expanded: []
08:55:41.407919 - BRAILLE: Not contracting 'Bea member' because contracted braille is not enabled.
08:55:41.407939 - GENERATOR: _generate_accessible_description: []
08:55:41.407958 - GENERATOR: _generate_state_current: []
08:55:41.407981 - BRAILLE GENERATOR: Results: [COMPONENT: 'Bea member', cursor offset:0]
08:55:41.407998 - GENERATOR: _generate_real_table_cell: [COMPONENT: 'Bea member', cursor offset:0]
08:55:41.408014 - GENERATOR: _generate_table_cell_row: [COMPONENT: 'Bea member', cursor offset:0]
08:55:41.408032 - BRAILLE GENERATOR: Results: [COMPONENT: 'Bea member', cursor offset:0]
08:55:41.408062 - BRAILLE: Refresh. Pan: True target: 0
08:55:41.408067 - BRAILLE: Kill flash message braille.display_line:1618 > braille.refresh:2097 > braille._prepare_refresh:1856 > braille.kill_flash:2182
08:55:41.408567 - GSETTINGS SCHEMA HANDLE: braille/enabled not set [app:accessibility_probe, profile:default]
08:55:41.408576 - GSETTINGS REGISTRY: braille/enabled using default value = True
08:55:41.408596 - BRAILLE: Last text object: None (Caret: 0, Line: 0, Cell: 0)
08:55:41.408622 - BRAILLE: Current text object: None (Caret: 0, Line: 0). On same line: False
08:55:41.408630 - BRAILLE: Line 0: 'Bea member' focusOffset: 0 [[0, 10]]
08:55:41.408634 - BRAILLE: Cursor offset in line string is: 0
08:55:41.408640 - BRAILLE: Not adjusting offset 0. Cursor offset fits on display.
08:55:41.408644 - BRAILLE: Current range: (0, 32). Target cell: 0
08:55:41.408650 - BRAILLE LINE:  'Bea member'
08:55:41.408657 -      VISIBLE:  'Bea member', cursor=1
08:55:41.408672 - BRAILLE: Enabling braille. BrlAPI running: False
08:55:41.408675 - BRAILLE: Need to initialize first.
08:55:41.408689 - BRAILLE: Initializing. Callback: input_event_manager.InputEventManager.process_braille_event
08:55:41.408706 - BRAILLE: WINDOWPATH= None
08:55:41.408720 - BRAILLE: XDG_VTNR= 1
08:55:41.408739 - BRAILLE: Attempting connection with BrlAPI.
08:55:41.409062 - BRAILLE: BrlAPI Connection is unavailable (ConnectionError): couldn't connect to b':0' with key b'keyfile:/etc/brlapi.key+polkit': connect: No such file or directory
                  (brlerrno 11, libcerrno 2, gaierrno 0)
                  Is BRLTTY really running?
08:55:41.410926 - AXTable: Couldn't find table-implementing ancestor for [table cell: 'Bea member' (0x76499816f800)] 
08:55:41.410952 - AXTable: Setting last cell coordinates to row=-1, column=-1
08:55:41.410986 - FOCUS MANAGER: Setting last cursor position to [table cell: 'Bea member' (0x76499816f800)]  -1
08:55:41.411063 - FOCUS MANAGER: Active window is [frame: 'Reactive TUI App accessibility round 1' (0x764998126380)]  focus_manager.set_locus_of_focus:327 > focus_manager._save_object_details:254 > ax_utilities_event.save_object_info_for_events:195 > focus_manager.get_active_window:342
TOTAL PROCESSING TIME: 0.0811
^^^^^ FINISHED PRIORITY-3 OBJECT EVENT OBJECT:STATE-CHANGED:FOCUSED ^^^^^

08:55:41.412311 - EVENT MANAGER: Dequeueing object:state-changed:focused for [table cell: 'Ada member' (0x76499824c680)]  in accessibility_probe (AccessKit) (0, 0, 0)
08:55:41.412417 - EVENT MANAGER: Dequeued object:state-changed:focused for [table cell: 'Ada member' (0x76499824c680)]  in accessibility_probe (AccessKit) (0, 0, 0) priority: 3, counter: 67

vvvvv START PRIORITY-3 OBJECT EVENT OBJECT:STATE-CHANGED:FOCUSED (queue size: 50) vvvvv
08:55:41.416500 - EVENT SOURCE:
                  app='accessibility_probe (AccessKit )' name='Ada member' role='table cell' axid='' id=0x76499824c680
                  description=''
                  help=''
                  locale=''
                  states='enabled, focusable, selectable, sensitive, showing, visible'
                  relations=''
                  actions=''
                  interfaces='Component'
                  attributes=''
                  text=''
                  path=[-1, 0, 0, 1, 0]
                  
08:55:41.416552 - SCRIPT MANAGER: Active script is: accessibility_probe (module=orca.scripts.default)
08:55:41.416578 - FOCUS MANAGER: Locus of focus is [table cell: 'Bea member' (0x76499816f800)] 
08:55:41.416626 - EVENT MANAGER: Getting script for event for [application: 'accessibility_probe' (0x764998261a00)]  [table cell: 'Ada member' (0x76499824c680)] 
08:55:41.416651 - SCRIPT MANAGER: Getting script for [application: 'accessibility_probe' (0x764998261a00)]  [table cell: 'Ada member' (0x76499824c680)] 
08:55:41.416984 - SCRIPT MANAGER: Script is app script accessibility_probe (module=orca.scripts.default)
08:55:41.417015 - EVENT MANAGER: Script for event is accessibility_probe (module=orca.scripts.default)
08:55:41.417026 - EVENT MANAGER: Processing object:state-changed:focused: script for event is active
TOTAL PROCESSING TIME: 0.0046
^^^^^ FINISHED PRIORITY-3 OBJECT EVENT OBJECT:STATE-CHANGED:FOCUSED ^^^^^

08:55:41.417056 - WARNING: Braille initialization failed: BrlAPI connection unavailable.
08:55:41.417070 - BRAILLE: Scheduling BrlAPI retry in 2000 ms.
08:55:41.417145 - EVENT MANAGER: Dequeueing object:state-changed:showing for [frame: 'Terminal' (0x764998b08300)]  in org.gnome.Terminal (gtk 3.24.52) (1, 0, 0)
08:55:41.417181 - EVENT MANAGER: Dequeued object:state-changed:showing for [frame: 'Terminal' (0x764998b08300)]  in org.gnome.Terminal (gtk 3.24.52) (1, 0, 0) priority: 4, counter: 5

vvvvv START PRIORITY-4 OBJECT EVENT OBJECT:STATE-CHANGED:SHOWING (queue size: 49) vvvvv
08:55:41.417912 - EVENT SOURCE:
                  app='org.gnome.Terminal (gtk 3.24.52)' name='Terminal' role='frame' axid='' id=0x764998b08300
                  description=''
                  help=''
                  locale='C.UTF-8'
                  states='active, enabled, resizable, sensitive, showing, visible'
                  relations=''
                  actions=''
                  interfaces='Collection, Component'
                  attributes='toolkit:gtk, window-type:normal'
                  text=''
                  path=[-1, 0]
                  
08:55:41.417940 - SCRIPT MANAGER: Active script is: accessibility_probe (module=orca.scripts.default)
08:55:41.417959 - FOCUS MANAGER: Locus of focus is [table cell: 'Bea member' (0x76499816f800)] 
08:55:41.417993 - EVENT MANAGER: Getting script for event for [application: 'org.gnome.Terminal' (0x7649982405c0)]  [frame: 'Terminal' (0x764998b08300)] 
08:55:41.418011 - SCRIPT MANAGER: Getting script for [application: 'org.gnome.Terminal' (0x7649982405c0)]  [frame: 'Terminal' (0x764998b08300)] 
08:55:41.418040 - SCRIPT MANAGER: Script is app script org.gnome.Terminal (module=orca.scripts.toolkits.gtk.script)
08:55:41.418054 - EVENT MANAGER: Script for event is org.gnome.Terminal (module=orca.scripts.toolkits.gtk.script)
08:55:41.419049 - EVENT MANAGER: Change active script: False (No reason found to activate a different script.)
08:55:41.419086 - EVENT MANAGER: Processing object:state-changed:showing: script handles events when inactive
08:55:41.419185 - AXUtilitiesRelation: [frame: 'Terminal' (0x764998b08300)]  is popup for: []
TOTAL PROCESSING TIME: 0.0021
^^^^^ FINISHED PRIORITY-4 OBJECT EVENT OBJECT:STATE-CHANGED:SHOWING ^^^^^

08:55:41.419423 - EVENT MANAGER: Dequeueing object:text-changed:insert for [terminal: 'Terminal' (0x76499816c740)]  in org.gnome.Terminal (gtk 3.24.52) (0, 16, \n\n\n\n\n\n\n\n\n\n\n\n\n\n\n\n)
08:55:41.419470 - EVENT MANAGER: Dequeued object:text-changed:insert for [terminal: 'Terminal' (0x76499816c740)]  in org.gnome.Terminal (gtk 3.24.52) (0, 16, \n\n\n\n\n\n\n\n\n\n\n\n\n\n\n\n) priority: 4, counter: 11

vvvvv START PRIORITY-4 OBJECT EVENT OBJECT:TEXT-CHANGED:INSERT (queue size: 48) vvvvv
08:55:41.420470 - EVENT SOURCE:
                  app='org.gnome.Terminal (gtk 3.24.52)' name='Terminal' role='terminal' axid='' id=0x76499816c740
                  description=''
                  help=''
                  locale='C.UTF-8'
                  states='enabled, focusable, focused, sensitive, showing, visible'
                  relations=''
                  actions='menu'
                  interfaces='Action, Collection, Component, Text'
                  attributes='toolkit:gtk'
                  text='Member \nAda member \nUnavailable member ... \n \n \n \n \n (992 chars.)'
                  path=[-1, 0, 0, 1, 0, 0, 0, 0]
                  
08:55:41.420493 - SCRIPT MANAGER: Active script is: accessibility_probe (module=orca.scripts.default)
08:55:41.420512 - FOCUS MANAGER: Locus of focus is [table cell: 'Bea member' (0x76499816f800)] 
08:55:41.420539 - EVENT MANAGER: Getting script for event for [application: 'org.gnome.Terminal' (0x7649982405c0)]  [terminal: 'Terminal' (0x76499816c740)] 
08:55:41.420556 - SCRIPT MANAGER: Getting script for [application: 'org.gnome.Terminal' (0x7649982405c0)]  [terminal: 'Terminal' (0x76499816c740)] 
08:55:41.420583 - SCRIPT MANAGER: Script is custom script org.gnome.Terminal (module=orca.scripts.terminal.script)
08:55:41.420596 - EVENT MANAGER: Script for event is org.gnome.Terminal (module=orca.scripts.terminal.script)
08:55:41.421221 - EVENT MANAGER: Change active script: False (No reason found to activate a different script.)
08:55:41.421244 - EVENT MANAGER: Not processing object:text-changed:insert due to lack of reason
TOTAL PROCESSING TIME: 0.0018
^^^^^ FINISHED PRIORITY-4 OBJECT EVENT OBJECT:TEXT-CHANGED:INSERT ^^^^^

08:55:41.421342 - EVENT MANAGER: Dequeueing object:text-caret-moved for [terminal: 'Terminal' (0x76499816c740)]  in org.gnome.Terminal (gtk 3.24.52) (0, 0, 0)
08:55:41.421383 - EVENT MANAGER: Dequeued object:text-caret-moved for [terminal: 'Terminal' (0x76499816c740)]  in org.gnome.Terminal (gtk 3.24.52) (0, 0, 0) priority: 4, counter: 12

vvvvv START PRIORITY-4 OBJECT EVENT OBJECT:TEXT-CARET-MOVED (queue size: 47) vvvvv
08:55:41.421536 - EVENT MANAGER: object:text-caret-moved for [terminal: 'Terminal' (0x76499816c740)]  in org.gnome.Terminal (gtk 3.24.52) (0, 0, 0) obsoleted by object:text-caret-moved for [terminal: 'Terminal' (0x76499816c740)]  in org.gnome.Terminal (gtk 3.24.52) (141, 0, 0) more recent event of same type for same object
TOTAL PROCESSING TIME: 0.0002
^^^^^ FINISHED PRIORITY-4 OBJECT EVENT OBJECT:TEXT-CARET-MOVED ^^^^^

08:55:41.421611 - EVENT MANAGER: Dequeueing object:text-changed:delete for [terminal: 'Terminal' (0x76499816c740)]  in org.gnome.Terminal (gtk 3.24.52) (0, 2, \n\n)
08:55:41.421647 - EVENT MANAGER: Dequeued object:text-changed:delete for [terminal: 'Terminal' (0x76499816c740)]  in org.gnome.Terminal (gtk 3.24.52) (0, 2, \n\n) priority: 4, counter: 14

vvvvv START PRIORITY-4 OBJECT EVENT OBJECT:TEXT-CHANGED:DELETE (queue size: 46) vvvvv
08:55:41.422742 - EVENT SOURCE:
                  app='org.gnome.Terminal (gtk 3.24.52)' name='Terminal' role='terminal' axid='' id=0x76499816c740
                  description=''
                  help=''
                  locale='C.UTF-8'
                  states='enabled, focusable, focused, sensitive, showing, visible'
                  relations=''
                  actions='menu'
                  interfaces='Action, Collection, Component, Text'
                  attributes='toolkit:gtk'
                  text='Member \nAda member \nUnavailable member ... \n \n \n \n \n (992 chars.)'
                  path=[-1, 0, 0, 1, 0, 0, 0, 0]
                  
08:55:41.422817 - SCRIPT MANAGER: Active script is: accessibility_probe (module=orca.scripts.default)
08:55:41.422839 - FOCUS MANAGER: Locus of focus is [table cell: 'Bea member' (0x76499816f800)] 
08:55:41.422870 - EVENT MANAGER: Getting script for event for [application: 'org.gnome.Terminal' (0x7649982405c0)]  [terminal: 'Terminal' (0x76499816c740)] 
08:55:41.422897 - SCRIPT MANAGER: Getting script for [application: 'org.gnome.Terminal' (0x7649982405c0)]  [terminal: 'Terminal' (0x76499816c740)] 
08:55:41.422928 - SCRIPT MANAGER: Script is custom script org.gnome.Terminal (module=orca.scripts.terminal.script)
08:55:41.422941 - EVENT MANAGER: Script for event is org.gnome.Terminal (module=orca.scripts.terminal.script)
08:55:41.423441 - EVENT MANAGER: Change active script: False (No reason found to activate a different script.)
08:55:41.423454 - EVENT MANAGER: Not processing object:text-changed:delete due to lack of reason
TOTAL PROCESSING TIME: 0.0018
^^^^^ FINISHED PRIORITY-4 OBJECT EVENT OBJECT:TEXT-CHANGED:DELETE ^^^^^

08:55:41.423534 - EVENT MANAGER: Dequeueing object:text-changed:insert for [terminal: 'Terminal' (0x76499816c740)]  in org.gnome.Terminal (gtk 3.24.52) (13, 2, \n\n)
08:55:41.423570 - EVENT MANAGER: Dequeued object:text-changed:insert for [terminal: 'Terminal' (0x76499816c740)]  in org.gnome.Terminal (gtk 3.24.52) (13, 2, \n\n) priority: 4, counter: 15

vvvvv START PRIORITY-4 OBJECT EVENT OBJECT:TEXT-CHANGED:INSERT (queue size: 45) vvvvv
08:55:41.424828 - EVENT SOURCE:
                  app='org.gnome.Terminal (gtk 3.24.52)' name='Terminal' role='terminal' axid='' id=0x76499816c740
                  description=''
                  help=''
                  locale='C.UTF-8'
                  states='enabled, focusable, focused, sensitive, showing, visible'
                  relations=''
                  actions='menu'
                  interfaces='Action, Collection, Component, Text'
                  attributes='toolkit:gtk'
                  text='Member \nAda member \nUnavailable member ... \n \n \n \n \n (992 chars.)'
                  path=[-1, 0, 0, 1, 0, 0, 0, 0]
                  
08:55:41.424862 - SCRIPT MANAGER: Active script is: accessibility_probe (module=orca.scripts.default)
08:55:41.424885 - FOCUS MANAGER: Locus of focus is [table cell: 'Bea member' (0x76499816f800)] 
08:55:41.424912 - EVENT MANAGER: Getting script for event for [application: 'org.gnome.Terminal' (0x7649982405c0)]  [terminal: 'Terminal' (0x76499816c740)] 
08:55:41.424931 - SCRIPT MANAGER: Getting script for [application: 'org.gnome.Terminal' (0x7649982405c0)]  [terminal: 'Terminal' (0x76499816c740)] 
08:55:41.424955 - SCRIPT MANAGER: Script is custom script org.gnome.Terminal (module=orca.scripts.terminal.script)
08:55:41.424968 - EVENT MANAGER: Script for event is org.gnome.Terminal (module=orca.scripts.terminal.script)
08:55:41.425416 - EVENT MANAGER: Change active script: False (No reason found to activate a different script.)
08:55:41.425424 - EVENT MANAGER: Not processing object:text-changed:insert due to lack of reason
TOTAL PROCESSING TIME: 0.0019
^^^^^ FINISHED PRIORITY-4 OBJECT EVENT OBJECT:TEXT-CHANGED:INSERT ^^^^^

08:55:41.425494 - EVENT MANAGER: Dequeueing object:text-caret-moved for [terminal: 'Terminal' (0x76499816c740)]  in org.gnome.Terminal (gtk 3.24.52) (6, 0, 0)
08:55:41.425530 - EVENT MANAGER: Dequeued object:text-caret-moved for [terminal: 'Terminal' (0x76499816c740)]  in org.gnome.Terminal (gtk 3.24.52) (6, 0, 0) priority: 4, counter: 24

vvvvv START PRIORITY-4 OBJECT EVENT OBJECT:TEXT-CARET-MOVED (queue size: 44) vvvvv
08:55:41.425794 - EVENT MANAGER: object:text-caret-moved for [terminal: 'Terminal' (0x76499816c740)]  in org.gnome.Terminal (gtk 3.24.52) (6, 0, 0) obsoleted by object:text-caret-moved for [terminal: 'Terminal' (0x76499816c740)]  in org.gnome.Terminal (gtk 3.24.52) (121, 0, 0) more recent event of same type for same object
TOTAL PROCESSING TIME: 0.0003
^^^^^ FINISHED PRIORITY-4 OBJECT EVENT OBJECT:TEXT-CARET-MOVED ^^^^^

08:55:41.425837 - EVENT MANAGER: Dequeueing object:text-changed:delete for [terminal: 'Terminal' (0x76499816c740)]  in org.gnome.Terminal (gtk 3.24.52) (0, 6, \n\n\n\n\n\n)
08:55:41.425869 - EVENT MANAGER: Dequeued object:text-changed:delete for [terminal: 'Terminal' (0x76499816c740)]  in org.gnome.Terminal (gtk 3.24.52) (0, 6, \n\n\n\n\n\n) priority: 4, counter: 25

vvvvv START PRIORITY-4 OBJECT EVENT OBJECT:TEXT-CHANGED:DELETE (queue size: 43) vvvvv
08:55:41.426914 - EVENT SOURCE:
                  app='org.gnome.Terminal (gtk 3.24.52)' name='Terminal' role='terminal' axid='' id=0x76499816c740
                  description=''
                  help=''
                  locale='C.UTF-8'
                  states='enabled, focusable, focused, sensitive, showing, visible'
                  relations=''
                  actions='menu'
                  interfaces='Action, Collection, Component, Text'
                  attributes='toolkit:gtk'
                  text='Member \nAda member \nUnavailable member ... \n \n \n \n \n (992 chars.)'
                  path=[-1, 0, 0, 1, 0, 0, 0, 0]
                  
08:55:41.426957 - SCRIPT MANAGER: Active script is: accessibility_probe (module=orca.scripts.default)
08:55:41.427000 - FOCUS MANAGER: Locus of focus is [table cell: 'Bea member' (0x76499816f800)] 
08:55:41.427043 - EVENT MANAGER: Getting script for event for [application: 'org.gnome.Terminal' (0x7649982405c0)]  [terminal: 'Terminal' (0x76499816c740)] 
08:55:41.427069 - SCRIPT MANAGER: Getting script for [application: 'org.gnome.Terminal' (0x7649982405c0)]  [terminal: 'Terminal' (0x76499816c740)] 
08:55:41.427104 - SCRIPT MANAGER: Script is custom script org.gnome.Terminal (module=orca.scripts.terminal.script)
08:55:41.427125 - EVENT MANAGER: Script for event is org.gnome.Terminal (module=orca.scripts.terminal.script)
08:55:41.427630 - EVENT MANAGER: Change active script: False (No reason found to activate a different script.)
08:55:41.427641 - EVENT MANAGER: Not processing object:text-changed:delete due to lack of reason
TOTAL PROCESSING TIME: 0.0018
^^^^^ FINISHED PRIORITY-4 OBJECT EVENT OBJECT:TEXT-CHANGED:DELETE ^^^^^

08:55:41.427729 - EVENT MANAGER: Dequeueing object:text-changed:insert for [terminal: 'Terminal' (0x76499816c740)]  in org.gnome.Terminal (gtk 3.24.52) (0, 376, Painted account ▼ \n Painted... ▼ \n \n \n \n (382 chars.))
08:55:41.427797 - EVENT MANAGER: Dequeued object:text-changed:insert for [terminal: 'Terminal' (0x76499816c740)]  in org.gnome.Terminal (gtk 3.24.52) (0, 376, Painted account ▼ \n Painted... ▼ \n \n \n \n (382 chars.)) priority: 4, counter: 26

vvvvv START PRIORITY-4 OBJECT EVENT OBJECT:TEXT-CHANGED:INSERT (queue size: 42) vvvvv
08:55:41.430446 - EVENT SOURCE:
                  app='org.gnome.Terminal (gtk 3.24.52)' name='Terminal' role='terminal' axid='' id=0x76499816c740
                  description=''
                  help=''
                  locale='C.UTF-8'
                  states='enabled, focusable, focused, sensitive, showing, visible'
                  relations=''
                  actions='menu'
                  interfaces='Action, Collection, Component, Text'
                  attributes='toolkit:gtk'
                  text='Member \nAda member \nUnavailable member ... \n \n \n \n \n (992 chars.)'
                  path=[-1, 0, 0, 1, 0, 0, 0, 0]
                  
08:55:41.430500 - SCRIPT MANAGER: Active script is: accessibility_probe (module=orca.scripts.default)
08:55:41.430548 - FOCUS MANAGER: Locus of focus is [table cell: 'Bea member' (0x76499816f800)] 
08:55:41.430623 - EVENT MANAGER: Getting script for event for [application: 'org.gnome.Terminal' (0x7649982405c0)]  [terminal: 'Terminal' (0x76499816c740)] 
08:55:41.430673 - SCRIPT MANAGER: Getting script for [application: 'org.gnome.Terminal' (0x7649982405c0)]  [terminal: 'Terminal' (0x76499816c740)] 
08:55:41.430723 - SCRIPT MANAGER: Script is custom script org.gnome.Terminal (module=orca.scripts.terminal.script)
08:55:41.430754 - EVENT MANAGER: Script for event is org.gnome.Terminal (module=orca.scripts.terminal.script)
08:55:41.431571 - EVENT MANAGER: Change active script: False (No reason found to activate a different script.)
08:55:41.431596 - EVENT MANAGER: Not processing object:text-changed:insert due to lack of reason
TOTAL PROCESSING TIME: 0.0038
^^^^^ FINISHED PRIORITY-4 OBJECT EVENT OBJECT:TEXT-CHANGED:INSERT ^^^^^

08:55:41.431747 - EVENT MANAGER: Dequeueing object:text-caret-moved for [terminal: 'Terminal' (0x76499816c740)]  in org.gnome.Terminal (gtk 3.24.52) (376, 0, 0)
08:55:41.431839 - EVENT MANAGER: Dequeued object:text-caret-moved for [terminal: 'Terminal' (0x76499816c740)]  in org.gnome.Terminal (gtk 3.24.52) (376, 0, 0) priority: 4, counter: 27

vvvvv START PRIORITY-4 OBJECT EVENT OBJECT:TEXT-CARET-MOVED (queue size: 41) vvvvv
08:55:41.432592 - EVENT MANAGER: object:text-caret-moved for [terminal: 'Terminal' (0x76499816c740)]  in org.gnome.Terminal (gtk 3.24.52) (376, 0, 0) obsoleted by object:text-caret-moved for [terminal: 'Terminal' (0x76499816c740)]  in org.gnome.Terminal (gtk 3.24.52) (121, 0, 0) more recent event of same type for same object
TOTAL PROCESSING TIME: 0.0008
^^^^^ FINISHED PRIORITY-4 OBJECT EVENT OBJECT:TEXT-CARET-MOVED ^^^^^


08:55:41.432721 - EVENT MANAGER: object:state-changed:focused for [table cell: 'Ada member' (0x76499824c680)]  in accessibility_probe (AccessKit) (1, 0, 0)
08:55:41.432760 - FOCUS MANAGER: Locus of focus is [table cell: 'Bea member' (0x76499816f800)] 
08:55:41.432868 - EVENT_MANAGER: Not ignoring object:state-changed:focused due to source being focused
08:55:41.432923 - EVENT MANAGER: Queueing object:state-changed:focused for [table cell: 'Ada member' (0x76499824c680)]  in accessibility_probe (AccessKit) (1, 0, 0)
08:55:41.432944 - EVENT MANAGER: App for event source is [application: 'accessibility_probe' (0x764998261a00)] 
08:55:41.432963 - SCRIPT MANAGER: Getting script for [application: 'accessibility_probe' (0x764998261a00)]  [table cell: 'Ada member' (0x76499824c680)] 
08:55:41.433641 - SCRIPT MANAGER: Script is app script accessibility_probe (module=orca.scripts.default)
08:55:41.433751 - EVENT MANAGER: object:state-changed:focused for [table cell: 'Ada member' (0x76499824c680)]  in accessibility_probe (AccessKit) (1, 0, 0) has priority level: 3
08:55:41.433842 - EVENT MANAGER: Queued object:state-changed:focused for [table cell: 'Ada member' (0x76499824c680)]  in accessibility_probe (AccessKit) (1, 0, 0) priority: 3, counter: 69

08:55:41.433940 - EVENT MANAGER: object:state-changed:focused for [table cell: 'Bea member' (0x76499816f800)]  in accessibility_probe (AccessKit) (0, 0, 0)
08:55:41.434002 - FOCUS MANAGER: Locus of focus is [table cell: 'Bea member' (0x76499816f800)] 
08:55:41.434095 - EVENT_MANAGER: Not ignoring object:state-changed:focused due to source being locus of focus
08:55:41.434140 - EVENT MANAGER: Queueing object:state-changed:focused for [table cell: 'Bea member' (0x76499816f800)]  in accessibility_probe (AccessKit) (0, 0, 0)
08:55:41.434159 - EVENT MANAGER: App for event source is [application: 'accessibility_probe' (0x764998261a00)] 
08:55:41.434176 - SCRIPT MANAGER: Getting script for [application: 'accessibility_probe' (0x764998261a00)]  [table cell: 'Bea member' (0x76499816f800)] 
08:55:41.434606 - SCRIPT MANAGER: Script is app script accessibility_probe (module=orca.scripts.default)
08:55:41.434707 - EVENT MANAGER: object:state-changed:focused for [table cell: 'Bea member' (0x76499816f800)]  in accessibility_probe (AccessKit) (0, 0, 0) has priority level: 3
08:55:41.434795 - EVENT MANAGER: Queued object:state-changed:focused for [table cell: 'Bea member' (0x76499816f800)]  in accessibility_probe (AccessKit) (0, 0, 0) priority: 3, counter: 70
08:55:41.434901 - EVENT MANAGER: Dequeueing object:state-changed:focused for [table cell: 'Ada member' (0x76499824c680)]  in accessibility_probe (AccessKit) (1, 0, 0)
08:55:41.434991 - EVENT MANAGER: Dequeued object:state-changed:focused for [table cell: 'Ada member' (0x76499824c680)]  in accessibility_probe (AccessKit) (1, 0, 0) priority: 3, counter: 69

vvvvv START PRIORITY-3 OBJECT EVENT OBJECT:STATE-CHANGED:FOCUSED (queue size: 42) vvvvv
08:55:41.440561 - EVENT SOURCE:
                  app='accessibility_probe (AccessKit )' name='Ada member' role='table cell' axid='' id=0x76499824c680
                  description=''
                  help=''
                  locale=''
                  states='enabled, focusable, focused, selectable, sensitive, showing, visible'
                  relations=''
                  actions=''
                  interfaces='Component'
                  attributes=''
                  text=''
                  path=[-1, 0, 0, 1, 0]
                  
08:55:41.440622 - SCRIPT MANAGER: Active script is: accessibility_probe (module=orca.scripts.default)
08:55:41.440647 - FOCUS MANAGER: Locus of focus is [table cell: 'Bea member' (0x76499816f800)] 
08:55:41.440678 - EVENT MANAGER: Getting script for event for [application: 'accessibility_probe' (0x764998261a00)]  [table cell: 'Ada member' (0x76499824c680)] 
08:55:41.440694 - SCRIPT MANAGER: Getting script for [application: 'accessibility_probe' (0x764998261a00)]  [table cell: 'Ada member' (0x76499824c680)] 
08:55:41.440850 - SCRIPT MANAGER: Script is app script accessibility_probe (module=orca.scripts.default)
08:55:41.440865 - EVENT MANAGER: Script for event is accessibility_probe (module=orca.scripts.default)
08:55:41.440871 - EVENT MANAGER: Processing object:state-changed:focused: script for event is active
08:55:41.441731 - SCRIPT UTILITIES: [frame: 'Reactive TUI App accessibility round 1' (0x764998126380)]  is top-level object for: [table cell: 'Ada member' (0x76499824c680)] 
08:55:41.442578 - SCRIPT UTILITIES: [table cell: 'Ada member' (0x76499824c680)]  is in frame [frame: 'Reactive TUI App accessibility round 1' (0x764998126380)]  and dialog None
08:55:41.442606 - AXObject: Clearing AT-SPI cache on [frame: 'Reactive TUI App accessibility round 1' (0x764998126380)]  Recursive: False.  Reason: Checking if window can be the active window
08:55:41.445212 - AXUtilities: [frame: 'Reactive TUI App accessibility round 1' (0x764998126380)]  from [application: 'accessibility_probe' (0x764998261a00)]  can be active window
08:55:41.445392 - FOCUS MANAGER: Request to set locus of focus to [table cell: 'Ada member' (0x76499824c680)]  event_manager._dequeue_object_event:666 > event_manager._process_object_event:982 > default._on_focused_changed:1114 > focus_manager.set_locus_of_focus:271
08:55:41.445739 - AXObject: Clearing AT-SPI cache on [table cell: 'Ada member' (0x76499824c680)]  Recursive: True.  Reason: Setting locus of focus.
08:55:41.445768 - SCRIPT MANAGER: Active script is: accessibility_probe (module=orca.scripts.default)
08:55:41.446439 - FOCUS MANAGER: Changing locus of focus from [table cell: 'Bea member' (0x76499816f800)]  to [table cell: 'Ada member' (0x76499824c680)] . Notify: True
08:55:41.446694 - FOCUS MANAGER: Region of interest: [table cell: 'Ada member' (0x76499824c680)]  (0, 0)
08:55:41.446939 - FOCUS MANAGER: Switching object of interest from [table cell: 'Bea member' (0x76499816f800)]  to [table cell: 'Ada member' (0x76499824c680)] 
08:55:41.449130 - DOCUMENT PRESENTER: Updating mode for focus change. Old focus: [table cell: 'Bea member' (0x76499816f800)]  old doc: None New focus: [table cell: 'Ada member' (0x76499824c680)]  new doc: None
08:55:41.449151 - SCRIPT MANAGER: Active script is: accessibility_probe (module=orca.scripts.default)
08:55:41.449157 - CARET NAVIGATOR: Commands suspended: False: locus of focus no longer in document
08:55:41.449210 - GSETTINGS SCHEMA HANDLE: keybindings/keyboard-layout not set [app:accessibility_probe, profile:default]
08:55:41.449218 - GSETTINGS REGISTRY: keybindings/keyboard-layout using default value = 'desktop'
08:55:41.449232 - GSETTINGS SCHEMA HANDLE: keybindings/desktop-modifier-keys not set [app:accessibility_probe, profile:default]
08:55:41.449237 - GSETTINGS REGISTRY: keybindings/desktop-modifier-keys using default value = ['Insert', 'KP_Insert']
08:55:41.449270 - SCRIPT MANAGER: Active script is: accessibility_probe (module=orca.scripts.default)
08:55:41.449274 - STRUCTURAL NAVIGATOR: Suspended: False: locus of focus no longer in document
08:55:41.449287 - GSETTINGS SCHEMA HANDLE: keybindings/keyboard-layout not set [app:accessibility_probe, profile:default]
08:55:41.449290 - GSETTINGS REGISTRY: keybindings/keyboard-layout using default value = 'desktop'
08:55:41.449301 - GSETTINGS SCHEMA HANDLE: keybindings/desktop-modifier-keys not set [app:accessibility_probe, profile:default]
08:55:41.449305 - GSETTINGS REGISTRY: keybindings/desktop-modifier-keys using default value = ['Insert', 'KP_Insert']
08:55:41.449342 - STRUCTURAL NAVIGATOR: Setting mode for accessibility_probe (module=orca.scripts.default) to NavigationMode.OFF
08:55:41.449355 - SCRIPT MANAGER: Active script is: accessibility_probe (module=orca.scripts.default)
08:55:41.449368 - GSETTINGS SCHEMA HANDLE: keybindings/keyboard-layout not set [app:accessibility_probe, profile:default]
08:55:41.449372 - GSETTINGS REGISTRY: keybindings/keyboard-layout using default value = 'desktop'
08:55:41.449382 - GSETTINGS SCHEMA HANDLE: keybindings/desktop-modifier-keys not set [app:accessibility_probe, profile:default]
08:55:41.449386 - GSETTINGS REGISTRY: keybindings/desktop-modifier-keys using default value = ['Insert', 'KP_Insert']
08:55:41.449417 - CARET NAVIGATOR: Setting enabled state for accessibility_probe (module=orca.scripts.default) to False
08:55:41.449429 - SCRIPT MANAGER: Active script is: accessibility_probe (module=orca.scripts.default)
08:55:41.449441 - GSETTINGS SCHEMA HANDLE: keybindings/keyboard-layout not set [app:accessibility_probe, profile:default]
08:55:41.449444 - GSETTINGS REGISTRY: keybindings/keyboard-layout using default value = 'desktop'
08:55:41.449454 - GSETTINGS SCHEMA HANDLE: keybindings/desktop-modifier-keys not set [app:accessibility_probe, profile:default]
08:55:41.449458 - GSETTINGS REGISTRY: keybindings/desktop-modifier-keys using default value = ['Insert', 'KP_Insert']
08:55:41.450312 - SCRIPT UTILITIES: [frame: 'Reactive TUI App accessibility round 1' (0x764998126380)]  is top-level object for: [table cell: 'Ada member' (0x76499824c680)] 
08:55:41.450328 - FOCUS MANAGER: Request to set active window to [frame: 'Reactive TUI App accessibility round 1' (0x764998126380)] 
08:55:41.450332 - FOCUS MANAGER: Setting active window to existing active window
08:55:41.451199 - SCRIPT MANAGER: Getting script for [application: 'accessibility_probe' (0x764998261a00)]  [table cell: 'Ada member' (0x76499824c680)] 
08:55:41.451340 - SCRIPT MANAGER: Script is app script accessibility_probe (module=orca.scripts.default)
08:55:41.452175 - AXUtilitiesRelation: [table cell: 'Bea member' (0x76499816f800)]  is controlled by [table cell: 'Ada member' (0x76499824c680)] : False
08:55:41.452202 - AXUtilitiesRelation: [table cell: 'Ada member' (0x76499824c680)]  is controlled by [table cell: 'Bea member' (0x76499816f800)] : False
08:55:41.452206 - PRESENTATION MANAGER: Interrupting presentation
08:55:41.452237 - SPEECH MANAGER: interrupt_speech. Script: None Event: None notify_user: False
08:55:41.452769 - SPEECH MANAGER: Speech server is <orca.speechdispatcherfactory.SpeechServer object at 0x764998af96a0>
08:55:41.452823 - BRAILLE: Kill flash message presentation_manager.interrupt_if_needed_for_focus_change:100 > presentation_manager.interrupt_presentation:88 > braille_presenter.kill_flash:1829 > braille.kill_flash:2182
08:55:41.453252 - FOCUS MANAGER: Active mode: focus-tracking Object of interest: [table cell: 'Ada member' (0x76499824c680)] 
08:55:41.453290 - GSETTINGS SCHEMA HANDLE: speech/enable not set [app:accessibility_probe, profile:default]
08:55:41.453297 - GSETTINGS REGISTRY: speech/enable using default value = True
08:55:41.453315 - GSETTINGS SCHEMA HANDLE: speech/verbosity-level not set [app:accessibility_probe, profile:default]
08:55:41.453319 - GSETTINGS REGISTRY: speech/verbosity-level using default value = 'verbose'
08:55:41.453334 - FOCUS MANAGER: Locus of focus is [table cell: 'Ada member' (0x76499824c680)] 
08:55:41.453349 - SCRIPT MANAGER: Active script is: accessibility_probe (module=orca.scripts.default)
08:55:41.453365 - GSETTINGS SCHEMA HANDLE: speech/only-speak-displayed-text not set [app:accessibility_probe, profile:default]
08:55:41.453369 - GSETTINGS REGISTRY: speech/only-speak-displayed-text using default value = False
08:55:41.453380 - GSETTINGS SCHEMA HANDLE: speech/speak-description not set [app:accessibility_probe, profile:default]
08:55:41.453383 - GSETTINGS REGISTRY: speech/speak-description using default value = True
08:55:41.453393 - GSETTINGS SCHEMA HANDLE: speech/speak-tutorial-messages not set [app:accessibility_probe, profile:default]
08:55:41.453397 - GSETTINGS REGISTRY: speech/speak-tutorial-messages using default value = True
08:55:41.453407 - GSETTINGS SCHEMA HANDLE: speech/speak-position-in-set not set [app:accessibility_probe, profile:default]
08:55:41.453411 - GSETTINGS REGISTRY: speech/speak-position-in-set using default value = False
08:55:41.453421 - GSETTINGS SCHEMA HANDLE: speech/speak-widget-mnemonic not set [app:accessibility_probe, profile:default]
08:55:41.453425 - GSETTINGS REGISTRY: speech/speak-widget-mnemonic using default value = True
08:55:41.453434 - GSETTINGS SCHEMA HANDLE: speech/speak-blank-lines not set [app:accessibility_probe, profile:default]
08:55:41.453438 - GSETTINGS REGISTRY: speech/speak-blank-lines using default value = True
08:55:41.453448 - GSETTINGS SCHEMA HANDLE: speech/speak-indentation-and-justification not set [app:accessibility_probe, profile:default]
08:55:41.453451 - GSETTINGS REGISTRY: speech/speak-indentation-and-justification using default value = False
08:55:41.453461 - GSETTINGS SCHEMA HANDLE: speech/announce-cell-headers not set [app:accessibility_probe, profile:default]
08:55:41.453464 - GSETTINGS REGISTRY: speech/announce-cell-headers using default value = True
08:55:41.453473 - GSETTINGS SCHEMA HANDLE: speech/announce-cell-coordinates not set [app:accessibility_probe, profile:default]
08:55:41.453476 - GSETTINGS REGISTRY: speech/announce-cell-coordinates using default value = True
08:55:41.453486 - GSETTINGS SCHEMA HANDLE: speech/announce-spreadsheet-cell-coordinates not set [app:accessibility_probe, profile:default]
08:55:41.453490 - GSETTINGS REGISTRY: speech/announce-spreadsheet-cell-coordinates using default value = True
08:55:41.453499 - GSETTINGS SCHEMA HANDLE: speech/announce-blockquote not set [app:accessibility_probe, profile:default]
08:55:41.453502 - GSETTINGS REGISTRY: speech/announce-blockquote using default value = True
08:55:41.453512 - GSETTINGS SCHEMA HANDLE: speech/announce-form not set [app:accessibility_probe, profile:default]
08:55:41.453518 - GSETTINGS REGISTRY: speech/announce-form using default value = True
08:55:41.453527 - GSETTINGS SCHEMA HANDLE: speech/announce-landmark not set [app:accessibility_probe, profile:default]
08:55:41.453530 - GSETTINGS REGISTRY: speech/announce-landmark using default value = True
08:55:41.453538 - GSETTINGS SCHEMA HANDLE: speech/announce-list not set [app:accessibility_probe, profile:default]
08:55:41.453542 - GSETTINGS REGISTRY: speech/announce-list using default value = True
08:55:41.453551 - GSETTINGS SCHEMA HANDLE: speech/announce-grouping not set [app:accessibility_probe, profile:default]
08:55:41.453554 - GSETTINGS REGISTRY: speech/announce-grouping using default value = True
08:55:41.453563 - GSETTINGS SCHEMA HANDLE: speech/announce-table not set [app:accessibility_probe, profile:default]
08:55:41.453566 - GSETTINGS REGISTRY: speech/announce-table using default value = True
08:55:41.454838 - GENERATOR: _get_functional_role: table-cell
08:55:41.454913 - SPEECH GENERATOR: speech_generator.SpeechGenerator._generate_table_cell_in_row for [table cell: 'Ada member' (0x76499824c680)]  args: {'formatType': 'unfocused', 'priorObj': "[table cell: 'Bea member' (0x76499816f800)] ", 'role': 'table-cell'}
08:55:41.456312 - AXTable: Couldn't find table-implementing ancestor for [table cell: 'Ada member' (0x76499824c680)] 
08:55:41.456400 - SPEECH GENERATOR: speech_generator.SpeechGenerator._generate_table_cell for [table cell: 'Ada member' (0x76499824c680)]  args: {'formatType': 'unfocused', 'priorObj': "[table cell: 'Bea member' (0x76499816f800)] ", 'role': 'REAL_ROLE_TABLE_CELL'}
08:55:41.458695 - SCRIPT UTILITIES: [frame: 'Reactive TUI App accessibility round 1' (0x764998126380)]  is top-level object for: [table cell: 'Ada member' (0x76499824c680)] 
08:55:41.460755 - SCRIPT UTILITIES: [table cell: 'Ada member' (0x76499824c680)]  is in frame [frame: 'Reactive TUI App accessibility round 1' (0x764998126380)]  and dialog None
08:55:41.461321 - AXUtilitiesObject: Looking for common ancestor of [table cell: 'Ada member' (0x76499824c680)]  and [table cell: 'Bea member' (0x76499816f800)] 
08:55:41.463843 - AXUtilitiesObject: Common ancestor of [table cell: 'Ada member' (0x76499824c680)]  and [table cell: 'Bea member' (0x76499816f800)]  is [table: 'Project members' (0x764998134a00)] 
08:55:41.465999 - GENERATOR: _get_functional_role: table-row
08:55:41.468148 - GENERATOR: _get_functional_role: table
08:55:41.468215 - AXUtilities: [table: 'Project members' (0x764998134a00)]  believed to be layout only: True, is layout table
08:55:41.468263 - SPEECH GENERATOR: _generate_old_ancestors: []
08:55:41.468385 - AXUtilitiesObject: Looking for common ancestor of [table cell: 'Bea member' (0x76499816f800)]  and [table cell: 'Ada member' (0x76499824c680)] 
08:55:41.470984 - AXUtilitiesObject: Common ancestor of [table cell: 'Bea member' (0x76499816f800)]  and [table cell: 'Ada member' (0x76499824c680)]  is [table: 'Project members' (0x764998134a00)] 
08:55:41.472462 - GENERATOR: _get_functional_role: table
08:55:41.474190 - GENERATOR: _get_functional_role: table-row
08:55:41.474244 - AXUtilities: [table row (0x764998bad4c0)]  believed to be layout only: False, is selectable
08:55:41.478480 - GENERATOR: _get_functional_role: table
08:55:41.478557 - AXUtilities: [table: 'Project members' (0x764998134a00)]  believed to be layout only: True, is layout table
08:55:41.478749 - SPEECH GENERATOR: speech_generator.SpeechGenerator._generate_table_row for [table row (0x764998bad4c0)]  args: {'ancestorOf': "[table cell: 'Ada member' (0x76499824c680)] ",
                   'count': '1',
                   'formatType': 'ancestor',
                   'leaving': 'None',
                   'priorObj': "[table cell: 'Bea member' (0x76499816f800)] ",
                   'role': 'table-row'}
08:55:41.478854 - GENERATOR: _generate_state_expanded: []
08:55:41.478890 - SPEECH GENERATOR: _generate_state_expanded: []
08:55:41.478922 - SPEECH GENERATOR: Results: []
08:55:41.478963 - SPEECH GENERATOR: _generate_new_ancestors: [[]]
08:55:41.481782 - AXTable: Couldn't find table-implementing ancestor for [table cell: 'Ada member' (0x76499824c680)] 
08:55:41.481832 - SPEECH GENERATOR: _generate_table_cell_row_header: []
08:55:41.483744 - AXTable: Couldn't find table-implementing ancestor for [table cell: 'Ada member' (0x76499824c680)] 
08:55:41.483787 - SPEECH GENERATOR: _generate_table_cell_column_header: []
08:55:41.483849 - GENERATOR: _generate_state_checked_for_cell: []
08:55:41.484112 - GENERATOR: _generate_text_substring: []
08:55:41.484146 - SPEECH GENERATOR: _generate_text_substring: []
08:55:41.484180 - GENERATOR: _generate_text_content: []
08:55:41.484208 - SPEECH GENERATOR: _generate_text_content: []
08:55:41.484235 - GENERATOR: _generate_real_active_descendant_displayed_text: []
08:55:41.484303 - AXUtilitiesRelation: [table cell: 'Ada member' (0x76499824c680)]  is labelled by: []
08:55:41.484333 - GENERATOR: _generate_accessible_label: []
08:55:41.484359 - SPEECH GENERATOR: _generate_accessible_label: []
08:55:41.484406 - GENERATOR: _generate_accessible_name: [Ada member]
08:55:41.484490 - GSETTINGS SCHEMA HANDLE: voice/established not set [app:accessibility_probe, profile:default]
08:55:41.484532 - GSETTINGS SCHEMA HANDLE: voice/rate not set [app:accessibility_probe, profile:default]
08:55:41.484569 - GSETTINGS SCHEMA HANDLE: voice/pitch not set [app:accessibility_probe, profile:default]
08:55:41.484605 - GSETTINGS SCHEMA HANDLE: voice/volume not set [app:accessibility_probe, profile:default]
08:55:41.484643 - GSETTINGS SCHEMA HANDLE: voice/family-name not set [app:accessibility_probe, profile:default]
08:55:41.484678 - GSETTINGS SCHEMA HANDLE: voice/family-lang not set [app:accessibility_probe, profile:default]
08:55:41.484711 - GSETTINGS SCHEMA HANDLE: voice/family-dialect not set [app:accessibility_probe, profile:default]
08:55:41.484747 - GSETTINGS SCHEMA HANDLE: voice/family-gender not set [app:accessibility_probe, profile:default]
08:55:41.484780 - GSETTINGS SCHEMA HANDLE: voice/family-variant not set [app:accessibility_probe, profile:default]
08:55:41.484839 - SPEECH GENERATOR: default voice requested for [table cell: 'Ada member' (0x76499824c680)]  language='', dialect='' Unmodified voice={'established': False}
08:55:41.484892 - SPEECH GENERATOR: Reported locale of [table cell: 'Ada member' (0x76499824c680)]  is 
08:55:41.484923 - SPEECH GENERATOR: Updated to: 'C', ''
08:55:41.484973 - GSETTINGS SCHEMA HANDLE: speech/auto-language-switching not set [app:accessibility_probe, profile:default]
08:55:41.484992 - GSETTINGS REGISTRY: speech/auto-language-switching using default value = True
08:55:41.485012 - SPEECH DISPATCHER: Returning cached result for language='C' dialect='' variant='None'
08:55:41.485081 - SPEECH GENERATOR: Family updated to {'dialect': '', 'lang': 'C', 'name': ''}
08:55:41.485165 - SPEECH GENERATOR: Final voice is {'established': 'False', 'family': "{'dialect': '', 'lang': 'C', 'name': ''}"}
08:55:41.485283 - SPEECH GENERATOR: _generate_accessible_name: [Ada member, {'established': 'False', 'family': "{'dialect': '', 'lang': 'C', 'name': ''}"}]
08:55:41.485375 - GENERATOR: _generate_accessible_label_and_name: [Ada member, {'established': 'False', 'family': "{'dialect': '', 'lang': 'C', 'name': ''}"}]
08:55:41.485405 - SPEECH PRESENTER: Adjusting 'Ada member' from [table cell: 'Ada member' (0x76499824c680)]  start_offset: None
08:55:41.485632 - GSETTINGS SCHEMA HANDLE: speech/speak-numbers-as-digits not set [app:accessibility_probe, profile:default]
08:55:41.485639 - GSETTINGS REGISTRY: speech/speak-numbers-as-digits using default value = False
08:55:41.485668 - GSETTINGS SCHEMA HANDLE: speech/repeated-character-limit not set [app:accessibility_probe, profile:default]
08:55:41.485673 - GSETTINGS REGISTRY: speech/repeated-character-limit using default value = 4
08:55:41.492390 - GSETTINGS SCHEMA HANDLE: speech/use-pronunciation-dictionary not set [app:accessibility_probe, profile:default]
08:55:41.492424 - GSETTINGS REGISTRY: speech/use-pronunciation-dictionary using default value = True
08:55:41.492438 - SPEECH PRESENTER: Adjusted text: 'Ada member'
08:55:41.492516 - SPEECH GENERATOR: _generate_accessible_label_and_name: [Ada member, {'established': 'False', 'family': "{'dialect': '', 'lang': 'C', 'name': ''}"}]
08:55:41.492557 - GENERATOR: _generate_state_expanded: []
08:55:41.492571 - SPEECH GENERATOR: _generate_state_expanded: []
08:55:41.493453 - SPEECH GENERATOR: _generate_number_of_children: []
08:55:41.493481 - GENERATOR: _generate_state_required: []
08:55:41.493495 - SPEECH GENERATOR: _generate_state_required: []
08:55:41.493519 - GSETTINGS SCHEMA HANDLE: speech/insert-pauses-between-utterances not set [app:accessibility_probe, profile:default]
08:55:41.493525 - GSETTINGS REGISTRY: speech/insert-pauses-between-utterances using default value = True
08:55:41.493541 - GSETTINGS SCHEMA HANDLE: speech/punctuation-level not set [app:accessibility_probe, profile:default]
08:55:41.493545 - GSETTINGS REGISTRY: speech/punctuation-level using default value = 'most'
08:55:41.493568 - GENERATOR: _generate_state_invalid: []
08:55:41.493580 - SPEECH GENERATOR: _generate_state_invalid: []
08:55:41.493598 - GENERATOR: _generate_state_sensitive: []
08:55:41.493610 - SPEECH GENERATOR: _generate_state_sensitive: []
08:55:41.493625 - GENERATOR: _generate_tree_item_level: []
08:55:41.493636 - SPEECH GENERATOR: _generate_tree_item_level: []
08:55:41.495949 - SPEECH GENERATOR: _generate_state_unselected: []
08:55:41.495981 - GENERATOR: _generate_state_current: []
08:55:41.495994 - SPEECH GENERATOR: _generate_state_current: []
08:55:41.496007 - SPEECH GENERATOR: _generate_has_click_action: []
08:55:41.496020 - SPEECH GENERATOR: _generate_has_details: []
08:55:41.496033 - SPEECH GENERATOR: _generate_details_for: []
08:55:41.496056 - GENERATOR: _generate_accessible_description: []
08:55:41.496068 - SPEECH GENERATOR: _generate_accessible_description: []
08:55:41.496087 - SPEECH GENERATOR: _generate_state_has_popup: []
08:55:41.497648 - SPEECH GENERATOR: _generate_tutorial: []
08:55:41.497740 - SPEECH GENERATOR: Results: [[], Ada member, {'established': 'False', 'family': "{'dialect': '', 'lang': 'C', 'name': ''}"}, PAUSE]
08:55:41.497800 - GENERATOR: _generate_real_table_cell: [[], Ada member, {'established': 'False', 'family': "{'dialect': '', 'lang': 'C', 'name': ''}"}, PAUSE]
08:55:41.497837 - GSETTINGS SCHEMA HANDLE: voice/established not set [app:accessibility_probe, profile:default]
08:55:41.497852 - GSETTINGS SCHEMA HANDLE: voice/rate not set [app:accessibility_probe, profile:default]
08:55:41.497864 - GSETTINGS SCHEMA HANDLE: voice/pitch not set [app:accessibility_probe, profile:default]
08:55:41.497875 - GSETTINGS SCHEMA HANDLE: voice/volume not set [app:accessibility_probe, profile:default]
08:55:41.497887 - GSETTINGS SCHEMA HANDLE: voice/family-name not set [app:accessibility_probe, profile:default]
08:55:41.497897 - GSETTINGS SCHEMA HANDLE: voice/family-lang not set [app:accessibility_probe, profile:default]
08:55:41.497907 - GSETTINGS SCHEMA HANDLE: voice/family-dialect not set [app:accessibility_probe, profile:default]
08:55:41.497916 - GSETTINGS SCHEMA HANDLE: voice/family-gender not set [app:accessibility_probe, profile:default]
08:55:41.497926 - GSETTINGS SCHEMA HANDLE: voice/family-variant not set [app:accessibility_probe, profile:default]
08:55:41.497958 - SPEECH GENERATOR: default voice requested for [table cell: 'Ada member' (0x76499824c680)]  language='', dialect='' Unmodified voice={'established': False}
08:55:41.497991 - SPEECH GENERATOR: Reported locale of [table cell: 'Ada member' (0x76499824c680)]  is 
08:55:41.498006 - SPEECH GENERATOR: Updated to: 'C', ''
08:55:41.498026 - GSETTINGS SCHEMA HANDLE: speech/auto-language-switching not set [app:accessibility_probe, profile:default]
08:55:41.498030 - GSETTINGS REGISTRY: speech/auto-language-switching using default value = True
08:55:41.498038 - SPEECH DISPATCHER: Returning cached result for language='C' dialect='' variant='None'
08:55:41.498070 - SPEECH GENERATOR: Family updated to {'dialect': '', 'lang': 'C', 'name': ''}
08:55:41.498110 - SPEECH GENERATOR: Final voice is {'established': 'False', 'family': "{'dialect': '', 'lang': 'C', 'name': ''}"}
08:55:41.498202 - SPEECH GENERATOR: _generate_real_table_cell: [[], Ada member, {'established': 'False', 'family': "{'dialect': '', 'lang': 'C', 'name': ''}"}, PAUSE, blank, {'established': 'False', 'family': "{'dialect': '', 'lang': 'C', 'name': ''}"}]
08:55:41.498289 - GENERATOR: _generate_table_cell_row: [[], Ada member, {'established': 'False', 'family': "{'dialect': '', 'lang': 'C', 'name': ''}"}, PAUSE, blank, {'established': 'False', 'family': "{'dialect': '', 'lang': 'C', 'name': ''}"}]
08:55:41.498375 - SPEECH GENERATOR: Results: [[], Ada member, {'established': 'False', 'family': "{'dialect': '', 'lang': 'C', 'name': ''}"}, PAUSE, blank, {'established': 'False', 'family': "{'dialect': '', 'lang': 'C', 'name': ''}"}]
08:55:41.498471 - SPEECH: Speak [[], Ada member, {'established': 'False', 'family': "{'dialect': '', 'lang': 'C', 'name': ''}"}, PAUSE, blank, {'established': 'False', 'family': "{'dialect': '', 'lang': 'C', 'name': ''}"}], acss: None
08:55:41.498489 - SPEECH OUTPUT: 'Ada member.' {'established': False, 'family': {'name': '', 'gender': None, 'lang': 'C', 'dialect': '', 'variant': None}}
08:55:41.498495 - SPEECH DISPATCHER: Speaking 'Ada member.' as string
08:55:41.498770 - SPEECH DISPATCHER: Speaking '<speak><mark name="0:3"/>Ada <mark name="4:11"/>member.</speak>' 
                  ORCA rate 50.0, pitch 5.0, volume 10.0, language C, punctuation: MOST
                  SD rate 2, pitch 10, volume 100, language c
08:55:41.498928 - SPEECH: New voice {'established': 'False', 'family': "{'dialect': '', 'lang': 'C', 'name': ''}"}  != active voice {'established': 'False'}
08:55:41.498953 - SPEECH OUTPUT: 'blank' {'established': False, 'family': {'name': '', 'gender': None, 'lang': 'C', 'dialect': '', 'variant': None}}
08:55:41.498959 - SPEECH DISPATCHER: Speaking 'blank' as string
08:55:41.499092 - SPEECH DISPATCHER: Speaking '<speak><mark name="0:5"/>blank</speak>' 
                  ORCA rate 50.0, pitch 5.0, volume 10.0, language C, punctuation: MOST
                  SD rate 2, pitch 10, volume 100, language c
08:55:41.500104 - GSETTINGS SCHEMA HANDLE: braille/enabled not set [app:accessibility_probe, profile:default]
08:55:41.500135 - GSETTINGS REGISTRY: braille/enabled using default value = True
08:55:41.500214 - FOCUS MANAGER: Active mode: focus-tracking Object of interest: [table cell: 'Ada member' (0x76499824c680)] 
08:55:41.500300 - GSETTINGS SCHEMA HANDLE: braille/enabled not set [app:accessibility_probe, profile:default]
08:55:41.500326 - GSETTINGS REGISTRY: braille/enabled using default value = True
08:55:41.500357 - GSETTINGS SCHEMA HANDLE: braille/verbosity-level not set [app:accessibility_probe, profile:default]
08:55:41.500366 - GSETTINGS REGISTRY: braille/verbosity-level using default value = 'verbose'
08:55:41.500400 - FOCUS MANAGER: Locus of focus is [table cell: 'Ada member' (0x76499824c680)] 
08:55:41.500424 - SCRIPT MANAGER: Active script is: accessibility_probe (module=orca.scripts.default)
08:55:41.500445 - GSETTINGS SCHEMA HANDLE: braille/rolename-style not set [app:accessibility_probe, profile:default]
08:55:41.500450 - GSETTINGS REGISTRY: braille/rolename-style using default value = 'verbose'
08:55:41.500471 - GSETTINGS SCHEMA HANDLE: braille/display-ancestors not set [app:accessibility_probe, profile:default]
08:55:41.500478 - GSETTINGS REGISTRY: braille/display-ancestors using default value = True
08:55:41.500497 - GSETTINGS SCHEMA HANDLE: braille/end-of-line-indicator not set [app:accessibility_probe, profile:default]
08:55:41.500530 - GSETTINGS REGISTRY: braille/end-of-line-indicator using default value = True
08:55:41.500594 - GSETTINGS SCHEMA HANDLE: braille/present-mnemonics not set [app:accessibility_probe, profile:default]
08:55:41.500610 - GSETTINGS REGISTRY: braille/present-mnemonics using default value = True
08:55:41.503525 - GENERATOR: _get_functional_role: table-cell
08:55:41.503666 - BRAILLE GENERATOR: braille_generator.BrailleGenerator._generate_table_cell_in_row for [table cell: 'Ada member' (0x76499824c680)]  args: {'formatType': 'focused', 'priorObj': "[table cell: 'Bea member' (0x76499816f800)] ", 'role': 'table-cell'}
08:55:41.503713 - GENERATOR: _generate_text_substring: []
08:55:41.506728 - AXTable: Couldn't find table-implementing ancestor for [table cell: 'Ada member' (0x76499824c680)] 
08:55:41.506771 - GENERATOR: _generate_table_cell_row_header: []
08:55:41.510152 - AXTable: Couldn't find table-implementing ancestor for [table cell: 'Ada member' (0x76499824c680)] 
08:55:41.510210 - GENERATOR: _generate_table_cell_column_header: []
08:55:41.513246 - AXTable: Couldn't find table-implementing ancestor for [table cell: 'Ada member' (0x76499824c680)] 
08:55:41.513420 - BRAILLE GENERATOR: braille_generator.BrailleGenerator._generate_table_cell for [table cell: 'Ada member' (0x76499824c680)]  args: {'formatType': 'focused', 'includeContext': 'False', 'priorObj': "[table cell: 'Bea member' (0x76499816f800)] ", 'role': 'REAL_ROLE_TABLE_CELL'}
08:55:41.513465 - GENERATOR: _generate_tree_item_level: []
08:55:41.513504 - GENERATOR: _generate_text_substring: []
08:55:41.513569 - GENERATOR: _generate_state_checked_for_cell: []
08:55:41.513608 - GENERATOR: _generate_column_header_if_toggle_and_no_text: []
08:55:41.514018 - GENERATOR: _generate_text_content: []
08:55:41.514054 - GENERATOR: _generate_real_active_descendant_displayed_text: []
08:55:41.514133 - AXUtilitiesRelation: [table cell: 'Ada member' (0x76499824c680)]  is labelled by: []
08:55:41.514175 - GENERATOR: _generate_accessible_label: []
08:55:41.514200 - GENERATOR: _generate_accessible_name: [Ada member]
08:55:41.514222 - GENERATOR: _generate_accessible_label_and_name: [Ada member]
08:55:41.514257 - GENERATOR: _generate_state_expanded: []
08:55:41.514266 - BRAILLE: Not contracting 'Ada member' because contracted braille is not enabled.
08:55:41.514287 - GENERATOR: _generate_accessible_description: []
08:55:41.514307 - GENERATOR: _generate_state_current: []
08:55:41.514327 - BRAILLE GENERATOR: Results: [COMPONENT: 'Ada member', cursor offset:0]
08:55:41.514346 - GENERATOR: _generate_real_table_cell: [COMPONENT: 'Ada member', cursor offset:0]
08:55:41.514362 - GENERATOR: _generate_table_cell_row: [COMPONENT: 'Ada member', cursor offset:0]
08:55:41.514379 - BRAILLE GENERATOR: Results: [COMPONENT: 'Ada member', cursor offset:0]
08:55:41.514410 - BRAILLE: Refresh. Pan: True target: 0
08:55:41.514416 - BRAILLE: Kill flash message braille.display_line:1618 > braille.refresh:2097 > braille._prepare_refresh:1856 > braille.kill_flash:2182
08:55:41.514882 - GSETTINGS SCHEMA HANDLE: braille/enabled not set [app:accessibility_probe, profile:default]
08:55:41.514890 - GSETTINGS REGISTRY: braille/enabled using default value = True
08:55:41.514909 - BRAILLE: Last text object: None (Caret: 0, Line: 0, Cell: 0)
08:55:41.514933 - BRAILLE: Current text object: None (Caret: 0, Line: 0). On same line: False
08:55:41.514940 - BRAILLE: Line 0: 'Ada member' focusOffset: 0 [[0, 10]]
08:55:41.514944 - BRAILLE: Cursor offset in line string is: 0
08:55:41.514948 - BRAILLE: Not adjusting offset 0. Cursor offset fits on display.
08:55:41.514952 - BRAILLE: Current range: (0, 32). Target cell: 0
08:55:41.514958 - BRAILLE LINE:  'Ada member'
08:55:41.514962 -      VISIBLE:  'Ada member', cursor=1
08:55:41.514981 - BRAILLE: Enabling braille. BrlAPI running: False
08:55:41.514985 - BRAILLE: Need to initialize first.
08:55:41.515003 - BRAILLE: Initializing. Callback: input_event_manager.InputEventManager.process_braille_event
08:55:41.515029 - BRAILLE: WINDOWPATH= None
08:55:41.515052 - BRAILLE: XDG_VTNR= 1
08:55:41.515076 - BRAILLE: Attempting connection with BrlAPI.
08:55:41.515509 - BRAILLE: BrlAPI Connection is unavailable (ConnectionError): couldn't connect to b':0' with key b'keyfile:/etc/brlapi.key+polkit': connect: No such file or directory
                  (brlerrno 11, libcerrno 2, gaierrno 0)
                  Is BRLTTY really running?
08:55:41.517377 - AXTable: Couldn't find table-implementing ancestor for [table cell: 'Ada member' (0x76499824c680)] 
08:55:41.517412 - AXTable: Setting last cell coordinates to row=-1, column=-1
08:55:41.517470 - FOCUS MANAGER: Setting last cursor position to [table cell: 'Ada member' (0x76499824c680)]  -1
08:55:41.517738 - FOCUS MANAGER: Active window is [frame: 'Reactive TUI App accessibility round 1' (0x764998126380)]  focus_manager.set_locus_of_focus:327 > focus_manager._save_object_details:254 > ax_utilities_event.save_object_info_for_events:195 > focus_manager.get_active_window:342
TOTAL PROCESSING TIME: 0.0833
^^^^^ FINISHED PRIORITY-3 OBJECT EVENT OBJECT:STATE-CHANGED:FOCUSED ^^^^^

08:55:41.518574 - GSETTINGS SCHEMA HANDLE: keybindings/keyboard-layout not set [app:accessibility_probe, profile:default]
08:55:41.518596 - GSETTINGS REGISTRY: keybindings/keyboard-layout using default value = 'desktop'
08:55:41.518637 - GSETTINGS SCHEMA HANDLE: keybindings/desktop-modifier-keys not set [app:accessibility_probe, profile:default]
08:55:41.518654 - GSETTINGS REGISTRY: keybindings/desktop-modifier-keys using default value = ['Insert', 'KP_Insert']
08:55:41.518697 - FOCUS MANAGER: Active window is [frame: 'Reactive TUI App accessibility round 1' (0x764998126380)]  <unknown>.<module>:373 > input_event_manager._on_key_pressed:261 > input_event_manager.process_keyboard_event:297 > focus_manager.get_active_window:342
08:55:41.519184 - AXObject: Clearing AT-SPI cache on [frame: 'Reactive TUI App accessibility round 1' (0x764998126380)]  Recursive: False.  Reason: Checking if window can be the active window
08:55:41.520682 - AXUtilities: [frame: 'Reactive TUI App accessibility round 1' (0x764998126380)]  from [application: 'accessibility_probe' (0x764998261a00)]  can be active window
08:55:41.520846 - FOCUS MANAGER: Locus of focus is [table cell: 'Ada member' (0x76499824c680)] 
08:55:41.520991 - SCRIPT MANAGER: Active script is: accessibility_probe (module=orca.scripts.default)
08:55:41.521153 - GSETTINGS SCHEMA HANDLE: keybindings/keyboard-layout not set [app:accessibility_probe, profile:default]
08:55:41.521161 - GSETTINGS REGISTRY: keybindings/keyboard-layout using default value = 'desktop'
08:55:41.521176 - GSETTINGS SCHEMA HANDLE: keybindings/desktop-modifier-keys not set [app:accessibility_probe, profile:default]
08:55:41.521181 - GSETTINGS REGISTRY: keybindings/desktop-modifier-keys using default value = ['Insert', 'KP_Insert']

KEYBOARD_EVENT:  type=ATSPI_KEY_PRESSED_EVENT
                 id=65478
                 hw_code=75
                 modifiers=0
                 text=''
                 keyval_name='F9'
                 timestamp=1789044941.518493
                 clickCount=1

vvvvv PROCESS ATSPI_KEY_PRESSED_EVENT: 'F9' (75) vvvvv
08:55:41.521220 - SCRIPT: accessibility_probe (module=orca.scripts.default)
08:55:41.521235 - WINDOW: [frame: 'Reactive TUI App accessibility round 1' (0x764998126380)] 
08:55:41.521247 - LOCATION: [table cell: 'Ada member' (0x76499824c680)] 
08:55:41.521273 - GSETTINGS SCHEMA HANDLE: keybindings/keyboard-layout not set [app:accessibility_probe, profile:default]
08:55:41.521277 - GSETTINGS REGISTRY: keybindings/keyboard-layout using default value = 'desktop'
08:55:41.521288 - GSETTINGS SCHEMA HANDLE: keybindings/desktop-modifier-keys not set [app:accessibility_probe, profile:default]
08:55:41.521291 - GSETTINGS REGISTRY: keybindings/desktop-modifier-keys using default value = ['Insert', 'KP_Insert']
08:55:41.521298 - PRESENTATION MANAGER: Interrupting presentation
08:55:41.521329 - SPEECH MANAGER: interrupt_speech. Script: None Event: None notify_user: False
08:55:41.521559 - SPEECH MANAGER: Speech server is <orca.speechdispatcherfactory.SpeechServer object at 0x764998af96a0>
08:55:41.521626 - BRAILLE: Kill flash message input_event._present:603 > presentation_manager.interrupt_presentation:88 > braille_presenter.kill_flash:1829 > braille.kill_flash:2182
08:55:41.521934 - TYPING ECHO PRESENTER: should_echo_keyboard_event: 'F9'?
08:55:41.521960 - GSETTINGS SCHEMA HANDLE: keybindings/keyboard-layout not set [app:accessibility_probe, profile:default]
08:55:41.521965 - GSETTINGS REGISTRY: keybindings/keyboard-layout using default value = 'desktop'
08:55:41.521984 - GSETTINGS SCHEMA HANDLE: keybindings/desktop-modifier-keys not set [app:accessibility_probe, profile:default]
08:55:41.521989 - GSETTINGS REGISTRY: keybindings/desktop-modifier-keys using default value = ['Insert', 'KP_Insert']
08:55:41.522006 - GSETTINGS SCHEMA HANDLE: typing-echo/character-echo not set [app:accessibility_probe, profile:default]
08:55:41.522010 - GSETTINGS REGISTRY: typing-echo/character-echo using default value = False
08:55:41.522023 - GSETTINGS SCHEMA HANDLE: keybindings/keyboard-layout not set [app:accessibility_probe, profile:default]
08:55:41.522026 - GSETTINGS REGISTRY: keybindings/keyboard-layout using default value = 'desktop'
08:55:41.522036 - GSETTINGS SCHEMA HANDLE: keybindings/desktop-modifier-keys not set [app:accessibility_probe, profile:default]
08:55:41.522039 - GSETTINGS REGISTRY: keybindings/desktop-modifier-keys using default value = ['Insert', 'KP_Insert']
08:55:41.522053 - GSETTINGS SCHEMA HANDLE: typing-echo/key-echo not set [app:accessibility_probe, profile:default]
08:55:41.522057 - GSETTINGS REGISTRY: typing-echo/key-echo using default value = True
08:55:41.522090 - GSETTINGS SCHEMA HANDLE: keybindings/keyboard-layout not set [app:accessibility_probe, profile:default]
08:55:41.522095 - GSETTINGS REGISTRY: keybindings/keyboard-layout using default value = 'desktop'
08:55:41.522104 - GSETTINGS SCHEMA HANDLE: keybindings/desktop-modifier-keys not set [app:accessibility_probe, profile:default]
08:55:41.522108 - GSETTINGS REGISTRY: keybindings/desktop-modifier-keys using default value = ['Insert', 'KP_Insert']
08:55:41.522129 - GSETTINGS SCHEMA HANDLE: typing-echo/function-keys not set [app:accessibility_probe, profile:default]
08:55:41.522134 - GSETTINGS REGISTRY: typing-echo/function-keys using default value = True
08:55:41.522138 - TYPING ECHO PRESENTER: Echoing function keyboard event: True.
08:55:41.522157 - GSETTINGS SCHEMA HANDLE: keybindings/keyboard-layout not set [app:accessibility_probe, profile:default]
08:55:41.522161 - GSETTINGS REGISTRY: keybindings/keyboard-layout using default value = 'desktop'
08:55:41.522171 - GSETTINGS SCHEMA HANDLE: keybindings/desktop-modifier-keys not set [app:accessibility_probe, profile:default]
08:55:41.522174 - GSETTINGS REGISTRY: keybindings/desktop-modifier-keys using default value = ['Insert', 'KP_Insert']
08:55:41.522203 - SCRIPT MANAGER: Active script is: accessibility_probe (module=orca.scripts.default)
08:55:41.522230 - FOCUS MANAGER: Active mode: focus-tracking Object of interest: [table cell: 'Ada member' (0x76499824c680)] 
08:55:41.522247 - GSETTINGS SCHEMA HANDLE: speech/enable not set [app:accessibility_probe, profile:default]
08:55:41.522251 - GSETTINGS REGISTRY: speech/enable using default value = True
08:55:41.522263 - GSETTINGS SCHEMA HANDLE: speech/verbosity-level not set [app:accessibility_probe, profile:default]
08:55:41.522267 - GSETTINGS REGISTRY: speech/verbosity-level using default value = 'verbose'
08:55:41.522281 - FOCUS MANAGER: Locus of focus is [table cell: 'Ada member' (0x76499824c680)] 
08:55:41.522294 - SCRIPT MANAGER: Active script is: accessibility_probe (module=orca.scripts.default)
08:55:41.522309 - GSETTINGS SCHEMA HANDLE: speech/only-speak-displayed-text not set [app:accessibility_probe, profile:default]
08:55:41.522312 - GSETTINGS REGISTRY: speech/only-speak-displayed-text using default value = False
08:55:41.522323 - GSETTINGS SCHEMA HANDLE: speech/speak-description not set [app:accessibility_probe, profile:default]
08:55:41.522326 - GSETTINGS REGISTRY: speech/speak-description using default value = True
08:55:41.522336 - GSETTINGS SCHEMA HANDLE: speech/speak-tutorial-messages not set [app:accessibility_probe, profile:default]
08:55:41.522339 - GSETTINGS REGISTRY: speech/speak-tutorial-messages using default value = True
08:55:41.522349 - GSETTINGS SCHEMA HANDLE: speech/speak-position-in-set not set [app:accessibility_probe, profile:default]
08:55:41.522353 - GSETTINGS REGISTRY: speech/speak-position-in-set using default value = False
08:55:41.522363 - GSETTINGS SCHEMA HANDLE: speech/speak-widget-mnemonic not set [app:accessibility_probe, profile:default]
08:55:41.522367 - GSETTINGS REGISTRY: speech/speak-widget-mnemonic using default value = True
08:55:41.522377 - GSETTINGS SCHEMA HANDLE: speech/speak-blank-lines not set [app:accessibility_probe, profile:default]
08:55:41.522380 - GSETTINGS REGISTRY: speech/speak-blank-lines using default value = True
08:55:41.522389 - GSETTINGS SCHEMA HANDLE: speech/speak-indentation-and-justification not set [app:accessibility_probe, profile:default]
08:55:41.522393 - GSETTINGS REGISTRY: speech/speak-indentation-and-justification using default value = False
08:55:41.522403 - GSETTINGS SCHEMA HANDLE: speech/announce-cell-headers not set [app:accessibility_probe, profile:default]
08:55:41.522406 - GSETTINGS REGISTRY: speech/announce-cell-headers using default value = True
08:55:41.522416 - GSETTINGS SCHEMA HANDLE: speech/announce-cell-coordinates not set [app:accessibility_probe, profile:default]
08:55:41.522419 - GSETTINGS REGISTRY: speech/announce-cell-coordinates using default value = True
08:55:41.522428 - GSETTINGS SCHEMA HANDLE: speech/announce-spreadsheet-cell-coordinates not set [app:accessibility_probe, profile:default]
08:55:41.522431 - GSETTINGS REGISTRY: speech/announce-spreadsheet-cell-coordinates using default value = True
08:55:41.522441 - GSETTINGS SCHEMA HANDLE: speech/announce-blockquote not set [app:accessibility_probe, profile:default]
08:55:41.522444 - GSETTINGS REGISTRY: speech/announce-blockquote using default value = True
08:55:41.522454 - GSETTINGS SCHEMA HANDLE: speech/announce-form not set [app:accessibility_probe, profile:default]
08:55:41.522457 - GSETTINGS REGISTRY: speech/announce-form using default value = True
08:55:41.522466 - GSETTINGS SCHEMA HANDLE: speech/announce-landmark not set [app:accessibility_probe, profile:default]
08:55:41.522469 - GSETTINGS REGISTRY: speech/announce-landmark using default value = True
08:55:41.522477 - GSETTINGS SCHEMA HANDLE: speech/announce-list not set [app:accessibility_probe, profile:default]
08:55:41.522481 - GSETTINGS REGISTRY: speech/announce-list using default value = True
08:55:41.522490 - GSETTINGS SCHEMA HANDLE: speech/announce-grouping not set [app:accessibility_probe, profile:default]
08:55:41.522493 - GSETTINGS REGISTRY: speech/announce-grouping using default value = True
08:55:41.522501 - GSETTINGS SCHEMA HANDLE: speech/announce-table not set [app:accessibility_probe, profile:default]
08:55:41.522504 - GSETTINGS REGISTRY: speech/announce-table using default value = True
08:55:41.522527 - GSETTINGS SCHEMA HANDLE: voice/established not set [app:accessibility_probe, profile:default]
08:55:41.522539 - GSETTINGS SCHEMA HANDLE: voice/rate not set [app:accessibility_probe, profile:default]
08:55:41.522550 - GSETTINGS SCHEMA HANDLE: voice/pitch not set [app:accessibility_probe, profile:default]
08:55:41.522561 - GSETTINGS SCHEMA HANDLE: voice/volume not set [app:accessibility_probe, profile:default]
08:55:41.522574 - GSETTINGS SCHEMA HANDLE: voice/family-name not set [app:accessibility_probe, profile:default]
08:55:41.522584 - GSETTINGS SCHEMA HANDLE: voice/family-lang not set [app:accessibility_probe, profile:default]
08:55:41.522594 - GSETTINGS SCHEMA HANDLE: voice/family-dialect not set [app:accessibility_probe, profile:default]
08:55:41.522603 - GSETTINGS SCHEMA HANDLE: voice/family-gender not set [app:accessibility_probe, profile:default]
08:55:41.522612 - GSETTINGS SCHEMA HANDLE: voice/family-variant not set [app:accessibility_probe, profile:default]
08:55:41.522640 - SPEECH GENERATOR: None voice requested for None language='', dialect='' Unmodified voice={'established': False}
08:55:41.522662 - SPEECH GENERATOR: Reported locale of None is 
08:55:41.522679 - SPEECH GENERATOR: Updated to: 'C', ''
08:55:41.522695 - GSETTINGS SCHEMA HANDLE: speech/auto-language-switching not set [app:accessibility_probe, profile:default]
08:55:41.522699 - GSETTINGS REGISTRY: speech/auto-language-switching using default value = True
08:55:41.522707 - SPEECH DISPATCHER: Returning cached result for language='C' dialect='' variant='None'
08:55:41.522748 - SPEECH GENERATOR: Family updated to {'dialect': '', 'lang': 'C', 'name': ''}
08:55:41.522791 - SPEECH GENERATOR: Final voice is {'established': 'False', 'family': "{'dialect': '', 'lang': 'C', 'name': ''}"}
08:55:41.522814 - GSETTINGS SCHEMA HANDLE: keybindings/keyboard-layout not set [app:accessibility_probe, profile:default]
08:55:41.522819 - GSETTINGS REGISTRY: keybindings/keyboard-layout using default value = 'desktop'
08:55:41.522830 - GSETTINGS SCHEMA HANDLE: keybindings/desktop-modifier-keys not set [app:accessibility_probe, profile:default]
08:55:41.522834 - GSETTINGS REGISTRY: keybindings/desktop-modifier-keys using default value = ['Insert', 'KP_Insert']
08:55:41.522843 - SPEECH OUTPUT: 'F9' {'established': False, 'family': {'name': '', 'gender': None, 'lang': 'C', 'dialect': '', 'variant': None}}
08:55:41.522858 - GSETTINGS SCHEMA HANDLE: keybindings/keyboard-layout not set [app:accessibility_probe, profile:default]
08:55:41.522861 - GSETTINGS REGISTRY: keybindings/keyboard-layout using default value = 'desktop'
08:55:41.522871 - GSETTINGS SCHEMA HANDLE: keybindings/desktop-modifier-keys not set [app:accessibility_probe, profile:default]
08:55:41.522874 - GSETTINGS REGISTRY: keybindings/desktop-modifier-keys using default value = ['Insert', 'KP_Insert']
08:55:41.522881 - SPEECH DISPATCHER: Speaking 'F9' as string
08:55:41.522886 - SPEECH DISPATCHER: Speaking 'F9' as string
08:55:41.523106 - SPEECH DISPATCHER: Speaking '<speak><mark name="0:2"/>F9</speak>' 
                  ORCA rate 50.0, pitch 5.0, volume 10.0, language C, punctuation: MOST
                  SD rate 2, pitch 10, volume 100, language c
08:55:41.523194 - TOTAL PROCESSING TIME: 0.0020
^^^^^ PROCESS ATSPI_KEY_PRESSED_EVENT: 'F9' (75) ^^^^^

08:55:41.523288 - GSETTINGS SCHEMA HANDLE: keybindings/keyboard-layout not set [app:accessibility_probe, profile:default]
08:55:41.523306 - GSETTINGS REGISTRY: keybindings/keyboard-layout using default value = 'desktop'
08:55:41.523342 - GSETTINGS SCHEMA HANDLE: keybindings/desktop-modifier-keys not set [app:accessibility_probe, profile:default]
08:55:41.523357 - GSETTINGS REGISTRY: keybindings/desktop-modifier-keys using default value = ['Insert', 'KP_Insert']
08:55:41.523487 - GSETTINGS SCHEMA HANDLE: keybindings/keyboard-layout not set [app:accessibility_probe, profile:default]
08:55:41.523504 - GSETTINGS REGISTRY: keybindings/keyboard-layout using default value = 'desktop'
08:55:41.523538 - GSETTINGS SCHEMA HANDLE: keybindings/desktop-modifier-keys not set [app:accessibility_probe, profile:default]
08:55:41.523551 - GSETTINGS REGISTRY: keybindings/desktop-modifier-keys using default value = ['Insert', 'KP_Insert']
08:55:41.524406 - GSETTINGS SCHEMA HANDLE: keybindings/keyboard-layout not set [app:accessibility_probe, profile:default]
08:55:41.524428 - GSETTINGS REGISTRY: keybindings/keyboard-layout using default value = 'desktop'
08:55:41.524463 - GSETTINGS SCHEMA HANDLE: keybindings/desktop-modifier-keys not set [app:accessibility_probe, profile:default]
08:55:41.524477 - GSETTINGS REGISTRY: keybindings/desktop-modifier-keys using default value = ['Insert', 'KP_Insert']

KEYBOARD_EVENT:  type=ATSPI_KEY_RELEASED_EVENT
                 id=65478
                 hw_code=75
                 modifiers=0
                 text=''
                 keyval_name='F9'
                 timestamp=1789044941.523453
                 clickCount=1

vvvvv PROCESS ATSPI_KEY_RELEASED_EVENT: 'F9' (75) vvvvv
08:55:41.524561 - SCRIPT: accessibility_probe (module=orca.scripts.default)
08:55:41.524601 - WINDOW: [frame: 'Reactive TUI App accessibility round 1' (0x764998126380)] 
08:55:41.524634 - LOCATION: [table cell: 'Ada member' (0x76499824c680)] 
08:55:41.524685 - GSETTINGS SCHEMA HANDLE: keybindings/keyboard-layout not set [app:accessibility_probe, profile:default]
08:55:41.524699 - GSETTINGS REGISTRY: keybindings/keyboard-layout using default value = 'desktop'
08:55:41.524732 - GSETTINGS SCHEMA HANDLE: keybindings/desktop-modifier-keys not set [app:accessibility_probe, profile:default]
08:55:41.524748 - GSETTINGS REGISTRY: keybindings/desktop-modifier-keys using default value = ['Insert', 'KP_Insert']
08:55:41.524779 - TOTAL PROCESSING TIME: 0.0003
^^^^^ PROCESS ATSPI_KEY_RELEASED_EVENT: 'F9' (75) ^^^^^

08:55:41.524833 - GSETTINGS SCHEMA HANDLE: keybindings/keyboard-layout not set [app:accessibility_probe, profile:default]
08:55:41.524863 - GSETTINGS REGISTRY: keybindings/keyboard-layout using default value = 'desktop'
08:55:41.524913 - GSETTINGS SCHEMA HANDLE: keybindings/desktop-modifier-keys not set [app:accessibility_probe, profile:default]
08:55:41.524922 - GSETTINGS REGISTRY: keybindings/desktop-modifier-keys using default value = ['Insert', 'KP_Insert']
08:55:41.525235 - EVENT MANAGER: Dequeueing object:state-changed:focused for [table cell: 'Bea member' (0x76499816f800)]  in accessibility_probe (AccessKit) (0, 0, 0)
08:55:41.525332 - EVENT MANAGER: Dequeued object:state-changed:focused for [table cell: 'Bea member' (0x76499816f800)]  in accessibility_probe (AccessKit) (0, 0, 0) priority: 3, counter: 70

vvvvv START PRIORITY-3 OBJECT EVENT OBJECT:STATE-CHANGED:FOCUSED (queue size: 41) vvvvv

08:55:41.526987 - AXObject: Exception in get_role_name: app no longer exists
08:55:41.527008 - AXObject: Adding to known dead objects ax_utilities_debugging._accessible_as_string:62 > ax_object.get_role_name:661 > ax_object.handle_error:193 > ax_object._set_known_dead_status:170
08:55:41.527553 - EVENT MANAGER: object:children-changed:remove for [desktop frame: 'main' (0x7649981c3040)]  in  (5, 0, [DEAD (0x7649981a6c00)])
08:55:41.527586 - AXObject: Exception in get_role_name: app no longer exists
08:55:41.527594 - AXObject: Adding to known dead objects ax_utilities_debugging._accessible_as_string:62 > ax_object.get_role_name:661 > ax_object.handle_error:193 > ax_object._set_known_dead_status:170
08:55:41.527905 - FOCUS MANAGER: Locus of focus is [DEAD (0x76499824c680)] 
08:55:41.528008 - EVENT MANAGER: Queueing object:children-changed:remove for [desktop frame: 'main' (0x76499819bd40)]  in  (5, 0, [DEAD (0x7649981a6c00)])
08:55:41.528028 - EVENT MANAGER: App for event source is None
08:55:41.528047 - SCRIPT MANAGER: Getting script for None [desktop frame: 'main' (0x7649981c3dc0)] 
08:55:41.528120 - SCRIPT MANAGER: Script is app script default (module=orca.scripts.default)
08:55:41.528152 - EVENT MANAGER: object:children-changed:remove for [desktop frame: 'main' (0x7649981c3e00)]  in  (5, 0, [DEAD (0x7649981a6c00)]) has priority level: 6
08:55:41.528184 - EVENT MANAGER: Queued object:children-changed:remove for [desktop frame: 'main' (0x7649981c3d00)]  in  (5, 0, [DEAD (0x7649981a6c00)]) priority: 6, counter: 71
08:55:41.528246 - CLIPBOARD PRESENTER: Possible change event object:text-changed:delete for [terminal: 'Terminal' (0x76499816c740)]  in org.gnome.Terminal (gtk 3.24.52) (61, 914, Ada member \nUnavailable member \nBea... \n \n \n \n \n (928 chars.))

08:55:41.528305 - EVENT MANAGER: object:text-changed:delete for [terminal: 'Terminal' (0x76499816c740)]  in org.gnome.Terminal (gtk 3.24.52) (61, 914, Ada member \nUnavailable member \nBea... \n \n \n \n \n (928 chars.))
08:55:41.528317 - FOCUS MANAGER: Locus of focus is [DEAD (0x76499824c680)] 
08:55:41.528364 - EVENT_MANAGER: Not ignoring object:text-changed:delete due to source being focused
08:55:41.528397 - EVENT MANAGER: Queueing object:text-changed:delete for [terminal: 'Terminal' (0x76499816c740)]  in org.gnome.Terminal (gtk 3.24.52) (61, 914, Ada member \nUnavailable member \nBea... \n \n \n \n \n (928 chars.))
08:55:41.528411 - EVENT MANAGER: App for event source is [application: 'org.gnome.Terminal' (0x7649982405c0)] 
08:55:41.528426 - SCRIPT MANAGER: Getting script for [application: 'org.gnome.Terminal' (0x7649982405c0)]  [terminal: 'Terminal' (0x76499816c740)] 
08:55:41.528452 - SCRIPT MANAGER: Script is custom script org.gnome.Terminal (module=orca.scripts.terminal.script)
08:55:41.528490 - EVENT MANAGER: object:text-changed:delete for [terminal: 'Terminal' (0x76499816c740)]  in org.gnome.Terminal (gtk 3.24.52) (61, 914, Ada member \nUnavailable member \nBea... \n \n \n \n \n (928 chars.)) has priority level: 4
08:55:41.528530 - EVENT MANAGER: Queued object:text-changed:delete for [terminal: 'Terminal' (0x76499816c740)]  in org.gnome.Terminal (gtk 3.24.52) (61, 914, Ada member \nUnavailable member \nBea... \n \n \n \n \n (928 chars.)) priority: 4, counter: 72
08:55:41.528564 - CLIPBOARD PRESENTER: Possible change event object:text-changed:delete for [terminal: 'Terminal' (0x76499816c740)]  in org.gnome.Terminal (gtk 3.24.52) (0, 61, Member                                                      \n)

08:55:41.528607 - EVENT MANAGER: object:text-changed:delete for [terminal: 'Terminal' (0x76499816c740)]  in org.gnome.Terminal (gtk 3.24.52) (0, 61, Member                                                      \n)
08:55:41.528619 - FOCUS MANAGER: Locus of focus is [DEAD (0x76499824c680)] 
08:55:41.528661 - EVENT_MANAGER: Not ignoring object:text-changed:delete due to source being focused
08:55:41.528695 - EVENT MANAGER: Queueing object:text-changed:delete for [terminal: 'Terminal' (0x76499816c740)]  in org.gnome.Terminal (gtk 3.24.52) (0, 61, Member                                                      \n)
08:55:41.528720 - EVENT MANAGER: App for event source is [application: 'org.gnome.Terminal' (0x7649982405c0)] 
08:55:41.528748 - SCRIPT MANAGER: Getting script for [application: 'org.gnome.Terminal' (0x7649982405c0)]  [terminal: 'Terminal' (0x76499816c740)] 
08:55:41.528776 - SCRIPT MANAGER: Script is custom script org.gnome.Terminal (module=orca.scripts.terminal.script)
08:55:41.528813 - EVENT MANAGER: object:text-changed:delete for [terminal: 'Terminal' (0x76499816c740)]  in org.gnome.Terminal (gtk 3.24.52) (0, 61, Member                                                      \n) has priority level: 4
08:55:41.528847 - EVENT MANAGER: Queued object:text-changed:delete for [terminal: 'Terminal' (0x76499816c740)]  in org.gnome.Terminal (gtk 3.24.52) (0, 61, Member                                                      \n) priority: 4, counter: 73
08:55:41.528879 - CLIPBOARD PRESENTER: Possible change event object:text-changed:insert for [terminal: 'Terminal' (0x76499816c740)]  in org.gnome.Terminal (gtk 3.24.52) (0, 15, \n\n\n\n\n\n\n\n\n\n\n\n\n\n\n)

08:55:41.528921 - EVENT MANAGER: object:text-changed:insert for [terminal: 'Terminal' (0x76499816c740)]  in org.gnome.Terminal (gtk 3.24.52) (0, 15, \n\n\n\n\n\n\n\n\n\n\n\n\n\n\n)
08:55:41.528932 - FOCUS MANAGER: Locus of focus is [DEAD (0x76499824c680)] 
08:55:41.528973 - EVENT_MANAGER: Not ignoring object:text-changed:insert due to source being focused
08:55:41.529015 - EVENT MANAGER: Queueing object:text-changed:insert for [terminal: 'Terminal' (0x76499816c740)]  in org.gnome.Terminal (gtk 3.24.52) (0, 15, \n\n\n\n\n\n\n\n\n\n\n\n\n\n\n)
08:55:41.529029 - EVENT MANAGER: App for event source is [application: 'org.gnome.Terminal' (0x7649982405c0)] 
08:55:41.529044 - SCRIPT MANAGER: Getting script for [application: 'org.gnome.Terminal' (0x7649982405c0)]  [terminal: 'Terminal' (0x76499816c740)] 
08:55:41.529064 - SCRIPT MANAGER: Script is custom script org.gnome.Terminal (module=orca.scripts.terminal.script)
08:55:41.529099 - EVENT MANAGER: object:text-changed:insert for [terminal: 'Terminal' (0x76499816c740)]  in org.gnome.Terminal (gtk 3.24.52) (0, 15, \n\n\n\n\n\n\n\n\n\n\n\n\n\n\n) has priority level: 4
08:55:41.529133 - EVENT MANAGER: Queued object:text-changed:insert for [terminal: 'Terminal' (0x76499816c740)]  in org.gnome.Terminal (gtk 3.24.52) (0, 15, \n\n\n\n\n\n\n\n\n\n\n\n\n\n\n) priority: 4, counter: 74

08:55:41.529170 - EVENT MANAGER: object:text-caret-moved for [terminal: 'Terminal' (0x76499816c740)]  in org.gnome.Terminal (gtk 3.24.52) (0, 0, 0)
08:55:41.529181 - FOCUS MANAGER: Locus of focus is [DEAD (0x76499824c680)] 
08:55:41.529237 - EVENT_MANAGER: Not ignoring object:text-caret-moved due to source being focused
08:55:41.529268 - EVENT MANAGER: Queueing object:text-caret-moved for [terminal: 'Terminal' (0x76499816c740)]  in org.gnome.Terminal (gtk 3.24.52) (0, 0, 0)
08:55:41.529283 - EVENT MANAGER: App for event source is [application: 'org.gnome.Terminal' (0x7649982405c0)] 
08:55:41.529298 - SCRIPT MANAGER: Getting script for [application: 'org.gnome.Terminal' (0x7649982405c0)]  [terminal: 'Terminal' (0x76499816c740)] 
08:55:41.529317 - SCRIPT MANAGER: Script is custom script org.gnome.Terminal (module=orca.scripts.terminal.script)
08:55:41.529351 - EVENT MANAGER: object:text-caret-moved for [terminal: 'Terminal' (0x76499816c740)]  in org.gnome.Terminal (gtk 3.24.52) (0, 0, 0) has priority level: 4
08:55:41.529383 - EVENT MANAGER: Queued object:text-caret-moved for [terminal: 'Terminal' (0x76499816c740)]  in org.gnome.Terminal (gtk 3.24.52) (0, 0, 0) priority: 4, counter: 75
08:55:41.529404 - AXObject: Exception in get_accessible_id: app no longer exists
08:55:41.529409 - AXObject: Adding to known dead objects ax_utilities_debugging.object_details_as_string:267 > ax_object.get_accessible_id:690 > ax_object.handle_error:193 > ax_object._set_known_dead_status:170
08:55:41.529687 - EVENT SOURCE:
                  app='accessibility_probe (AccessKit )' name='Bea member' role='' axid='' id=0x76499816f800
                  description=''
                  help=''
                  locale=''
                  states=''
                  relations=''
                  actions=''
                  interfaces=''
                  attributes=''
                  text=''
                  path=[]
                  
08:55:41.529705 - SCRIPT MANAGER: Active script is: accessibility_probe (module=orca.scripts.default)
08:55:41.529723 - FOCUS MANAGER: Locus of focus is [DEAD (0x76499824c680)] 
08:55:41.529743 - EVENT MANAGER: Getting script for event for [DEAD (0x76499816f800)]  [DEAD (0x76499816f800)] 
08:55:41.529759 - SCRIPT MANAGER: Getting script for [DEAD (0x76499816f800)]  [DEAD (0x76499816f800)] 
08:55:41.529780 - SCRIPT MANAGER: Creating app script for [DEAD (0x76499816f800)] 
08:55:41.529786 - SCRIPT MANAGER: Cannot get module name for nameless app
08:55:41.530082 - DEFAULT: Setting up commands for [DEAD (0x76499816f800)] 
08:55:41.530092 - DEFAULT: Commands already initialized.
08:55:41.530099 - SCRIPT: default (module=orca.scripts.default) initialized
08:55:41.530122 - SCRIPT MANAGER: Default script created for [DEAD (0x76499816f800)]  (obj:  None)
08:55:41.530137 - SCRIPT MANAGER: Script is app script default (module=orca.scripts.default)
08:55:41.530150 - EVENT MANAGER: Script for event is default (module=orca.scripts.default)
08:55:41.531265 - WARNING: [DEAD (0x76499816f800)]  is not in the accessible desktop
08:55:41.531286 - EVENT MANAGER: Change active script: False (The application is unknown to AT-SPI2)
08:55:41.531296 - EVENT MANAGER: Processing object:state-changed:focused: script handles events when inactive
TOTAL PROCESSING TIME: 0.0060
^^^^^ FINISHED PRIORITY-3 OBJECT EVENT OBJECT:STATE-CHANGED:FOCUSED ^^^^^

08:55:41.531322 - WARNING: Braille initialization failed: BrlAPI connection unavailable.
08:55:41.531335 - BRAILLE: Scheduling BrlAPI retry in 2000 ms.
08:55:41.531435 - EVENT MANAGER: Dequeueing object:text-caret-moved for [terminal: 'Terminal' (0x76499816c740)]  in org.gnome.Terminal (gtk 3.24.52) (385, 0, 0)
08:55:41.531472 - EVENT MANAGER: Dequeued object:text-caret-moved for [terminal: 'Terminal' (0x76499816c740)]  in org.gnome.Terminal (gtk 3.24.52) (385, 0, 0) priority: 4, counter: 35

vvvvv START PRIORITY-4 OBJECT EVENT OBJECT:TEXT-CARET-MOVED (queue size: 45) vvvvv
08:55:41.531757 - EVENT MANAGER: object:text-caret-moved for [terminal: 'Terminal' (0x76499816c740)]  in org.gnome.Terminal (gtk 3.24.52) (385, 0, 0) obsoleted by object:text-caret-moved for [terminal: 'Terminal' (0x76499816c740)]  in org.gnome.Terminal (gtk 3.24.52) (121, 0, 0) more recent event of same type for same object
TOTAL PROCESSING TIME: 0.0003
^^^^^ FINISHED PRIORITY-4 OBJECT EVENT OBJECT:TEXT-CARET-MOVED ^^^^^


08:55:41.531923 - EVENT MANAGER: object:children-changed:add for [desktop frame: 'main' (0x76499824dec0)]  in  (5, 0, [application: 'accessibility_probe' (0x764998125ec0)])
08:55:41.531944 - FOCUS MANAGER: Locus of focus is [DEAD (0x76499824c680)] 
08:55:41.532027 - SCRIPT MANAGER: Active script is: accessibility_probe (module=orca.scripts.default)
08:55:41.532037 - EVENT MANAGER: Ignoring object:children-changed:add because event is not from active app

08:55:41.532810 - EVENT MANAGER: object:children-changed:add for [application: 'accessibility_probe' (0x76499824cb40)]  in accessibility_probe (AccessKit) (0, 0, [frame: 'Reactive TUI App accessibility round 2' (0x764982f0cb40)])
08:55:41.532873 - FOCUS MANAGER: Locus of focus is [DEAD (0x76499824c680)] 
08:55:41.533120 - SCRIPT MANAGER: Active script is: accessibility_probe (module=orca.scripts.default)
08:55:41.533134 - EVENT MANAGER: Ignoring object:children-changed:add because event is not from active app
08:55:41.533243 - EVENT MANAGER: Dequeueing object:text-changed:delete for [terminal: 'Terminal' (0x76499816c740)]  in org.gnome.Terminal (gtk 3.24.52) (376, 9, \n\n\n\n\n\n\n\n\n)
08:55:41.533281 - EVENT MANAGER: Dequeued object:text-changed:delete for [terminal: 'Terminal' (0x76499816c740)]  in org.gnome.Terminal (gtk 3.24.52) (376, 9, \n\n\n\n\n\n\n\n\n) priority: 4, counter: 36

vvvvv START PRIORITY-4 OBJECT EVENT OBJECT:TEXT-CHANGED:DELETE (queue size: 44) vvvvv

08:55:41.533873 - EVENT MANAGER: object:children-changed:add for [frame: 'Reactive TUI App accessibility round 2' (0x764982f0cd40)]  in accessibility_probe (AccessKit) (0, 0, [button: 'Account preferences accessible label' (0x764982f0cc80)])
08:55:41.533894 - FOCUS MANAGER: Locus of focus is [DEAD (0x76499824c680)] 
08:55:41.533913 - EVENT MANAGER: Not ignoring object:children-changed:add based on role
08:55:41.533943 - EVENT MANAGER: Queueing object:children-changed:add for [frame: 'Reactive TUI App accessibility round 2' (0x764982f0cf00)]  in accessibility_probe (AccessKit) (0, 0, [button: 'Account preferences accessible label' (0x764982f0cb80)])
08:55:41.533958 - EVENT MANAGER: App for event source is [application: 'accessibility_probe' (0x764982f0cd40)] 
08:55:41.533974 - SCRIPT MANAGER: Getting script for [application: 'accessibility_probe' (0x764982f0cd40)]  [frame: 'Reactive TUI App accessibility round 2' (0x764982f0cb80)] 
08:55:41.534245 - SCRIPT MANAGER: Creating app script for [application: 'accessibility_probe' (0x764982f0cd40)] 
08:55:41.534297 - SCRIPT MANAGER: Mapped [application: 'accessibility_probe' (0x764982f0cd40)]  to accessibility_probe
08:55:41.534997 - DEFAULT: Setting up commands for [application: 'accessibility_probe' (0x764982f0cd40)] 
08:55:41.535027 - DEFAULT: Commands already initialized.
08:55:41.535042 - SCRIPT: accessibility_probe (module=orca.scripts.default) initialized
08:55:41.535182 - SCRIPT MANAGER: Default script created for [application: 'accessibility_probe' (0x764982f0cd40)]  (obj:  None)
08:55:41.535217 - SCRIPT MANAGER: Script is app script accessibility_probe (module=orca.scripts.default)
08:55:41.535275 - EVENT MANAGER: object:children-changed:add for [frame: 'Reactive TUI App accessibility round 2' (0x76499819a940)]  in accessibility_probe (AccessKit) (0, 0, [button: 'Account preferences accessible label' (0x764982f12940)]) has priority level: 6
08:55:41.535317 - EVENT MANAGER: Queued object:children-changed:add for [frame: 'Reactive TUI App accessibility round 2' (0x764982f12900)]  in accessibility_probe (AccessKit) (0, 0, [button: 'Account preferences accessible label' (0x764982f0cc40)]) priority: 6, counter: 76

08:55:41.535372 - EVENT MANAGER: object:children-changed:add for [frame: 'Reactive TUI App accessibility round 2' (0x764982f12980)]  in accessibility_probe (AccessKit) (1, 0, [button: 'Unavailable preferences accessible label' (0x764982f12980)])
08:55:41.535386 - FOCUS MANAGER: Locus of focus is [DEAD (0x76499824c680)] 
08:55:41.535407 - EVENT MANAGER: Not ignoring object:children-changed:add based on role
08:55:41.535438 - EVENT MANAGER: Queueing object:children-changed:add for [frame: 'Reactive TUI App accessibility round 2' (0x764982f12940)]  in accessibility_probe (AccessKit) (1, 0, [button: 'Unavailable preferences accessible label' (0x764982f128c0)])
08:55:41.535454 - EVENT MANAGER: App for event source is [application: 'accessibility_probe' (0x764982f0cd40)] 
08:55:41.535470 - SCRIPT MANAGER: Getting script for [application: 'accessibility_probe' (0x764982f0cd40)]  [frame: 'Reactive TUI App accessibility round 2' (0x764982f12ac0)] 
08:55:41.535884 - SCRIPT MANAGER: Script is app script accessibility_probe (module=orca.scripts.default)
08:55:41.535923 - EVENT MANAGER: object:children-changed:add for [frame: 'Reactive TUI App accessibility round 2' (0x764982f12940)]  in accessibility_probe (AccessKit) (1, 0, [button: 'Unavailable preferences accessible label' (0x764982f12bc0)]) has priority level: 6
08:55:41.535957 - EVENT MANAGER: Queued object:children-changed:add for [frame: 'Reactive TUI App accessibility round 2' (0x76499826ad80)]  in accessibility_probe (AccessKit) (1, 0, [button: 'Unavailable preferences accessible label' (0x76499822ad80)]) priority: 6, counter: 77

08:55:41.536005 - EVENT MANAGER: object:children-changed:add for [frame: 'Reactive TUI App accessibility round 2' (0x76499826ad80)]  in accessibility_probe (AccessKit) (2, 0, [button: 'Privacy preferences accessible label' (0x76499822ad80)])
08:55:41.536018 - FOCUS MANAGER: Locus of focus is [DEAD (0x76499824c680)] 
08:55:41.536035 - EVENT MANAGER: Not ignoring object:children-changed:add based on role
08:55:41.536063 - EVENT MANAGER: Queueing object:children-changed:add for [frame: 'Reactive TUI App accessibility round 2' (0x76499819a940)]  in accessibility_probe (AccessKit) (2, 0, [button: 'Privacy preferences accessible label' (0x764982f12940)])
08:55:41.536076 - EVENT MANAGER: App for event source is [application: 'accessibility_probe' (0x764982f0cd40)] 
08:55:41.536091 - SCRIPT MANAGER: Getting script for [application: 'accessibility_probe' (0x764982f0cd40)]  [frame: 'Reactive TUI App accessibility round 2' (0x76499822ad80)] 
08:55:41.536241 - SCRIPT MANAGER: Script is app script accessibility_probe (module=orca.scripts.default)
08:55:41.536277 - EVENT MANAGER: object:children-changed:add for [frame: 'Reactive TUI App accessibility round 2' (0x764982f12c80)]  in accessibility_probe (AccessKit) (2, 0, [button: 'Privacy preferences accessible label' (0x76499824c2c0)]) has priority level: 6
08:55:41.536309 - EVENT MANAGER: Queued object:children-changed:add for [frame: 'Reactive TUI App accessibility round 2' (0x76499819a940)]  in accessibility_probe (AccessKit) (2, 0, [button: 'Privacy preferences accessible label' (0x76499826a940)]) priority: 6, counter: 78
08:55:41.537749 - EVENT SOURCE:
                  app='org.gnome.Terminal (gtk 3.24.52)' name='Terminal' role='terminal' axid='' id=0x76499816c740
                  description=''
                  help=''
                  locale='C.UTF-8'
                  states='enabled, focusable, focused, sensitive, showing, visible'
                  relations=''
                  actions='menu'
                  interfaces='Action, Collection, Component, Text'
                  attributes='toolkit:gtk'
                  text='\n\n\n\n\n\n\n\n\n\n\n\n\n\n\n\n'
                  path=[-1, 0, 0, 1, 0, 0, 0, 0]
                  
08:55:41.537803 - SCRIPT MANAGER: Active script is: accessibility_probe (module=orca.scripts.default)
08:55:41.537846 - FOCUS MANAGER: Locus of focus is [DEAD (0x76499824c680)] 
08:55:41.537924 - EVENT MANAGER: Getting script for event for [application: 'org.gnome.Terminal' (0x7649982405c0)]  [terminal: 'Terminal' (0x76499816c740)] 
08:55:41.537975 - SCRIPT MANAGER: Getting script for [application: 'org.gnome.Terminal' (0x7649982405c0)]  [terminal: 'Terminal' (0x76499816c740)] 
08:55:41.538035 - SCRIPT MANAGER: Script is custom script org.gnome.Terminal (module=orca.scripts.terminal.script)
08:55:41.538065 - EVENT MANAGER: Script for event is org.gnome.Terminal (module=orca.scripts.terminal.script)
08:55:41.539112 - EVENT MANAGER: Change active script: False (No reason found to activate a different script.)
08:55:41.539139 - EVENT MANAGER: Not processing object:text-changed:delete due to lack of reason
TOTAL PROCESSING TIME: 0.0059
^^^^^ FINISHED PRIORITY-4 OBJECT EVENT OBJECT:TEXT-CHANGED:DELETE ^^^^^

08:55:41.539299 - EVENT MANAGER: Dequeueing object:text-changed:insert for [terminal: 'Terminal' (0x76499816c740)]  in org.gnome.Terminal (gtk 3.24.52) (376, 599, \n \n \n \n \n... \n \n \n \n \n (608 chars.))
08:55:41.539398 - EVENT MANAGER: Dequeued object:text-changed:insert for [terminal: 'Terminal' (0x76499816c740)]  in org.gnome.Terminal (gtk 3.24.52) (376, 599, \n \n \n \n \n... \n \n \n \n \n (608 chars.)) priority: 4, counter: 37

vvvvv START PRIORITY-4 OBJECT EVENT OBJECT:TEXT-CHANGED:INSERT (queue size: 46) vvvvv
08:55:41.543810 - EVENT SOURCE:
                  app='org.gnome.Terminal (gtk 3.24.52)' name='Terminal' role='terminal' axid='' id=0x76499816c740
                  description=''
                  help=''
                  locale='C.UTF-8'
                  states='enabled, focusable, focused, sensitive, showing, visible'
                  relations=''
                  actions='menu'
                  interfaces='Action, Collection, Component, Text'
                  attributes='toolkit:gtk'
                  text='Painted account ▼ \n Painted ... \n \n \n \n \n (992 chars.)'
                  path=[-1, 0, 0, 1, 0, 0, 0, 0]
                  
08:55:41.543899 - SCRIPT MANAGER: Active script is: accessibility_probe (module=orca.scripts.default)
08:55:41.543949 - FOCUS MANAGER: Locus of focus is [DEAD (0x76499824c680)] 
08:55:41.544065 - EVENT MANAGER: Getting script for event for [application: 'org.gnome.Terminal' (0x7649982405c0)]  [terminal: 'Terminal' (0x76499816c740)] 
08:55:41.544114 - SCRIPT MANAGER: Getting script for [application: 'org.gnome.Terminal' (0x7649982405c0)]  [terminal: 'Terminal' (0x76499816c740)] 
08:55:41.544147 - SCRIPT MANAGER: Script is custom script org.gnome.Terminal (module=orca.scripts.terminal.script)
08:55:41.544161 - EVENT MANAGER: Script for event is org.gnome.Terminal (module=orca.scripts.terminal.script)
08:55:41.544770 - EVENT MANAGER: Change active script: False (No reason found to activate a different script.)
08:55:41.544785 - EVENT MANAGER: Not processing object:text-changed:insert due to lack of reason
TOTAL PROCESSING TIME: 0.0054
^^^^^ FINISHED PRIORITY-4 OBJECT EVENT OBJECT:TEXT-CHANGED:INSERT ^^^^^

08:55:41.544916 - EVENT MANAGER: Dequeueing object:text-caret-moved for [terminal: 'Terminal' (0x76499816c740)]  in org.gnome.Terminal (gtk 3.24.52) (975, 0, 0)
08:55:41.544953 - EVENT MANAGER: Dequeued object:text-caret-moved for [terminal: 'Terminal' (0x76499816c740)]  in org.gnome.Terminal (gtk 3.24.52) (975, 0, 0) priority: 4, counter: 38

vvvvv START PRIORITY-4 OBJECT EVENT OBJECT:TEXT-CARET-MOVED (queue size: 45) vvvvv
08:55:41.545263 - EVENT MANAGER: object:text-caret-moved for [terminal: 'Terminal' (0x76499816c740)]  in org.gnome.Terminal (gtk 3.24.52) (975, 0, 0) obsoleted by object:text-caret-moved for [terminal: 'Terminal' (0x76499816c740)]  in org.gnome.Terminal (gtk 3.24.52) (121, 0, 0) more recent event of same type for same object
TOTAL PROCESSING TIME: 0.0003
^^^^^ FINISHED PRIORITY-4 OBJECT EVENT OBJECT:TEXT-CARET-MOVED ^^^^^

08:55:41.545314 - CLIPBOARD PRESENTER: Possible change event object:text-changed:delete for [terminal: 'Terminal' (0x76499816c740)]  in org.gnome.Terminal (gtk 3.24.52) (0, 16, \n\n\n\n\n\n\n\n\n\n\n\n\n\n\n\n)

08:55:41.545372 - EVENT MANAGER: object:text-changed:delete for [terminal: 'Terminal' (0x76499816c740)]  in org.gnome.Terminal (gtk 3.24.52) (0, 16, \n\n\n\n\n\n\n\n\n\n\n\n\n\n\n\n)
08:55:41.545385 - FOCUS MANAGER: Locus of focus is [DEAD (0x76499824c680)] 
08:55:41.545437 - EVENT_MANAGER: Not ignoring object:text-changed:delete due to source being focused
08:55:41.545469 - EVENT MANAGER: Queueing object:text-changed:delete for [terminal: 'Terminal' (0x76499816c740)]  in org.gnome.Terminal (gtk 3.24.52) (0, 16, \n\n\n\n\n\n\n\n\n\n\n\n\n\n\n\n)
08:55:41.545484 - EVENT MANAGER: App for event source is [application: 'org.gnome.Terminal' (0x7649982405c0)] 
08:55:41.545500 - SCRIPT MANAGER: Getting script for [application: 'org.gnome.Terminal' (0x7649982405c0)]  [terminal: 'Terminal' (0x76499816c740)] 
08:55:41.545527 - SCRIPT MANAGER: Script is custom script org.gnome.Terminal (module=orca.scripts.terminal.script)
08:55:41.545564 - EVENT MANAGER: object:text-changed:delete for [terminal: 'Terminal' (0x76499816c740)]  in org.gnome.Terminal (gtk 3.24.52) (0, 16, \n\n\n\n\n\n\n\n\n\n\n\n\n\n\n\n) has priority level: 4
08:55:41.545602 - EVENT MANAGER: Queued object:text-changed:delete for [terminal: 'Terminal' (0x76499816c740)]  in org.gnome.Terminal (gtk 3.24.52) (0, 16, \n\n\n\n\n\n\n\n\n\n\n\n\n\n\n\n) priority: 4, counter: 79
08:55:41.545637 - CLIPBOARD PRESENTER: Possible change event object:text-changed:insert for [terminal: 'Terminal' (0x76499816c740)]  in org.gnome.Terminal (gtk 3.24.52) (0, 16, \n\n\n\n\n\n\n\n\n\n\n\n\n\n\n\n)

08:55:41.545681 - EVENT MANAGER: object:text-changed:insert for [terminal: 'Terminal' (0x76499816c740)]  in org.gnome.Terminal (gtk 3.24.52) (0, 16, \n\n\n\n\n\n\n\n\n\n\n\n\n\n\n\n)
08:55:41.545693 - FOCUS MANAGER: Locus of focus is [DEAD (0x76499824c680)] 
08:55:41.545735 - EVENT_MANAGER: Not ignoring object:text-changed:insert due to source being focused
08:55:41.545765 - EVENT MANAGER: Queueing object:text-changed:insert for [terminal: 'Terminal' (0x76499816c740)]  in org.gnome.Terminal (gtk 3.24.52) (0, 16, \n\n\n\n\n\n\n\n\n\n\n\n\n\n\n\n)
08:55:41.545780 - EVENT MANAGER: App for event source is [application: 'org.gnome.Terminal' (0x7649982405c0)] 
08:55:41.545795 - SCRIPT MANAGER: Getting script for [application: 'org.gnome.Terminal' (0x7649982405c0)]  [terminal: 'Terminal' (0x76499816c740)] 
08:55:41.545815 - SCRIPT MANAGER: Script is custom script org.gnome.Terminal (module=orca.scripts.terminal.script)
08:55:41.545850 - EVENT MANAGER: object:text-changed:insert for [terminal: 'Terminal' (0x76499816c740)]  in org.gnome.Terminal (gtk 3.24.52) (0, 16, \n\n\n\n\n\n\n\n\n\n\n\n\n\n\n\n) has priority level: 4
08:55:41.545884 - EVENT MANAGER: Queued object:text-changed:insert for [terminal: 'Terminal' (0x76499816c740)]  in org.gnome.Terminal (gtk 3.24.52) (0, 16, \n\n\n\n\n\n\n\n\n\n\n\n\n\n\n\n) priority: 4, counter: 80

08:55:41.545920 - EVENT MANAGER: window:activate for [frame: 'Reactive TUI App accessibility round 2' (0x764982f12940)]  in accessibility_probe (AccessKit) (0, 0, Reactive TUI App accessibility round 2)
08:55:41.545948 - EVENT MANAGER: Queueing window:activate for [frame: 'Reactive TUI App accessibility round 2' (0x76499825b000)]  in accessibility_probe (AccessKit) (0, 0, Reactive TUI App accessibility round 2)
08:55:41.545962 - EVENT MANAGER: App for event source is [application: 'accessibility_probe' (0x764982f0cd40)] 
08:55:41.545981 - SCRIPT MANAGER: Getting script for [application: 'accessibility_probe' (0x764982f0cd40)]  [frame: 'Reactive TUI App accessibility round 2' (0x76499819b000)] 
08:55:41.546439 - SCRIPT MANAGER: Script is app script accessibility_probe (module=orca.scripts.default)
08:55:41.546487 - EVENT MANAGER: window:activate for [frame: 'Reactive TUI App accessibility round 2' (0x76499822b1c0)]  in accessibility_probe (AccessKit) (0, 0, Reactive TUI App accessibility round 2) has priority level: 2
08:55:41.546525 - EVENT MANAGER: Queued window:activate for [frame: 'Reactive TUI App accessibility round 2' (0x76499825b080)]  in accessibility_probe (AccessKit) (0, 0, Reactive TUI App accessibility round 2) priority: 2, counter: 81

08:55:41.546597 - EVENT MANAGER: object:state-changed:active for [frame: 'Reactive TUI App accessibility round 2' (0x76499825b240)]  in accessibility_probe (AccessKit) (1, 0, 0)
08:55:41.546610 - FOCUS MANAGER: Locus of focus is [DEAD (0x76499824c680)] 
08:55:41.546631 - EVENT MANAGER: Not ignoring object:state-changed:active based on role
08:55:41.546661 - EVENT MANAGER: Queueing object:state-changed:active for [frame: 'Reactive TUI App accessibility round 2' (0x764982f12f40)]  in accessibility_probe (AccessKit) (1, 0, 0)
08:55:41.546675 - EVENT MANAGER: App for event source is [application: 'accessibility_probe' (0x764982f0cd40)] 
08:55:41.546693 - SCRIPT MANAGER: Getting script for [application: 'accessibility_probe' (0x764982f0cd40)]  [frame: 'Reactive TUI App accessibility round 2' (0x764982f12f40)] 
08:55:41.546866 - SCRIPT MANAGER: Script is app script accessibility_probe (module=orca.scripts.default)
08:55:41.546910 - EVENT MANAGER: object:state-changed:active for [frame: 'Reactive TUI App accessibility round 2' (0x76499826a940)]  in accessibility_probe (AccessKit) (1, 0, 0) has priority level: 2
08:55:41.546945 - EVENT MANAGER: Queued object:state-changed:active for [frame: 'Reactive TUI App accessibility round 2' (0x76499825b300)]  in accessibility_probe (AccessKit) (1, 0, 0) priority: 2, counter: 82

08:55:41.546987 - EVENT MANAGER: object:active-descendant-changed for [application: 'accessibility_probe' (0x764982f0cd40)]  in accessibility_probe (AccessKit) (0, 0, [frame: 'Reactive TUI App accessibility round 2' (0x764982f13340)])
08:55:41.547004 - FOCUS MANAGER: Locus of focus is [DEAD (0x76499824c680)] 
08:55:41.547086 - EVENT MANAGER: Queueing object:active-descendant-changed for [application: 'accessibility_probe' (0x764982f0cd40)]  in accessibility_probe (AccessKit) (0, 0, [frame: 'Reactive TUI App accessibility round 2' (0x76499822af40)])
08:55:41.547101 - EVENT MANAGER: App for event source is [application: 'accessibility_probe' (0x764982f0cd40)] 
08:55:41.547117 - SCRIPT MANAGER: Getting script for [application: 'accessibility_probe' (0x764982f0cd40)]  [application: 'accessibility_probe' (0x764982f0cd40)] 
08:55:41.547268 - SCRIPT MANAGER: Script is app script accessibility_probe (module=orca.scripts.default)
08:55:41.547308 - EVENT MANAGER: object:active-descendant-changed for [application: 'accessibility_probe' (0x764982f0cd40)]  in accessibility_probe (AccessKit) (0, 0, [frame: 'Reactive TUI App accessibility round 2' (0x764982f12e00)]) has priority level: 3
08:55:41.547342 - EVENT MANAGER: Queued object:active-descendant-changed for [application: 'accessibility_probe' (0x764982f0cd40)]  in accessibility_probe (AccessKit) (0, 0, [frame: 'Reactive TUI App accessibility round 2' (0x764982f12f40)]) priority: 3, counter: 83

08:55:41.547381 - EVENT MANAGER: object:state-changed:focused for [button: 'Account preferences accessible label' (0x764982f133c0)]  in accessibility_probe (AccessKit) (1, 0, 0)
08:55:41.547394 - FOCUS MANAGER: Locus of focus is [DEAD (0x76499824c680)] 
08:55:41.547443 - EVENT_MANAGER: Not ignoring object:state-changed:focused due to source being focused
08:55:41.547474 - EVENT MANAGER: Queueing object:state-changed:focused for [button: 'Account preferences accessible label' (0x764982f133c0)]  in accessibility_probe (AccessKit) (1, 0, 0)
08:55:41.547488 - EVENT MANAGER: App for event source is [application: 'accessibility_probe' (0x764982f0cd40)] 
08:55:41.547504 - SCRIPT MANAGER: Getting script for [application: 'accessibility_probe' (0x764982f0cd40)]  [button: 'Account preferences accessible label' (0x764982f12f40)] 
08:55:41.547655 - SCRIPT MANAGER: Script is app script accessibility_probe (module=orca.scripts.default)
08:55:41.547696 - EVENT MANAGER: object:state-changed:focused for [button: 'Account preferences accessible label' (0x764982f13540)]  in accessibility_probe (AccessKit) (1, 0, 0) has priority level: 3
08:55:41.547731 - EVENT MANAGER: Queued object:state-changed:focused for [button: 'Account preferences accessible label' (0x764982f12e00)]  in accessibility_probe (AccessKit) (1, 0, 0) priority: 3, counter: 84

08:55:41.547768 - EVENT MANAGER: object:text-caret-moved for [terminal: 'Terminal' (0x76499816c740)]  in org.gnome.Terminal (gtk 3.24.52) (15, 0, 0)
08:55:41.547780 - FOCUS MANAGER: Locus of focus is [DEAD (0x76499824c680)] 
08:55:41.547824 - EVENT_MANAGER: Not ignoring object:text-caret-moved due to source being focused
08:55:41.547855 - EVENT MANAGER: Queueing object:text-caret-moved for [terminal: 'Terminal' (0x76499816c740)]  in org.gnome.Terminal (gtk 3.24.52) (15, 0, 0)
08:55:41.547870 - EVENT MANAGER: App for event source is [application: 'org.gnome.Terminal' (0x7649982405c0)] 
08:55:41.547888 - SCRIPT MANAGER: Getting script for [application: 'org.gnome.Terminal' (0x7649982405c0)]  [terminal: 'Terminal' (0x76499816c740)] 
08:55:41.547909 - SCRIPT MANAGER: Script is custom script org.gnome.Terminal (module=orca.scripts.terminal.script)
08:55:41.547946 - EVENT MANAGER: object:text-caret-moved for [terminal: 'Terminal' (0x76499816c740)]  in org.gnome.Terminal (gtk 3.24.52) (15, 0, 0) has priority level: 4
08:55:41.547987 - EVENT MANAGER: Queued object:text-caret-moved for [terminal: 'Terminal' (0x76499816c740)]  in org.gnome.Terminal (gtk 3.24.52) (15, 0, 0) priority: 4, counter: 85
08:55:41.548021 - CLIPBOARD PRESENTER: Possible change event object:text-changed:delete for [terminal: 'Terminal' (0x76499816c740)]  in org.gnome.Terminal (gtk 3.24.52) (0, 15, \n\n\n\n\n\n\n\n\n\n\n\n\n\n\n)

08:55:41.548068 - EVENT MANAGER: object:text-changed:delete for [terminal: 'Terminal' (0x76499816c740)]  in org.gnome.Terminal (gtk 3.24.52) (0, 15, \n\n\n\n\n\n\n\n\n\n\n\n\n\n\n)
08:55:41.548080 - FOCUS MANAGER: Locus of focus is [DEAD (0x76499824c680)] 
08:55:41.548122 - EVENT_MANAGER: Not ignoring object:text-changed:delete due to source being focused
08:55:41.548153 - EVENT MANAGER: Queueing object:text-changed:delete for [terminal: 'Terminal' (0x76499816c740)]  in org.gnome.Terminal (gtk 3.24.52) (0, 15, \n\n\n\n\n\n\n\n\n\n\n\n\n\n\n)
08:55:41.548168 - EVENT MANAGER: App for event source is [application: 'org.gnome.Terminal' (0x7649982405c0)] 
08:55:41.548183 - SCRIPT MANAGER: Getting script for [application: 'org.gnome.Terminal' (0x7649982405c0)]  [terminal: 'Terminal' (0x76499816c740)] 
08:55:41.548203 - SCRIPT MANAGER: Script is custom script org.gnome.Terminal (module=orca.scripts.terminal.script)
08:55:41.548239 - EVENT MANAGER: object:text-changed:delete for [terminal: 'Terminal' (0x76499816c740)]  in org.gnome.Terminal (gtk 3.24.52) (0, 15, \n\n\n\n\n\n\n\n\n\n\n\n\n\n\n) has priority level: 4
08:55:41.548272 - EVENT MANAGER: Queued object:text-changed:delete for [terminal: 'Terminal' (0x76499816c740)]  in org.gnome.Terminal (gtk 3.24.52) (0, 15, \n\n\n\n\n\n\n\n\n\n\n\n\n\n\n) priority: 4, counter: 86
08:55:41.548314 - CLIPBOARD PRESENTER: Possible change event object:text-changed:insert for [terminal: 'Terminal' (0x76499816c740)]  in org.gnome.Terminal (gtk 3.24.52) (0, 975, Painted account ▼ \n Painted... \n \n \n \n \n (990 chars.))

08:55:41.548364 - EVENT MANAGER: object:text-changed:insert for [terminal: 'Terminal' (0x76499816c740)]  in org.gnome.Terminal (gtk 3.24.52) (0, 975, Painted account ▼ \n Painted... \n \n \n \n \n (990 chars.))
08:55:41.548377 - FOCUS MANAGER: Locus of focus is [DEAD (0x76499824c680)] 
08:55:41.548420 - EVENT_MANAGER: Not ignoring object:text-changed:insert due to source being focused
08:55:41.548455 - EVENT MANAGER: Queueing object:text-changed:insert for [terminal: 'Terminal' (0x76499816c740)]  in org.gnome.Terminal (gtk 3.24.52) (0, 975, Painted account ▼ \n Painted... \n \n \n \n \n (990 chars.))
08:55:41.548471 - EVENT MANAGER: App for event source is [application: 'org.gnome.Terminal' (0x7649982405c0)] 
08:55:41.548486 - SCRIPT MANAGER: Getting script for [application: 'org.gnome.Terminal' (0x7649982405c0)]  [terminal: 'Terminal' (0x76499816c740)] 
08:55:41.548507 - SCRIPT MANAGER: Script is custom script org.gnome.Terminal (module=orca.scripts.terminal.script)
08:55:41.548545 - EVENT MANAGER: object:text-changed:insert for [terminal: 'Terminal' (0x76499816c740)]  in org.gnome.Terminal (gtk 3.24.52) (0, 975, Painted account ▼ \n Painted... \n \n \n \n \n (990 chars.)) has priority level: 4
08:55:41.548582 - EVENT MANAGER: Queued object:text-changed:insert for [terminal: 'Terminal' (0x76499816c740)]  in org.gnome.Terminal (gtk 3.24.52) (0, 975, Painted account ▼ \n Painted... \n \n \n \n \n (990 chars.)) priority: 4, counter: 87

08:55:41.548617 - EVENT MANAGER: object:text-caret-moved for [terminal: 'Terminal' (0x76499816c740)]  in org.gnome.Terminal (gtk 3.24.52) (975, 0, 0)
08:55:41.548628 - FOCUS MANAGER: Locus of focus is [DEAD (0x76499824c680)] 
08:55:41.548674 - EVENT_MANAGER: Not ignoring object:text-caret-moved due to source being focused
08:55:41.548704 - EVENT MANAGER: Queueing object:text-caret-moved for [terminal: 'Terminal' (0x76499816c740)]  in org.gnome.Terminal (gtk 3.24.52) (975, 0, 0)
08:55:41.548718 - EVENT MANAGER: App for event source is [application: 'org.gnome.Terminal' (0x7649982405c0)] 
08:55:41.548733 - SCRIPT MANAGER: Getting script for [application: 'org.gnome.Terminal' (0x7649982405c0)]  [terminal: 'Terminal' (0x76499816c740)] 
08:55:41.548752 - SCRIPT MANAGER: Script is custom script org.gnome.Terminal (module=orca.scripts.terminal.script)
08:55:41.548788 - EVENT MANAGER: object:text-caret-moved for [terminal: 'Terminal' (0x76499816c740)]  in org.gnome.Terminal (gtk 3.24.52) (975, 0, 0) has priority level: 4
08:55:41.548821 - EVENT MANAGER: Queued object:text-caret-moved for [terminal: 'Terminal' (0x76499816c740)]  in org.gnome.Terminal (gtk 3.24.52) (975, 0, 0) priority: 4, counter: 88
08:55:41.548895 - EVENT MANAGER: Dequeueing window:activate for [frame: 'Reactive TUI App accessibility round 2' (0x764998bcba40)]  in accessibility_probe (AccessKit) (0, 0, Reactive TUI App accessibility round 2)
08:55:41.548937 - EVENT MANAGER: Dequeued window:activate for [frame: 'Reactive TUI App accessibility round 2' (0x7649981c3bc0)]  in accessibility_probe (AccessKit) (0, 0, Reactive TUI App accessibility round 2) priority: 2, counter: 81

vvvvv START PRIORITY-2 OBJECT EVENT WINDOW:ACTIVATE (queue size: 54) vvvvv
08:55:41.551025 - EVENT SOURCE:
                  app='accessibility_probe (AccessKit )' name='Reactive TUI App accessibility round 2' role='frame' axid='' id=0x76499819bc00
                  description=''
                  help=''
                  locale=''
                  states='active, enabled, sensitive, showing, visible'
                  relations=''
                  actions=''
                  interfaces='Component'
                  attributes=''
                  text=''
                  path=[-1, 0]
                  
08:55:41.551082 - SCRIPT MANAGER: Active script is: accessibility_probe (module=orca.scripts.default)
08:55:41.551122 - FOCUS MANAGER: Locus of focus is [DEAD (0x76499824c680)] 
08:55:41.551199 - EVENT MANAGER: Getting script for event for [application: 'accessibility_probe' (0x764982f0cd40)]  [frame: 'Reactive TUI App accessibility round 2' (0x764982f13c00)] 
08:55:41.551249 - SCRIPT MANAGER: Getting script for [application: 'accessibility_probe' (0x764982f0cd40)]  [frame: 'Reactive TUI App accessibility round 2' (0x764982f13c00)] 
08:55:41.551495 - SCRIPT MANAGER: Script is app script accessibility_probe (module=orca.scripts.default)
08:55:41.551529 - EVENT MANAGER: Script for event is accessibility_probe (module=orca.scripts.default)
08:55:41.552662 - AXObject: Exception in get_role_name: app no longer exists
08:55:41.552685 - AXObject: Adding to known dead objects ax_utilities_debugging._accessible_as_string:62 > ax_object.get_role_name:661 > ax_object.handle_error:193 > ax_object._set_known_dead_status:170
08:55:41.553342 - FOCUS MANAGER: Active window is [DEAD (0x764998126380)]  event_manager._process_object_event:958 > event_manager._is_activatable_event:814 > event_manager._is_activatable_by_event_type:828 > focus_manager.get_active_window:342
08:55:41.553772 - EVENT MANAGER: Change active script: True (Window activation)
08:55:41.553820 - SCRIPT MANAGER: Deactivating accessibility_probe (module=orca.scripts.default) reason: Window activation
08:55:41.553865 - SCRIPT MANAGER: Setting active script to accessibility_probe (module=orca.scripts.default) reason: Window activation
08:55:41.553901 - DEFAULT: Activating script for [application: 'accessibility_probe' (0x764982f0cd40)] 
08:55:41.554434 - SPEECH MANAGER: Speech server is <orca.speechdispatcherfactory.SpeechServer object at 0x764998af96a0>
08:55:41.554505 - GSETTINGS SCHEMA HANDLE: speech/punctuation-level not set [app:accessibility_probe, profile:default]
08:55:41.554515 - GSETTINGS REGISTRY: speech/punctuation-level using default value = 'most'
08:55:41.556128 - SPEECH MANAGER: Speech server is <orca.speechdispatcherfactory.SpeechServer object at 0x764998af96a0>
08:55:41.556168 - GSETTINGS SCHEMA HANDLE: speech/capitalization-style not set [app:accessibility_probe, profile:default]
08:55:41.556175 - GSETTINGS REGISTRY: speech/capitalization-style using default value = 'none'
08:55:41.556384 - SPEECH MANAGER: Speech server is <orca.speechdispatcherfactory.SpeechServer object at 0x764998af96a0>
08:55:41.556440 - GSETTINGS SCHEMA HANDLE: speech/synthesizer not set [app:accessibility_probe, profile:default]
08:55:41.556467 - SCRIPT MANAGER: Active script is: accessibility_probe (module=orca.scripts.default)
08:55:41.556473 - CARET NAVIGATOR: Commands suspended: False: script activation, no prior state
08:55:41.556494 - GSETTINGS SCHEMA HANDLE: keybindings/keyboard-layout not set [app:accessibility_probe, profile:default]
08:55:41.556498 - GSETTINGS REGISTRY: keybindings/keyboard-layout using default value = 'desktop'
08:55:41.556510 - GSETTINGS SCHEMA HANDLE: keybindings/desktop-modifier-keys not set [app:accessibility_probe, profile:default]
08:55:41.556515 - GSETTINGS REGISTRY: keybindings/desktop-modifier-keys using default value = ['Insert', 'KP_Insert']
08:55:41.556545 - SCRIPT MANAGER: Active script is: accessibility_probe (module=orca.scripts.default)
08:55:41.556549 - STRUCTURAL NAVIGATOR: Suspended: False: script activation, no prior state
08:55:41.556561 - GSETTINGS SCHEMA HANDLE: keybindings/keyboard-layout not set [app:accessibility_probe, profile:default]
08:55:41.556565 - GSETTINGS REGISTRY: keybindings/keyboard-layout using default value = 'desktop'
08:55:41.556574 - GSETTINGS SCHEMA HANDLE: keybindings/desktop-modifier-keys not set [app:accessibility_probe, profile:default]
08:55:41.556578 - GSETTINGS REGISTRY: keybindings/desktop-modifier-keys using default value = ['Insert', 'KP_Insert']
08:55:41.556614 - STRUCTURAL NAVIGATOR: Setting mode for accessibility_probe (module=orca.scripts.default) to NavigationMode.OFF
08:55:41.556627 - SCRIPT MANAGER: Active script is: accessibility_probe (module=orca.scripts.default)
08:55:41.556641 - GSETTINGS SCHEMA HANDLE: keybindings/keyboard-layout not set [app:accessibility_probe, profile:default]
08:55:41.556644 - GSETTINGS REGISTRY: keybindings/keyboard-layout using default value = 'desktop'
08:55:41.556654 - GSETTINGS SCHEMA HANDLE: keybindings/desktop-modifier-keys not set [app:accessibility_probe, profile:default]
08:55:41.556658 - GSETTINGS REGISTRY: keybindings/desktop-modifier-keys using default value = ['Insert', 'KP_Insert']
08:55:41.556690 - CARET NAVIGATOR: Setting enabled state for accessibility_probe (module=orca.scripts.default) to False
08:55:41.556704 - SCRIPT MANAGER: Active script is: accessibility_probe (module=orca.scripts.default)
08:55:41.556715 - GSETTINGS SCHEMA HANDLE: keybindings/keyboard-layout not set [app:accessibility_probe, profile:default]
08:55:41.556718 - GSETTINGS REGISTRY: keybindings/keyboard-layout using default value = 'desktop'
08:55:41.556728 - GSETTINGS SCHEMA HANDLE: keybindings/desktop-modifier-keys not set [app:accessibility_probe, profile:default]
08:55:41.556732 - GSETTINGS REGISTRY: keybindings/desktop-modifier-keys using default value = ['Insert', 'KP_Insert']
08:55:41.556743 - COMMAND MANAGER: Activating commands: activated accessibility_probe (module=orca.scripts.default)
08:55:41.556816 - GSETTINGS SCHEMA HANDLE: keybindings/entries no dict values set
08:55:41.556822 - GSETTINGS REGISTRY: keybindings/entries using default value = {}
08:55:41.556825 - COMMAND MANAGER: No user overrides to apply
08:55:41.556869 - GSETTINGS SCHEMA HANDLE: keybindings/keyboard-layout not set [app:accessibility_probe, profile:default]
08:55:41.556877 - GSETTINGS REGISTRY: keybindings/keyboard-layout using default value = 'desktop'
08:55:41.556887 - GSETTINGS SCHEMA HANDLE: keybindings/desktop-modifier-keys not set [app:accessibility_probe, profile:default]
08:55:41.556891 - GSETTINGS REGISTRY: keybindings/desktop-modifier-keys using default value = ['Insert', 'KP_Insert']

vvvvv COMMAND MANAGER: Grab diff: activated accessibility_probe (module=orca.scripts.default) (old: 77, new: 77) vvvvv
08:55:41.556911 -   No grab changes
^^^^^ COMMAND MANAGER: Diff completed in 0.0000s. Removed 0, added 0, transferred 0 ^^^^^

08:55:41.556933 - GSETTINGS SCHEMA HANDLE: speech/enable not set [app:accessibility_probe, profile:default]
08:55:41.556937 - GSETTINGS REGISTRY: speech/enable using default value = True
08:55:41.556941 - SPEECH MANAGER: Speech is enabled.
08:55:41.556971 - SPEECH MANAGER: start_speech. Script: None Event: None notify_user: False
08:55:41.556975 - SPEECH MANAGER: Initializing server
08:55:41.556985 - SPEECH MANAGER: Already initialized
08:55:41.557004 - GSETTINGS SCHEMA HANDLE: keybindings/keyboard-layout not set [app:accessibility_probe, profile:default]
08:55:41.557010 - GSETTINGS REGISTRY: keybindings/keyboard-layout using default value = 'desktop'
08:55:41.557017 - COMMAND MANAGER: Setting keyboard layout is_desktop to True.
08:55:41.557070 - GSETTINGS SCHEMA HANDLE: keybindings/entries no dict values set
08:55:41.557075 - GSETTINGS REGISTRY: keybindings/entries using default value = {}
08:55:41.557078 - COMMAND MANAGER: No user overrides to apply
08:55:41.557119 - GSETTINGS SCHEMA HANDLE: keybindings/keyboard-layout not set [app:accessibility_probe, profile:default]
08:55:41.557124 - GSETTINGS REGISTRY: keybindings/keyboard-layout using default value = 'desktop'
08:55:41.557133 - GSETTINGS SCHEMA HANDLE: keybindings/desktop-modifier-keys not set [app:accessibility_probe, profile:default]
08:55:41.557137 - GSETTINGS REGISTRY: keybindings/desktop-modifier-keys using default value = ['Insert', 'KP_Insert']

vvvvv COMMAND MANAGER: Grab diff: keyboard layout change (old: 77, new: 77) vvvvv
08:55:41.557150 -   No grab changes
^^^^^ COMMAND MANAGER: Diff completed in 0.0000s. Removed 0, added 0, transferred 0 ^^^^^

08:55:41.557159 - COMMAND MANAGER: Keyboard layout set to desktop.
08:55:41.557172 - GSETTINGS SCHEMA HANDLE: keybindings/keyboard-layout not set [app:accessibility_probe, profile:default]
08:55:41.557176 - GSETTINGS REGISTRY: keybindings/keyboard-layout using default value = 'desktop'
08:55:41.557186 - GSETTINGS SCHEMA HANDLE: keybindings/desktop-modifier-keys not set [app:accessibility_probe, profile:default]
08:55:41.557190 - GSETTINGS REGISTRY: keybindings/desktop-modifier-keys using default value = ['Insert', 'KP_Insert']
08:55:41.557202 - EVENT MANAGER: Processing window:activate: script for event is active
08:55:41.557248 - AXObject: Clearing AT-SPI cache on [frame: 'Reactive TUI App accessibility round 2' (0x764998260f00)]  Recursive: False.  Reason: Checking if window can be the active window
08:55:41.560422 - AXUtilities: [frame: 'Reactive TUI App accessibility round 2' (0x764998260f00)]  from [application: 'accessibility_probe' (0x764982f0cd40)]  can be active window
08:55:41.560509 - FOCUS MANAGER: Active window is [DEAD (0x764998126380)]  event_manager._dequeue_object_event:666 > event_manager._process_object_event:982 > default._on_window_activated:1384 > focus_manager.get_active_window:342
08:55:41.561100 - FOCUS MANAGER: Request to set active window to [frame: 'Reactive TUI App accessibility round 2' (0x764982f19240)] 
08:55:41.561160 - FOCUS MANAGER: Focus [DEAD (0x76499824c680)]  is not in [frame: 'Reactive TUI App accessibility round 2' (0x764982f19240)] 
08:55:41.561241 - FOCUS MANAGER: Request to set locus of focus to [frame: 'Reactive TUI App accessibility round 2' (0x764982f19240)]  event_manager._process_object_event:982 > default._on_window_activated:1391 > focus_manager.set_active_window:391 > focus_manager.set_locus_of_focus:271
08:55:41.561601 - AXObject: Clearing AT-SPI cache on [frame: 'Reactive TUI App accessibility round 2' (0x764982f19240)]  Recursive: False.  Reason: Setting locus of focus.
08:55:41.561628 - SCRIPT MANAGER: Active script is: accessibility_probe (module=orca.scripts.default)
08:55:41.562555 - FOCUS MANAGER: Changing locus of focus from None to [frame: 'Reactive TUI App accessibility round 2' (0x764982f19240)] . Notify: True
08:55:41.562946 - FOCUS MANAGER: Region of interest: [frame: 'Reactive TUI App accessibility round 2' (0x764982f19240)]  (0, 0)
08:55:41.563382 - FOCUS MANAGER: Switching object of interest from [DEAD (0x76499824c680)]  to [frame: 'Reactive TUI App accessibility round 2' (0x764982f19240)] 
08:55:41.564078 - DOCUMENT PRESENTER: Updating mode for focus change. Old focus: None old doc: None New focus: [frame: 'Reactive TUI App accessibility round 2' (0x764982f19240)]  new doc: None
08:55:41.564112 - SCRIPT MANAGER: Active script is: accessibility_probe (module=orca.scripts.default)
08:55:41.564122 - CARET NAVIGATOR: Commands suspended: False: locus of focus no longer in document
08:55:41.564175 - GSETTINGS SCHEMA HANDLE: keybindings/keyboard-layout not set [app:accessibility_probe, profile:default]
08:55:41.564182 - GSETTINGS REGISTRY: keybindings/keyboard-layout using default value = 'desktop'
08:55:41.564196 - GSETTINGS SCHEMA HANDLE: keybindings/desktop-modifier-keys not set [app:accessibility_probe, profile:default]
08:55:41.564202 - GSETTINGS REGISTRY: keybindings/desktop-modifier-keys using default value = ['Insert', 'KP_Insert']
08:55:41.564238 - SCRIPT MANAGER: Active script is: accessibility_probe (module=orca.scripts.default)
08:55:41.564243 - STRUCTURAL NAVIGATOR: Suspended: False: locus of focus no longer in document
08:55:41.564257 - GSETTINGS SCHEMA HANDLE: keybindings/keyboard-layout not set [app:accessibility_probe, profile:default]
08:55:41.564268 - GSETTINGS REGISTRY: keybindings/keyboard-layout using default value = 'desktop'
08:55:41.564281 - GSETTINGS SCHEMA HANDLE: keybindings/desktop-modifier-keys not set [app:accessibility_probe, profile:default]
08:55:41.564285 - GSETTINGS REGISTRY: keybindings/desktop-modifier-keys using default value = ['Insert', 'KP_Insert']
08:55:41.564320 - STRUCTURAL NAVIGATOR: Setting mode for accessibility_probe (module=orca.scripts.default) to NavigationMode.OFF
08:55:41.564335 - SCRIPT MANAGER: Active script is: accessibility_probe (module=orca.scripts.default)
08:55:41.564349 - GSETTINGS SCHEMA HANDLE: keybindings/keyboard-layout not set [app:accessibility_probe, profile:default]
08:55:41.564353 - GSETTINGS REGISTRY: keybindings/keyboard-layout using default value = 'desktop'
08:55:41.564363 - GSETTINGS SCHEMA HANDLE: keybindings/desktop-modifier-keys not set [app:accessibility_probe, profile:default]
08:55:41.564367 - GSETTINGS REGISTRY: keybindings/desktop-modifier-keys using default value = ['Insert', 'KP_Insert']
08:55:41.564399 - CARET NAVIGATOR: Setting enabled state for accessibility_probe (module=orca.scripts.default) to False
08:55:41.564411 - SCRIPT MANAGER: Active script is: accessibility_probe (module=orca.scripts.default)
08:55:41.564423 - GSETTINGS SCHEMA HANDLE: keybindings/keyboard-layout not set [app:accessibility_probe, profile:default]
08:55:41.564426 - GSETTINGS REGISTRY: keybindings/keyboard-layout using default value = 'desktop'
08:55:41.564436 - GSETTINGS SCHEMA HANDLE: keybindings/desktop-modifier-keys not set [app:accessibility_probe, profile:default]
08:55:41.564440 - GSETTINGS REGISTRY: keybindings/desktop-modifier-keys using default value = ['Insert', 'KP_Insert']
08:55:41.564483 - SCRIPT UTILITIES: [frame: 'Reactive TUI App accessibility round 2' (0x764982f19240)]  is top-level object for: [frame: 'Reactive TUI App accessibility round 2' (0x764982f19240)] 
08:55:41.564497 - FOCUS MANAGER: Request to set active window to [frame: 'Reactive TUI App accessibility round 2' (0x764982f19240)] 
08:55:41.564501 - FOCUS MANAGER: Setting active window to existing active window
08:55:41.564519 - SCRIPT MANAGER: Getting script for [application: 'accessibility_probe' (0x764982f0cd40)]  [frame: 'Reactive TUI App accessibility round 2' (0x764982f19240)] 
08:55:41.564730 - SCRIPT MANAGER: Script is app script accessibility_probe (module=orca.scripts.default)
08:55:41.564737 - PRESENTATION MANAGER: Not interrupting for locusOfFocus change: event is None
08:55:41.564781 - FOCUS MANAGER: Active mode: focus-tracking Object of interest: [frame: 'Reactive TUI App accessibility round 2' (0x764982f19240)] 
08:55:41.564806 - GSETTINGS SCHEMA HANDLE: speech/enable not set [app:accessibility_probe, profile:default]
08:55:41.564810 - GSETTINGS REGISTRY: speech/enable using default value = True
08:55:41.564824 - GSETTINGS SCHEMA HANDLE: speech/verbosity-level not set [app:accessibility_probe, profile:default]
08:55:41.564828 - GSETTINGS REGISTRY: speech/verbosity-level using default value = 'verbose'
08:55:41.564841 - FOCUS MANAGER: Locus of focus is [frame: 'Reactive TUI App accessibility round 2' (0x764982f19240)] 
08:55:41.564856 - SCRIPT MANAGER: Active script is: accessibility_probe (module=orca.scripts.default)
08:55:41.564870 - GSETTINGS SCHEMA HANDLE: speech/only-speak-displayed-text not set [app:accessibility_probe, profile:default]
08:55:41.564874 - GSETTINGS REGISTRY: speech/only-speak-displayed-text using default value = False
08:55:41.564884 - GSETTINGS SCHEMA HANDLE: speech/speak-description not set [app:accessibility_probe, profile:default]
08:55:41.564887 - GSETTINGS REGISTRY: speech/speak-description using default value = True
08:55:41.564898 - GSETTINGS SCHEMA HANDLE: speech/speak-tutorial-messages not set [app:accessibility_probe, profile:default]
08:55:41.564901 - GSETTINGS REGISTRY: speech/speak-tutorial-messages using default value = True
08:55:41.564911 - GSETTINGS SCHEMA HANDLE: speech/speak-position-in-set not set [app:accessibility_probe, profile:default]
08:55:41.564914 - GSETTINGS REGISTRY: speech/speak-position-in-set using default value = False
08:55:41.564924 - GSETTINGS SCHEMA HANDLE: speech/speak-widget-mnemonic not set [app:accessibility_probe, profile:default]
08:55:41.564930 - GSETTINGS REGISTRY: speech/speak-widget-mnemonic using default value = True
08:55:41.564940 - GSETTINGS SCHEMA HANDLE: speech/speak-blank-lines not set [app:accessibility_probe, profile:default]
08:55:41.564943 - GSETTINGS REGISTRY: speech/speak-blank-lines using default value = True
08:55:41.564952 - GSETTINGS SCHEMA HANDLE: speech/speak-indentation-and-justification not set [app:accessibility_probe, profile:default]
08:55:41.564955 - GSETTINGS REGISTRY: speech/speak-indentation-and-justification using default value = False
08:55:41.564965 - GSETTINGS SCHEMA HANDLE: speech/announce-cell-headers not set [app:accessibility_probe, profile:default]
08:55:41.564968 - GSETTINGS REGISTRY: speech/announce-cell-headers using default value = True
08:55:41.564982 - GSETTINGS SCHEMA HANDLE: speech/announce-cell-coordinates not set [app:accessibility_probe, profile:default]
08:55:41.564988 - GSETTINGS REGISTRY: speech/announce-cell-coordinates using default value = True
08:55:41.565004 - GSETTINGS SCHEMA HANDLE: speech/announce-spreadsheet-cell-coordinates not set [app:accessibility_probe, profile:default]
08:55:41.565009 - GSETTINGS REGISTRY: speech/announce-spreadsheet-cell-coordinates using default value = True
08:55:41.565021 - GSETTINGS SCHEMA HANDLE: speech/announce-blockquote not set [app:accessibility_probe, profile:default]
08:55:41.565025 - GSETTINGS REGISTRY: speech/announce-blockquote using default value = True
08:55:41.565035 - GSETTINGS SCHEMA HANDLE: speech/announce-form not set [app:accessibility_probe, profile:default]
08:55:41.565038 - GSETTINGS REGISTRY: speech/announce-form using default value = True
08:55:41.565047 - GSETTINGS SCHEMA HANDLE: speech/announce-landmark not set [app:accessibility_probe, profile:default]
08:55:41.565050 - GSETTINGS REGISTRY: speech/announce-landmark using default value = True
08:55:41.565059 - GSETTINGS SCHEMA HANDLE: speech/announce-list not set [app:accessibility_probe, profile:default]
08:55:41.565062 - GSETTINGS REGISTRY: speech/announce-list using default value = True
08:55:41.565072 - GSETTINGS SCHEMA HANDLE: speech/announce-grouping not set [app:accessibility_probe, profile:default]
08:55:41.565075 - GSETTINGS REGISTRY: speech/announce-grouping using default value = True
08:55:41.565085 - GSETTINGS SCHEMA HANDLE: speech/announce-table not set [app:accessibility_probe, profile:default]
08:55:41.565088 - GSETTINGS REGISTRY: speech/announce-table using default value = True
08:55:41.566844 - GENERATOR: _get_functional_role: frame
08:55:41.566948 - SPEECH GENERATOR: speech_generator.SpeechGenerator._generate_frame for [frame: 'Reactive TUI App accessibility round 2' (0x764982f19240)]  args: {'formatType': 'unfocused', 'priorObj': "[frame: 'Reactive TUI App accessibility round 2' (0x764982f19240)] ", 'role': 'frame'}
08:55:41.566986 - SPEECH GENERATOR: _generate_old_ancestors: []
08:55:41.567008 - SPEECH GENERATOR: _generate_new_ancestors: []
08:55:41.567053 - AXUtilitiesRelation: [frame: 'Reactive TUI App accessibility round 2' (0x764982f19240)]  is labelled by: []
08:55:41.567068 - GENERATOR: _generate_accessible_label: []
08:55:41.567081 - SPEECH GENERATOR: _generate_accessible_label: []
08:55:41.567105 - GENERATOR: _generate_accessible_name: [Reactive TUI App accessibility round 2]
08:55:41.567152 - GSETTINGS SCHEMA HANDLE: voice/established not set [app:accessibility_probe, profile:default]
08:55:41.567168 - GSETTINGS SCHEMA HANDLE: voice/rate not set [app:accessibility_probe, profile:default]
08:55:41.567181 - GSETTINGS SCHEMA HANDLE: voice/pitch not set [app:accessibility_probe, profile:default]
08:55:41.567193 - GSETTINGS SCHEMA HANDLE: voice/volume not set [app:accessibility_probe, profile:default]
08:55:41.567208 - GSETTINGS SCHEMA HANDLE: voice/family-name not set [app:accessibility_probe, profile:default]
08:55:41.567219 - GSETTINGS SCHEMA HANDLE: voice/family-lang not set [app:accessibility_probe, profile:default]
08:55:41.567230 - GSETTINGS SCHEMA HANDLE: voice/family-dialect not set [app:accessibility_probe, profile:default]
08:55:41.567240 - GSETTINGS SCHEMA HANDLE: voice/family-gender not set [app:accessibility_probe, profile:default]
08:55:41.567250 - GSETTINGS SCHEMA HANDLE: voice/family-variant not set [app:accessibility_probe, profile:default]
08:55:41.567280 - SPEECH GENERATOR: default voice requested for [frame: 'Reactive TUI App accessibility round 2' (0x764982f19240)]  language='', dialect='' Unmodified voice={'established': False}
08:55:41.567306 - SPEECH GENERATOR: Reported locale of [frame: 'Reactive TUI App accessibility round 2' (0x764982f19240)]  is 
08:55:41.567324 - SPEECH GENERATOR: Updated to: 'C', ''
08:55:41.567347 - GSETTINGS SCHEMA HANDLE: speech/auto-language-switching not set [app:accessibility_probe, profile:default]
08:55:41.567351 - GSETTINGS REGISTRY: speech/auto-language-switching using default value = True
08:55:41.567360 - SPEECH DISPATCHER: Returning cached result for language='C' dialect='' variant='None'
08:55:41.567395 - SPEECH GENERATOR: Family updated to {'dialect': '', 'lang': 'C', 'name': ''}
08:55:41.567439 - SPEECH GENERATOR: Final voice is {'established': 'False', 'family': "{'dialect': '', 'lang': 'C', 'name': ''}"}
08:55:41.567489 - SPEECH GENERATOR: _generate_accessible_name: [Reactive TUI App accessibility round 2, {'established': 'False', 'family': "{'dialect': '', 'lang': 'C', 'name': ''}"}]
08:55:41.567543 - GENERATOR: _generate_accessible_label_and_name: [Reactive TUI App accessibility round 2, {'established': 'False', 'family': "{'dialect': '', 'lang': 'C', 'name': ''}"}]
08:55:41.567563 - SPEECH PRESENTER: Adjusting 'Reactive TUI App accessibility round 2' from [frame: 'Reactive TUI App accessibility round 2' (0x764982f19240)]  start_offset: None
08:55:41.567728 - GSETTINGS SCHEMA HANDLE: speech/speak-numbers-as-digits not set [app:accessibility_probe, profile:default]
08:55:41.567760 - GSETTINGS REGISTRY: speech/speak-numbers-as-digits using default value = False
08:55:41.567843 - GSETTINGS SCHEMA HANDLE: speech/repeated-character-limit not set [app:accessibility_probe, profile:default]
08:55:41.567860 - GSETTINGS REGISTRY: speech/repeated-character-limit using default value = 4
08:55:41.568266 - GSETTINGS SCHEMA HANDLE: speech/use-pronunciation-dictionary not set [app:accessibility_probe, profile:default]
08:55:41.568286 - GSETTINGS REGISTRY: speech/use-pronunciation-dictionary using default value = True
08:55:41.568314 - SPEECH PRESENTER: Adjusted text: 'Reactive TUI App accessibility round 2'
08:55:41.568436 - SPEECH GENERATOR: _generate_accessible_label_and_name: [Reactive TUI App accessibility round 2, {'established': 'False', 'family': "{'dialect': '', 'lang': 'C', 'name': ''}"}]
08:55:41.568698 - SPEECH GENERATOR: _generate_accessible_role: []
08:55:41.568856 - AXUtilities: Unfocused alerts and dialogs for [frame: 'Reactive TUI App accessibility round 2' (0x764982f19240)] : []
08:55:41.568890 - SPEECH GENERATOR: _generate_unfocused_dialog_count: []
08:55:41.569013 - SPEECH GENERATOR: Results: [Reactive TUI App accessibility round 2, {'established': 'False', 'family': "{'dialect': '', 'lang': 'C', 'name': ''}"}]
08:55:41.569133 - SPEECH: Speak [Reactive TUI App accessibility round 2, {'established': 'False', 'family': "{'dialect': '', 'lang': 'C', 'name': ''}"}], acss: None
08:55:41.569168 - SPEECH OUTPUT: 'Reactive TUI App accessibility round 2' {'established': False, 'family': {'name': '', 'gender': None, 'lang': 'C', 'dialect': '', 'variant': None}}
08:55:41.569183 - SPEECH DISPATCHER: Speaking 'Reactive TUI App accessibility round 2' as string
08:55:41.569574 - SPEECH DISPATCHER: Speaking '<speak><mark name="0:8"/>Reactive <mark name="9:12"/>TUI <mark name="13:16"/>App <mark name="17:30"/>accessibility <mark name="31:36"/>round <mark name="37:38"/>2</speak>' 
                  ORCA rate 50.0, pitch 5.0, volume 10.0, language C, punctuation: MOST
                  SD rate 2, pitch 10, volume 100, language c
08:55:41.569778 - GSETTINGS SCHEMA HANDLE: braille/enabled not set [app:accessibility_probe, profile:default]
08:55:41.569798 - GSETTINGS REGISTRY: braille/enabled using default value = True
08:55:41.569861 - FOCUS MANAGER: Active mode: focus-tracking Object of interest: [frame: 'Reactive TUI App accessibility round 2' (0x764982f19240)] 
08:55:41.569902 - GSETTINGS SCHEMA HANDLE: braille/enabled not set [app:accessibility_probe, profile:default]
08:55:41.569917 - GSETTINGS REGISTRY: braille/enabled using default value = True
08:55:41.569958 - GSETTINGS SCHEMA HANDLE: braille/verbosity-level not set [app:accessibility_probe, profile:default]
08:55:41.569973 - GSETTINGS REGISTRY: braille/verbosity-level using default value = 'verbose'
08:55:41.570028 - FOCUS MANAGER: Locus of focus is [frame: 'Reactive TUI App accessibility round 2' (0x764982f19240)] 
08:55:41.570065 - SCRIPT MANAGER: Active script is: accessibility_probe (module=orca.scripts.default)
08:55:41.570110 - GSETTINGS SCHEMA HANDLE: braille/rolename-style not set [app:accessibility_probe, profile:default]
08:55:41.570124 - GSETTINGS REGISTRY: braille/rolename-style using default value = 'verbose'
08:55:41.570158 - GSETTINGS SCHEMA HANDLE: braille/display-ancestors not set [app:accessibility_probe, profile:default]
08:55:41.570170 - GSETTINGS REGISTRY: braille/display-ancestors using default value = True
08:55:41.570203 - GSETTINGS SCHEMA HANDLE: braille/end-of-line-indicator not set [app:accessibility_probe, profile:default]
08:55:41.570215 - GSETTINGS REGISTRY: braille/end-of-line-indicator using default value = True
08:55:41.570246 - GSETTINGS SCHEMA HANDLE: braille/present-mnemonics not set [app:accessibility_probe, profile:default]
08:55:41.570258 - GSETTINGS REGISTRY: braille/present-mnemonics using default value = True
08:55:41.570919 - GENERATOR: _get_functional_role: frame
08:55:41.571060 - BRAILLE GENERATOR: braille_generator.BrailleGenerator._generate_frame for [frame: 'Reactive TUI App accessibility round 2' (0x764982f19240)]  args: {'formatType': 'focused', 'priorObj': "[frame: 'Reactive TUI App accessibility round 2' (0x764982f19240)] ", 'role': 'frame'}
08:55:41.571897 - GENERATOR: _get_functional_role: application
08:55:41.571957 - BRAILLE GENERATOR: [application: 'accessibility_probe' (0x764982f0cd40)]  lacks dedicated generator
08:55:41.572103 - BRAILLE GENERATOR: braille_generator.BrailleGenerator._generate_default_presentation for [application: 'accessibility_probe' (0x764982f0cd40)]  args: {'formatType': 'ancestor',
                   'includeContext': 'False',
                   'priorObj': "[frame: 'Reactive TUI App accessibility round 2' (0x764982f19240)] ",
                   'role': 'application'}
08:55:41.572341 - AXUtilitiesRelation: [application: 'accessibility_probe' (0x764982f0cd40)]  is labelled by: []
08:55:41.572379 - GENERATOR: _generate_accessible_label: []
08:55:41.572426 - GENERATOR: _generate_accessible_name: [accessibility_probe]
08:55:41.572470 - GENERATOR: _generate_accessible_label_and_name: [accessibility_probe]
08:55:41.572940 - BRAILLE GENERATOR: _generate_accessible_role: [application]
08:55:41.572963 - BRAILLE: Not contracting 'accessibility_probe application' because contracted braille is not enabled.
08:55:41.573007 - BRAILLE GENERATOR: Results: [COMPONENT: 'accessibility_probe application', cursor offset:0]
08:55:41.573056 - BRAILLE GENERATOR: _generate_ancestors: [COMPONENT: 'accessibility_probe application', cursor offset:0]
08:55:41.573118 - AXUtilitiesRelation: [frame: 'Reactive TUI App accessibility round 2' (0x764982f19240)]  is labelled by: []
08:55:41.573149 - GENERATOR: _generate_accessible_label: []
08:55:41.573190 - GENERATOR: _generate_accessible_name: [Reactive TUI App accessibility round 2]
08:55:41.573231 - GENERATOR: _generate_accessible_label_and_name: [Reactive TUI App accessibility round 2]
08:55:41.573800 - BRAILLE GENERATOR: _generate_accessible_role: [frame]
08:55:41.573956 - AXUtilities: Unfocused alerts and dialogs for [frame: 'Reactive TUI App accessibility round 2' (0x764982f19240)] : []
08:55:41.573997 - BRAILLE GENERATOR: _generate_alert_and_dialog_count: []
08:55:41.574015 - BRAILLE: Not contracting 'Reactive TUI App accessibility round 2 frame' because contracted braille is not enabled.
08:55:41.574216 - AXUtilitiesRelation: [frame: 'Reactive TUI App accessibility round 2' (0x764982f19240)]  is described by: []
08:55:41.574238 - GENERATOR: _generate_accessible_description: []
08:55:41.574294 - GENERATOR: _generate_state_current: []
08:55:41.574324 - BRAILLE GENERATOR: Results: [COMPONENT: 'accessibility_probe application', cursor offset:0, REGION: ' ', cursor offset:0, COMPONENT: 'Reactive TUI App accessibility round 2 frame', cursor offset:0]
08:55:41.574364 - BRAILLE: Refresh. Pan: True target: 0
08:55:41.574370 - BRAILLE: Kill flash message braille.display_line:1618 > braille.refresh:2097 > braille._prepare_refresh:1856 > braille.kill_flash:2182
08:55:41.574882 - GSETTINGS SCHEMA HANDLE: braille/enabled not set [app:accessibility_probe, profile:default]
08:55:41.574890 - GSETTINGS REGISTRY: braille/enabled using default value = True
08:55:41.574909 - BRAILLE: Last text object: None (Caret: 0, Line: 0, Cell: 0)
08:55:41.574932 - BRAILLE: Current text object: None (Caret: 0, Line: 0). On same line: False
08:55:41.574940 - BRAILLE: Line 0: 'accessibility_probe application Reactive TUI App accessibility round 2 frame' focusOffset: 32 [[0, 32], [32, 63], [63, 76]]
08:55:41.574944 - BRAILLE: Cursor offset in line string is: 32
08:55:41.574949 - BRAILLE: Adjusting offset to 32 (unhandled condition)
08:55:41.574953 - BRAILLE: Current range: (32, 64). Target cell: 0
08:55:41.574958 - BRAILLE LINE:  'accessibility_probe application Reactive TUI App accessibility round 2 frame'
08:55:41.574962 -      VISIBLE:  'Reactive TUI App accessibility r', cursor=1
08:55:41.574987 - BRAILLE: Enabling braille. BrlAPI running: False
08:55:41.574992 - BRAILLE: Need to initialize first.
08:55:41.575007 - BRAILLE: Initializing. Callback: input_event_manager.InputEventManager.process_braille_event
08:55:41.575023 - BRAILLE: WINDOWPATH= None
08:55:41.575036 - BRAILLE: XDG_VTNR= 1
08:55:41.575057 - BRAILLE: Attempting connection with BrlAPI.
08:55:41.575201 - AXTable: Setting last cell coordinates to row=-1, column=-1
08:55:41.575272 - FOCUS MANAGER: Setting last cursor position to [frame: 'Reactive TUI App accessibility round 2' (0x764982f19240)]  -1
08:55:41.575359 - BRAILLE: BrlAPI Connection is unavailable (ConnectionError): couldn't connect to b':0' with key b'keyfile:/etc/brlapi.key+polkit': connect: No such file or directory
                  (brlerrno 11, libcerrno 2, gaierrno 0)
                  Is BRLTTY really running?
08:55:41.575494 - FOCUS MANAGER: Active window is [frame: 'Reactive TUI App accessibility round 2' (0x764982f19240)]  focus_manager.set_locus_of_focus:327 > focus_manager._save_object_details:254 > ax_utilities_event.save_object_info_for_events:195 > focus_manager.get_active_window:342
08:55:41.576041 - SCRIPT MANAGER: Getting script for [application: 'accessibility_probe' (0x764982f0cd40)]  [frame: 'Reactive TUI App accessibility round 2' (0x764982f19240)] 
08:55:41.576141 - SCRIPT MANAGER: Script is app script accessibility_probe (module=orca.scripts.default)
08:55:41.576217 - SPELL CHECK PRESENTER: Handling window:activate for [frame: 'Reactive TUI App accessibility round 2' (0x764982f19240)] 
08:55:41.576237 - SPELL CHECK PRESENTER: Attempting activation for [frame: 'Reactive TUI App accessibility round 2' (0x764982f19240)] 
08:55:41.576311 - SPELL CHECK PRESENTER: [frame: 'Reactive TUI App accessibility round 2' (0x764982f19240)]  is not spellcheck window
08:55:41.576316 - SPELL CHECK PRESENTER: Not a spellcheck window. Deactivating.
08:55:41.576332 - FOCUS MANAGER: Request to set locus of focus to [frame: 'Reactive TUI App accessibility round 2' (0x764982f19240)]  event_manager._dequeue_object_event:666 > event_manager._process_object_event:982 > default._on_window_activated:1408 > focus_manager.set_locus_of_focus:271
08:55:41.576621 - AXObject: Clearing AT-SPI cache on [frame: 'Reactive TUI App accessibility round 2' (0x764982f19240)]  Recursive: False.  Reason: Setting locus of focus.
08:55:41.576633 - FOCUS MANAGER: Setting locus of focus to existing locus of focus
TOTAL PROCESSING TIME: 0.0277
^^^^^ FINISHED PRIORITY-2 OBJECT EVENT WINDOW:ACTIVATE ^^^^^

08:55:41.576759 - GSETTINGS SCHEMA HANDLE: keybindings/keyboard-layout not set [app:accessibility_probe, profile:default]
08:55:41.576767 - GSETTINGS REGISTRY: keybindings/keyboard-layout using default value = 'desktop'
08:55:41.576781 - GSETTINGS SCHEMA HANDLE: keybindings/desktop-modifier-keys not set [app:accessibility_probe, profile:default]
08:55:41.576786 - GSETTINGS REGISTRY: keybindings/desktop-modifier-keys using default value = ['Insert', 'KP_Insert']

08:55:41.576886 - EVENT MANAGER: object:text-caret-moved for [terminal: 'Terminal' (0x76499816c740)]  in org.gnome.Terminal (gtk 3.24.52) (1, 0, 0)
08:55:41.576957 - AXObject: Exception in get_role_name: atspi_error: The name :1.9 was not provided by any .service files (1)
08:55:41.577024 - FOCUS MANAGER: Locus of focus is [DEAD (0x764982f19240)] 
08:55:41.577087 - EVENT_MANAGER: Not ignoring object:text-caret-moved due to source being focused
08:55:41.577137 - EVENT MANAGER: Queueing object:text-caret-moved for [terminal: 'Terminal' (0x76499816c740)]  in org.gnome.Terminal (gtk 3.24.52) (1, 0, 0)
08:55:41.577161 - EVENT MANAGER: App for event source is [application: 'org.gnome.Terminal' (0x7649982405c0)] 
08:55:41.577184 - SCRIPT MANAGER: Getting script for [application: 'org.gnome.Terminal' (0x7649982405c0)]  [terminal: 'Terminal' (0x76499816c740)] 
08:55:41.577220 - SCRIPT MANAGER: Script is custom script org.gnome.Terminal (module=orca.scripts.terminal.script)
08:55:41.577278 - EVENT MANAGER: object:text-caret-moved for [terminal: 'Terminal' (0x76499816c740)]  in org.gnome.Terminal (gtk 3.24.52) (1, 0, 0) has priority level: 4
08:55:41.577346 - EVENT MANAGER: Queued object:text-caret-moved for [terminal: 'Terminal' (0x76499816c740)]  in org.gnome.Terminal (gtk 3.24.52) (1, 0, 0) priority: 4, counter: 89
08:55:41.577397 - AXObject: Exception in get_role_name: atspi_error: The name :1.9 was not provided by any .service files (1)
08:55:41.577449 - FOCUS MANAGER: Active window is [DEAD (0x764982f19240)]  <unknown>.<module>:373 > input_event_manager._on_key_pressed:261 > input_event_manager.process_keyboard_event:297 > focus_manager.get_active_window:342
08:55:41.577730 - AXObject: Exception in get_role_name: atspi_error: The name :1.9 was not provided by any .service files (1)
08:55:41.577792 - AXObject: Clearing AT-SPI cache on [DEAD (0x764982f19240)]  Recursive: False.  Reason: Checking if window can be the active window
08:55:41.577974 - AXObject: Exception in get_role_name: atspi_error: The name :1.9 was not provided by any .service files (1)
08:55:41.578045 - AXUtilities: [DEAD (0x764982f19240)]  from [application: 'accessibility_probe' (0x764982f0cd40)]  lacks active state
08:55:41.578398 - AXObject: Clearing AT-SPI cache on [frame: 'Terminal' (0x764998b08300)]  Recursive: False.  Reason: Checking if window can be the active window
08:55:41.585259 - AXObject: Exception in get_name: object no longer exists
08:55:41.585318 - AXObject: Adding to known dead objects ax_utilities_debugging._accessible_as_string:63 > ax_object.get_name:707 > ax_object.handle_error:193 > ax_object._set_known_dead_status:170
08:55:41.586264 - AXUtilities: [frame (0x764998b08300)]  from [application: 'org.gnome.Terminal' (0x7649982405c0)]  can be active window
08:55:41.586294 - AXUtilities: Active window is [DEAD (0x764998b08300)] 
08:55:41.586307 - INPUT EVENT MANAGER: Updating window and active window to [DEAD (0x764998b08300)] 
08:55:41.586320 - FOCUS MANAGER: Request to set active window to [DEAD (0x764998b08300)] 
08:55:41.587303 - AXObject: Exception in get_role_name: atspi_error: The name :1.9 was not provided by any .service files (1)
08:55:41.587446 - FOCUS MANAGER: Focus [DEAD (0x764982f19240)]  is not in [DEAD (0x764998b08300)] 
08:55:41.587518 - AXObject: Exception in get_role: atspi_error: The name :1.9 was not provided by any .service files (1)
08:55:41.587627 - FOCUS MANAGER: Request to set locus of focus to [DEAD (0x764998b08300)]  input_event_manager._on_key_pressed:261 > input_event_manager.process_keyboard_event:304 > focus_manager.set_active_window:391 > focus_manager.set_locus_of_focus:271
08:55:41.587902 - AXObject: Clearing AT-SPI cache on [DEAD (0x764998b08300)]  Recursive: False.  Reason: Setting locus of focus.
08:55:41.587924 - SCRIPT MANAGER: Active script is: accessibility_probe (module=orca.scripts.default)
08:55:41.588010 - FOCUS MANAGER: New locus of focus ( [DEAD (0x764998b08300)] ) is dead. Not updating.
08:55:41.588287 - AXObject: Exception in get_role_name: atspi_error: The name :1.9 was not provided by any .service files (1)
08:55:41.588350 - SCRIPT MANAGER: Getting script for [application: 'accessibility_probe' (0x764982f0cd40)]  [DEAD (0x764982f19240)] 
08:55:41.588399 - AXObject: Exception in get_role: atspi_error: The name :1.9 was not provided by any .service files (1)
08:55:41.588466 - SCRIPT MANAGER: Script is app script accessibility_probe (module=orca.scripts.default)
08:55:41.588674 - AXObject: Exception in get_role_name: atspi_error: The name :1.9 was not provided by any .service files (1)
08:55:41.588726 - FOCUS MANAGER: Locus of focus is [DEAD (0x764982f19240)] 
08:55:41.588870 - SCRIPT MANAGER: Active script is: accessibility_probe (module=orca.scripts.default)
08:55:41.589056 - GSETTINGS SCHEMA HANDLE: keybindings/keyboard-layout not set [app:accessibility_probe, profile:default]
08:55:41.589064 - GSETTINGS REGISTRY: keybindings/keyboard-layout using default value = 'desktop'
08:55:41.589079 - GSETTINGS SCHEMA HANDLE: keybindings/desktop-modifier-keys not set [app:accessibility_probe, profile:default]
08:55:41.589085 - GSETTINGS REGISTRY: keybindings/desktop-modifier-keys using default value = ['Insert', 'KP_Insert']
08:55:41.589148 - AXObject: Exception in get_role: atspi_error: The name :1.9 was not provided by any .service files (1)
08:55:41.589200 - AXObject: Exception in get_role: atspi_error: The name :1.9 was not provided by any .service files (1)

KEYBOARD_EVENT:  type=ATSPI_KEY_PRESSED_EVENT
                 id=65478
                 hw_code=75
                 modifiers=0
                 text=''
                 keyval_name='F9'
                 timestamp=1789044941.576729
                 clickCount=1

vvvvv PROCESS ATSPI_KEY_PRESSED_EVENT: 'F9' (75) vvvvv
08:55:41.589231 - SCRIPT: accessibility_probe (module=orca.scripts.default)
08:55:41.589243 - WINDOW: [DEAD (0x764998b08300)] 
08:55:41.589295 - AXObject: Exception in get_role_name: atspi_error: The name :1.9 was not provided by any .service files (1)
08:55:41.589348 - LOCATION: [DEAD (0x764982f19240)] 
08:55:41.589380 - GSETTINGS SCHEMA HANDLE: keybindings/keyboard-layout not set [app:accessibility_probe, profile:default]
08:55:41.589385 - GSETTINGS REGISTRY: keybindings/keyboard-layout using default value = 'desktop'
08:55:41.589397 - GSETTINGS SCHEMA HANDLE: keybindings/desktop-modifier-keys not set [app:accessibility_probe, profile:default]
08:55:41.589401 - GSETTINGS REGISTRY: keybindings/desktop-modifier-keys using default value = ['Insert', 'KP_Insert']
08:55:41.589409 - PRESENTATION MANAGER: Interrupting presentation
08:55:41.589441 - SPEECH MANAGER: interrupt_speech. Script: None Event: None notify_user: False
08:55:41.589663 - SPEECH MANAGER: Speech server is <orca.speechdispatcherfactory.SpeechServer object at 0x764998af96a0>
08:55:41.589717 - BRAILLE: Kill flash message input_event._present:603 > presentation_manager.interrupt_presentation:88 > braille_presenter.kill_flash:1829 > braille.kill_flash:2182
08:55:41.590080 - AXObject: Exception in get_role: atspi_error: The name :1.9 was not provided by any .service files (1)
08:55:41.590095 - TYPING ECHO PRESENTER: should_echo_keyboard_event: 'F9'?
08:55:41.590122 - GSETTINGS SCHEMA HANDLE: keybindings/keyboard-layout not set [app:accessibility_probe, profile:default]
08:55:41.590126 - GSETTINGS REGISTRY: keybindings/keyboard-layout using default value = 'desktop'
08:55:41.590138 - GSETTINGS SCHEMA HANDLE: keybindings/desktop-modifier-keys not set [app:accessibility_probe, profile:default]
08:55:41.590142 - GSETTINGS REGISTRY: keybindings/desktop-modifier-keys using default value = ['Insert', 'KP_Insert']
08:55:41.590160 - GSETTINGS SCHEMA HANDLE: typing-echo/character-echo not set [app:accessibility_probe, profile:default]
08:55:41.590164 - GSETTINGS REGISTRY: typing-echo/character-echo using default value = False
08:55:41.590176 - GSETTINGS SCHEMA HANDLE: keybindings/keyboard-layout not set [app:accessibility_probe, profile:default]
08:55:41.590179 - GSETTINGS REGISTRY: keybindings/keyboard-layout using default value = 'desktop'
08:55:41.590188 - GSETTINGS SCHEMA HANDLE: keybindings/desktop-modifier-keys not set [app:accessibility_probe, profile:default]
08:55:41.590192 - GSETTINGS REGISTRY: keybindings/desktop-modifier-keys using default value = ['Insert', 'KP_Insert']
08:55:41.590205 - GSETTINGS SCHEMA HANDLE: typing-echo/key-echo not set [app:accessibility_probe, profile:default]
08:55:41.590209 - GSETTINGS REGISTRY: typing-echo/key-echo using default value = True
08:55:41.590240 - GSETTINGS SCHEMA HANDLE: keybindings/keyboard-layout not set [app:accessibility_probe, profile:default]
08:55:41.590244 - GSETTINGS REGISTRY: keybindings/keyboard-layout using default value = 'desktop'
08:55:41.590255 - GSETTINGS SCHEMA HANDLE: keybindings/desktop-modifier-keys not set [app:accessibility_probe, profile:default]
08:55:41.590258 - GSETTINGS REGISTRY: keybindings/desktop-modifier-keys using default value = ['Insert', 'KP_Insert']
08:55:41.590278 - GSETTINGS SCHEMA HANDLE: typing-echo/function-keys not set [app:accessibility_probe, profile:default]
08:55:41.590282 - GSETTINGS REGISTRY: typing-echo/function-keys using default value = True
08:55:41.590286 - TYPING ECHO PRESENTER: Echoing function keyboard event: True.
08:55:41.590338 - AXObject: Exception in get_role: atspi_error: The name :1.9 was not provided by any .service files (1)
08:55:41.590356 - GSETTINGS SCHEMA HANDLE: keybindings/keyboard-layout not set [app:accessibility_probe, profile:default]
08:55:41.590359 - GSETTINGS REGISTRY: keybindings/keyboard-layout using default value = 'desktop'
08:55:41.590369 - GSETTINGS SCHEMA HANDLE: keybindings/desktop-modifier-keys not set [app:accessibility_probe, profile:default]
08:55:41.590373 - GSETTINGS REGISTRY: keybindings/desktop-modifier-keys using default value = ['Insert', 'KP_Insert']
08:55:41.590398 - SCRIPT MANAGER: Active script is: accessibility_probe (module=orca.scripts.default)
08:55:41.590467 - AXObject: Exception in get_role_name: atspi_error: The name :1.9 was not provided by any .service files (1)
08:55:41.590521 - FOCUS MANAGER: Active mode: focus-tracking Object of interest: [DEAD (0x764982f19240)] 
08:55:41.590539 - GSETTINGS SCHEMA HANDLE: speech/enable not set [app:accessibility_probe, profile:default]
08:55:41.590543 - GSETTINGS REGISTRY: speech/enable using default value = True
08:55:41.590557 - GSETTINGS SCHEMA HANDLE: speech/verbosity-level not set [app:accessibility_probe, profile:default]
08:55:41.590561 - GSETTINGS REGISTRY: speech/verbosity-level using default value = 'verbose'
08:55:41.590613 - AXObject: Exception in get_role_name: atspi_error: The name :1.9 was not provided by any .service files (1)
08:55:41.590661 - FOCUS MANAGER: Locus of focus is [DEAD (0x764982f19240)] 
08:55:41.590675 - SCRIPT MANAGER: Active script is: accessibility_probe (module=orca.scripts.default)
08:55:41.590691 - GSETTINGS SCHEMA HANDLE: speech/only-speak-displayed-text not set [app:accessibility_probe, profile:default]
08:55:41.590695 - GSETTINGS REGISTRY: speech/only-speak-displayed-text using default value = False
08:55:41.590706 - GSETTINGS SCHEMA HANDLE: speech/speak-description not set [app:accessibility_probe, profile:default]
08:55:41.590709 - GSETTINGS REGISTRY: speech/speak-description using default value = True
08:55:41.590719 - GSETTINGS SCHEMA HANDLE: speech/speak-tutorial-messages not set [app:accessibility_probe, profile:default]
08:55:41.590722 - GSETTINGS REGISTRY: speech/speak-tutorial-messages using default value = True
08:55:41.590732 - GSETTINGS SCHEMA HANDLE: speech/speak-position-in-set not set [app:accessibility_probe, profile:default]
08:55:41.590735 - GSETTINGS REGISTRY: speech/speak-position-in-set using default value = False
08:55:41.590743 - GSETTINGS SCHEMA HANDLE: speech/speak-widget-mnemonic not set [app:accessibility_probe, profile:default]
08:55:41.590747 - GSETTINGS REGISTRY: speech/speak-widget-mnemonic using default value = True
08:55:41.590755 - GSETTINGS SCHEMA HANDLE: speech/speak-blank-lines not set [app:accessibility_probe, profile:default]
08:55:41.590758 - GSETTINGS REGISTRY: speech/speak-blank-lines using default value = True
08:55:41.590767 - GSETTINGS SCHEMA HANDLE: speech/speak-indentation-and-justification not set [app:accessibility_probe, profile:default]
08:55:41.590771 - GSETTINGS REGISTRY: speech/speak-indentation-and-justification using default value = False
08:55:41.590780 - GSETTINGS SCHEMA HANDLE: speech/announce-cell-headers not set [app:accessibility_probe, profile:default]
08:55:41.590783 - GSETTINGS REGISTRY: speech/announce-cell-headers using default value = True
08:55:41.590792 - GSETTINGS SCHEMA HANDLE: speech/announce-cell-coordinates not set [app:accessibility_probe, profile:default]
08:55:41.590795 - GSETTINGS REGISTRY: speech/announce-cell-coordinates using default value = True
08:55:41.590805 - GSETTINGS SCHEMA HANDLE: speech/announce-spreadsheet-cell-coordinates not set [app:accessibility_probe, profile:default]
08:55:41.590808 - GSETTINGS REGISTRY: speech/announce-spreadsheet-cell-coordinates using default value = True
08:55:41.590818 - GSETTINGS SCHEMA HANDLE: speech/announce-blockquote not set [app:accessibility_probe, profile:default]
08:55:41.590821 - GSETTINGS REGISTRY: speech/announce-blockquote using default value = True
08:55:41.590829 - GSETTINGS SCHEMA HANDLE: speech/announce-form not set [app:accessibility_probe, profile:default]
08:55:41.590832 - GSETTINGS REGISTRY: speech/announce-form using default value = True
08:55:41.590841 - GSETTINGS SCHEMA HANDLE: speech/announce-landmark not set [app:accessibility_probe, profile:default]
08:55:41.590844 - GSETTINGS REGISTRY: speech/announce-landmark using default value = True
08:55:41.590853 - GSETTINGS SCHEMA HANDLE: speech/announce-list not set [app:accessibility_probe, profile:default]
08:55:41.590856 - GSETTINGS REGISTRY: speech/announce-list using default value = True
08:55:41.590864 - GSETTINGS SCHEMA HANDLE: speech/announce-grouping not set [app:accessibility_probe, profile:default]
08:55:41.590867 - GSETTINGS REGISTRY: speech/announce-grouping using default value = True
08:55:41.590877 - GSETTINGS SCHEMA HANDLE: speech/announce-table not set [app:accessibility_probe, profile:default]
08:55:41.590880 - GSETTINGS REGISTRY: speech/announce-table using default value = True
08:55:41.590903 - GSETTINGS SCHEMA HANDLE: voice/established not set [app:accessibility_probe, profile:default]
08:55:41.590915 - GSETTINGS SCHEMA HANDLE: voice/rate not set [app:accessibility_probe, profile:default]
08:55:41.590925 - GSETTINGS SCHEMA HANDLE: voice/pitch not set [app:accessibility_probe, profile:default]
08:55:41.590935 - GSETTINGS SCHEMA HANDLE: voice/volume not set [app:accessibility_probe, profile:default]
08:55:41.590947 - GSETTINGS SCHEMA HANDLE: voice/family-name not set [app:accessibility_probe, profile:default]
08:55:41.590957 - GSETTINGS SCHEMA HANDLE: voice/family-lang not set [app:accessibility_probe, profile:default]
08:55:41.590966 - GSETTINGS SCHEMA HANDLE: voice/family-dialect not set [app:accessibility_probe, profile:default]
08:55:41.590982 - GSETTINGS SCHEMA HANDLE: voice/family-gender not set [app:accessibility_probe, profile:default]
08:55:41.590991 - GSETTINGS SCHEMA HANDLE: voice/family-variant not set [app:accessibility_probe, profile:default]
08:55:41.591019 - SPEECH GENERATOR: None voice requested for None language='', dialect='' Unmodified voice={'established': False}
08:55:41.591042 - SPEECH GENERATOR: Reported locale of None is 
08:55:41.591057 - SPEECH GENERATOR: Updated to: 'C', ''
08:55:41.591074 - GSETTINGS SCHEMA HANDLE: speech/auto-language-switching not set [app:accessibility_probe, profile:default]
08:55:41.591077 - GSETTINGS REGISTRY: speech/auto-language-switching using default value = True
08:55:41.591085 - SPEECH DISPATCHER: Returning cached result for language='C' dialect='' variant='None'
08:55:41.591127 - SPEECH GENERATOR: Family updated to {'dialect': '', 'lang': 'C', 'name': ''}
08:55:41.591170 - SPEECH GENERATOR: Final voice is {'established': 'False', 'family': "{'dialect': '', 'lang': 'C', 'name': ''}"}
08:55:41.591192 - GSETTINGS SCHEMA HANDLE: keybindings/keyboard-layout not set [app:accessibility_probe, profile:default]
08:55:41.591197 - GSETTINGS REGISTRY: keybindings/keyboard-layout using default value = 'desktop'
08:55:41.591208 - GSETTINGS SCHEMA HANDLE: keybindings/desktop-modifier-keys not set [app:accessibility_probe, profile:default]
08:55:41.591212 - GSETTINGS REGISTRY: keybindings/desktop-modifier-keys using default value = ['Insert', 'KP_Insert']
08:55:41.591221 - SPEECH OUTPUT: 'F9' {'established': False, 'family': {'name': '', 'gender': None, 'lang': 'C', 'dialect': '', 'variant': None}}
08:55:41.591234 - GSETTINGS SCHEMA HANDLE: keybindings/keyboard-layout not set [app:accessibility_probe, profile:default]
08:55:41.591238 - GSETTINGS REGISTRY: keybindings/keyboard-layout using default value = 'desktop'
08:55:41.591247 - GSETTINGS SCHEMA HANDLE: keybindings/desktop-modifier-keys not set [app:accessibility_probe, profile:default]
08:55:41.591251 - GSETTINGS REGISTRY: keybindings/desktop-modifier-keys using default value = ['Insert', 'KP_Insert']
08:55:41.591257 - SPEECH DISPATCHER: Speaking 'F9' as string
08:55:41.591261 - SPEECH DISPATCHER: Speaking 'F9' as string
08:55:41.591590 - SPEECH DISPATCHER: Speaking '<speak><mark name="0:2"/>F9</speak>' 
                  ORCA rate 50.0, pitch 5.0, volume 10.0, language C, punctuation: MOST
                  SD rate 2, pitch 10, volume 100, language c
08:55:41.591653 - TOTAL PROCESSING TIME: 0.0026
^^^^^ PROCESS ATSPI_KEY_PRESSED_EVENT: 'F9' (75) ^^^^^

08:55:41.591680 - GSETTINGS SCHEMA HANDLE: keybindings/keyboard-layout not set [app:accessibility_probe, profile:default]
08:55:41.591685 - GSETTINGS REGISTRY: keybindings/keyboard-layout using default value = 'desktop'
08:55:41.591695 - GSETTINGS SCHEMA HANDLE: keybindings/desktop-modifier-keys not set [app:accessibility_probe, profile:default]
08:55:41.591699 - GSETTINGS REGISTRY: keybindings/desktop-modifier-keys using default value = ['Insert', 'KP_Insert']
08:55:41.591801 - GSETTINGS SCHEMA HANDLE: keybindings/keyboard-layout not set [app:accessibility_probe, profile:default]
08:55:41.591807 - GSETTINGS REGISTRY: keybindings/keyboard-layout using default value = 'desktop'
08:55:41.591817 - GSETTINGS SCHEMA HANDLE: keybindings/desktop-modifier-keys not set [app:accessibility_probe, profile:default]
08:55:41.591821 - GSETTINGS REGISTRY: keybindings/desktop-modifier-keys using default value = ['Insert', 'KP_Insert']
08:55:41.592252 - GSETTINGS SCHEMA HANDLE: keybindings/keyboard-layout not set [app:accessibility_probe, profile:default]
08:55:41.592259 - GSETTINGS REGISTRY: keybindings/keyboard-layout using default value = 'desktop'
08:55:41.592270 - GSETTINGS SCHEMA HANDLE: keybindings/desktop-modifier-keys not set [app:accessibility_probe, profile:default]
08:55:41.592274 - GSETTINGS REGISTRY: keybindings/desktop-modifier-keys using default value = ['Insert', 'KP_Insert']
08:55:41.592349 - AXObject: Exception in get_role: atspi_error: The name :1.9 was not provided by any .service files (1)
08:55:41.592401 - AXObject: Exception in get_role: atspi_error: The name :1.9 was not provided by any .service files (1)

KEYBOARD_EVENT:  type=ATSPI_KEY_RELEASED_EVENT
                 id=65478
                 hw_code=75
                 modifiers=0
                 text=''
                 keyval_name='F9'
                 timestamp=1789044941.5917904
                 clickCount=1

vvvvv PROCESS ATSPI_KEY_RELEASED_EVENT: 'F9' (75) vvvvv
08:55:41.592427 - SCRIPT: accessibility_probe (module=orca.scripts.default)
08:55:41.592439 - WINDOW: [DEAD (0x764998b08300)] 
08:55:41.592492 - AXObject: Exception in get_role_name: atspi_error: The name :1.9 was not provided by any .service files (1)
08:55:41.592543 - LOCATION: [DEAD (0x764982f19240)] 
08:55:41.592566 - GSETTINGS SCHEMA HANDLE: keybindings/keyboard-layout not set [app:accessibility_probe, profile:default]
08:55:41.592571 - GSETTINGS REGISTRY: keybindings/keyboard-layout using default value = 'desktop'
08:55:41.592582 - GSETTINGS SCHEMA HANDLE: keybindings/desktop-modifier-keys not set [app:accessibility_probe, profile:default]
08:55:41.592586 - GSETTINGS REGISTRY: keybindings/desktop-modifier-keys using default value = ['Insert', 'KP_Insert']
08:55:41.592598 - TOTAL PROCESSING TIME: 0.0003
^^^^^ PROCESS ATSPI_KEY_RELEASED_EVENT: 'F9' (75) ^^^^^

08:55:41.592619 - GSETTINGS SCHEMA HANDLE: keybindings/keyboard-layout not set [app:accessibility_probe, profile:default]
08:55:41.592623 - GSETTINGS REGISTRY: keybindings/keyboard-layout using default value = 'desktop'
08:55:41.592632 - GSETTINGS SCHEMA HANDLE: keybindings/desktop-modifier-keys not set [app:accessibility_probe, profile:default]
08:55:41.592636 - GSETTINGS REGISTRY: keybindings/desktop-modifier-keys using default value = ['Insert', 'KP_Insert']
08:55:41.594992 - CLIPBOARD PRESENTER: Possible change event object:text-changed:delete for [terminal: 'Terminal' (0x76499816c740)]  in org.gnome.Terminal (gtk 3.24.52) (0, 1, )

08:55:41.595405 - EVENT MANAGER: object:text-changed:delete for [terminal: 'Terminal' (0x76499816c740)]  in org.gnome.Terminal (gtk 3.24.52) (0, 1, )
08:55:41.595495 - AXObject: Exception in get_role_name: atspi_error: The name :1.9 was not provided by any .service files (1)
08:55:41.595545 - FOCUS MANAGER: Locus of focus is [DEAD (0x764982f19240)] 
08:55:41.595599 - EVENT_MANAGER: Not ignoring object:text-changed:delete due to source being focused
08:55:41.595961 - EVENT MANAGER: Queueing object:text-changed:delete for [terminal: 'Terminal' (0x76499816c740)]  in org.gnome.Terminal (gtk 3.24.52) (0, 1, )
08:55:41.596098 - EVENT MANAGER: App for event source is [application: 'org.gnome.Terminal' (0x7649982405c0)] 
08:55:41.596118 - SCRIPT MANAGER: Getting script for [application: 'org.gnome.Terminal' (0x7649982405c0)]  [terminal: 'Terminal' (0x76499816c740)] 
08:55:41.596145 - SCRIPT MANAGER: Script is custom script org.gnome.Terminal (module=orca.scripts.terminal.script)
08:55:41.596506 - EVENT MANAGER: object:text-changed:delete for [terminal: 'Terminal' (0x76499816c740)]  in org.gnome.Terminal (gtk 3.24.52) (0, 1, ) has priority level: 4
08:55:41.596870 - EVENT MANAGER: Queued object:text-changed:delete for [terminal: 'Terminal' (0x76499816c740)]  in org.gnome.Terminal (gtk 3.24.52) (0, 1, ) priority: 4, counter: 90
08:55:41.597329 - CLIPBOARD PRESENTER: Possible change event object:text-changed:insert for [terminal: 'Terminal' (0x76499816c740)]  in org.gnome.Terminal (gtk 3.24.52) (0, 1, ▶)

08:55:41.597695 - EVENT MANAGER: object:text-changed:insert for [terminal: 'Terminal' (0x76499816c740)]  in org.gnome.Terminal (gtk 3.24.52) (0, 1, ▶)
08:55:41.597826 - AXObject: Exception in get_role_name: atspi_error: The name :1.9 was not provided by any .service files (1)
08:55:41.597877 - FOCUS MANAGER: Locus of focus is [DEAD (0x764982f19240)] 
08:55:41.597928 - EVENT_MANAGER: Not ignoring object:text-changed:insert due to source being focused
08:55:41.598247 - EVENT MANAGER: Queueing object:text-changed:insert for [terminal: 'Terminal' (0x76499816c740)]  in org.gnome.Terminal (gtk 3.24.52) (0, 1, ▶)
08:55:41.598359 - EVENT MANAGER: App for event source is [application: 'org.gnome.Terminal' (0x7649982405c0)] 
08:55:41.598377 - SCRIPT MANAGER: Getting script for [application: 'org.gnome.Terminal' (0x7649982405c0)]  [terminal: 'Terminal' (0x76499816c740)] 
08:55:41.598400 - SCRIPT MANAGER: Script is custom script org.gnome.Terminal (module=orca.scripts.terminal.script)
08:55:41.598837 - EVENT MANAGER: object:text-changed:insert for [terminal: 'Terminal' (0x76499816c740)]  in org.gnome.Terminal (gtk 3.24.52) (0, 1, ▶) has priority level: 4
08:55:41.599460 - EVENT MANAGER: Queued object:text-changed:insert for [terminal: 'Terminal' (0x76499816c740)]  in org.gnome.Terminal (gtk 3.24.52) (0, 1, ▶) priority: 4, counter: 91

08:55:41.599559 - AXObject: Exception in get_role_name: app no longer exists
08:55:41.599571 - AXObject: Adding to known dead objects ax_utilities_debugging._accessible_as_string:62 > ax_object.get_role_name:661 > ax_object.handle_error:193 > ax_object._set_known_dead_status:170
08:55:41.600027 - EVENT MANAGER: object:children-changed:remove for [desktop frame: 'main' (0x764982f5d540)]  in  (5, 0, [DEAD (0x764982f5ca00)])
08:55:41.600064 - AXObject: Exception in get_role_name: app no longer exists
08:55:41.600075 - AXObject: Adding to known dead objects ax_utilities_debugging._accessible_as_string:62 > ax_object.get_role_name:661 > ax_object.handle_error:193 > ax_object._set_known_dead_status:170
08:55:41.600641 - FOCUS MANAGER: Locus of focus is [DEAD (0x764982f19240)] 
08:55:41.600830 - EVENT_MANAGER: Ignoring object:children-changed:remove due to multiple instances in short time
08:55:41.601710 - CLIPBOARD PRESENTER: Possible change event object:text-changed:delete for [terminal: 'Terminal' (0x76499816c740)]  in org.gnome.Terminal (gtk 3.24.52) (61, 914, Painted locked ▼ \n Painted... \n \n \n \n \n (928 chars.))

08:55:41.602517 - EVENT MANAGER: object:text-changed:delete for [terminal: 'Terminal' (0x76499816c740)]  in org.gnome.Terminal (gtk 3.24.52) (61, 914, Painted locked ▼ \n Painted... \n \n \n \n \n (928 chars.))
08:55:41.602568 - FOCUS MANAGER: Locus of focus is [DEAD (0x764982f19240)] 
08:55:41.602638 - EVENT_MANAGER: Not ignoring object:text-changed:delete due to source being focused
08:55:41.603061 - EVENT MANAGER: Queueing object:text-changed:delete for [terminal: 'Terminal' (0x76499816c740)]  in org.gnome.Terminal (gtk 3.24.52) (61, 914, Painted locked ▼ \n Painted... \n \n \n \n \n (928 chars.))
08:55:41.603233 - EVENT MANAGER: App for event source is [application: 'org.gnome.Terminal' (0x7649982405c0)] 
08:55:41.603272 - SCRIPT MANAGER: Getting script for [application: 'org.gnome.Terminal' (0x7649982405c0)]  [terminal: 'Terminal' (0x76499816c740)] 
08:55:41.603307 - SCRIPT MANAGER: Script is custom script org.gnome.Terminal (module=orca.scripts.terminal.script)
08:55:41.603681 - EVENT MANAGER: object:text-changed:delete for [terminal: 'Terminal' (0x76499816c740)]  in org.gnome.Terminal (gtk 3.24.52) (61, 914, Painted locked ▼ \n Painted... \n \n \n \n \n (928 chars.)) has priority level: 4
08:55:41.604043 - EVENT MANAGER: Queued object:text-changed:delete for [terminal: 'Terminal' (0x76499816c740)]  in org.gnome.Terminal (gtk 3.24.52) (61, 914, Painted locked ▼ \n Painted... \n \n \n \n \n (928 chars.)) priority: 4, counter: 92
08:55:41.604382 - CLIPBOARD PRESENTER: Possible change event object:text-changed:delete for [terminal: 'Terminal' (0x76499816c740)]  in org.gnome.Terminal (gtk 3.24.52) (0, 61, ▶ Painted account ▼                                         \n)

08:55:41.604727 - EVENT MANAGER: object:text-changed:delete for [terminal: 'Terminal' (0x76499816c740)]  in org.gnome.Terminal (gtk 3.24.52) (0, 61, ▶ Painted account ▼                                         \n)
08:55:41.604744 - FOCUS MANAGER: Locus of focus is [DEAD (0x764982f19240)] 
08:55:41.604793 - EVENT_MANAGER: Not ignoring object:text-changed:delete due to source being focused
08:55:41.605255 - EVENT MANAGER: Queueing object:text-changed:delete for [terminal: 'Terminal' (0x76499816c740)]  in org.gnome.Terminal (gtk 3.24.52) (0, 61, ▶ Painted account ▼                                         \n)
08:55:41.605379 - EVENT MANAGER: App for event source is [application: 'org.gnome.Terminal' (0x7649982405c0)] 
08:55:41.605400 - SCRIPT MANAGER: Getting script for [application: 'org.gnome.Terminal' (0x7649982405c0)]  [terminal: 'Terminal' (0x76499816c740)] 
08:55:41.605428 - SCRIPT MANAGER: Script is custom script org.gnome.Terminal (module=orca.scripts.terminal.script)
08:55:41.605763 - EVENT MANAGER: object:text-changed:delete for [terminal: 'Terminal' (0x76499816c740)]  in org.gnome.Terminal (gtk 3.24.52) (0, 61, ▶ Painted account ▼                                         \n) has priority level: 4
08:55:41.606117 - EVENT MANAGER: Queued object:text-changed:delete for [terminal: 'Terminal' (0x76499816c740)]  in org.gnome.Terminal (gtk 3.24.52) (0, 61, ▶ Painted account ▼                                         \n) priority: 4, counter: 93
08:55:41.606454 - CLIPBOARD PRESENTER: Possible change event object:text-changed:insert for [terminal: 'Terminal' (0x76499816c740)]  in org.gnome.Terminal (gtk 3.24.52) (0, 15, \n\n\n\n\n\n\n\n\n\n\n\n\n\n\n)

08:55:41.606798 - EVENT MANAGER: object:text-changed:insert for [terminal: 'Terminal' (0x76499816c740)]  in org.gnome.Terminal (gtk 3.24.52) (0, 15, \n\n\n\n\n\n\n\n\n\n\n\n\n\n\n)
08:55:41.606813 - FOCUS MANAGER: Locus of focus is [DEAD (0x764982f19240)] 
08:55:41.606860 - EVENT_MANAGER: Not ignoring object:text-changed:insert due to source being focused
08:55:41.607200 - EVENT MANAGER: Queueing object:text-changed:insert for [terminal: 'Terminal' (0x76499816c740)]  in org.gnome.Terminal (gtk 3.24.52) (0, 15, \n\n\n\n\n\n\n\n\n\n\n\n\n\n\n)
08:55:41.607327 - EVENT MANAGER: App for event source is [application: 'org.gnome.Terminal' (0x7649982405c0)] 
08:55:41.607346 - SCRIPT MANAGER: Getting script for [application: 'org.gnome.Terminal' (0x7649982405c0)]  [terminal: 'Terminal' (0x76499816c740)] 
08:55:41.607371 - SCRIPT MANAGER: Script is custom script org.gnome.Terminal (module=orca.scripts.terminal.script)
08:55:41.607721 - EVENT MANAGER: object:text-changed:insert for [terminal: 'Terminal' (0x76499816c740)]  in org.gnome.Terminal (gtk 3.24.52) (0, 15, \n\n\n\n\n\n\n\n\n\n\n\n\n\n\n) has priority level: 4
08:55:41.608114 - EVENT MANAGER: Queued object:text-changed:insert for [terminal: 'Terminal' (0x76499816c740)]  in org.gnome.Terminal (gtk 3.24.52) (0, 15, \n\n\n\n\n\n\n\n\n\n\n\n\n\n\n) priority: 4, counter: 94

08:55:41.608585 - EVENT MANAGER: object:text-caret-moved for [terminal: 'Terminal' (0x76499816c740)]  in org.gnome.Terminal (gtk 3.24.52) (0, 0, 0)
08:55:41.608609 - FOCUS MANAGER: Locus of focus is [DEAD (0x764982f19240)] 
08:55:41.608667 - EVENT_MANAGER: Not ignoring object:text-caret-moved due to source being focused
08:55:41.609014 - EVENT MANAGER: Queueing object:text-caret-moved for [terminal: 'Terminal' (0x76499816c740)]  in org.gnome.Terminal (gtk 3.24.52) (0, 0, 0)
08:55:41.609137 - EVENT MANAGER: App for event source is [application: 'org.gnome.Terminal' (0x7649982405c0)] 
08:55:41.609162 - SCRIPT MANAGER: Getting script for [application: 'org.gnome.Terminal' (0x7649982405c0)]  [terminal: 'Terminal' (0x76499816c740)] 
08:55:41.609187 - SCRIPT MANAGER: Script is custom script org.gnome.Terminal (module=orca.scripts.terminal.script)
08:55:41.609533 - EVENT MANAGER: object:text-caret-moved for [terminal: 'Terminal' (0x76499816c740)]  in org.gnome.Terminal (gtk 3.24.52) (0, 0, 0) has priority level: 4
08:55:41.609880 - EVENT MANAGER: Queued object:text-caret-moved for [terminal: 'Terminal' (0x76499816c740)]  in org.gnome.Terminal (gtk 3.24.52) (0, 0, 0) priority: 4, counter: 95

08:55:41.609971 - AXObject: Exception in get_role_name: app no longer exists
08:55:41.609986 - AXObject: Adding to known dead objects ax_utilities_debugging._accessible_as_string:62 > ax_object.get_role_name:661 > ax_object.handle_error:193 > ax_object._set_known_dead_status:170
08:55:41.610400 - EVENT MANAGER: object:children-changed:remove for [desktop frame: 'main' (0x764982f5f440)]  in  (4, 0, [DEAD (0x764982f0cbc0)])
08:55:41.610419 - FOCUS MANAGER: Locus of focus is [DEAD (0x764982f19240)] 
08:55:41.610486 - EVENT_MANAGER: Ignoring object:children-changed:remove due to multiple instances in short time

08:55:41.610849 - EVENT MANAGER: object:state-changed:focused for [terminal: 'Terminal' (0x76499816c740)]  in org.gnome.Terminal (gtk 3.24.52) (0, 0, 0)
08:55:41.610867 - FOCUS MANAGER: Locus of focus is [DEAD (0x764982f19240)] 
08:55:41.611619 - EVENT MANAGER: Queueing object:state-changed:focused for [terminal: 'Terminal' (0x76499816c740)]  in org.gnome.Terminal (gtk 3.24.52) (0, 0, 0)
08:55:41.611770 - EVENT MANAGER: App for event source is [application: 'org.gnome.Terminal' (0x7649982405c0)] 
08:55:41.611795 - SCRIPT MANAGER: Getting script for [application: 'org.gnome.Terminal' (0x7649982405c0)]  [terminal: 'Terminal' (0x76499816c740)] 
08:55:41.611825 - SCRIPT MANAGER: Script is custom script org.gnome.Terminal (module=orca.scripts.terminal.script)
08:55:41.612174 - EVENT MANAGER: object:state-changed:focused for [terminal: 'Terminal' (0x76499816c740)]  in org.gnome.Terminal (gtk 3.24.52) (0, 0, 0) has priority level: 3
08:55:41.612508 - EVENT MANAGER: Queued object:state-changed:focused for [terminal: 'Terminal' (0x76499816c740)]  in org.gnome.Terminal (gtk 3.24.52) (0, 0, 0) priority: 3, counter: 96

08:55:41.612920 - EVENT MANAGER: object:state-changed:showing for [terminal: 'Terminal' (0x76499816c740)]  in org.gnome.Terminal (gtk 3.24.52) (0, 0, 0)
08:55:41.612950 - FOCUS MANAGER: Locus of focus is [DEAD (0x764982f19240)] 
08:55:41.613137 - EVENT MANAGER: Ignoring object:state-changed:showing due to role

08:55:41.613503 - EVENT MANAGER: object:state-changed:showing for [scroll bar (0x764982f5e680)]  in org.gnome.Terminal (gtk 3.24.52) (0, 0, 0)
08:55:41.613520 - FOCUS MANAGER: Locus of focus is [DEAD (0x764982f19240)] 
08:55:41.613670 - EVENT_MANAGER: Ignoring object:state-changed:showing due to multiple instances in short time

08:55:41.614155 - EVENT MANAGER: object:state-changed:showing for [filler (0x764982f5f4c0)]  in org.gnome.Terminal (gtk 3.24.52) (0, 0, 0)
08:55:41.614188 - FOCUS MANAGER: Locus of focus is [DEAD (0x764982f19240)] 
08:55:41.614343 - EVENT_MANAGER: Ignoring object:state-changed:showing due to multiple instances in short time

08:55:41.614680 - EVENT MANAGER: object:state-changed:showing for [filler (0x764982f5f4c0)]  in org.gnome.Terminal (gtk 3.24.52) (0, 0, 0)
08:55:41.614695 - FOCUS MANAGER: Locus of focus is [DEAD (0x764982f19240)] 
08:55:41.614836 - EVENT_MANAGER: Ignoring object:state-changed:showing due to multiple instances in short time

08:55:41.615180 - EVENT MANAGER: object:state-changed:showing for [panel (0x764982f5f740)]  in org.gnome.Terminal (gtk 3.24.52) (0, 0, 0)
08:55:41.615194 - FOCUS MANAGER: Locus of focus is [DEAD (0x764982f19240)] 
08:55:41.615336 - EVENT_MANAGER: Ignoring object:state-changed:showing due to multiple instances in short time

08:55:41.615667 - EVENT MANAGER: object:children-changed:remove for [page tab list (0x764982f5f4c0)]  in org.gnome.Terminal (gtk 3.24.52) (0, 0, [page tab (0x764982f5f740)])
08:55:41.615684 - FOCUS MANAGER: Locus of focus is [DEAD (0x764982f19240)] 
08:55:41.616149 - EVENT MANAGER: Queueing object:children-changed:remove for [page tab list (0x764982f5f900)]  in org.gnome.Terminal (gtk 3.24.52) (0, 0, [page tab (0x764982f5f8c0)])
08:55:41.616269 - EVENT MANAGER: App for event source is [application: 'org.gnome.Terminal' (0x7649982405c0)] 
08:55:41.616288 - SCRIPT MANAGER: Getting script for [application: 'org.gnome.Terminal' (0x7649982405c0)]  [page tab list (0x764998157a00)] 
08:55:41.616320 - SCRIPT MANAGER: Script is app script org.gnome.Terminal (module=orca.scripts.toolkits.gtk.script)
08:55:41.616644 - EVENT MANAGER: object:children-changed:remove for [page tab list (0x764998157940)]  in org.gnome.Terminal (gtk 3.24.52) (0, 0, [page tab (0x764982f5f940)]) has priority level: 6
08:55:41.616978 - EVENT MANAGER: Queued object:children-changed:remove for [page tab list (0x764998157940)]  in org.gnome.Terminal (gtk 3.24.52) (0, 0, [page tab (0x764982f5f940)]) priority: 6, counter: 97

08:55:41.617325 - EVENT MANAGER: object:state-changed:showing for [button: 'New Tab' (0x76499829ca40)]  in org.gnome.Terminal (gtk 3.24.52) (0, 0, 0)
08:55:41.617343 - FOCUS MANAGER: Locus of focus is [DEAD (0x764982f19240)] 
08:55:41.617492 - EVENT_MANAGER: Ignoring object:state-changed:showing due to multiple instances in short time

08:55:41.617848 - EVENT MANAGER: object:state-changed:showing for [filler (0x764982f5d780)]  in org.gnome.Terminal (gtk 3.24.52) (0, 0, 0)
08:55:41.617873 - FOCUS MANAGER: Locus of focus is [DEAD (0x764982f19240)] 
08:55:41.618037 - EVENT_MANAGER: Ignoring object:state-changed:showing due to multiple instances in short time

08:55:41.618578 - EVENT MANAGER: object:state-changed:showing for [label: 'Terminal' (0x764998157940)]  in org.gnome.Terminal (gtk 3.24.52) (0, 0, 0)
08:55:41.618642 - FOCUS MANAGER: Locus of focus is [DEAD (0x764982f19240)] 
08:55:41.618941 - EVENT_MANAGER: Ignoring object:state-changed:showing due to multiple instances in short time

08:55:41.619365 - EVENT MANAGER: object:state-changed:showing for [filler (0x764982f5fb80)]  in org.gnome.Terminal (gtk 3.24.52) (0, 0, 0)
08:55:41.619395 - FOCUS MANAGER: Locus of focus is [DEAD (0x764982f19240)] 
08:55:41.619743 - EVENT_MANAGER: Ignoring object:state-changed:showing due to multiple instances in short time

08:55:41.620659 - EVENT MANAGER: object:state-changed:showing for [toggle button: 'Menu' (0x764998157940)]  in org.gnome.Terminal (gtk 3.24.52) (0, 0, 0)
08:55:41.620719 - FOCUS MANAGER: Locus of focus is [DEAD (0x764982f19240)] 
08:55:41.620973 - EVENT_MANAGER: Ignoring object:state-changed:showing due to multiple instances in short time

08:55:41.621380 - EVENT MANAGER: object:state-changed:showing for [button: 'Find' (0x764982f5fd40)]  in org.gnome.Terminal (gtk 3.24.52) (0, 0, 0)
08:55:41.621400 - FOCUS MANAGER: Locus of focus is [DEAD (0x764982f19240)] 
08:55:41.621551 - EVENT_MANAGER: Ignoring object:state-changed:showing due to multiple instances in short time

08:55:41.621965 - EVENT MANAGER: object:state-changed:showing for [separator (0x76499816fd40)]  in org.gnome.Terminal (gtk 3.24.52) (0, 0, 0)
08:55:41.621986 - FOCUS MANAGER: Locus of focus is [DEAD (0x764982f19240)] 
08:55:41.622131 - EVENT_MANAGER: Ignoring object:state-changed:showing due to multiple instances in short time

08:55:41.622471 - EVENT MANAGER: object:state-changed:showing for [button: 'Minimize' (0x764982f70180)]  in org.gnome.Terminal (gtk 3.24.52) (0, 0, 0)
08:55:41.622485 - FOCUS MANAGER: Locus of focus is [DEAD (0x764982f19240)] 
08:55:41.622625 - EVENT_MANAGER: Ignoring object:state-changed:showing due to multiple instances in short time

08:55:41.622956 - EVENT MANAGER: object:state-changed:showing for [button: 'Maximize' (0x764982f70200)]  in org.gnome.Terminal (gtk 3.24.52) (0, 0, 0)
08:55:41.622970 - FOCUS MANAGER: Locus of focus is [DEAD (0x764982f19240)] 
08:55:41.623117 - EVENT_MANAGER: Ignoring object:state-changed:showing due to multiple instances in short time

08:55:41.623469 - EVENT MANAGER: object:state-changed:showing for [button: 'Close' (0x764982f70380)]  in org.gnome.Terminal (gtk 3.24.52) (0, 0, 0)
08:55:41.623485 - FOCUS MANAGER: Locus of focus is [DEAD (0x764982f19240)] 
08:55:41.623633 - EVENT_MANAGER: Ignoring object:state-changed:showing due to multiple instances in short time

08:55:41.623986 - EVENT MANAGER: object:state-changed:showing for [filler (0x764998198200)]  in org.gnome.Terminal (gtk 3.24.52) (0, 0, 0)
08:55:41.624003 - FOCUS MANAGER: Locus of focus is [DEAD (0x764982f19240)] 
08:55:41.624157 - EVENT_MANAGER: Ignoring object:state-changed:showing due to multiple instances in short time

08:55:41.624507 - EVENT MANAGER: object:state-changed:showing for [panel (0x764982f70780)]  in org.gnome.Terminal (gtk 3.24.52) (0, 0, 0)
08:55:41.624525 - FOCUS MANAGER: Locus of focus is [DEAD (0x764982f19240)] 
08:55:41.624676 - EVENT_MANAGER: Ignoring object:state-changed:showing due to multiple instances in short time

08:55:41.625050 - EVENT MANAGER: object:state-changed:showing for [page tab list (0x764982f70880)]  in org.gnome.Terminal (gtk 3.24.52) (0, 0, 0)
08:55:41.625075 - FOCUS MANAGER: Locus of focus is [DEAD (0x764982f19240)] 
08:55:41.625232 - EVENT_MANAGER: Ignoring object:state-changed:showing due to multiple instances in short time

08:55:41.625584 - EVENT MANAGER: object:state-changed:showing for [filler (0x764982f70a00)]  in org.gnome.Terminal (gtk 3.24.52) (0, 0, 0)
08:55:41.625602 - FOCUS MANAGER: Locus of focus is [DEAD (0x764982f19240)] 
08:55:41.625750 - EVENT_MANAGER: Ignoring object:state-changed:showing due to multiple instances in short time

08:55:41.625991 - EVENT MANAGER: object:state-changed:showing for [DEAD (0x764998b08300)]  in org.gnome.Terminal (gtk 3.24.52) (0, 0, 0)
08:55:41.626008 - FOCUS MANAGER: Locus of focus is [DEAD (0x764982f19240)] 
08:55:41.626116 - EVENT_MANAGER: Ignoring object:state-changed:showing due to multiple instances in short time

08:55:41.626155 - EVENT MANAGER: object:children-changed:remove for [application: 'org.gnome.Terminal' (0x7649982405c0)]  in org.gnome.Terminal (gtk 3.24.52) (0, 0, [DEAD (0x764998b08300)])
08:55:41.626168 - FOCUS MANAGER: Locus of focus is [DEAD (0x764982f19240)] 
08:55:41.626209 - EVENT_MANAGER: Ignoring object:children-changed:remove due to multiple instances in short time

08:55:41.626440 - EVENT MANAGER: window:deactivate for [DEAD (0x764998b08300)]  in org.gnome.Terminal (gtk 3.24.52) (0, 0, Terminal)
08:55:41.626666 - EVENT MANAGER: Queueing window:deactivate for [DEAD (0x764998b08300)]  in org.gnome.Terminal (gtk 3.24.52) (0, 0, Terminal)
08:55:41.626748 - EVENT MANAGER: App for event source is [application: 'org.gnome.Terminal' (0x7649982405c0)] 
08:55:41.626765 - SCRIPT MANAGER: Getting script for [application: 'org.gnome.Terminal' (0x7649982405c0)]  [DEAD (0x764998b08300)] 
08:55:41.626787 - SCRIPT MANAGER: Script is app script org.gnome.Terminal (module=orca.scripts.toolkits.gtk.script)
08:55:41.627023 - EVENT MANAGER: window:deactivate for [DEAD (0x764998b08300)]  in org.gnome.Terminal (gtk 3.24.52) (0, 0, Terminal) has priority level: 2
08:55:41.627255 - EVENT MANAGER: Queued window:deactivate for [DEAD (0x764998b08300)]  in org.gnome.Terminal (gtk 3.24.52) (0, 0, Terminal) priority: 2, counter: 98

08:55:41.627521 - EVENT MANAGER: window:destroy for [DEAD (0x764998b08300)]  in org.gnome.Terminal (gtk 3.24.52) (0, 0, Terminal)
08:55:41.627739 - EVENT MANAGER: Queueing window:destroy for [DEAD (0x764998b08300)]  in org.gnome.Terminal (gtk 3.24.52) (0, 0, Terminal)
08:55:41.627819 - EVENT MANAGER: App for event source is [application: 'org.gnome.Terminal' (0x7649982405c0)] 
08:55:41.627834 - SCRIPT MANAGER: Getting script for [application: 'org.gnome.Terminal' (0x7649982405c0)]  [DEAD (0x764998b08300)] 
08:55:41.627852 - SCRIPT MANAGER: Script is app script org.gnome.Terminal (module=orca.scripts.toolkits.gtk.script)
08:55:41.628079 - EVENT MANAGER: window:destroy for [DEAD (0x764998b08300)]  in org.gnome.Terminal (gtk 3.24.52) (0, 0, Terminal) has priority level: 2
08:55:41.628305 - EVENT MANAGER: Queued window:destroy for [DEAD (0x764998b08300)]  in org.gnome.Terminal (gtk 3.24.52) (0, 0, Terminal) priority: 2, counter: 99

08:55:41.628643 - EVENT MANAGER: object:state-changed:sensitive for [menu item: 'Zoom Out' (0x764982f70d40)]  in org.gnome.Terminal (gtk 3.24.52) (0, 0, 0)
08:55:41.628659 - FOCUS MANAGER: Locus of focus is [DEAD (0x764982f19240)] 
08:55:41.628828 - EVENT MANAGER: Ignoring object:state-changed:sensitive due to role of unfocused source

08:55:41.629171 - EVENT MANAGER: object:state-changed:sensitive for [menu item: '1. 80×24' (0x764982f70e00)]  in org.gnome.Terminal (gtk 3.24.52) (0, 0, 0)
08:55:41.629191 - FOCUS MANAGER: Locus of focus is [DEAD (0x764982f19240)] 
08:55:41.629329 - EVENT_MANAGER: Ignoring object:state-changed:sensitive due to multiple instances in short time

08:55:41.629664 - EVENT MANAGER: object:state-changed:sensitive for [menu item: '2. 80×43' (0x764998100f00)]  in org.gnome.Terminal (gtk 3.24.52) (0, 0, 0)
08:55:41.629680 - FOCUS MANAGER: Locus of focus is [DEAD (0x764982f19240)] 
08:55:41.629822 - EVENT_MANAGER: Ignoring object:state-changed:sensitive due to multiple instances in short time

08:55:41.630260 - EVENT MANAGER: object:state-changed:sensitive for [menu item: '3. 132×24' (0x764998258fc0)]  in org.gnome.Terminal (gtk 3.24.52) (0, 0, 0)
08:55:41.630276 - FOCUS MANAGER: Locus of focus is [DEAD (0x764982f19240)] 
08:55:41.630417 - EVENT_MANAGER: Ignoring object:state-changed:sensitive due to multiple instances in short time

08:55:41.630752 - EVENT MANAGER: object:state-changed:sensitive for [menu item: '4. 132×43' (0x764998258fc0)]  in org.gnome.Terminal (gtk 3.24.52) (0, 0, 0)
08:55:41.630766 - FOCUS MANAGER: Locus of focus is [DEAD (0x764982f19240)] 
08:55:41.630901 - EVENT_MANAGER: Ignoring object:state-changed:sensitive due to multiple instances in short time

08:55:41.631237 - EVENT MANAGER: object:state-changed:sensitive for [menu item: 'Preferences' (0x764982f71240)]  in org.gnome.Terminal (gtk 3.24.52) (0, 0, 0)
08:55:41.631254 - FOCUS MANAGER: Locus of focus is [DEAD (0x764982f19240)] 
08:55:41.631392 - EVENT_MANAGER: Ignoring object:state-changed:sensitive due to multiple instances in short time

08:55:41.631490 - AXObject: Exception in get_name: object no longer exists
08:55:41.631787 - EVENT MANAGER: object:children-changed:remove for [invalid (0x764982f71380)]  in org.gnome.Terminal (gtk 3.24.52) (0, 0, [check menu item: 'Show Menubar' (0x76499824e440)])
08:55:41.631801 - FOCUS MANAGER: Locus of focus is [DEAD (0x764982f19240)] 
08:55:41.632063 - EVENT_MANAGER: Ignoring object:children-changed:remove due to multiple instances in short time

08:55:41.632415 - EVENT MANAGER: object:state-changed:sensitive for [menu item: 'Select All' (0x7649982614c0)]  in org.gnome.Terminal (gtk 3.24.52) (0, 0, 0)
08:55:41.632434 - FOCUS MANAGER: Locus of focus is [DEAD (0x764982f19240)] 
08:55:41.632579 - EVENT_MANAGER: Ignoring object:state-changed:sensitive due to multiple instances in short time

08:55:41.632931 - EVENT MANAGER: object:state-changed:sensitive for [menu item: 'Find…' (0x7649981e9540)]  in org.gnome.Terminal (gtk 3.24.52) (0, 0, 0)
08:55:41.632953 - FOCUS MANAGER: Locus of focus is [DEAD (0x764982f19240)] 
08:55:41.633096 - EVENT_MANAGER: Ignoring object:state-changed:sensitive due to multiple instances in short time

08:55:41.633433 - EVENT MANAGER: object:state-changed:sensitive for [menu item: 'Normal Size' (0x764982f71680)]  in org.gnome.Terminal (gtk 3.24.52) (0, 0, 0)
08:55:41.633451 - FOCUS MANAGER: Locus of focus is [DEAD (0x764982f19240)] 
08:55:41.633591 - EVENT_MANAGER: Ignoring object:state-changed:sensitive due to multiple instances in short time

08:55:41.633989 - EVENT MANAGER: object:state-changed:sensitive for [check menu item: 'Read-Only' (0x764982f5f980)]  in org.gnome.Terminal (gtk 3.24.52) (0, 0, 0)
08:55:41.634032 - FOCUS MANAGER: Locus of focus is [DEAD (0x764982f19240)] 
08:55:41.634198 - EVENT_MANAGER: Ignoring object:state-changed:sensitive due to multiple instances in short time

08:55:41.634563 - EVENT MANAGER: object:state-changed:sensitive for [menu item: 'New Tab' (0x764982f71940)]  in org.gnome.Terminal (gtk 3.24.52) (0, 0, 0)
08:55:41.634582 - FOCUS MANAGER: Locus of focus is [DEAD (0x764982f19240)] 
08:55:41.634731 - EVENT_MANAGER: Ignoring object:state-changed:sensitive due to multiple instances in short time

08:55:41.635073 - EVENT MANAGER: object:state-changed:sensitive for [menu item: 'New Window' (0x764998d69a00)]  in org.gnome.Terminal (gtk 3.24.52) (0, 0, 0)
08:55:41.635088 - FOCUS MANAGER: Locus of focus is [DEAD (0x764982f19240)] 
08:55:41.635228 - EVENT_MANAGER: Ignoring object:state-changed:sensitive due to multiple instances in short time

08:55:41.635567 - EVENT MANAGER: object:state-changed:sensitive for [menu item: 'Reset' (0x7649981f1bc0)]  in org.gnome.Terminal (gtk 3.24.52) (0, 0, 0)
08:55:41.635581 - FOCUS MANAGER: Locus of focus is [DEAD (0x764982f19240)] 
08:55:41.635722 - EVENT_MANAGER: Ignoring object:state-changed:sensitive due to multiple instances in short time

08:55:41.636087 - EVENT MANAGER: object:state-changed:sensitive for [menu item: 'Reset and Clear' (0x764982f5f980)]  in org.gnome.Terminal (gtk 3.24.52) (0, 0, 0)
08:55:41.636103 - FOCUS MANAGER: Locus of focus is [DEAD (0x764982f19240)] 
08:55:41.636250 - EVENT_MANAGER: Ignoring object:state-changed:sensitive due to multiple instances in short time

08:55:41.636585 - EVENT MANAGER: object:state-changed:sensitive for [menu item: 'Zoom In' (0x764982f71d00)]  in org.gnome.Terminal (gtk 3.24.52) (0, 0, 0)
08:55:41.636599 - FOCUS MANAGER: Locus of focus is [DEAD (0x764982f19240)] 
08:55:41.636739 - EVENT_MANAGER: Ignoring object:state-changed:sensitive due to multiple instances in short time

08:55:41.637135 - EVENT MANAGER: object:state-changed:sensitive for [menu item: 'About' (0x764982f72080)]  in org.gnome.Terminal (gtk 3.24.52) (0, 0, 0)
08:55:41.637151 - FOCUS MANAGER: Locus of focus is [DEAD (0x764982f19240)] 
08:55:41.637290 - EVENT_MANAGER: Ignoring object:state-changed:sensitive due to multiple instances in short time

08:55:41.637619 - EVENT MANAGER: object:state-changed:sensitive for [menu item: 'Close Tab' (0x764982f72200)]  in org.gnome.Terminal (gtk 3.24.52) (0, 0, 0)
08:55:41.637633 - FOCUS MANAGER: Locus of focus is [DEAD (0x764982f19240)] 
08:55:41.637771 - EVENT_MANAGER: Ignoring object:state-changed:sensitive due to multiple instances in short time

08:55:41.638201 - EVENT MANAGER: object:state-changed:sensitive for [menu item: 'Close Window' (0x764982f72400)]  in org.gnome.Terminal (gtk 3.24.52) (0, 0, 0)
08:55:41.638240 - FOCUS MANAGER: Locus of focus is [DEAD (0x764982f19240)] 
08:55:41.638405 - EVENT_MANAGER: Ignoring object:state-changed:sensitive due to multiple instances in short time

08:55:41.638764 - EVENT MANAGER: object:state-changed:sensitive for [check menu item: 'Full Screen' (0x764982f72600)]  in org.gnome.Terminal (gtk 3.24.52) (0, 0, 0)
08:55:41.638781 - FOCUS MANAGER: Locus of focus is [DEAD (0x764982f19240)] 
08:55:41.638923 - EVENT_MANAGER: Ignoring object:state-changed:sensitive due to multiple instances in short time

08:55:41.639288 - EVENT MANAGER: object:state-changed:sensitive for [menu item: 'Contents' (0x764982f728c0)]  in org.gnome.Terminal (gtk 3.24.52) (0, 0, 0)
08:55:41.639321 - FOCUS MANAGER: Locus of focus is [DEAD (0x764982f19240)] 
08:55:41.639477 - EVENT_MANAGER: Ignoring object:state-changed:sensitive due to multiple instances in short time

08:55:41.639721 - EVENT MANAGER: object:children-changed:remove for [DEAD (0x764998b08300)]  in org.gnome.Terminal (gtk 3.24.52) (0, 0, [filler (0x764982f72a80)])
08:55:41.639736 - FOCUS MANAGER: Locus of focus is [DEAD (0x764982f19240)] 
08:55:41.639835 - EVENT_MANAGER: Ignoring object:children-changed:remove due to multiple instances in short time

08:55:41.640164 - EVENT MANAGER: object:children-changed:remove for [filler (0x764982f72ac0)]  in org.gnome.Terminal (gtk 3.24.52) (0, 0, [menu bar (0x764982f72ac0)])
08:55:41.640179 - FOCUS MANAGER: Locus of focus is [DEAD (0x764982f19240)] 
08:55:41.640325 - EVENT_MANAGER: Ignoring object:children-changed:remove due to multiple instances in short time

08:55:41.640652 - EVENT MANAGER: object:children-changed:remove for [menu bar (0x764982f12b00)]  in org.gnome.Terminal (gtk 3.24.52) (0, 0, [menu: 'File' (0x764982f72b00)])
08:55:41.640666 - FOCUS MANAGER: Locus of focus is [DEAD (0x764982f19240)] 
08:55:41.640803 - EVENT_MANAGER: Ignoring object:children-changed:remove due to multiple instances in short time

08:55:41.641167 - EVENT MANAGER: object:children-changed:remove for [menu bar (0x764982f72c80)]  in org.gnome.Terminal (gtk 3.24.52) (0, 0, [menu: 'Edit' (0x764982f72c80)])
08:55:41.641182 - FOCUS MANAGER: Locus of focus is [DEAD (0x764982f19240)] 
08:55:41.641318 - EVENT_MANAGER: Ignoring object:children-changed:remove due to multiple instances in short time

08:55:41.641680 - EVENT MANAGER: object:children-changed:remove for [menu bar (0x764998d71d40)]  in org.gnome.Terminal (gtk 3.24.52) (0, 0, [menu: 'View' (0x764982f71d40)])
08:55:41.641695 - FOCUS MANAGER: Locus of focus is [DEAD (0x764982f19240)] 
08:55:41.641830 - EVENT_MANAGER: Ignoring object:children-changed:remove due to multiple instances in short time

08:55:41.641915 - AXObject: Exception in get_name: object no longer exists
08:55:41.641922 - AXObject: Adding to known dead objects ax_utilities_debugging._accessible_as_string:63 > ax_object.get_name:707 > ax_object.handle_error:193 > ax_object._set_known_dead_status:170
08:55:41.642617 - EVENT MANAGER: object:children-changed:remove for [invalid (0x764982f12c80)]  in org.gnome.Terminal (gtk 3.24.52) (0, 0, [check menu item: 'Full Screen' (0x764982f72c80)])
08:55:41.642662 - FOCUS MANAGER: Locus of focus is [DEAD (0x764982f19240)] 
08:55:41.642867 - EVENT_MANAGER: Ignoring object:children-changed:remove due to multiple instances in short time

08:55:41.643339 - EVENT MANAGER: object:children-changed:remove for [DEAD (0x764982f12c80)]  in org.gnome.Terminal (gtk 3.24.52) (0, 0, [separator (0x764982f73900)])
08:55:41.643382 - FOCUS MANAGER: Locus of focus is [DEAD (0x764982f19240)] 
08:55:41.643574 - EVENT_MANAGER: Ignoring object:children-changed:remove due to multiple instances in short time

08:55:41.643942 - EVENT MANAGER: object:children-changed:remove for [DEAD (0x764982f12c80)]  in org.gnome.Terminal (gtk 3.24.52) (0, 0, [menu item: 'Zoom In' (0x764982f73a40)])
08:55:41.643987 - FOCUS MANAGER: Locus of focus is [DEAD (0x764982f19240)] 
08:55:41.644175 - EVENT_MANAGER: Ignoring object:children-changed:remove due to multiple instances in short time

08:55:41.644534 - EVENT MANAGER: object:children-changed:remove for [DEAD (0x764982f12c80)]  in org.gnome.Terminal (gtk 3.24.52) (0, 0, [menu item: 'Normal Size' (0x764982f73900)])
08:55:41.644571 - FOCUS MANAGER: Locus of focus is [DEAD (0x764982f19240)] 
08:55:41.644753 - EVENT_MANAGER: Ignoring object:children-changed:remove due to multiple instances in short time

08:55:41.645106 - EVENT MANAGER: object:children-changed:remove for [DEAD (0x764982f12c80)]  in org.gnome.Terminal (gtk 3.24.52) (0, 0, [menu item: 'Zoom Out' (0x764982f73b40)])
08:55:41.645140 - FOCUS MANAGER: Locus of focus is [DEAD (0x764982f19240)] 
08:55:41.645233 - EVENT_MANAGER: Ignoring object:children-changed:remove due to multiple instances in short time

08:55:41.645619 - EVENT MANAGER: object:children-changed:remove for [menu bar (0x76499819bb40)]  in org.gnome.Terminal (gtk 3.24.52) (0, 0, [menu: 'Search' (0x764982f73b40)])
08:55:41.645636 - FOCUS MANAGER: Locus of focus is [DEAD (0x764982f19240)] 
08:55:41.645817 - EVENT_MANAGER: Ignoring object:children-changed:remove due to multiple instances in short time

08:55:41.646381 - EVENT MANAGER: object:children-changed:remove for [menu bar (0x764982f73dc0)]  in org.gnome.Terminal (gtk 3.24.52) (0, 0, [menu: 'Terminal' (0x764982f73d80)])
08:55:41.646397 - FOCUS MANAGER: Locus of focus is [DEAD (0x764982f19240)] 
08:55:41.646547 - EVENT_MANAGER: Ignoring object:children-changed:remove due to multiple instances in short time

08:55:41.646615 - AXObject: Exception in get_role_name: app no longer exists
08:55:41.646627 - AXObject: Adding to known dead objects ax_utilities_debugging._accessible_as_string:62 > ax_object.get_role_name:661 > ax_object.handle_error:193 > ax_object._set_known_dead_status:170
08:55:41.647032 - EVENT MANAGER: object:children-changed:remove for [desktop frame: 'main' (0x764982f70680)]  in  (3, 0, [DEAD (0x764982f73ac0)])
08:55:41.647050 - FOCUS MANAGER: Locus of focus is [DEAD (0x764982f19240)] 
08:55:41.647129 - EVENT MANAGER: Queueing object:children-changed:remove for [desktop frame: 'main' (0x764982f78840)]  in  (3, 0, [DEAD (0x764982f73ac0)])
08:55:41.647148 - EVENT MANAGER: App for event source is None
08:55:41.647168 - SCRIPT MANAGER: Getting script for None [desktop frame: 'main' (0x764982f73d80)] 
08:55:41.647296 - SCRIPT MANAGER: Script is app script default (module=orca.scripts.default)
08:55:41.647335 - EVENT MANAGER: object:children-changed:remove for [desktop frame: 'main' (0x764982f78680)]  in  (3, 0, [DEAD (0x764982f73ac0)]) has priority level: 6
08:55:41.647371 - EVENT MANAGER: Queued object:children-changed:remove for [desktop frame: 'main' (0x76499824ec00)]  in  (3, 0, [DEAD (0x764982f73ac0)]) priority: 6, counter: 100

08:55:41.648041 - EVENT MANAGER: object:children-changed:remove for [menu bar (0x764982f70680)]  in org.gnome.Terminal (gtk 3.24.52) (0, 0, [menu: 'Help' (0x764982f73dc0)])
08:55:41.648106 - FOCUS MANAGER: Locus of focus is [DEAD (0x764982f19240)] 
08:55:41.649255 - EVENT MANAGER: Queueing object:children-changed:remove for [menu bar (0x764982f787c0)]  in org.gnome.Terminal (gtk 3.24.52) (0, 0, [menu: 'Help' (0x764982f78840)])
08:55:41.649524 - EVENT MANAGER: App for event source is [application: 'org.gnome.Terminal' (0x7649982405c0)] 
08:55:41.649580 - SCRIPT MANAGER: Getting script for [application: 'org.gnome.Terminal' (0x7649982405c0)]  [menu bar (0x764998d707c0)] 
08:55:41.649674 - AXObject: Exception in get_attributes_dict: object no longer exists
08:55:41.649693 - AXObject: Adding to known dead objects ax_object.get_attribute:1019 > ax_object.get_attributes_dict:1003 > ax_object.handle_error:193 > ax_object._set_known_dead_status:170
08:55:41.650385 - SCRIPT MANAGER: Script is app script org.gnome.Terminal (module=orca.scripts.toolkits.gtk.script)
08:55:41.651182 - EVENT MANAGER: object:children-changed:remove for [DEAD (0x764998d707c0)]  in org.gnome.Terminal (gtk 3.24.52) (0, 0, [menu: 'Help' (0x764998b16c00)]) has priority level: 6
08:55:41.651558 - EVENT MANAGER: Queued object:children-changed:remove for [DEAD (0x764998d707c0)]  in org.gnome.Terminal (gtk 3.24.52) (0, 0, [menu: 'Help' (0x764998155fc0)]) priority: 6, counter: 101

08:55:41.651949 - EVENT MANAGER: object:children-changed:remove for [filler (0x764982f71b80)]  in org.gnome.Terminal (gtk 3.24.52) (0, 0, [page tab list (0x764982f19b80)])
08:55:41.651969 - FOCUS MANAGER: Locus of focus is [DEAD (0x764982f19240)] 
08:55:41.652119 - EVENT_MANAGER: Ignoring object:children-changed:remove due to multiple instances in short time

08:55:41.652474 - EVENT MANAGER: object:state-changed:sensitive for [button: 'Zoom Out' (0x764982f791c0)]  in org.gnome.Terminal (gtk 3.24.52) (0, 0, 0)
08:55:41.652489 - FOCUS MANAGER: Locus of focus is [DEAD (0x764982f19240)] 
08:55:41.652629 - EVENT_MANAGER: Ignoring object:state-changed:sensitive due to multiple instances in short time

08:55:41.652955 - EVENT MANAGER: object:state-changed:sensitive for [button: 'Full Screen' (0x764998b91300)]  in org.gnome.Terminal (gtk 3.24.52) (0, 0, 0)
08:55:41.652968 - FOCUS MANAGER: Locus of focus is [DEAD (0x764982f19240)] 
08:55:41.653115 - EVENT_MANAGER: Ignoring object:state-changed:sensitive due to multiple instances in short time

08:55:41.653430 - EVENT MANAGER: object:state-changed:sensitive for [button: 'Find' (0x764982f71340)]  in org.gnome.Terminal (gtk 3.24.52) (0, 0, 0)
08:55:41.653443 - FOCUS MANAGER: Locus of focus is [DEAD (0x764982f19240)] 
08:55:41.653578 - EVENT_MANAGER: Ignoring object:state-changed:sensitive due to multiple instances in short time

08:55:41.653898 - EVENT MANAGER: object:state-changed:sensitive for [panel (0x764998b09380)]  in org.gnome.Terminal (gtk 3.24.52) (0, 0, 0)
08:55:41.653911 - FOCUS MANAGER: Locus of focus is [DEAD (0x764982f19240)] 
08:55:41.654146 - EVENT_MANAGER: Ignoring object:state-changed:sensitive due to multiple instances in short time

08:55:41.654516 - EVENT MANAGER: object:state-changed:sensitive for [toggle button: 'Menu' (0x764998b09380)]  in org.gnome.Terminal (gtk 3.24.52) (0, 0, 0)
08:55:41.654536 - FOCUS MANAGER: Locus of focus is [DEAD (0x764982f19240)] 
08:55:41.654684 - EVENT_MANAGER: Ignoring object:state-changed:sensitive due to multiple instances in short time

08:55:41.655024 - EVENT MANAGER: object:state-changed:sensitive for [button: '100%' (0x764982f71540)]  in org.gnome.Terminal (gtk 3.24.52) (0, 0, 0)
08:55:41.655040 - FOCUS MANAGER: Locus of focus is [DEAD (0x764982f19240)] 
08:55:41.655180 - EVENT_MANAGER: Ignoring object:state-changed:sensitive due to multiple instances in short time

08:55:41.655527 - EVENT MANAGER: object:state-changed:sensitive for [check box: 'Read-Only' (0x7649982614c0)]  in org.gnome.Terminal (gtk 3.24.52) (0, 0, 0)
08:55:41.655541 - FOCUS MANAGER: Locus of focus is [DEAD (0x764982f19240)] 
08:55:41.655755 - EVENT_MANAGER: Ignoring object:state-changed:sensitive due to multiple instances in short time

08:55:41.656076 - EVENT MANAGER: object:state-changed:sensitive for [button: 'New Tab' (0x764998b91600)]  in org.gnome.Terminal (gtk 3.24.52) (0, 0, 0)
08:55:41.656089 - FOCUS MANAGER: Locus of focus is [DEAD (0x764982f19240)] 
08:55:41.656225 - EVENT_MANAGER: Ignoring object:state-changed:sensitive due to multiple instances in short time

08:55:41.656551 - EVENT MANAGER: object:state-changed:sensitive for [button: 'New Window' (0x764982f79680)]  in org.gnome.Terminal (gtk 3.24.52) (0, 0, 0)
08:55:41.656565 - FOCUS MANAGER: Locus of focus is [DEAD (0x764982f19240)] 
08:55:41.656701 - EVENT_MANAGER: Ignoring object:state-changed:sensitive due to multiple instances in short time

08:55:41.657546 - EVENT MANAGER: object:state-changed:sensitive for [button: 'Zoom In' (0x7649982614c0)]  in org.gnome.Terminal (gtk 3.24.52) (0, 0, 0)
08:55:41.657616 - FOCUS MANAGER: Locus of focus is [DEAD (0x764982f19240)] 
08:55:41.658049 - EVENT_MANAGER: Ignoring object:state-changed:sensitive due to multiple instances in short time

08:55:41.658867 - EVENT MANAGER: object:state-changed:sensitive for [button: 'Preferences' (0x764982f79900)]  in org.gnome.Terminal (gtk 3.24.52) (0, 0, 0)
08:55:41.658907 - FOCUS MANAGER: Locus of focus is [DEAD (0x764982f19240)] 
08:55:41.659297 - EVENT_MANAGER: Ignoring object:state-changed:sensitive due to multiple instances in short time

08:55:41.659736 - EVENT MANAGER: object:state-changed:sensitive for [button: 'Help' (0x7649982614c0)]  in org.gnome.Terminal (gtk 3.24.52) (0, 0, 0)
08:55:41.659763 - FOCUS MANAGER: Locus of focus is [DEAD (0x764982f19240)] 
08:55:41.659923 - EVENT_MANAGER: Ignoring object:state-changed:sensitive due to multiple instances in short time

08:55:41.660289 - EVENT MANAGER: object:state-changed:sensitive for [button: 'About' (0x764982f19b80)]  in org.gnome.Terminal (gtk 3.24.52) (0, 0, 0)
08:55:41.660307 - FOCUS MANAGER: Locus of focus is [DEAD (0x764982f19240)] 
08:55:41.660454 - EVENT_MANAGER: Ignoring object:state-changed:sensitive due to multiple instances in short time

08:55:41.660696 - EVENT MANAGER: object:children-changed:remove for [DEAD (0x764998b08300)]  in org.gnome.Terminal (gtk 3.24.52) (-1, 0, [panel (0x764982f79c00)])
08:55:41.660710 - FOCUS MANAGER: Locus of focus is [DEAD (0x764982f19240)] 
08:55:41.660811 - EVENT_MANAGER: Ignoring object:children-changed:remove due to multiple instances in short time

08:55:41.661105 - EVENT MANAGER: object:children-changed:remove for [DEAD (0x764998b08300)]  in org.gnome.Terminal (gtk 3.24.52) (0, 0, [panel (0x764982f79d00)])
08:55:41.661143 - FOCUS MANAGER: Locus of focus is [DEAD (0x764982f19240)] 
08:55:41.661267 - EVENT_MANAGER: Ignoring object:children-changed:remove due to multiple instances in short time

08:55:41.661621 - EVENT MANAGER: object:children-changed:remove for [filler (0x764982f71d00)]  in org.gnome.Terminal (gtk 3.24.52) (0, 0, [label: 'Terminal' (0x764982f79d00)])
08:55:41.661638 - FOCUS MANAGER: Locus of focus is [DEAD (0x764982f19240)] 
08:55:41.661786 - EVENT_MANAGER: Ignoring object:children-changed:remove due to multiple instances in short time

08:55:41.662151 - EVENT MANAGER: object:children-changed:remove for [filler (0x764982f08800)]  in org.gnome.Terminal (gtk 3.24.52) (0, 0, [label (0x764998d70800)])
08:55:41.662167 - FOCUS MANAGER: Locus of focus is [DEAD (0x764982f19240)] 
08:55:41.662312 - EVENT_MANAGER: Ignoring object:children-changed:remove due to multiple instances in short time

08:55:41.662656 - EVENT MANAGER: object:children-changed:remove for [filler (0x764982f71340)]  in org.gnome.Terminal (gtk 3.24.52) (0, 0, [separator (0x764982f5f580)])
08:55:41.662670 - FOCUS MANAGER: Locus of focus is [DEAD (0x764982f19240)] 
08:55:41.662815 - EVENT_MANAGER: Ignoring object:children-changed:remove due to multiple instances in short time

08:55:41.663173 - EVENT MANAGER: object:children-changed:remove for [filler (0x764982f79ec0)]  in org.gnome.Terminal (gtk 3.24.52) (0, 0, [button: 'Minimize' (0x764982f5f580)])
08:55:41.663192 - FOCUS MANAGER: Locus of focus is [DEAD (0x764982f19240)] 
08:55:41.663336 - EVENT_MANAGER: Ignoring object:children-changed:remove due to multiple instances in short time

08:55:41.663673 - EVENT MANAGER: object:children-changed:remove for [filler (0x764998229f00)]  in org.gnome.Terminal (gtk 3.24.52) (0, 0, [button: 'Maximize' (0x764982f79f00)])
08:55:41.663687 - FOCUS MANAGER: Locus of focus is [DEAD (0x764982f19240)] 
08:55:41.663824 - EVENT_MANAGER: Ignoring object:children-changed:remove due to multiple instances in short time

08:55:41.664163 - EVENT MANAGER: object:children-changed:remove for [filler (0x764982f19f40)]  in org.gnome.Terminal (gtk 3.24.52) (0, 0, [button: 'Close' (0x764982f79f40)])
08:55:41.664180 - FOCUS MANAGER: Locus of focus is [DEAD (0x764982f19240)] 
08:55:41.664320 - EVENT_MANAGER: Ignoring object:children-changed:remove due to multiple instances in short time

08:55:41.664664 - EVENT MANAGER: object:children-changed:remove for [panel (0x764982f79e40)]  in org.gnome.Terminal (gtk 3.24.52) (0, 0, [filler (0x764982f79fc0)])
08:55:41.664685 - FOCUS MANAGER: Locus of focus is [DEAD (0x764982f19240)] 
08:55:41.664826 - EVENT_MANAGER: Ignoring object:children-changed:remove due to multiple instances in short time

08:55:41.665279 - EVENT MANAGER: object:children-changed:remove for [filler (0x764982f7a000)]  in org.gnome.Terminal (gtk 3.24.52) (0, 0, [button: 'New Tab' (0x764982f7a040)])
08:55:41.665295 - FOCUS MANAGER: Locus of focus is [DEAD (0x764982f19240)] 
08:55:41.665440 - EVENT_MANAGER: Ignoring object:children-changed:remove due to multiple instances in short time

08:55:41.665798 - EVENT MANAGER: object:children-changed:remove for [filler (0x764982f7a080)]  in org.gnome.Terminal (gtk 3.24.52) (0, 0, [toggle button: 'Profiles' (0x764982f7a0c0)])
08:55:41.665815 - FOCUS MANAGER: Locus of focus is [DEAD (0x764982f19240)] 
08:55:41.665958 - EVENT_MANAGER: Ignoring object:children-changed:remove due to multiple instances in short time

08:55:41.666326 - EVENT MANAGER: object:children-changed:remove for [panel (0x764982f7a180)]  in org.gnome.Terminal (gtk 3.24.52) (0, 0, [panel (0x764982f79f40)])
08:55:41.666347 - FOCUS MANAGER: Locus of focus is [DEAD (0x764982f19240)] 
08:55:41.666493 - EVENT_MANAGER: Ignoring object:children-changed:remove due to multiple instances in short time

08:55:41.666871 - EVENT MANAGER: object:children-changed:remove for [filler (0x764982f7a1c0)]  in org.gnome.Terminal (gtk 3.24.52) (0, 0, [filler (0x764982f721c0)])
08:55:41.666890 - FOCUS MANAGER: Locus of focus is [DEAD (0x764982f19240)] 
08:55:41.667047 - EVENT_MANAGER: Ignoring object:children-changed:remove due to multiple instances in short time

08:55:41.667408 - EVENT MANAGER: object:children-changed:remove for [filler (0x764982f7a1c0)]  in org.gnome.Terminal (gtk 3.24.52) (0, 0, [filler (0x764982f721c0)])
08:55:41.667439 - FOCUS MANAGER: Locus of focus is [DEAD (0x764982f19240)] 
08:55:41.667596 - EVENT_MANAGER: Ignoring object:children-changed:remove due to multiple instances in short time

08:55:41.667949 - EVENT MANAGER: object:children-changed:remove for [filler (0x764982f7a340)]  in org.gnome.Terminal (gtk 3.24.52) (0, 0, [filler (0x764982f7a340)])
08:55:41.667966 - FOCUS MANAGER: Locus of focus is [DEAD (0x764982f19240)] 
08:55:41.668117 - EVENT_MANAGER: Ignoring object:children-changed:remove due to multiple instances in short time

08:55:41.668459 - EVENT MANAGER: object:children-changed:remove for [filler (0x764982f7a500)]  in org.gnome.Terminal (gtk 3.24.52) (0, 0, [button: 'Zoom Out' (0x764982f7a440)])
08:55:41.668478 - FOCUS MANAGER: Locus of focus is [DEAD (0x764982f19240)] 
08:55:41.668631 - EVENT_MANAGER: Ignoring object:children-changed:remove due to multiple instances in short time

08:55:41.669004 - EVENT MANAGER: object:children-changed:remove for [filler (0x7649981e2340)]  in org.gnome.Terminal (gtk 3.24.52) (0, 0, [button: '100%' (0x764982f7a340)])
08:55:41.669027 - FOCUS MANAGER: Locus of focus is [DEAD (0x764982f19240)] 
08:55:41.669181 - EVENT_MANAGER: Ignoring object:children-changed:remove due to multiple instances in short time

08:55:41.669555 - EVENT MANAGER: object:children-changed:remove for [filler (0x764982f7a680)]  in org.gnome.Terminal (gtk 3.24.52) (0, 0, [button: 'Zoom In' (0x764982f7a580)])
08:55:41.669589 - FOCUS MANAGER: Locus of focus is [DEAD (0x764982f19240)] 
08:55:41.669759 - EVENT_MANAGER: Ignoring object:children-changed:remove due to multiple instances in short time

08:55:41.670169 - EVENT MANAGER: object:children-changed:remove for [filler (0x764982f7a640)]  in org.gnome.Terminal (gtk 3.24.52) (0, 0, [filler (0x764982f7a580)])
08:55:41.670197 - FOCUS MANAGER: Locus of focus is [DEAD (0x764982f19240)] 
08:55:41.670362 - EVENT_MANAGER: Ignoring object:children-changed:remove due to multiple instances in short time

08:55:41.670726 - EVENT MANAGER: object:children-changed:remove for [filler (0x764982f7a6c0)]  in org.gnome.Terminal (gtk 3.24.52) (0, 0, [filler (0x764982f7a580)])
08:55:41.670746 - FOCUS MANAGER: Locus of focus is [DEAD (0x764982f19240)] 
08:55:41.670897 - EVENT_MANAGER: Ignoring object:children-changed:remove due to multiple instances in short time

08:55:41.671237 - EVENT MANAGER: object:children-changed:remove for [filler (0x764982f7a980)]  in org.gnome.Terminal (gtk 3.24.52) (0, 0, [button: 'New Window' (0x764982f7a880)])
08:55:41.671254 - FOCUS MANAGER: Locus of focus is [DEAD (0x764982f19240)] 
08:55:41.671396 - EVENT_MANAGER: Ignoring object:children-changed:remove due to multiple instances in short time

08:55:41.671735 - EVENT MANAGER: object:children-changed:remove for [filler (0x764982f12940)]  in org.gnome.Terminal (gtk 3.24.52) (0, 0, [button: 'Full Screen' (0x764982f7a940)])
08:55:41.671751 - FOCUS MANAGER: Locus of focus is [DEAD (0x764982f19240)] 
08:55:41.671895 - EVENT_MANAGER: Ignoring object:children-changed:remove due to multiple instances in short time

08:55:41.672252 - EVENT MANAGER: object:children-changed:remove for [filler (0x764982f7a940)]  in org.gnome.Terminal (gtk 3.24.52) (0, 0, [filler (0x764982f7a940)])
08:55:41.672265 - FOCUS MANAGER: Locus of focus is [DEAD (0x764982f19240)] 
08:55:41.672405 - EVENT_MANAGER: Ignoring object:children-changed:remove due to multiple instances in short time

08:55:41.672735 - EVENT MANAGER: object:children-changed:remove for [filler (0x764982f7a580)]  in org.gnome.Terminal (gtk 3.24.52) (0, 0, [separator (0x764982f7aac0)])
08:55:41.672749 - FOCUS MANAGER: Locus of focus is [DEAD (0x764982f19240)] 
08:55:41.672889 - EVENT_MANAGER: Ignoring object:children-changed:remove due to multiple instances in short time

08:55:41.673380 - EVENT MANAGER: object:children-changed:remove for [filler (0x76499819a940)]  in org.gnome.Terminal (gtk 3.24.52) (0, 0, [filler (0x764982f7a940)])
08:55:41.673422 - FOCUS MANAGER: Locus of focus is [DEAD (0x764982f19240)] 
08:55:41.673594 - EVENT_MANAGER: Ignoring object:children-changed:remove due to multiple instances in short time

08:55:41.673965 - EVENT MANAGER: object:children-changed:remove for [filler (0x76499819a940)]  in org.gnome.Terminal (gtk 3.24.52) (0, 0, [check box: 'Read-Only' (0x764982f7a940)])
08:55:41.673984 - FOCUS MANAGER: Locus of focus is [DEAD (0x764982f19240)] 
08:55:41.674130 - EVENT_MANAGER: Ignoring object:children-changed:remove due to multiple instances in short time

08:55:41.674480 - EVENT MANAGER: object:children-changed:remove for [filler (0x764982f7a580)]  in org.gnome.Terminal (gtk 3.24.52) (0, 0, [filler (0x764982f7ab40)])
08:55:41.674494 - FOCUS MANAGER: Locus of focus is [DEAD (0x764982f19240)] 
08:55:41.674632 - EVENT_MANAGER: Ignoring object:children-changed:remove due to multiple instances in short time

08:55:41.674960 - EVENT MANAGER: object:children-changed:remove for [filler (0x764982f7a580)]  in org.gnome.Terminal (gtk 3.24.52) (0, 0, [filler (0x764982f7a580)])
08:55:41.674974 - FOCUS MANAGER: Locus of focus is [DEAD (0x764982f19240)] 
08:55:41.675121 - EVENT_MANAGER: Ignoring object:children-changed:remove due to multiple instances in short time

08:55:41.675467 - EVENT MANAGER: object:children-changed:remove for [filler (0x764982f7acc0)]  in org.gnome.Terminal (gtk 3.24.52) (0, 0, [button: 'Advanced' (0x764982f7abc0)])
08:55:41.675480 - FOCUS MANAGER: Locus of focus is [DEAD (0x764982f19240)] 
08:55:41.675621 - EVENT_MANAGER: Ignoring object:children-changed:remove due to multiple instances in short time

08:55:41.675982 - EVENT MANAGER: object:children-changed:remove for [filler (0x764982f7ac40)]  in org.gnome.Terminal (gtk 3.24.52) (0, 0, [filler (0x764982f7ac40)])
08:55:41.675997 - FOCUS MANAGER: Locus of focus is [DEAD (0x764982f19240)] 
08:55:41.676134 - EVENT_MANAGER: Ignoring object:children-changed:remove due to multiple instances in short time

08:55:41.676460 - EVENT MANAGER: object:children-changed:remove for [filler (0x764982f7ad80)]  in org.gnome.Terminal (gtk 3.24.52) (0, 0, [separator (0x764982f7ad80)])
08:55:41.676474 - FOCUS MANAGER: Locus of focus is [DEAD (0x764982f19240)] 
08:55:41.676610 - EVENT_MANAGER: Ignoring object:children-changed:remove due to multiple instances in short time

08:55:41.676960 - EVENT MANAGER: object:children-changed:remove for [filler (0x76499826adc0)]  in org.gnome.Terminal (gtk 3.24.52) (0, 0, [filler (0x764982f7adc0)])
08:55:41.676973 - FOCUS MANAGER: Locus of focus is [DEAD (0x764982f19240)] 
08:55:41.677116 - EVENT_MANAGER: Ignoring object:children-changed:remove due to multiple instances in short time

08:55:41.677434 - EVENT MANAGER: object:children-changed:remove for [filler (0x764982f7af00)]  in org.gnome.Terminal (gtk 3.24.52) (0, 0, [button: 'Preferences' (0x764982f7ae00)])
08:55:41.677447 - FOCUS MANAGER: Locus of focus is [DEAD (0x764982f19240)] 
08:55:41.677583 - EVENT_MANAGER: Ignoring object:children-changed:remove due to multiple instances in short time

08:55:41.677907 - EVENT MANAGER: object:children-changed:remove for [filler (0x764982f7ae00)]  in org.gnome.Terminal (gtk 3.24.52) (0, 0, [button: 'Help' (0x764982f7ae00)])
08:55:41.677921 - FOCUS MANAGER: Locus of focus is [DEAD (0x764982f19240)] 
08:55:41.678063 - EVENT_MANAGER: Ignoring object:children-changed:remove due to multiple instances in short time

08:55:41.678391 - EVENT MANAGER: object:children-changed:remove for [filler (0x764982f7af40)]  in org.gnome.Terminal (gtk 3.24.52) (0, 0, [button: 'About' (0x764982f7ae00)])
08:55:41.678405 - FOCUS MANAGER: Locus of focus is [DEAD (0x764982f19240)] 
08:55:41.678542 - EVENT_MANAGER: Ignoring object:children-changed:remove due to multiple instances in short time

08:55:41.678905 - EVENT MANAGER: object:children-changed:remove for [panel (0x76499822af40)]  in org.gnome.Terminal (gtk 3.24.52) (0, 0, [toggle button: 'Menu' (0x764982f7af40)])
08:55:41.678919 - FOCUS MANAGER: Locus of focus is [DEAD (0x764982f19240)] 
08:55:41.679060 - EVENT_MANAGER: Ignoring object:children-changed:remove due to multiple instances in short time

08:55:41.684099 - EVENT MANAGER: object:children-changed:remove for [panel (0x76499819ad80)]  in org.gnome.Terminal (gtk 3.24.52) (0, 0, [button: 'Find' (0x764982f7ad80)])
08:55:41.684155 - FOCUS MANAGER: Locus of focus is [DEAD (0x764982f19240)] 
08:55:41.684234 - EVENT_MANAGER: Ignoring object:children-changed:remove due to multiple instances in short time

08:55:41.684310 - EVENT MANAGER: object:children-changed:remove for [panel (0x764982f7af40)]  in org.gnome.Terminal (gtk 3.24.52) (0, 0, [filler (0x76499817fe80)])
08:55:41.684324 - FOCUS MANAGER: Locus of focus is [DEAD (0x764982f19240)] 
08:55:41.684368 - EVENT_MANAGER: Ignoring object:children-changed:remove due to multiple instances in short time

08:55:41.684405 - EVENT MANAGER: object:children-changed:remove for [filler (0x764982f12fc0)]  in org.gnome.Terminal (gtk 3.24.52) (0, 0, [terminal: 'Terminal' (0x76499816c740)])
08:55:41.684418 - FOCUS MANAGER: Locus of focus is [DEAD (0x764982f19240)] 
08:55:41.684458 - EVENT_MANAGER: Ignoring object:children-changed:remove due to multiple instances in short time

08:55:41.684503 - EVENT MANAGER: object:children-changed:remove for [filler (0x764982f7b000)]  in org.gnome.Terminal (gtk 3.24.52) (0, 0, [filler (0x76499824d540)])
08:55:41.684515 - FOCUS MANAGER: Locus of focus is [DEAD (0x764982f19240)] 
08:55:41.684554 - EVENT_MANAGER: Ignoring object:children-changed:remove due to multiple instances in short time

08:55:41.684588 - EVENT MANAGER: object:children-changed:remove for [filler (0x764982f7af40)]  in org.gnome.Terminal (gtk 3.24.52) (0, 0, [scroll bar (0x76499817fe80)])
08:55:41.684599 - FOCUS MANAGER: Locus of focus is [DEAD (0x764982f19240)] 
08:55:41.684640 - EVENT_MANAGER: Ignoring object:children-changed:remove due to multiple instances in short time
08:55:41.684686 - AXObject: Exception in get_role_name: app no longer exists
08:55:41.684706 - EVENT MANAGER: Dequeueing object:state-changed:active for [DEAD (0x764982f19240)]  in  (None None) (1, 0, 0)
08:55:41.684741 - EVENT MANAGER: Dequeued object:state-changed:active for [DEAD (0x764982f19240)]  in  (None None) (1, 0, 0) priority: 2, counter: 82

vvvvv START PRIORITY-2 OBJECT EVENT OBJECT:STATE-CHANGED:ACTIVE (queue size: 66) vvvvv
08:55:41.685405 - EVENT MANAGER: Ignoring defunct object: [DEAD (0x764982f19240)] 
TOTAL PROCESSING TIME: 0.0007
^^^^^ FINISHED PRIORITY-2 OBJECT EVENT OBJECT:STATE-CHANGED:ACTIVE ^^^^^

08:55:41.685434 - WARNING: Braille initialization failed: BrlAPI connection unavailable.
08:55:41.685448 - BRAILLE: Scheduling BrlAPI retry in 2000 ms.
08:55:41.685597 - EVENT MANAGER: Dequeueing window:deactivate for [DEAD (0x764998b08300)]  in  (None None) (0, 0, Terminal)
08:55:41.685629 - EVENT MANAGER: Dequeued window:deactivate for [DEAD (0x764998b08300)]  in  (None None) (0, 0, Terminal) priority: 2, counter: 98

vvvvv START PRIORITY-2 OBJECT EVENT WINDOW:DEACTIVATE (queue size: 65) vvvvv
08:55:41.686241 - EVENT MANAGER: Ignoring defunct object: [DEAD (0x764998b08300)] 
08:55:41.686255 - FOCUS MANAGER: Active window is [DEAD (0x764998b08300)]  event_manager._dequeue_object_event:666 > event_manager._process_object_event:942 > event_manager._handle_early_event_processing:909 > focus_manager.get_active_window:342
08:55:41.686596 - FOCUS MANAGER: Clearing all state: Active window is dead or defunct
08:55:41.686638 - SCRIPT MANAGER: Deactivating accessibility_probe (module=orca.scripts.default) reason: Active window is dead or defunct
08:55:41.686685 - GSETTINGS SCHEMA HANDLE: keybindings/keyboard-layout not set [profile:default]
08:55:41.686691 - GSETTINGS REGISTRY: keybindings/keyboard-layout using default value = 'desktop'
08:55:41.686697 - COMMAND MANAGER: Setting keyboard layout is_desktop to True.
08:55:41.686772 - GSETTINGS SCHEMA HANDLE: keybindings/entries no dict values set
08:55:41.686777 - GSETTINGS REGISTRY: keybindings/entries using default value = {}
08:55:41.686781 - COMMAND MANAGER: No user overrides to apply
08:55:41.686824 - GSETTINGS SCHEMA HANDLE: keybindings/keyboard-layout not set [profile:default]
08:55:41.686832 - GSETTINGS REGISTRY: keybindings/keyboard-layout using default value = 'desktop'
08:55:41.686842 - GSETTINGS SCHEMA HANDLE: keybindings/desktop-modifier-keys not set [profile:default]
08:55:41.686847 - GSETTINGS REGISTRY: keybindings/desktop-modifier-keys using default value = ['Insert', 'KP_Insert']

vvvvv COMMAND MANAGER: Grab diff: keyboard layout change (old: 77, new: 77) vvvvv
08:55:41.686865 -   No grab changes
^^^^^ COMMAND MANAGER: Diff completed in 0.0000s. Removed 0, added 0, transferred 0 ^^^^^

08:55:41.686875 - COMMAND MANAGER: Keyboard layout set to desktop.
08:55:41.686885 - GSETTINGS SCHEMA HANDLE: keybindings/keyboard-layout not set [profile:default]
08:55:41.686889 - GSETTINGS REGISTRY: keybindings/keyboard-layout using default value = 'desktop'
08:55:41.686895 - GSETTINGS SCHEMA HANDLE: keybindings/desktop-modifier-keys not set [profile:default]
08:55:41.686899 - GSETTINGS REGISTRY: keybindings/desktop-modifier-keys using default value = ['Insert', 'KP_Insert']
TOTAL PROCESSING TIME: 0.0013
^^^^^ FINISHED PRIORITY-2 OBJECT EVENT WINDOW:DEACTIVATE ^^^^^


08:55:41.686996 - AXObject: Exception in get_role_name: app no longer exists
08:55:41.687004 - AXObject: Adding to known dead objects ax_utilities_debugging._accessible_as_string:62 > ax_object.get_role_name:661 > ax_object.handle_error:193 > ax_object._set_known_dead_status:170
08:55:41.687292 - EVENT MANAGER: object:children-changed:remove for [desktop frame: 'main' (0x764982f7a700)]  in  (2, 0, [DEAD (0x76499825b340)])
08:55:41.687312 - FOCUS MANAGER: Locus of focus is None
08:55:41.687395 - EVENT MANAGER: Queueing object:children-changed:remove for [desktop frame: 'main' (0x764982f13900)]  in  (2, 0, [DEAD (0x76499825b340)])
08:55:41.687411 - EVENT MANAGER: App for event source is None
08:55:41.687429 - SCRIPT MANAGER: Getting script for None [desktop frame: 'main' (0x764998bcba40)] 
08:55:41.687504 - SCRIPT MANAGER: Script is app script default (module=orca.scripts.default)
08:55:41.687538 - EVENT MANAGER: object:children-changed:remove for [desktop frame: 'main' (0x764982f7b900)]  in  (2, 0, [DEAD (0x76499825b340)]) has priority level: 6
08:55:41.687569 - EVENT MANAGER: Queued object:children-changed:remove for [desktop frame: 'main' (0x764982f7b500)]  in  (2, 0, [DEAD (0x76499825b340)]) priority: 6, counter: 102
08:55:41.687579 - ORCA: GLib handler received shutdown signal
08:55:41.687584 - ORCA: Shutting down
08:55:41.687602 - PRESENTATION MANAGER: Interrupting presentation
08:55:41.687634 - SPEECH MANAGER: interrupt_speech. Script: None Event: None notify_user: False
08:55:41.687878 - SPEECH MANAGER: Speech server is <orca.speechdispatcherfactory.SpeechServer object at 0x764998af96a0>
08:55:41.687943 - BRAILLE: Kill flash message orca.shutdown:118 > presentation_manager.interrupt_presentation:88 > braille_presenter.kill_flash:1829 > braille.kill_flash:2182
08:55:41.688202 - GSETTINGS SCHEMA HANDLE: speech/enable not set [profile:default]
08:55:41.688210 - GSETTINGS REGISTRY: speech/enable using default value = True
08:55:41.688223 - GSETTINGS SCHEMA HANDLE: speech/messages-are-detailed not set [profile:default]
08:55:41.688227 - GSETTINGS REGISTRY: speech/messages-are-detailed using default value = True
08:55:41.688236 - GSETTINGS SCHEMA HANDLE: speech/only-speak-displayed-text not set [profile:default]
08:55:41.688239 - GSETTINGS REGISTRY: speech/only-speak-displayed-text using default value = False
08:55:41.688251 - GSETTINGS SCHEMA HANDLE: voice/established not set [profile:default]
08:55:41.688260 - GSETTINGS SCHEMA HANDLE: voice/rate not set [profile:default]
08:55:41.688268 - GSETTINGS SCHEMA HANDLE: voice/pitch not set [profile:default]
08:55:41.688276 - GSETTINGS SCHEMA HANDLE: voice/volume not set [profile:default]
08:55:41.688285 - GSETTINGS SCHEMA HANDLE: voice/family-name not set [profile:default]
08:55:41.688292 - GSETTINGS SCHEMA HANDLE: voice/family-lang not set [profile:default]
08:55:41.688299 - GSETTINGS SCHEMA HANDLE: voice/family-dialect not set [profile:default]
08:55:41.688306 - GSETTINGS SCHEMA HANDLE: voice/family-gender not set [profile:default]
08:55:41.688314 - GSETTINGS SCHEMA HANDLE: voice/family-variant not set [profile:default]
08:55:41.688355 - GSETTINGS SCHEMA HANDLE: speech/punctuation-level not set [profile:default]
08:55:41.688360 - GSETTINGS REGISTRY: speech/punctuation-level using default value = 'most'
08:55:41.688421 - SPEECH PRESENTER: Adjusting 'Screen reader off.' from None start_offset: None
08:55:41.688432 - GSETTINGS SCHEMA HANDLE: speech/repeated-character-limit not set [profile:default]
08:55:41.688436 - GSETTINGS REGISTRY: speech/repeated-character-limit using default value = 4
08:55:41.688451 - GSETTINGS SCHEMA HANDLE: speech/use-pronunciation-dictionary not set [profile:default]
08:55:41.688454 - GSETTINGS REGISTRY: speech/use-pronunciation-dictionary using default value = True
08:55:41.688469 - GSETTINGS SCHEMA HANDLE: pronunciations/entries no dict values set
08:55:41.688473 - GSETTINGS REGISTRY: pronunciations/entries using default value = {}
08:55:41.688478 - SPEECH PRESENTER: Adjusted text: 'Screen reader off.'
08:55:41.688483 - SPEECH: Speak 'Screen reader off.' acss: {'established': False}
08:55:41.688488 - SPEECH OUTPUT: 'Screen reader off.' {'established': False}
08:55:41.688492 - SPEECH DISPATCHER: Speaking 'Screen reader off.' as string
08:55:41.688689 - SPEECH DISPATCHER: Speaking '<speak><mark name="0:6"/>Screen <mark name="7:13"/>reader <mark name="14:18"/>off.</speak>' 
                  ORCA rate 50.0, pitch 5.0, volume 10.0, language C, punctuation: SOME
                  SD rate 2, pitch 10, volume 100, language c
08:55:41.689116 - SPEECH MANAGER: Speech server is <orca.speechdispatcherfactory.SpeechServer object at 0x764998af96a0>
08:55:41.689138 - GSETTINGS SCHEMA HANDLE: speech/capitalization-style not set [profile:default]
08:55:41.689143 - GSETTINGS REGISTRY: speech/capitalization-style using default value = 'none'
08:55:41.689370 - SPEECH MANAGER: Speech server is <orca.speechdispatcherfactory.SpeechServer object at 0x764998af96a0>
08:55:41.689384 - GSETTINGS SCHEMA HANDLE: speech/punctuation-level not set [profile:default]
08:55:41.689388 - GSETTINGS REGISTRY: speech/punctuation-level using default value = 'most'
08:55:41.689509 - GSETTINGS SCHEMA HANDLE: braille/enabled not set [profile:default]
08:55:41.689514 - GSETTINGS REGISTRY: braille/enabled using default value = True
08:55:41.689522 - GSETTINGS SCHEMA HANDLE: braille/flash-messages not set [profile:default]
08:55:41.689525 - GSETTINGS REGISTRY: braille/flash-messages using default value = True
08:55:41.689532 - GSETTINGS SCHEMA HANDLE: braille/flash-messages-detailed not set [profile:default]
08:55:41.689535 - GSETTINGS REGISTRY: braille/flash-messages-detailed using default value = True
08:55:41.689542 - GSETTINGS SCHEMA HANDLE: braille/enabled not set [profile:default]
08:55:41.689545 - GSETTINGS REGISTRY: braille/enabled using default value = True
08:55:41.689552 - GSETTINGS SCHEMA HANDLE: braille/flash-messages-persistent not set [profile:default]
08:55:41.689555 - GSETTINGS REGISTRY: braille/flash-messages-persistent using default value = False
08:55:41.689562 - GSETTINGS SCHEMA HANDLE: braille/flash-message-duration not set [profile:default]
08:55:41.689565 - GSETTINGS REGISTRY: braille/flash-message-duration using default value = 5000
08:55:41.689569 - BRAILLE: Display message: 'Screen reader off.' (flash_time: 5000)
08:55:41.689572 - BRAILLE: Initializing flash: Source ID: 0
08:55:41.689588 - BRAILLE: Not contracting 'Screen reader off.' because contracted braille is not enabled.
08:55:41.689610 - BRAILLE: Refresh. Pan: True target: 0
08:55:41.689626 - GSETTINGS SCHEMA HANDLE: braille/enabled not set [profile:default]
08:55:41.689630 - GSETTINGS REGISTRY: braille/enabled using default value = True
08:55:41.689650 - BRAILLE: Last text object: None (Caret: 0, Line: 0, Cell: 0)
08:55:41.689674 - BRAILLE: Current text object: None (Caret: 0, Line: 0). On same line: False
08:55:41.689680 - BRAILLE: Line 0: 'Screen reader off.' focusOffset: 0 [[0, 18]]
08:55:41.689685 - BRAILLE: Current range: (0, 32). Target cell: 0
08:55:41.689692 - BRAILLE LINE:  'Screen reader off.'
08:55:41.689696 -      VISIBLE:  'Screen reader off.', cursor=0
08:55:41.689709 - BRAILLE: Enabling braille. BrlAPI running: False
08:55:41.689713 - BRAILLE: Need to initialize first.
08:55:41.689727 - BRAILLE: Initializing. Callback: input_event_manager.InputEventManager.process_braille_event
08:55:41.689748 - BRAILLE: WINDOWPATH= None
08:55:41.689761 - BRAILLE: XDG_VTNR= 1
08:55:41.689772 - BRAILLE: Attempting connection with BrlAPI.
08:55:41.689837 - REMOTE CONTROLLER: Attempting to shut down D-Bus service.
08:55:41.689844 - DBUS SERVICE: Releasing D-Bus resources for service.
08:55:41.689851 - DBUS SERVICE: Shutting down and unpublishing module ChatPresenter from main service.
08:55:41.689891 - DBUS SERVICE: Shutting down and unpublishing module ActionPresenter from main service.
08:55:41.689904 - DBUS SERVICE: Shutting down and unpublishing module StructuralNavigator from main service.
08:55:41.689916 - DBUS SERVICE: Shutting down and unpublishing module CaretNavigator from main service.
08:55:41.689926 - DBUS SERVICE: Shutting down and unpublishing module SpellCheckPresenter from main service.
08:55:41.689937 - DBUS SERVICE: Shutting down and unpublishing module DocumentPresenter from main service.
08:55:41.689947 - DBUS SERVICE: Shutting down and unpublishing module TextAttributeManager from main service.
08:55:41.689959 - DBUS SERVICE: Shutting down and unpublishing module SpeechManager from main service.
08:55:41.689969 - DBUS SERVICE: Shutting down and unpublishing module SleepModeManager from main service.
08:55:41.689982 - DBUS SERVICE: Shutting down and unpublishing module SayAllPresenter from main service.
08:55:41.690000 - DBUS SERVICE: Shutting down and unpublishing module TypingEchoPresenter from main service.
08:55:41.690047 - BRAILLE: BrlAPI Connection is unavailable (ConnectionError): couldn't connect to b':0' with key b'keyfile:/etc/brlapi.key+polkit': connect: No such file or directory
                  (brlerrno 11, libcerrno 2, gaierrno 0)
                  Is BRLTTY really running?
08:55:41.690071 - DBUS SERVICE: Shutting down and unpublishing module BraillePresenter from main service.
08:55:41.690110 - DBUS SERVICE: Shutting down and unpublishing module MouseReviewer from main service.
08:55:41.690135 - DBUS SERVICE: Shutting down and unpublishing module FlatReviewPresenter from main service.
08:55:41.690145 - DBUS SERVICE: Shutting down and unpublishing module CommandManager from main service.
08:55:41.690154 - DBUS SERVICE: Shutting down and unpublishing module WhereAmIPresenter from main service.
08:55:41.690162 - DBUS SERVICE: Shutting down and unpublishing module NotificationPresenter from main service.
08:55:41.690171 - DBUS SERVICE: Shutting down and unpublishing module SoundPresenter from main service.
08:55:41.690182 - DBUS SERVICE: Shutting down and unpublishing module ProfileManager from main service.
08:55:41.690190 - DBUS SERVICE: Shutting down and unpublishing module SystemInformationPresenter from main service.
08:55:41.690197 - DBUS SERVICE: Shutting down and unpublishing module ObjectNavigator from main service.
08:55:41.690208 - DBUS SERVICE: Shutting down and unpublishing module SpeechPresenter from main service.
08:55:41.690218 - DBUS SERVICE: Shutting down and unpublishing module TableNavigator from main service.
08:55:41.690230 - DBUS SERVICE: Shutting down and unpublishing module ClipboardPresenter from main service.
08:55:41.690653 - REMOTE CONTROLLER: D-Bus service shut down.
08:55:41.690664 - ORCA MODIFIER MANAGER: Unsetting Orca modifiers: Shutting down.
08:55:41.694583 - ORCA MODIFIER MANAGER: Original xmodmap restored
08:55:41.694692 - EVENT MANAGER: Pause queueing: True. Clear queue: True. Shutting down.
08:55:41.694755 - INPUT EVENT MANAGER: Pause queueing: True. Shutting down.
08:55:41.694764 - SCRIPT MANAGER: Deactivating <unknown>.<module>:373 > orca._glib_shutdown_handler:182 > orca.shutdown:129 > script_manager.deactivate:70
08:55:41.695046 - EVENT MANAGER: De-registering listeners for: default (module=orca.scripts.default)
08:55:41.695058 - EVENT MANAGER: deregistering listener for: document:attributes-changed
08:55:41.695244 - EVENT MANAGER: deregistering listener for: document:load-complete
08:55:41.695294 - EVENT MANAGER: deregistering listener for: document:load-stopped
08:55:41.695341 - EVENT MANAGER: deregistering listener for: document:page-changed
08:55:41.695384 - EVENT MANAGER: deregistering listener for: document:reload
08:55:41.695426 - EVENT MANAGER: deregistering listener for: mouse:button
08:55:41.695472 - EVENT MANAGER: deregistering listener for: object:active-descendant-changed
08:55:41.695520 - EVENT MANAGER: deregistering listener for: object:announcement
08:55:41.695561 - EVENT MANAGER: deregistering listener for: object:attributes-changed
08:55:41.695603 - EVENT MANAGER: deregistering listener for: object:children-changed:add
08:55:41.695658 - EVENT MANAGER: deregistering listener for: object:children-changed:remove
08:55:41.695706 - EVENT MANAGER: deregistering listener for: object:column-reordered
08:55:41.695750 - EVENT MANAGER: deregistering listener for: object:property-change:accessible-description
08:55:41.695797 - EVENT MANAGER: deregistering listener for: object:property-change:accessible-name
08:55:41.695847 - EVENT MANAGER: deregistering listener for: object:property-change:accessible-value
08:55:41.695892 - EVENT MANAGER: deregistering listener for: object:row-reordered
08:55:41.695933 - EVENT MANAGER: deregistering listener for: object:selection-changed
08:55:41.695973 - EVENT MANAGER: deregistering listener for: object:state-changed:active
08:55:41.696027 - EVENT MANAGER: deregistering listener for: object:state-changed:busy
08:55:41.696081 - EVENT MANAGER: deregistering listener for: object:state-changed:checked
08:55:41.696130 - EVENT MANAGER: deregistering listener for: object:state-changed:expanded
08:55:41.696177 - EVENT MANAGER: deregistering listener for: object:state-changed:focused
08:55:41.696227 - EVENT MANAGER: deregistering listener for: object:state-changed:indeterminate
08:55:41.696279 - EVENT MANAGER: deregistering listener for: object:state-changed:invalid-entry
08:55:41.696331 - EVENT MANAGER: deregistering listener for: object:state-changed:pressed
08:55:41.696375 - EVENT MANAGER: deregistering listener for: object:state-changed:selected
08:55:41.696420 - EVENT MANAGER: deregistering listener for: object:state-changed:sensitive
08:55:41.696463 - EVENT MANAGER: deregistering listener for: object:state-changed:showing
08:55:41.696506 - EVENT MANAGER: deregistering listener for: object:text-attributes-changed
08:55:41.696546 - EVENT MANAGER: deregistering listener for: object:text-caret-moved
08:55:41.696585 - EVENT MANAGER: deregistering listener for: object:text-changed:delete
08:55:41.696628 - EVENT MANAGER: deregistering listener for: object:text-changed:insert
08:55:41.696671 - EVENT MANAGER: deregistering listener for: object:text-selection-changed
08:55:41.696710 - EVENT MANAGER: deregistering listener for: object:value-changed
08:55:41.696749 - EVENT MANAGER: deregistering listener for: window:activate
08:55:41.696787 - EVENT MANAGER: deregistering listener for: window:create
08:55:41.696825 - EVENT MANAGER: deregistering listener for: window:deactivate
08:55:41.696864 - EVENT MANAGER: deregistering listener for: window:destroy
08:55:41.696906 - SCRIPT MANAGER: Deactivated
08:55:41.696911 - EVENT MANAGER: Deactivating <unknown>.<module>:373 > orca._glib_shutdown_handler:182 > orca.shutdown:130 > event_manager.deactivate:98
08:55:41.697135 - INPUT EVENT MANAGER: Stopping key watcher.
08:55:41.697167 - EVENT MANAGER: Deactivated
08:55:41.697174 - CLIPBOARD PRESENTER: Deactivating
08:55:41.697246 - CLIPBOARD PRESENTER: Deactivated
08:55:41.697257 - PRESENTATION MANAGER: Shutting down presenters
08:55:41.697558 - SPEECH MANAGER: shutdown_speech. Script: None Event: None notify_user: False
08:55:41.697758 - SPEECH MANAGER: Speech server is <orca.speechdispatcherfactory.SpeechServer object at 0x764998af96a0>
08:55:41.709699 - BRAILLE: Attempting braille shutdown.
08:55:41.709806 - BRAILLE: Braille was not running.
08:55:41.709822 - ORCA: Quitting Atspi main event loop
08:55:41.709849 - ORCA: Shutdown complete
